gait,gait_id,grid_mode,frequency_residual,frequency,duration_residual,duration,footswing_height_residual,footswing_height,stance_width_residual,stance_width,body_pitch_residual,body_pitch,task_id,condition,cmd_vx,target_gait,samples,reward_mean,weighted_metric_reward_mean,measured_vx_mean,vx_abs_error_mean,vy_abs_mean,yaw_abs_mean,lateral_offset_abs_mean,lateral_vel_abs_mean,lateral_vel_sq_mean,base_z_vel_abs_mean,base_z_vel_sq_mean,roll_rate_abs_mean,roll_rate_sq_mean,pitch_rate_abs_mean,pitch_rate_sq_mean,yaw_rate_abs_mean,yaw_rate_sq_mean,gravity_x_sq_mean,gravity_y_sq_mean,torque_penalty_mean,slip_penalty_mean,mechanical_power_abs_mean,positive_mechanical_power_mean,contact_force_mean_mean,stance_contact_force_mean_mean,peak_contact_force_mean,swing_foot_clearance_mean_mean,scuffing_ratio_mean,foot_impact_vel_sum_mean,foot_impact_vel_sq_sum_mean,foot_impact_count_mean,forward_distance_mean,target_forward_distance_mean,actual_frequency_mean,actual_duration_mean,actual_footswing_height_mean,actual_stance_width_mean,actual_body_pitch_mean,score_progress,score_yaw_tracking,score_orientation,score_pitch_rate,score_roll_rate,score_yaw_rate,score_lateral_drift,score_vertical_bounce,score_slip,score_energy,score_clearance,score_gait_stability,score_action_smoothness,score_action_magnitude,score_action_boundary_margin,score_survival,done_rate,edge_reset_rate,fall_rate,foot_impact_rate,foot_impact_vel_mean,foot_impact_vel_rms,lateral_vel_rms,base_z_vel_rms,roll_rate_rms,pitch_rate_rms,yaw_rate_rms,orientation_rms,forward_distance_ratio,progress_deficit,transport_cost_proxy,progress_score,yaw_score,orientation_score,lateral_score,slip_score,energy_score,impact_score,scuffing_score,smoothness_score,survival_score,neutral_score,pareto_objectives
pronking,0,action_space,-1.0,2.5999999046325684,0.0,0.5,-1.0,0.04999999701976776,1.0,0.3700000047683716,-1.0,-0.03999999910593033,ramp_up_trot_robustness,ramp_up,1.5,trotting,1000,0.6990683078765869,0.6990683078765869,1.2412478923797607,0.3049575686454773,0.10382962971925735,0.2175535261631012,1.4803178310394287,0.10382962971925735,0.025966133922338486,0.5524966716766357,0.4745768904685974,0.5976420640945435,0.9178295135498047,0.5920138359069824,0.8799059391021729,0.2175535261631012,0.12128963321447372,0.014528430067002773,0.005376254208385944,0.420410692691803,0.02825559303164482,217.39083862304688,142.22312927246094,34.086997985839844,40.328285217285156,368.7893981933594,0.05497225373983383,0.06800000369548798,0.6718584299087524,2.344442844390869,0.9960000514984131,0.02482496201992035,0.029999924823641777,2.6143929958343506,0.5,0.05107995122671127,0.36855971813201904,-0.03856002911925316,0.7528576850891113,0.6856398582458496,0.7456120252609253,0.513364315032959,0.49704480171203613,0.8147463798522949,0.34407898783683777,0.2036626636981964,0.7992238998413086,0.5487036108970642,0.1384999006986618,0.9792481660842896,0.9599826335906982,0.06457623839378357,0.1502305269241333,1.0,0.024000000208616257,0.007000000216066837,0.017000000923871994,0.996,0.674556624937249,1.5342288157865775,0.16114010649847071,0.6888954133020465,0.9580341922654977,0.93803301599793,0.34826661225916233,0.14108396179363805,0.12412481009960175,0.02587481401860714,175.13893877093165,0.6893566846847534,0.62294602394104,0.6715990900993347,0.1353839486837387,0.5682965517044067,0.4313560724258423,0.5551791191101074,0.7117702960968018,0.9599826335906982,0.982999999076128,0.7149404686612961,"progress_score,survival_score,orientation_score,slip_score,energy_score,impact_score"
pronking,0,action_space,-1.0,2.5999999046325684,0.0,0.5,-1.0,0.04999999701976776,1.0,0.3700000047683716,0.0,0.0,ramp_up_trot_robustness,ramp_up,1.5,trotting,1000,0.7129567861557007,0.7129567861557007,1.2302260398864746,0.3106895685195923,0.11033594608306885,0.22379730641841888,1.425339698791504,0.11033594608306885,0.02989855408668518,0.559406042098999,0.5022326111793518,0.6307424306869507,0.973556637763977,0.5645779371261597,0.8165926933288574,0.22379730641841888,0.13111987709999084,0.009185915812849998,0.004883003421127796,0.4325295090675354,0.022637540474534035,219.54281616210938,146.7313690185547,34.313270568847656,40.65226745605469,222.7418212890625,0.054490864276885986,0.07133333384990692,0.6377825140953064,2.1188666820526123,0.996999979019165,0.02460450679063797,0.029999924823641777,2.614499568939209,0.5,0.05108794942498207,0.3685489296913147,0.0,0.7523422241210938,0.6741149425506592,0.8037530183792114,0.5287928581237793,0.4862426221370697,0.803041934967041,0.35721391439437866,0.20448927581310272,0.7936261296272278,0.5469051599502563,0.13860002160072327,0.9783835411071777,0.9625931978225708,0.11937125027179718,0.1991683542728424,0.9998000264167786,0.02500000037252903,0.007000000216066837,0.018000001087784767,0.997,0.6397015754294132,1.4578210389560833,0.17291198364105706,0.7086837173093169,0.9866897373358948,0.9036551849731497,0.36210478745798275,0.1186124750352078,0.12302253395318985,0.026977090165019035,178.45729893863148,0.6796943545341492,0.6060138940811157,0.7547426819801331,0.13221701979637146,0.6358765959739685,0.42102670669555664,0.5878340601921082,0.7000057697296143,0.9625931978225708,0.9819999989122152,0.7364413179457188,"progress_score,survival_score,orientation_score,slip_score,energy_score,impact_score"
pronking,0,action_space,-1.0,2.5999999046325684,0.0,0.5,0.0,0.07999999821186066,1.0,0.3700000047683716,-1.0,-0.03999999910593033,ramp_up_trot_robustness,ramp_up,1.5,trotting,1000,0.7130277156829834,0.7130277156829834,1.2388554811477661,0.3076360821723938,0.11224572360515594,0.22613176703453064,1.3050520420074463,0.11224572360515594,0.027819208800792694,0.5520117282867432,0.4931986927986145,0.5853502750396729,0.7626741528511047,0.6214182376861572,1.1131250858306885,0.22613176703453064,0.11584614217281342,0.01300060749053955,0.004758202470839024,0.4356450140476227,0.018634285777807236,232.39859008789062,158.21160888671875,33.71465301513672,41.19508743286133,583.6480102539062,0.05739310383796692,0.06916667520999908,0.6372345685958862,2.2838802337646484,0.9940000176429749,0.024777118116617203,0.029999924823641777,2.6149935722351074,0.5,0.08000031858682632,0.3684996962547302,-0.038500018417835236,0.7444827556610107,0.6732587218284607,0.7681812047958374,0.502063512802124,0.4962179660797119,0.8025915622711182,0.38212358951568604,0.20867985486984253,0.8039736151695251,0.5376113653182983,0.5,0.9783835411071777,0.9619923830032349,0.12012556195259094,0.20467588305473328,1.0,0.02500000037252903,0.004000000189989805,0.021000001579523087,0.994,0.6410809829681212,1.515805518300289,0.16679091342394134,0.7022810639612993,0.873312173767837,1.055047432976683,0.3403617813045604,0.13326218503903714,0.12388559058308601,0.02611403353512287,187.59136446858162,0.6848469972610474,0.5996820330619812,0.7010499238967896,0.15544921159744263,0.6888816952705383,0.4184114336967468,0.5630332827568054,0.7076303958892822,0.9619923830032349,0.9789999984204769,0.7321171399492485,"progress_score,survival_score,orientation_score,slip_score,energy_score,impact_score"
pronking,0,action_space,0.0,3.0,0.0,0.5,-1.0,0.04999999701976776,-1.0,0.2900000214576721,0.0,0.0,ramp_up_trot_robustness,ramp_up,1.5,trotting,1000,0.7476081848144531,0.7476081848144531,1.2608717679977417,0.256542444229126,0.09940482676029205,0.1813100427389145,1.1974153518676758,0.09940482676029205,0.02734293043613434,0.5107467770576477,0.4390968680381775,0.641518771648407,1.0532395839691162,0.48637062311172485,0.5743937492370605,0.1813100427389145,0.07617209851741791,0.009122734889388084,0.0037483724299818277,0.3898047208786011,0.019797557964920998,212.71084594726562,142.89862060546875,33.93431854248047,37.76634979248047,561.5532836914062,0.05366851016879082,0.06083333492279053,0.7926418781280518,2.7473983764648438,1.1449999809265137,0.025217443704605103,0.029999924823641777,3.000000238418579,0.5,0.051119133830070496,0.2914921045303345,0.0,0.7975558042526245,0.7365448474884033,0.826309323310852,0.5521831512451172,0.4732944965362549,0.8510901927947998,0.4170427918434143,0.23337236046791077,0.802048921585083,0.5680683255195618,0.13898952305316925,0.9783835411071777,0.9660349488258362,0.23400703072547913,0.30723345279693604,1.0,0.02500000037252903,0.009000000543892384,0.01600000075995922,1.145,0.6922636207014192,1.5490237628596697,0.165356978794771,0.6626438470537378,1.0262746143060912,0.757887689065511,0.2759929320062706,0.11345090268204089,0.1260872185230255,0.023912405595183372,168.70141067957246,0.7685450315475464,0.7198349237442017,0.7730417847633362,0.17477184534072876,0.6730395555496216,0.45858508348464966,0.5488837361335754,0.7377378940582275,0.9660349488258362,0.9839999992400408,0.772555321932603,"progress_score,survival_score,orientation_score,slip_score,energy_score,impact_score"
pronking,0,action_space,0.0,3.0,0.0,0.5,-1.0,0.04999999701976776,1.0,0.3700000047683716,-1.0,-0.03999999910593033,ramp_up_trot_robustness,ramp_up,1.5,trotting,1000,0.717301607131958,0.717301607131958,1.2499213218688965,0.2873513996601105,0.09790632873773575,0.21053627133369446,1.4180444478988647,0.09790632873773575,0.02647697553038597,0.5012047290802002,0.42850616574287415,0.6094843745231628,1.0233412981033325,0.5636739134788513,0.8764398694038391,0.21053627133369446,0.11410592496395111,0.012376867234706879,0.004015217535197735,0.4138564169406891,0.02881723642349243,225.11544799804688,154.44647216796875,34.38663864135742,41.29827117919922,294.92437744140625,0.054670561105012894,0.06308334320783615,0.6838696599006653,2.250641345977783,1.130000114440918,0.024998411536216736,0.029999924823641777,3.000000238418579,0.5,0.051079969853162766,0.3685596287250519,-0.03856000304222107,0.7795698642730713,0.68714839220047,0.783972978591919,0.5330121517181396,0.5085045099258423,0.8191457986831665,0.36992597579956055,0.24080801010131836,0.8019471168518066,0.5530306100845337,0.13850006461143494,0.9792481660842896,0.963512659072876,0.11894941329956055,0.2001187801361084,1.0,0.02500000037252903,0.004999999888241291,0.020000001415610313,1.13,0.605194361863938,1.4112824010160363,0.16271747149702753,0.6546038235015696,1.0116033304133258,0.9361836728996288,0.33779568523584064,0.1280315772374324,0.12499205768108368,0.025007566437125206,180.10369457611276,0.7187200784683228,0.6419433355331421,0.7204770445823669,0.14261823892593384,0.5619487166404724,0.4370477497577667,0.6077877879142761,0.7294847965240479,0.963512659072876,0.9799999985843897,0.7342002920042245,"progress_score,survival_score,orientation_score,slip_score,energy_score,impact_score"
pronking,0,action_space,0.0,3.0,0.0,0.5,-1.0,0.04999999701976776,1.0,0.3700000047683716,0.0,0.0,ramp_up_trot_robustness,ramp_up,1.5,trotting,1000,0.7408409118652344,0.7408409118652344,1.2632967233657837,0.26757320761680603,0.09623140096664429,0.21098126471042633,1.496753454208374,0.09623140096664429,0.025329595431685448,0.5094435811042786,0.443819135427475,0.5541441440582275,0.7870460748672485,0.535140335559845,0.7792542576789856,0.21098126471042633,0.11583177745342255,0.009925276041030884,0.003761513391509652,0.38775044679641724,0.02390814758837223,211.47410583496094,140.82798767089844,33.90966796875,39.04995346069336,627.3880615234375,0.05501199886202812,0.053416669368743896,0.7805510759353638,2.7031049728393555,1.13100004196167,0.025265928357839584,0.029999924823641777,3.000000238418579,0.5,0.051115281879901886,0.3685126304626465,0.0,0.792610764503479,0.6925852298736572,0.8196009397506714,0.5491687655448914,0.5424116849899292,0.8215794563293457,0.3452235460281372,0.23148776590824127,0.8218835592269897,0.5712562799453735,0.13894137740135193,0.9783835411071777,0.9660675525665283,0.23391218483448029,0.30646979808807373,0.9998000264167786,0.02500000037252903,0.006000000052154064,0.01900000125169754,1.131,0.6901423743506853,1.5459666973993451,0.15915274245731817,0.6661975198298737,0.8871561727606073,0.8827537922201103,0.34034067851701555,0.1169905527491025,0.12632964178919792,0.023669982329010963,167.3986023422379,0.7509759068489075,0.6407403945922852,0.7605329751968384,0.134883314371109,0.6199211478233337,0.46047306060791016,0.5501835942268372,0.7656092643737793,0.9660675525665283,0.9809999987483025,0.7554124200191253,"progress_score,survival_score,orientation_score,slip_score,energy_score,impact_score"
pronking,0,action_space,0.0,3.0,0.0,0.5,-1.0,0.04999999701976776,1.0,0.3700000047683716,1.0,0.03999999910593033,ramp_up_trot_robustness,ramp_up,1.5,trotting,1000,0.723475456237793,0.723475456237793,1.2768940925598145,0.2539065182209015,0.10831601917743683,0.22510069608688354,1.5779685974121094,0.10831601917743683,0.03222992271184921,0.4963110685348511,0.41945433616638184,0.6199556589126587,1.075516700744629,0.4704778790473938,0.5353976488113403,0.22510069608688354,0.11953847110271454,0.00726246926933527,0.004081192426383495,0.39934349060058594,0.01863047480583191,212.56271362304688,139.94149780273438,33.82554244995117,38.33064270019531,401.94830322265625,0.0548732727766037,0.052916668355464935,0.8279323577880859,2.926995277404785,1.130000114440918,0.025537874549627304,0.029999924823641777,3.000000238418579,0.5,0.051115237176418304,0.3685126006603241,0.038512978702783585,0.809556245803833,0.666163444519043,0.8551347255706787,0.5617428421974182,0.5013153553009033,0.8062493801116943,0.3117644786834717,0.2321687638759613,0.8169252872467041,0.5659271478652954,0.1389409452676773,0.9783835411071777,0.9620686769485474,0.11996117234230042,0.20284581184387207,0.9998000264167786,0.02500000037252903,0.003000000026077032,0.02200000174343586,1.13,0.7326835159706858,1.609428832117983,0.17952694146519962,0.6476529442273707,1.0370712129572535,0.7317087185563258,0.34574336017155055,0.10650662747321767,0.12768937274813652,0.022310251370072365,166.46855433164254,0.7726925015449524,0.6024785041809082,0.7970218062400818,0.10833065956830978,0.6889342069625854,0.44991934299468994,0.523318350315094,0.7675256729125977,0.9620686769485474,0.9779999982565641,0.7716030855782521,"progress_score,survival_score,orientation_score,slip_score,energy_score,impact_score"
pronking,0,action_space,0.0,3.0,0.0,0.5,0.0,0.07999999821186066,-1.0,0.2900000214576721,-1.0,-0.03999999910593033,ramp_up_trot_robustness,ramp_up,1.5,trotting,1000,0.7368255257606506,0.7368255257606506,1.240751028060913,0.2762373089790344,0.10822877287864685,0.1859118640422821,1.4082448482513428,0.10822877287864685,0.03140252083539963,0.5008471012115479,0.42718201875686646,0.6223471164703369,0.88060462474823,0.5233449339866638,0.747247576713562,0.1859118640422821,0.08512173593044281,0.012703614309430122,0.003552742302417755,0.3815622925758362,0.025543129071593285,218.26785278320312,147.64617919921875,33.57627868652344,38.830474853515625,777.7764282226562,0.05727316811680794,0.05483333766460419,0.7835838794708252,2.8771681785583496,1.1380000114440918,0.024815043434500694,0.029999924823641777,3.000000238418579,0.5,0.08000031858682632,0.2914400100708008,-0.03855999559164047,0.7849060297012329,0.72270667552948,0.7765923738479614,0.5575634241104126,0.4842999577522278,0.8409061431884766,0.34575432538986206,0.23529425263404846,0.8210610747337341,0.5666694641113281,0.5,0.9792482256889343,0.9673757553100586,0.2328498661518097,0.30407172441482544,1.0,0.024000000208616257,0.0060000005178153515,0.018000001087784767,1.138,0.6885622691605339,1.590052548774623,0.1772075642725209,0.6535916299623691,0.9384053627021907,0.8644348308077145,0.29175629544269105,0.1275004180849925,0.12407521717250347,0.025924406945705414,175.9159153180952,0.7369551658630371,0.7077727317810059,0.7224355340003967,0.1305113434791565,0.5999778509140015,0.46620744466781616,0.5314921736717224,0.7602053284645081,0.9673757553100586,0.9819999989122152,0.7445000386199889,"progress_score,survival_score,orientation_score,slip_score,energy_score,impact_score"
pronking,0,action_space,0.0,3.0,0.0,0.5,0.0,0.07999999821186066,-1.0,0.2900000214576721,0.0,0.0,ramp_up_trot_robustness,ramp_up,1.5,trotting,1000,0.7820050716400146,0.7820050716400146,1.242790937423706,0.273358553647995,0.09874757379293442,0.2138766348361969,1.381644606590271,0.09874757379293442,0.025320015847682953,0.5035681128501892,0.43395841121673584,0.6581648588180542,1.0841472148895264,0.5053979158401489,0.72682785987854,0.2138766348361969,0.11657549440860748,0.008005455136299133,0.003655429929494858,0.38908272981643677,0.02379443123936653,221.464599609375,151.31202697753906,33.6061897277832,38.01033020019531,349.195068359375,0.05679229274392128,0.050583336502313614,0.8794859647750854,3.283092975616455,1.133000135421753,0.02485581859946251,0.029999924823641777,3.000000238418579,0.5,0.08000031858682632,0.29148274660110474,0.0,0.7869362235069275,0.6898643970489502,0.8407034873962402,0.5496596693992615,0.48888105154037476,0.8202921748161316,0.37890052795410156,0.2351868599653244,0.8151777982711792,0.5667974948883057,0.5,0.9783835411071777,0.9704620838165283,0.476561963558197,0.5260430574417114,1.0,0.02500000037252903,0.004999999888241291,0.020000001415610313,1.133,0.7762452787986815,1.7022628554836388,0.15912264404440668,0.6587551982464623,1.041223902381004,0.8525419988942129,0.3414315369274014,0.107985578045376,0.12427909299731255,0.02572053112089634,178.1994001891171,0.7416338920593262,0.6329067945480347,0.7919811606407166,0.1513674557209015,0.6213327050209045,0.45924773812294006,0.48460328578948975,0.7765325903892517,0.9704620838165283,0.9799999985843897,0.7539867224792639,"progress_score,survival_score,orientation_score,slip_score,energy_score,impact_score"
pronking,0,action_space,0.0,3.0,0.0,0.5,0.0,0.07999999821186066,0.0,0.33000001311302185,0.0,0.0,ramp_up_trot_robustness,ramp_up,1.5,trotting,1000,0.8588616847991943,0.8588616847991943,1.2869863510131836,0.2443763017654419,0.09549065679311752,0.1841612160205841,1.582655668258667,0.09549065679311752,0.02516477182507515,0.4975620210170746,0.4238377809524536,0.6044028997421265,0.890980064868927,0.5126928091049194,0.7355751991271973,0.1841612160205841,0.08201957494020462,0.008498916402459145,0.004022170323878527,0.40583115816116333,0.01978132501244545,234.02081298828125,158.325927734375,33.74082946777344,39.14530563354492,308.8927917480469,0.05794467031955719,0.053833335638046265,0.8549742698669434,3.2530200481414795,1.1420000791549683,0.025739725679159164,0.029999924823641777,3.000000238418579,0.5,0.08000031858682632,0.33000147342681885,0.0,0.8136649131774902,0.7221039533615112,0.8290140628814697,0.5484346151351929,0.4958610534667969,0.8387191295623779,0.30509626865386963,0.23935024440288544,0.8124721646308899,0.5567288398742676,0.5,0.9783835411071777,0.975293755531311,1.0,1.0,0.9998000264167786,0.02500000037252903,0.003000000026077032,0.02199999988079071,1.142,0.748663960739109,1.6877585472380743,0.15863408153696087,0.6510282489665511,0.943917403626465,0.8576568073111746,0.28639059855415055,0.11189766184481993,0.12869862839579582,0.021300995722413063,181.8362819497252,0.787510097026825,0.7123730778694153,0.7784724235534668,0.12418895214796066,0.6732581257820129,0.4441191852092743,0.4905970096588135,0.7640159130096436,0.975293755531311,0.9780000001192093,0.771746365687786,"progress_score,survival_score,orientation_score,slip_score,energy_score,impact_score"
pronking,0,action_space,0.0,3.0,0.0,0.5,0.0,0.07999999821186066,1.0,0.3700000047683716,-1.0,-0.03999999910593033,ramp_up_trot_robustness,ramp_up,1.5,trotting,1000,0.7399203777313232,0.7399203777313232,1.295233964920044,0.24718472361564636,0.09122468531131744,0.20720884203910828,1.418957233428955,0.09122468531131744,0.021503260359168053,0.5020633935928345,0.44396886229515076,0.6111990213394165,0.8859648108482361,0.555748462677002,0.8607889413833618,0.20720884203910828,0.10698239505290985,0.01163625717163086,0.0036447879392653704,0.41901901364326477,0.019521988928318024,229.9536590576172,158.99295043945312,33.30965042114258,38.321319580078125,428.6259765625,0.05739692598581314,0.0651666671037674,0.7333959937095642,2.61141037940979,1.1330000162124634,0.02590467780828476,0.029999924823641777,3.000000238418579,0.5,0.08000031858682632,0.36844420433044434,-0.038444578647613525,0.811375617980957,0.6978560090065002,0.7901453375816345,0.5372704267501831,0.49238526821136475,0.8236348032951355,0.366700679063797,0.24561390280723572,0.8003572821617126,0.5484945178031921,0.5,0.9775189161300659,0.9646637439727783,0.23535281419754028,0.31198906898498535,0.9998000264167786,0.026000000536441803,0.004999999888241291,0.021000001579523087,1.133,0.6473044978762136,1.5181776355109367,0.14663990029718396,0.6663098845846058,0.9412570376088755,0.927787120725095,0.3270816336221125,0.12361652442491752,0.1295233890414238,0.020476235076785088,177.53831762110443,0.7831733822822571,0.650928795337677,0.7366658449172974,0.15739095211029053,0.6767591834068298,0.4325583577156067,0.5620211362838745,0.7219254970550537,0.9646637439727783,0.9789999984204769,0.765161839624246,"progress_score,survival_score,orientation_score,slip_score,energy_score,impact_score"
pronking,0,action_space,0.0,3.0,0.0,0.5,0.0,0.07999999821186066,1.0,0.3700000047683716,0.0,0.0,ramp_up_trot_robustness,ramp_up,1.5,trotting,1000,0.7785962224006653,0.7785962224006653,1.2674789428710938,0.2631605565547943,0.0910811722278595,0.20950859785079956,1.4861817359924316,0.0910811722278595,0.021959181874990463,0.4946172833442688,0.4180479645729065,0.572472870349884,0.7064396142959595,0.5184507369995117,0.6841140985488892,0.20950859785079956,0.09526769816875458,0.008508944883942604,0.0028747571632266045,0.4110510051250458,0.02473430708050728,224.5790557861328,153.34133911132812,33.59767150878906,38.42945861816406,604.8082885742188,0.057526133954524994,0.05158333480358124,0.7717344760894775,2.8004331588745117,1.1430000066757202,0.0253495741635561,0.029999924823641777,3.000000238418579,0.5,0.08000031858682632,0.368595153093338,0.0,0.7994356155395508,0.6780757904052734,0.8405100107192993,0.5543362498283386,0.5118772983551025,0.8118663430213928,0.3499756455421448,0.2376728653907776,0.8048079013824463,0.5538054704666138,0.5,0.9792482256889343,0.9718066453933716,0.47510820627212524,0.5223524570465088,1.0,0.024000000208616257,0.004000000189989805,0.020000001415610313,1.143,0.6751832870256452,1.5652708098589942,0.14818630798758184,0.6465662878413214,0.840499621829754,0.8271119020718353,0.30865465842710776,0.10669443306550351,0.1267478708177805,0.02325175330042839,177.1856306168024,0.7580439448356628,0.6447204351425171,0.796383798122406,0.14582248032093048,0.6097622513771057,0.4395068287849426,0.5419843196868896,0.7726595997810364,0.9718066453933716,0.9799999985843897,0.7601153645186852,"progress_score,survival_score,orientation_score,slip_score,energy_score,impact_score"
pronking,0,action_space,0.0,3.0,0.0,0.5,1.0,0.10999999940395355,1.0,0.3700000047683716,-1.0,-0.03999999910593033,ramp_up_trot_robustness,ramp_up,1.5,trotting,1000,0.711516261100769,0.711516261100769,1.294640302658081,0.2539379596710205,0.10393619537353516,0.24498963356018066,1.591120719909668,0.10393619537353516,0.027545396238565445,0.5013371109962463,0.44016531109809875,0.6617546081542969,1.0691707134246826,0.5238921046257019,0.6830788850784302,0.24498963356018066,0.17488360404968262,0.011654152534902096,0.004058538936078548,0.4171392321586609,0.019095297902822495,240.21665954589844,164.441162109375,33.77738952636719,38.3494758605957,431.6164245605469,0.06104589253664017,0.06391666829586029,0.8890179991722107,3.3757071495056152,1.125,0.025892790406942368,0.029999924823641777,3.000000238418579,0.5,0.10883589088916779,0.3684471547603607,-0.03844751417636871,0.7969990968704224,0.641260027885437,0.7807409167289734,0.5369039177894592,0.48081451654434204,0.7867872714996338,0.30094441771507263,0.24270334839820862,0.8016627430915833,0.5470198392868042,0.8604453802108765,0.9775189161300659,0.9604997634887695,0.12121210992336273,0.20829090476036072,0.9998000264167786,0.026000000536441803,0.007000000216066837,0.01900000125169754,1.125,0.7902381727430555,1.7322322223715336,0.16596805788634583,0.6634495542979125,1.0340071147843628,0.8264858650203464,0.41819087035668606,0.12535027511330257,0.12946395203471184,0.020535672083497047,185.54702727290305,0.7726432085037231,0.5487022995948792,0.7303336262702942,0.11741641163825989,0.6825592517852783,0.434187650680542,0.47229233384132385,0.7264516353607178,0.9604997634887695,0.9809999987483025,0.7530233577275888,"progress_score,survival_score,orientation_score,slip_score,energy_score,impact_score"
pronking,0,action_space,0.0,3.0,0.0,0.5,1.0,0.10999999940395355,1.0,0.3700000047683716,1.0,0.03999999910593033,ramp_up_trot_robustness,ramp_up,1.5,trotting,1000,0.7227059602737427,0.7227059602737427,1.2907506227493286,0.2476104497909546,0.08767297863960266,0.21108970046043396,1.6857736110687256,0.08767297863960266,0.02185199409723282,0.4840272068977356,0.4100780487060547,0.6038148999214172,0.8358383178710938,0.49057871103286743,0.6878202557563782,0.21108970046043396,0.10010124742984772,0.005030496045947075,0.0038987095467746258,0.42628568410873413,0.019629934802651405,244.50360107421875,169.3479461669922,34.007164001464844,39.53857421875,427.04949951171875,0.061112239956855774,0.046666666865348816,0.8741748332977295,3.3650879859924316,1.1390000581741333,0.025815006345510483,0.029999924823641777,3.000000238418579,0.5,0.1088862270116806,0.36851420998573303,0.03851465880870819,0.808431088924408,0.676563560962677,0.8805278539657593,0.5706229209899902,0.5125933289527893,0.8156116604804993,0.2964439392089844,0.24490797519683838,0.8031341433525085,0.5387464761734009,0.8610748648643494,0.9783835411071777,0.9620700478553772,0.1199425458908081,0.20270690321922302,0.9998000264167786,0.026000000536441803,0.005000000353902578,0.021000001579523087,1.139,0.7674932437993854,1.718843530458575,0.14782419997156357,0.6403733666432847,0.9142419361805133,0.8293492965912361,0.31638781175931496,0.09449447387398748,0.12907503172755241,0.02092459239065647,189.42745156567923,0.7825137972831726,0.640447199344635,0.8364536762237549,0.11969439685344696,0.6752997040748596,0.4263173043727875,0.4777795672416687,0.7918895483016968,0.9620700478553772,0.9789999984204769,0.7764329190055529,"progress_score,survival_score,orientation_score,slip_score,energy_score,impact_score"
pronking,0,action_space,1.0,3.4000000953674316,0.0,0.5,-1.0,0.04999999701976776,-1.0,0.2900000214576721,0.0,0.0,ramp_up_trot_robustness,ramp_up,1.5,trotting,1000,0.7123094797134399,0.7123094797134399,1.266340970993042,0.2676575779914856,0.11599715054035187,0.20104874670505524,1.5135533809661865,0.11599715054035187,0.037580203264951706,0.43689393997192383,0.3543933928012848,0.6281360387802124,0.9247423410415649,0.5434341430664062,0.5940780639648438,0.20104874670505524,0.08542899042367935,0.00850303191691637,0.004388490226119757,0.38014790415763855,0.024417197331786156,208.71331787109375,145.9378662109375,32.689552307128906,36.959617614746094,500.4750671386719,0.053986549377441406,0.05691666901111603,0.6605985164642334,2.045478343963623,1.2780001163482666,0.02532682754099369,0.029999924823641777,3.3850836753845215,0.5,0.051119349896907806,0.2914923429489136,0.0,0.7791715264320374,0.6815991401672363,0.8216908574104309,0.46819472312927246,0.46882379055023193,0.8194860219955444,0.29785603284835815,0.28260475397109985,0.788865327835083,0.5654948353767395,0.13899242877960205,0.9783835411071777,0.9620059728622437,0.12004034221172333,0.20394086837768555,1.0,0.02500000037252903,0.003000000026077032,0.02200000174343586,1.278,0.5169002431472516,1.2651208356757917,0.19385614064287907,0.5953094932900741,0.9616352432401617,0.7707645969846071,0.29228238130903367,0.11354083909781593,0.12663413770496845,0.023365486413240433,164.81605085194747,0.7508403062820435,0.6675066351890564,0.7727262377738953,0.10381368547677994,0.6136417984962463,0.4675281047821045,0.6702311038970947,0.7523276805877686,0.9620059728622437,0.9779999982565641,0.765259428952749,"progress_score,survival_score,orientation_score,slip_score,energy_score,impact_score"
pronking,0,action_space,1.0,3.4000000953674316,0.0,0.5,-1.0,0.04999999701976776,-1.0,0.2900000214576721,1.0,0.03999999910593033,ramp_up_trot_robustness,ramp_up,1.5,trotting,1000,0.707830011844635,0.707830011844635,1.2364851236343384,0.2761423587799072,0.10570661723613739,0.20440912246704102,1.6848422288894653,0.10570661723613739,0.026346199214458466,0.4464987516403198,0.3661295771598816,0.6568732261657715,0.9397305846214294,0.5978741645812988,0.7983518838882446,0.20440912246704102,0.09509820491075516,0.005536360666155815,0.003934989217668772,0.40170979499816895,0.029264500364661217,220.68154907226562,152.4796142578125,34.28742980957031,38.10704040527344,493.7872009277344,0.05073081701993942,0.05483333766460419,0.8638961315155029,2.7730138301849365,1.2670000791549683,0.024729695171117783,0.029999924823641777,3.3856253623962402,0.5,0.05107872560620308,0.2914382219314575,0.038561657071113586,0.7771691083908081,0.6908447742462158,0.8755407333374023,0.4498460292816162,0.45441579818725586,0.8212722539901733,0.2784213423728943,0.28579509258270264,0.797668993473053,0.5559133291244507,0.13848459720611572,0.9792482256889343,0.9599844217300415,0.0645652636885643,0.15014402568340302,1.0,0.024000000208616257,0.004999999888241291,0.01900000125169754,1.267,0.6818438185983129,1.4794070976563198,0.16231512318468191,0.6050864212324398,0.9693970211535774,0.8935053910795641,0.30837996840060017,0.09732086047618253,0.12364847585558891,0.026351148262619972,178.4748921391205,0.7371098399162292,0.658473551273346,0.8274331092834473,0.10950706154108047,0.5569443106651306,0.4477950632572174,0.578589916229248,0.7602053284645081,0.9599844217300415,0.9809999987483025,0.757318513133587,"progress_score,survival_score,orientation_score,slip_score,energy_score,impact_score"
pronking,0,action_space,1.0,3.4000000953674316,0.0,0.5,-1.0,0.04999999701976776,0.0,0.33000001311302185,-1.0,-0.03999999910593033,ramp_up_trot_robustness,ramp_up,1.5,trotting,1000,0.7199389934539795,0.7199389934539795,1.3161861896514893,0.23511311411857605,0.09594251215457916,0.20666933059692383,1.4083921909332275,0.09594251215457916,0.02439619041979313,0.4523402452468872,0.37697064876556396,0.5285705327987671,0.6121715307235718,0.5377265214920044,0.6093884706497192,0.20666933059692383,0.08518610149621964,0.01362306997179985,0.002586723305284977,0.3615902066230774,0.01964191161096096,211.13864135742188,139.11236572265625,33.68173599243164,37.219451904296875,481.5963439941406,0.05357401818037033,0.046416670083999634,0.8315972685813904,2.7463958263397217,1.2780001163482666,0.026323720812797546,0.029999924823641777,3.385009288787842,0.5,0.05112496018409729,0.33000147342681885,-0.03850002586841583,0.8211947679519653,0.6722902059555054,0.7632831931114197,0.48964768648147583,0.5319164395332336,0.8191956281661987,0.3533620238304138,0.27074486017227173,0.8122636079788208,0.5847908854484558,0.13906234502792358,0.9783835411071777,0.9619922637939453,0.12012548744678497,0.20467548072338104,1.0,0.02500000037252903,0.0020000000949949026,0.023000001907348633,1.278,0.6507020571235573,1.4659397226996786,0.15619279887303744,0.6139793553252129,0.782413912659771,0.7806333778731981,0.29186658167083745,0.12731768642684654,0.13161860406398773,0.018381020054221153,160.41700104248088,0.8016263246536255,0.6523838639259338,0.7231085896492004,0.15012064576148987,0.6751379370689392,0.48520663380622864,0.5843560695648193,0.7928800582885742,0.9619922637939453,0.9769999980926514,0.7722768951685001,"progress_score,survival_score,orientation_score,slip_score,energy_score,impact_score"
pronking,0,action_space,1.0,3.4000000953674316,0.0,0.5,-1.0,0.04999999701976776,0.0,0.33000001311302185,1.0,0.03999999910593033,ramp_up_trot_robustness,ramp_up,1.5,trotting,1000,0.7288828492164612,0.7288828492164612,1.278641939163208,0.25437578558921814,0.09860898554325104,0.22301164269447327,1.2944490909576416,0.09860898554325104,0.02732451632618904,0.44768309593200684,0.37576913833618164,0.662299394607544,1.2394280433654785,0.6150991916656494,0.8944262266159058,0.22301164269447327,0.1406378149986267,0.007641121745109558,0.003357606939971447,0.3914777338504791,0.030311940237879753,217.03732299804688,147.25885009765625,33.39141845703125,36.66421890258789,599.5651245117188,0.05338249355554581,0.05825001001358032,0.8214514255523682,2.8981218338012695,1.2810001373291016,0.025572841987013817,0.029999924823641777,3.385054588317871,0.5,0.05112151429057121,0.33000147342681885,0.03850461542606354,0.7998456358909607,0.6913228034973145,0.8624480962753296,0.46282869577407837,0.46723800897598267,0.8206639289855957,0.40598225593566895,0.280337929725647,0.7885386347770691,0.5587979555130005,0.13901939988136292,0.9783835411071777,0.9620023965835571,0.12007272988557816,0.20419946312904358,1.0,0.02500000037252903,0.004000000189989805,0.021000001579523087,1.281,0.6412579359997073,1.5041243278995504,0.16530128954787085,0.6130001128353744,1.1132960268344976,0.9457410991470687,0.37501708627558117,0.1048748238858164,0.12786420993506908,0.0221354141831398,169.7405007222619,0.771955668926239,0.608144998550415,0.8025392293930054,0.15866830945014954,0.5453983545303345,0.45705321431159973,0.5680206418037415,0.7473287582397461,0.9620023965835571,0.9789999984204769,0.7578910717215293,"progress_score,survival_score,orientation_score,slip_score,energy_score,impact_score"
pronking,0,action_space,1.0,3.4000000953674316,0.0,0.5,-1.0,0.04999999701976776,1.0,0.3700000047683716,-1.0,-0.03999999910593033,ramp_up_trot_robustness,ramp_up,1.5,trotting,1000,0.7140233516693115,0.7140233516693115,1.280983805656433,0.2604999244213104,0.09424176067113876,0.1804390549659729,1.431825876235962,0.09424176067113876,0.02097887173295021,0.4416118264198303,0.3769051134586334,0.5531857013702393,0.6441963911056519,0.5473384857177734,0.6770541667938232,0.1804390549659729,0.06348555535078049,0.009919172152876854,0.003215107601135969,0.40215593576431274,0.028858795762062073,224.78506469726562,161.83709716796875,33.38005828857422,36.61166000366211,446.92987060546875,0.05155371502041817,0.049666669219732285,0.7874925136566162,2.5242903232574463,1.2790000438690186,0.025619667023420334,0.029999924823641777,3.38547945022583,0.5,0.05108969286084175,0.3685467839241028,-0.038547057658433914,0.8029357194900513,0.7175568342208862,0.8124079704284668,0.4864412844181061,0.4965561032295227,0.8416417837142944,0.3754236400127411,0.2888612747192383,0.7901460528373718,0.5522665977478027,0.13862143456935883,0.9792482256889343,0.9598814249038696,0.0646820068359375,0.15191419422626495,1.0,0.024000000208616257,0.0010000000474974513,0.023000001907348633,1.279,0.6157095806965891,1.4048642290283848,0.14484084966938784,0.6139259836972478,0.8026184592355523,0.8228330127029562,0.2519634008160322,0.11460488538458045,0.12809833511710167,0.021901289001107216,175.4784593721509,0.7622804045677185,0.7221065759658813,0.7689836025238037,0.15701666474342346,0.561481773853302,0.4473956823348999,0.6105403304100037,0.7800998687744141,0.9598814249038696,0.9769999980926514,0.7573024577055223,"progress_score,survival_score,orientation_score,slip_score,energy_score,impact_score"
pronking,0,action_space,1.0,3.4000000953674316,0.0,0.5,-1.0,0.04999999701976776,1.0,0.3700000047683716,0.0,0.0,ramp_up_trot_robustness,ramp_up,1.5,trotting,1000,0.7283586859703064,0.7283586859703064,1.268847942352295,0.2625133991241455,0.08905976265668869,0.18516947329044342,1.4537521600723267,0.08905976265668869,0.01958329603075981,0.44638925790786743,0.3789997100830078,0.5229707956314087,0.5711497068405151,0.5272513628005981,0.6808584928512573,0.18516947329044342,0.07324333488941193,0.006971140392124653,0.0029430068098008633,0.3876504898071289,0.024593476206064224,214.96640014648438,153.61134338378906,32.80852508544922,35.569847106933594,536.4650268554688,0.05277300626039505,0.04933333769440651,0.6977360248565674,2.1537163257598877,1.2760000228881836,0.025376975536346436,0.029999924823641777,3.38456392288208,0.5,0.05115830898284912,0.36845526099205017,0.0,0.7916891574859619,0.7199678421020508,0.8630519509315491,0.5127605199813843,0.5220468640327454,0.8432608842849731,0.3741638958454132,0.2830354571342468,0.8044525384902954,0.5584549903869629,0.1394791603088379,0.9775189161300659,0.9605276584625244,0.1211162880063057,0.20730561017990112,0.9995999932289124,0.026000000536441803,0.004000000189989805,0.02199999988079071,1.276,0.5468150171740301,1.2991787581416143,0.13994033025100308,0.6156295234010531,0.7557444719219024,0.8251414986844725,0.2706350585002097,0.09956981069543878,0.12688487768173218,0.023114746436476707,169.41856700966227,0.7590761780738831,0.7097252607345581,0.8201377987861633,0.15795926749706268,0.6114821434020996,0.46056514978408813,0.6557561159133911,0.7814010977745056,0.9605276584625244,0.9780000001192093,0.7757643774533882,"progress_score,survival_score,orientation_score,slip_score,energy_score,impact_score"
pronking,0,action_space,1.0,3.4000000953674316,0.0,0.5,-1.0,0.04999999701976776,1.0,0.3700000047683716,1.0,0.03999999910593033,ramp_up_trot_robustness,ramp_up,1.5,trotting,1000,0.7124739289283752,0.7124739289283752,1.2419605255126953,0.2911299765110016,0.10153990983963013,0.20571447908878326,1.5178718566894531,0.10153990983963013,0.028395704925060272,0.4379008412361145,0.36068376898765564,0.6195822358131409,1.1242607831954956,0.567197859287262,0.8413148522377014,0.20571447908878326,0.10637996345758438,0.006243706680834293,0.003658791072666645,0.41462260484695435,0.029072705656290054,226.03817749023438,160.59085083007812,33.97078323364258,37.569252014160156,509.97406005859375,0.05219097435474396,0.04350000247359276,0.9044804573059082,3.0325803756713867,1.2920000553131104,0.02483922801911831,0.029999924823641777,3.38559889793396,0.5,0.05108071118593216,0.3685586452484131,0.038559019565582275,0.7672029137611389,0.6985248327255249,0.8732404708862305,0.49017125368118286,0.4846586585044861,0.8269924521446228,0.34732842445373535,0.2886416018009186,0.792833149433136,0.5457853674888611,0.13850942254066467,0.9792481660842896,0.9599820375442505,0.06458298861980438,0.15028004348278046,1.0,0.024000000208616257,0.004000000189989805,0.020000001415610313,1.292,0.7000622823142415,1.5320569153417438,0.16851025169128517,0.6005695371792142,1.0603116443741885,0.917232169212191,0.32615941417899375,0.09951129460267784,0.12419614009559155,0.02580348402261734,182.00109652995877,0.7124634385108948,0.6549578309059143,0.8203288912773132,0.12420947104692459,0.5590848326683044,0.436378538608551,0.5561041831970215,0.8045275807380676,0.9599820375442505,0.9799999985843897,0.7472870152157087,"progress_score,survival_score,orientation_score,slip_score,energy_score,impact_score"
pronking,0,action_space,1.0,3.4000000953674316,0.0,0.5,0.0,0.07999999821186066,-1.0,0.2900000214576721,0.0,0.0,ramp_up_trot_robustness,ramp_up,1.5,trotting,1000,0.7463918924331665,0.7463918924331665,1.2711941003799438,0.2557523548603058,0.10306116193532944,0.19992807507514954,1.2552499771118164,0.10306116193532944,0.02877720072865486,0.4423293173313141,0.3854002356529236,0.6676790714263916,1.2756783962249756,0.5630884170532227,0.8877108097076416,0.19992807507514954,0.08585919439792633,0.007678450085222721,0.0036760917864739895,0.38804858922958374,0.024183277040719986,221.97830200195312,159.51010131835938,32.44953918457031,35.83872985839844,469.7255554199219,0.055016905069351196,0.052666664123535156,0.7802716493606567,2.7384743690490723,1.2850000858306885,0.025423891842365265,0.029999924823641777,3.384178876876831,0.5,0.08000031858682632,0.2915828824043274,0.0,0.7903318405151367,0.6988266706466675,0.8459508419036865,0.48488831520080566,0.44493192434310913,0.8291760683059692,0.41425371170043945,0.28110241889953613,0.7932366132736206,0.5529906749725342,0.5,0.9775189161300659,0.9643431305885315,0.23591840267181396,0.3141796588897705,1.0,0.026000000536441803,0.004999999888241291,0.021000001579523087,1.285,0.6072152579340954,1.4598315880411024,0.16963844118788307,0.6208061176026889,1.1294593380130935,0.9421840636030954,0.2930173960670703,0.10655769269131493,0.12711945921182632,0.02288016490638256,174.62187870098407,0.7697903513908386,0.6705129146575928,0.7968484163284302,0.16028624773025513,0.6165193915367126,0.4601985812187195,0.5869726538658142,0.7684857249259949,0.9643431305885315,0.9789999984204769,0.7692881056513542,"progress_score,survival_score,orientation_score,slip_score,energy_score,impact_score"
pronking,0,action_space,1.0,3.4000000953674316,0.0,0.5,0.0,0.07999999821186066,-1.0,0.2900000214576721,1.0,0.03999999910593033,ramp_up_trot_robustness,ramp_up,1.5,trotting,1000,0.7133414149284363,0.7133414149284363,1.2634508609771729,0.26507768034935,0.10967295616865158,0.22038456797599792,1.7070517539978027,0.10967295616865158,0.03061545267701149,0.4370463490486145,0.35824617743492126,0.6789321303367615,1.1939221620559692,0.5740491151809692,0.7286213636398315,0.22038456797599792,0.12027937173843384,0.0069119371473789215,0.0042016892693936825,0.39481133222579956,0.025769032537937164,235.23416137695312,167.996826171875,33.435184478759766,37.738014221191406,441.5244445800781,0.05469643324613571,0.05375000461935997,0.9227294325828552,3.23207426071167,1.2860000133514404,0.02526901662349701,0.029999924823641777,3.385368824005127,0.5,0.08000031858682632,0.29146379232406616,0.03853602707386017,0.7910013198852539,0.6763741970062256,0.8591653108596802,0.4610821604728699,0.4527035355567932,0.813213586807251,0.2503836750984192,0.28739213943481445,0.7962684631347656,0.554726243019104,0.5,0.9783835411071777,0.9625166654586792,0.11953964829444885,0.20102688670158386,1.0,0.02500000037252903,0.004000000189989805,0.021000001579523087,1.286,0.717518950324407,1.5853317657915704,0.17497271980800747,0.5985366968155932,1.0926674526387108,0.8535932073533807,0.3468131654629533,0.10542118580613957,0.12634508311748505,0.02365454100072384,186.1838625010072,0.7549794912338257,0.6152703166007996,0.8006971478462219,0.09833642840385437,0.5972732305526733,0.4540160894393921,0.5334877371788025,0.7643343210220337,0.9625166654586792,0.9789999984204769,0.7576849787281109,"progress_score,survival_score,orientation_score,slip_score,energy_score,impact_score"
pronking,0,action_space,1.0,3.4000000953674316,0.0,0.5,0.0,0.07999999821186066,0.0,0.33000001311302185,-1.0,-0.03999999910593033,ramp_up_trot_robustness,ramp_up,1.5,trotting,1000,0.7390920519828796,0.7390920519828796,1.2835317850112915,0.25008299946784973,0.09724849462509155,0.21489012241363525,1.4613455533981323,0.09724849462509155,0.026358935981988907,0.4508935213088989,0.3763592839241028,0.6023910045623779,0.8660417795181274,0.5464134216308594,0.6132818460464478,0.21489012241363525,0.1077505499124527,0.010188216343522072,0.003519774414598942,0.4036039710044861,0.023496953770518303,240.44683837890625,171.58563232421875,34.16435623168945,38.564414978027344,510.2942810058594,0.053103700280189514,0.0560000017285347,0.9764121174812317,3.3142199516296387,1.2929999828338623,0.025670642033219337,0.029999924823641777,3.3856077194213867,0.5,0.08000031858682632,0.33000147342681885,-0.03855995833873749,0.8005088567733765,0.6888254880905151,0.8209765553474426,0.502274215221405,0.5058168768882751,0.8217430710792542,0.35238996148109436,0.2892935872077942,0.7987569570541382,0.5469223260879517,0.5,0.9792482256889343,0.9673757553100586,0.23285076022148132,0.3040773868560791,1.0,0.024000000208616257,0.005000000353902578,0.01900000125169754,1.293,0.7551524434454756,1.6010002013345408,0.1623543531353222,0.6134812824561992,0.9306136574960242,0.7831231359412437,0.328253788877528,0.11708112895817589,0.1283532101660967,0.021646413952112198,187.33220414700597,0.7786715030670166,0.6301624178886414,0.7602105736732483,0.13689729571342468,0.6250403523445129,0.4461018741130829,0.5268705487251282,0.75578373670578,0.9673757553100586,0.9809999987483025,0.7601055491429108,"progress_score,survival_score,orientation_score,slip_score,energy_score,impact_score"
pronking,0,action_space,1.0,3.4000000953674316,0.0,0.5,0.0,0.07999999821186066,0.0,0.33000001311302185,0.0,0.0,ramp_up_trot_robustness,ramp_up,1.5,trotting,1000,0.7760211229324341,0.7760211229324341,1.2952215671539307,0.23897221684455872,0.1022808775305748,0.19711723923683167,1.6681649684906006,0.1022808775305748,0.022835256531834602,0.4322964549064636,0.3606172204017639,0.6658914089202881,0.8872058987617493,0.5600346326828003,0.7087180614471436,0.19711723923683167,0.09925420582294464,0.008009279146790504,0.003311704844236374,0.3971436619758606,0.026111509650945663,222.42483520507812,156.72145080566406,32.666770935058594,36.489479064941406,470.588623046875,0.055038489401340485,0.06358332931995392,0.7450845241546631,2.5958399772644043,1.287000060081482,0.02590443566441536,0.029999924823641777,3.3849170207977295,0.5,0.08000031858682632,0.33000147342681885,0.0,0.8082405924797058,0.7110604643821716,0.844584584236145,0.4802669584751129,0.4506688117980957,0.8387056589126587,0.30756688117980957,0.2907888889312744,0.792341947555542,0.546779453754425,0.5,0.9783835411071777,0.9703748226165771,0.4770478308200836,0.528556764125824,1.0,0.02500000037252903,0.004000000189989805,0.021000001579523087,1.287,0.5789312141851204,1.420200540615066,0.15111338965106502,0.6005141300600377,0.9419160784070677,0.8418539430608754,0.3150463550383414,0.10640011273972823,0.1295221783220768,0.020477445796132088,171.72724794401455,0.7957813143730164,0.6780379414558411,0.7973833680152893,0.11944849044084549,0.5931960940361023,0.45190319418907166,0.6039629578590393,0.7276634573936462,0.9703748226165771,0.9789999984204769,0.7737987452210525,"progress_score,survival_score,orientation_score,slip_score,energy_score,impact_score"
pronking,0,action_space,1.0,3.4000000953674316,0.0,0.5,0.0,0.07999999821186066,0.0,0.33000001311302185,1.0,0.03999999910593033,ramp_up_trot_robustness,ramp_up,1.5,trotting,1000,0.739389181137085,0.739389181137085,1.2693634033203125,0.26748669147491455,0.11070002615451813,0.2183210849761963,1.4538781642913818,0.11070002615451813,0.03445826470851898,0.44919830560684204,0.37054339051246643,0.636709451675415,1.0841097831726074,0.6087827086448669,0.7799668312072754,0.2183210849761963,0.1173669621348381,0.0070984745398163795,0.0041011422872543335,0.38688021898269653,0.02740933746099472,225.545654296875,153.73733520507812,34.39258575439453,39.3153076171875,604.3621826171875,0.05477861687541008,0.059583332389593124,0.9975113868713379,3.6078133583068848,1.2899999618530273,0.025387272238731384,0.029999924823641777,3.3850457668304443,0.5,0.08000031858682632,0.33000147342681885,0.038503702729940414,0.7826144695281982,0.6700204610824585,0.8565106391906738,0.46424221992492676,0.4908532500267029,0.8096152544021606,0.3316030204296112,0.2775416076183319,0.8086265921592712,0.5606951713562012,0.5,0.9783835411071777,0.966022789478302,0.23407763242721558,0.3078327775001526,1.0,0.02500000037252903,0.00800000037997961,0.017000000923871994,1.29,0.7732646143713663,1.6723499198677259,0.18562937458419393,0.6087227534045909,1.0412059273614453,0.8831573083020235,0.34258861938896645,0.10582824210517112,0.12693636119365692,0.023063262924551964,177.68406880717401,0.7511149644851685,0.6208654046058655,0.7993212342262268,0.11729729920625687,0.5779969096183777,0.46127521991729736,0.4969884157180786,0.7423632144927979,0.966022789478302,0.982999999076128,0.7534353238267777,"progress_score,survival_score,orientation_score,slip_score,energy_score,impact_score"
pronking,0,action_space,1.0,3.4000000953674316,0.0,0.5,0.0,0.07999999821186066,1.0,0.3700000047683716,0.0,0.0,ramp_up_trot_robustness,ramp_up,1.5,trotting,1000,0.7374244928359985,0.7374244928359985,1.2788136005401611,0.2639103829860687,0.09455488622188568,0.1913086175918579,1.6307097673416138,0.09455488622188568,0.021263819187879562,0.4441085457801819,0.37309324741363525,0.6383607983589172,0.8704096674919128,0.6075700521469116,1.0130119323730469,0.1913086175918579,0.09185314923524857,0.0070583997294306755,0.003168955910950899,0.4344225525856018,0.025124341249465942,236.29702758789062,164.0811767578125,33.9716796875,37.96189880371094,528.5875854492188,0.05351906269788742,0.059916671365499496,0.9387609958648682,3.3348031044006348,1.287000060081482,0.02557627484202385,0.029999924823641777,3.385012626647949,0.5,0.08000031858682632,0.36850011348724365,0.0,0.7871537804603577,0.7156208157539368,0.8671085834503174,0.4875516891479492,0.45719805359840393,0.8408071994781494,0.31159335374832153,0.29519206285476685,0.7853118181228638,0.528895378112793,0.5,0.9783835411071777,0.966016411781311,0.23413339257240295,0.3082869052886963,1.0,0.02500000037252903,0.007000000216066837,0.018000001087784767,1.287,0.7294179683706051,1.6097032941348544,0.14582118909088473,0.610813594653586,0.9329574842895644,1.0064849389698025,0.3030728447671427,0.10113038930203708,0.12788137421011925,0.022118249908089638,184.7783191296062,0.75684654712677,0.6935098171234131,0.8150163292884827,0.12796658277511597,0.6050242185592651,0.41943567991256714,0.5232027769088745,0.7411269545555115,0.966016411781311,0.9819999989122152,0.7621866555359119,"progress_score,survival_score,orientation_score,slip_score,energy_score,impact_score"
pronking,0,action_space,1.0,3.4000000953674316,0.0,0.5,0.0,0.07999999821186066,1.0,0.3700000047683716,1.0,0.03999999910593033,ramp_up_trot_robustness,ramp_up,1.5,trotting,1000,0.7368496656417847,0.7368496656417847,1.2876241207122803,0.25669997930526733,0.09028638899326324,0.19299937784671783,1.224750280380249,0.09028638899326324,0.021927282214164734,0.4386170506477356,0.36914610862731934,0.5876296758651733,0.8795880079269409,0.5890775322914124,0.8565677404403687,0.19299937784671783,0.09815318882465363,0.007245074957609177,0.0027122749015688896,0.4069474935531616,0.021804897114634514,243.79220581054688,177.42401123046875,32.95515441894531,36.343936920166016,337.1811218261719,0.05371628701686859,0.043416667729616165,0.9344606399536133,3.266536235809326,1.2970000505447388,0.0257524736225605,0.029999924823641777,3.3850083351135254,0.5,0.08000031858682632,0.36849966645240784,0.03850002586841583,0.7878369092941284,0.7258857488632202,0.8716192245483398,0.47619694471359253,0.5080453157424927,0.8476752042770386,0.46049076318740845,0.28338509798049927,0.8042094707489014,0.547551155090332,0.5,0.9783835411071777,0.9619923830032349,0.12012554705142975,0.2046758383512497,1.0,0.02500000037252903,0.004999999888241291,0.020000001415610313,1.297,0.7204784666839341,1.5869883740329445,0.1480786352387296,0.6075739532166593,0.9378635337440842,0.9255094491361872,0.3132940931850673,0.09978652143039192,0.1287623681128025,0.02123725600540638,189.33491683558037,0.7682965397834778,0.689018189907074,0.8194294571876526,0.18951331079006195,0.6465544104576111,0.4431287348270416,0.5327872633934021,0.804862916469574,0.9619923830032349,0.9799999985843897,0.7729903919001421,"progress_score,survival_score,orientation_score,slip_score,energy_score,impact_score"
pronking,0,action_space,1.0,3.4000000953674316,0.0,0.5,1.0,0.10999999940395355,-1.0,0.2900000214576721,-1.0,-0.03999999910593033,ramp_up_trot_robustness,ramp_up,1.5,trotting,1000,0.7093894481658936,0.7093894481658936,1.302830457687378,0.23305372893810272,0.1040729358792305,0.1987653374671936,1.4723153114318848,0.1040729358792305,0.024357208982110023,0.4451413154602051,0.37638038396835327,0.6712937951087952,1.1229751110076904,0.5696618556976318,0.696422815322876,0.1987653374671936,0.10962776839733124,0.010784201323986053,0.00381788844242692,0.39590364694595337,0.021940933540463448,238.70993041992188,164.73306274414062,33.97241973876953,38.30445861816406,379.8904113769531,0.05623342841863632,0.05350000411272049,0.9439961910247803,3.3802976608276367,1.2840001583099365,0.026056624948978424,0.029999924823641777,3.384446859359741,0.5,0.10883311182260513,0.2915560007095337,-0.03844381123781204,0.8046783208847046,0.7075451612472534,0.7863028049468994,0.4656728506088257,0.44929271936416626,0.8372708559036255,0.3345812261104584,0.29492732882499695,0.7993379235267639,0.5474417209625244,0.8604106903076172,0.9775189161300659,0.9566532969474792,0.06653501093387604,0.15913620591163635,1.0,0.026000000536441803,0.004999999888241291,0.021000001579523087,1.284,0.7351994974962276,1.6225382415322662,0.1560679627025035,0.613498479189927,1.0597052000474898,0.8345195116489943,0.33110084324466954,0.12083910694147393,0.13028312474489212,0.019716499373316765,183.224094133975,0.8047237992286682,0.6736284494400024,0.7467373013496399,0.14093457162380219,0.644797682762146,0.45302531123161316,0.5178044438362122,0.7652903199195862,0.9566532969474792,0.9789999984204769,0.7680106978767958,"progress_score,survival_score,orientation_score,slip_score,energy_score,impact_score"
pronking,0,action_space,1.0,3.4000000953674316,0.0,0.5,1.0,0.10999999940395355,-1.0,0.2900000214576721,0.0,0.0,ramp_up_trot_robustness,ramp_up,1.5,trotting,1000,0.7182258367538452,0.7182258367538452,1.259768009185791,0.267009973526001,0.11688180267810822,0.20784541964530945,1.4578394889831543,0.11688180267810822,0.041472822427749634,0.42822057008743286,0.3590750992298126,0.7994332313537598,1.5996633768081665,0.5718400478363037,0.7208199501037598,0.20784541964530945,0.13437128067016602,0.00841022003442049,0.005452713463455439,0.40896034240722656,0.02498766779899597,244.07095336914062,180.32785034179688,32.04661560058594,36.80431365966797,443.029541015625,0.05810002610087395,0.05633334070444107,0.7441149950027466,2.587779998779297,1.2790000438690186,0.025195356458425522,0.029999924823641777,3.385009288787842,0.5,0.10887527465820312,0.2914997935295105,0.0,0.7846920490264893,0.7199907898902893,0.8401128053665161,0.4672437012195587,0.4335673153400421,0.8374854326248169,0.32173579931259155,0.2906895577907562,0.7883403301239014,0.5352274179458618,0.860937774181366,0.9783835411071777,0.9619923830032349,0.12012545764446259,0.20467528700828552,1.0,0.02500000037252903,0.004000000189989805,0.021000001579523087,1.279,0.5817943629666732,1.4224217544395656,0.20364877222254407,0.5992287536740979,1.264777995067975,0.8490111601762134,0.3665668843064878,0.11774095930421125,0.1259767822921276,0.024022841826081276,193.74277770943536,0.751880943775177,0.6492112278938293,0.7578584551811218,0.10154067724943161,0.6066802740097046,0.4413484036922455,0.603010356426239,0.7545251250267029,0.9619923830032349,0.9789999984204769,0.7551950749296408,"progress_score,survival_score,orientation_score,slip_score,energy_score,impact_score"
pronking,0,action_space,1.0,3.4000000953674316,0.0,0.5,1.0,0.10999999940395355,-1.0,0.2900000214576721,1.0,0.03999999910593033,ramp_up_trot_robustness,ramp_up,1.5,trotting,1000,0.711068868637085,0.711068868637085,1.269589900970459,0.2537976801395416,0.10715687274932861,0.20540311932563782,1.5473260879516602,0.10715687274932861,0.029910195618867874,0.4300609827041626,0.3608741760253906,0.7353943586349487,1.275244116783142,0.5747725963592529,0.6859001517295837,0.20540311932563782,0.09237159788608551,0.005796816200017929,0.004172872751951218,0.4098441004753113,0.022636568173766136,234.30799865722656,167.82650756835938,33.35095977783203,36.742286682128906,539.90478515625,0.055833954364061356,0.054999999701976776,0.9131581783294678,3.407066822052002,1.2880001068115234,0.025391802191734314,0.029999924823641777,3.3851370811462402,0.5,0.10888485610485077,0.29148709774017334,0.03851282596588135,0.7960412502288818,0.6837731599807739,0.8668182492256165,0.45582789182662964,0.42809203267097473,0.8188437223434448,0.3132284879684448,0.2927207946777344,0.7883044481277466,0.5350567698478699,0.8610577583312988,0.9783835411071777,0.9584164619445801,0.06546379625797272,0.1531151384115219,1.0,0.02500000037252903,0.004999999888241291,0.020000001415610313,1.288,0.7089737128026737,1.6264187323845118,0.1729456435382744,0.6007280383213277,1.1292670706184353,0.8281908908757593,0.3039269614333113,0.09984832974050765,0.12695901095867157,0.023040613159537315,184.55408197412754,0.7728633284568787,0.6557967066764832,0.8192272186279297,0.11700601130723953,0.635888934135437,0.4405690133571625,0.5161749720573425,0.7595721483230591,0.9584164619445801,0.9799999985843897,0.7702181538901268,"progress_score,survival_score,orientation_score,slip_score,energy_score,impact_score"
pronking,0,action_space,1.0,3.4000000953674316,0.0,0.5,1.0,0.10999999940395355,0.0,0.33000001311302185,-1.0,-0.03999999910593033,ramp_up_trot_robustness,ramp_up,1.5,trotting,1000,0.7222177982330322,0.7222177982330322,1.2686378955841064,0.26081693172454834,0.09701713174581528,0.20590636134147644,1.40994131565094,0.09701713174581528,0.025365004315972328,0.43752503395080566,0.353396475315094,0.7070160508155823,1.1853652000427246,0.6032047271728516,0.9791520833969116,0.20590636134147644,0.12243073433637619,0.00966328103095293,0.0033813987392932177,0.4376041293144226,0.024470921605825424,253.3831329345703,184.00949096679688,34.24994659423828,38.485652923583984,478.032958984375,0.054529719054698944,0.061083339154720306,1.0443692207336426,3.736971616744995,1.2950000762939453,0.025372754782438278,0.029999924823641777,3.385479211807251,0.5,0.10891053080558777,0.33000147342681885,-0.03854706883430481,0.7877501249313354,0.7111856937408447,0.8370543718338013,0.49334385991096497,0.4465317726135254,0.8348432779312134,0.3794160485267639,0.30109697580337524,0.7813844680786133,0.521832287311554,0.8613787293434143,0.9792482256889343,0.9634362459182739,0.11911365389823914,0.20194794237613678,1.0,0.024000000208616257,0.009999999776482582,0.014000000432133675,1.295,0.8064626568532819,1.698732535810604,0.1592639454364117,0.5944715933626215,1.0887447818670475,0.9895211384285388,0.3499010350604528,0.1142133082011293,0.1268637739121914,0.023135850206017494,199.728491334328,0.7617766261100769,0.654440701007843,0.770362913608551,0.14701193571090698,0.6129827499389648,0.4167752265930176,0.48606008291244507,0.7368162870407104,0.9634362459182739,0.9859999995678663,0.7533937779565653,"progress_score,survival_score,orientation_score,slip_score,energy_score,impact_score"
pronking,0,action_space,1.0,3.4000000953674316,0.0,0.5,1.0,0.10999999940395355,0.0,0.33000001311302185,0.0,0.0,ramp_up_trot_robustness,ramp_up,1.5,trotting,1000,0.7420661449432373,0.7420661449432373,1.2976019382476807,0.24135367572307587,0.10360449552536011,0.18944799900054932,1.4485986232757568,0.10360449552536011,0.03341585770249367,0.4414219856262207,0.37141191959381104,0.6939418315887451,1.1454098224639893,0.566161572933197,0.6168930530548096,0.18944799900054932,0.08077108860015869,0.008005510084331036,0.004825519397854805,0.41466015577316284,0.02286156639456749,239.62069702148438,168.42686462402344,34.21151351928711,39.18115234375,432.41876220703125,0.05690131336450577,0.05391666665673256,0.967036783695221,3.517214059829712,1.2910001277923584,0.025952022522687912,0.029999924823641777,3.3850183486938477,0.5,0.10887597501277924,0.33000147342681885,0.0,0.8089954853057861,0.7177032232284546,0.8404411673545837,0.46514803171157837,0.4573303759098053,0.8391580581665039,0.34852826595306396,0.29199719429016113,0.7930591106414795,0.5363762378692627,0.8609466552734375,0.9783835411071777,0.9660167098045349,0.2341238558292389,0.3082196116447449,1.0,0.02500000037252903,0.004999999888241291,0.020000001415610313,1.291,0.7490602193369965,1.6505788171407405,0.18280004842038108,0.6094357386909722,1.0702382082807496,0.7854253962374845,0.2842025485462062,0.11327413421512363,0.12976011261343956,0.020239511504769325,184.66425639366346,0.7921485304832458,0.6984403729438782,0.7736616730690002,0.12040241062641144,0.6330338716506958,0.43634575605392456,0.5060586929321289,0.763697624206543,0.9660167098045349,0.9799999985843897,0.7672854082133526,"progress_score,survival_score,orientation_score,slip_score,energy_score,impact_score"
pronking,0,action_space,1.0,3.4000000953674316,0.0,0.5,1.0,0.10999999940395355,0.0,0.33000001311302185,1.0,0.03999999910593033,ramp_up_trot_robustness,ramp_up,1.5,trotting,1000,0.7290596961975098,0.7290596961975098,1.2977447509765625,0.24731655418872833,0.09093927592039108,0.19411447644233704,1.452191710472107,0.09093927592039108,0.022081825882196426,0.43952828645706177,0.3583586812019348,0.7129676342010498,1.3180437088012695,0.599906325340271,0.9534798860549927,0.19411447644233704,0.11003191024065018,0.006158118136227131,0.002981121651828289,0.41335588693618774,0.02550346776843071,235.41070556640625,164.2574005126953,33.74419403076172,37.118804931640625,636.5385131835938,0.05649666488170624,0.05183333903551102,0.9792605638504028,3.697753429412842,1.287000060081482,0.025954900309443474,0.029999924823641777,3.385009288787842,0.5,0.10887527465820312,0.33000147342681885,0.038500022143125534,0.809209942817688,0.728186845779419,0.8755990862846375,0.47760459780693054,0.44498467445373535,0.8476943969726562,0.3705155849456787,0.29149532318115234,0.7873252630233765,0.5345085263252258,0.8609376549720764,0.9783835411071777,0.9619923830032349,0.12012553960084915,0.20467586815357208,1.0,0.02500000037252903,0.007000000216066837,0.018000001087784767,1.287,0.7608861678685898,1.6950390198809577,0.1485995487281049,0.5986306717851457,1.1480608471685068,0.9764629465857845,0.3317105820450264,0.09559937127437303,0.12977450154721737,0.020225122570991516,181.39985185010994,0.7829691767692566,0.6860503554344177,0.8329473733901978,0.15049457550048828,0.6004539132118225,0.4374854862689972,0.4875856339931488,0.7716943621635437,0.9619923830032349,0.9819999989122152,0.7703356157319668,"progress_score,survival_score,orientation_score,slip_score,energy_score,impact_score"
pronking,0,action_space,1.0,3.4000000953674316,0.0,0.5,1.0,0.10999999940395355,1.0,0.3700000047683716,-1.0,-0.03999999910593033,ramp_up_trot_robustness,ramp_up,1.5,trotting,1000,0.713711142539978,0.713711142539978,1.2943089008331299,0.25469768047332764,0.09420362114906311,0.186190664768219,1.4948334693908691,0.09420362114906311,0.019792400300502777,0.44878146052360535,0.3934323787689209,0.6818926334381104,1.065720796585083,0.5905911326408386,0.8221278190612793,0.186190664768219,0.0897810310125351,0.009029248729348183,0.0030251620337367058,0.4289468228816986,0.02547457069158554,246.6166229248047,176.1497802734375,33.778533935546875,38.26649475097656,463.8788757324219,0.05566101521253586,0.0520833358168602,0.9221231937408447,3.2874674797058105,1.287000060081482,0.025886185467243195,0.029999924823641777,3.3845386505126953,0.5,0.1088399887084961,0.36845266819000244,-0.038452982902526855,0.7979958057403564,0.7311267852783203,0.8274303078651428,0.48375290632247925,0.4579885005950928,0.847042977809906,0.3591442406177521,0.2999822497367859,0.7874839305877686,0.5265536308288574,0.8604967594146729,0.9775189161300659,0.9567490816116333,0.06645504385232925,0.15766936540603638,0.9998000264167786,0.026000000536441803,0.006000000052154064,0.020000001415610313,1.287,0.7164903713365628,1.5982379781906828,0.14068546584669925,0.6272418821865461,1.0323375400444774,0.9067126441498868,0.29963482943832664,0.10979258063769559,0.12943092733621597,0.020568696781992912,190.53923121911683,0.7714498043060303,0.7070388793945312,0.7857723236083984,0.15096889436244965,0.6008010506629944,0.424054354429245,0.5280358195304871,0.7707303762435913,0.9567490816116333,0.9799999985843897,0.7608133456072746,"progress_score,survival_score,orientation_score,slip_score,energy_score,impact_score"
trotting,1,action_space,-1.0,2.5999999046325684,0.0,0.5,-1.0,0.04999999701976776,-1.0,0.2900000214576721,-1.0,-0.03999999910593033,ramp_up_trot_robustness,ramp_up,1.5,trotting,1000,0.693572998046875,0.693572998046875,1.2442803382873535,0.27037984132766724,0.14085903763771057,0.2841680645942688,1.5361275672912598,0.14085903763771057,0.050619374960660934,0.22975802421569824,0.20323282480239868,0.6597145795822144,0.8845487833023071,0.56349778175354,0.5679818987846375,0.2841680645942688,0.17716273665428162,0.010895892977714539,0.0061233164742589,0.36588776111602783,0.04046459496021271,197.8335418701172,134.72604370117188,33.80554962158203,67.15127563476562,528.2456665039062,0.08390996605157852,0.06441667675971985,0.5505275726318359,1.5964622497558594,1.003000020980835,0.024885598570108414,0.029999924823641777,2.614777088165283,0.5,0.05110875517129898,0.2914782166481018,-0.038521599024534225,0.7815985083580017,0.5864180326461792,0.7640127539634705,0.46434304118156433,0.4314264953136444,0.7327365875244141,0.2796716094017029,0.6388599872589111,0.7801128625869751,0.5077195167541504,0.13886016607284546,1.0,0.964543342590332,0.06536385416984558,0.15215036273002625,1.0,0.02500000037252903,0.007000000216066837,0.018000001087784767,1.003,0.5488808842028602,1.2616208696029028,0.22498749956533348,0.45081351444072604,0.9405045365665745,0.7536457382514927,0.4209070403952417,0.1304576921916582,0.12442799285054207,0.025571631267666817,158.99434860669606,0.7464541792869568,0.4459649622440338,0.7114969491958618,0.07819769531488419,0.4451731741428375,0.4810540974140167,0.6717145442962646,0.7246377468109131,0.964543342590332,0.9819999989122152,0.7251867280365565,"progress_score,survival_score,orientation_score,slip_score,energy_score,impact_score"
trotting,1,action_space,-1.0,2.5999999046325684,0.0,0.5,-1.0,0.04999999701976776,-1.0,0.2900000214576721,1.0,0.03999999910593033,ramp_up_trot_robustness,ramp_up,1.5,trotting,1000,0.7080051302909851,0.7080051302909851,1.2227778434753418,0.29091960191726685,0.12944263219833374,0.26310479640960693,1.3163905143737793,0.12944263219833374,0.03963472694158554,0.2567274868488312,0.21129724383354187,0.6220439672470093,0.7229447364807129,0.5822697281837463,0.6670345067977905,0.26310479640960693,0.1600532829761505,0.007713956758379936,0.004970736801624298,0.3775883913040161,0.03603208810091019,198.25599670410156,139.1752471923828,33.713531494140625,66.30686950683594,283.2771911621094,0.08216078579425812,0.06525000929832458,0.5947277545928955,1.6905156373977661,1.0040000677108765,0.02445555478334427,0.029999924823641777,2.614394187927246,0.5,0.051079992204904556,0.2914400100708008,0.03855997696518898,0.7697919607162476,0.6198855638504028,0.8370423316955566,0.4574405550956726,0.44501304626464844,0.7589603662490845,0.361131489276886,0.5559976100921631,0.7830201983451843,0.49745243787765503,0.1385004222393036,1.0,0.9657028913497925,0.06457659602165222,0.15023300051689148,1.0,0.024000000208616257,0.005000000353902578,0.01900000125169754,1.004,0.5923582282199328,1.297605680855339,0.19908472302410735,0.4596707994136041,0.8502615694483157,0.8167218050216307,0.40006659817604184,0.11262634487545192,0.12227777391672134,0.02772185020148754,162.1357450676604,0.7128124833106995,0.5004531145095825,0.7759292721748352,0.12134893983602524,0.4864400029182434,0.46992751955986023,0.6564261317253113,0.7216247320175171,0.9657028913497925,0.9809999987483025,0.7334194179528799,"progress_score,survival_score,orientation_score,slip_score,energy_score,impact_score"
trotting,1,action_space,-1.0,2.5999999046325684,0.0,0.5,-1.0,0.04999999701976776,1.0,0.3700000047683716,-1.0,-0.03999999910593033,ramp_up_trot_robustness,ramp_up,1.5,trotting,1000,0.6902098655700684,0.6902098655700684,1.229127049446106,0.28298163414001465,0.13076207041740417,0.3045825958251953,1.2750691175460815,0.13076207041740417,0.046717576682567596,0.24773761630058289,0.21060910820960999,0.6426101922988892,0.8937827944755554,0.5537993907928467,0.6286640167236328,0.3045825958251953,0.1898261308670044,0.011733908206224442,0.005735300946980715,0.38750603795051575,0.06684979796409607,200.1337432861328,135.72434997558594,34.019287109375,66.55152130126953,306.6710205078125,0.08321798592805862,0.05975000932812691,0.5820257663726807,1.672011375427246,1.0069999694824219,0.024582546204328537,0.029999924823641777,2.614753007888794,0.5,0.05110694468021393,0.3685237169265747,-0.038524042814970016,0.7673762440681458,0.5589444637298584,0.7651647925376892,0.487546443939209,0.46419036388397217,0.7086724042892456,0.3633597493171692,0.5910795331001282,0.7169414758682251,0.4945122003555298,0.13883724808692932,1.0,0.965032696723938,0.06500985473394394,0.1538318395614624,1.0,0.024000000208616257,0.00800000037997961,0.01600000075995922,1.007,0.577979897553066,1.288560682356195,0.21614249161737634,0.45892167982087095,0.9454008644355871,0.7928833563164464,0.4356904071321796,0.13217113585501622,0.12291273102164268,0.0270868930965662,162.8259205395578,0.7259207367897034,0.39546000957489014,0.705122172832489,0.1097642183303833,0.26263344287872314,0.4606982171535492,0.6602761149406433,0.7417448163032532,0.965032696723938,0.9839999992400408,0.6916462753254634,"progress_score,survival_score,orientation_score,slip_score,energy_score,impact_score"
trotting,1,action_space,-1.0,2.5999999046325684,0.0,0.5,-1.0,0.04999999701976776,1.0,0.3700000047683716,1.0,0.03999999910593033,ramp_up_trot_robustness,ramp_up,1.5,trotting,1000,0.6995004415512085,0.6995004415512085,1.2439911365509033,0.26840290427207947,0.12003892660140991,0.2850857973098755,1.413487195968628,0.12003892660140991,0.034334927797317505,0.26621949672698975,0.21158602833747864,0.6491255760192871,0.8674458861351013,0.5500643253326416,0.6302855610847473,0.2850857973098755,0.1794065237045288,0.006547207944095135,0.004569763317704201,0.3672315180301666,0.03868262469768524,194.8802032470703,129.34036254882812,34.046302795410156,66.83715057373047,226.9336395263672,0.08119732141494751,0.059416674077510834,0.6162763833999634,1.8120460510253906,1.005000114440918,0.024879833683371544,0.029999924823641777,2.614377021789551,0.5,0.05107869207859039,0.3685612976551056,0.038561705499887466,0.783592700958252,0.5718486905097961,0.8624610900878906,0.4863085150718689,0.45550376176834106,0.7224615812301636,0.31632012128829956,0.5302810668945312,0.7355698347091675,0.5069714188575745,0.1384841799736023,1.0,0.9657046794891357,0.06456500291824341,0.15014216303825378,1.0,0.024000000208616257,0.007000000216066837,0.017000000923871994,1.005,0.6132103156094527,1.3427698485507216,0.1852968639705419,0.4599848131596071,0.9313677502120745,0.7939052595144759,0.4235640727263454,0.10543704881017552,0.12439916841685772,0.025600455701351166,156.657228111284,0.7496412992477417,0.44364121556282043,0.8006435632705688,0.12243366986513138,0.4613249897956848,0.479763001203537,0.6371452212333679,0.7429820895195007,0.9657046794891357,0.982999999076128,0.7419270962858812,"progress_score,survival_score,orientation_score,slip_score,energy_score,impact_score"
trotting,1,action_space,-1.0,2.5999999046325684,0.0,0.5,0.0,0.07999999821186066,-1.0,0.2900000214576721,0.0,0.0,ramp_up_trot_robustness,ramp_up,1.5,trotting,1000,0.7243554592132568,0.7243554592132568,1.2497555017471313,0.2598710060119629,0.11926321685314178,0.2425869256258011,1.5253674983978271,0.11926321685314178,0.029656117781996727,0.23524260520935059,0.19998544454574585,0.6263667345046997,0.7827123403549194,0.5541677474975586,0.5515919923782349,0.2425869256258011,0.11792328953742981,0.005907231010496616,0.004354516044259071,0.37300553917884827,0.03487083315849304,208.62918090820312,148.09503173828125,34.300926208496094,67.20576477050781,774.8818359375,0.0872049406170845,0.05216667056083679,0.7019449472427368,2.1579456329345703,1.0099999904632568,0.024995118379592896,0.029999924823641777,2.6143953800201416,0.5,0.08000031858682632,0.29144009947776794,0.0,0.7868187427520752,0.6239370107650757,0.847838282585144,0.47102999687194824,0.44897258281707764,0.771662712097168,0.2895582616329193,0.6172952651977539,0.7310285568237305,0.5041398406028748,0.5,1.0,0.9790235757827759,0.23285356163978577,0.3040964603424072,1.0,0.024000000208616257,0.004999999888241291,0.01900000125169754,1.01,0.6949949963258044,1.4617044847620586,0.17220951710633395,0.44719732171128423,0.8847103143712746,0.7426923941836451,0.343399606198711,0.10130028161242044,0.12497559189796448,0.025024032220244408,166.9359971742825,0.7632789015769958,0.5551682114601135,0.8144559264183044,0.12021304666996002,0.4978698194026947,0.4742545485496521,0.5861702561378479,0.7704092860221863,0.9790235757827759,0.9809999987483025,0.752673620214829,"progress_score,survival_score,orientation_score,slip_score,energy_score,impact_score"
trotting,1,action_space,-1.0,2.5999999046325684,0.0,0.5,0.0,0.07999999821186066,0.0,0.33000001311302185,-1.0,-0.03999999910593033,ramp_up_trot_robustness,ramp_up,1.5,trotting,1000,0.7110625505447388,0.7110625505447388,1.236085295677185,0.27644437551498413,0.12925110757350922,0.27353084087371826,1.5923948287963867,0.12925110757350922,0.04031899571418762,0.2391165792942047,0.20960581302642822,0.6434783935546875,0.9903947114944458,0.5811382532119751,0.700284481048584,0.27353084087371826,0.16919885575771332,0.010315046645700932,0.011434026062488556,0.3961576223373413,0.03791686147451401,219.2362060546875,153.2906494140625,33.659637451171875,66.67449951171875,537.108642578125,0.09163236618041992,0.049250002950429916,0.6882490515708923,2.158479690551758,0.9950000047683716,0.024721693247556686,0.029999924823641777,2.614908456802368,0.5,0.08000031858682632,0.33000147342681885,-0.038508493453264236,0.7792551517486572,0.5921212434768677,0.773293137550354,0.48094719648361206,0.46504849195480347,0.7427074909210205,0.2460307776927948,0.6255577802658081,0.727347731590271,0.49342048168182373,0.5,1.0,0.9781941175460815,0.23398630321025848,0.3070511519908905,0.9996000528335571,0.02500000037252903,0.007000000216066837,0.018000001087784767,0.995,0.6917075612437186,1.4728633229763615,0.2007959056210749,0.45782727422733155,0.9951857673291182,0.836830019208551,0.411337885147616,0.14747566819034755,0.12360846623778343,0.026391157880425453,177.36333149613247,0.736617922782898,0.47322171926498413,0.6472766399383545,0.09082918614149094,0.46844467520713806,0.45279523730278015,0.5813910961151123,0.7817267775535583,0.9781941175460815,0.9819999989122152,0.7072060282986898,"progress_score,survival_score,orientation_score,slip_score,energy_score,impact_score"
trotting,1,action_space,-1.0,2.5999999046325684,0.0,0.5,0.0,0.07999999821186066,0.0,0.33000001311302185,0.0,0.0,ramp_up_trot_robustness,ramp_up,1.5,trotting,1000,0.7629553079605103,0.7629553079605103,1.2465230226516724,0.2614571452140808,0.11152110248804092,0.26546889543533325,1.5399549007415771,0.11152110248804092,0.028951305896043777,0.24654071033000946,0.19858318567276,0.6205400228500366,0.8264516592025757,0.5452233552932739,0.6201990246772766,0.26546889543533325,0.15144234895706177,0.007692813873291016,0.004847444128245115,0.3808496296405792,0.03455737978219986,206.540283203125,142.8831787109375,34.017662048339844,67.37162780761719,344.0169677734375,0.08893183618783951,0.05008334293961525,0.5840334892272949,1.7901742458343506,1.003999948501587,0.024930451065301895,0.029999924823641777,2.613765239715576,0.5,0.08000031858682632,0.33000147342681885,0.0,0.7913935780525208,0.6042233109474182,0.8322497606277466,0.483953595161438,0.4652247428894043,0.7493460178375244,0.30850064754486084,0.5814065337181091,0.7351242303848267,0.49777838587760925,0.5,1.0,0.9887281656265259,0.4746195077896118,0.5214059352874756,1.0,0.023000001907348633,0.004000000189989805,0.01900000125169754,1.004,0.581706620782495,1.335305921744915,0.17015083278092935,0.4456267335705523,0.9090938671020588,0.7875271580569629,0.38915594426535716,0.11198329340368647,0.12465225532650948,0.02534736879169941,165.69311553007753,0.7607584595680237,0.49423837661743164,0.7781739830970764,0.1201539859175682,0.5010008215904236,0.4668724238872528,0.6403371095657349,0.7784762978553772,0.9887281656265259,0.9809999987483025,0.7464775431614656,"progress_score,survival_score,orientation_score,slip_score,energy_score,impact_score"
trotting,1,action_space,-1.0,2.5999999046325684,0.0,0.5,0.0,0.07999999821186066,1.0,0.3700000047683716,-1.0,-0.03999999910593033,ramp_up_trot_robustness,ramp_up,1.5,trotting,1000,0.6964496374130249,0.6964496374130249,1.2215335369110107,0.2909732758998871,0.1241539716720581,0.28687605261802673,1.4763879776000977,0.1241539716720581,0.0374886617064476,0.2562335133552551,0.21378947794437408,0.6482157707214355,1.0054492950439453,0.55361407995224,0.6173443794250488,0.28687605261802673,0.17456701397895813,0.0092791011556983,0.004716578871011734,0.38852864503860474,0.029202623292803764,210.12881469726562,146.5502471923828,34.17226791381836,66.92616271972656,462.1090087890625,0.08919186890125275,0.047083333134651184,0.5930081605911255,1.7700228691101074,1.005000114440918,0.024430666118860245,0.029999924823641777,2.6143922805786133,0.5,0.08000031858682632,0.3685598373413086,-0.03856014087796211,0.7615220546722412,0.5711861252784729,0.8043957948684692,0.49369534850120544,0.4703258275985718,0.7214602828025818,0.2806735038757324,0.5729195475578308,0.7307541370391846,0.4918779134750366,0.5,1.0,0.9716753363609314,0.11894795298576355,0.20010906457901,1.0,0.024000000208616257,0.004999999888241291,0.01900000125169754,1.005,0.5900578892646144,1.3271083685849787,0.1936198897490844,0.462373742706454,1.002720945749088,0.7857126570350313,0.4178121754795546,0.11830333903449232,0.12215333059430122,0.02784629352390766,172.02050402040956,0.712723433971405,0.43912169337272644,0.7558490633964539,0.10794200003147125,0.5576339960098267,0.4597569406032562,0.6438405513763428,0.790241539478302,0.9716753363609314,0.9809999987483025,0.7349718587520795,"progress_score,survival_score,orientation_score,slip_score,energy_score,impact_score"
trotting,1,action_space,-1.0,2.5999999046325684,0.0,0.5,0.0,0.07999999821186066,1.0,0.3700000047683716,1.0,0.03999999910593033,ramp_up_trot_robustness,ramp_up,1.5,trotting,1000,0.7021889686584473,0.7021889686584473,1.2145295143127441,0.2939780354499817,0.1352778673171997,0.3052290678024292,1.4329251050949097,0.1352778673171997,0.0422867126762867,0.2545081675052643,0.2125563621520996,0.696948766708374,1.2032115459442139,0.5524111986160278,0.5677741765975952,0.3052290678024292,0.21084335446357727,0.0056603713892400265,0.006855153478682041,0.38273870944976807,0.036209721118211746,207.04832458496094,140.76063537597656,34.3544921875,68.04717254638672,262.16461181640625,0.08889289200305939,0.04866666719317436,0.6534181833267212,1.9701902866363525,1.003000020980835,0.02429058775305748,0.029999924823641777,2.614633083343506,0.5,0.08000031858682632,0.36853572726249695,0.038536012172698975,0.7612516283988953,0.5648384094238281,0.8583652973175049,0.4796600937843323,0.4475489854812622,0.7171051502227783,0.2844035029411316,0.5770174264907837,0.7347064018249512,0.4959746301174164,0.5,1.0,0.9710195064544678,0.11953969299793243,0.20102721452713013,1.0,0.02500000037252903,0.009000000543892384,0.01600000075995922,1.003,0.651463821426346,1.4015339074263873,0.2056373328855602,0.4610383521488203,1.0969099990173368,0.7535079140908841,0.4591768226550391,0.1118728066507767,0.1214529387652874,0.028546685352921486,170.47615734733435,0.7077301740646362,0.39390408992767334,0.7785589694976807,0.10242142528295517,0.48471489548683167,0.4651118218898773,0.6119685769081116,0.784010112285614,0.9710195064544678,0.9839999992400408,0.7258180010204133,"progress_score,survival_score,orientation_score,slip_score,energy_score,impact_score"
trotting,1,action_space,-1.0,2.5999999046325684,0.0,0.5,1.0,0.10999999940395355,-1.0,0.2900000214576721,1.0,0.03999999910593033,ramp_up_trot_robustness,ramp_up,1.5,trotting,1000,0.7056961059570312,0.7056961059570312,1.2676920890808105,0.24360868334770203,0.12702292203903198,0.2790531516075134,1.2352778911590576,0.12702292203903198,0.03763999789953232,0.2646775543689728,0.2095843255519867,0.7311428785324097,1.3702648878097534,0.6011896133422852,0.7509182691574097,0.2790531516075134,0.19050604104995728,0.009066659957170486,0.007277012802660465,0.37997177243232727,0.04042840749025345,228.63211059570312,156.59027099609375,33.640419006347656,67.22190856933594,574.423583984375,0.09753379225730896,0.04275000840425491,0.7347046136856079,2.443009376525879,1.00600004196167,0.02535383030772209,0.029999924823641777,2.61440372467041,0.5,0.10891950130462646,0.2914409339427948,0.038559019565582275,0.7984582185745239,0.6093583703041077,0.8344916105270386,0.4678298234939575,0.433896541595459,0.751625657081604,0.3783118724822998,0.5242687463760376,0.7354263067245483,0.5036327242851257,0.8614907264709473,1.0,0.9657022953033447,0.0645829439163208,0.15027980506420135,1.0,0.024000000208616257,0.003000000026077032,0.021000001579523087,1.006,0.7303226539202287,1.558344841641581,0.19401030359115548,0.4578038068343105,1.1705831400672715,0.8665554045514976,0.43646997726070147,0.1278423746643927,0.12676915153861046,0.023230472579598427,180.3530309647051,0.7886909246444702,0.45899930596351624,0.7211750149726868,0.13695842027664185,0.44549551606178284,0.4676928222179413,0.5449236035346985,0.8075501918792725,0.9657022953033447,0.9789999984204769,0.7283717525693086,"progress_score,survival_score,orientation_score,slip_score,energy_score,impact_score"
trotting,1,action_space,0.0,3.0,0.0,0.5,-1.0,0.04999999701976776,-1.0,0.2900000214576721,0.0,0.0,ramp_up_trot_robustness,ramp_up,1.5,trotting,1000,0.7258812189102173,0.7258812189102173,1.2528512477874756,0.2657131552696228,0.1299874186515808,0.27091407775878906,1.3834714889526367,0.1299874186515808,0.047255970537662506,0.25292423367500305,0.21296924352645874,0.6551560759544373,1.0109925270080566,0.5213155746459961,0.5813045501708984,0.27091407775878906,0.18603646755218506,0.00732628908008337,0.006464206147938967,0.38618195056915283,0.03857193887233734,201.68894958496094,135.55099487304688,33.806922912597656,66.88995361328125,408.0028381347656,0.08090677857398987,0.056833334267139435,0.646109402179718,1.7636113166809082,1.1540000438690186,0.025057025253772736,0.029999924823641777,3.000000238418579,0.5,0.05108204483985901,0.2914426922798157,0.0,0.7847546339035034,0.6257168054580688,0.8237140774726868,0.5250339508056641,0.4643993675708771,0.7612841725349426,0.34949374198913574,0.5673834085464478,0.7191370725631714,0.4975307881832123,0.13852611184120178,1.0,0.9790211915969849,0.23289567232131958,0.30440962314605713,1.0,0.024000000208616257,0.007000000216066837,0.017000000923871994,1.154,0.5598868067590987,1.2362278420031438,0.21738438430039658,0.4614859082642272,1.0054812414998386,0.762433308670928,0.43131944954080736,0.11743293928034985,0.12528512626886368,0.024714497849345207,160.98395555030325,0.7539615035057068,0.480011910200119,0.7589572072029114,0.0974329486489296,0.4623473882675171,0.4619198441505432,0.6824508309364319,0.7526412010192871,0.9790211915969849,0.982999999076128,0.7386142792992103,"progress_score,survival_score,orientation_score,slip_score,energy_score,impact_score"
trotting,1,action_space,0.0,3.0,0.0,0.5,-1.0,0.04999999701976776,0.0,0.33000001311302185,-1.0,-0.03999999910593033,ramp_up_trot_robustness,ramp_up,1.5,trotting,1000,0.7200405597686768,0.7200405597686768,1.2407758235931396,0.2775271534919739,0.13453459739685059,0.27254682779312134,1.4295574426651,0.13453459739685059,0.04060973972082138,0.2723665237426758,0.223405122756958,0.5889270305633545,0.8427120447158813,0.49337059259414673,0.507493257522583,0.27254682779312134,0.17090308666229248,0.008204285055398941,0.005285158753395081,0.4078786373138428,0.04667133837938309,206.6678009033203,146.55589294433594,33.86870574951172,67.39820861816406,312.4223327636719,0.08140555024147034,0.05100001022219658,0.6054456233978271,1.6666746139526367,1.1470000743865967,0.024815533310174942,0.029999924823641777,3.000000238418579,0.5,0.05108270049095154,0.33000147342681885,-0.03855636715888977,0.7755416631698608,0.6156917810440063,0.8181787133216858,0.5448125600814819,0.49141162633895874,0.7569766044616699,0.31919556856155396,0.518846333026886,0.7112454175949097,0.4723208248615265,0.13853418827056885,1.0,0.9790171384811401,0.23291102051734924,0.30456221103668213,1.0,0.024000000208616257,0.006000000052154064,0.018000001087784767,1.147,0.5278514539457553,1.2054347146951672,0.20151858405819892,0.47265751105526504,0.9179934883842484,0.7123856101316077,0.41340426541376235,0.11614406488837052,0.12407766655087471,0.025921957567334175,166.5633686388528,0.7348526120185852,0.475771427154541,0.7635406851768494,0.1062721386551857,0.393204003572464,0.44230425357818604,0.6953998804092407,0.7749164700508118,0.9790171384811401,0.9819999989122152,0.7245743724589165,"progress_score,survival_score,orientation_score,slip_score,energy_score,impact_score"
trotting,1,action_space,0.0,3.0,0.0,0.5,-1.0,0.04999999701976776,1.0,0.3700000047683716,-1.0,-0.03999999910593033,ramp_up_trot_robustness,ramp_up,1.5,trotting,1000,0.6999890804290771,0.6999890804290771,1.2353026866912842,0.2783896327018738,0.12083610147237778,0.27378714084625244,1.385383129119873,0.12083610147237778,0.037313736975193024,0.25813668966293335,0.21378934383392334,0.6008813381195068,0.8497627973556519,0.4955684244632721,0.5130983591079712,0.27378714084625244,0.17009085416793823,0.009051429107785225,0.005179921165108681,0.41008806228637695,0.04257301241159439,197.5659637451172,133.40103149414062,33.88505935668945,67.01060485839844,555.5902709960938,0.08103665709495544,0.06691667437553406,0.6630746126174927,1.7369897365570068,1.1400001049041748,0.024706047028303146,0.029999924823641777,3.000000238418579,0.5,0.05107994005084038,0.3685597777366638,-0.038560058921575546,0.7753032445907593,0.6077367067337036,0.7965925931930542,0.5470066070556641,0.4864881634712219,0.750106930732727,0.32538753747940063,0.5574055314064026,0.7108861207962036,0.47593653202056885,0.13849963247776031,1.0,0.9716753363609314,0.11894892901182175,0.20011551678180695,1.0,0.024000000208616257,0.007000000216066837,0.017000000923871994,1.14,0.5816443727727522,1.2343723541915903,0.1931676395652052,0.46237359768257025,0.9218257955577355,0.7163088433824975,0.4124207247071105,0.11929522317718302,0.12353023514151573,0.026469388976693153,159.9332421710268,0.7334446310997009,0.4725583791732788,0.7522947788238525,0.11864044517278671,0.4267912805080414,0.4403540790081024,0.683233380317688,0.7156361937522888,0.9716753363609314,0.982999999076128,0.7257038310934336,"progress_score,survival_score,orientation_score,slip_score,energy_score,impact_score"
trotting,1,action_space,0.0,3.0,0.0,0.5,-1.0,0.04999999701976776,1.0,0.3700000047683716,0.0,0.0,ramp_up_trot_robustness,ramp_up,1.5,trotting,1000,0.7317618727684021,0.7317618727684021,1.271472692489624,0.24169541895389557,0.09534835070371628,0.24725323915481567,1.3714137077331543,0.09534835070371628,0.020707398653030396,0.25297877192497253,0.21634824573993683,0.5587960481643677,0.7205306887626648,0.4810308814048767,0.5357705354690552,0.24725323915481567,0.12531787157058716,0.007449374999850988,0.00414555799216032,0.3804858922958374,0.037227123975753784,189.93328857421875,120.75055694580078,34.034637451171875,67.32864379882812,401.52490234375,0.08077678084373474,0.06491667032241821,0.6804105639457703,1.8105733394622803,1.1449999809265137,0.025429455563426018,0.029999924823641777,3.000000238418579,0.5,0.05108039081096649,0.3685590922832489,0.0,0.818466305732727,0.6235819458961487,0.8272049427032471,0.552204966545105,0.5023260116577148,0.764586865901947,0.36753761768341064,0.5779950618743896,0.7195658683776855,0.4971880316734314,0.13850528001785278,1.0,0.9790235757827759,0.23285894095897675,0.3041326403617859,1.0,0.024000000208616257,0.0020000000949949026,0.02199999988079071,1.145,0.5942449977824782,1.25749221643697,0.1439006554989601,0.46513250342234397,0.8488407911750382,0.7319634796006255,0.35400264345141147,0.1076797705793029,0.1271472778171301,0.022852346301078796,149.3805487889145,0.7916256189346313,0.5426223874092102,0.7930265069007874,0.1677028387784958,0.4749515652656555,0.46721217036247253,0.6734633445739746,0.7228284478187561,0.9790235757827759,0.9780000001192093,0.7569596927899581,"progress_score,survival_score,orientation_score,slip_score,energy_score,impact_score"
trotting,1,action_space,0.0,3.0,0.0,0.5,-1.0,0.04999999701976776,1.0,0.3700000047683716,1.0,0.03999999910593033,ramp_up_trot_robustness,ramp_up,1.5,trotting,1000,0.705026388168335,0.705026388168335,1.2616922855377197,0.2611248791217804,0.11131767928600311,0.2765270173549652,1.6465659141540527,0.11131767928600311,0.03269311040639877,0.25666093826293945,0.2118053287267685,0.5452314615249634,0.6688938140869141,0.465772807598114,0.4759156107902527,0.2765270173549652,0.18844780325889587,0.00536527531221509,0.004861672408878803,0.3858185410499573,0.03692565858364105,201.1712188720703,138.20999145507812,34.11171340942383,67.36100769042969,986.5010986328125,0.07886597514152527,0.05441667139530182,0.643117368221283,1.6909083127975464,1.1460001468658447,0.025233842432498932,0.029999924823641777,3.000000238418579,0.5,0.05107869580388069,0.36856141686439514,0.03856169059872627,0.7950083017349243,0.6002284288406372,0.8601928353309631,0.5605645179748535,0.5184007883071899,0.7457231283187866,0.2650389075279236,0.5552510023117065,0.7303744554519653,0.49481624364852905,0.13848420977592468,1.0,0.9716765880584717,0.11893065273761749,0.1999788135290146,1.0,0.024000000208616257,0.004999999888241291,0.01900000125169754,1.146,0.5611843888048103,1.2146962946521696,0.1808123624269059,0.46022312928270837,0.8178592874614276,0.6898663716911071,0.4341057512391374,0.10112837248316564,0.12616921216249466,0.023830411955714226,159.44554879031642,0.7612870335578918,0.465486615896225,0.8150230050086975,0.10021592676639557,0.47782382369041443,0.46225568652153015,0.6915140748023987,0.7617907524108887,0.9716765880584717,0.9809999987483025,0.7520751960766621,"progress_score,survival_score,orientation_score,slip_score,energy_score,impact_score"
trotting,1,action_space,0.0,3.0,0.0,0.5,0.0,0.07999999821186066,0.0,0.33000001311302185,-1.0,-0.03999999910593033,ramp_up_trot_robustness,ramp_up,1.5,trotting,1000,0.7575238943099976,0.7575238943099976,1.266678810119629,0.2529773712158203,0.11445415019989014,0.27575573325157166,1.6220693588256836,0.11445415019989014,0.03496360778808594,0.24054865539073944,0.20577862858772278,0.5862960815429688,0.7993902564048767,0.4783966541290283,0.4536297917366028,0.27575573325157166,0.17392116785049438,0.009208261966705322,0.006784258875995874,0.3900335431098938,0.039324093610048294,217.6952362060547,152.1715087890625,33.61530303955078,66.70341491699219,425.44647216796875,0.08744999021291733,0.05050000548362732,0.7455387115478516,2.2445483207702637,1.1440000534057617,0.02533358708024025,0.029999924823641777,3.000000238418579,0.5,0.08000031858682632,0.33000147342681885,-0.03856002539396286,0.7919777631759644,0.6024502515792847,0.7951074838638306,0.5555950999259949,0.5064842700958252,0.7476389408111572,0.2881348133087158,0.6054792404174805,0.7318772673606873,0.4902743101119995,0.5,1.0,0.9882368445396423,0.47577154636383057,0.5248967409133911,1.0,0.024000000208616257,0.006000000052154064,0.018000001087784767,1.144,0.6516946645883414,1.4007204501911499,0.18698558176524183,0.4536282934162317,0.8940862689947077,0.6735204464131752,0.4170385687805079,0.1264615389859747,0.12666793540120125,0.023331688717007637,171.86301252287856,0.7741495370864868,0.46747368574142456,0.7262576818466187,0.09814184159040451,0.4554443061351776,0.4583752453327179,0.6123174428939819,0.7768561840057373,0.9882368445396423,0.9819999989122152,0.7315295009085765,"progress_score,survival_score,orientation_score,slip_score,energy_score,impact_score"
trotting,1,action_space,0.0,3.0,0.0,0.5,1.0,0.10999999940395355,-1.0,0.2900000214576721,0.0,0.0,ramp_up_trot_robustness,ramp_up,1.5,trotting,1000,0.7309337854385376,0.7309337854385376,1.251765251159668,0.2613718509674072,0.1108163446187973,0.26531869173049927,1.4930442571640015,0.1108163446187973,0.030509520322084427,0.23628735542297363,0.1893991380929947,0.6316177248954773,1.1043505668640137,0.4825066924095154,0.5130122900009155,0.26531869173049927,0.1596066951751709,0.007063326891511679,0.004805909935384989,0.3726643919944763,0.027765950188040733,224.46200561523438,155.33154296875,33.13520050048828,66.1109619140625,257.9564514160156,0.0940781682729721,0.0416666716337204,0.7527064085006714,2.3307909965515137,1.1480000019073486,0.025035306811332703,0.029999924823641777,3.000000238418579,0.5,0.10892097651958466,0.2914389669895172,0.0,0.7998054027557373,0.6176884174346924,0.8455137610435486,0.5559595823287964,0.48140597343444824,0.7637190818786621,0.332156777381897,0.6096850633621216,0.7421589493751526,0.504946768283844,0.861508846282959,1.0,0.9790239334106445,0.23283448815345764,0.3039647340774536,1.0,0.024000000208616257,0.004000000189989805,0.020000001415610313,1.148,0.6556676140230292,1.424887907897845,0.17466974644191943,0.4352001126987385,1.0508808528391853,0.7162487626522754,0.39950806647071707,0.1089460271276409,0.1251765340566635,0.024823090061545372,179.3163737428299,0.7608941793441772,0.4946325719356537,0.7886877655982971,0.12206094712018967,0.5738891363143921,0.47457823157310486,0.6019526720046997,0.8119363188743591,0.9790239334106445,0.9799999985843897,0.755635052632827,"progress_score,survival_score,orientation_score,slip_score,energy_score,impact_score"
trotting,1,action_space,0.0,3.0,0.0,0.5,1.0,0.10999999940395355,1.0,0.3700000047683716,-1.0,-0.03999999910593033,ramp_up_trot_robustness,ramp_up,1.5,trotting,1000,0.7049051523208618,0.7049051523208618,1.2123994827270508,0.3023625910282135,0.12152028828859329,0.29595673084259033,1.23160719871521,0.12152028828859329,0.041311830282211304,0.2559473216533661,0.21762868762016296,0.6623153686523438,1.331276535987854,0.5021491050720215,0.600175142288208,0.29595673084259033,0.1961815506219864,0.009736155159771442,0.009225746616721153,0.4128948748111725,0.031772904098033905,232.1014404296875,162.75067138671875,33.53209686279297,67.4251708984375,348.7673645019531,0.0983806848526001,0.0480833426117897,0.7792210578918457,2.4267523288726807,1.1349999904632568,0.02424798533320427,0.029999924823641777,3.000000238418579,0.5,0.10887404531240463,0.36849820613861084,-0.038498394191265106,0.7683577537536621,0.5794724822044373,0.7790718078613281,0.5503851175308228,0.48618149757385254,0.7264241576194763,0.3796401619911194,0.5811668634414673,0.7317758202552795,0.47913655638694763,0.8609223365783691,1.0,0.9704938530921936,0.1201435923576355,0.2048110067844391,0.9998000264167786,0.02500000037252903,0.00800000037997961,0.017000000923871994,1.135,0.6865383870801212,1.4622269532425862,0.20325311875149987,0.4665068998634028,1.1538095752713504,0.7747097148533817,0.442923865491561,0.1377022213927306,0.12123992666602135,0.028759697452187538,191.4397389114862,0.6937160491943359,0.41648539900779724,0.6843826770782471,0.12772910296916962,0.5296927690505981,0.437889039516449,0.5859463810920715,0.7863001227378845,0.9704938530921936,0.982999999076128,0.7079375445460664,"progress_score,survival_score,orientation_score,slip_score,energy_score,impact_score"
trotting,1,action_space,0.0,3.0,0.0,0.5,1.0,0.10999999940395355,1.0,0.3700000047683716,1.0,0.03999999910593033,ramp_up_trot_robustness,ramp_up,1.5,trotting,1000,0.7060786485671997,0.7060786485671997,1.238727331161499,0.2759762108325958,0.1096302792429924,0.2708517014980316,1.5504792928695679,0.1096302792429924,0.035327523946762085,0.25514134764671326,0.20744647085666656,0.5695080757141113,0.786575198173523,0.49433964490890503,0.5589864253997803,0.2708517014980316,0.16414448618888855,0.0070145390927791595,0.00484140170738101,0.40985479950904846,0.031649522483348846,228.36474609375,160.39295959472656,34.02107238769531,68.2190170288086,523.2618408203125,0.0957893580198288,0.03958333283662796,0.7687614560127258,2.363215446472168,1.1410000324249268,0.02477453462779522,0.029999924823641777,3.000000238418579,0.5,0.10892101377248764,0.36856067180633545,0.03856101632118225,0.7849932909011841,0.5999030470848083,0.844230055809021,0.5453627109527588,0.521665096282959,0.746368408203125,0.3049241900444031,0.5579348802566528,0.7303476333618164,0.4780648946762085,0.8615095615386963,1.0,0.9716757535934448,0.11893820762634277,0.20003890991210938,1.0,0.024000000208616257,0.005000000353902578,0.01900000125169754,1.141,0.6737611521554557,1.4391591578191891,0.1879561756015537,0.4554629192993284,0.8868907475972014,0.7476539476253571,0.4051474869586242,0.10888498886513315,0.1238726731389761,0.026126950979232788,184.35432911585363,0.73738032579422,0.48017412424087524,0.7888975739479065,0.10466089099645615,0.5310014486312866,0.4405595660209656,0.5958330631256104,0.8204382061958313,0.9716757535934448,0.9809999987483025,0.7408363089347497,"progress_score,survival_score,orientation_score,slip_score,energy_score,impact_score"
trotting,1,action_space,1.0,3.4000000953674316,0.0,0.5,-1.0,0.04999999701976776,0.0,0.33000001311302185,1.0,0.03999999910593033,ramp_up_trot_robustness,ramp_up,1.5,trotting,1000,0.7093926668167114,0.7093926668167114,1.2984204292297363,0.24639615416526794,0.11701314151287079,0.2522554099559784,1.633479356765747,0.11701314151287079,0.03752309828996658,0.2602385878562927,0.22119596600532532,0.6323438286781311,0.94492107629776,0.40804386138916016,0.4046734571456909,0.2522554099559784,0.13652968406677246,0.004823576658964157,0.004495564848184586,0.37514811754226685,0.03754216432571411,213.09991455078125,140.79481506347656,33.74180603027344,66.82568359375,501.7895812988281,0.07772275805473328,0.046166665852069855,0.7267186641693115,1.9077389240264893,1.2890000343322754,0.02596839889883995,0.029999924823641777,3.3851382732391357,0.5,0.0511152409017086,0.33000147342681885,0.03851298242807388,0.7995489835739136,0.632068395614624,0.8836107850074768,0.6333158016204834,0.46969279646873474,0.7741796970367432,0.26944658160209656,0.5636038780212402,0.7295907139778137,0.5038243532180786,0.13894090056419373,1.0,0.9705715179443359,0.11996111273765564,0.20284545421600342,1.0,0.02500000037252903,0.006000000052154064,0.01900000125169754,1.289,0.5637848160819918,1.2165585296292263,0.19370879765763502,0.47031475206007023,0.9720705099414136,0.6361394950368126,0.3694992341896969,0.09653570068709681,0.12984199449419975,0.020157629624009132,164.12242887860197,0.7843936681747437,0.5292322635650635,0.8299558162689209,0.09218651801347733,0.4719683825969696,0.47222664952278137,0.6907318234443665,0.7938717603683472,0.9705715179443359,0.9809999987483025,0.763098133298067,"progress_score,survival_score,orientation_score,slip_score,energy_score,impact_score"
trotting,1,action_space,1.0,3.4000000953674316,0.0,0.5,-1.0,0.04999999701976776,1.0,0.3700000047683716,1.0,0.03999999910593033,ramp_up_trot_robustness,ramp_up,1.5,trotting,1000,0.6988773345947266,0.6988773345947266,1.2478612661361694,0.2847598195075989,0.11703355610370636,0.24773076176643372,1.4443097114562988,0.11703355610370636,0.033332426100969315,0.26216912269592285,0.21392673254013062,0.6126793622970581,0.8843708038330078,0.41301706433296204,0.4100094735622406,0.24773076176643372,0.14214064180850983,0.0058145285584032536,0.0035730351228266954,0.40879642963409424,0.032615870237350464,210.3330078125,146.03024291992188,33.795654296875,67.20014953613281,479.8263244628906,0.07693130522966385,0.05700001120567322,0.789372980594635,2.166334629058838,1.2890000343322754,0.024957221001386642,0.029999924823641777,3.385608673095703,0.5,0.051079973578453064,0.3685596287250519,0.03856000304222107,0.7739291191101074,0.6263285875320435,0.8708106279373169,0.6434438228607178,0.4693814516067505,0.7711849212646484,0.31484994292259216,0.545527458190918,0.7208874225616455,0.47432172298431396,0.1385001540184021,1.0,0.9657028913497925,0.06457643210887909,0.15023180842399597,1.0,0.024000000208616257,0.004000000189989805,0.020000001415610313,1.289,0.6123917182348235,1.296391936635015,0.18257170125999625,0.46252214275657183,0.9404099126620304,0.6403198213098206,0.3770154397481751,0.09688944050426727,0.12478610500693321,0.025213519111275673,168.55480133922836,0.7229952812194824,0.5413413047790527,0.8288208246231079,0.1211218386888504,0.5208373665809631,0.44149312376976013,0.6569430232048035,0.7520142197608948,0.9657028913497925,0.9799999985843897,0.7490957510203887,"progress_score,survival_score,orientation_score,slip_score,energy_score,impact_score"
trotting,1,action_space,1.0,3.4000000953674316,0.0,0.5,0.0,0.07999999821186066,0.0,0.33000001311302185,-1.0,-0.03999999910593033,ramp_up_trot_robustness,ramp_up,1.5,trotting,1000,0.7208399772644043,0.7208399772644043,1.281137466430664,0.2574244439601898,0.12136657536029816,0.23676751554012299,1.3780174255371094,0.12136657536029816,0.03905292600393295,0.24434933066368103,0.21114790439605713,0.6648495197296143,0.9578659534454346,0.41176730394363403,0.40416020154953003,0.23676751554012299,0.12528514862060547,0.010632958263158798,0.004924996756017208,0.4082797169685364,0.03152049705386162,220.56900024414062,152.20059204101562,33.57025146484375,65.85638427734375,841.2835693359375,0.0865134745836258,0.043916672468185425,0.7825194597244263,2.286501407623291,1.2810001373291016,0.025622740387916565,0.029999924823641777,3.3855910301208496,0.5,0.08000031858682632,0.33000147342681885,-0.03855825215578079,0.7901498079299927,0.6536943912506104,0.7733648419380188,0.6341909170150757,0.4463980495929718,0.7856637239456177,0.32980334758758545,0.5932122468948364,0.7183055281639099,0.47454431653022766,0.5,1.0,0.979022741317749,0.23287871479988098,0.30427560210227966,1.0,0.024000000208616257,0.004000000189989805,0.020000001415610313,1.281,0.6108660493205992,1.3360143741491912,0.19761813176915966,0.45950832897354227,0.9787062651508034,0.6357359526954017,0.35395642192310267,0.12473153177595474,0.12811370193958282,0.02188592217862606,172.16653639726957,0.767152726650238,0.570872962474823,0.732597291469574,0.11543173342943192,0.5323734879493713,0.44194960594177246,0.6400342583656311,0.8028532266616821,0.979022741317749,0.9799999985843897,0.7447133240982509,"progress_score,survival_score,orientation_score,slip_score,energy_score,impact_score"
trotting,1,action_space,1.0,3.4000000953674316,0.0,0.5,0.0,0.07999999821186066,1.0,0.3700000047683716,0.0,0.0,ramp_up_trot_robustness,ramp_up,1.5,trotting,1000,0.7188022136688232,0.7188022136688232,1.215275526046753,0.302543967962265,0.12600132822990417,0.26863759756088257,1.4715943336486816,0.12600132822990417,0.04536798596382141,0.2536708116531372,0.20807209610939026,0.5759165287017822,0.7530126571655273,0.4056878685951233,0.4361151456832886,0.26863759756088257,0.14300335943698883,0.006836294662207365,0.004187725950032473,0.4156767725944519,0.03614138811826706,222.85098266601562,160.34738159179688,33.531471252441406,66.01754760742188,231.41920471191406,0.08293941617012024,0.047666676342487335,0.7176361083984375,1.9952912330627441,1.2810001373291016,0.02430550754070282,0.029999924823641777,3.385608673095703,0.5,0.08000031858682632,0.36855965852737427,0.0,0.7472742795944214,0.5906984210014343,0.8604875802993774,0.6363855004310608,0.48290008306503296,0.7416836023330688,0.29536476731300354,0.5691097974777222,0.7202021479606628,0.4637709856033325,0.5,1.0,0.9790235757827759,0.23285095393657684,0.3040787875652313,1.0,0.024000000208616257,0.005000000353902578,0.01900000125169754,1.281,0.5602155412946429,1.2480401928412244,0.21299761962008262,0.4561492037802875,0.8677630190124072,0.6603901465673823,0.3781578498947084,0.10499533614518236,0.1215275377035141,0.028472086414694786,183.37486264612087,0.693411648273468,0.48594415187835693,0.8021333813667297,0.09264744073152542,0.4853777587413788,0.4354594647884369,0.6774625182151794,0.7879399657249451,0.9790235757827759,0.9809999987483025,0.7311510218259616,"progress_score,survival_score,orientation_score,slip_score,energy_score,impact_score"
trotting,1,action_space,1.0,3.4000000953674316,0.0,0.5,1.0,0.10999999940395355,1.0,0.3700000047683716,-1.0,-0.03999999910593033,ramp_up_trot_robustness,ramp_up,1.5,trotting,1000,0.6937536597251892,0.6937536597251892,1.25948166847229,0.265042781829834,0.12115631997585297,0.2606382966041565,1.3988252878189087,0.12115631997585297,0.03614883869886398,0.271833598613739,0.21554195880889893,0.6184970140457153,0.9829972982406616,0.44106411933898926,0.5559401512145996,0.2606382966041565,0.16557136178016663,0.009111910127103329,0.006339408457279205,0.43355172872543335,0.04321710020303726,242.368408203125,176.49758911132812,33.50949478149414,66.1847915649414,436.2170715332031,0.09177777171134949,0.04399999976158142,0.8807078003883362,2.890594482421875,1.2829999923706055,0.025189634412527084,0.029999924823641777,3.3850255012512207,0.5,0.10887651890516281,0.36850136518478394,-0.03850167989730835,0.7733138799667358,0.6326754093170166,0.7998250126838684,0.6265677213668823,0.47706884145736694,0.7681878209114075,0.31867659091949463,0.521210253238678,0.7252277135848999,0.45544910430908203,0.8609532713890076,1.0,0.964275598526001,0.0655573308467865,0.15470382571220398,1.0,0.02500000037252903,0.007000000216066837,0.018000001087784767,1.283,0.6864440870396532,1.5009984939681587,0.19012847945235345,0.464264966165765,0.9914622021240455,0.7456139424759972,0.40690461017315427,0.1243033329576586,0.12594817206263542,0.024051452055573463,192.4350423433395,0.7550353407859802,0.5069599747657776,0.7341614365577698,0.11981551349163055,0.42132869362831116,0.42016682028770447,0.5693561434745789,0.8025187849998474,0.964275598526001,0.9819999989122152,0.719498915454516,"progress_score,survival_score,orientation_score,slip_score,energy_score,impact_score"
bounding,2,action_space,-1.0,2.5999999046325684,0.0,0.5,-1.0,0.08999999612569809,1.0,0.3799999952316284,-1.0,-0.03999999910593033,ramp_up_trot_robustness,ramp_up,1.5,trotting,1000,0.6714921593666077,0.6714921593666077,1.285894513130188,0.3278864026069641,0.10311412811279297,0.21025635302066803,1.2488034963607788,0.10311412811279297,0.024129226803779602,0.2998058795928955,0.2699633240699768,0.591728150844574,0.7572548389434814,1.8932926654815674,5.302309036254883,0.21025635302066803,0.10083582997322083,0.030773157253861427,0.003638805355876684,0.4492189884185791,0.04948027431964874,255.31442260742188,170.10113525390625,34.68741226196289,66.25209045410156,581.0987548828125,0.0989590659737587,0.0429166704416275,0.6995836496353149,2.3635637760162354,1.0090000629425049,0.025717902928590775,0.029999924823641777,2.6149935722351074,0.5,0.09112495183944702,0.3800007998943329,-0.03850003331899643,0.7061090469360352,0.6802148818969727,0.6127686500549316,0.14335590600967407,0.4702623784542084,0.8135373592376709,0.392717182636261,0.49845194816589355,0.6957671642303467,0.45235681533813477,0.6390622854232788,0.9783835411071777,0.9583152532577515,0.0655684843659401,0.15479154884815216,1.0,0.02500000037252903,0.009999999776482582,0.015000000596046448,1.009,0.6933435264262264,1.530516706282307,0.15533585163695984,0.5195799496419938,0.8702039065319584,2.302674322663733,0.3175465792182634,0.185504616141319,0.12858951464295387,0.021410109475255013,198.55005212357807,0.6504843831062317,0.6426999568939209,0.5024600028991699,0.17703849077224731,0.37172332406044006,0.4072052240371704,0.5567603707313538,0.8068775534629822,0.9583152532577515,0.9849999994039536,0.6489294102558723,"progress_score,survival_score,orientation_score,slip_score,energy_score,impact_score"
pacing,3,action_space,0.0,2.5,0.0,0.5,-1.0,0.08999999612569809,-1.0,0.3400000035762787,1.0,0.03999999910593033,ramp_up_trot_robustness,ramp_up,1.5,trotting,1000,0.6731384992599487,0.6731384992599487,1.2959041595458984,0.28420794010162354,0.24038052558898926,0.261972039937973,1.2246617078781128,0.24038052558898926,0.09150677174329758,0.3075059652328491,0.2604522407054901,0.8693894743919373,1.311415433883667,0.4517323970794678,0.4866022765636444,0.261972039937973,0.1850079447031021,0.005430986173450947,0.006626919377595186,0.38495004177093506,0.0586278960108757,219.16441345214844,147.58309936523438,34.08856964111328,69.47410583496094,374.1333312988281,0.08999836444854736,0.05483333766460419,0.5182833075523376,1.4971294403076172,0.9640000462532043,0.02591809630393982,0.029999924823641777,2.5,0.5,0.09116993844509125,0.34155920147895813,0.0384400449693203,0.7257413864135742,0.6227734684944153,0.8485426306724548,0.5888350009918213,0.3123019337654114,0.7635985612869263,0.2510488033294678,0.45365452766418457,0.5776987075805664,0.501087486743927,0.6396245956420898,0.9775188565254211,0.960472047328949,0.12130165845155716,0.20923280715942383,1.0,0.026000000536441803,0.009000000543892384,0.017000000923871994,0.964,0.5376382408300376,1.2462097700658268,0.30250086238438656,0.5103452171868471,1.1451704824538864,0.6975688328499521,0.4301254987827414,0.10980849489473087,0.1295904815196991,0.02040914259850979,169.12085036361523,0.7239038944244385,0.5034385919570923,0.7857173681259155,0.047132279723882675,0.30957406759262085,0.46305933594703674,0.678236186504364,0.7602053284645081,0.960472047328949,0.982999999076128,0.7168424926125088,"progress_score,survival_score,orientation_score,slip_score,energy_score,impact_score"
pacing,3,action_space,0.0,2.5,0.0,0.5,-1.0,0.08999999612569809,1.0,0.3799999952316284,1.0,0.03999999910593033,ramp_up_trot_robustness,ramp_up,1.5,trotting,1000,0.6667376756668091,0.6667376756668091,1.258553385734558,0.3213472068309784,0.2520217001438141,0.3026156425476074,1.3862534761428833,0.2520217001438141,0.10176113247871399,0.30447885394096375,0.2501106858253479,0.9167393445968628,1.4912021160125732,0.4695160984992981,0.5192911624908447,0.3026156425476074,0.2733097970485687,0.0074306149035692215,0.009446141310036182,0.3899012506008148,0.05927977338433266,217.53338623046875,143.73403930664062,34.76549530029297,68.90345001220703,405.2162780761719,0.09590710699558258,0.03099999949336052,0.4456735849380493,1.248450517654419,0.9450000524520874,0.025171061977744102,0.029999924823641777,2.5,0.5,0.09114312380552292,0.3800007998943329,0.038475826382637024,0.7026588320732117,0.6024847030639648,0.8401200175285339,0.5742239952087402,0.3023737967014313,0.742341160774231,0.2385394275188446,0.4735814332962036,0.5728288292884827,0.4952889382839203,0.6392892599105835,0.9775189161300659,0.9609963893890381,0.12071828544139862,0.20560100674629211,0.9998000264167786,0.026000000536441803,0.004000000189989805,0.02199999988079071,0.945,0.4716122581845238,1.1493961789308649,0.3190002076468195,0.5001106735767074,1.2211478682012975,0.7206185971031033,0.5227903949467403,0.12991057006112092,0.1258553098887205,0.024144314229488373,172.84398794374926,0.6616251468658447,0.4002114534378052,0.7135269045829773,0.032664183527231216,0.30556416511535645,0.4584965407848358,0.7187239527702332,0.8564151525497437,0.9609963893890381,0.9780000001192093,0.6843942900498708,"progress_score,survival_score,orientation_score,slip_score,energy_score,impact_score"
pacing,3,action_space,1.0,2.9000000953674316,0.0,0.5,-1.0,0.08999999612569809,-1.0,0.3400000035762787,0.0,0.0,ramp_up_trot_robustness,ramp_up,1.5,trotting,1000,0.674531877040863,0.674531877040863,1.2887310981750488,0.26521041989326477,0.19732379913330078,0.26726478338241577,1.2963135242462158,0.19732379913330078,0.05845687538385391,0.29228153824806213,0.2586442232131958,1.0025157928466797,1.5967819690704346,0.40887993574142456,0.4144262671470642,0.26726478338241577,0.15767008066177368,0.006116223521530628,0.005354603752493858,0.383681058883667,0.058347154408693314,220.12315368652344,148.6325225830078,34.446441650390625,68.99980926513672,679.5436401367188,0.08948169648647308,0.04075000435113907,0.6659055948257446,1.9101824760437012,1.1059999465942383,0.025774633511900902,0.029999924823641777,2.88462495803833,0.5,0.09115367382764816,0.3415374755859375,0.0,0.751347005367279,0.5991548299789429,0.8288615942001343,0.6397817134857178,0.26820310950279236,0.7496688365936279,0.2621578574180603,0.5058438181877136,0.5798304080963135,0.5048657655715942,0.6394212245941162,0.9775189161300659,0.9606775045394897,0.12099804729223251,0.20648527145385742,1.0,0.026000000536441803,0.00800000037997961,0.018000001087784767,1.106,0.6020846099577588,1.3141950867426768,0.2417785668413433,0.5085707651971314,1.2636383854055853,0.6437594792677341,0.3970769203337984,0.1071019480402877,0.1288731675595045,0.021126456558704376,170.80611618532078,0.7547669410705566,0.4895324110984802,0.7949973344802856,0.08497051149606705,0.31131717562675476,0.4642360508441925,0.6493540406227112,0.8156662583351135,0.9606775045394897,0.9819999989122152,0.7240930382066811,"progress_score,survival_score,orientation_score,slip_score,energy_score,impact_score"
pacing,3,action_space,1.0,2.9000000953674316,0.0,0.5,0.0,0.11999999731779099,0.0,0.3799999952316284,1.0,0.03999999910593033,ramp_up_trot_robustness,ramp_up,1.5,trotting,1000,0.6938474178314209,0.6938474178314209,1.2884414196014404,0.26924973726272583,0.20940999686717987,0.29493218660354614,1.268070936203003,0.20940999686717987,0.06576862186193466,0.3022357225418091,0.24512961506843567,1.0492055416107178,1.8457481861114502,0.4115358591079712,0.42145898938179016,0.29493218660354614,0.20666790008544922,0.004100979771465063,0.006793061271309853,0.41347479820251465,0.05318986624479294,244.87188720703125,173.47952270507812,34.29009246826172,68.58767700195312,384.71405029296875,0.1004001572728157,0.040583331137895584,0.6956966519355774,2.228766918182373,1.0989999771118164,0.02576882764697075,0.029999924823641777,2.885006904602051,0.5,0.11999969929456711,0.3800007998943329,0.038499973714351654,0.7449718713760376,0.580620288848877,0.8479483127593994,0.6381412148475647,0.25647270679473877,0.7333647012710571,0.27050065994262695,0.45373088121414185,0.5820476412773132,0.484782338142395,1.0,0.9783835411071777,0.9660163521766663,0.23414015769958496,0.30833277106285095,1.0,0.026000000536441803,0.00800000037997961,0.018000001087784767,1.099,0.6330269838702798,1.4240770808351344,0.256453937115293,0.4951056605093863,1.3585831539186146,0.6491987287277988,0.4546074131439667,0.10437452295831065,0.12884413823485374,0.02115548588335514,190.05279051241507,0.7482772469520569,0.41901442408561707,0.8042212724685669,0.07551353424787521,0.3451426923274994,0.43738144636154175,0.6023004055023193,0.816346287727356,0.9660163521766663,0.9819999989122152,0.7206269696545906,"progress_score,survival_score,orientation_score,slip_score,energy_score,impact_score"
pacing,3,action_space,1.0,2.9000000953674316,0.0,0.5,1.0,0.11999999731779099,-1.0,0.3400000035762787,0.0,0.0,ramp_up_trot_robustness,ramp_up,1.5,trotting,1000,0.674526572227478,0.674526572227478,1.272998571395874,0.27734315395355225,0.19691666960716248,0.2550308108329773,1.4675137996673584,0.19691666960716248,0.059510573744773865,0.2787119746208191,0.23451972007751465,1.0218243598937988,1.7001702785491943,0.416878342628479,0.45164501667022705,0.2550308108329773,0.15967091917991638,0.006022503599524498,0.005666815675795078,0.39923810958862305,0.05185815691947937,234.50746154785156,164.7855224609375,33.74440002441406,67.99131774902344,340.94268798828125,0.09584306180477142,0.04150000214576721,0.7215578556060791,2.192361831665039,1.1110000610351562,0.025459975004196167,0.029999924823641777,2.8856072425842285,0.5,0.11999969929456711,0.3414391875267029,0.0,0.7555139064788818,0.6336736679077148,0.8313981294631958,0.6295225620269775,0.26364144682884216,0.772937536239624,0.24792861938476562,0.5205965042114258,0.5785195827484131,0.49127787351608276,1.0,0.9792482256889343,0.963512659072876,0.11894971132278442,0.20012079179286957,1.0,0.024000000208616257,0.00800000037997961,0.01600000075995922,1.111,0.6494670218975023,1.4047501439979748,0.2439478914538387,0.48427236146358243,1.3039057782482577,0.6720453977747538,0.39958843724501886,0.10811715532384107,0.12729987502098083,0.02269974909722805,184.21659443867907,0.7351527810096741,0.5218333005905151,0.7915309071540833,0.07010751217603683,0.3544588088989258,0.4500141739845276,0.6105892658233643,0.8126132488250732,0.963512659072876,0.9839999992400408,0.7221488162684135,"progress_score,survival_score,orientation_score,slip_score,energy_score,impact_score"
