gait,gait_id,grid_mode,frequency_residual,frequency,duration_residual,duration,footswing_height_residual,footswing_height,stance_width_residual,stance_width,body_pitch_residual,body_pitch,task_id,condition,cmd_vx,target_gait,samples,reward_mean,weighted_metric_reward_mean,measured_vx_mean,vx_abs_error_mean,vy_abs_mean,yaw_abs_mean,lateral_offset_abs_mean,lateral_vel_abs_mean,lateral_vel_sq_mean,base_z_vel_abs_mean,base_z_vel_sq_mean,roll_rate_abs_mean,roll_rate_sq_mean,pitch_rate_abs_mean,pitch_rate_sq_mean,yaw_rate_abs_mean,yaw_rate_sq_mean,gravity_x_sq_mean,gravity_y_sq_mean,torque_penalty_mean,slip_penalty_mean,mechanical_power_abs_mean,positive_mechanical_power_mean,contact_force_mean_mean,stance_contact_force_mean_mean,peak_contact_force_mean,swing_foot_clearance_mean_mean,scuffing_ratio_mean,foot_impact_vel_sum_mean,foot_impact_vel_sq_sum_mean,foot_impact_count_mean,forward_distance_mean,target_forward_distance_mean,actual_frequency_mean,actual_duration_mean,actual_footswing_height_mean,actual_stance_width_mean,actual_body_pitch_mean,score_progress,score_yaw_tracking,score_orientation,score_pitch_rate,score_roll_rate,score_yaw_rate,score_lateral_drift,score_vertical_bounce,score_slip,score_energy,score_clearance,score_gait_stability,score_action_smoothness,score_action_magnitude,score_action_boundary_margin,score_survival,done_rate,edge_reset_rate,fall_rate,foot_impact_rate,foot_impact_vel_mean,foot_impact_vel_rms,lateral_vel_rms,base_z_vel_rms,roll_rate_rms,pitch_rate_rms,yaw_rate_rms,orientation_rms,forward_distance_ratio,progress_deficit,transport_cost_proxy,progress_score,yaw_score,orientation_score,lateral_score,slip_score,energy_score,impact_score,scuffing_score,smoothness_score,survival_score,neutral_score
pronking,0,action_space,-1.0,2.5999999046325684,0.0,0.5,-1.0,0.04999999701976776,-1.0,0.2900000214576721,-1.0,-0.03999999910593033,stepping_stones_easy_bound_highspeed,stepping_stones_easy,2.0,bounding,1000,0.5475113391876221,0.5475113391876221,1.0391432046890259,0.9614441394805908,0.1817341446876526,0.5731154680252075,1.4423034191131592,0.1817341446876526,0.056809164583683014,0.4099062979221344,0.25452402234077454,1.1550281047821045,3.1761298179626465,1.2279460430145264,2.7218079566955566,0.5731154680252075,0.6825763583183289,0.04666706919670105,0.02474920079112053,0.5929149985313416,0.24859775602817535,348.15069580078125,261.779296875,32.36628341674805,45.699066162109375,469.3794860839844,0.07508394122123718,0.13591665029525757,0.5912154316902161,1.9162628650665283,0.9080000519752502,0.020782850682735443,0.04000015929341316,2.6116085052490234,0.5,0.05087113752961159,0.2911614179611206,-0.03883844614028931,0.2638010084629059,0.37637561559677124,0.5956021547317505,0.26660245656967163,0.3288609981536865,0.5107802152633667,0.30596256256103516,0.28764107823371887,0.6378649473190308,0.435169517993927,0.13589006662368774,0.9835715293884277,0.9680501222610474,0.05981989949941635,0.13006815314292908,0.9996000528335571,0.01900000125169754,0.003000000026077032,0.01600000075995922,0.908,0.6511183415215446,1.4527289735557973,0.2383467318502249,0.5045037386786886,1.7821699744869024,1.6497902765792858,0.8261817949569749,0.2672382270331503,0.10391425341367722,0.0960865430533886,335.03630128146665,0.02478543110191822,0.03745506331324577,0.2397100031375885,0.07588876038789749,0.0069295852445065975,0.3054925203323364,0.5900161862373352,0.5068281888961792,0.9680501222610474,0.9839999992400408,0.45824645391028196
pronking,0,action_space,-1.0,2.5999999046325684,0.0,0.5,-1.0,0.04999999701976776,-1.0,0.2900000214576721,0.0,0.0,stepping_stones_easy_bound_highspeed,stepping_stones_easy,2.0,bounding,1000,0.5567076206207275,0.5567076206207275,1.0530555248260498,0.947661280632019,0.1739598512649536,0.570481538772583,1.80205237865448,0.1739598512649536,0.05761651694774628,0.41847044229507446,0.2578551173210144,1.2146780490875244,3.88549542427063,1.249891996383667,2.9050631523132324,0.570481538772583,0.7928532958030701,0.05108833312988281,0.034078449010849,0.6058062314987183,0.2406841516494751,348.05023193359375,263.56427001953125,32.470680236816406,45.45888137817383,598.784423828125,0.07244302332401276,0.13058333098888397,0.6312192678451538,2.029223918914795,0.9520000219345093,0.02106110379099846,0.04000015929341316,2.6125142574310303,0.5,0.05093907564878464,0.2912522554397583,0.0,0.2821007966995239,0.40448927879333496,0.5994731187820435,0.2665606141090393,0.3239971399307251,0.5434389114379883,0.2624477744102478,0.272823691368103,0.6496298313140869,0.43056613206863403,0.13673944771289825,0.9818421602249146,0.9681013822555542,0.11532732844352722,0.18547740578651428,0.9996000528335571,0.021000001579523087,0.0020000000949949026,0.01900000125169754,0.952,0.6630454183626575,1.4599786593903115,0.24003440784134736,0.5077943651922641,1.9711660062690382,1.7044245809988872,0.8904230993202445,0.2918334835839298,0.1053055189549923,0.09469527751207352,330.5146060470903,0.027536366134881973,0.038600433617830276,0.18207517266273499,0.05211082100868225,0.00811790581792593,0.29771682620048523,0.5869096517562866,0.520525336265564,0.9681013822555542,0.9809999987483025,0.45117535324473135
pronking,0,action_space,-1.0,2.5999999046325684,0.0,0.5,-1.0,0.04999999701976776,-1.0,0.2900000214576721,1.0,0.03999999910593033,stepping_stones_easy_bound_highspeed,stepping_stones_easy,2.0,bounding,1000,0.5604139566421509,0.5604139566421509,1.1239557266235352,0.8766030669212341,0.17463386058807373,0.5370006561279297,1.5474567413330078,0.17463386058807373,0.05714605003595352,0.4156205654144287,0.25744345784187317,1.0668729543685913,2.851722478866577,1.1756517887115479,2.4618659019470215,0.5370006561279297,0.6776057481765747,0.034601569175720215,0.019472550600767136,0.5608766078948975,0.24494969844818115,323.97076416015625,236.1849365234375,34.55585479736328,46.87746810913086,454.90606689453125,0.0634056031703949,0.12908335030078888,0.7963687181472778,2.6592516899108887,0.9890000224113464,0.022479122504591942,0.04000015929341316,2.613062858581543,0.5,0.05098024755716324,0.29130688309669495,0.038692981004714966,0.29754865169525146,0.42436468601226807,0.662908673286438,0.2756170928478241,0.35078197717666626,0.5626354217529297,0.3140732944011688,0.27814817428588867,0.6511006355285645,0.45274055004119873,0.13725340366363525,0.9809775352478027,0.9634186029434204,0.06248599290847778,0.13942471146583557,0.9995999932289124,0.02199999988079071,0.003000000026077032,0.01900000125169754,0.989,0.8052262015964674,1.6397647938698758,0.239052400188648,0.50738886255206,1.6887043787669223,1.5690334291999712,0.8231681165937944,0.2325384264513875,0.11239561252295971,0.0876051839441061,288.24157080759204,0.04624824970960617,0.055927615612745285,0.339092493057251,0.06785530596971512,0.0074540781788527966,0.325708270072937,0.5105804204940796,0.5244439244270325,0.9634186029434204,0.9809999987483025,0.46704070466129405
pronking,0,action_space,-1.0,2.5999999046325684,0.0,0.5,-1.0,0.04999999701976776,0.0,0.33000001311302185,-1.0,-0.03999999910593033,stepping_stones_easy_bound_highspeed,stepping_stones_easy,2.0,bounding,1000,0.5722060203552246,0.5722060203552246,1.1350371837615967,0.8660145998001099,0.16385135054588318,0.5340486168861389,1.5269734859466553,0.16385135054588318,0.05244383215904236,0.43356144428253174,0.28675976395606995,1.0789470672607422,2.8320069313049316,1.192455768585205,2.7871546745300293,0.5340486168861389,0.6491503119468689,0.03528282046318054,0.02370798960328102,0.5804420709609985,0.23570257425308228,327.19134521484375,240.98788452148438,33.055381774902344,45.04732894897461,242.68338012695312,0.06633059680461884,0.14633333683013916,0.6358016729354858,2.0704565048217773,0.9550000429153442,0.02270074188709259,0.04000015929341316,2.6150810718536377,0.5,0.05113152414560318,0.33000147342681885,-0.03849123418331146,0.31973692774772644,0.4227800965309143,0.6319457292556763,0.2861686646938324,0.34494566917419434,0.5635188817977905,0.32219427824020386,0.270646870136261,0.6522969007492065,0.44571107625961304,0.13914494216442108,0.9775188565254211,0.9609109163284302,0.12060172855854034,0.20277410745620728,0.9990000128746033,0.026000000536441803,0.0010000000474974513,0.02500000223517418,0.955,0.6657608751227094,1.472418867877061,0.22900618366987902,0.5354995461772774,1.6828567768247338,1.6694773656836528,0.8056986483461847,0.24288023811430515,0.11350370943546295,0.08649708703160286,288.2648691124881,0.049790795892477036,0.057724177837371826,0.3073351979255676,0.07608912140130997,0.008968370966613293,0.3132091462612152,0.5815814137458801,0.4811064600944519,0.9609109163284302,0.9749999977648258,0.4632988154496018
pronking,0,action_space,-1.0,2.5999999046325684,0.0,0.5,-1.0,0.04999999701976776,0.0,0.33000001311302185,0.0,0.0,stepping_stones_easy_bound_highspeed,stepping_stones_easy,2.0,bounding,1000,0.5898542404174805,0.5898542404174805,1.0977756977081299,0.9033164978027344,0.16280466318130493,0.5646445751190186,1.5179466009140015,0.16280466318130493,0.052617307752370834,0.4345123767852783,0.27937108278274536,1.1400346755981445,3.7222704887390137,1.254464030265808,2.9377822875976562,0.5646445751190186,0.7252515554428101,0.04880330711603165,0.024739421904087067,0.602381706237793,0.269534707069397,339.2018127441406,253.06887817382812,32.77482986450195,46.83531951904297,271.80950927734375,0.06973516941070557,0.1457500159740448,0.6511461734771729,2.0935540199279785,0.9570000171661377,0.021955519914627075,0.04000015929341316,2.611992359161377,0.5,0.05089996010065079,0.33000147342681885,0.0,0.30995574593544006,0.40297070145606995,0.6147663593292236,0.2766047716140747,0.3432672917842865,0.5365561246871948,0.349883496761322,0.26637500524520874,0.6289749145507812,0.4326503872871399,0.1362500935792923,0.9827067852020264,0.9728131294250488,0.22769109904766083,0.287043035030365,0.9995999932289124,0.020000001415610313,0.003000000026077032,0.017000000923871994,0.957,0.6804034672560737,1.479061083135833,0.22938462841343757,0.5285556572232912,1.9293186592004479,1.7139959998779624,0.8516170239273109,0.27118762696723225,0.10977759957313538,0.09022319689393044,308.9900910106735,0.03823810815811157,0.04124459996819496,0.2297290861606598,0.0765131488442421,0.0045588077045977116,0.29976290464401245,0.5787380337715149,0.4825116991996765,0.9728131294250488,0.982999999076128,0.45425779823409884
pronking,0,action_space,-1.0,2.5999999046325684,0.0,0.5,-1.0,0.04999999701976776,0.0,0.33000001311302185,1.0,0.03999999910593033,stepping_stones_easy_bound_highspeed,stepping_stones_easy,2.0,bounding,1000,0.5661724209785461,0.5661724209785461,1.1035927534103394,0.8978133201599121,0.16382716596126556,0.589722752571106,1.6072187423706055,0.16382716596126556,0.04923371970653534,0.40961402654647827,0.2571219801902771,1.0119659900665283,2.47916316986084,1.2487118244171143,2.8168630599975586,0.589722752571106,0.7635015845298767,0.033802445977926254,0.017388930544257164,0.5660569071769714,0.24574805796146393,307.62615966796875,225.66213989257812,33.99306869506836,47.22676086425781,581.8529052734375,0.061624348163604736,0.1198333203792572,0.5929760932922363,1.9131131172180176,0.9830000400543213,0.022071843966841698,0.04000015929341316,2.611382007598877,0.5,0.0508541613817215,0.33000147342681885,0.03886106237769127,0.2922739088535309,0.386515736579895,0.647031843662262,0.2605297863483429,0.34342867136001587,0.5217171907424927,0.3193100690841675,0.2821885049343109,0.6280306577682495,0.44736379384994507,0.1356780230998993,0.9835715293884277,0.9711147546768188,0.11305657029151917,0.1772470474243164,1.0,0.01900000125169754,0.0060000005178153515,0.013000000268220901,0.983,0.603230939149129,1.39506215276623,0.2218867271977649,0.5070719674664308,1.5745358585503348,1.6783512921905113,0.8737857772531415,0.2262551138033866,0.11035921983420849,0.08964157663285732,278.7497097252022,0.03978461027145386,0.03087744489312172,0.3592173755168915,0.07487814873456955,0.007336001377552748,0.3223511576652527,0.6147438287734985,0.5492691993713379,0.9711147546768188,0.9869999997317791,0.4851950216842325
pronking,0,action_space,-1.0,2.5999999046325684,0.0,0.5,-1.0,0.04999999701976776,1.0,0.3700000047683716,-1.0,-0.03999999910593033,stepping_stones_easy_bound_highspeed,stepping_stones_easy,2.0,bounding,1000,0.5541237592697144,0.5541237592697144,1.0846190452575684,0.9169305562973022,0.1760900914669037,0.5824458599090576,1.4868677854537964,0.1760900914669037,0.05905061215162277,0.42951780557632446,0.279710978269577,1.2334680557250977,3.8360307216644287,1.2087297439575195,2.674936294555664,0.5824458599090576,0.7434589862823486,0.037944212555885315,0.02901466190814972,0.6598491668701172,0.24737849831581116,404.42901611328125,307.68450927734375,31.686847686767578,43.97465515136719,829.5079956054688,0.07883717864751816,0.12341666221618652,0.5744997262954712,1.8817145824432373,0.8980000615119934,0.02169238030910492,0.04000015929341316,2.6118664741516113,0.5,0.0508904792368412,0.36881208419799805,-0.03881264477968216,0.30268287658691406,0.38386085629463196,0.593170702457428,0.268459677696228,0.3143709897994995,0.52166348695755,0.32196903228759766,0.27901244163513184,0.6506719589233398,0.415751576423645,0.13613195717334747,0.9827068448066711,0.966753363609314,0.06050395593047142,0.13031961023807526,0.9994000196456909,0.020000001415610313,0.003000000026077032,0.017000000923871994,0.898,0.6397546712964574,1.4475671163569164,0.24300331716176793,0.5288770918366356,1.9585787504372727,1.6355232479410569,0.86224067770104,0.25876412901334495,0.1084619015455246,0.09153889492154121,372.8765577938382,0.034629594534635544,0.03362680599093437,0.26206111907958984,0.06939919292926788,0.007100643590092659,0.26721590757369995,0.5922285318374634,0.5395157337188721,0.966753363609314,0.982999999076128,0.46603863823570707
pronking,0,action_space,-1.0,2.5999999046325684,0.0,0.5,-1.0,0.04999999701976776,1.0,0.3700000047683716,0.0,0.0,stepping_stones_easy_bound_highspeed,stepping_stones_easy,2.0,bounding,1000,0.5719693899154663,0.5719693899154663,1.186671257019043,0.814753532409668,0.15070480108261108,0.5217585563659668,1.6205064058303833,0.15070480108261108,0.04263139143586159,0.4274842441082001,0.27975523471832275,0.9451320171356201,1.9166560173034668,1.220139503479004,2.715595245361328,0.5217585563659668,0.5967466235160828,0.03264867514371872,0.00923158973455429,0.5472533702850342,0.23383259773254395,290.04296875,212.24102783203125,33.32472229003906,44.46485900878906,335.3178405761719,0.0591227263212204,0.12983332574367523,0.6288443207740784,2.091885566711426,0.9790000319480896,0.02373342216014862,0.04000015929341316,2.613192081451416,0.5,0.05098993703722954,0.36867958307266235,0.0,0.32041868567466736,0.41720324754714966,0.6589013338088989,0.2714841961860657,0.35105979442596436,0.5591310262680054,0.3078482747077942,0.27084457874298096,0.6360248923301697,0.4534375071525574,0.1373748779296875,0.9809775352478027,0.966553270816803,0.1165965348482132,0.19100084900856018,1.0,0.02200000174343586,0.004000000189989805,0.018000001087784767,0.979,0.6423332985867275,1.4617650817225243,0.20647370640316792,0.5289189301947159,1.3844334643829825,1.647906321779648,0.7724937692409453,0.2046466830375538,0.1186671108007431,0.08133368566632271,244.4172866195457,0.07027822732925415,0.06572211533784866,0.4327455759048462,0.08432016521692276,0.009310132823884487,0.3347046673297882,0.5861442685127258,0.5224810242652893,0.966553270816803,0.9819999989122152,0.4919276185529797
pronking,0,action_space,-1.0,2.5999999046325684,0.0,0.5,-1.0,0.04999999701976776,1.0,0.3700000047683716,1.0,0.03999999910593033,stepping_stones_easy_bound_highspeed,stepping_stones_easy,2.0,bounding,1000,0.5581325888633728,0.5581325888633728,1.06691312789917,0.9340146780014038,0.1607038676738739,0.5482449531555176,1.5194191932678223,0.1607038676738739,0.05098847299814224,0.4296141266822815,0.2759515345096588,1.191721796989441,3.6689913272857666,1.3478344678878784,3.3206143379211426,0.5482449531555176,0.6770918965339661,0.047721926122903824,0.021799076348543167,0.6125071048736572,0.2904949188232422,340.580810546875,249.62872314453125,33.57908248901367,47.548583984375,740.8734130859375,0.07109645009040833,0.12133333832025528,0.730868399143219,2.5279524326324463,0.9660000801086426,0.021338269114494324,0.04000015929341316,2.6135849952697754,0.5,0.051019392907619476,0.36864036321640015,0.03864079341292381,0.3103805482387543,0.4109489321708679,0.617813229560852,0.2551981806755066,0.32997947931289673,0.5484887361526489,0.3136560916900635,0.2718464732170105,0.628826379776001,0.4296666383743286,0.1377429962158203,0.9801127910614014,0.9617881178855896,0.06342030316591263,0.14320427179336548,0.9988000392913818,0.023000001907348633,0.0,0.023000001907348633,0.966,0.7565924918923072,1.6176921655950056,0.22580627315941035,0.5253108931953142,1.9154611265399688,1.8222552888992098,0.8228559391132606,0.2636683569779411,0.10669134557247162,0.09330945089459419,319.220751569065,0.030515098944306374,0.04950283095240593,0.24897070229053497,0.07893041521310806,0.00299773458391428,0.2937535345554352,0.519841194152832,0.5451650619506836,0.9617881178855896,0.9769999980926514,0.45761297956893326
pronking,0,action_space,-1.0,2.5999999046325684,0.0,0.5,0.0,0.07999999821186066,-1.0,0.2900000214576721,-1.0,-0.03999999910593033,stepping_stones_easy_bound_highspeed,stepping_stones_easy,2.0,bounding,1000,0.5856499671936035,0.5856499671936035,1.0479692220687866,0.9521381855010986,0.1825760006904602,0.582156777381897,1.5415269136428833,0.1825760006904602,0.0622527152299881,0.4135630130767822,0.2616180181503296,1.0979464054107666,3.173553228378296,1.215706706047058,2.707777500152588,0.582156777381897,0.7798974514007568,0.04002416878938675,0.022401072084903717,0.5645031332969666,0.23608683049678802,318.32244873046875,236.69190979003906,33.53722381591797,47.208656311035156,767.5927734375,0.06715135276317596,0.1315000057220459,0.6860442161560059,2.297764778137207,0.9500000476837158,0.020959381014108658,0.04000015929341316,2.611863136291504,0.5,0.08000031858682632,0.291187047958374,-0.03881298005580902,0.2571650445461273,0.3959295451641083,0.6016086339950562,0.26506349444389343,0.33843857049942017,0.5280921459197998,0.3095237612724304,0.28461170196533203,0.6416647434234619,0.4440978169441223,0.5,0.9827068448066711,0.969670295715332,0.11407966911792755,0.1800549030303955,0.9996000528335571,0.020000001415610313,0.003000000026077032,0.017000000923871994,0.95,0.7221517783717105,1.5552169076801508,0.24950494029174672,0.5114860879342952,1.7814469479550312,1.6455325886024221,0.8831180280125397,0.2498504370104052,0.10479690507054329,0.09520389139652252,303.7517152479643,0.026615317910909653,0.03374020755290985,0.2869334816932678,0.06163155660033226,0.008899711072444916,0.32335442304611206,0.5462519526481628,0.5181450843811035,0.969670295715332,0.982999999076128,0.45987276791741977
pronking,0,action_space,-1.0,2.5999999046325684,0.0,0.5,0.0,0.07999999821186066,-1.0,0.2900000214576721,0.0,0.0,stepping_stones_easy_bound_highspeed,stepping_stones_easy,2.0,bounding,1000,0.6310696601867676,0.6310696601867676,1.1816816329956055,0.8194922208786011,0.15176530182361603,0.5085504651069641,1.3562438488006592,0.15176530182361603,0.04647064954042435,0.4263807535171509,0.27763041853904724,1.031370759010315,2.748950719833374,1.1933261156082153,2.5711493492126465,0.5085504651069641,0.6248271465301514,0.03246346861124039,0.022248821333050728,0.5759460926055908,0.2667175233364105,330.33001708984375,243.86697387695312,33.48572540283203,45.734352111816406,343.9212951660156,0.06563293188810349,0.1317499876022339,0.7405850291252136,2.5465445518493652,0.9960000514984131,0.023633629083633423,0.04000015929341316,2.613499641418457,0.5,0.08000031858682632,0.2913505434989929,0.0,0.35324546694755554,0.4461546242237091,0.6584304571151733,0.27019190788269043,0.3464643061161041,0.5803294777870178,0.3700788617134094,0.2815994620323181,0.6402230262756348,0.442109078168869,0.5,0.9801128506660461,0.9688928723335266,0.23102709650993347,0.2960551083087921,0.9991999864578247,0.023000001907348633,0.004000000189989805,0.01900000125169754,0.996,0.743559259008691,1.5989907816095876,0.21557052103760466,0.5269064609008389,1.6579959951198235,1.6034803862887275,0.7904600853491284,0.2339065837985137,0.11816814541816711,0.0818326510488987,279.54231314609274,0.068134605884552,0.07530296593904495,0.33479201793670654,0.10170722752809525,0.004823041148483753,0.31603819131851196,0.527718186378479,0.5174978375434875,0.9688928723335266,0.9809999987483025,0.47499315244586837
pronking,0,action_space,-1.0,2.5999999046325684,0.0,0.5,0.0,0.07999999821186066,-1.0,0.2900000214576721,1.0,0.03999999910593033,stepping_stones_easy_bound_highspeed,stepping_stones_easy,2.0,bounding,1000,0.5990835428237915,0.5990835428237915,1.126128911972046,0.8754972219467163,0.16516993939876556,0.5519944429397583,1.5021859407424927,0.16516993939876556,0.05048636347055435,0.4126097559928894,0.2599393129348755,1.0685863494873047,2.8430962562561035,1.2426602840423584,2.9423182010650635,0.5519944429397583,0.7049965858459473,0.036318421363830566,0.016513198614120483,0.55678391456604,0.2888137102127075,322.90789794921875,239.51815795898438,33.060142517089844,45.51419448852539,319.70257568359375,0.06426034867763519,0.1367499828338623,0.7021938562393188,2.4517359733581543,0.9620000123977661,0.0225225742906332,0.04000015929341316,2.613661289215088,0.5,0.08000031858682632,0.2913667857646942,0.03863321244716644,0.30568182468414307,0.4282285273075104,0.6489021182060242,0.2607230544090271,0.324384868144989,0.5638443231582642,0.32125261425971985,0.2830575108528137,0.6401732563972473,0.45010775327682495,0.5,0.9801127910614014,0.9651093482971191,0.11760616302490234,0.1937132477760315,0.9996000528335571,0.023000001907348633,0.003000000026077032,0.020000001415610313,0.962,0.7299312345699065,1.5964278731278567,0.2246917076141315,0.5098424393230476,1.686148349421279,1.7153186879017739,0.8396407480857199,0.22985129970907506,0.11261287145316601,0.0873879250138998,286.7415040288339,0.04660806804895401,0.04750222712755203,0.3476245105266571,0.08111289888620377,0.0031002447940409184,0.32838523387908936,0.5287997722625732,0.5047208070755005,0.9651093482971191,0.9799999985843897,0.4677967461512277
pronking,0,action_space,-1.0,2.5999999046325684,0.0,0.5,0.0,0.07999999821186066,0.0,0.33000001311302185,-1.0,-0.03999999910593033,stepping_stones_easy_bound_highspeed,stepping_stones_easy,2.0,bounding,1000,0.6121299266815186,0.6121299266815186,1.132611870765686,0.8679529428482056,0.16255372762680054,0.5403401851654053,1.7078262567520142,0.16255372762680054,0.04922861605882645,0.4340710937976837,0.2888752818107605,1.1170063018798828,3.0792829990386963,1.216950535774231,2.775998115539551,0.5403401851654053,0.6218477487564087,0.043165937066078186,0.015916898846626282,0.5676862001419067,0.2619311809539795,328.0942687988281,242.01510620117188,33.478023529052734,46.34665298461914,351.9122009277344,0.06776005029678345,0.12524999678134918,0.7349765300750732,2.523336172103882,0.9780000448226929,0.022652223706245422,0.04000015929341316,2.613600730895996,0.5,0.08000031858682632,0.33000147342681885,-0.038639191538095474,0.3182004392147064,0.40108639001846313,0.6232726573944092,0.2788779139518738,0.3271068334579468,0.5381065607070923,0.2709360122680664,0.27162379026412964,0.6426928043365479,0.4429627060890198,0.5,0.9801129102706909,0.9688040614128113,0.23122559487819672,0.2970408797264099,0.9994000196456909,0.023000001907348633,0.003000000026077032,0.020000001415610313,0.978,0.7515097151992267,1.6062683759581622,0.2218752263296343,0.5374711916100811,1.7547885909814596,1.6661326824534566,0.7885732361400611,0.24306961124892693,0.11326111853122711,0.0867396779358387,289.67934847532956,0.049125880002975464,0.0539512112736702,0.30677008628845215,0.06771831959486008,0.005307557061314583,0.3213024437427521,0.5246496796607971,0.5345928072929382,0.9688040614128113,0.9799999985843897,0.4670096389753253
pronking,0,action_space,-1.0,2.5999999046325684,0.0,0.5,0.0,0.07999999821186066,0.0,0.33000001311302185,0.0,0.0,stepping_stones_easy_bound_highspeed,stepping_stones_easy,2.0,bounding,1000,0.6584924459457397,0.6584924459457397,1.0990787744522095,0.9021832942962646,0.16038653254508972,0.5360039472579956,1.488442301750183,0.16038653254508972,0.045601360499858856,0.42260563373565674,0.26735639572143555,1.2051153182983398,3.7807583808898926,1.2760629653930664,2.9920551776885986,0.5360039472579956,0.6913594007492065,0.040007881820201874,0.018621940165758133,0.5911201238632202,0.29940134286880493,339.9156494140625,256.2332763671875,32.48774719238281,44.82855224609375,312.4574279785156,0.06835249066352844,0.11866665631532669,0.6675967574119568,2.2976551055908203,0.9630000591278076,0.021981583908200264,0.04000015929341316,2.611917495727539,0.5,0.08000031858682632,0.33000147342681885,0.0,0.31029194593429565,0.41886019706726074,0.6280044317245483,0.2590237259864807,0.3215900659561157,0.5578033924102783,0.31990355253219604,0.2755160331726074,0.6264778971672058,0.4325200915336609,0.5,0.9827068448066711,0.976355791091919,0.4712269604206085,0.5113710165023804,0.9995999932289124,0.020000001415610313,0.003000000026077032,0.017000000923871994,0.963,0.6932468117211839,1.544647082624947,0.213544750579027,0.5170651755063722,1.9444172342606647,1.7297558144687935,0.8314802467582778,0.24213595764768192,0.10990791954100132,0.09009287692606449,309.2732362004529,0.03855232894420624,0.056528955698013306,0.30956214666366577,0.09067536890506744,0.0025086095556616783,0.30659112334251404,0.5507448315620422,0.5524826049804688,0.976355791091919,0.982999999076128,0.47350977969012764
pronking,0,action_space,-1.0,2.5999999046325684,0.0,0.5,0.0,0.07999999821186066,0.0,0.33000001311302185,1.0,0.03999999910593033,stepping_stones_easy_bound_highspeed,stepping_stones_easy,2.0,bounding,1000,0.6344582438468933,0.6344582438468933,1.2412283420562744,0.7600290775299072,0.14788857102394104,0.4512786865234375,1.5133202075958252,0.14788857102394104,0.03899075835943222,0.4323423504829407,0.28059136867523193,0.9427764415740967,1.990227222442627,1.1476738452911377,2.509409189224243,0.4512786865234375,0.4969424605369568,0.028395876288414,0.010023416951298714,0.5497171878814697,0.2167951613664627,319.9555969238281,236.40866088867188,33.585792541503906,44.847145080566406,362.6334533691406,0.06002480536699295,0.1316666603088379,0.6485854983329773,2.1988003253936768,0.9920000433921814,0.024824582040309906,0.04000015929341316,2.6138062477111816,0.5,0.08000031858682632,0.33000147342681885,0.03861872851848602,0.3734414279460907,0.4656520485877991,0.7119355797767639,0.28240400552749634,0.3642677664756775,0.6049162149429321,0.32524242997169495,0.2694723308086395,0.6581777334213257,0.457822322845459,0.5,0.9801129102706909,0.9687342643737793,0.231581449508667,0.29996734857559204,0.9996000528335571,0.023000001907348633,0.003000000026077032,0.020000001415610313,0.992,0.6538159770350302,1.4888023889676956,0.1974607767619489,0.5297087583523912,1.4107541325272193,1.5841114825744567,0.7049414589431925,0.19600840094167574,0.12412291020154953,0.07587788626551628,257.7733573129464,0.09920402616262436,0.13048140704631805,0.46376103162765503,0.10094945132732391,0.013090046122670174,0.3330594301223755,0.5745701193809509,0.5177134871482849,0.9687342643737793,0.9799999985843897,0.5004074056877902
pronking,0,action_space,-1.0,2.5999999046325684,0.0,0.5,0.0,0.07999999821186066,1.0,0.3700000047683716,-1.0,-0.03999999910593033,stepping_stones_easy_bound_highspeed,stepping_stones_easy,2.0,bounding,1000,0.5996303558349609,0.5996303558349609,1.1254866123199463,0.8750569224357605,0.16217347979545593,0.5753490924835205,1.2030121088027954,0.16217347979545593,0.049062617123126984,0.4311203956604004,0.2802199721336365,1.0753512382507324,2.9411911964416504,1.2254490852355957,2.762713670730591,0.5753490924835205,0.7296472787857056,0.03879169747233391,0.01992643252015114,0.5841882228851318,0.25165531039237976,335.7354736328125,250.6879119873047,33.15412139892578,45.6673698425293,454.0460510253906,0.06878110021352768,0.12650001049041748,0.7180581092834473,2.441338062286377,0.9530000686645508,0.02250972017645836,0.04000015929341316,2.613062620162964,0.5,0.08000031858682632,0.36869269609451294,-0.03869298845529556,0.31247860193252563,0.3865221440792084,0.6162641048431396,0.275905966758728,0.3328648805618286,0.5260496139526367,0.3628702163696289,0.27427753806114197,0.6389144659042358,0.43390798568725586,0.5,0.980977475643158,0.966629683971405,0.11643216013908386,0.1891704648733139,0.9992000460624695,0.02199999988079071,0.004000000189989805,0.018000001087784767,0.953,0.7534711903815254,1.600543549667082,0.22150082871882665,0.5293580755345445,1.7149901447068583,1.6621412908446114,0.8541939351140967,0.24231824114681305,0.1125486008822918,0.08745219558477402,298.30250307532907,0.046751994639635086,0.036506470292806625,0.3090158998966217,0.11256050318479538,0.006518530193716288,0.3108712434768677,0.5270631313323975,0.5312619805335999,0.966629683971405,0.9819999989122152,0.47126536375205774
pronking,0,action_space,-1.0,2.5999999046325684,0.0,0.5,0.0,0.07999999821186066,1.0,0.3700000047683716,0.0,0.0,stepping_stones_easy_bound_highspeed,stepping_stones_easy,2.0,bounding,1000,0.6025378704071045,0.6025378704071045,1.0185129642486572,0.9821522831916809,0.17314860224723816,0.6193875074386597,1.7089805603027344,0.17314860224723816,0.059237413108348846,0.4215160310268402,0.263896644115448,1.1771531105041504,3.6685469150543213,1.317665457725525,3.1851553916931152,0.6193875074386597,0.8766182065010071,0.05725806951522827,0.02977784536778927,0.6381195187568665,0.24851146340370178,376.3696594238281,284.2843322753906,32.08441162109375,46.76983642578125,614.767822265625,0.08085748553276062,0.13875001668930054,0.6745715737342834,2.391843557357788,0.9130000472068787,0.020370256155729294,0.04000015929341316,2.610790967941284,0.5,0.08000031858682632,0.3689195513725281,0.0,0.27061986923217773,0.3835299611091614,0.5848626494407654,0.24826276302337646,0.3382091522216797,0.5169605612754822,0.2873285412788391,0.27662068605422974,0.6457846164703369,0.4181171655654907,0.5,0.9844361543655396,0.975531816482544,0.22511138021945953,0.2785266637802124,0.9994000196456909,0.018000001087784767,0.0020000000949949026,0.01600000075995922,0.913,0.7388516245379244,1.6185681561423901,0.24338737253265388,0.5137087152418655,1.9153451164357616,1.7847003646811739,0.9362789149078425,0.2950184992216887,0.10185128077864647,0.09814951568841934,369.52858985105877,0.021099785342812538,0.021570926532149315,0.17539438605308533,0.05536936968564987,0.0069415573962032795,0.2790849506855011,0.5194728374481201,0.4996986389160156,0.975531816482544,0.9839999992400408,0.4388529796545443
pronking,0,action_space,-1.0,2.5999999046325684,0.0,0.5,0.0,0.07999999821186066,1.0,0.3700000047683716,1.0,0.03999999910593033,stepping_stones_easy_bound_highspeed,stepping_stones_easy,2.0,bounding,1000,0.615149736404419,0.615149736404419,1.1677074432373047,0.8343971967697144,0.14123940467834473,0.464168906211853,1.3633415699005127,0.14123940467834473,0.04034355655312538,0.4269365072250366,0.28094738721847534,1.0000431537628174,2.404520034790039,1.2276837825775146,2.8763267993927,0.464168906211853,0.47403204441070557,0.03617096692323685,0.012612240388989449,0.5682109594345093,0.2529647648334503,323.8690185546875,239.17340087890625,33.33032989501953,44.13923645019531,475.64910888671875,0.0639287531375885,0.1380833387374878,0.6862098574638367,2.309907913208008,0.971000075340271,0.02335413545370102,0.04000015929341316,2.614915609359741,0.5,0.08000031858682632,0.368507444858551,0.038507845252752304,0.35420364141464233,0.4462646245956421,0.6690926551818848,0.2691377103328705,0.3466286063194275,0.5883538722991943,0.38759011030197144,0.27570047974586487,0.6388446092605591,0.4434635043144226,0.5,0.9783835411071777,0.9620201587677002,0.12003262341022491,0.20371070504188538,0.9994000196456909,0.02500000037252903,0.004000000189989805,0.021000001579523087,0.971,0.7067042624790808,1.5423669930601924,0.2008570550245258,0.5300447030378431,1.550651487211114,1.6959737024472696,0.688499850697664,0.22086920861049486,0.1167706772685051,0.08323011919856071,277.35458948245304,0.0617368258535862,0.11595794558525085,0.3769419193267822,0.11415332555770874,0.006350033450871706,0.32096540927886963,0.5517148375511169,0.5013670921325684,0.9620201587677002,0.9789999984204769,0.478828135093576
pronking,0,action_space,-1.0,2.5999999046325684,0.0,0.5,1.0,0.10999999940395355,-1.0,0.2900000214576721,-1.0,-0.03999999910593033,stepping_stones_easy_bound_highspeed,stepping_stones_easy,2.0,bounding,1000,0.631138801574707,0.631138801574707,1.2264423370361328,0.7745644450187683,0.1666557341814041,0.5058501958847046,1.3789613246917725,0.1666557341814041,0.05185854434967041,0.4361698627471924,0.28516608476638794,0.9715576171875,2.2183303833007812,1.1315913200378418,2.4039125442504883,0.5058501958847046,0.5874205827713013,0.03298511356115341,0.010310078971087933,0.5365973711013794,0.20113416016101837,310.23236083984375,229.53189086914062,33.60832214355469,44.851051330566406,597.4371948242188,0.0643395185470581,0.12325000762939453,0.7069656848907471,2.517293691635132,0.9990000128746033,0.024528861045837402,0.04000015929341316,2.61379075050354,0.5,0.1089654266834259,0.29137957096099854,-0.03862027823925018,0.37397563457489014,0.4406130909919739,0.66144859790802,0.28262418508529663,0.34231796860694885,0.5760626792907715,0.353424608707428,0.27083200216293335,0.6529185771942139,0.4547925293445587,0.8620645999908447,0.9801128506660461,0.9616500735282898,0.063582643866539,0.1456604301929474,1.0,0.023000001907348633,0.004999999888241291,0.018000001087784767,0.999,0.7076733105175488,1.5873919712224676,0.22772471176767445,0.5340094425816719,1.4894060505116733,1.5504555924793488,0.7664336779991477,0.20807496853836444,0.12264430522918701,0.0773564912378788,252.9530753068775,0.09073606878519058,0.07739415019750595,0.42067116498947144,0.08926621079444885,0.0179048590362072,0.34191444516181946,0.5326166749000549,0.5399655103683472,0.9616500735282898,0.9819999989122152,0.49312505861254113
pronking,0,action_space,-1.0,2.5999999046325684,0.0,0.5,1.0,0.10999999940395355,-1.0,0.2900000214576721,0.0,0.0,stepping_stones_easy_bound_highspeed,stepping_stones_easy,2.0,bounding,1000,0.6483863592147827,0.6483863592147827,1.2418913841247559,0.759006142616272,0.14779101312160492,0.46707528829574585,1.482407808303833,0.14779101312160492,0.04191756993532181,0.4232185482978821,0.26844072341918945,1.0377166271209717,2.486459732055664,1.1415088176727295,2.387634754180908,0.46707528829574585,0.48934316635131836,0.02837413176894188,0.014090807177126408,0.5374696254730225,0.2323092222213745,326.16259765625,242.13427734375,32.961082458496094,44.41340637207031,285.5414123535156,0.06372051686048508,0.13191667199134827,0.7606850266456604,2.7951271533966064,0.9820000529289246,0.024837829172611237,0.04000015929341316,2.613192558288574,0.5,0.10901027172803879,0.2913197875022888,0.0,0.3919063210487366,0.4506377577781677,0.6968468427658081,0.2842629849910736,0.33305996656417847,0.5945908427238464,0.378616064786911,0.27287501096725464,0.6345736980438232,0.4545416235923767,0.8626251816749573,0.9809775352478027,0.966553270816803,0.11659660935401917,0.19100117683410645,1.0,0.023000001907348633,0.0020000000949949026,0.021000001579523087,0.982,0.7746283070861444,1.687116314719911,0.20473780778185988,0.5181126551428651,1.5768512079634096,1.5451973188498964,0.6995306757757792,0.20607022818948953,0.12418914586305618,0.07581165060400963,262.63375511387306,0.09982253611087799,0.11286158114671707,0.4277147650718689,0.09819899499416351,0.009598154574632645,0.3413184881210327,0.4908629357814789,0.5170667171478271,0.966553270816803,0.9789999984204769,0.48759469605590167
pronking,0,action_space,-1.0,2.5999999046325684,0.0,0.5,1.0,0.10999999940395355,-1.0,0.2900000214576721,1.0,0.03999999910593033,stepping_stones_easy_bound_highspeed,stepping_stones_easy,2.0,bounding,1000,0.6175333261489868,0.6175333261489868,1.036746859550476,0.9648714065551758,0.17270980775356293,0.5664675831794739,1.4208970069885254,0.17270980775356293,0.05627322196960449,0.4219212830066681,0.27533257007598877,1.2805849313735962,4.140758514404297,1.2070491313934326,2.822331428527832,0.5664675831794739,0.8529573678970337,0.041758112609386444,0.03510892391204834,0.6838738918304443,0.25042450428009033,443.206787109375,339.9406433105469,30.415992736816406,43.81715774536133,401.44500732421875,0.0896061360836029,0.11599999666213989,0.6262163519859314,2.2571520805358887,0.8790000677108765,0.020734939724206924,0.04000015929341316,2.6155614852905273,0.5,0.10883258283138275,0.29155677556991577,0.03844313323497772,0.31909871101379395,0.4289012551307678,0.6241246461868286,0.2763516902923584,0.31383079290390015,0.5586789846420288,0.3223235607147217,0.2905642092227936,0.6570196151733398,0.4001730680465698,0.8604040145874023,0.9766541719436646,0.9555263519287109,0.06702078878879547,0.1563410758972168,0.9977999925613403,0.027000002562999725,0.006000000052154064,0.021000001579523087,0.879,0.7124190086390785,1.6024554891009968,0.23721977567143193,0.5247214213999546,2.034885381146638,1.6799795916998015,0.9235569110222898,0.2772490514346889,0.10367469862103462,0.09632609784603119,427.49759309764914,0.024139465764164925,0.040402840822935104,0.21495194733142853,0.07836628705263138,0.006680983584374189,0.25467991828918457,0.526256799697876,0.5598983764648438,0.9555263519287109,0.9789999984204769,0.4548098729237131
pronking,0,action_space,-1.0,2.5999999046325684,0.0,0.5,1.0,0.10999999940395355,0.0,0.33000001311302185,-1.0,-0.03999999910593033,stepping_stones_easy_bound_highspeed,stepping_stones_easy,2.0,bounding,1000,0.6340811252593994,0.6340811252593994,1.1736751794815063,0.8283969163894653,0.15367600321769714,0.47181248664855957,1.538062334060669,0.15367600321769714,0.043525081127882004,0.4366617798805237,0.2907693386077881,1.083985447883606,2.5163941383361816,1.2178266048431396,2.7580325603485107,0.47181248664855957,0.4922599792480469,0.04629971832036972,0.011561250314116478,0.5546839237213135,0.2773595452308655,317.29296875,235.4326171875,33.068687438964844,45.37074279785156,331.68646240234375,0.06827808916568756,0.12016665935516357,0.7722688317298889,2.7864491939544678,0.9750000238418579,0.023473501205444336,0.04000015929341316,2.613765239715576,0.5,0.1089673638343811,0.33000147342681885,-0.038622818887233734,0.3507838249206543,0.43252742290496826,0.6441220045089722,0.26208746433258057,0.32281258702278137,0.5778287649154663,0.3343783915042877,0.2673490047454834,0.6423234939575195,0.4498392939567566,0.8620887994766235,0.9801129102706909,0.9650366306304932,0.11774143576622009,0.19530658423900604,0.9998000264167786,0.023000001907348633,0.006000000052154064,0.017000000923871994,0.975,0.792070562900641,1.6905313910764106,0.20862665488350715,0.5392303205567989,1.5863146403964699,1.660732537270379,0.7016124138354786,0.24054307022752952,0.11736750602722168,0.08263329043984413,270.341380900779,0.06425049901008606,0.1079518273472786,0.31435906887054443,0.08994437754154205,0.003898393828421831,0.3297673463821411,0.4894494414329529,0.5483545064926147,0.9650366306304932,0.982999999076128,0.4731044959472983
pronking,0,action_space,-1.0,2.5999999046325684,0.0,0.5,1.0,0.10999999940395355,0.0,0.33000001311302185,0.0,0.0,stepping_stones_easy_bound_highspeed,stepping_stones_easy,2.0,bounding,1000,0.6557831764221191,0.6557831764221191,1.1453685760498047,0.8562572002410889,0.15459927916526794,0.5093593001365662,1.53070867061615,0.15459927916526794,0.04848045855760574,0.4217991232872009,0.27211886644363403,1.1127362251281738,3.3024754524230957,1.2038962841033936,2.748684883117676,0.5093593001365662,0.6186646223068237,0.03462308645248413,0.022576071321964264,0.587948203086853,0.28170549869537354,344.218994140625,256.0281677246094,33.78581237792969,46.54970932006836,564.4769897460938,0.06971211731433868,0.12683333456516266,0.7425805330276489,2.71976375579834,0.9590000510215759,0.022907374426722527,0.04000015929341316,2.6143107414245605,0.5,0.10892638564109802,0.33000147342681885,0.0,0.3483368754386902,0.4451327919960022,0.648151695728302,0.2803823947906494,0.3458995223045349,0.5815902352333069,0.3466772735118866,0.2790679931640625,0.635961651802063,0.437619149684906,0.861576497554779,0.9792481660842896,0.9673943519592285,0.23271140456199646,0.30293601751327515,0.9996000528335571,0.024000000208616257,0.005000000353902578,0.01900000125169754,0.959,0.7743279513775743,1.684055037093924,0.22018278442604394,0.5216501379695342,1.8172714305857272,1.6579158251001997,0.7865523646311311,0.23916345409457607,0.11453687213361263,0.08546392433345318,300.5312013428742,0.05325276032090187,0.07468552142381668,0.31854766607284546,0.08205891400575638,0.0035738565493375063,0.30854228138923645,0.49213099479675293,0.5303772687911987,0.9673943519592285,0.9809999987483025,0.46624310628363963
pronking,0,action_space,-1.0,2.5999999046325684,0.0,0.5,1.0,0.10999999940395355,0.0,0.33000001311302185,1.0,0.03999999910593033,stepping_stones_easy_bound_highspeed,stepping_stones_easy,2.0,bounding,1000,0.6267752647399902,0.6267752647399902,1.0964910984039307,0.9058880805969238,0.16204941272735596,0.5926019549369812,1.6359692811965942,0.16204941272735596,0.05201748013496399,0.42719826102256775,0.27486997842788696,1.2442219257354736,3.8110005855560303,1.2593271732330322,2.952841281890869,0.5926019549369812,0.8340329527854919,0.05520467460155487,0.02376815304160118,0.6301275491714478,0.2973978519439697,384.38287353515625,291.989990234375,31.721641540527344,43.52577590942383,484.8656311035156,0.07853356003761292,0.11533333361148834,0.6484130620956421,2.2620153427124023,0.9350000619888306,0.02192981168627739,0.04000015929341316,2.614243984222412,0.5,0.10893143713474274,0.33000147342681885,0.03857491910457611,0.3288719356060028,0.40982264280319214,0.6318901777267456,0.2626611590385437,0.316710889339447,0.542291522026062,0.31272172927856445,0.27076226472854614,0.6313881278038025,0.4198914170265198,0.8616396188735962,0.9783835411071777,0.9627456665039062,0.11904637515544891,0.19553542137145996,0.9987999796867371,0.02500000037252903,0.003000000026077032,0.02200000174343586,0.935,0.6934898009274733,1.5553994747017263,0.22807340953071226,0.5242804387232914,1.952178420523091,1.7183833338026964,0.91325404613694,0.2810210448403394,0.10964905843138695,0.09035173803567886,350.5572221194225,0.03753306716680527,0.029844021424651146,0.20608706772327423,0.06881600618362427,0.0026111695915460587,0.2835816740989685,0.5461744666099548,0.5617678165435791,0.9627456665039062,0.9779999982565641,0.45898521054340036
pronking,0,action_space,-1.0,2.5999999046325684,0.0,0.5,1.0,0.10999999940395355,1.0,0.3700000047683716,-1.0,-0.03999999910593033,stepping_stones_easy_bound_highspeed,stepping_stones_easy,2.0,bounding,1000,0.638481616973877,0.638481616973877,1.2784171104431152,0.7235084772109985,0.14369019865989685,0.47185736894607544,1.4525938034057617,0.14369019865989685,0.03901485353708267,0.4333421587944031,0.2865380346775055,0.9714361429214478,2.2140681743621826,1.0915989875793457,2.2528581619262695,0.47185736894607544,0.5196468830108643,0.030008595436811447,0.01067805290222168,0.544459879398346,0.1933785378932953,310.14056396484375,227.30325317382812,33.943782806396484,44.415992736816406,273.2371520996094,0.061103858053684235,0.13066667318344116,0.7597658634185791,2.694550037384033,1.0069999694824219,0.02556835114955902,0.04000015929341316,2.613831043243408,0.5,0.10896240174770355,0.3686157464981079,-0.03861626237630844,0.40882593393325806,0.4550631642341614,0.6734893918037415,0.2977650761604309,0.3614272177219391,0.5960401892662048,0.36678624153137207,0.2758212089538574,0.6516779065132141,0.4544445276260376,0.8620270490646362,0.9801128506660461,0.9616445302963257,0.0636097714304924,0.14588645100593567,1.0,0.023000001907348633,0.007000000216066837,0.01600000075995922,1.007,0.7544844777960527,1.6357931015838083,0.19752177990561617,0.5352924758274727,1.4879745207368917,1.5009524182752327,0.7208653709333417,0.20170931644084544,0.1278417557477951,0.0721590407192707,242.59731931884514,0.12321086972951889,0.10790610313415527,0.4432005286216736,0.10721803456544876,0.020909098908305168,0.3365798890590668,0.5122436881065369,0.5203084945678711,0.9616445302963257,0.9839999992400408,0.4990318685181831
pronking,0,action_space,-1.0,2.5999999046325684,0.0,0.5,1.0,0.10999999940395355,1.0,0.3700000047683716,0.0,0.0,stepping_stones_easy_bound_highspeed,stepping_stones_easy,2.0,bounding,1000,0.6391479969024658,0.6391479969024658,1.198486566543579,0.803134560585022,0.1496959924697876,0.48955869674682617,1.5247917175292969,0.1496959924697876,0.044349294155836105,0.43932926654815674,0.29482555389404297,1.0865676403045654,3.16678524017334,1.1995185613632202,2.8019204139709473,0.48955869674682617,0.5418811440467834,0.03723953291773796,0.019554682075977325,0.5789110660552979,0.2453455924987793,338.25799560546875,254.67416381835938,33.05091857910156,43.954795837402344,481.8150939941406,0.06933841854333878,0.1289166659116745,0.7977679967880249,2.89066219329834,0.9640000462532043,0.023969735950231552,0.04000015929341316,2.614262580871582,0.5,0.1089300811290741,0.36857277154922485,0.0,0.3619895577430725,0.4470013380050659,0.6699560880661011,0.29253602027893066,0.35393136739730835,0.5849597454071045,0.3442668318748474,0.27088165283203125,0.6481969356536865,0.4392662048339844,0.8616228699684143,0.9792481660842896,0.963589072227478,0.11878331005573273,0.19827714562416077,0.9994000196456909,0.024000000208616257,0.005000000353902578,0.01900000125169754,0.964,0.8275601715467777,1.7316501224712122,0.2105927210419109,0.5429784101546239,1.7795463579725423,1.673893788139184,0.7361257664603131,0.23831536877363846,0.11984867975115776,0.08015211671590805,282.23761955129856,0.07576638460159302,0.0910198837518692,0.32113802433013916,0.0896557867527008,0.007395290769636631,0.31416964530944824,0.4725304841995239,0.5248811841011047,0.963589072227478,0.9809999987483025,0.46927395815912054
pronking,0,action_space,-1.0,2.5999999046325684,0.0,0.5,1.0,0.10999999940395355,1.0,0.3700000047683716,1.0,0.03999999910593033,stepping_stones_easy_bound_highspeed,stepping_stones_easy,2.0,bounding,1000,0.6382632255554199,0.6382632255554199,1.2825818061828613,0.7205109000205994,0.14246070384979248,0.4592527747154236,1.5506511926651,0.14246070384979248,0.0357009693980217,0.42640817165374756,0.2743614912033081,0.9569892287254333,2.043461799621582,1.1320128440856934,2.4203455448150635,0.4592527747154236,0.4694848954677582,0.024867529049515724,0.0084538534283638,0.540276050567627,0.21774742007255554,304.685791015625,221.6728515625,33.37401580810547,43.03325653076172,342.63629150390625,0.060623615980148315,0.14008334279060364,0.6633405685424805,2.3759398460388184,1.002000093460083,0.025651616975665092,0.04000015929341316,2.615077257156372,0.5,0.10886895656585693,0.3684912919998169,0.0384916290640831,0.40346768498420715,0.46301060914993286,0.7153865098953247,0.28048986196517944,0.3504466414451599,0.6088773012161255,0.3308582305908203,0.27053922414779663,0.653540849685669,0.4570407271385193,0.8608587980270386,0.9783835411071777,0.9581469297409058,0.06566610932350159,0.15574078261852264,0.9998000264167786,0.02500000037252903,0.0010000000474974513,0.024000000208616257,1.002,0.6620165430857036,1.5398692485598588,0.18894700155869554,0.5237952760414207,1.4294970442857102,1.5557459769560915,0.6851896784597373,0.1825414541354361,0.12825808487832546,0.07174271158874035,237.5566139694524,0.12536273896694183,0.12134335935115814,0.5135398507118225,0.10386423766613007,0.012843100354075432,0.33940809965133667,0.5527777075767517,0.49637842178344727,0.9581469297409058,0.9759999997913837,0.5047158153825685
pronking,0,action_space,0.0,3.0,0.0,0.5,-1.0,0.04999999701976776,-1.0,0.2900000214576721,-1.0,-0.03999999910593033,stepping_stones_easy_bound_highspeed,stepping_stones_easy,2.0,bounding,1000,0.5574120283126831,0.5574120283126831,1.0310853719711304,0.9690555334091187,0.1890808492898941,0.6048426628112793,1.4669421911239624,0.1890808492898941,0.06589006632566452,0.39448094367980957,0.24993973970413208,1.2525179386138916,4.209177017211914,1.2801945209503174,3.0281615257263184,0.6048426628112793,0.7963598966598511,0.051719024777412415,0.03191213682293892,0.6324524879455566,0.23435355722904205,378.87506103515625,292.4388427734375,32.109161376953125,45.91862487792969,372.50927734375,0.07355567812919617,0.13474999368190765,0.6947448253631592,2.3180160522460938,1.0230000019073486,0.020621709525585175,0.04000015929341316,3.000000238418579,0.5,0.05101793631911278,0.29135727882385254,-0.03864268586039543,0.27718091011047363,0.3962709903717041,0.5834039449691772,0.2568104863166809,0.32356739044189453,0.5275018215179443,0.2863693833351135,0.3001529574394226,0.6467269659042358,0.4210095703601837,0.13772529363632202,0.9801127910614014,0.9651762247085571,0.11748261749744415,0.19227413833141327,0.999000072479248,0.023000001907348633,0.004000000189989805,0.01900000125169754,1.023,0.6791248787649682,1.5052908037948987,0.25669060428006424,0.4999397360723911,2.0516278944321056,1.7401613504863043,0.8923899913489903,0.28919052819957874,0.10310854762792587,0.09689224883913994,367.45265846499126,0.023370645940303802,0.02577509917318821,0.18775388598442078,0.061744920909404755,0.009213630110025406,0.28226611018180847,0.567522406578064,0.5097932815551758,0.9651762247085571,0.9809999987483025,0.44742382905985184
pronking,0,action_space,0.0,3.0,0.0,0.5,-1.0,0.04999999701976776,-1.0,0.2900000214576721,0.0,0.0,stepping_stones_easy_bound_highspeed,stepping_stones_easy,2.0,bounding,1000,0.5882442593574524,0.5882442593574524,1.1025443077087402,0.8982037901878357,0.16296574473381042,0.5399174690246582,1.4423609972000122,0.16296574473381042,0.051077716052532196,0.3898330628871918,0.239405557513237,1.0491176843643188,2.7566375732421875,1.2314422130584717,2.74168062210083,0.5399174690246582,0.6695376634597778,0.03582701459527016,0.016892364248633385,0.5832310914993286,0.24723367393016815,335.41412353515625,252.5858612060547,33.02977752685547,44.82749557495117,536.1736450195312,0.06115192547440529,0.1485833376646042,0.7390977740287781,2.538351058959961,1.069000005722046,0.022050896659493446,0.04000015929341316,3.000000238418579,0.5,0.05104584991931915,0.29139435291290283,0.0,0.2952643930912018,0.3975455164909363,0.6443691253662109,0.26519742608070374,0.35644638538360596,0.5424158573150635,0.3221730589866638,0.3039858341217041,0.6520248651504517,0.44016557931900024,0.13807374238967896,0.9792481660842896,0.9677603244781494,0.2319723665714264,0.29932183027267456,0.9994000196456909,0.024000000208616257,0.005000000353902578,0.01900000125169754,1.069,0.6913917477271398,1.5409444804054433,0.22600379654450983,0.4892908720927021,1.6603124926477508,1.6558021083755239,0.8182528114585234,0.229607009570491,0.11025448329746723,0.08974631316959858,304.2182714925982,0.03967317193746567,0.054198142141103745,0.34840574860572815,0.08510109782218933,0.007121239323168993,0.31146690249443054,0.552320122718811,0.47572433948516846,0.9677603244781494,0.9809999987483025,0.46395004736749756
pronking,0,action_space,0.0,3.0,0.0,0.5,-1.0,0.04999999701976776,-1.0,0.2900000214576721,1.0,0.03999999910593033,stepping_stones_easy_bound_highspeed,stepping_stones_easy,2.0,bounding,1000,0.5693766474723816,0.5693766474723816,1.0762070417404175,0.9241664409637451,0.1715385615825653,0.5562602281570435,1.377895474433899,0.1715385615825653,0.05405215546488762,0.38477611541748047,0.23132672905921936,1.1649799346923828,3.83066987991333,1.2685885429382324,2.988232135772705,0.5562602281570435,0.7106413841247559,0.0452636256814003,0.026346618309617043,0.6132663488388062,0.25040993094444275,352.63739013671875,268.96112060546875,32.98867416381836,47.97847366333008,713.4381103515625,0.07025395333766937,0.12941665947437286,0.7246842384338379,2.5092921257019043,1.0480000972747803,0.02152414247393608,0.04000015929341316,3.000000238418579,0.5,0.05096707493066788,0.29128944873809814,0.038710515946149826,0.31107252836227417,0.41088879108428955,0.6320776343345642,0.26150840520858765,0.3355600833892822,0.5486593246459961,0.3242260217666626,0.31068912148475647,0.6394463181495667,0.42941606044769287,0.13708944618701935,0.9809775352478027,0.9667160511016846,0.11621550470590591,0.18686777353286743,0.9988000392913818,0.02199999988079071,0.0020000000949949026,0.019999999552965164,1.048,0.6914925611656131,1.5473728018694046,0.23249119438139507,0.4809643740020869,1.957209717918172,1.7286503798549622,0.8429954828614183,0.26760090431651634,0.1076207123696804,0.0923800840973854,327.6668674890304,0.032832566648721695,0.04530877619981766,0.2387818694114685,0.08552567660808563,0.006682930048555136,0.2933078110218048,0.5495856404304504,0.5235706567764282,0.9667160511016846,0.9800000004470348,0.45793169129051664
pronking,0,action_space,0.0,3.0,0.0,0.5,-1.0,0.04999999701976776,0.0,0.33000001311302185,-1.0,-0.03999999910593033,stepping_stones_easy_bound_highspeed,stepping_stones_easy,2.0,bounding,1000,0.5863052010536194,0.5863052010536194,1.0529682636260986,0.9473309516906738,0.16265684366226196,0.5277979373931885,1.3979510068893433,0.16265684366226196,0.04871177673339844,0.3962496221065521,0.2486865073442459,1.1650512218475342,3.5704243183135986,1.3105385303497314,3.0647034645080566,0.5277979373931885,0.6090664863586426,0.04461432993412018,0.022099509835243225,0.6096698641777039,0.2482549548149109,354.2833251953125,265.8363037109375,33.210174560546875,46.38132858276367,408.82464599609375,0.0679912343621254,0.12724998593330383,0.7348503470420837,2.4343550205230713,1.037000060081482,0.021059362217783928,0.04000015929341316,3.000000238418579,0.5,0.05110863596200943,0.33000147342681885,-0.03852177411317825,0.2942624092102051,0.40483224391937256,0.594568133354187,0.25527071952819824,0.3325110077857971,0.5437774062156677,0.33416926860809326,0.30491355061531067,0.6302362084388733,0.4278132915496826,0.13885855674743652,0.9783835411071777,0.9660865068435669,0.23376262187957764,0.30525651574134827,0.9990000128746033,0.02500000223517418,0.004000000189989805,0.021000001579523087,1.037,0.7086309949825217,1.5321545517229116,0.22070744603070924,0.4986847775341111,1.8895566459658197,1.750629448086618,0.7804271179031662,0.2582902239136499,0.10529681108891964,0.09470398537814617,336.46154156182234,0.027605406939983368,0.06168549135327339,0.2633485496044159,0.09327653795480728,0.006977257784456015,0.2954251766204834,0.556062638759613,0.529273509979248,0.9660865068435669,0.9789999984204769,0.4617107822314689
pronking,0,action_space,0.0,3.0,0.0,0.5,-1.0,0.04999999701976776,0.0,0.33000001311302185,0.0,0.0,stepping_stones_easy_bound_highspeed,stepping_stones_easy,2.0,bounding,1000,0.6347540020942688,0.6347540020942688,1.1455402374267578,0.8550821542739868,0.17828601598739624,0.5849606394767761,1.3801265954971313,0.17828601598739624,0.059318579733371735,0.3915565013885498,0.23772859573364258,1.0649226903915405,2.86068058013916,1.2289259433746338,2.816950798034668,0.5849606394767761,0.7332281470298767,0.03516548499464989,0.018806595355272293,0.5860299468040466,0.2551426887512207,327.6561584472656,242.93356323242188,32.821571350097656,44.368324279785156,496.7466735839844,0.06359763443470001,0.124916672706604,0.8022415637969971,2.766998767852783,1.0870000123977661,0.02291080355644226,0.04000015929341316,3.000000238418579,0.5,0.05120089650154114,0.33000147342681885,0.0,0.3190985918045044,0.39265719056129456,0.6442359685897827,0.26960375905036926,0.3362821936607361,0.5290610790252686,0.33144715428352356,0.29983118176460266,0.6562878489494324,0.4387779235839844,0.1400119513273239,0.9766541719436646,0.9680968523025513,0.478735089302063,0.5321357250213623,0.9986000061035156,0.027000000700354576,0.007000000216066837,0.019999999552965164,1.087,0.7380326735172781,1.5954738577834848,0.24355405916012102,0.4875741951063885,1.6913546582958763,1.6783774301493297,0.8562874208055825,0.2323189194833735,0.1145540177822113,0.08544677868485451,286.02762935964955,0.053682841360569,0.03265395015478134,0.33978521823883057,0.076804019510746,0.006079372484236956,0.3097282648086548,0.5292024612426758,0.5354844927787781,0.9680968523025513,0.9800000004470348,0.47257555609470925
pronking,0,action_space,0.0,3.0,0.0,0.5,-1.0,0.04999999701976776,0.0,0.33000001311302185,1.0,0.03999999910593033,stepping_stones_easy_bound_highspeed,stepping_stones_easy,2.0,bounding,1000,0.6001226305961609,0.6001226305961609,1.1974952220916748,0.8033363819122314,0.16477462649345398,0.5460518598556519,1.3974580764770508,0.16477462649345398,0.050949931144714355,0.3773723840713501,0.22334198653697968,1.0039772987365723,2.5073673725128174,1.2053788900375366,2.6156198978424072,0.5460518598556519,0.6865042448043823,0.03151910752058029,0.018130812793970108,0.5762685537338257,0.2450181543827057,334.5894470214844,250.6158447265625,33.271568298339844,45.43177032470703,520.9674072265625,0.060656070709228516,0.12533332407474518,0.6688588857650757,2.2949633598327637,1.1019999980926514,0.023949913680553436,0.04000015929341316,3.000000238418579,0.5,0.051079198718070984,0.33000147342681885,0.03856102377176285,0.34757691621780396,0.4069449007511139,0.6833095550537109,0.2691439390182495,0.3462045192718506,0.548315167427063,0.33310967683792114,0.30939042568206787,0.6454725861549377,0.44740962982177734,0.1384904384613037,0.9792481660842896,0.9673760533332825,0.23283320665359497,0.3039563000202179,1.0,0.024000000208616257,0.004000000189989805,0.020000001415610313,1.102,0.606949987948049,1.4431021029229496,0.22572091428291344,0.4725907177854636,1.583466883933105,1.6172878215835322,0.8285555170321313,0.22282262074248746,0.11974956840276718,0.08025122806429863,279.4077511533234,0.07566820085048676,0.05070522055029869,0.3704642057418823,0.08923725038766861,0.007443880662322044,0.3158344328403473,0.5941426157951355,0.5343701243400574,0.9673760533332825,0.9799999985843897,0.4886284036267745
pronking,0,action_space,0.0,3.0,0.0,0.5,-1.0,0.04999999701976776,1.0,0.3700000047683716,-1.0,-0.03999999910593033,stepping_stones_easy_bound_highspeed,stepping_stones_easy,2.0,bounding,1000,0.5540788173675537,0.5540788173675537,1.0311366319656372,0.9692758321762085,0.1784258782863617,0.6367324590682983,1.5507185459136963,0.1784258782863617,0.06000496819615364,0.38570165634155273,0.23889562487602234,1.3045340776443481,4.651447296142578,1.2918779850006104,2.9494338035583496,0.6367324590682983,0.8859853148460388,0.04424212872982025,0.045896101742982864,0.680497944355011,0.29635971784591675,408.2391052246094,312.8419189453125,31.811792373657227,46.49920654296875,333.14892578125,0.07728025317192078,0.1302499920129776,0.7192113399505615,2.323981761932373,1.0040000677108765,0.020622730255126953,0.04000015929341316,3.000000238418579,0.5,0.05097455531358719,0.36870017647743225,-0.03870052844285965,0.26691168546676636,0.36107558012008667,0.5671437978744507,0.2426312267780304,0.3221572935581207,0.49312537908554077,0.2971861958503723,0.3122079074382782,0.6247578859329224,0.4012621343135834,0.1371828019618988,0.9809775352478027,0.966657280921936,0.11634199321269989,0.18822486698627472,0.998400092124939,0.02200000174343586,0.0020000000949949026,0.020000001415610313,1.004,0.7163459200308142,1.5214213085993258,0.2449591153563256,0.48876950076290804,2.156721422934028,1.717391569665564,0.941267929362325,0.30023029572780147,0.10311365127563477,0.09688714519143105,395.911746871402,0.02333076298236847,0.017347928136587143,0.16484253108501434,0.06387558579444885,0.002665950683876872,0.2564052939414978,0.5606375336647034,0.5213936567306519,0.966657280921936,0.9799999985843897,0.4452035631984473
pronking,0,action_space,0.0,3.0,0.0,0.5,-1.0,0.04999999701976776,1.0,0.3700000047683716,0.0,0.0,stepping_stones_easy_bound_highspeed,stepping_stones_easy,2.0,bounding,1000,0.5936461687088013,0.5936461687088013,1.110781192779541,0.890425980091095,0.16649842262268066,0.5283399820327759,1.3921582698822021,0.16649842262268066,0.05610055476427078,0.3887856602668762,0.23700189590454102,1.0364491939544678,2.652451515197754,1.15695059299469,2.393031120300293,0.5283399820327759,0.6222165822982788,0.038190826773643494,0.019833333790302277,0.5969464778900146,0.2626933455467224,334.03717041015625,254.8495330810547,33.069854736328125,44.78764724731445,572.1123046875,0.0630466416478157,0.11924998462200165,0.7715121507644653,2.6688477993011475,1.0729999542236328,0.022215623408555984,0.04000015929341316,3.000000238418579,0.5,0.05107022076845169,0.3685726523399353,0.0,0.3100382685661316,0.40857094526290894,0.6413365602493286,0.2742929458618164,0.3463340997695923,0.5498021841049194,0.3507060408592224,0.3042909502983093,0.6380666494369507,0.4372122585773468,0.1383783221244812,0.9792482256889343,0.9674270153045654,0.23262152075767517,0.30220621824264526,0.9995999932289124,0.024000000208616257,0.006000000052154064,0.018000001087784767,1.073,0.7190233783419734,1.5771101653568618,0.23685555675193856,0.4868284049894182,1.6286348624531386,1.5469425071088754,0.7888070627842266,0.2408820469938467,0.11107811704277992,0.08892267942428589,300.72274592108016,0.041943419724702835,0.06133335828781128,0.31333473324775696,0.08093009889125824,0.005227264482527971,0.3030392527580261,0.5369667410850525,0.5508735775947571,0.9674270153045654,0.9819999989122152,0.47146607298207915
pronking,0,action_space,0.0,3.0,0.0,0.5,-1.0,0.04999999701976776,1.0,0.3700000047683716,1.0,0.03999999910593033,stepping_stones_easy_bound_highspeed,stepping_stones_easy,2.0,bounding,1000,0.5687155723571777,0.5687155723571777,1.1513214111328125,0.8496159315109253,0.15913940966129303,0.5243181586265564,1.6585818529129028,0.15913940966129303,0.05013686791062355,0.37270376086235046,0.2221773862838745,0.9987189769744873,2.5100584030151367,1.2640033960342407,2.8634414672851562,0.5243181586265564,0.6367722749710083,0.03471694886684418,0.015551939606666565,0.5824005603790283,0.28009217977523804,332.55596923828125,250.15548706054688,32.70170211791992,44.256446838378906,582.36767578125,0.060140445828437805,0.14083334803581238,0.6838594079017639,2.2895894050598145,1.0740000009536743,0.02302643284201622,0.04000015929341316,3.000000238418579,0.5,0.0510656014084816,0.36857879161834717,0.03857916593551636,0.31756895780563354,0.4182836711406708,0.6599349975585938,0.2459934949874878,0.34649574756622314,0.5523397922515869,0.2738021910190582,0.32129135727882385,0.6426253914833069,0.4371235966682434,0.13832055032253265,0.9792481660842896,0.9638415575027466,0.1186113953590393,0.19872140884399414,0.9991999864578247,0.024000000208616257,0.003000000026077032,0.021000001579523087,1.074,0.6367405726256983,1.4600799419863302,0.22391263454888727,0.4713569626979902,1.5843163834964078,1.6921706377564754,0.7979801219147056,0.22420724447151733,0.1151321642100811,0.08486863225698471,288.8472028945171,0.05572151392698288,0.06398572772741318,0.36590638756752014,0.06985600292682648,0.0036910518538206816,0.31198471784591675,0.5868661999702454,0.4945204555988312,0.9638415575027466,0.9789999984204769,0.47391174988527046
pronking,0,action_space,0.0,3.0,0.0,0.5,0.0,0.07999999821186066,-1.0,0.2900000214576721,-1.0,-0.03999999910593033,stepping_stones_easy_bound_highspeed,stepping_stones_easy,2.0,bounding,1000,0.6204788684844971,0.6204788684844971,1.1362197399139404,0.8644559979438782,0.18283608555793762,0.5938485860824585,1.431633472442627,0.18283608555793762,0.06387907266616821,0.39645758271217346,0.24537652730941772,1.2274086475372314,4.091772556304932,1.2288775444030762,2.7653722763061523,0.5938485860824585,0.868597149848938,0.040492650121450424,0.032886914908885956,0.6201789379119873,0.2551984190940857,370.148681640625,281.4153747558594,32.03008270263672,43.05914306640625,732.0718383789062,0.07208941131830215,0.12941665947437286,0.704574465751648,2.487426519393921,1.0529999732971191,0.022724401205778122,0.04000015929341316,3.000000238418579,0.5,0.08000031858682632,0.29143041372299194,-0.03856948763132095,0.32425060868263245,0.4121168255805969,0.6197524070739746,0.2709631621837616,0.3299066722393036,0.5464848279953003,0.338601291179657,0.30394911766052246,0.6610749959945679,0.42559579014778137,0.5,0.9792482256889343,0.9673951864242554,0.23269018530845642,0.3027833104133606,0.9991999864578247,0.02500000223517418,0.003000000026077032,0.02199999988079071,1.053,0.6691115507033476,1.5369541880592992,0.2527430961790415,0.4953549508276037,2.0228130304862413,1.662940851716065,0.9319855953012032,0.2708866276329202,0.11362200602889061,0.0863787904381752,325.7720919975046,0.05033086985349655,0.029405854642391205,0.23047997057437897,0.06658906489610672,0.006072598975151777,0.2892806828022003,0.5540186166763306,0.5235706567764282,0.9673951864242554,0.9780000001192093,0.4585296805751951
pronking,0,action_space,0.0,3.0,0.0,0.5,0.0,0.07999999821186066,-1.0,0.2900000214576721,0.0,0.0,stepping_stones_easy_bound_highspeed,stepping_stones_easy,2.0,bounding,1000,0.6550635695457458,0.6550635695457458,1.1395554542541504,0.8609715700149536,0.1820794939994812,0.5491559505462646,1.714268445968628,0.1820794939994812,0.057971566915512085,0.3878818154335022,0.24091199040412903,1.0693538188934326,2.424330234527588,1.2743241786956787,3.0035581588745117,0.5491559505462646,0.6285905241966248,0.0418488085269928,0.018087569624185562,0.579247236251831,0.20965033769607544,342.39111328125,258.06982421875,32.815818786621094,46.41096496582031,346.739013671875,0.06743668019771576,0.1235833466053009,0.8186553120613098,3.0173730850219727,1.069000005722046,0.022791128605604172,0.04000015929341316,3.000000238418579,0.5,0.08000031858682632,0.29128140211105347,0.0,0.2996513247489929,0.3963787853717804,0.6524677276611328,0.26784640550613403,0.3198257088661194,0.5356911420822144,0.2840386629104614,0.3081698417663574,0.6536805629730225,0.4412076473236084,0.5,0.9818421602249146,0.9750930070877075,0.47286611795425415,0.517498254776001,0.9996000528335571,0.021000001579523087,0.003000000026077032,0.018000001087784767,1.069,0.7658141005028064,1.6800633220267753,0.2407728533608224,0.4908278622940318,1.5570260866560932,1.733077655177203,0.7928370098555092,0.24481907227824054,0.11395564302802086,0.08604515343904495,300.46024702268494,0.051555924117565155,0.04901041090488434,0.30157768726348877,0.05648954585194588,0.015100815333425999,0.3139584958553314,0.49378594756126404,0.5390663146972656,0.9750930070877075,0.9819999989122152,0.4635454972127551
pronking,0,action_space,0.0,3.0,0.0,0.5,0.0,0.07999999821186066,-1.0,0.2900000214576721,1.0,0.03999999910593033,stepping_stones_easy_bound_highspeed,stepping_stones_easy,2.0,bounding,1000,0.6346327066421509,0.6346327066421509,1.1919021606445312,0.8093078136444092,0.15894226729869843,0.5023269653320312,1.4503644704818726,0.15894226729869843,0.04708205163478851,0.38157540559768677,0.22429043054580688,1.034311294555664,2.8794023990631104,1.1812469959259033,2.56935977935791,0.5023269653320312,0.6085776686668396,0.03160268813371658,0.020172111690044403,0.5848581790924072,0.2312244325876236,335.7271728515625,249.6073455810547,33.454673767089844,44.788719177246094,372.25341796875,0.06440386176109314,0.1340000033378601,0.7340488433837891,2.582111120223999,1.0820000171661377,0.023838043212890625,0.04000015929341316,3.000000238418579,0.5,0.08000031858682632,0.29142701625823975,0.038572974503040314,0.3715510666370392,0.43359529972076416,0.6871663331985474,0.27343952655792236,0.3513332009315491,0.5731412172317505,0.35845670104026794,0.3129008412361145,0.6665799617767334,0.44439104199409485,0.5,0.9792481660842896,0.9674269556999207,0.23262205719947815,0.3022095561027527,0.9996000528335571,0.024000000208616257,0.003000000026077032,0.021000001579523087,1.082,0.678418453872314,1.5448055108650505,0.21698398935126184,0.4735931065226846,1.6968801958485786,1.602922262418833,0.7801138818575398,0.22754076519112126,0.11919021606445312,0.08081058040261269,281.67343254920786,0.07280894368886948,0.08019261807203293,0.3550502359867096,0.09144610911607742,0.009808667935431004,0.31045499444007874,0.550677478313446,0.5117085576057434,0.9674269556999207,0.9789999984204769,0.477709340617845
pronking,0,action_space,0.0,3.0,0.0,0.5,0.0,0.07999999821186066,0.0,0.33000001311302185,-1.0,-0.03999999910593033,stepping_stones_easy_bound_highspeed,stepping_stones_easy,2.0,bounding,1000,0.6615196466445923,0.6615196466445923,1.0756096839904785,0.9253640174865723,0.1755993366241455,0.5905063152313232,1.2749454975128174,0.1755993366241455,0.05661313980817795,0.40828394889831543,0.2639831006526947,1.1904242038726807,3.490375518798828,1.2432506084442139,2.8874878883361816,0.5905063152313232,0.8191279172897339,0.04925871640443802,0.02986588142812252,0.6123806238174438,0.21346363425254822,374.1541748046875,284.5519714355469,31.557147979736328,46.221710205078125,565.9422607421875,0.07426133751869202,0.13225001096725464,0.6705875992774963,2.3530259132385254,1.0220000743865967,0.02151220291852951,0.04000015929341316,3.000000238418579,0.5,0.08000031858682632,0.33000147342681885,-0.0384957529604435,0.3225398659706116,0.3978227376937866,0.5876020789146423,0.26592591404914856,0.31681832671165466,0.5327106714248657,0.36500781774520874,0.29693594574928284,0.6536852121353149,0.42123132944107056,0.5,0.9775189161300659,0.9694045782089233,0.47694748640060425,0.5255492925643921,0.9986000061035156,0.026000000536441803,0.0020000000949949026,0.024000000208616257,1.022,0.6561521765303938,1.5173573802950433,0.2379351588315143,0.5137928577283793,1.8682546718257733,1.6992609829970737,0.9050568585949359,0.281290948721356,0.10756101459264755,0.09243978187441826,347.85311100638955,0.03254295885562897,0.030593212693929672,0.20546244084835052,0.09006638824939728,0.013991954736411572,0.2938278317451477,0.5623710751533508,0.5162056684494019,0.9694045782089233,0.9759999997913837,0.4538953125868974
pronking,0,action_space,0.0,3.0,0.0,0.5,0.0,0.07999999821186066,0.0,0.33000001311302185,0.0,0.0,stepping_stones_easy_bound_highspeed,stepping_stones_easy,2.0,bounding,1000,0.7661190629005432,0.7661190629005432,1.195566177368164,0.8046771287918091,0.16833466291427612,0.5279262661933899,1.1403656005859375,0.16833466291427612,0.0530247688293457,0.39238885045051575,0.24080072343349457,0.9770572781562805,2.53570818901062,1.1361027956008911,2.3382859230041504,0.5279262661933899,0.6091393232345581,0.028292499482631683,0.016415027901530266,0.5670390129089355,0.2557315230369568,339.5024719238281,257.5009765625,33.46308517456055,44.546356201171875,389.45062255859375,0.06111811101436615,0.12166665494441986,0.857271671295166,3.06374454498291,1.1010000705718994,0.02391132339835167,0.04000015929341316,3.000000238418579,0.5,0.08000031858682632,0.33000147342681885,0.0,0.3520987033843994,0.416227251291275,0.682185173034668,0.27778947353363037,0.3662201166152954,0.5508203506469727,0.3939443528652191,0.3069711923599243,0.6611168384552002,0.4466370642185211,0.5,0.9792481660842896,0.976282000541687,1.0,1.0,0.9996000528335571,0.024000000208616257,0.0020000000949949026,0.02199999988079071,1.101,0.778630034042206,1.668140482485307,0.23027107684063516,0.4907145029785594,1.5923907149348178,1.5291454878474287,0.7804737812601766,0.21144154602197257,0.11955661699175835,0.08044417947530746,283.96794619197505,0.07501845806837082,0.061601970344781876,0.40895482897758484,0.11070779711008072,0.006008196156471968,0.32171860337257385,0.4987385869026184,0.5442572236061096,0.976282000541687,0.9780000001192093,0.48615795726838873
pronking,0,action_space,0.0,3.0,0.0,0.5,0.0,0.07999999821186066,0.0,0.33000001311302185,1.0,0.03999999910593033,stepping_stones_easy_bound_highspeed,stepping_stones_easy,2.0,bounding,1000,0.6763615012168884,0.6763615012168884,1.2412233352661133,0.759363055229187,0.153603196144104,0.5058631300926208,1.5734999179840088,0.153603196144104,0.04391523078083992,0.375285267829895,0.22419366240501404,0.9729157090187073,2.317598819732666,1.2049424648284912,2.625887632369995,0.5058631300926208,0.6008553504943848,0.023764051496982574,0.011112945154309273,0.553856372833252,0.2206311672925949,324.89276123046875,245.0550537109375,33.15129089355469,44.09673309326172,601.1359252929688,0.05888766050338745,0.12050001323223114,0.7482496500015259,2.6321864128112793,1.0980000495910645,0.0248244758695364,0.04000015929341316,3.000000238418579,0.5,0.08000031858682632,0.33000147342681885,0.038621656596660614,0.37670445442199707,0.4343392848968506,0.7111403942108154,0.27428072690963745,0.3509889245033264,0.5759072303771973,0.3336251974105835,0.32353562116622925,0.6564005017280579,0.44970953464508057,0.5,0.9801128506660461,0.972798764705658,0.4746408462524414,0.5215521454811096,1.0,0.023000001907348633,0.003000000026077032,0.020000001415610313,1.098,0.6814659688424978,1.5483071533535944,0.20955961152101785,0.47349093170304124,1.5223661910764656,1.6204590807453285,0.7751485989759542,0.1867538397230211,0.124122379347682,0.07587841711938381,261.75205702268966,0.09960637986660004,0.07738401740789413,0.49780845642089844,0.08613799512386322,0.012123332358896732,0.33031362295150757,0.5491883754730225,0.547441303730011,0.972798764705658,0.9799999985843897,0.5048218221452676
pronking,0,action_space,0.0,3.0,0.0,0.5,0.0,0.07999999821186066,1.0,0.3700000047683716,-1.0,-0.03999999910593033,stepping_stones_easy_bound_highspeed,stepping_stones_easy,2.0,bounding,1000,0.6293152570724487,0.6293152570724487,1.163750171661377,0.8375529050827026,0.14986589550971985,0.5298444032669067,1.3319761753082275,0.14986589550971985,0.041571229696273804,0.3994241952896118,0.2501075863838196,1.0748121738433838,2.9868125915527344,1.1801166534423828,2.737030506134033,0.5298444032669067,0.7058156728744507,0.04191483557224274,0.019579987972974777,0.5808907747268677,0.2490759789943695,336.86370849609375,252.09555053710938,33.42949295043945,46.484928131103516,400.6190185546875,0.06653926521539688,0.1275833249092102,0.6964517831802368,2.267576217651367,1.0720000267028809,0.023275014013051987,0.04000015929341316,3.000000238418579,0.5,0.08000031858682632,0.36855971813201904,-0.03856006637215614,0.35898029804229736,0.4398804008960724,0.6494589447975159,0.28228598833084106,0.3546003997325897,0.5771445035934448,0.3467712998390198,0.30169379711151123,0.6460177898406982,0.4380183815956116,0.5,0.9792481660842896,0.9673757553100586,0.2328488528728485,0.30406472086906433,0.9994000196456909,0.024000000208616257,0.003000000026077032,0.021000001579523087,1.072,0.649675169987465,1.454398941052331,0.2038902393354665,0.5001075748114795,1.7282397378699328,1.65439732414376,0.8401283669026125,0.24798149839295977,0.11637507006525993,0.08362572640180588,289.4639388239016,0.060447532683610916,0.06036469340324402,0.2923228442668915,0.11493360996246338,0.006863623857498169,0.3129281997680664,0.5893004536628723,0.5283921360969543,0.9673757553100586,0.9789999984204769,0.47799339635591764
pronking,0,action_space,0.0,3.0,0.0,0.5,0.0,0.07999999821186066,1.0,0.3700000047683716,0.0,0.0,stepping_stones_easy_bound_highspeed,stepping_stones_easy,2.0,bounding,1000,0.6560953855514526,0.6560953855514526,1.1686856746673584,0.8315738439559937,0.17333197593688965,0.5934630632400513,1.7452043294906616,0.17333197593688965,0.05443572252988815,0.3751526474952698,0.2263340950012207,1.0700562000274658,2.9149558544158936,1.2092316150665283,2.633613348007202,0.5934630632400513,0.7340788841247559,0.03320237249135971,0.015867628157138824,0.5786893367767334,0.24429883062839508,332.765869140625,252.41842651367188,32.71631622314453,45.32434844970703,483.1639404296875,0.06193392351269722,0.12424999475479126,0.6752078533172607,2.272165060043335,1.0810000896453857,0.023373709991574287,0.04000015929341316,3.000000238418579,0.5,0.08000031858682632,0.36868226528167725,0.0,0.3295818567276001,0.37604594230651855,0.6529234051704407,0.2619500756263733,0.33889296650886536,0.5171523094177246,0.26361677050590515,0.31932270526885986,0.6319895386695862,0.4383087754249573,0.5,0.9809775352478027,0.9739822149276733,0.47351861000061035,0.5182642936706543,0.9998000264167786,0.021000001579523087,0.003000000026077032,0.018000001087784767,1.081,0.624614027448543,1.4497966424314974,0.2333146427678472,0.47574583025100775,1.7073241796495162,1.6228411345560607,0.8567840358717919,0.22151749512961394,0.11686854995787144,0.08313224650919437,284.73513139907334,0.06290937215089798,0.029540766030550003,0.37478601932525635,0.05878204479813576,0.007551743648946285,0.3143090009689331,0.5912728905677795,0.5372724533081055,0.9739822149276733,0.9819999989122152,0.4838519271855292
pronking,0,action_space,0.0,3.0,0.0,0.5,0.0,0.07999999821186066,1.0,0.3700000047683716,1.0,0.03999999910593033,stepping_stones_easy_bound_highspeed,stepping_stones_easy,2.0,bounding,1000,0.6330553293228149,0.6330553293228149,1.2271101474761963,0.773334264755249,0.1609024703502655,0.5003107190132141,1.466552734375,0.1609024703502655,0.0510190948843956,0.37949538230895996,0.22606706619262695,1.0298519134521484,2.9322333335876465,1.0914335250854492,2.240619659423828,0.5003107190132141,0.5460079312324524,0.023329254239797592,0.022256996482610703,0.5995000004768372,0.19724717736244202,354.1593017578125,262.1575927734375,33.019073486328125,43.459503173828125,489.303955078125,0.06518290191888809,0.1339166760444641,0.7877297401428223,2.786830425262451,1.0820000171661377,0.024542197585105896,0.04000015929341316,3.000000238418579,0.5,0.08000031858682632,0.36861956119537354,0.038620010018348694,0.38583242893218994,0.4265279769897461,0.7019649744033813,0.28290852904319763,0.3731140196323395,0.5701433420181274,0.318386971950531,0.3149005174636841,0.6717990636825562,0.439258337020874,0.5,0.9801128506660461,0.9687350392341614,0.23156070709228516,0.2998177111148834,0.9996000528335571,0.023000001907348633,0.006000000052154064,0.017000000923871994,1.082,0.728031179600855,1.6048764868388838,0.22587406864090354,0.4754651051261564,1.7123765163034812,1.4968699540787864,0.7389234948439874,0.2135093691677447,0.12271098792552948,0.07728980854153633,288.61247907224447,0.09142982214689255,0.08183025568723679,0.4018304646015167,0.0831645056605339,0.01935231126844883,0.3014955520629883,0.5252362489700317,0.5119218230247498,0.9687350392341614,0.982999999076128,0.48373943743737124
pronking,0,action_space,0.0,3.0,0.0,0.5,1.0,0.10999999940395355,-1.0,0.2900000214576721,-1.0,-0.03999999910593033,stepping_stones_easy_bound_highspeed,stepping_stones_easy,2.0,bounding,1000,0.6312022805213928,0.6312022805213928,1.1492668390274048,0.8511606454849243,0.16623635590076447,0.5379459261894226,1.528860092163086,0.16623635590076447,0.05055602267384529,0.38882237672805786,0.23675420880317688,1.0745618343353271,2.9020791053771973,1.1939113140106201,2.6704554557800293,0.5379459261894226,0.6433118581771851,0.03969115763902664,0.016668444499373436,0.5679850578308105,0.18661952018737793,334.60772705078125,251.70367431640625,33.06523895263672,45.624000549316406,443.53460693359375,0.06670334190130234,0.13066667318344116,0.840808093547821,3.028641700744629,1.090000033378601,0.02298532798886299,0.04000015929341316,3.000000238418579,0.5,0.10901030153036118,0.29131990671157837,-0.03868003562092781,0.3348627984523773,0.41673076152801514,0.6372517347335815,0.26910191774368286,0.3330179452896118,0.5561575889587402,0.3407910466194153,0.30859503149986267,0.6486749053001404,0.43460071086883545,0.862625241279602,0.9809775352478027,0.966553270816803,0.11659656465053558,0.1910008192062378,0.9995999932289124,0.02200000174343586,0.003000000026077032,0.01900000125169754,1.09,0.7713835829988532,1.666904399377134,0.2248466648048071,0.4865739499841487,1.7035489735775715,1.6341528250993018,0.8020672404338586,0.23740177366313014,0.11492663994431496,0.08507415652275085,291.1488574176135,0.05513901636004448,0.05536220222711563,0.32394158840179443,0.07886792719364166,0.023935552686452866,0.32111045718193054,0.49925288558006287,0.5203084945678711,0.966553270816803,0.9809999987483025,0.4663955953560378
pronking,0,action_space,0.0,3.0,0.0,0.5,1.0,0.10999999940395355,-1.0,0.2900000214576721,0.0,0.0,stepping_stones_easy_bound_highspeed,stepping_stones_easy,2.0,bounding,1000,0.6474704742431641,0.6474704742431641,1.1038072109222412,0.8966439366340637,0.16315898299217224,0.5600519180297852,1.491254448890686,0.16315898299217224,0.05181876942515373,0.39044976234436035,0.23941975831985474,1.2112685441970825,3.971006393432617,1.2963504791259766,3.189753532409668,0.5600519180297852,0.7412529587745667,0.04802945256233215,0.027526378631591797,0.6160719990730286,0.25948530435562134,372.43084716796875,282.7017822265625,32.397010803222656,46.37854766845703,333.9215393066406,0.07551524043083191,0.12800002098083496,0.7925112843513489,2.8533430099487305,1.0550000667572021,0.02207614853978157,0.04000015929341316,3.000000238418579,0.5,0.10900676250457764,0.291324645280838,0.0,0.3236013650894165,0.41603103280067444,0.6323198676109314,0.25555098056793213,0.3171536922454834,0.557540774345398,0.3249102234840393,0.3103404641151428,0.6352016925811768,0.41894465684890747,0.862581193447113,0.9809775352478027,0.9700877070426941,0.2303484082221985,0.29616427421569824,0.9991999864578247,0.02200000174343586,0.007000000216066837,0.015000000596046448,1.055,0.7511954791172986,1.644563865155692,0.22763736386005204,0.48930538349772396,1.9927384157065415,1.7859881109373792,0.860960486186542,0.2748742097649831,0.11038074269890785,0.08962005376815796,337.40570226643047,0.0401199571788311,0.04343101754784584,0.22066344320774078,0.07984805107116699,0.005573646165430546,0.29166656732559204,0.5085724592208862,0.5272923707962036,0.9700877070426941,0.9849999994039536,0.454531466490344
pronking,0,action_space,0.0,3.0,0.0,0.5,1.0,0.10999999940395355,-1.0,0.2900000214576721,1.0,0.03999999910593033,stepping_stones_easy_bound_highspeed,stepping_stones_easy,2.0,bounding,1000,0.6347241401672363,0.6347241401672363,1.2249398231506348,0.7755005359649658,0.16080427169799805,0.479058176279068,1.6984111070632935,0.16080427169799805,0.045470140874385834,0.38674283027648926,0.2343372255563736,0.9429538249969482,2.2784743309020996,1.1902918815612793,2.525813102722168,0.479058176279068,0.5081075429916382,0.024493996053934097,0.009687895886600018,0.5451099276542664,0.18369045853614807,320.49969482421875,236.38955688476562,33.24174880981445,44.55902099609375,236.0708465576172,0.05945001542568207,0.13216665387153625,0.8610706329345703,3.1127023696899414,1.1100001335144043,0.024498796090483665,0.04000015929341316,3.000000238418579,0.5,0.10892030596733093,0.29143986105918884,0.03856004774570465,0.34396764636039734,0.4344819188117981,0.7080152034759521,0.26963573694229126,0.3574928343296051,0.5762943029403687,0.2965089976787567,0.3034546971321106,0.6642526388168335,0.4542241096496582,0.8615005016326904,0.9792481660842896,0.963512659072876,0.11894889175891876,0.20011550188064575,1.0,0.024000000208616257,0.004999999888241291,0.01900000125169754,1.11,0.7757392402167793,1.6745853724918038,0.21323728772047781,0.484083903426228,1.5094616029903178,1.589280687204802,0.7128166264837249,0.1848834550210865,0.12249398045241833,0.07750681601464748,261.6452569889271,0.09021095931529999,0.1007646769285202,0.5047773122787476,0.07369548082351685,0.025379613041877747,0.33614256978034973,0.49605968594551086,0.516420841217041,0.963512659072876,0.9809999987483025,0.49186228686257416
pronking,0,action_space,0.0,3.0,0.0,0.5,1.0,0.10999999940395355,0.0,0.33000001311302185,-1.0,-0.03999999910593033,stepping_stones_easy_bound_highspeed,stepping_stones_easy,2.0,bounding,1000,0.6658680438995361,0.6658680438995361,1.3073532581329346,0.6943836212158203,0.14916735887527466,0.4847783148288727,1.5168423652648926,0.14916735887527466,0.04228584095835686,0.41468095779418945,0.2689592242240906,0.8918370008468628,1.5821702480316162,1.1144051551818848,2.3364334106445312,0.4847783148288727,0.5047439336776733,0.030731074512004852,0.006323669105768204,0.5482116937637329,0.22331467270851135,315.05523681640625,231.93243408203125,33.19939041137695,43.042633056640625,230.8764190673828,0.05951663851737976,0.12283334136009216,0.9081805348396301,3.315458297729492,1.1200000047683716,0.026147061958909035,0.04000015929341316,3.000000238418579,0.5,0.10891816020011902,0.33000147342681885,-0.038557227700948715,0.40712136030197144,0.428049772977829,0.6905227899551392,0.28688567876815796,0.36315757036209106,0.5759875774383545,0.3441392183303833,0.2927200496196747,0.6675413250923157,0.4530954360961914,0.8614739775657654,0.9792481660842896,0.9673733115196228,0.23289567232131958,0.30440962314605713,0.9998000264167786,0.024000000208616257,0.004999999888241291,0.01900000125169754,1.12,0.810875483921596,1.7205320003180131,0.20563521332290552,0.5186127883345055,1.2578434910717693,1.5285396333247403,0.7104533296970839,0.19249608727912643,0.13073530979454517,0.06926548667252064,240.98707434771293,0.1453407257795334,0.09535962343215942,0.4765918254852295,0.09417890012264252,0.011489826254546642,0.3340637683868408,0.47708645462989807,0.5410915613174438,0.9673733115196228,0.9809999987483025,0.5047985609424742
pronking,0,action_space,0.0,3.0,0.0,0.5,1.0,0.10999999940395355,0.0,0.33000001311302185,0.0,0.0,stepping_stones_easy_bound_highspeed,stepping_stones_easy,2.0,bounding,1000,0.6995227932929993,0.6995227932929993,1.1952855587005615,0.8050397634506226,0.15444552898406982,0.49672678112983704,1.5101152658462524,0.15444552898406982,0.044991105794906616,0.3757060170173645,0.2236916571855545,1.0313974618911743,2.7363510131835938,1.1740840673446655,2.5555615425109863,0.49672678112983704,0.5729820728302002,0.033536069095134735,0.01513039879500866,0.5774651765823364,0.23425540328025818,344.395263671875,259.456298828125,32.416011810302734,43.957763671875,401.0706481933594,0.06299427896738052,0.1300000101327896,0.7458752393722534,2.6641902923583984,1.0820000171661377,0.023905687034130096,0.04000015929341316,3.000000238418579,0.5,0.108965665102005,0.33000147342681885,0.0,0.3625337481498718,0.43707239627838135,0.6795793771743774,0.26934126019477844,0.34888699650764465,0.5760385990142822,0.3301118016242981,0.3158913850784302,0.647065281867981,0.4371876120567322,0.862067699432373,0.9801128506660461,0.9727985262870789,0.47466009855270386,0.5216836333274841,0.9991999864578247,0.023000001907348633,0.004999999888241291,0.018000001087784767,1.082,0.6893486544737755,1.5691663331517558,0.2121110694775419,0.4729605239188092,1.6541919517346206,1.5986123803195653,0.7569557931809494,0.22060477757778366,0.11952843517065048,0.08047236129641533,288.1280219316626,0.07484350353479385,0.08480717986822128,0.37782302498817444,0.08982092142105103,0.009231735952198505,0.3150794804096222,0.5403324365615845,0.5220457315444946,0.9727985262870789,0.9819999989122152,0.4820150006562472
pronking,0,action_space,0.0,3.0,0.0,0.5,1.0,0.10999999940395355,0.0,0.33000001311302185,1.0,0.03999999910593033,stepping_stones_easy_bound_highspeed,stepping_stones_easy,2.0,bounding,1000,0.6647608876228333,0.6647608876228333,1.2639594078063965,0.7374470233917236,0.1497674286365509,0.4827447533607483,1.3138070106506348,0.1497674286365509,0.04151555895805359,0.365651935338974,0.21155336499214172,1.0177797079086304,2.493795871734619,1.2292397022247314,2.6624362468719482,0.4827447533607483,0.5066677331924438,0.026962699368596077,0.01135860476642847,0.568891704082489,0.251585990190506,340.99078369140625,256.7843017578125,32.76702117919922,43.124839782714844,274.3967590332031,0.05958568677306175,0.12525001168251038,0.8337315320968628,3.022656202316284,1.1030001640319824,0.0252792090177536,0.04000015929341316,3.000000238418579,0.5,0.10890482366085052,0.33000147342681885,0.038539446890354156,0.382885217666626,0.43443718552589417,0.7012537717819214,0.25588303804397583,0.34744271636009216,0.5777074694633484,0.35048171877861023,0.32736608386039734,0.6386323571205139,0.4410625398159027,0.8613071441650391,0.9792481660842896,0.9672367572784424,0.23323331773281097,0.30661720037460327,1.0,0.024000000208616257,0.005000000353902578,0.01900000125169754,1.103,0.7558763076906732,1.655414000254724,0.2037536722566089,0.4599493069808256,1.5791756937512111,1.6316973514938204,0.7118059659713761,0.1957582798632654,0.126396045088768,0.0736047513782978,269.77985336031975,0.11357265710830688,0.09725440293550491,0.4646708071231842,0.11717130243778229,0.0065275756642222404,0.32052871584892273,0.5040403604507446,0.5345927476882935,0.9672367572784424,0.9809999987483025,0.5004672910037794
pronking,0,action_space,0.0,3.0,0.0,0.5,1.0,0.10999999940395355,1.0,0.3700000047683716,-1.0,-0.03999999910593033,stepping_stones_easy_bound_highspeed,stepping_stones_easy,2.0,bounding,1000,0.6368313431739807,0.6368313431739807,1.1870994567871094,0.813795804977417,0.1599627137184143,0.49178412556648254,1.3802143335342407,0.1599627137184143,0.04527219384908676,0.38561493158340454,0.24633774161338806,1.0015027523040771,2.418898105621338,1.1492153406143188,2.4128947257995605,0.49178412556648254,0.516587495803833,0.03256094455718994,0.010587962344288826,0.5714055895805359,0.2866976261138916,331.1173095703125,250.1428680419922,33.13828659057617,44.914695739746094,313.4244384765625,0.06245036423206329,0.1274999976158142,0.8095498085021973,2.9084157943725586,1.1019999980926514,0.023741979151964188,0.04000015929341316,3.000000238418579,0.5,0.10897290706634521,0.3686298727989197,-0.038630202412605286,0.3624882102012634,0.41655439138412476,0.6604669690132141,0.28200221061706543,0.3499194383621216,0.5620683431625366,0.3425857424736023,0.32055675983428955,0.6373069882392883,0.43775391578674316,0.862157940864563,0.9801128506660461,0.9651057124137878,0.1176399439573288,0.19398146867752075,0.9994000196456909,0.024000000208616257,0.0010000000474974513,0.023000001907348633,1.102,0.7346186975385662,1.6245662627465276,0.21277263416399855,0.49632423033072653,1.555280716019246,1.5533495182345667,0.7187402144056175,0.20772314965231672,0.11870989575982094,0.08129090070724487,278.9297119775315,0.07071804255247116,0.08905366063117981,0.42190369963645935,0.1017071008682251,0.0032342683989554644,0.31892120838165283,0.5169526934623718,0.5286123156547546,0.9651057124137878,0.9769999980926514,0.484535793724813
pronking,0,action_space,0.0,3.0,0.0,0.5,1.0,0.10999999940395355,1.0,0.3700000047683716,0.0,0.0,stepping_stones_easy_bound_highspeed,stepping_stones_easy,2.0,bounding,1000,0.659677267074585,0.659677267074585,1.2254284620285034,0.776721715927124,0.1717844307422638,0.5361620783805847,1.5500143766403198,0.1717844307422638,0.05553581938147545,0.3869001865386963,0.23428946733474731,1.0576198101043701,2.6299307346343994,1.2035164833068848,2.6565709114074707,0.5361620783805847,0.6777400970458984,0.02984236739575863,0.015268883667886257,0.5888782739639282,0.2313881814479828,354.3120422363281,267.40911865234375,32.412315368652344,43.625179290771484,273.1251525878906,0.0656147375702858,0.13358333706855774,0.8099952936172485,2.9263498783111572,1.0940001010894775,0.024508561939001083,0.04000015929341316,3.000000238418579,0.5,0.10889079421758652,0.36852049827575684,0.0,0.3815590739250183,0.42458072304725647,0.6809490919113159,0.2630161941051483,0.3446597456932068,0.5631845593452454,0.32539844512939453,0.31009650230407715,0.6476237773895264,0.433460533618927,0.8611316680908203,0.9783835411071777,0.966086208820343,0.2337796986103058,0.3053746819496155,0.9994000196456909,0.02500000037252903,0.007000000216066837,0.018000001087784767,1.094,0.7403978421003771,1.6355146698395926,0.23566038992897267,0.48403457245815334,1.6217061184550052,1.629899049452901,0.8232497173069047,0.21239409375885404,0.12254280969500542,0.0774579867720604,289.133191544956,0.08952955156564713,0.05643319711089134,0.4056660532951355,0.0698971226811409,0.00977659784257412,0.3079688847064972,0.5123603940010071,0.5127757787704468,0.966086208820343,0.9819999989122152,0.48112964659537144
pronking,0,action_space,0.0,3.0,0.0,0.5,1.0,0.10999999940395355,1.0,0.3700000047683716,1.0,0.03999999910593033,stepping_stones_easy_bound_highspeed,stepping_stones_easy,2.0,bounding,1000,0.6442261934280396,0.6442261934280396,1.245072364807129,0.7560911178588867,0.15140600502490997,0.5094147324562073,1.5448724031448364,0.15140600502490997,0.04443788155913353,0.38628822565078735,0.2397674024105072,0.9894574880599976,2.2760367393493652,1.2186481952667236,2.6832284927368164,0.5094147324562073,0.676321268081665,0.02928508073091507,0.01150226965546608,0.5777785778045654,0.2855404019355774,348.1849060058594,264.3615417480469,32.82389831542969,43.33348846435547,247.2275390625,0.06397826969623566,0.12325000762939453,0.7619483470916748,2.742525339126587,1.0789999961853027,0.024901436641812325,0.04000015929341316,3.000000238418579,0.5,0.1088913232088089,0.3685210645198822,0.038521453738212585,0.38741064071655273,0.4503020644187927,0.7061945199966431,0.26315489411354065,0.3435696065425873,0.5938781499862671,0.330645889043808,0.31573477387428284,0.6467891931533813,0.43283697962760925,0.8611382842063904,0.9783835411071777,0.9621976613998413,0.11982521414756775,0.2019515335559845,0.9996000528335571,0.02500000223517418,0.0010000000474974513,0.024000000208616257,1.079,0.706161541448245,1.5942800300749063,0.2108029448540355,0.489660497090083,1.508653949502458,1.638056315496148,0.8223875412976932,0.20195878388022925,0.12450718320906162,0.07549361325800419,279.65033667725476,0.10160169750452042,0.07464336603879929,0.44230878353118896,0.08771783858537674,0.0033099977299571037,0.3148820400238037,0.5297065377235413,0.5399655103683472,0.9621976613998413,0.9759999997913837,0.49457487091422087
pronking,0,action_space,1.0,3.4000000953674316,0.0,0.5,-1.0,0.04999999701976776,-1.0,0.2900000214576721,-1.0,-0.03999999910593033,stepping_stones_easy_bound_highspeed,stepping_stones_easy,2.0,bounding,1000,0.5565202236175537,0.5565202236175537,1.0732204914093018,0.9282132387161255,0.16998164355754852,0.5514366626739502,1.4607510566711426,0.16998164355754852,0.05470500886440277,0.3550027012825012,0.20322807133197784,1.1880627870559692,4.0465087890625,1.3123170137405396,3.124570846557617,0.5514366626739502,0.6853697299957275,0.039633870124816895,0.029876111075282097,0.6189970374107361,0.2669714391231537,381.12884521484375,291.8503112792969,32.900299072265625,46.50675964355469,545.8563842773438,0.069318026304245,0.11641665548086166,0.7833654284477234,2.4904518127441406,1.1390000581741333,0.021464407444000244,0.04000015929341316,3.387411117553711,0.5,0.05094490572810173,0.29125988483428955,-0.038740042597055435,0.29840534925460815,0.406270831823349,0.6189677715301514,0.2417910397052765,0.3308398425579071,0.5479804873466492,0.31735146045684814,0.3482367992401123,0.6323179006576538,0.42036473751068115,0.1368122398853302,0.9818421602249146,0.9649847745895386,0.06159934401512146,0.13654634356498718,0.9994000196456909,0.021000001579523087,0.004999999888241291,0.01600000075995922,1.139,0.6877658967913192,1.4786902778896138,0.23389101920424984,0.4508082423070566,2.011593594407802,1.7676455658750192,0.8278705997894402,0.26364745627466046,0.10732203722000122,0.09267875924706459,355.12632144617703,0.03186269477009773,0.04779549315571785,0.24902558326721191,0.07770378887653351,0.004798610229045153,0.28996527194976807,0.578896701335907,0.5587331652641296,0.9649847745895386,0.9839999992400408,0.4680031401742446
pronking,0,action_space,1.0,3.4000000953674316,0.0,0.5,-1.0,0.04999999701976776,-1.0,0.2900000214576721,0.0,0.0,stepping_stones_easy_bound_highspeed,stepping_stones_easy,2.0,bounding,1000,0.5808020830154419,0.5808020830154419,1.1395277976989746,0.8620895147323608,0.15845735371112823,0.5410314798355103,1.3909335136413574,0.15845735371112823,0.045221179723739624,0.36394840478897095,0.2212241291999817,1.1147468090057373,3.098815441131592,1.2891733646392822,2.9489121437072754,0.5410314798355103,0.622712254524231,0.036573998630046844,0.015955651178956032,0.5999650359153748,0.23205330967903137,358.2637939453125,270.18408203125,34.08000183105469,47.434349060058594,382.6013488769531,0.06343542784452438,0.11058331280946732,0.8573163747787476,2.756711006164551,1.1660000085830688,0.02279055491089821,0.04000015929341316,3.3856089115142822,0.5,0.051079947501420975,0.291439950466156,0.0,0.33393850922584534,0.40347278118133545,0.6586606502532959,0.24103403091430664,0.33443188667297363,0.542434811592102,0.3761957287788391,0.3478732705116272,0.636649489402771,0.42912712693214417,0.13849984109401703,0.9792482256889343,0.9635125994682312,0.11894914507865906,0.20011696219444275,0.9992000460624695,0.024000000208616257,0.006000000052154064,0.018000001087784767,1.166,0.7352626793993889,1.5376105121420518,0.21265272094130286,0.4703446919015688,1.76034526191074,1.717239687320112,0.7891211912781401,0.22919347680290308,0.11395277455449104,0.08604802191257477,314.3967129794879,0.05116020143032074,0.053549397736787796,0.3497302830219269,0.10072540491819382,0.009647407568991184,0.301215261220932,0.5537391901016235,0.5752695202827454,0.9635125994682312,0.9819999989122152,0.4851877864842352
pronking,0,action_space,1.0,3.4000000953674316,0.0,0.5,-1.0,0.04999999701976776,-1.0,0.2900000214576721,1.0,0.03999999910593033,stepping_stones_easy_bound_highspeed,stepping_stones_easy,2.0,bounding,1000,0.5658358335494995,0.5658358335494995,1.1276060342788696,0.8738382458686829,0.15380126237869263,0.5314350128173828,1.5590275526046753,0.15380126237869263,0.04847152531147003,0.3554416298866272,0.21757620573043823,1.260083556175232,4.4108476638793945,1.326158046722412,3.0620293617248535,0.5314350128173828,0.6272029876708984,0.036964185535907745,0.024751706048846245,0.6091717481613159,0.25396525859832764,351.90155029296875,266.08148193359375,33.24531555175781,46.89115905761719,610.3829956054688,0.06612198054790497,0.1198333352804184,0.7544683218002319,2.4353737831115723,1.15500009059906,0.02255212515592575,0.04000015929341316,3.384911060333252,0.5,0.05113234743475914,0.29150980710983276,0.0384901762008667,0.3278249502182007,0.4132404923439026,0.6625605821609497,0.23392543196678162,0.32525622844696045,0.5541633367538452,0.32169628143310547,0.35087549686431885,0.6280148029327393,0.42310938239097595,0.13915500044822693,0.9783835411071777,0.9578474760055542,0.06578940153121948,0.1550176739692688,0.999000072479248,0.02500000037252903,0.007000000216066837,0.018000001087784767,1.155,0.653219274215368,1.4520841970377603,0.22016249751370018,0.46645064661809427,2.1002018150357347,1.7498655267548,0.7919614811787872,0.24842683346360553,0.11276062577962875,0.08724017068743706,312.0784561232133,0.04715227335691452,0.05935424566268921,0.29103323817253113,0.07978194206953049,0.006224232260137796,0.29571962356567383,0.5902925133705139,0.5492691397666931,0.9578474760055542,0.9819999989122152,0.4751441524805208
pronking,0,action_space,1.0,3.4000000953674316,0.0,0.5,-1.0,0.04999999701976776,0.0,0.33000001311302185,-1.0,-0.03999999910593033,stepping_stones_easy_bound_highspeed,stepping_stones_easy,2.0,bounding,1000,0.563491702079773,0.563491702079773,1.079768180847168,0.9204457998275757,0.15600377321243286,0.5549710988998413,1.7735021114349365,0.15600377321243286,0.04729151353240013,0.36394935846328735,0.21830451488494873,1.115246295928955,3.6410880088806152,1.2992793321609497,3.051856517791748,0.5549710988998413,0.676733136177063,0.04845800995826721,0.020668601617217064,0.6063949465751648,0.2399536371231079,353.5793762207031,269.1732177734375,34.07404327392578,46.773582458496094,357.7073059082031,0.06750361621379852,0.1210833191871643,0.793819785118103,2.451753616333008,1.1579999923706055,0.021595360711216927,0.04000015929341316,3.387540340423584,0.5,0.05093518644571304,0.33000147342681885,-0.038753047585487366,0.31516796350479126,0.4045945405960083,0.6213368773460388,0.2464694380760193,0.3474508821964264,0.541641116142273,0.27323877811431885,0.33398643136024475,0.6451177597045898,0.42430418729782104,0.13669037818908691,0.9818421602249146,0.9681499004364014,0.11525522172451019,0.18460790812969208,0.9990000128746033,0.021000001579523087,0.006000000052154064,0.015000000596046448,1.158,0.6855092946317736,1.4550708373539551,0.21746612042430916,0.46723068701119014,1.9081635173329918,1.746956358296265,0.8226379131653628,0.2629194012915066,0.10797680355608463,0.09202399291098118,327.4585994405676,0.033746387809515,0.04596251621842384,0.25094228982925415,0.06591874361038208,0.008237381465733051,0.29736649990081787,0.5890125632286072,0.5458469986915588,0.9681499004364014,0.9849999994039536,0.4667768611719734
pronking,0,action_space,1.0,3.4000000953674316,0.0,0.5,-1.0,0.04999999701976776,0.0,0.33000001311302185,0.0,0.0,stepping_stones_easy_bound_highspeed,stepping_stones_easy,2.0,bounding,1000,0.5838034749031067,0.5838034749031067,1.047363042831421,0.9535040855407715,0.1630864292383194,0.5788562893867493,1.4960265159606934,0.1630864292383194,0.050203364342451096,0.35119718313217163,0.20588946342468262,1.2940330505371094,4.535500526428223,1.289900541305542,2.944366455078125,0.5788562893867493,0.7344070672988892,0.04223610460758209,0.029733512550592422,0.6340701580047607,0.257646381855011,387.9334716796875,301.7465515136719,32.14757537841797,45.270145416259766,559.102294921875,0.07061309367418289,0.12158332765102386,0.7513447999954224,2.4304165840148926,1.1200001239776611,0.020947251468896866,0.04000015929341316,3.385833740234375,0.5,0.05106319487094879,0.33000147342681885,0.0,0.29351574182510376,0.39192938804626465,0.6240403056144714,0.24319970607757568,0.32702162861824036,0.5277083516120911,0.29805201292037964,0.3577294945716858,0.632466197013855,0.4100828170776367,0.13829047977924347,0.9792482256889343,0.9674463272094727,0.23246310651302338,0.30092644691467285,0.9988000392913818,0.024000000208616257,0.00800000037997961,0.01600000075995922,1.12,0.670843505859375,1.4730969878560545,0.22406107279590334,0.4537504417900688,2.129671459739324,1.7159156316900097,0.8569755348310062,0.26827153624299116,0.10473625734448433,0.09526453912258148,370.39064375515454,0.026339642703533173,0.03505818545818329,0.23707178235054016,0.08207730948925018,0.0057824524119496346,0.2813543677330017,0.5812910795211792,0.54448401927948,0.9674463272094727,0.9839999992400408,0.4635172499049651
pronking,0,action_space,1.0,3.4000000953674316,0.0,0.5,-1.0,0.04999999701976776,0.0,0.33000001311302185,1.0,0.03999999910593033,stepping_stones_easy_bound_highspeed,stepping_stones_easy,2.0,bounding,1000,0.5710311532020569,0.5710311532020569,1.0591378211975098,0.9432194232940674,0.17512567341327667,0.5753885507583618,1.4437854290008545,0.17512567341327667,0.05513985455036163,0.3479512929916382,0.20791159570217133,1.2599022388458252,4.518463134765625,1.3629305362701416,3.1974329948425293,0.5753885507583618,0.7622670531272888,0.03953246772289276,0.0363592654466629,0.6605134010314941,0.2580364942550659,389.3032531738281,300.8408508300781,32.33598327636719,45.69725799560547,425.3356018066406,0.07154231518507004,0.10899999737739563,0.7497272491455078,2.5251777172088623,1.1390000581741333,0.02118275873363018,0.04000015929341316,3.386289119720459,0.5,0.05102907121181488,0.33000147342681885,0.03862788528203964,0.3123795688152313,0.40877050161361694,0.6284130811691284,0.2243625819683075,0.30946123600006104,0.5420002937316895,0.33475038409233093,0.3574424386024475,0.6151332855224609,0.40279874205589294,0.13786378502845764,0.9801129102706909,0.9650607109069824,0.11767920851707458,0.19458889961242676,0.9987999796867371,0.023000001907348633,0.003000000026077032,0.019999999552965164,1.139,0.6582328119855685,1.488963712196482,0.23481876958701925,0.45597324011631574,2.1256676915185087,1.7881367382956286,0.8730790646483793,0.27548454252381505,0.1059137936681509,0.09408700279891491,367.5661895764085,0.028477201238274574,0.03648990020155907,0.2191859781742096,0.07834897190332413,0.00573751050978899,0.2668611407279968,0.574501097202301,0.5798417925834656,0.9650607109069824,0.9800000004470348,0.46540066227316856
pronking,0,action_space,1.0,3.4000000953674316,0.0,0.5,-1.0,0.04999999701976776,1.0,0.3700000047683716,-1.0,-0.03999999910593033,stepping_stones_easy_bound_highspeed,stepping_stones_easy,2.0,bounding,1000,0.5489153861999512,0.5489153861999512,0.9942971467971802,1.0066258907318115,0.16877928376197815,0.6041497588157654,1.495337724685669,0.16877928376197815,0.055029742419719696,0.3349951505661011,0.18437480926513672,1.3213353157043457,4.911582946777344,1.3656692504882812,3.338064670562744,0.6041497588157654,0.8506789207458496,0.05461956933140755,0.035692229866981506,0.6387781500816345,0.3137713670730591,366.7331237792969,284.4792175292969,31.806289672851562,46.85760498046875,776.9622192382812,0.07290637493133545,0.12816664576530457,0.650623083114624,2.0265913009643555,1.127000093460083,0.01988593302667141,0.04000015929341316,3.389211654663086,0.5,0.050809893757104874,0.3689194917678833,-0.03892005980014801,0.2727208137512207,0.3846724033355713,0.584258496761322,0.2344159483909607,0.32201844453811646,0.5175601243972778,0.32094722986221313,0.3576374053955078,0.615429162979126,0.40639805793762207,0.13512495160102844,0.9844361543655396,0.9699869751930237,0.058622680604457855,0.12286374717950821,0.9994000196456909,0.018000001087784767,0.003000000026077032,0.015000000596046448,1.127,0.5773052767302573,1.3409763042255234,0.2345841904726738,0.42938887883262267,2.2162091387721836,1.8270371289502423,0.9223225687067673,0.30051921602185283,0.09942966513335705,0.10057113133370876,368.8365444481198,0.017367014661431313,0.025991925969719887,0.164271280169487,0.07457630336284637,0.0018819866236299276,0.278717577457428,0.637912392616272,0.5268532633781433,0.9699869751930237,0.9849999994039536,0.45627891037024954
pronking,0,action_space,1.0,3.4000000953674316,0.0,0.5,-1.0,0.04999999701976776,1.0,0.3700000047683716,0.0,0.0,stepping_stones_easy_bound_highspeed,stepping_stones_easy,2.0,bounding,1000,0.588395357131958,0.588395357131958,1.1292846202850342,0.8726286888122559,0.13758671283721924,0.46971040964126587,1.1966617107391357,0.13758671283721924,0.035038404166698456,0.3530120253562927,0.20462998747825623,1.0388824939727783,3.060555934906006,1.2302652597427368,2.776093006134033,0.46971040964126587,0.5082767009735107,0.03662589564919472,0.016596753150224686,0.582776665687561,0.25998571515083313,337.14453125,254.49293518066406,33.32745361328125,45.224212646484375,412.23150634765625,0.06225655972957611,0.11941666901111603,0.808568000793457,2.6081314086914062,1.189000129699707,0.022585690021514893,0.04000015929341316,3.3862056732177734,0.5,0.05103524401783943,0.3686193525791168,0.0,0.33107268810272217,0.4565166234970093,0.6787153482437134,0.26748013496398926,0.3725418448448181,0.5970821380615234,0.42245060205459595,0.34943169355392456,0.6453143358230591,0.43677395582199097,0.13794073462486267,0.9801128506660461,0.9650328159332275,0.1177767962217331,0.19558581709861755,0.9994000196456909,0.023000001907348633,0.004999999888241291,0.018000001087784767,1.189,0.6800403643095564,1.4810639197705018,0.1871854806514075,0.45236046188659795,1.7494444646532812,1.6661611585119949,0.7129352712368149,0.23070034416840257,0.11292845010757446,0.08707234635949135,298.5469962080099,0.04755238816142082,0.11010962724685669,0.3449164628982544,0.14995352923870087,0.0055181412026286125,0.3117501139640808,0.577880859375,0.5504146814346313,0.9650328159332275,0.9819999989122152,0.4878090289666465
pronking,0,action_space,1.0,3.4000000953674316,0.0,0.5,-1.0,0.04999999701976776,1.0,0.3700000047683716,1.0,0.03999999910593033,stepping_stones_easy_bound_highspeed,stepping_stones_easy,2.0,bounding,1000,0.5715327262878418,0.5715327262878418,1.1535263061523438,0.848290205001831,0.13599243760108948,0.4917227625846863,1.521303653717041,0.13599243760108948,0.03343590348958969,0.33466291427612305,0.18454605340957642,1.0017338991165161,2.5171642303466797,1.2979376316070557,3.0709903240203857,0.4917227625846863,0.5542734861373901,0.03656076639890671,0.010269930586218834,0.5989569425582886,0.29115116596221924,343.8669738769531,265.4580078125,32.93699645996094,44.887962341308594,328.32635498046875,0.05878393352031708,0.1210833191871643,0.7066336870193481,2.1956751346588135,1.1490000486373901,0.02307051420211792,0.04000015929341316,3.386810302734375,0.5,0.05098992586135864,0.3686796724796295,0.038680050522089005,0.3356139659881592,0.43238165974617004,0.6745767593383789,0.23506058752536774,0.3493422269821167,0.5752005577087402,0.3603760302066803,0.3572869598865509,0.625394880771637,0.42911332845687866,0.1373748481273651,0.9809775352478027,0.9633174538612366,0.06259165704250336,0.1411079466342926,1.0,0.02200000174343586,0.007000000216066837,0.015000000596046448,1.149,0.6149988398539491,1.3823691047932773,0.18285487001879303,0.42958823704749693,1.5865573517357259,1.7524241278926702,0.7444954574323407,0.21640401332952572,0.1153525710105896,0.08464822545647621,298.1006779324713,0.0562254898250103,0.08910741657018661,0.391952782869339,0.11191431432962418,0.0029586467426270247,0.3018231987953186,0.6201858520507812,0.5458469986915588,0.9633174538612366,0.9849999994039536,0.4946514736664923
pronking,0,action_space,1.0,3.4000000953674316,0.0,0.5,0.0,0.07999999821186066,-1.0,0.2900000214576721,-1.0,-0.03999999910593033,stepping_stones_easy_bound_highspeed,stepping_stones_easy,2.0,bounding,1000,0.6002777814865112,0.6002777814865112,1.1154178380966187,0.8850031495094299,0.15229153633117676,0.5274906158447266,1.6317150592803955,0.15229153633117676,0.04734351485967636,0.35202860832214355,0.20278359949588776,1.1495147943496704,3.990415573120117,1.259049415588379,2.979398727416992,0.5274906158447266,0.6610389351844788,0.041881270706653595,0.022581052035093307,0.6069472432136536,0.25851356983184814,362.54669189453125,279.45794677734375,32.00050354003906,43.700042724609375,439.45855712890625,0.06762345880270004,0.12266667187213898,0.6831505298614502,2.275932788848877,1.1679999828338623,0.022308368235826492,0.04000015929341316,3.3864498138427734,0.5,0.08000031858682632,0.2913558781147003,-0.03864401951432228,0.32586556673049927,0.4305207133293152,0.6473219394683838,0.25794920325279236,0.339022159576416,0.5742692947387695,0.3056339919567108,0.34460902214050293,0.6562331914901733,0.4214971661567688,0.5,0.9809775352478027,0.9660289287567139,0.11718258261680603,0.19465050101280212,0.9998000264167786,0.02200000174343586,0.004000000189989805,0.018000001087784767,1.168,0.5848891375816032,1.395912764545899,0.21758564948009868,0.45031500030077587,1.9976024562259922,1.7260934874499099,0.8130430094309149,0.2538943141185854,0.11154184117913246,0.08845895528793335,325.03218032911457,0.04359022155404091,0.061885859817266464,0.2754783034324646,0.07588127255439758,0.005683026276528835,0.297038197517395,0.6143791079521179,0.5415427088737488,0.9660289287567139,0.9819999989122152,0.47361214213857544
pronking,0,action_space,1.0,3.4000000953674316,0.0,0.5,0.0,0.07999999821186066,-1.0,0.2900000214576721,0.0,0.0,stepping_stones_easy_bound_highspeed,stepping_stones_easy,2.0,bounding,1000,0.6097595691680908,0.6097595691680908,1.0530054569244385,0.9474238157272339,0.17776799201965332,0.6012341976165771,1.3764424324035645,0.17776799201965332,0.06502135097980499,0.3514571785926819,0.21099013090133667,1.2725167274475098,4.132569313049316,1.3469759225845337,3.139050245285034,0.6012341976165771,0.802473783493042,0.039037685841321945,0.03466540202498436,0.6542936563491821,0.2535288631916046,405.88818359375,311.890380859375,31.612773895263672,44.348880767822266,434.65887451171875,0.07380568981170654,0.11358332633972168,0.8425494432449341,2.831800699234009,1.1010000705718994,0.02106010541319847,0.04000015929341316,3.385207414627075,0.5,0.08000031858682632,0.2914801239967346,0.0,0.29628705978393555,0.37843436002731323,0.6107902526855469,0.23743046820163727,0.31023162603378296,0.5190801620483398,0.2912384569644928,0.36257386207580566,0.6362453699111938,0.40115484595298767,0.5,0.9775188565254211,0.9653007388114929,0.23390080034732819,0.3037310242652893,0.9984000325202942,0.026000000536441803,0.006000000052154064,0.020000001415610313,1.101,0.765258290137517,1.6037536965705605,0.2549928449580595,0.4593366204662292,2.0328721831559693,1.7717365056026346,0.8958090106116604,0.27148312630126076,0.10530052706599236,0.09470026940107346,385.45686627232334,0.02758597768843174,0.026921622455120087,0.2289934903383255,0.0687781348824501,0.006278795190155506,0.27020150423049927,0.5257095098495483,0.5667048692703247,0.9653007388114929,0.9799999985843897,0.4579867435325134
pronking,0,action_space,1.0,3.4000000953674316,0.0,0.5,0.0,0.07999999821186066,-1.0,0.2900000214576721,1.0,0.03999999910593033,stepping_stones_easy_bound_highspeed,stepping_stones_easy,2.0,bounding,1000,0.6010968685150146,0.6010968685150146,1.0745642185211182,0.9261678457260132,0.158239483833313,0.5354958772659302,1.5719542503356934,0.158239483833313,0.04814031720161438,0.3554070293903351,0.21851250529289246,1.2592740058898926,4.218174934387207,1.2703900337219238,2.9025087356567383,0.5354958772659302,0.6923103332519531,0.04354996979236603,0.036245182156562805,0.6427208185195923,0.22382017970085144,399.9150390625,311.37786865234375,30.002864837646484,41.49546813964844,595.7276000976562,0.07834851741790771,0.11599999666213989,0.7035983800888062,2.394082546234131,1.1150000095367432,0.021491291001439095,0.04000015929341316,3.3858165740966797,0.5,0.08000031858682632,0.29141926765441895,0.03858071193099022,0.33608633279800415,0.4211549758911133,0.6425071954727173,0.24425388872623444,0.320290744304657,0.5658464431762695,0.30913984775543213,0.34334707260131836,0.6620402336120605,0.4050101339817047,0.5,0.9792482256889343,0.9636167287826538,0.11869249492883682,0.19732630252838135,0.999000072479248,0.024000000208616257,0.003000000026077032,0.021000001579523087,1.115,0.6310298355170965,1.4653187337169093,0.21940901804988414,0.4674532118756833,2.053819596358747,1.7036750675104506,0.8320518813463216,0.2824803567487991,0.10745645500719547,0.09254434145987034,372.1648573157292,0.03234979510307312,0.0568375401198864,0.2027253806591034,0.07928070425987244,0.011374244466423988,0.27652841806411743,0.5846220254898071,0.5598983764648438,0.9636167287826538,0.9789999984204769,0.46235375949426705
pronking,0,action_space,1.0,3.4000000953674316,0.0,0.5,0.0,0.07999999821186066,0.0,0.33000001311302185,-1.0,-0.03999999910593033,stepping_stones_easy_bound_highspeed,stepping_stones_easy,2.0,bounding,1000,0.6119409799575806,0.6119409799575806,1.042696237564087,0.9592027068138123,0.16587409377098083,0.602354884147644,1.4678276777267456,0.16587409377098083,0.04968559741973877,0.3586817681789398,0.21545207500457764,1.1904442310333252,3.4518790245056152,1.3217339515686035,3.273188591003418,0.602354884147644,0.8635991811752319,0.05031701922416687,0.02533496916294098,0.6373103857040405,0.29575857520103455,373.571533203125,287.044921875,32.1828498840332,45.4813117980957,548.58935546875,0.0698624849319458,0.13641667366027832,0.7813350558280945,2.594269275665283,1.127000093460083,0.02085392363369465,0.04000015929341316,3.3869118690490723,0.5,0.08000031858682632,0.33000147342681885,-0.03869025409221649,0.29223331809043884,0.4046483635902405,0.5953656435012817,0.23907840251922607,0.32777073979377747,0.5318207740783691,0.32764673233032227,0.3504876494407654,0.6191578507423401,0.4044332504272461,0.5,0.9801129102706909,0.9692906737327576,0.23022021353244781,0.29186925292015076,0.9990000128746033,0.023000001907348633,0.0060000005178153515,0.017000000923871994,1.127,0.6932875084051963,1.5172094834444343,0.222902663554608,0.4641681538026684,1.8579233096405285,1.809195564609702,0.9293003718794219,0.275049065417623,0.10426961816847324,0.09573117829859257,358.2745575795408,0.025215933099389076,0.02656092867255211,0.22023949027061462,0.08530350774526596,0.0026981967967003584,0.2795369625091553,0.562434196472168,0.5055626034736633,0.9692906737327576,0.982999999076128,0.45287101578555605
pronking,0,action_space,1.0,3.4000000953674316,0.0,0.5,0.0,0.07999999821186066,0.0,0.33000001311302185,0.0,0.0,stepping_stones_easy_bound_highspeed,stepping_stones_easy,2.0,bounding,1000,0.6588249206542969,0.6588249206542969,1.0868077278137207,0.914143443107605,0.16061857342720032,0.5438685417175293,1.4980731010437012,0.16061857342720032,0.048327188938856125,0.3436683416366577,0.21189367771148682,1.168766736984253,3.573218822479248,1.306918978691101,3.0591530799865723,0.5438685417175293,0.6310240030288696,0.040874939411878586,0.022757943719625473,0.6311719417572021,0.2650986313819885,382.93951416015625,297.0152587890625,31.284244537353516,44.358856201171875,445.60784912109375,0.0713186264038086,0.11191664636135101,0.6816134452819824,2.2905845642089844,1.1130000352859497,0.02173614874482155,0.04000015929341316,3.3858516216278076,0.5,0.08000031858682632,0.33000147342681885,0.0,0.30361253023147583,0.39113855361938477,0.6363533735275269,0.2398633360862732,0.3224637806415558,0.5337409973144531,0.3291436433792114,0.3684723377227783,0.6318665742874146,0.4122856855392456,0.5,0.9792481660842896,0.971666693687439,0.4753267168998718,0.5221119523048401,0.999000072479248,0.024000000208616257,0.0020000000949949026,0.02199999988079071,1.113,0.6124109643488881,1.434582649709171,0.21983445803343962,0.4603191042217201,1.8902959616100459,1.7490434757279683,0.794370192686552,0.25225559088254923,0.10868074372410774,0.09132005274295807,352.3525867178893,0.035343773663043976,0.051926299929618835,0.2800862789154053,0.08504142612218857,0.004981758072972298,0.2829899489879608,0.5977953672409058,0.5714471936225891,0.971666693687439,0.9780000001192093,0.4750877410957688
pronking,0,action_space,1.0,3.4000000953674316,0.0,0.5,0.0,0.07999999821186066,0.0,0.33000001311302185,1.0,0.03999999910593033,stepping_stones_easy_bound_highspeed,stepping_stones_easy,2.0,bounding,1000,0.6270532608032227,0.6270532608032227,1.1203365325927734,0.880545973777771,0.1536608636379242,0.5455549955368042,1.2835677862167358,0.1536608636379242,0.04274962097406387,0.34116822481155396,0.2030331939458847,1.1670795679092407,3.785770893096924,1.3288233280181885,3.0146024227142334,0.5455549955368042,0.620046079158783,0.03367599472403526,0.020505541935563087,0.6155520677566528,0.2543284296989441,360.79559326171875,277.41748046875,32.69871520996094,45.05268096923828,596.3997802734375,0.06267618387937546,0.11533333361148834,0.7928390502929688,2.614288568496704,1.187000036239624,0.022406738251447678,0.04000015929341316,3.3846585750579834,0.5,0.08000031858682632,0.33000147342681885,0.03846500813961029,0.31485873460769653,0.39190471172332764,0.6554009318351746,0.22606894373893738,0.3335235118865967,0.5310948491096497,0.390042781829834,0.37135279178619385,0.6236000061035156,0.41819286346435547,0.5,0.9775188565254211,0.9647586941719055,0.23498860001564026,0.30897200107574463,0.9994000196456909,0.026000000536441803,0.003000000026077032,0.023000001907348633,1.187,0.6679351215314343,1.4840598061357426,0.20675981469827223,0.45059204824972743,1.9457057570704066,1.7362610468228081,0.7874300471526235,0.23276927773999376,0.11203369125723839,0.08796710520982742,322.0421567676066,0.044984154403209686,0.050980981439352036,0.3383648097515106,0.11782435327768326,0.006179185584187508,0.29197001457214355,0.5765988826751709,0.5617678165435791,0.9647586941719055,0.9769999980926514,0.4829071375884509
pronking,0,action_space,1.0,3.4000000953674316,0.0,0.5,0.0,0.07999999821186066,1.0,0.3700000047683716,-1.0,-0.03999999910593033,stepping_stones_easy_bound_highspeed,stepping_stones_easy,2.0,bounding,1000,0.5935884714126587,0.5935884714126587,1.1227567195892334,0.8777532577514648,0.16983170807361603,0.5892564058303833,1.790640115737915,0.16983170807361603,0.05267014726996422,0.35717833042144775,0.21226420998573303,1.1974132061004639,3.921574115753174,1.2154827117919922,2.608700752258301,0.5892564058303833,0.7720853090286255,0.04016397148370743,0.030492795631289482,0.626528263092041,0.20185282826423645,369.3214111328125,281.1976318359375,32.88726043701172,46.7789306640625,680.1740112304688,0.07056552171707153,0.13083332777023315,0.7661972045898438,2.512996196746826,1.1670000553131104,0.022455131635069847,0.04000015929341316,3.3874077796936035,0.5,0.08000031858682632,0.36873942613601685,-0.03873975947499275,0.3334686756134033,0.37691065669059753,0.618895411491394,0.2533225417137146,0.3245007395744324,0.5160273313522339,0.2811199426651001,0.34715259075164795,0.652348518371582,0.4149353504180908,0.5,0.9818421602249146,0.9680732488632202,0.1154232919216156,0.18646615743637085,0.9992000460624695,0.021000001579523087,0.003000000026077032,0.018000001087784767,1.167,0.6565528745414256,1.467440424670506,0.22949977618717673,0.46072140170143283,1.9802964716812415,1.6151472850047766,0.8786838504425954,0.2658134065749824,0.11227565817534924,0.08772513829171658,328.94161726142306,0.04587646201252937,0.031047681346535683,0.24337902665138245,0.05818992853164673,0.017649346962571144,0.2856304347515106,0.5837132930755615,0.5198751091957092,0.9680732488632202,0.9819999989122152,0.4614677510567402
pronking,0,action_space,1.0,3.4000000953674316,0.0,0.5,0.0,0.07999999821186066,1.0,0.3700000047683716,0.0,0.0,stepping_stones_easy_bound_highspeed,stepping_stones_easy,2.0,bounding,1000,0.6122586131095886,0.6122586131095886,1.0698598623275757,0.9318596124649048,0.1611296534538269,0.5477244853973389,1.6401036977767944,0.1611296534538269,0.04911326617002487,0.35301899909973145,0.211652010679245,1.1837589740753174,3.9189980030059814,1.3296616077423096,3.064761161804199,0.5477244853973389,0.6618437170982361,0.039793215692043304,0.024573318660259247,0.6415363550186157,0.31431013345718384,380.56329345703125,294.6864318847656,31.669960021972656,45.128211975097656,529.2630615234375,0.07059238106012344,0.12216666340827942,0.6177669167518616,1.9532339572906494,1.1390000581741333,0.021397195756435394,0.04000015929341316,3.387403726577759,0.5,0.08000031858682632,0.36873915791511536,0.0,0.31417298316955566,0.39684873819351196,0.6247860193252563,0.24155622720718384,0.31695666909217834,0.5408782362937927,0.2813498377799988,0.3574434816837311,0.623149037361145,0.403367817401886,0.5,0.9818421602249146,0.9714536666870117,0.22898967564105988,0.2913611829280853,0.9996000528335571,0.021000001579523087,0.0010000000474974513,0.020000001415610313,1.139,0.5423765643005103,1.3095294300286962,0.22161513073349678,0.46005652987349827,1.9796459286968418,1.7506459270235655,0.8135377785316648,0.2537056056777275,0.10698597878217697,0.09301481768488884,355.7132170834803,0.031009886413812637,0.04978601261973381,0.2760065793991089,0.07263059169054031,0.0018618169706314802,0.27718427777290344,0.651344358921051,0.5428982973098755,0.9714536666870117,0.9799999985843897,0.4734900143781775
pronking,0,action_space,1.0,3.4000000953674316,0.0,0.5,0.0,0.07999999821186066,1.0,0.3700000047683716,1.0,0.03999999910593033,stepping_stones_easy_bound_highspeed,stepping_stones_easy,2.0,bounding,1000,0.6105701923370361,0.6105701923370361,1.2277122735977173,0.7751854658126831,0.14371173083782196,0.5007365345954895,1.6695890426635742,0.14371173083782196,0.038322508335113525,0.34939712285995483,0.21097183227539062,1.0502593517303467,2.7994582653045654,1.2805657386779785,3.077054023742676,0.5007365345954895,0.5861023664474487,0.032193318009376526,0.009970922023057938,0.5891966819763184,0.27248579263687134,341.9235534667969,259.3451232910156,33.81914138793945,45.45396423339844,253.54273986816406,0.058853596448898315,0.1145833283662796,0.8460613489151001,2.882452964782715,1.192000150680542,0.024554235860705376,0.04000015929341316,3.3850080966949463,0.5,0.08000031858682632,0.3684996962547302,0.038499973714351654,0.36621516942977905,0.43492138385772705,0.6930322051048279,0.24207890033721924,0.3499794900417328,0.5793591141700745,0.31220975518226624,0.3592466115951538,0.6338566541671753,0.43058156967163086,0.5,0.9783835411071777,0.9619923830032349,0.1201261579990387,0.20468023419380188,0.9998000264167786,0.02500000037252903,0.004999999888241291,0.020000001415610313,1.192,0.7097829524302642,1.5550451354613948,0.19576135557130148,0.45931670149842213,1.6731581710360097,1.7541533638033693,0.7655732273580684,0.2053393289957734,0.12277117930352688,0.07722961716353893,278.504630783576,0.09038743376731873,0.08148220181465149,0.43029478192329407,0.08750676363706589,0.004297526553273201,0.30777281522750854,0.5463249087333679,0.5638784170150757,0.9619923830032349,0.9799999985843897,0.49753879491043723
pronking,0,action_space,1.0,3.4000000953674316,0.0,0.5,1.0,0.10999999940395355,-1.0,0.2900000214576721,-1.0,-0.03999999910593033,stepping_stones_easy_bound_highspeed,stepping_stones_easy,2.0,bounding,1000,0.62116539478302,0.62116539478302,1.0770924091339111,0.9242287874221802,0.17180104553699493,0.5513709187507629,1.3903141021728516,0.17180104553699493,0.05918275937438011,0.3736644387245178,0.23241621255874634,1.3278800249099731,4.9020185470581055,1.3114969730377197,3.1004185676574707,0.5513709187507629,0.7166600227355957,0.05341646447777748,0.027370907366275787,0.6456912755966187,0.22165900468826294,415.7111511230469,321.5101318359375,31.345367431640625,44.02228927612305,330.0437927246094,0.07850228250026703,0.11566665768623352,0.9475157260894775,3.35263729095459,1.1340000629425049,0.021541839465498924,0.04000015929341316,3.3858799934387207,0.5,0.10894060134887695,0.29141271114349365,-0.03858715295791626,0.3414042592048645,0.42277735471725464,0.6107810139656067,0.24149096012115479,0.30731433629989624,0.5594172477722168,0.34190210700035095,0.3457920253276825,0.6543383002281189,0.39812156558036804,0.8617544174194336,0.9801128506660461,0.9610034227371216,0.06399261951446533,0.1488354653120041,0.9988000392913818,0.023000001907348633,0.005000000353902578,0.018000001087784767,1.134,0.8355516975308642,1.7194389201724858,0.24327506936465995,0.4820956466913452,2.2140502584761044,1.7608005473810686,0.8465577492029682,0.2842311943542673,0.10770919732749462,0.09229159913957119,385.95681075992337,0.032817430794239044,0.04783015698194504,0.1987420618534088,0.07623235136270523,0.011876663193106651,0.2748904824256897,0.4775351285934448,0.5608323216438293,0.9610034227371216,0.9819999989122152,0.4513243004483612
pronking,0,action_space,1.0,3.4000000953674316,0.0,0.5,1.0,0.10999999940395355,-1.0,0.2900000214576721,0.0,0.0,stepping_stones_easy_bound_highspeed,stepping_stones_easy,2.0,bounding,1000,0.6360081434249878,0.6360081434249878,1.1781182289123535,0.8234249353408813,0.16554924845695496,0.5099887847900391,1.4993952512741089,0.16554924845695496,0.05304528772830963,0.3445819020271301,0.20743250846862793,1.1684656143188477,3.70969820022583,1.2865164279937744,2.9906063079833984,0.5099887847900391,0.6065113544464111,0.033745311200618744,0.022484928369522095,0.6077439785003662,0.246905118227005,369.2309875488281,284.4046630859375,32.10447692871094,44.44709014892578,783.000732421875,0.06954200565814972,0.12825000286102295,0.7515121102333069,2.623833179473877,1.1630001068115234,0.023562366142868996,0.04000015929341316,3.3851394653320312,0.5,0.1088850125670433,0.29148685932159424,0.0,0.3620608448982239,0.43640607595443726,0.6642630100250244,0.25054818391799927,0.337669312953949,0.5783133506774902,0.3180437386035919,0.3551015257835388,0.6476088166236877,0.41430801153182983,0.8610594272613525,0.9783835411071777,0.9620687961578369,0.11996078491210938,0.20284342765808105,0.9996000528335571,0.02500000223517418,0.004000000189989805,0.021000001579523087,1.163,0.6461840799320185,1.5020287947937674,0.23031562632246566,0.4554475913523179,1.9260576835146528,1.7293369561723355,0.7787883887465267,0.23712916220941876,0.11781183071434498,0.08218896575272083,313.40741403322875,0.06639625877141953,0.07420782744884491,0.32478079199790955,0.07728146761655807,0.0071681891568005085,0.2965652644634247,0.5689159035682678,0.5266337394714355,0.9620687961578369,0.9789999984204769,0.475606576588593
pronking,0,action_space,1.0,3.4000000953674316,0.0,0.5,1.0,0.10999999940395355,-1.0,0.2900000214576721,1.0,0.03999999910593033,stepping_stones_easy_bound_highspeed,stepping_stones_easy,2.0,bounding,1000,0.6290487051010132,0.6290487051010132,1.1352393627166748,0.8682427406311035,0.15918225049972534,0.5620136857032776,1.3740425109863281,0.15918225049972534,0.050896916538476944,0.3521372675895691,0.21689507365226746,1.2773263454437256,4.351188659667969,1.306251049041748,3.0393919944763184,0.5620136857032776,0.7863731384277344,0.03530203551054001,0.04171683266758919,0.6654584407806396,0.2401244044303894,423.2969970703125,327.0662536621094,32.57010269165039,46.091514587402344,734.697998046875,0.07455959916114807,0.11308333277702332,0.9606202840805054,3.4856903553009033,1.1150000095367432,0.02270478755235672,0.04000015929341316,3.3846335411071777,0.5,0.10884706676006317,0.29153746366500854,0.038462407886981964,0.35916244983673096,0.42512738704681396,0.658138632774353,0.24564161896705627,0.3169565200805664,0.5608819723129272,0.3577558994293213,0.35502851009368896,0.6520270705223083,0.4024699628353119,0.86058509349823,0.9775189161300659,0.95683753490448,0.0663747489452362,0.1562778353691101,0.9983999729156494,0.026000000536441803,0.0010000000474974513,0.02500000037252903,1.115,0.8615428154778587,1.7681005453896175,0.22560344974861743,0.4657199519585428,2.0859503013418053,1.7433852111556754,0.8867768256036771,0.27752273452481185,0.1135239377617836,0.08647685870528221,372.87026064472013,0.04902711138129234,0.04248543828725815,0.2143002152442932,0.0914483591914177,0.008209294639527798,0.26423487067222595,0.45769837498664856,0.5681233406066895,0.95683753490448,0.974999999627471,0.45487259749911335
pronking,0,action_space,1.0,3.4000000953674316,0.0,0.5,1.0,0.10999999940395355,0.0,0.33000001311302185,-1.0,-0.03999999910593033,stepping_stones_easy_bound_highspeed,stepping_stones_easy,2.0,bounding,1000,0.6265374422073364,0.6265374422073364,1.0883560180664062,0.9125847816467285,0.1478291153907776,0.5685811042785645,1.710506796836853,0.1478291153907776,0.041841164231300354,0.35833466053009033,0.22675585746765137,1.147585391998291,3.794402837753296,1.2548593282699585,2.9553751945495605,0.5685811042785645,0.7696946859359741,0.044663071632385254,0.02292322739958763,0.6099853515625,0.2616461515426636,364.3177490234375,279.10015869140625,31.72246551513672,43.9072265625,475.3445739746094,0.07013554871082306,0.12833333015441895,0.7326061725616455,2.5029783248901367,1.1679999828338623,0.02176712080836296,0.04000015929341316,3.385737895965576,0.5,0.10892993211746216,0.33000147342681885,-0.03857291489839554,0.3260883688926697,0.4206673502922058,0.6376355290412903,0.25403672456741333,0.33900073170661926,0.5552164316177368,0.3012908697128296,0.34719860553741455,0.6414517164230347,0.40611523389816284,0.8616209030151367,0.9792481660842896,0.963589072227478,0.11878558993339539,0.19829237461090088,0.999000072479248,0.024000000208616257,0.0020000000949949026,0.02199999988079071,1.168,0.6272312843636291,1.4638854599486604,0.20455112864831707,0.476188888433625,1.9479226980948952,1.7191204712147314,0.8773224526569317,0.2599736506493935,0.1088356040418148,0.09116519242525101,334.7413373711033,0.03574860468506813,0.03944512456655502,0.2587932050228119,0.0782904103398323,0.005337899550795555,0.29523882269859314,0.5852359533309937,0.5264143347740173,0.963589072227478,0.9780000001192093,0.46367943482963664
pronking,0,action_space,1.0,3.4000000953674316,0.0,0.5,1.0,0.10999999940395355,0.0,0.33000001311302185,0.0,0.0,stepping_stones_easy_bound_highspeed,stepping_stones_easy,2.0,bounding,1000,0.6536760330200195,0.6536760330200195,1.11543607711792,0.8861116170883179,0.1774705946445465,0.5959388017654419,1.3542289733886719,0.1774705946445465,0.05806121975183487,0.34447187185287476,0.20145419239997864,1.3082175254821777,4.579228401184082,1.2511769533157349,2.746222972869873,0.5959388017654419,0.8531025648117065,0.037670381367206573,0.03545009344816208,0.6497749090194702,0.23853933811187744,411.60400390625,324.070068359375,31.425235748291016,43.92559051513672,656.5855712890625,0.07468827068805695,0.12558333575725555,0.8278405666351318,2.9121012687683105,1.1600000858306885,0.02230871468782425,0.04000015929341316,3.385817050933838,0.5,0.10893583297729492,0.33000147342681885,0.0,0.34054169058799744,0.4065037965774536,0.6444465517997742,0.23957398533821106,0.31556370854377747,0.5426175594329834,0.35700324177742004,0.3553491234779358,0.6590924263000488,0.3999260365962982,0.8616946935653687,0.9792481660842896,0.9674454927444458,0.23248930275440216,0.3011130094528198,0.9988000392913818,0.024000000208616257,0.003000000026077032,0.021000001579523087,1.16,0.7136556164971714,1.584434271446249,0.24095895864614553,0.448836487375947,2.1399131760854417,1.6571731873494313,0.9236355151312159,0.2704079784610074,0.11154357343912125,0.08845722302794456,369.007254068524,0.043249256908893585,0.028683578595519066,0.23167738318443298,0.08082626014947891,0.008473711088299751,0.2726545035839081,0.5338672995567322,0.5337024927139282,0.9674454927444458,0.9789999984204769,0.4578822570803919
pronking,0,action_space,1.0,3.4000000953674316,0.0,0.5,1.0,0.10999999940395355,0.0,0.33000001311302185,1.0,0.03999999910593033,stepping_stones_easy_bound_highspeed,stepping_stones_easy,2.0,bounding,1000,0.6428502202033997,0.6428502202033997,1.2080549001693726,0.7939341068267822,0.1525062769651413,0.5021973252296448,1.5487741231918335,0.1525062769651413,0.04242262244224548,0.3385995924472809,0.2043331265449524,1.1247458457946777,3.085578680038452,1.273911952972412,2.8159523010253906,0.5021973252296448,0.6172587275505066,0.029445022344589233,0.01987910084426403,0.6026228666305542,0.2487720549106598,357.62689208984375,273.37237548828125,32.535125732421875,44.299835205078125,379.32537841796875,0.06458677351474762,0.11499999463558197,0.7870520353317261,2.6684179306030273,1.1700000762939453,0.024161092936992645,0.04000015929341316,3.3851380348205566,0.5,0.10888492316007614,0.33000147342681885,0.03851291537284851,0.3890562951564789,0.45050936937332153,0.6882202625274658,0.2414795160293579,0.3328322768211365,0.5887129902839661,0.3287438452243805,0.37072083353996277,0.6450687646865845,0.4206792414188385,0.8610584735870361,0.9783835411071777,0.9620687365531921,0.11996190249919891,0.20285072922706604,0.9991999864578247,0.02500000223517418,0.003000000026077032,0.02199999988079071,1.17,0.6726940187633547,1.510198301522864,0.20596752764027024,0.45203221848110825,1.7565815324198453,1.6780799447658596,0.785658149293003,0.2220903491573942,0.12080546468496323,0.07919533178210258,296.03529776643717,0.08035304397344589,0.08029711991548538,0.3728860318660736,0.09096990525722504,0.006905473303049803,0.29961836338043213,0.5654266476631165,0.562704861164093,0.9620687365531921,0.9780000001192093,0.49070957459901515
pronking,0,action_space,1.0,3.4000000953674316,0.0,0.5,1.0,0.10999999940395355,1.0,0.3700000047683716,-1.0,-0.03999999910593033,stepping_stones_easy_bound_highspeed,stepping_stones_easy,2.0,bounding,1000,0.634523868560791,0.634523868560791,1.1954963207244873,0.8059024810791016,0.14739453792572021,0.5067873597145081,1.2652620077133179,0.14739453792572021,0.04206104576587677,0.3541957139968872,0.21815547347068787,1.0412781238555908,2.6437900066375732,1.2112092971801758,2.5950708389282227,0.5067873597145081,0.5880942344665527,0.027782738208770752,0.017721887677907944,0.6166403293609619,0.2660285234451294,375.27618408203125,289.20947265625,32.11262130737305,43.445472717285156,371.22637939453125,0.06559817492961884,0.11916666477918625,0.7682883739471436,2.638498306274414,1.159000039100647,0.023909926414489746,0.04000015929341316,3.3844258785247803,0.5,0.10883152484893799,0.36844131350517273,-0.038441725075244904,0.3650890588760376,0.43405652046203613,0.6703783869743347,0.24682354927062988,0.33499592542648315,0.5674120187759399,0.38689208030700684,0.3622868061065674,0.6496779322624207,0.4156445860862732,0.8603909015655518,0.9775188565254211,0.9566495418548584,0.06654945015907288,0.15926405787467957,0.999000072479248,0.027000000700354576,0.003000000026077032,0.024000000208616257,1.159,0.6628889819483391,1.5088173539182603,0.20508789765824012,0.4670711653171151,1.6259735565615983,1.6109223565796777,0.7668730236920274,0.21331813304704947,0.11954963207244873,0.08045116439461708,313.9082718837718,0.07442858815193176,0.07666313648223877,0.40248697996139526,0.1216651126742363,0.004889963194727898,0.29133522510528564,0.5660162568092346,0.5511031150817871,0.9566495418548584,0.9759999997913837,0.49303355754206063
pronking,0,action_space,1.0,3.4000000953674316,0.0,0.5,1.0,0.10999999940395355,1.0,0.3700000047683716,0.0,0.0,stepping_stones_easy_bound_highspeed,stepping_stones_easy,2.0,bounding,1000,0.6352583169937134,0.6352583169937134,1.1368615627288818,0.8641775846481323,0.15875861048698425,0.5570600032806396,1.3657886981964111,0.15875861048698425,0.04831675812602043,0.3601507544517517,0.22034487128257751,1.1275599002838135,3.174811363220215,1.3020999431610107,3.090263843536377,0.5570600032806396,0.7005881071090698,0.03795437887310982,0.02187594771385193,0.6067936420440674,0.24676324427127838,371.68402099609375,284.29351806640625,32.44194412231445,46.560035705566406,539.8641967773438,0.06890040636062622,0.12441666424274445,0.825292706489563,2.817852258682251,1.1570000648498535,0.02273724228143692,0.04000015929341316,3.3858165740966797,0.5,0.10893580317497253,0.3685804009437561,0.0,0.342987060546875,0.4019562900066376,0.6575056314468384,0.2454301416873932,0.3391941785812378,0.5417724251747131,0.3582688570022583,0.3529214560985565,0.6464899778366089,0.40986257791519165,0.8616941571235657,0.9792481660842896,0.9636168479919434,0.11869242042303085,0.19732558727264404,0.9990000128746033,0.024000000208616257,0.004000000189989805,0.020000001415610313,1.157,0.7133038915635804,1.5606029159749109,0.21981073250872085,0.46940906604216487,1.7818000345774536,1.7579146291945968,0.8370114139658251,0.24460238467145357,0.1136862114071846,0.08631458505988121,326.9386820537029,0.05042785033583641,0.04490714147686958,0.3022180497646332,0.09708933532238007,0.0071885553188622,0.29712948203086853,0.5439649820327759,0.5368248820304871,0.9636168479919434,0.9799999985843897,0.4713570582435319
pronking,0,action_space,1.0,3.4000000953674316,0.0,0.5,1.0,0.10999999940395355,1.0,0.3700000047683716,1.0,0.03999999910593033,stepping_stones_easy_bound_highspeed,stepping_stones_easy,2.0,bounding,1000,0.6216747760772705,0.6216747760772705,1.119337558746338,0.8820537328720093,0.17323853075504303,0.5977438688278198,1.49260675907135,0.17323853075504303,0.05617537721991539,0.33360159397125244,0.18863552808761597,1.212182879447937,4.535398006439209,1.250168800354004,2.8042802810668945,0.5977438688278198,0.8336691856384277,0.03414708003401756,0.0316552110016346,0.6370753645896912,0.22787263989448547,374.41387939453125,282.8121643066406,33.06199645996094,46.15959930419922,323.85614013671875,0.06889823079109192,0.125083327293396,0.8978403806686401,3.1487698554992676,1.1740000247955322,0.02238674834370613,0.04000015929341316,3.38680362701416,0.5,0.10900983214378357,0.3686790466308594,0.03867942839860916,0.3311678469181061,0.38125288486480713,0.6627713441848755,0.24155330657958984,0.34170782566070557,0.5225905179977417,0.33988314867019653,0.36870282888412476,0.636089563369751,0.4092840254306793,0.8626195192337036,0.9809775352478027,0.9633171558380127,0.06259569525718689,0.14113634824752808,0.9995999932289124,0.02200000174343586,0.004000000189989805,0.018000001087784767,1.174,0.7647702998562607,1.6377076916156839,0.23701345366859533,0.4343219175768314,2.1296473901656134,1.6745985432535448,0.9130548645281004,0.2565195724221685,0.11193374171853065,0.08806705474853516,334.4959493844521,0.04450850188732147,0.02807215042412281,0.26819372177124023,0.07308629900217056,0.010488742962479591,0.279668390750885,0.511441707611084,0.5350384712219238,0.9633171558380127,0.9819999989122152,0.46011072544282994
trotting,1,action_space,-1.0,2.5999999046325684,0.0,0.5,-1.0,0.04999999701976776,-1.0,0.2900000214576721,-1.0,-0.03999999910593033,stepping_stones_easy_bound_highspeed,stepping_stones_easy,2.0,bounding,1000,0.5610312223434448,0.5610312223434448,1.1757338047027588,0.8246603012084961,0.20832443237304688,0.6368803381919861,1.498644471168518,0.20832443237304688,0.0735626369714737,0.23566436767578125,0.117296501994133,0.9949167370796204,2.1899397373199463,0.9726638197898865,1.7886555194854736,0.6368803381919861,0.8633431792259216,0.022990699857473373,0.016059914603829384,0.5657258033752441,0.22474828362464905,316.0208435058594,242.4683837890625,34.360862731933594,66.29266357421875,484.81292724609375,0.08748603612184525,0.1419999897480011,0.5672925710678101,1.7822142839431763,0.9589999914169312,0.02351466566324234,0.04000015929341316,2.6143016815185547,0.5,0.05107313394546509,0.29143083095550537,-0.03856911510229111,0.33568280935287476,0.354358971118927,0.678179144859314,0.3106892704963684,0.32836973667144775,0.4899560213088989,0.26383599638938904,0.5309780836105347,0.6447856426239014,0.3793568015098572,0.1384146511554718,1.0,0.9657415151596069,0.06450937688350677,0.14937669038772583,0.9994000196456909,0.024000000208616257,0.004000000189989805,0.020000001415610313,0.959,0.5915459244044904,1.3632347102431808,0.27122432960830356,0.3424857690388507,1.4798444976820864,1.3374062656820005,0.9291626225940869,0.19761228317415586,0.1175733283162117,0.08242746815085411,268.78604854417165,0.06585773080587387,0.01731528341770172,0.4579422175884247,0.05130857974290848,0.011165064759552479,0.3225646913051605,0.6283850073814392,0.4916442334651947,0.9657415151596069,0.9799999985843897,0.48834051593746014
trotting,1,action_space,-1.0,2.5999999046325684,0.0,0.5,-1.0,0.04999999701976776,-1.0,0.2900000214576721,0.0,0.0,stepping_stones_easy_bound_highspeed,stepping_stones_easy,2.0,bounding,1000,0.5749889612197876,0.5749889612197876,1.1531484127044678,0.847098708152771,0.19457972049713135,0.6577488780021667,1.467307686805725,0.19457972049713135,0.06512055546045303,0.241477832198143,0.12765204906463623,1.0386086702346802,2.256336212158203,0.9987810850143433,1.8703734874725342,0.6577488780021667,0.9420822858810425,0.024877408519387245,0.020702579990029335,0.5722920894622803,0.22153125703334808,310.44476318359375,234.20956420898438,34.000282287597656,65.00331115722656,493.95098876953125,0.09073926508426666,0.1390833556652069,0.595920205116272,1.824887752532959,0.9590000510215759,0.023062963038682938,0.04000015929341316,2.6138391494750977,0.5,0.05103844404220581,0.2913844883441925,0.0,0.3345873951911926,0.3456774652004242,0.6771814823150635,0.3106968402862549,0.3132525682449341,0.4823063611984253,0.3112567961215973,0.5249865055084229,0.6284959316253662,0.37257111072540283,0.13798102736473083,1.0,0.9728454351425171,0.11782647669315338,0.19604061543941498,1.0,0.023000001907348633,0.004000000189989805,0.01900000125169754,0.959,0.6213974619558134,1.379458907427482,0.25518729486487574,0.35728426926557544,1.5021105858618409,1.3676159868444555,0.9706092343889184,0.21349470370343285,0.11531481519341469,0.08468598127365112,269.21492477755805,0.05668164789676666,0.013215882703661919,0.40188080072402954,0.06267962604761124,0.011907045729458332,0.3183562755584717,0.6214332580566406,0.498866468667984,0.9728454351425171,0.9809999987483025,0.4823051149907865
trotting,1,action_space,-1.0,2.5999999046325684,0.0,0.5,-1.0,0.04999999701976776,-1.0,0.2900000214576721,1.0,0.03999999910593033,stepping_stones_easy_bound_highspeed,stepping_stones_easy,2.0,bounding,1000,0.5494979619979858,0.5494979619979858,1.1316355466842651,0.8686591386795044,0.21143317222595215,0.6744214296340942,1.7840912342071533,0.21143317222595215,0.08001190423965454,0.21619047224521637,0.10216359794139862,1.109565258026123,3.1123294830322266,1.0278880596160889,2.069668769836426,0.6744214296340942,0.9578171968460083,0.02351188100874424,0.019955510273575783,0.5713586211204529,0.2701333165168762,311.41546630859375,237.46139526367188,34.10945129394531,64.03382873535156,445.5850524902344,0.0908065140247345,0.1418333649635315,0.5974181294441223,1.863938808441162,0.9500000476837158,0.02263271063566208,0.04000015929341316,2.612565279006958,0.5,0.050942860543727875,0.29125720262527466,0.03874284774065018,0.3047040104866028,0.33464711904525757,0.6570316553115845,0.31074362993240356,0.3045518398284912,0.46841490268707275,0.22505919635295868,0.5610527396202087,0.6232460737228394,0.37237414717674255,0.13678616285324097,1.0,0.9699947834014893,0.06158032268285751,0.13637885451316833,0.9998000264167786,0.021000001579523087,0.0060000005178153515,0.015000000596046448,0.95,0.6288611482319079,1.4007286527500138,0.2828637556132891,0.3196304083490784,1.7641795495448378,1.4386343419494843,0.9786813561348803,0.2084883480732677,0.1131635531783104,0.08683724328875542,275.19060109153764,0.04888548329472542,0.010583671741187572,0.41922488808631897,0.03390037268400192,0.004504555370658636,0.31895118951797485,0.6123139262199402,0.4920539855957031,0.9699947834014893,0.9849999994039536,0.47841100786861623
trotting,1,action_space,-1.0,2.5999999046325684,0.0,0.5,-1.0,0.04999999701976776,0.0,0.33000001311302185,-1.0,-0.03999999910593033,stepping_stones_easy_bound_highspeed,stepping_stones_easy,2.0,bounding,1000,0.5832005739212036,0.5832005739212036,1.1596990823745728,0.8404536247253418,0.1901525855064392,0.614594578742981,1.2782666683197021,0.1901525855064392,0.06251169741153717,0.22687453031539917,0.11078864336013794,1.0179179906845093,2.5701675415039062,0.9244942665100098,1.7503221035003662,0.614594578742981,0.8512222170829773,0.023833513259887695,0.01897480897605419,0.5822471976280212,0.24510309100151062,317.12091064453125,244.4521942138672,34.08171844482422,64.91532135009766,315.9344787597656,0.08829233050346375,0.1432500183582306,0.5612115263938904,1.716090440750122,0.9610000848770142,0.023193981498479843,0.04000015929341316,2.613792896270752,0.5,0.05103497952222824,0.33000147342681885,-0.038620028644800186,0.3610384464263916,0.3558238446712494,0.6884220838546753,0.3314264118671417,0.3409561514854431,0.4987943768501282,0.3470696806907654,0.5434744358062744,0.6253281235694885,0.3695318102836609,0.13793738186359406,1.0,0.9728555679321289,0.11777287721633911,0.19555902481079102,0.9998000264167786,0.023000001907348633,0.004000000189989805,0.01900000125169754,0.961,0.583986978997301,1.3363135696115802,0.25002339372854127,0.33284928024578625,1.6031742080958968,1.322997393610572,0.922617047903938,0.2069017212010134,0.11596990749239922,0.0840308889746666,273.45103179283535,0.05928201973438263,0.022885195910930634,0.4247874319553375,0.07977855205535889,0.0074312444776296616,0.31208041310310364,0.6399063467979431,0.48858097195625305,0.9728555679321289,0.9809999987483025,0.48700111594639334
trotting,1,action_space,-1.0,2.5999999046325684,0.0,0.5,-1.0,0.04999999701976776,0.0,0.33000001311302185,0.0,0.0,stepping_stones_easy_bound_highspeed,stepping_stones_easy,2.0,bounding,1000,0.592551589012146,0.592551589012146,1.1470184326171875,0.8533602356910706,0.20527766644954681,0.6347134113311768,1.3870465755462646,0.20527766644954681,0.07178452610969543,0.2221621572971344,0.1080656573176384,1.118388295173645,3.079362392425537,0.9647176861763,1.8574750423431396,0.6347134113311768,0.8470976948738098,0.01799798011779785,0.01955030858516693,0.5994914770126343,0.2123432159423828,342.6162109375,265.1479797363281,32.19685363769531,61.56671142578125,462.35040283203125,0.09604951739311218,0.14791665971279144,0.5169589519500732,1.5434861183166504,0.909000039100647,0.022940361872315407,0.04000015929341316,2.6137146949768066,0.5,0.05102909356355667,0.33000147342681885,0.0,0.3289780020713806,0.3455396890640259,0.6837416887283325,0.3219383955001831,0.3181169629096985,0.48510509729385376,0.29115432500839233,0.5591821074485779,0.6327128410339355,0.36873799562454224,0.13786451518535614,1.0,0.9799162149429321,0.23142755031585693,0.2987184524536133,0.9998000264167786,0.023000001907348633,0.004000000189989805,0.01900000125169754,0.909,0.5687116196971259,1.3030750142766516,0.2679263445607681,0.32873341375290466,1.754811212759235,1.3628921609368585,0.9203791038880716,0.19377380809326317,0.11470180936157703,0.08529898710548878,298.7015737451943,0.05431826412677765,0.017799032852053642,0.4719105660915375,0.05944302678108215,0.014309031888842583,0.30150070786476135,0.6540960073471069,0.47731277346611023,0.9799162149429321,0.9809999987483025,0.4879244365974476
trotting,1,action_space,-1.0,2.5999999046325684,0.0,0.5,-1.0,0.04999999701976776,0.0,0.33000001311302185,1.0,0.03999999910593033,stepping_stones_easy_bound_highspeed,stepping_stones_easy,2.0,bounding,1000,0.5884688496589661,0.5884688496589661,1.2540948390960693,0.745974063873291,0.18971070647239685,0.606631875038147,1.2533433437347412,0.18971070647239685,0.06246181204915047,0.21480625867843628,0.10339408367872238,0.9231059551239014,1.8289430141448975,0.9177221059799194,1.6157877445220947,0.606631875038147,0.7440179586410522,0.018031440675258636,0.011043144389986992,0.5339044332504272,0.2651716470718384,280.11834716796875,210.54464721679688,34.71913528442383,65.15835571289062,415.12249755859375,0.08392666280269623,0.13758334517478943,0.5658898949623108,1.760363221168518,0.9769999980926514,0.025081884115934372,0.04000015929341316,2.6149871349334717,0.5,0.05112446844577789,0.33000147342681885,0.038500674068927765,0.3764471411705017,0.35927197337150574,0.7214082479476929,0.3394327759742737,0.34078508615493774,0.4993816614151001,0.3430330753326416,0.5729901194572449,0.5919294357299805,0.3902862071990967,0.13905665278434753,1.0,0.970495343208313,0.12011882662773132,0.20462937653064728,1.0,0.02500000037252903,0.006000000052154064,0.01900000125169754,0.977,0.5792117631301177,1.3423131775071733,0.24992361242817868,0.32154950424269413,1.3523841962049459,1.2711363988660282,0.8625647562015575,0.17051271232739695,0.12540942057967186,0.07459137588739395,223.36296939860895,0.10796920210123062,0.02522241324186325,0.5590637922286987,0.08187352120876312,0.004974487237632275,0.3437609076499939,0.6373405456542969,0.5026220679283142,0.970495343208313,0.9809999987483025,0.5149881537807616
trotting,1,action_space,-1.0,2.5999999046325684,0.0,0.5,-1.0,0.04999999701976776,1.0,0.3700000047683716,-1.0,-0.03999999910593033,stepping_stones_easy_bound_highspeed,stepping_stones_easy,2.0,bounding,1000,0.5544815063476562,0.5544815063476562,1.15488862991333,0.8454585075378418,0.20759719610214233,0.671333909034729,1.6555426120758057,0.20759719610214233,0.0791492611169815,0.24271932244300842,0.1201075091958046,1.030325174331665,2.4052677154541016,0.9517163634300232,1.8101975917816162,0.671333909034729,0.9018833041191101,0.023132838308811188,0.017841164022684097,0.5713544487953186,0.23994790017604828,313.6158142089844,239.95436096191406,34.121726989746094,64.81675720214844,430.620361328125,0.08833453059196472,0.15566667914390564,0.591094434261322,1.778243064880371,0.968000054359436,0.02309776470065117,0.04000015929341316,2.6128315925598145,0.5,0.050962962210178375,0.3687153458595276,-0.038715943694114685,0.3221372365951538,0.32008713483810425,0.665891170501709,0.3231760263442993,0.31576472520828247,0.4577646553516388,0.25206458568573,0.5128351449966431,0.5833257436752319,0.3725231885910034,0.13703855872154236,1.0,0.9689333438873291,0.06227220594882965,0.13671013712882996,0.9992001056671143,0.02199999988079071,0.003000000026077032,0.01900000125169754,0.968,0.6106347328375193,1.3553699900162492,0.2813347847618234,0.3465653029312147,1.5508925544518233,1.3454358371106427,0.9496753677542185,0.2024203604667655,0.11548882350325584,0.08451197296380997,271.5550279792087,0.05731457844376564,0.011032694019377232,0.4406607151031494,0.03922159597277641,0.008238328620791435,0.31895384192466736,0.6317529082298279,0.4591706097126007,0.9689333438873291,0.9809999987483025,0.4783709794282914
trotting,1,action_space,-1.0,2.5999999046325684,0.0,0.5,-1.0,0.04999999701976776,1.0,0.3700000047683716,0.0,0.0,stepping_stones_easy_bound_highspeed,stepping_stones_easy,2.0,bounding,1000,0.5818127989768982,0.5818127989768982,1.1712868213653564,0.8288012742996216,0.16696573793888092,0.6132258772850037,1.348676323890686,0.16696573793888092,0.04870149493217468,0.204743430018425,0.09699246287345886,0.9648165702819824,2.4740610122680664,0.8828805685043335,1.5043878555297852,0.6132258772850037,0.7892026901245117,0.021845046430826187,0.01710597239434719,0.5724338293075562,0.22763362526893616,300.0169372558594,226.88174438476562,34.164886474609375,64.78862762451172,415.2164001464844,0.08858823776245117,0.14358334243297577,0.5364266633987427,1.6518241167068481,0.9640000462532043,0.02342572622001171,0.04000015929341316,2.613715648651123,0.5,0.051029130816459656,0.36862748861312866,0.0,0.3592716455459595,0.35790467262268066,0.7138150334358215,0.3435763120651245,0.3488662838935852,0.499423623085022,0.31648367643356323,0.591414749622345,0.5840661525726318,0.3778602182865143,0.13786448538303375,1.0,0.9728832840919495,0.11768006533384323,0.19459445774555206,1.0,0.023000001907348633,0.0060000005178153515,0.017000000923871994,0.964,0.5564591657076634,1.3090112096942335,0.22068415197330024,0.3114361296854603,1.572914814053217,1.2265348978034767,0.8883708066593092,0.1973601247090541,0.11712863110005856,0.08287216536700726,256.1430144890838,0.06407851725816727,0.023273039609193802,0.4588553011417389,0.09800799190998077,0.01053900271654129,0.31826603412628174,0.6515653133392334,0.4877673387527466,0.9728832840919495,0.982999999076128,0.49537445545980807
trotting,1,action_space,-1.0,2.5999999046325684,0.0,0.5,-1.0,0.04999999701976776,1.0,0.3700000047683716,1.0,0.03999999910593033,stepping_stones_easy_bound_highspeed,stepping_stones_easy,2.0,bounding,1000,0.5695205926895142,0.5695205926895142,1.2503736019134521,0.7499200105667114,0.19533589482307434,0.6088379621505737,1.5700433254241943,0.19533589482307434,0.06463350355625153,0.21234753727912903,0.10891006886959076,0.9655155539512634,2.192781686782837,0.8772803544998169,1.4037994146347046,0.6088379621505737,0.7459059953689575,0.01828915625810623,0.014688048511743546,0.5477432012557983,0.23232531547546387,293.82562255859375,221.03082275390625,34.3227653503418,64.85636901855469,431.01458740234375,0.08573076128959656,0.1432500183582306,0.5846102237701416,1.798756718635559,0.9780000448226929,0.025007475167512894,0.04000015929341316,2.6140329837799072,0.5,0.051052965223789215,0.3685957193374634,0.038596004247665405,0.37472230195999146,0.34498703479766846,0.731017529964447,0.3250812292098999,0.33044689893722534,0.488321453332901,0.2628577947616577,0.5848710536956787,0.5888112783432007,0.385132372379303,0.13816264271736145,1.0,0.9663731455802917,0.06414270401000977,0.14662986993789673,1.0,0.024000000208616257,0.004000000189989805,0.020000001415610313,0.978,0.5977609084427722,1.356178240134832,0.25423120098888635,0.3300152555103942,1.4808044053090998,1.1848204145079138,0.863658494642968,0.18159626860111905,0.12503737583756447,0.07496342062950134,234.99026379711722,0.10544981807470322,0.02455507591366768,0.5170870423316956,0.05711358040571213,0.009595065377652645,0.3343769311904907,0.631406843662262,0.48858097195625305,0.9663731455802917,0.9799999985843897,0.5037728976458311
trotting,1,action_space,-1.0,2.5999999046325684,0.0,0.5,0.0,0.07999999821186066,-1.0,0.2900000214576721,-1.0,-0.03999999910593033,stepping_stones_easy_bound_highspeed,stepping_stones_easy,2.0,bounding,1000,0.6042275428771973,0.6042275428771973,1.1357249021530151,0.8645577430725098,0.20384708046913147,0.6496416330337524,1.3872274160385132,0.20384708046913147,0.07700392603874207,0.24322184920310974,0.12189637124538422,1.0707306861877441,2.9511923789978027,0.9472914934158325,1.8717491626739502,0.6496416330337524,0.9274973273277283,0.024066675454378128,0.026159707456827164,0.5880008935928345,0.25587403774261475,349.0750732421875,269.9453125,33.586124420166016,65.50440979003906,537.2357177734375,0.09408290684223175,0.15816669166088104,0.6579805016517639,2.1633620262145996,0.9460000395774841,0.022714508697390556,0.04000015929341316,2.613624095916748,0.5,0.08000031858682632,0.2913629412651062,-0.03863697126507759,0.3589056134223938,0.3563185930252075,0.6651532649993896,0.32853448390960693,0.3187440037727356,0.4895024299621582,0.30223748087882996,0.5173053741455078,0.5930135250091553,0.3724477291107178,0.5,1.0,0.9730509519577026,0.11752413958311081,0.19330166280269623,1.0,0.023000001907348633,0.0020000000949949026,0.021000001579523087,0.946,0.6955396075581395,1.5122340474883271,0.2774958126508255,0.3491366082859032,1.7179034836095428,1.3681188408445921,0.9630666266296056,0.22411243363813016,0.11357254348695278,0.08642825298011303,307.3588265789007,0.05029546841979027,0.014693609438836575,0.36621755361557007,0.05354108661413193,0.0059910970740020275,0.3085097670555115,0.5645575523376465,0.4534666836261749,0.9730509519577026,0.9789999984204769,0.4615770156838392
trotting,1,action_space,-1.0,2.5999999046325684,0.0,0.5,0.0,0.07999999821186066,-1.0,0.2900000214576721,0.0,0.0,stepping_stones_easy_bound_highspeed,stepping_stones_easy,2.0,bounding,1000,0.6195629835128784,0.6195629835128784,1.1386266946792603,0.8619939088821411,0.20819854736328125,0.6844906210899353,1.4929829835891724,0.20819854736328125,0.07664123177528381,0.23664599657058716,0.11970322579145432,1.146317720413208,3.103367805480957,0.9855205416679382,1.9340455532073975,0.6844906210899353,1.1458383798599243,0.025476403534412384,0.0226222462952137,0.5908570289611816,0.2401464283466339,326.7134094238281,252.38571166992188,34.02229309082031,64.91122436523438,548.538330078125,0.09480941295623779,0.12516668438911438,0.615789532661438,1.9168193340301514,0.9500000476837158,0.022772541269659996,0.04000015929341316,2.6137757301330566,0.5,0.08000031858682632,0.2913781404495239,0.0,0.34120652079582214,0.3588579297065735,0.6525065302848816,0.3106895089149475,0.3121708929538727,0.49451112747192383,0.28510087728500366,0.5328562259674072,0.5881773829460144,0.36734282970428467,0.5,1.0,0.9798984527587891,0.231532484292984,0.2996174991130829,0.9998000264167786,0.023000001907348633,0.0020000000949949026,0.021000001579523087,0.95,0.6481995271381579,1.420459279298332,0.2768415282707488,0.34598153966859896,1.7616378190425401,1.3906996631938175,1.0704384054488723,0.21931404384951295,0.11386270634829998,0.08613809011876583,286.9363690053482,0.05119394138455391,0.009230203926563263,0.382138192653656,0.04851862043142319,0.008205682039260864,0.3067525029182434,0.6038520336151123,0.5348155498504639,0.9798984527587891,0.9789999984204769,0.48089517711808805
trotting,1,action_space,-1.0,2.5999999046325684,0.0,0.5,0.0,0.07999999821186066,-1.0,0.2900000214576721,1.0,0.03999999910593033,stepping_stones_easy_bound_highspeed,stepping_stones_easy,2.0,bounding,1000,0.607854962348938,0.607854962348938,1.229762077331543,0.7704408168792725,0.20319172739982605,0.6207528114318848,1.5492055416107178,0.20319172739982605,0.07317514717578888,0.22460415959358215,0.11461895704269409,1.05454683303833,2.382530689239502,0.9732294082641602,1.881434679031372,0.6207528114318848,0.8841383457183838,0.03143588453531265,0.012917965650558472,0.565360426902771,0.22371207177639008,323.0386962890625,246.1005859375,33.76836395263672,64.42271423339844,403.72381591796875,0.09789405763149261,0.12516666948795319,0.5876431465148926,1.826036810874939,0.9610000848770142,0.0245952345430851,0.04000015929341316,2.6141867637634277,0.5,0.08000031858682632,0.29141920804977417,0.0385807603597641,0.3801610767841339,0.3621811866760254,0.6902686357498169,0.32514211535453796,0.31625884771347046,0.5075055360794067,0.28721821308135986,0.5632055997848511,0.5997793078422546,0.37447822093963623,0.5,1.0,0.971779465675354,0.11869198083877563,0.19732245802879333,0.9996000528335571,0.024000000208616257,0.004999999888241291,0.01900000125169754,0.961,0.6114912876601521,1.3784564891843583,0.2705090519294851,0.33855421580995576,1.5435448452311005,1.3716539939180625,0.9402863105024893,0.21060353792344308,0.12297617271542549,0.07702462375164032,262.6838981651013,0.09307811409235,0.021208766847848892,0.41185787320137024,0.049158357083797455,0.011398867703974247,0.32280048727989197,0.6218629479408264,0.5348155498504639,0.971779465675354,0.9809999987483025,0.4959643004756225
trotting,1,action_space,-1.0,2.5999999046325684,0.0,0.5,0.0,0.07999999821186066,0.0,0.33000001311302185,-1.0,-0.03999999910593033,stepping_stones_easy_bound_highspeed,stepping_stones_easy,2.0,bounding,1000,0.6230308413505554,0.6230308413505554,1.143540620803833,0.8567115068435669,0.1836039125919342,0.634813129901886,1.425934076309204,0.1836039125919342,0.06098959222435951,0.23606564104557037,0.11500091105699539,1.1411840915679932,3.399296283721924,0.9513345956802368,1.752875566482544,0.634813129901886,0.8409665822982788,0.027677476406097412,0.022449936717748642,0.5992997884750366,0.23312702775001526,333.79913330078125,258.9991760253906,33.94914245605469,65.04511260986328,497.330810546875,0.09598715603351593,0.12541666626930237,0.5610672235488892,1.7825045585632324,0.956000030040741,0.02287081815302372,0.04000015929341316,2.6132211685180664,0.5,0.08000031858682632,0.33000147342681885,-0.038677237927913666,0.3552190661430359,0.34684866666793823,0.6746338605880737,0.3302246034145355,0.315263569355011,0.48766428232192993,0.2936791181564331,0.5268840789794922,0.5848041772842407,0.3624073266983032,0.5,1.0,0.980769157409668,0.23031622171401978,0.295894980430603,0.9995999932289124,0.023000001907348633,0.004000000189989805,0.01900000125169754,0.956,0.5868903124182793,1.3654831913077456,0.24696070987985014,0.3391178424338587,1.8437180597157266,1.3239620713912252,0.9170423012589326,0.22389152088421316,0.1143540907651186,0.08564670570194721,291.89967302267115,0.053087253123521805,0.01777651347219944,0.36694321036338806,0.07095382362604141,0.009442443959414959,0.3016163110733032,0.6274219155311584,0.5341475009918213,0.980769157409668,0.9809999987483025,0.48474623772658804
trotting,1,action_space,-1.0,2.5999999046325684,0.0,0.5,0.0,0.07999999821186066,0.0,0.33000001311302185,0.0,0.0,stepping_stones_easy_bound_highspeed,stepping_stones_easy,2.0,bounding,1000,0.6820975542068481,0.6820975542068481,1.2873024940490723,0.71281898021698,0.18124139308929443,0.6138167381286621,1.2851519584655762,0.18124139308929443,0.061330534517765045,0.22606398165225983,0.12378135323524475,0.9573557376861572,1.9187204837799072,0.9032952189445496,1.6211349964141846,0.6138167381286621,0.8290960192680359,0.01679479517042637,0.014781887643039227,0.5401617884635925,0.23902425169944763,304.4110412597656,233.6497802734375,33.75011444091797,64.5541000366211,467.44622802734375,0.08983561396598816,0.13308335840702057,0.5650564432144165,1.7375996112823486,0.9590000510215759,0.02574605494737625,0.04000015929341316,2.6161932945251465,0.5,0.08000031858682632,0.33000147342681885,0.0,0.400522381067276,0.3621915578842163,0.7284421920776367,0.35151660442352295,0.3272921144962311,0.505662739276886,0.3365747332572937,0.5779833793640137,0.599841833114624,0.3860049843788147,0.5,1.0,0.986766517162323,0.4790770411491394,0.5343424081802368,0.9996000528335571,0.027000000700354576,0.007000000216066837,0.020000001415610313,0.959,0.5892142414176551,1.346063510895739,0.24765002426360683,0.3518257427125604,1.3851788634612887,1.273237996768155,0.9105470988740977,0.17769829153220804,0.12873027473688126,0.07127052173018456,236.4720356458514,0.13101498782634735,0.023104913532733917,0.5317755937576294,0.08112511783838272,0.008391926996409893,0.33948564529418945,0.6357361078262329,0.5140592455863953,0.986766517162323,0.9799999985843897,0.5182442297472766
trotting,1,action_space,-1.0,2.5999999046325684,0.0,0.5,0.0,0.07999999821186066,0.0,0.33000001311302185,1.0,0.03999999910593033,stepping_stones_easy_bound_highspeed,stepping_stones_easy,2.0,bounding,1000,0.6384396553039551,0.6384396553039551,1.2957041263580322,0.704606294631958,0.18034139275550842,0.517128050327301,1.6313047409057617,0.18034139275550842,0.0582410991191864,0.22028961777687073,0.11803295463323593,0.8961824178695679,1.563812494277954,0.8596264123916626,1.4300642013549805,0.517128050327301,0.5491746664047241,0.016479112207889557,0.008302783593535423,0.5455702543258667,0.19796520471572876,299.93609619140625,228.10662841796875,33.782047271728516,64.38745880126953,235.1441192626953,0.08785615861415863,0.14441664516925812,0.667145311832428,2.106077194213867,0.9860000610351562,0.02591407671570778,0.04000015929341316,2.6160638332366943,0.5,0.08000031858682632,0.33000147342681885,0.038392968475818634,0.4149525761604309,0.3890863060951233,0.7462090849876404,0.3402293920516968,0.3383539915084839,0.537941575050354,0.27929002046585083,0.5803910493850708,0.6015589237213135,0.38597166538238525,0.5,1.0,0.9764527082443237,0.23649072647094727,0.3149786591529846,0.9998000264167786,0.02800000086426735,0.004000000189989805,0.024000000208616257,0.986,0.6766179144745182,1.4614995315662116,0.24133192726861982,0.3435592447209592,1.250524887508423,1.195852917943917,0.7410632000070737,0.15742266609807173,0.1295703835785389,0.07043041288852692,231.4850204532938,0.13725975155830383,0.068961001932621,0.6091821789741516,0.061046045273542404,0.019076384603977203,0.33583325147628784,0.586258053779602,0.4857392907142639,0.9764527082443237,0.9759999997913837,0.5143441681406999
trotting,1,action_space,-1.0,2.5999999046325684,0.0,0.5,0.0,0.07999999821186066,1.0,0.3700000047683716,-1.0,-0.03999999910593033,stepping_stones_easy_bound_highspeed,stepping_stones_easy,2.0,bounding,1000,0.5939786434173584,0.5939786434173584,1.0889017581939697,0.9114223122596741,0.19971132278442383,0.6495691537857056,1.3910088539123535,0.19971132278442383,0.06840697675943375,0.23957884311676025,0.11997225880622864,1.1145572662353516,2.905433177947998,0.9725787043571472,1.7058985233306885,0.6495691537857056,0.9192830324172974,0.0264816265553236,0.02622435800731182,0.6275138854980469,0.24474704265594482,348.24212646484375,269.16143798828125,33.50470733642578,64.26528930664062,753.8887329101562,0.10115169733762741,0.1289999932050705,0.6432265043258667,2.0973095893859863,0.9440000653266907,0.021778032183647156,0.04000015929341316,2.612621307373047,0.5,0.08000031858682632,0.3687368631362915,-0.0387372225522995,0.3223157823085785,0.33151328563690186,0.6433271169662476,0.30466336011886597,0.3063209652900696,0.46765196323394775,0.2809879183769226,0.5325357913970947,0.5922893285751343,0.3523174524307251,0.5,1.0,0.9752122759819031,0.11545178294181824,0.18669535219669342,0.9995999932289124,0.021000001579523087,0.003000000026077032,0.018000001087784767,0.944,0.6813839411331435,1.490545618133782,0.2615472744255496,0.34637011823514546,1.7045331260928893,1.3061005027679486,0.9587924866295613,0.22957783987710012,0.10889016091823578,0.09111063554883003,319.8104180145976,0.03605309873819351,0.014707453548908234,0.348499059677124,0.06334569305181503,0.007484351750463247,0.28506794571876526,0.5738245844841003,0.5246625542640686,0.9752122759819031,0.9819999989122152,0.4707634381361699
trotting,1,action_space,-1.0,2.5999999046325684,0.0,0.5,0.0,0.07999999821186066,1.0,0.3700000047683716,0.0,0.0,stepping_stones_easy_bound_highspeed,stepping_stones_easy,2.0,bounding,1000,0.6326906085014343,0.6326906085014343,1.1976361274719238,0.8025606870651245,0.18332308530807495,0.6243100166320801,1.4841824769973755,0.18332308530807495,0.0617818683385849,0.22494247555732727,0.11473485827445984,0.9839380979537964,2.0729598999023438,0.919516921043396,1.713562250137329,0.6243100166320801,0.8132838010787964,0.02131665125489235,0.01694333925843239,0.5768675804138184,0.25941231846809387,312.52154541015625,242.02978515625,33.07225799560547,63.07269287109375,473.6170654296875,0.09161816537380219,0.12999999523162842,0.5867993831634521,1.7882390022277832,0.9570000171661377,0.023952722549438477,0.04000015929341316,2.614393711090088,0.5,0.08000031858682632,0.3685598075389862,0.0,0.3864474892616272,0.3493955433368683,0.7127546072006226,0.340337872505188,0.3167254328727722,0.4871787428855896,0.3102304935455322,0.5600452423095703,0.5789996385574341,0.37282803654670715,0.5,1.0,0.9790235757827759,0.2328495979309082,0.30406999588012695,0.9998000264167786,0.024000000208616257,0.003000000026077032,0.021000001579523087,0.957,0.613165493669181,1.366963077751744,0.24855958709851628,0.3387253434192072,1.439777725866859,1.3090310348258856,0.901822488674349,0.19560161173498733,0.11976361274719238,0.08023718371987343,260.94866232021104,0.0760461762547493,0.020289942622184753,0.4652409851551056,0.06588662415742874,0.005581787321716547,0.3154562711715698,0.6267879605293274,0.5220457911491394,0.9790235757827759,0.9789999984204769,0.4972766769167624
trotting,1,action_space,-1.0,2.5999999046325684,0.0,0.5,0.0,0.07999999821186066,1.0,0.3700000047683716,1.0,0.03999999910593033,stepping_stones_easy_bound_highspeed,stepping_stones_easy,2.0,bounding,1000,0.6074512004852295,0.6074512004852295,1.1882069110870361,0.812154233455658,0.17295897006988525,0.5934137105941772,1.657554268836975,0.17295897006988525,0.053691715002059937,0.21792086958885193,0.11736110597848892,1.1158350706100464,3.055549144744873,0.9381698369979858,1.7824931144714355,0.5934137105941772,0.7032570838928223,0.02041909098625183,0.018999069929122925,0.5774822235107422,0.23782788217067719,315.01092529296875,241.23617553710938,33.88386535644531,63.08027648925781,484.034912109375,0.09391909837722778,0.1236666589975357,0.5758035182952881,1.792723536491394,0.9360000491142273,0.023764142766594887,0.04000015929341316,2.613985538482666,0.5,0.08000031858682632,0.3686002790927887,0.03860073536634445,0.38510262966156006,0.3504835069179535,0.7129526734352112,0.33277052640914917,0.31622904539108276,0.4949146509170532,0.26572152972221375,0.5848748683929443,0.5893230438232422,0.3739301264286041,0.5,1.0,0.9722097516059875,0.11830960959196091,0.19598636031150818,0.9995999932289124,0.024000000208616257,0.004999999888241291,0.01900000125169754,0.936,0.6151747092222556,1.3839446396713562,0.231714727633053,0.34258007236044674,1.7480129132088449,1.3351004136286662,0.8386042474807901,0.19854007382736302,0.11882071383297443,0.08118008263409138,265.1145371682611,0.07147711515426636,0.029558075591921806,0.45458823442459106,0.06512878835201263,0.008595147170126438,0.3150687515735626,0.6195104718208313,0.5388417840003967,0.9722097516059875,0.9809999987483025,0.49773162132815313
trotting,1,action_space,-1.0,2.5999999046325684,0.0,0.5,1.0,0.10999999940395355,-1.0,0.2900000214576721,-1.0,-0.03999999910593033,stepping_stones_easy_bound_highspeed,stepping_stones_easy,2.0,bounding,1000,0.633353590965271,0.633353590965271,1.2916735410690308,0.7089246511459351,0.1897498369216919,0.5385141372680664,1.58493173122406,0.1897498369216919,0.06281611323356628,0.22562600672245026,0.11155606061220169,0.968167781829834,2.0886144638061523,0.8446675539016724,1.4391365051269531,0.5385141372680664,0.6320779323577881,0.018951548263430595,0.012098624370992184,0.5383148193359375,0.18961629271507263,312.9184875488281,239.9874267578125,34.41206359863281,66.40185546875,322.08154296875,0.0967601090669632,0.12825000286102295,0.6710802912712097,2.2840938568115234,0.987000048160553,0.02583346515893936,0.04000015929341316,2.614990711212158,0.5,0.10887549817562103,0.29149961471557617,-0.0385003499686718,0.4179416596889496,0.387046754360199,0.728019118309021,0.3604058623313904,0.32950007915496826,0.5347391366958618,0.2682163715362549,0.5527523756027222,0.6133586168289185,0.3900505304336548,0.8609408140182495,1.0,0.9642739295959473,0.06556632369756699,0.1547764241695404,1.0,0.02500000037252903,0.007000000216066837,0.018000001087784767,0.987,0.6799192109731192,1.5212422768392149,0.25063142906181235,0.3340000907368166,1.445203952321662,1.1996401565165085,0.7950332900940614,0.17621059172031284,0.1291673257946968,0.070833470672369,242.25818490471414,0.1339489370584488,0.05502460524439812,0.5374048948287964,0.05835244804620743,0.022543106228113174,0.3407420217990875,0.5607138872146606,0.5266337394714355,0.9642739295959473,0.9819999989122152,0.5118870722424043
trotting,1,action_space,-1.0,2.5999999046325684,0.0,0.5,1.0,0.10999999940395355,-1.0,0.2900000214576721,0.0,0.0,stepping_stones_easy_bound_highspeed,stepping_stones_easy,2.0,bounding,1000,0.6433864831924438,0.6433864831924438,1.2709877490997314,0.7294754981994629,0.17917126417160034,0.6124353408813477,1.4946660995483398,0.17917126417160034,0.06342452764511108,0.21259520947933197,0.10394544899463654,0.9946510791778564,2.195061206817627,0.8944858312606812,1.713616967201233,0.6124353408813477,0.9250218272209167,0.020467305555939674,0.012536536902189255,0.5427175760269165,0.24627617001533508,308.3631591796875,234.8615264892578,34.51548385620117,66.33832550048828,551.2304077148438,0.09568243473768234,0.13325001299381256,0.6490187644958496,2.149493455886841,0.9769999980926514,0.025419751182198524,0.04000015929341316,2.6144096851348877,0.5,0.10891900956630707,0.2914416193962097,0.0,0.4174272418022156,0.3666146397590637,0.7079550623893738,0.34681612253189087,0.3252407908439636,0.5115790963172913,0.2969791889190674,0.5822593569755554,0.6089275479316711,0.3842121660709381,0.8614845275878906,1.0,0.9716740846633911,0.11896786093711853,0.20025670528411865,1.0,0.024000000208616257,0.003000000026077032,0.021000001579523087,0.977,0.6642975197111693,1.4832719262387424,0.2518422673919354,0.3224057210947668,1.4815738951593427,1.3090519344935223,0.9617805504484465,0.1816695969559269,0.12709875591099262,0.07290204055607319,242.6169405630447,0.11901117116212845,0.023499630391597748,0.5168116092681885,0.06309229135513306,0.00725892698392272,0.3377547860145569,0.5769360065460205,0.5136310458183289,0.9716740846633911,0.9789999984204769,0.5056495515531615
trotting,1,action_space,-1.0,2.5999999046325684,0.0,0.5,1.0,0.10999999940395355,-1.0,0.2900000214576721,1.0,0.03999999910593033,stepping_stones_easy_bound_highspeed,stepping_stones_easy,2.0,bounding,1000,0.6384034156799316,0.6384034156799316,1.3046379089355469,0.6956340670585632,0.185750812292099,0.5707606077194214,1.3580305576324463,0.185750812292099,0.05936621129512787,0.2192651629447937,0.11314593255519867,1.0235199928283691,2.234109878540039,0.877773642539978,1.4716140031814575,0.5707606077194214,0.6905628442764282,0.018673935905098915,0.015063811093568802,0.5530713796615601,0.2211192548274994,315.3048400878906,241.47555541992188,33.18097686767578,63.618961334228516,350.08209228515625,0.09863930940628052,0.11675000190734863,0.5427190065383911,1.7354226112365723,0.956000030040741,0.026092758402228355,0.04000015929341316,2.6156039237976074,0.5,0.10882951319217682,0.29156097769737244,0.03843899816274643,0.4260895848274231,0.3826640248298645,0.7348699569702148,0.3463926911354065,0.33013397455215454,0.5254538059234619,0.30107906460762024,0.5671274662017822,0.6175677180290222,0.38507992029190063,0.8603658080101013,1.0,0.9628441333770752,0.06656743586063385,0.15940186381340027,0.9995999932289124,0.026000000536441803,0.006000000052154064,0.020000001415610313,0.956,0.5676976926157166,1.3473290194935374,0.2436518239109403,0.33637171782894987,1.4946939079758232,1.2131009863904396,0.8310011096722003,0.18367837923573835,0.13046379201114178,0.06953700445592403,241.6799618716795,0.14433375000953674,0.03847769275307655,0.5092812180519104,0.07844521105289459,0.012005561962723732,0.3308326005935669,0.6351945996284485,0.557802677154541,0.9628441333770752,0.9799999985843897,0.5254821158749493
trotting,1,action_space,-1.0,2.5999999046325684,0.0,0.5,1.0,0.10999999940395355,0.0,0.33000001311302185,-1.0,-0.03999999910593033,stepping_stones_easy_bound_highspeed,stepping_stones_easy,2.0,bounding,1000,0.645060658454895,0.645060658454895,1.293455719947815,0.7068097591400146,0.17138484120368958,0.6118929386138916,1.4703359603881836,0.17138484120368958,0.05843740701675415,0.22132724523544312,0.108768031001091,0.9183921813964844,1.728538155555725,0.8957657217979431,1.6186866760253906,0.6118929386138916,0.8044338226318359,0.020146694034337997,0.011443101800978184,0.5565177202224731,0.22538210451602936,311.74053955078125,237.64505004882812,34.91394805908203,66.45925903320312,697.3116455078125,0.09683319926261902,0.1301666647195816,0.7483290433883667,2.490265369415283,0.9890000820159912,0.025869108736515045,0.04000015929341316,2.6142306327819824,0.5,0.10893243551254272,0.33000147342681885,-0.03857625648379326,0.43430715799331665,0.3532579243183136,0.7074625492095947,0.34000810980796814,0.34113195538520813,0.49789589643478394,0.2973718047142029,0.5519147515296936,0.5929267406463623,0.3778601586818695,0.8616523742675781,1.0,0.9723033905029297,0.11845164000988007,0.20017285645008087,1.0,0.023000001907348633,0.004999999888241291,0.018000001087784767,0.989,0.756652153177136,1.5868089761255413,0.24173830275062774,0.3297999863570206,1.3147388164786666,1.272276179147197,0.8969023484370168,0.1777351845733314,0.12934554368257523,0.07065525278449059,241.01369280995453,0.13556282222270966,0.02365620993077755,0.5316361784934998,0.07142665982246399,0.011024422012269497,0.32856011390686035,0.5328631401062012,0.5216109156608582,0.9723033905029297,0.9819999989122152,0.5087241474539042
trotting,1,action_space,-1.0,2.5999999046325684,0.0,0.5,1.0,0.10999999940395355,0.0,0.33000001311302185,0.0,0.0,stepping_stones_easy_bound_highspeed,stepping_stones_easy,2.0,bounding,1000,0.676105260848999,0.676105260848999,1.3127415180206299,0.6875001192092896,0.17643503844738007,0.5642392635345459,1.3195879459381104,0.17643503844738007,0.055284369736909866,0.22258733212947845,0.11466316133737564,0.9117637276649475,1.6852055788040161,0.8515620231628418,1.4950807094573975,0.5642392635345459,0.7167697548866272,0.013601486571133137,0.008938917890191078,0.5399248600006104,0.2390086054801941,300.41156005859375,225.82247924804688,34.11276626586914,65.0562744140625,528.4730224609375,0.09444215893745422,0.11316666752099991,0.6461361646652222,2.1854825019836426,0.9860000610351562,0.026254819706082344,0.04000015929341316,2.6150221824645996,0.5,0.10887317359447479,0.33000147342681885,0.0,0.4302956461906433,0.38816165924072266,0.7547454833984375,0.35155433416366577,0.3269577920436859,0.5342650413513184,0.3571679890155792,0.5654510259628296,0.600019633769989,0.38650214672088623,0.86091148853302,1.0,0.9781471490859985,0.23418539762496948,0.30866700410842896,0.9998000264167786,0.02500000037252903,0.004999999888241291,0.020000001415610313,0.986,0.6553105166669307,1.488796027818885,0.23512628465764918,0.33861949343972453,1.2981546821561813,1.2227349301698212,0.8466225575110949,0.1501346211282535,0.13127409853041172,0.06872669793665409,228.84288790649245,0.15097731351852417,0.04143374785780907,0.637113094329834,0.0884537622332573,0.008394552394747734,0.339646577835083,0.5745728611946106,0.5678867101669312,0.9781471490859985,0.9799999985843897,0.5370818644173835
trotting,1,action_space,-1.0,2.5999999046325684,0.0,0.5,1.0,0.10999999940395355,0.0,0.33000001311302185,1.0,0.03999999910593033,stepping_stones_easy_bound_highspeed,stepping_stones_easy,2.0,bounding,1000,0.6432596445083618,0.6432596445083618,1.1753489971160889,0.8250548839569092,0.19093942642211914,0.5409098863601685,1.2584710121154785,0.19093942642211914,0.06467366218566895,0.21767792105674744,0.10862896591424942,1.1602364778518677,3.639176607131958,0.8702641725540161,1.4294840097427368,0.5409098863601685,0.6425963640213013,0.015573011711239815,0.02759527787566185,0.6468535661697388,0.21337446570396423,410.87127685546875,322.938720703125,31.695674896240234,61.73030090332031,636.1072998046875,0.10838400572538376,0.12908333539962769,0.6304153203964233,1.9840114116668701,0.9120000600814819,0.02350698411464691,0.04000015929341316,2.6165103912353516,0.5,0.10876154154539108,0.33000147342681885,0.038348399102687836,0.3783802390098572,0.3780864477157593,0.6999971866607666,0.3430997133255005,0.3033413290977478,0.5251377820968628,0.33642661571502686,0.5803592801094055,0.6436687707901001,0.3580384850502014,0.8595162630081177,1.0,0.9671873450279236,0.12327009439468384,0.21472394466400146,0.999000072479248,0.02800000086426735,0.004999999888241291,0.023000001907348633,0.912,0.691244828073602,1.4749409854640625,0.2543101692533528,0.3295890864610802,1.9076626030647972,1.195610308479622,0.8016210850653201,0.20776979950633265,0.11753492057323456,0.08246587589383125,349.57385241626844,0.06568647176027298,0.05361989513039589,0.42174020409584045,0.07793000340461731,0.01401692908257246,0.2742522060871124,0.5805016160011292,0.5244439840316772,0.9671873450279236,0.9769999980926514,0.48516955932504247
trotting,1,action_space,-1.0,2.5999999046325684,0.0,0.5,1.0,0.10999999940395355,1.0,0.3700000047683716,-1.0,-0.03999999910593033,stepping_stones_easy_bound_highspeed,stepping_stones_easy,2.0,bounding,1000,0.6412709355354309,0.6412709355354309,1.3103020191192627,0.6900856494903564,0.16541355848312378,0.553184449672699,1.4216318130493164,0.16541355848312378,0.05101028084754944,0.24806828796863556,0.13774147629737854,0.9410884380340576,2.148162841796875,0.831163763999939,1.4561867713928223,0.553184449672699,0.6905587911605835,0.018243787810206413,0.014563711360096931,0.5542213916778564,0.2009802758693695,320.2708740234375,242.8307647705078,34.120941162109375,65.95782470703125,453.5420837402344,0.09974054992198944,0.12583333253860474,0.6180902123451233,2.0377464294433594,0.987000048160553,0.026206037029623985,0.04000015929341316,2.615623712539673,0.5,0.10882805287837982,0.36843669414520264,-0.038437068462371826,0.4445262551307678,0.39300471544265747,0.7307462096214294,0.3660580813884735,0.33293306827545166,0.5404845476150513,0.30803918838500977,0.5279388427734375,0.6091803312301636,0.3829215466976166,0.8603475093841553,1.0,0.9622749090194702,0.06694218516349792,0.15730100870132446,0.9994000196456909,0.027000000700354576,0.003000000026077032,0.024000000208616257,0.987,0.6262312157658941,1.4368667145249243,0.22585455684477443,0.37113538809628294,1.465661230229167,1.206725640480396,0.8309986709740176,0.18112840520002196,0.13103018514811993,0.06897061131894588,244.42523124455835,0.14884157478809357,0.04688158258795738,0.5188450813293457,0.08700085431337357,0.017960045486688614,0.3300725519657135,0.5968159437179565,0.5330358147621155,0.9622749090194702,0.9759999997913837,0.5189795194095687
trotting,1,action_space,-1.0,2.5999999046325684,0.0,0.5,1.0,0.10999999940395355,1.0,0.3700000047683716,0.0,0.0,stepping_stones_easy_bound_highspeed,stepping_stones_easy,2.0,bounding,1000,0.6458873152732849,0.6458873152732849,1.270066738128662,0.7307350039482117,0.1692202091217041,0.5636897683143616,1.584729552268982,0.1692202091217041,0.054761406034231186,0.2257014513015747,0.12629489600658417,0.9750385284423828,2.024031162261963,0.8874838352203369,1.574908971786499,0.5636897683143616,0.6923379898071289,0.01647607982158661,0.01164336409419775,0.5459152460098267,0.1965695321559906,305.03302001953125,231.93572998046875,33.89368438720703,66.01188659667969,531.8941650390625,0.09547796845436096,0.1288333237171173,0.6620844602584839,2.239257335662842,0.9800000190734863,0.025401348248124123,0.04000015929341316,2.6155872344970703,0.5,0.10883072018623352,0.3684402406215668,0.0,0.4049939811229706,0.3781936764717102,0.7272994518280029,0.3404971957206726,0.3214219808578491,0.5234315395355225,0.3112662732601166,0.5673856735229492,0.6147547960281372,0.3822837471961975,0.8603808879852295,1.0,0.9693150520324707,0.12129513919353485,0.20918771624565125,0.9996000528335571,0.026000000536441803,0.006000000052154064,0.020000001415610313,0.98,0.6755963383888711,1.5116071593378195,0.23401155107009394,0.35537993191313455,1.4226844914674381,1.2549537727687419,0.8320685006699442,0.16768853245163892,0.1270067412406206,0.0729940552264452,240.17085942190099,0.1181388646364212,0.04169134795665741,0.5698461532592773,0.06856606155633926,0.019616371020674706,0.3356016278266907,0.564825177192688,0.5250999927520752,0.9693150520324707,0.9799999985843897,0.5124898122525529
trotting,1,action_space,-1.0,2.5999999046325684,0.0,0.5,1.0,0.10999999940395355,1.0,0.3700000047683716,1.0,0.03999999910593033,stepping_stones_easy_bound_highspeed,stepping_stones_easy,2.0,bounding,1000,0.6415408253669739,0.6415408253669739,1.2988688945770264,0.7013586759567261,0.1735856682062149,0.5757298469543457,1.4615216255187988,0.1735856682062149,0.05604852735996246,0.21600760519504547,0.12158650159835815,0.9682341814041138,2.0445749759674072,0.8321388363838196,1.3530333042144775,0.5757298469543457,0.7188557386398315,0.014398729428648949,0.012304327450692654,0.5437982082366943,0.19499370455741882,303.24346923828125,229.69549560546875,34.61431884765625,66.39456939697266,519.2406616210938,0.0945514440536499,0.11900000274181366,0.7583008408546448,2.576575756072998,0.9800000190734863,0.025977376848459244,0.04000015929341316,2.6170544624328613,0.5,0.10872072726488113,0.3682937026023865,0.038293980062007904,0.4293237030506134,0.36887064576148987,0.7458579540252686,0.3489634394645691,0.3134113550186157,0.5163736939430237,0.31866955757141113,0.5966545343399048,0.6175770163536072,0.38492676615715027,0.8590060472488403,1.0,0.9589278697967529,0.06923092901706696,0.16874077916145325,0.9991999864578247,0.029000001028180122,0.00800000037997961,0.021000001579523087,0.98,0.7737763073979592,1.6214680421417076,0.23674570188276378,0.34869256028535817,1.4298863507172195,1.1631995977537464,0.8478536068448559,0.1634107000148448,0.12988688424229622,0.07011391222476959,233.46734262739565,0.13978973031044006,0.03634681925177574,0.5862194299697876,0.07558540254831314,0.020244458690285683,0.33702558279037476,0.5182541012763977,0.5515625476837158,0.9589278697967529,0.9789999984204769,0.5189275919998947
trotting,1,action_space,0.0,3.0,0.0,0.5,-1.0,0.04999999701976776,-1.0,0.2900000214576721,-1.0,-0.03999999910593033,stepping_stones_easy_bound_highspeed,stepping_stones_easy,2.0,bounding,1000,0.5750257968902588,0.5750257968902588,1.1346206665039062,0.8675987720489502,0.19423402845859528,0.6916824579238892,1.4519712924957275,0.19423402845859528,0.06705707311630249,0.25360190868377686,0.14205694198608398,1.1674625873565674,4.148575305938721,0.9643124938011169,1.9107249975204468,0.6916824579238892,1.1010990142822266,0.035271212458610535,0.0275481715798378,0.6208738088607788,0.2263396680355072,358.4361572265625,278.29315185546875,33.04356384277344,63.67664337158203,454.8028259277344,0.09893251955509186,0.13316667079925537,0.6228600144386292,1.8975125551223755,1.0199999809265137,0.022692419588565826,0.04000015929341316,3.000000238418579,0.5,0.05115530639886856,0.29154038429260254,-0.03845953941345215,0.36468255519866943,0.35335773229599,0.6538013219833374,0.336547315120697,0.34544265270233154,0.49054810404777527,0.28132274746894836,0.5111662149429321,0.5948230028152466,0.35722866654396057,0.13944196701049805,1.0,0.9693177342414856,0.12109372764825821,0.20641079545021057,0.9986000061035156,0.026000000536441803,0.003000000026077032,0.023000001907348633,1.02,0.6106470444623162,1.363930469150942,0.2589538049851797,0.3769044202262478,2.0368051713256032,1.3822897661201312,1.04933265187081,0.2506379541060139,0.11346209794282913,0.08653869852423668,315.90836286369415,0.04924681782722473,0.008360421285033226,0.2846805155277252,0.06123032048344612,0.010815300047397614,0.2888789176940918,0.6280869841575623,0.5138451457023621,0.9693177342414856,0.9769999980926514,0.46929677967962474
trotting,1,action_space,0.0,3.0,0.0,0.5,-1.0,0.04999999701976776,-1.0,0.2900000214576721,0.0,0.0,stepping_stones_easy_bound_highspeed,stepping_stones_easy,2.0,bounding,1000,0.5852469801902771,0.5852469801902771,1.1081819534301758,0.8946222066879272,0.19474393129348755,0.7197343111038208,1.629256010055542,0.19474393129348755,0.06820656359195709,0.22776105999946594,0.11483797430992126,1.0848827362060547,2.901036500930786,1.0655393600463867,2.372035503387451,0.7197343111038208,1.1038062572479248,0.037372469902038574,0.017203867435455322,0.6066277027130127,0.28858959674835205,335.8522644042969,261.41314697265625,33.73076629638672,64.30532836914062,531.2337646484375,0.09261900931596756,0.12833334505558014,0.6342251300811768,1.9679312705993652,1.0470000505447388,0.022163627669215202,0.04000015929341316,3.000000238418579,0.5,0.05090963840484619,0.291212797164917,0.0,0.3281401991844177,0.3295508921146393,0.6467745304107666,0.3179149329662323,0.336919903755188,0.4611034393310547,0.2655363976955414,0.5381656289100647,0.571435809135437,0.3545326292514801,0.1363714039325714,1.0,0.9824684858322144,0.22791874408721924,0.28890371322631836,1.0,0.020000001415610313,0.004000000189989805,0.01600000075995922,1.047,0.6057546300441738,1.3709815474267588,0.2611638634879586,0.3388775211044859,1.7032429365568453,1.5401413907130252,1.0506218431233594,0.23361579000036342,0.11081813834607601,0.0891826581209898,303.0659932375972,0.0407053604722023,0.005627022590488195,0.335703581571579,0.05011739209294319,0.003114172024652362,0.2972280979156494,0.6250662803649902,0.5264143347740173,0.9824684858322144,0.9839999992400408,0.4757033477684386
trotting,1,action_space,0.0,3.0,0.0,0.5,-1.0,0.04999999701976776,-1.0,0.2900000214576721,1.0,0.03999999910593033,stepping_stones_easy_bound_highspeed,stepping_stones_easy,2.0,bounding,1000,0.564808189868927,0.564808189868927,1.080521583557129,0.9214271306991577,0.19427046179771423,0.6809000968933105,1.6012201309204102,0.19427046179771423,0.06475228816270828,0.2290007621049881,0.11818264424800873,1.0781605243682861,3.0636096000671387,1.080881118774414,2.312701940536499,0.6809000968933105,0.96388179063797,0.03295532986521721,0.021158697083592415,0.6334250569343567,0.2759217619895935,346.4859619140625,267.40936279296875,33.08592987060547,62.88429641723633,510.7204895019531,0.09517297893762589,0.14108332991600037,0.6561564207077026,2.000382900238037,1.0260000228881836,0.021610435098409653,0.04000015929341316,3.000000238418579,0.5,0.0509885810315609,0.29131805896759033,0.03868185728788376,0.32070356607437134,0.3284596800804138,0.634818434715271,0.29662683606147766,0.3347194790840149,0.46137163043022156,0.273654580116272,0.5475412607192993,0.5622143149375916,0.35014793276786804,0.1373579502105713,1.0,0.97403883934021,0.11657599359750748,0.1908259391784668,0.9998000264167786,0.02200000174343586,0.0020000000949949026,0.020000001415610313,1.026,0.6395286277488426,1.3963133066722038,0.25446470907123503,0.3437770269346233,1.75031699987949,1.520757028764457,0.9817748166651913,0.2326242183196101,0.10805217549204826,0.09194862097501755,320.6654704419824,0.03350328654050827,0.009693986736238003,0.3388219475746155,0.0552290603518486,0.004012119956314564,0.28171759843826294,0.6142073273658752,0.4939027428627014,0.97403883934021,0.9799999985843897,0.4666843117263757
trotting,1,action_space,0.0,3.0,0.0,0.5,-1.0,0.04999999701976776,0.0,0.33000001311302185,-1.0,-0.03999999910593033,stepping_stones_easy_bound_highspeed,stepping_stones_easy,2.0,bounding,1000,0.5886293053627014,0.5886293053627014,1.122065782546997,0.8799172639846802,0.1947460025548935,0.6502842903137207,1.7063006162643433,0.1947460025548935,0.06551588326692581,0.240483358502388,0.11854720115661621,1.003232479095459,2.3541953563690186,1.0227829217910767,2.107435464859009,0.6502842903137207,0.8763729333877563,0.029472634196281433,0.021424729377031326,0.6139031648635864,0.24423879384994507,339.2044677734375,264.1748962402344,33.20006561279297,63.006797790527344,493.4422607421875,0.09191028773784637,0.1445833444595337,0.628600537776947,1.9528582096099854,1.0490000247955322,0.02244132198393345,0.04000015929341316,3.000000238418579,0.5,0.05096114054322243,0.33000147342681885,-0.038718461990356445,0.3449352979660034,0.33745038509368896,0.6468706130981445,0.319915771484375,0.3434237241744995,0.4774130582809448,0.26969534158706665,0.5089669227600098,0.580016016960144,0.3577013611793518,0.13701489567756653,1.0,0.9815064072608948,0.22938059270381927,0.29395899176597595,0.9996000528335571,0.021000001579523087,0.004000000189989805,0.017000000923871994,1.049,0.5992378111221998,1.3644184772127446,0.2559607064901287,0.34430684157683566,1.534338735862788,1.4517008868423993,0.9361479228133535,0.2256044404999883,0.11220660991966724,0.08779418654739857,302.303548552627,0.045183759182691574,0.014571374282240868,0.3613358736038208,0.048966530710458755,0.007560816127806902,0.29293447732925415,0.627877950668335,0.4853346049785614,0.9815064072608948,0.982999999076128,0.4720596876975737
trotting,1,action_space,0.0,3.0,0.0,0.5,-1.0,0.04999999701976776,0.0,0.33000001311302185,0.0,0.0,stepping_stones_easy_bound_highspeed,stepping_stones_easy,2.0,bounding,1000,0.6341186761856079,0.6341186761856079,1.1620395183563232,0.8401849865913391,0.19076016545295715,0.6686674356460571,1.5333125591278076,0.19076016545295715,0.06343208253383636,0.22733774781227112,0.11897779256105423,0.961951732635498,2.1229968070983887,0.9927021861076355,1.9494558572769165,0.6686674356460571,0.9486087560653687,0.02928103506565094,0.015272621996700764,0.5953284502029419,0.25961989164352417,323.0458984375,246.5622100830078,34.30390167236328,64.32343292236328,511.322021484375,0.08885655552148819,0.13699999451637268,0.7158339619636536,2.2042629718780518,1.0780000686645508,0.023240800946950912,0.04000015929341316,3.000000238418579,0.5,0.05096293240785599,0.33000147342681885,0.0,0.3609073758125305,0.33949607610702515,0.6792640686035156,0.3171907067298889,0.35168254375457764,0.4732556939125061,0.2570756673812866,0.556031346321106,0.5748612284660339,0.36244434118270874,0.13703757524490356,1.0,0.9894080758094788,0.47289687395095825,0.5160038471221924,0.9994000196456909,0.02199999988079071,0.0020000000949949026,0.020000001415610313,1.078,0.6640388899256435,1.4299548299926208,0.25185726619225496,0.3449315766366632,1.4570507222119582,1.3962291564341853,0.973965479914647,0.21107737221775266,0.11620400473475456,0.08379679173231125,277.9990640029528,0.059389181435108185,0.01143402885645628,0.41021528840065,0.060691338032484055,0.0055586607195436954,0.3040214776992798,0.5997797846794128,0.5040902495384216,0.9894080758094788,0.9799999985843897,0.4813283663243056
trotting,1,action_space,0.0,3.0,0.0,0.5,-1.0,0.04999999701976776,0.0,0.33000001311302185,1.0,0.03999999910593033,stepping_stones_easy_bound_highspeed,stepping_stones_easy,2.0,bounding,1000,0.5917855501174927,0.5917855501174927,1.1430538892745972,0.8590805530548096,0.1979372352361679,0.6926338076591492,1.4902825355529785,0.1979372352361679,0.06844460964202881,0.23088349401950836,0.1182331070303917,1.0983984470367432,3.0339858531951904,1.044729232788086,2.220561981201172,0.6926338076591492,1.0039832592010498,0.02588508464396,0.021375060081481934,0.6053421497344971,0.29458582401275635,334.1139221191406,259.89697265625,33.99876403808594,65.22904205322266,649.7675170898438,0.08888551592826843,0.14733333885669708,0.6599634289741516,2.0460238456726074,1.0490000247955322,0.022861074656248093,0.04000015929341316,3.000000238418579,0.5,0.05107974633574486,0.33000147342681885,0.03856029734015465,0.3430776596069336,0.3312963545322418,0.6767652034759521,0.3178679347038269,0.3420445919036865,0.46234315633773804,0.2715572714805603,0.5403251647949219,0.5691815614700317,0.3566802442073822,0.1384974718093872,1.0,0.9790236353874207,0.23284544050693512,0.30404168367385864,0.9994000196456909,0.024000000208616257,0.004000000189989805,0.020000001415610313,1.049,0.6291357282233079,1.3965857611193608,0.26161920732627564,0.34385041374177766,1.7418340486955668,1.490155019184639,1.0019896502464734,0.2173939850259016,0.11430537328124046,0.08569542318582535,292.299361608555,0.0522310771048069,0.008251042105257511,0.3886007070541382,0.057316042482852936,0.0027622312773019075,0.2979933023452759,0.6140905022621155,0.478706955909729,0.9790236353874207,0.9799999985843897,0.4741174414949982
trotting,1,action_space,0.0,3.0,0.0,0.5,-1.0,0.04999999701976776,1.0,0.3700000047683716,-1.0,-0.03999999910593033,stepping_stones_easy_bound_highspeed,stepping_stones_easy,2.0,bounding,1000,0.5725899934768677,0.5725899934768677,1.1399116516113281,0.8645484447479248,0.18939325213432312,0.6618276834487915,1.4814727306365967,0.18939325213432312,0.06650082021951675,0.2500077188014984,0.13476493954658508,1.0103564262390137,2.67289137840271,1.042419195175171,2.341330051422119,0.6618276834487915,0.9265426397323608,0.03260580450296402,0.016074709594249725,0.603948712348938,0.2901793122291565,327.6343994140625,250.68215942382812,33.35762023925781,62.647666931152344,591.0537109375,0.09009407460689545,0.12599998712539673,0.6332989931106567,1.8611148595809937,1.0460000038146973,0.02279822900891304,0.04000015929341316,3.000000238418579,0.5,0.051061950623989105,0.3685837388038635,-0.03858403116464615,0.3539833724498749,0.3490282893180847,0.6540358066558838,0.3394744098186493,0.3463380038738251,0.4840264916419983,0.2778867781162262,0.5070990920066833,0.5681854486465454,0.3567710518836975,0.1382748931646347,1.0,0.9723312854766846,0.11835877597332001,0.19920817017555237,0.9994000196456909,0.023000001907348633,0.003000000026077032,0.020000001415610313,1.046,0.6054483271465703,1.3338921994326296,0.2578775294970788,0.3671034452938096,1.6348979718632934,1.5301405332263174,0.9625708492014293,0.22063661096294457,0.1139911450445652,0.08600965142250061,287.42087068847235,0.050298694521188736,0.012523368932306767,0.37771689891815186,0.06011540815234184,0.00301671726629138,0.2988249361515045,0.6409415006637573,0.5325918197631836,0.9723312854766846,0.9799999985843897,0.4849360264641674
trotting,1,action_space,0.0,3.0,0.0,0.5,-1.0,0.04999999701976776,1.0,0.3700000047683716,0.0,0.0,stepping_stones_easy_bound_highspeed,stepping_stones_easy,2.0,bounding,1000,0.5817168354988098,0.5817168354988098,1.0950976610183716,0.9065537452697754,0.198763906955719,0.7016599774360657,1.7900946140289307,0.198763906955719,0.07326357066631317,0.23674869537353516,0.11939957737922668,1.0845012664794922,2.567636251449585,1.0630664825439453,2.2276930809020996,0.7016599774360657,1.0149469375610352,0.037122901529073715,0.02258901111781597,0.6185476779937744,0.253032922744751,339.29693603515625,260.9989013671875,33.91729736328125,64.88496398925781,728.6658935546875,0.09279625117778778,0.14341667294502258,0.6544566750526428,2.0201339721679688,1.0540001392364502,0.021901961416006088,0.04000015929341316,3.000000238418579,0.5,0.05094482749700546,0.36873969435691833,0.0,0.3267219662666321,0.32877621054649353,0.6422185897827148,0.3112710118293762,0.3223187029361725,0.45906686782836914,0.23431620001792908,0.5239098072052002,0.5721873044967651,0.35493993759155273,0.13681121170520782,1.0,0.9816457033157349,0.22897841036319733,0.29128408432006836,0.9998000264167786,0.021000001579523087,0.004000000189989805,0.017000000923871994,1.054,0.620926627171786,1.3844260447903431,0.27067244164545673,0.3455424393315916,1.602384551675903,1.492545838794273,1.0074457491900173,0.2443602108504772,0.10950980708003044,0.09049098938703537,309.8325821640707,0.03735237568616867,0.007275321055203676,0.3029346168041229,0.038566701114177704,0.00634138286113739,0.2902259826660156,0.6193040609359741,0.4881740212440491,0.9816457033157349,0.982999999076128,0.4626450164145545
trotting,1,action_space,0.0,3.0,0.0,0.5,-1.0,0.04999999701976776,1.0,0.3700000047683716,1.0,0.03999999910593033,stepping_stones_easy_bound_highspeed,stepping_stones_easy,2.0,bounding,1000,0.5727024078369141,0.5727024078369141,1.1238067150115967,0.8775628805160522,0.1973981261253357,0.6810367107391357,1.3073079586029053,0.1973981261253357,0.0692351907491684,0.2199174165725708,0.11239904910326004,1.0702993869781494,2.606329917907715,1.0453872680664062,2.2178359031677246,0.6810367107391357,0.9495744109153748,0.026188034564256668,0.016140688210725784,0.6167722940444946,0.27602604031562805,320.992919921875,244.63673400878906,33.65343475341797,63.93104553222656,381.3168640136719,0.08870378136634827,0.14133334159851074,0.6545064449310303,2.045884847640991,1.0630000829696655,0.022476131096482277,0.04000015929341316,3.000000238418579,0.5,0.050989989191293716,0.3686794936656952,0.03867995738983154,0.3287552297115326,0.3246461749076843,0.68864506483078,0.32454490661621094,0.32586443424224854,0.45861196517944336,0.3014107942581177,0.5606706142425537,0.5760051012039185,0.350669264793396,0.1373756229877472,1.0,0.9740357398986816,0.11659742891788483,0.191006600856781,0.9998000264167786,0.02200000174343586,0.004999999888241291,0.017000000923871994,1.063,0.6157162254527281,1.3873113901876206,0.2631258078356595,0.3352596741382119,1.6144131806658775,1.4892400421583234,0.9744610874300599,0.20573945361787674,0.11238065548241138,0.08762014098465443,285.63000704134663,0.04593782126903534,0.009675966575741768,0.42888158559799194,0.06774450838565826,0.004003762733191252,0.2912583649158478,0.6180671453475952,0.4932857155799866,0.9740357398986816,0.982999999076128,0.48156632149690076
trotting,1,action_space,0.0,3.0,0.0,0.5,0.0,0.07999999821186066,-1.0,0.2900000214576721,-1.0,-0.03999999910593033,stepping_stones_easy_bound_highspeed,stepping_stones_easy,2.0,bounding,1000,0.6195319294929504,0.6195319294929504,1.146013617515564,0.8569701910018921,0.19144028425216675,0.6536673307418823,1.7057576179504395,0.19144028425216675,0.06916071474552155,0.24833542108535767,0.12196806818246841,1.1019809246063232,3.183871269226074,0.9746400117874146,1.9946630001068115,0.6536673307418823,0.9515295028686523,0.033817142248153687,0.022172633558511734,0.6189407110214233,0.2275020182132721,351.9945983886719,271.8852233886719,34.14313888549805,66.9908447265625,469.2852478027344,0.09617598354816437,0.1354999989271164,0.7113878726959229,2.218613386154175,1.0510001182556152,0.022920269519090652,0.04000015929341316,3.000000238418579,0.5,0.08000031858682632,0.29136648774147034,-0.038633380085229874,0.36989086866378784,0.3543705940246582,0.6497958898544312,0.33353012800216675,0.3463466763496399,0.4916585087776184,0.2559834420681,0.49515777826309204,0.5901780128479004,0.35621291399002075,0.5,1.0,0.9799489974975586,0.23132549226284027,0.2979040741920471,0.9991999864578247,0.023000001907348633,0.005000000353902578,0.018000001087784767,1.051,0.676867571249108,1.4529124532512478,0.26298424809391446,0.34923927067623484,1.7843405698537693,1.4123253874751425,0.9754637373417078,0.2366215877866291,0.11460134759545326,0.08539944887161255,307.1469596947363,0.052993208169937134,0.01394254993647337,0.3263465166091919,0.045548759400844574,0.010566779412329197,0.28999796509742737,0.5899375081062317,0.5078850984573364,0.9799489974975586,0.9819999989122152,0.46914544417277765
trotting,1,action_space,0.0,3.0,0.0,0.5,0.0,0.07999999821186066,-1.0,0.2900000214576721,0.0,0.0,stepping_stones_easy_bound_highspeed,stepping_stones_easy,2.0,bounding,1000,0.6709564924240112,0.6709564924240112,1.2167315483093262,0.786949634552002,0.1914965659379959,0.6582587957382202,1.649472713470459,0.1914965659379959,0.06493955105543137,0.23961889743804932,0.12796977162361145,0.9975059032440186,2.485971450805664,0.9831187725067139,2.088735580444336,0.6582587957382202,0.9317355155944824,0.03330479562282562,0.023185940459370613,0.6007982492446899,0.2512640357017517,345.7644958496094,265.4794006347656,33.87310028076172,65.96109771728516,885.5421142578125,0.09575086832046509,0.13733331859111786,0.7549445629119873,2.458179473876953,1.0700000524520874,0.024334635585546494,0.04000015929341316,3.000000238418579,0.5,0.08000031858682632,0.29143983125686646,0.0,0.40025243163108826,0.35587987303733826,0.676740288734436,0.3360905647277832,0.35035252571105957,0.4914371967315674,0.2800666093826294,0.5357191562652588,0.5919480323791504,0.3615023195743561,0.5,1.0,0.9882368445396423,0.4757714867591858,0.5248972177505493,0.9996000528335571,0.023000001907348633,0.004999999888241291,0.018000001087784767,1.07,0.7055556252738026,1.5157057649017587,0.2548323979705708,0.35772862846522563,1.5766963724210392,1.4452458546712168,0.9652644796088181,0.23767779888369092,0.12167317792773247,0.07832761853933334,284.1748422896212,0.0839814767241478,0.013127494603395462,0.32309311628341675,0.052430666983127594,0.006569740362465382,0.30071374773979187,0.563075840473175,0.5032508373260498,0.9882368445396423,0.9819999989122152,0.47285398321324273
trotting,1,action_space,0.0,3.0,0.0,0.5,0.0,0.07999999821186066,-1.0,0.2900000214576721,1.0,0.03999999910593033,stepping_stones_easy_bound_highspeed,stepping_stones_easy,2.0,bounding,1000,0.6352277398109436,0.6352277398109436,1.265967607498169,0.7369050979614258,0.1753591001033783,0.5642657279968262,1.7053108215332031,0.1753591001033783,0.054433275014162064,0.22555074095726013,0.1258517950773239,0.8931707143783569,2.0229568481445312,0.9161757230758667,1.741485834121704,0.5642657279968262,0.7197850346565247,0.024187840521335602,0.01665360853075981,0.580481231212616,0.24502483010292053,335.096923828125,256.2884521484375,33.07697296142578,63.313560485839844,517.1915283203125,0.09214405715465546,0.140583336353302,0.7589318752288818,2.459935188293457,1.0959999561309814,0.025319352746009827,0.04000015929341316,3.000000238418579,0.5,0.08000031858682632,0.29150068759918213,0.03849923610687256,0.4340854585170746,0.3967796862125397,0.7218588590621948,0.36227115988731384,0.37897539138793945,0.5384708642959595,0.24676308035850525,0.5764914751052856,0.5973142981529236,0.36977213621139526,0.5,1.0,0.9781492948532104,0.23415210843086243,0.3084164261817932,0.9996000528335571,0.02500000037252903,0.0020000000949949026,0.023000001907348633,1.096,0.6924559878606866,1.498154295904585,0.23330939761218805,0.35475596552746497,1.4223068755175625,1.3196536796151117,0.8484014584243268,0.20209267441472345,0.12659676373004913,0.07340403273701668,264.6962859423792,0.11393621563911438,0.04142138361930847,0.44183048605918884,0.06117746978998184,0.00744288694113493,0.31318461894989014,0.5705716013908386,0.4951390326023102,0.9781492948532104,0.9769999980926514,0.4911575940878768
trotting,1,action_space,0.0,3.0,0.0,0.5,0.0,0.07999999821186066,0.0,0.33000001311302185,-1.0,-0.03999999910593033,stepping_stones_easy_bound_highspeed,stepping_stones_easy,2.0,bounding,1000,0.6611956357955933,0.6611956357955933,1.1504130363464355,0.8526358604431152,0.19695085287094116,0.6658639907836914,1.7896702289581299,0.19695085287094116,0.07155463099479675,0.24948224425315857,0.132106751203537,1.1590981483459473,3.8530380725860596,1.0010838508605957,2.0230326652526855,0.6658639907836914,1.007540225982666,0.03024982288479805,0.03170916810631752,0.6411246061325073,0.2338012456893921,384.3311767578125,303.20623779296875,32.81462860107422,63.763832092285156,373.00030517578125,0.10209210216999054,0.1224999725818634,0.7011382579803467,2.259775400161743,1.0310001373291016,0.02300826460123062,0.04000015929341316,3.000000238418579,0.5,0.08000031858682632,0.33000147342681885,-0.038435198366642,0.38124018907546997,0.35662615299224854,0.6408748626708984,0.3300357460975647,0.3465818762779236,0.49089452624320984,0.23377704620361328,0.508490800857544,0.5996286869049072,0.3542250692844391,0.5,1.0,0.9868979454040527,0.478062242269516,0.5283575654029846,0.9986000061035156,0.027000000700354576,0.0060000005178153515,0.021000001579523087,1.031,0.6800564933355056,1.480482590541742,0.26749697380493254,0.3634649243098115,1.9629157069487368,1.4223335281334986,1.0037630327834683,0.24891563026679456,0.1150413230061531,0.0849594734609127,334.08103404182475,0.054587431252002716,0.01186990924179554,0.28962165117263794,0.03992459550499916,0.009315972216427326,0.27741265296936035,0.5781295895576477,0.5419942736625671,0.9868979454040527,0.9789999984204769,0.46832854045849104
trotting,1,action_space,0.0,3.0,0.0,0.5,0.0,0.07999999821186066,0.0,0.33000001311302185,0.0,0.0,stepping_stones_easy_bound_highspeed,stepping_stones_easy,2.0,bounding,1000,0.7584864497184753,0.7584864497184753,1.1760923862457275,0.8256220817565918,0.19416272640228271,0.6566050052642822,1.3339736461639404,0.19416272640228271,0.06327544152736664,0.23028674721717834,0.11528348922729492,0.9739192724227905,2.2648115158081055,0.9844569563865662,1.9333739280700684,0.6566050052642822,0.8919575810432434,0.028770193457603455,0.017858901992440224,0.5948374271392822,0.2432859241962433,330.1242980957031,256.983154296875,33.5284423828125,64.88688659667969,321.57916259765625,0.09391197562217712,0.1367499828338623,0.6989019513130188,2.1670384407043457,1.0789999961853027,0.02352185547351837,0.04000015929341316,3.000000238418579,0.5,0.08000031858682632,0.33000147342681885,0.0,0.3699971139431,0.3449544310569763,0.6782243847846985,0.32471776008605957,0.35850831866264343,0.4832603931427002,0.295218825340271,0.5447951555252075,0.5881150960922241,0.3614363670349121,0.5,1.0,1.0,1.0,1.0,0.9998000264167786,0.023000001907348633,0.004999999888241291,0.018000001087784767,1.079,0.6477311552399502,1.4171720362183364,0.2515461021907647,0.33953422394111454,1.5049290733480118,1.39045817199586,0.9444350591984837,0.2159377119681592,0.11760927736759186,0.08239151909947395,280.69588916353075,0.06544093042612076,0.013416080735623837,0.3935363292694092,0.07431202381849289,0.007706290110945702,0.30432018637657166,0.6052618026733398,0.5047208070755005,1.0,0.9819999989122152,0.48350351529293945
trotting,1,action_space,0.0,3.0,0.0,0.5,0.0,0.07999999821186066,0.0,0.33000001311302185,1.0,0.03999999910593033,stepping_stones_easy_bound_highspeed,stepping_stones_easy,2.0,bounding,1000,0.6751993894577026,0.6751993894577026,1.2457399368286133,0.7569165229797363,0.17019349336624146,0.6183607578277588,1.6353977918624878,0.17019349336624146,0.05319521948695183,0.21916735172271729,0.11879737675189972,0.9369351863861084,1.979339361190796,0.9275371432304382,1.8276638984680176,0.6183607578277588,0.8741532564163208,0.027961477637290955,0.016051361337304115,0.5937497615814209,0.23075640201568604,334.433349609375,255.70852661132812,34.54328918457031,66.13104248046875,554.0960693359375,0.09241440892219543,0.12383334338665009,0.7472171783447266,2.405601739883423,1.061000108718872,0.024914778769016266,0.04000015929341316,3.000000238418579,0.5,0.08000031858682632,0.33000147342681885,0.03856270760297775,0.41615355014801025,0.37138640880584717,0.7089166045188904,0.35863205790519714,0.3574698567390442,0.5117592811584473,0.2729746103286743,0.5780277848243713,0.58698970079422,0.364910364151001,0.5,1.0,0.9882380366325378,0.47572338581085205,0.5245682597160339,0.9991999864578247,0.024000000208616257,0.004999999888241291,0.01900000125169754,1.061,0.704257400613366,1.505754454544243,0.23064088858429208,0.34466995336393874,1.4068899605835545,1.3519112021386677,0.9349616336600775,0.20979237110675658,0.12457389384508133,0.07542690262198448,268.4616104230957,0.10109540820121765,0.021846814081072807,0.4146764278411865,0.06725242733955383,0.009900915436446667,0.30498290061950684,0.5673243403434753,0.5383929014205933,0.9882380366325378,0.9809999987483025,0.4940211643513881
trotting,1,action_space,0.0,3.0,0.0,0.5,0.0,0.07999999821186066,1.0,0.3700000047683716,-1.0,-0.03999999910593033,stepping_stones_easy_bound_highspeed,stepping_stones_easy,2.0,bounding,1000,0.62328040599823,0.62328040599823,1.212479591369629,0.7911794185638428,0.1840360164642334,0.6134800910949707,1.6104576587677002,0.1840360164642334,0.05944633483886719,0.23866121470928192,0.1140662431716919,0.9514606595039368,2.293788194656372,0.985309362411499,1.9885175228118896,0.6134800910949707,0.8149062395095825,0.02965717948973179,0.012491391971707344,0.592950701713562,0.21670591831207275,334.413818359375,259.959228515625,32.98289489746094,64.20144653320312,301.4622497558594,0.09263560175895691,0.13766667246818542,0.6876810789108276,2.1896934509277344,1.0770001411437988,0.024249600246548653,0.04000015929341316,3.000000238418579,0.5,0.08000031858682632,0.3687998652458191,-0.03880010545253754,0.39514976739883423,0.36533188819885254,0.6830624341964722,0.33253270387649536,0.3623082637786865,0.5073376893997192,0.24174565076828003,0.5211466550827026,0.5837159752845764,0.3636472821235657,0.5,1.0,0.9825196862220764,0.22768937051296234,0.2870314121246338,0.9998000264167786,0.020000001415610313,0.003000000026077032,0.017000000923871994,1.077,0.6385153484433032,1.4258826972993792,0.24381619068238103,0.337736943747189,1.5145257325830987,1.4101480499620915,0.9027215736369562,0.20530117257687336,0.12124800123274326,0.07875279523432255,275.80985341090803,0.08176880329847336,0.02320057526230812,0.4304296374320984,0.06084751337766647,0.013113429769873619,0.30547070503234863,0.6015260815620422,0.5024126768112183,0.9825196862220764,0.982999999076128,0.4889276790383616
trotting,1,action_space,0.0,3.0,0.0,0.5,0.0,0.07999999821186066,1.0,0.3700000047683716,0.0,0.0,stepping_stones_easy_bound_highspeed,stepping_stones_easy,2.0,bounding,1000,0.6660335063934326,0.6660335063934326,1.1952464580535889,0.8064038753509521,0.19943377375602722,0.685043215751648,1.5033559799194336,0.19943377375602722,0.0682898759841919,0.22698557376861572,0.11096623539924622,0.9690917730331421,2.3295505046844482,0.97105872631073,1.966923475265503,0.685043215751648,0.9130440950393677,0.025047415867447853,0.010075973346829414,0.5971460342407227,0.28226161003112793,316.11767578125,240.34835815429688,34.86244583129883,65.70864868164062,482.346923828125,0.09118721634149551,0.1289166659116745,0.7299473285675049,2.303757429122925,1.0700000524520874,0.023904936388134956,0.04000015929341316,3.000000238418579,0.5,0.08000031858682632,0.36879926919937134,0.0,0.3627328872680664,0.3236212730407715,0.6898114681243896,0.3306006193161011,0.34920734167099,0.45924288034439087,0.2943727374076843,0.5342179536819458,0.5676140785217285,0.35903340578079224,0.5,1.0,0.9901974201202393,0.4713735580444336,0.5123652219772339,1.0,0.020000001415610313,0.003000000026077032,0.017000000923871994,1.07,0.6821937061915888,1.467325535878737,0.26132331695467187,0.3331159488815362,1.5262865080594954,1.4024704899802716,0.9555334086463789,0.18741235075169743,0.11952468194067478,0.08047611452639103,264.4790734590714,0.07418829947710037,0.00916061457246542,0.495361328125,0.056746941059827805,0.0035343277268111706,0.30291831493377686,0.583762526512146,0.5248811841011047,0.9901974201202393,0.982999999076128,0.49560775627431114
trotting,1,action_space,0.0,3.0,0.0,0.5,0.0,0.07999999821186066,1.0,0.3700000047683716,1.0,0.03999999910593033,stepping_stones_easy_bound_highspeed,stepping_stones_easy,2.0,bounding,1000,0.6274639964103699,0.6274639964103699,1.1968920230865479,0.8059252500534058,0.1719592809677124,0.6626324653625488,1.5327322483062744,0.1719592809677124,0.05288964509963989,0.21998029947280884,0.11253493279218674,1.006866216659546,2.5772476196289062,0.9888486862182617,2.0158510208129883,0.6626324653625488,0.9502236843109131,0.026864077895879745,0.017951788380742073,0.6096178293228149,0.2695174217224121,338.2416687011719,261.91424560546875,33.94999694824219,65.09400939941406,426.4316101074219,0.09407007694244385,0.12733334302902222,0.7202460765838623,2.2669625282287598,1.0640000104904175,0.02393784560263157,0.04000015929341316,3.000000238418579,0.5,0.08000031858682632,0.36873865127563477,0.038739025592803955,0.3920682668685913,0.3391876518726349,0.6875429153442383,0.3374651372432709,0.3433433175086975,0.47693705558776855,0.287736177444458,0.5598358511924744,0.569301426410675,0.3567115068435669,0.5,1.0,0.9816453456878662,0.2289968580007553,0.29141145944595337,1.0,0.02200000174343586,0.004000000189989805,0.018000001087784767,1.064,0.6769229630778607,1.4596587825931335,0.22997748824534955,0.3354622673150987,1.6053808332071573,1.4198066843105748,0.9747941753575023,0.21169758212275788,0.11968922801315784,0.08031156845390797,282.5999857772579,0.07441765815019608,0.012390593998134136,0.4080697000026703,0.07498065382242203,0.004560383968055248,0.2954559028148651,0.5870466828346252,0.5290529727935791,0.9816453456878662,0.9819999989122152,0.4888883573248198
trotting,1,action_space,0.0,3.0,0.0,0.5,1.0,0.10999999940395355,-1.0,0.2900000214576721,-1.0,-0.03999999910593033,stepping_stones_easy_bound_highspeed,stepping_stones_easy,2.0,bounding,1000,0.6406723856925964,0.6406723856925964,1.2188447713851929,0.7850174307823181,0.19251811504364014,0.6216313242912292,1.392236351966858,0.19251811504364014,0.06243724375963211,0.24322199821472168,0.12601906061172485,1.1062045097351074,3.5189285278320312,0.9933369159698486,2.0431430339813232,0.6216313242912292,0.8559960126876831,0.03174576535820961,0.02672557160258293,0.6218095421791077,0.23387427628040314,373.3097839355469,292.98773193359375,32.62049865722656,63.966217041015625,472.1885070800781,0.10256282985210419,0.11908334493637085,0.7157032489776611,2.3398852348327637,1.071000099182129,0.024376895278692245,0.04000015929341316,3.000000238418579,0.5,0.10887525975704193,0.2914997339248657,-0.03850004822015762,0.41645175218582153,0.3612409234046936,0.6609958410263062,0.32564783096313477,0.34717464447021484,0.4981100559234619,0.30612316727638245,0.5202807784080505,0.6022452116012573,0.35464751720428467,0.8609376549720764,1.0,0.9704952239990234,0.12012557685375214,0.20467615127563477,0.9996000528335571,0.02500000037252903,0.004999999888241291,0.020000001415610313,1.071,0.6682570000656513,1.478095670235855,0.24987445599667069,0.35499163456583716,1.8758807339039525,1.429385544204685,0.9252005256633197,0.2418084716481053,0.12188447639346123,0.07811632007360458,306.2816469330116,0.08500804007053375,0.020978547632694244,0.3105449378490448,0.07129128277301788,0.009302375838160515,0.2883388102054596,0.5791512131690979,0.5513327717781067,0.9704952239990234,0.9799999985843897,0.4826364545641762
trotting,1,action_space,0.0,3.0,0.0,0.5,1.0,0.10999999940395355,-1.0,0.2900000214576721,0.0,0.0,stepping_stones_easy_bound_highspeed,stepping_stones_easy,2.0,bounding,1000,0.6540520191192627,0.6540520191192627,1.2067296504974365,0.7962591648101807,0.18899789452552795,0.6354898810386658,1.5164812803268433,0.18899789452552795,0.06403623521327972,0.2360895574092865,0.12094978988170624,1.028096318244934,3.011373996734619,1.025349736213684,2.1553804874420166,0.6354898810386658,0.8566527366638184,0.03283895552158356,0.015783939510583878,0.5962914228439331,0.2151942104101181,348.09619140625,270.09912109375,33.40761947631836,65.59905242919922,518.4939575195312,0.0973757952451706,0.13349997997283936,0.7317050695419312,2.3481945991516113,1.0770001411437988,0.024134594947099686,0.04000015929341316,3.000000238418579,0.5,0.10898253321647644,0.29135680198669434,0.0,0.3835812211036682,0.35274577140808105,0.6766374111175537,0.33128660917282104,0.3577737808227539,0.48931223154067993,0.2823587656021118,0.5319628715515137,0.5957813262939453,0.36587661504745483,0.8622786998748779,1.0,0.9802114367485046,0.23107047379016876,0.29821664094924927,0.9998000264167786,0.024000000208616257,0.004999999888241291,0.01900000125169754,1.077,0.6793918450230676,1.4765874280330809,0.25305381880793604,0.3477783631592199,1.735331091387064,1.4681214144075472,0.925555366611754,0.22050599772379761,0.12067297473549843,0.07932782173156738,288.46244994706,0.07917341589927673,0.017624344676733017,0.37815243005752563,0.06098020821809769,0.013515960425138474,0.3034365177154541,0.5797967910766602,0.5129895210266113,0.9802114367485046,0.9809999987483025,0.4818076761929612
trotting,1,action_space,0.0,3.0,0.0,0.5,1.0,0.10999999940395355,-1.0,0.2900000214576721,1.0,0.03999999910593033,stepping_stones_easy_bound_highspeed,stepping_stones_easy,2.0,bounding,1000,0.6420440673828125,0.6420440673828125,1.2119195461273193,0.7912431955337524,0.18353062868118286,0.617621660232544,1.434558629989624,0.18353062868118286,0.06033453345298767,0.23149621486663818,0.12505479156970978,1.0994911193847656,3.1193904876708984,0.9917895793914795,2.021847724914551,0.617621660232544,0.8256628513336182,0.029049944132566452,0.021380651742219925,0.6110752820968628,0.24852746725082397,342.21868896484375,261.8427734375,33.880149841308594,65.79051208496094,437.5819091796875,0.10142835974693298,0.13308332860469818,0.7659364938735962,2.5503058433532715,1.0750000476837158,0.024238375946879387,0.04000015929341316,3.000000238418579,0.5,0.10892011225223541,0.29144006967544556,0.03855978697538376,0.4166298508644104,0.3692142963409424,0.6838573813438416,0.3223499059677124,0.34023573994636536,0.5086877346038818,0.3041056990623474,0.5597238540649414,0.581889271736145,0.3547934293746948,0.8614980578422546,1.0,0.9716753363609314,0.1189517080783844,0.2001343071460724,0.9991999864578247,0.024000000208616257,0.004999999888241291,0.01900000125169754,1.075,0.7124989780159884,1.5402523695546144,0.24563088863778446,0.3536308690848549,1.7661796306352586,1.4219169191322505,0.9086599206158584,0.2245675752970281,0.12119187973439693,0.07880891673266888,282.37739877898764,0.08173580467700958,0.022047298029065132,0.36472490429878235,0.07127217948436737,0.006939333397895098,0.2945959270000458,0.5526146292686462,0.51405930519104,0.9716753363609314,0.9809999987483025,0.4789898066144241
trotting,1,action_space,0.0,3.0,0.0,0.5,1.0,0.10999999940395355,0.0,0.33000001311302185,-1.0,-0.03999999910593033,stepping_stones_easy_bound_highspeed,stepping_stones_easy,2.0,bounding,1000,0.6589266061782837,0.6589266061782837,1.2418878078460693,0.7601144313812256,0.19093799591064453,0.5990848541259766,1.5698155164718628,0.19093799591064453,0.06307545304298401,0.2520290017127991,0.13228076696395874,0.9518173933029175,2.385420322418213,0.9519999027252197,1.7910643815994263,0.5990848541259766,0.7459169626235962,0.028901711106300354,0.01361659076064825,0.5907301902770996,0.25132817029953003,343.4384460449219,266.7774353027344,34.104248046875,65.58756256103516,373.45770263671875,0.09804694354534149,0.11374998092651367,0.7392434477806091,2.5008153915405273,1.0740001201629639,0.024837737902998924,0.04000015929341316,3.000000238418579,0.5,0.10887524485588074,0.33000147342681885,-0.03849998861551285,0.41149166226387024,0.352331280708313,0.6874281167984009,0.33531448245048523,0.3527699410915375,0.49754512310028076,0.27795517444610596,0.5019351243972778,0.6018166542053223,0.3678281307220459,0.8609374165534973,1.0,0.9781495928764343,0.23413975536823273,0.3083299696445465,0.9996000528335571,0.02500000037252903,0.004000000189989805,0.021000001579523087,1.074,0.6883085737459265,1.5259442189525252,0.25114826904238063,0.3637042300605792,1.5444805995603224,1.3383065349909289,0.8636648439201379,0.20619966505052476,0.12418868951499462,0.07581210695207119,276.5454688218428,0.09915255010128021,0.027625204995274544,0.4272584915161133,0.058934736996889114,0.006561318878084421,0.3068303167819977,0.5587090253829956,0.5662328600883484,0.9781495928764343,0.9789999984204769,0.49746285437753324
trotting,1,action_space,0.0,3.0,0.0,0.5,1.0,0.10999999940395355,0.0,0.33000001311302185,0.0,0.0,stepping_stones_easy_bound_highspeed,stepping_stones_easy,2.0,bounding,1000,0.6987819075584412,0.6987819075584412,1.2210216522216797,0.7815002202987671,0.186109721660614,0.6224262118339539,1.8145672082901,0.186109721660614,0.05964294821023941,0.229085311293602,0.11809244751930237,0.9747568368911743,2.674323558807373,0.999271035194397,2.1041557788848877,0.6224262118339539,0.8270478248596191,0.030526157468557358,0.016145501285791397,0.6103601455688477,0.2847749590873718,350.337158203125,272.66632080078125,33.89103698730469,65.69305419921875,434.0118408203125,0.10036039352416992,0.1225833147764206,0.6910951733589172,2.3155081272125244,1.0770001411437988,0.024420440196990967,0.04000015929341316,3.000000238418579,0.5,0.1089654266834259,0.33000147342681885,0.0,0.41442227363586426,0.3638622760772705,0.6906745433807373,0.3347111940383911,0.35558199882507324,0.5052933692932129,0.2512317895889282,0.5458383560180664,0.5870535969734192,0.35579460859298706,0.8620642423629761,1.0,0.9887269735336304,0.4746665954589844,0.5217278003692627,1.0,0.023000001907348633,0.006000000052154064,0.017000000923871994,1.077,0.6416853229094127,1.4662745497950325,0.24421905783586875,0.3436458169675609,1.6353359161980676,1.4505708458689246,0.9094216980365155,0.21603624407573085,0.12210220098495483,0.07789859548211098,286.9213314650708,0.08690234273672104,0.020772114396095276,0.39320147037506104,0.04941870644688606,0.0033610581886023283,0.2950176000595093,0.5842126607894897,0.5417684316635132,0.9887269735336304,0.982999999076128,0.4893834549737604
trotting,1,action_space,0.0,3.0,0.0,0.5,1.0,0.10999999940395355,0.0,0.33000001311302185,1.0,0.03999999910593033,stepping_stones_easy_bound_highspeed,stepping_stones_easy,2.0,bounding,1000,0.6576560139656067,0.6576560139656067,1.2482945919036865,0.7530525922775269,0.1676945835351944,0.5875452756881714,1.806727409362793,0.1676945835351944,0.04821793735027313,0.21924090385437012,0.11414095759391785,0.9430215358734131,2.193244218826294,0.9647352695465088,1.927926778793335,0.5875452756881714,0.7162966132164001,0.023986075073480606,0.011951877735555172,0.5819162130355835,0.23105882108211517,335.0437927246094,262.566162109375,33.72930145263672,65.39639282226562,548.1906127929688,0.09466876089572906,0.11266666650772095,0.7368586659431458,2.439622640609741,1.0870001316070557,0.024965889751911163,0.04000015929341316,3.000000238418579,0.5,0.10901151597499847,0.33000147342681885,0.038681626319885254,0.4164425730705261,0.36658775806427,0.7140934467315674,0.3413864076137543,0.3660683035850525,0.5097228288650513,0.24533963203430176,0.5687552094459534,0.5938917398452759,0.36428824067115784,0.8626402616500854,1.0,0.9807720184326172,0.2302440106868744,0.29537495970726013,1.0,0.02200000174343586,0.004000000189989805,0.018000001087784767,1.087,0.6778828358584407,1.4981198147635169,0.21958583139691215,0.33784753601871637,1.480960573015465,1.3884980298125507,0.8463430824532094,0.18957308039127227,0.12482944875955582,0.07517134770751,268.4012210720689,0.10348249971866608,0.03167921304702759,0.48735666275024414,0.062593974173069,0.009841213934123516,0.3122870624065399,0.5705863237380981,0.5693082213401794,0.9807720184326172,0.9819999989122152,0.5078668911010028
trotting,1,action_space,0.0,3.0,0.0,0.5,1.0,0.10999999940395355,1.0,0.3700000047683716,-1.0,-0.03999999910593033,stepping_stones_easy_bound_highspeed,stepping_stones_easy,2.0,bounding,1000,0.6439144611358643,0.6439144611358643,1.2158180475234985,0.7866697907447815,0.17667260766029358,0.6239064931869507,1.4060027599334717,0.17667260766029358,0.057700663805007935,0.24784545600414276,0.13414739072322845,1.0741817951202393,3.1825766563415527,0.9368879795074463,1.750335693359375,0.6239064931869507,0.8567780256271362,0.02541358582675457,0.02643589861690998,0.6402757167816162,0.2160859853029251,373.8473205566406,290.7666015625,33.05470657348633,63.39676284790039,494.1201171875,0.10539138317108154,0.1210833191871643,0.7469266057014465,2.4988319873809814,1.055999994277954,0.02431635931134224,0.04000015929341316,3.000000238418579,0.5,0.10886581242084503,0.3684871792793274,-0.03848741948604584,0.43780750036239624,0.3616592288017273,0.6845858097076416,0.343841552734375,0.35585010051727295,0.5034555792808533,0.2924191951751709,0.5192993879318237,0.6005041599273682,0.3470878601074219,0.8608196377754211,1.0,0.9704188108444214,0.1202859953045845,0.20647910237312317,0.9991999864578247,0.02500000037252903,0.004999999888241291,0.020000001415610313,1.056,0.7073167743104877,1.5382841777158682,0.24020962471351545,0.36626136941155624,1.7839777622889677,1.323002529611858,0.9256230472644554,0.22770481866588715,0.1215817965567112,0.07841899991035461,307.4862404930826,0.08412955701351166,0.020392397418618202,0.3545202910900116,0.07730349153280258,0.013277032412588596,0.27788403630256653,0.5534523725509644,0.5458469986915588,0.9704188108444214,0.9799999985843897,0.4836571739104233
trotting,1,action_space,0.0,3.0,0.0,0.5,1.0,0.10999999940395355,1.0,0.3700000047683716,0.0,0.0,stepping_stones_easy_bound_highspeed,stepping_stones_easy,2.0,bounding,1000,0.66245037317276,0.66245037317276,1.2623696327209473,0.739733099937439,0.17961682379245758,0.6004651784896851,1.6009248495101929,0.17961682379245758,0.05987312272191048,0.23229192197322845,0.12411022931337357,0.9407118558883667,2.010087728500366,0.9329073429107666,1.9897316694259644,0.6004651784896851,0.7338048219680786,0.028477491810917854,0.0098754046484828,0.5807228088378906,0.23802565038204193,342.29364013671875,266.63690185546875,33.519256591796875,64.77749633789062,336.6839294433594,0.09725948423147202,0.13866665959358215,0.8201499581336975,2.727047920227051,1.0850000381469727,0.025247398763895035,0.04000015929341316,3.000000238418579,0.5,0.10892236232757568,0.3685623109340668,0.0,0.4206303060054779,0.35423314571380615,0.7150588631629944,0.3495917320251465,0.3581179678440094,0.4967266917228699,0.2828461527824402,0.5499222278594971,0.603874921798706,0.36870497465133667,0.8615264296531677,1.0,0.9790259599685669,0.23280352354049683,0.30372947454452515,1.0,0.024000000208616257,0.003000000026077032,0.021000001579523087,1.085,0.7558985275057604,1.5853731920661835,0.24468985005902977,0.35229281757278785,1.4177756269947535,1.4105784875099876,0.856624084396463,0.1958389554184781,0.12623699381947517,0.07376380264759064,271.1516748061575,0.11204887181520462,0.027171561494469643,0.4643772840499878,0.06090820953249931,0.008561218157410622,0.3130333423614502,0.5334702134132385,0.4999069571495056,0.9790259599685669,0.9789999984204769,0.49053576372955976
trotting,1,action_space,0.0,3.0,0.0,0.5,1.0,0.10999999940395355,1.0,0.3700000047683716,1.0,0.03999999910593033,stepping_stones_easy_bound_highspeed,stepping_stones_easy,2.0,bounding,1000,0.6555994749069214,0.6555994749069214,1.299537181854248,0.7031787633895874,0.16905897855758667,0.5587279796600342,1.3457183837890625,0.16905897855758667,0.05360165983438492,0.22252994775772095,0.12413617968559265,0.9216392040252686,2.3056817054748535,0.8684059381484985,1.636580228805542,0.5587279796600342,0.6516062021255493,0.020455647259950638,0.017729587852954865,0.5939838886260986,0.2210659682750702,352.8914794921875,274.8148193359375,33.092628479003906,64.05232238769531,533.991455078125,0.10028640925884247,0.11541666835546494,0.8600086569786072,2.9021430015563965,1.0810000896453857,0.025990745052695274,0.04000015929341316,3.000000238418579,0.5,0.1088302955031395,0.36843985319137573,0.0384400375187397,0.4667934775352478,0.3747960925102234,0.7299929857254028,0.35548073053359985,0.3824538290500641,0.5240073204040527,0.3279212713241577,0.5837761163711548,0.608262300491333,0.3672555088996887,0.8603754639625549,1.0,0.9693149924278259,0.12130147218704224,0.20923161506652832,0.9995999932289124,0.026000000536441803,0.005000000353902578,0.021000001579523087,1.081,0.79556762808236,1.6385003008874688,0.23152032272434514,0.35232964633364683,1.5184471362134586,1.2792889543826844,0.8072212844849603,0.19541042733924283,0.12995372526347637,0.07004707120358944,271.55166040625585,0.13836757838726044,0.044079095125198364,0.4659370481967926,0.08912178128957748,0.012018363922834396,0.3048401474952698,0.5111098289489746,0.5615338087081909,0.9693149924278259,0.9789999984204769,0.5070748742865889
trotting,1,action_space,1.0,3.4000000953674316,0.0,0.5,-1.0,0.04999999701976776,-1.0,0.2900000214576721,-1.0,-0.03999999910593033,stepping_stones_easy_bound_highspeed,stepping_stones_easy,2.0,bounding,1000,0.5459204912185669,0.5459204912185669,1.0709400177001953,0.9335974454879761,0.20497626066207886,0.7122141122817993,1.6399791240692139,0.20497626066207886,0.07309967279434204,0.25546205043792725,0.13266298174858093,1.2010066509246826,3.6909894943237305,1.0489569902420044,2.094250202178955,0.7122141122817993,0.9737305641174316,0.03622373193502426,0.02271949127316475,0.6558117866516113,0.29248249530792236,360.1498107910156,277.61639404296875,34.196128845214844,66.12989807128906,432.3434753417969,0.09251518547534943,0.12791664898395538,0.7511213421821594,2.2895584106445312,1.1349999904632568,0.021418794989585876,0.04000015929341316,3.3880090713500977,0.5,0.05089990422129631,0.2911999821662903,-0.03880004957318306,0.3017808496952057,0.3172531723976135,0.6093515157699585,0.30587664246559143,0.3098432421684265,0.44463062286376953,0.2408941090106964,0.49056971073150635,0.5541636943817139,0.33197128772735596,0.13624989986419678,1.0,0.971419095993042,0.06060720235109329,0.13198590278625488,0.9996000528335571,0.01900000125169754,0.0020000000949949026,0.017000000923871994,1.135,0.6617809144410793,1.4202930124412454,0.2703695115843168,0.36422929831162804,1.9211948090507975,1.4471524460743432,0.9867778696937988,0.24278225472259915,0.10709397494792938,0.09290682151913643,336.2931675337189,0.030610358342528343,0.006266801152378321,0.3076278567314148,0.04496042802929878,0.002880907617509365,0.2693823277950287,0.6039233207702637,0.52751225233078,0.971419095993042,0.982999999076128,0.46667980030179024
trotting,1,action_space,1.0,3.4000000953674316,0.0,0.5,-1.0,0.04999999701976776,-1.0,0.2900000214576721,0.0,0.0,stepping_stones_easy_bound_highspeed,stepping_stones_easy,2.0,bounding,1000,0.5553631782531738,0.5553631782531738,1.055084228515625,0.9502664804458618,0.20055055618286133,0.710473895072937,1.6115838289260864,0.20055055618286133,0.06833579391241074,0.25545933842658997,0.13645687699317932,1.1496233940124512,3.4464731216430664,1.0986794233322144,2.3218271732330322,0.710473895072937,1.0319592952728271,0.04372095316648483,0.03114268183708191,0.6784969568252563,0.2813122868537903,395.8192443847656,311.9552307128906,32.057838439941406,61.75152587890625,557.8192749023438,0.09950751066207886,0.12491666525602341,0.6624708771705627,2.0412821769714355,1.126000165939331,0.021101685240864754,0.04000015929341316,3.3874459266662598,0.5,0.05094228684902191,0.29125645756721497,0.0,0.2989474833011627,0.3230859637260437,0.6028205156326294,0.30270102620124817,0.3083263039588928,0.4518747627735138,0.24134473502635956,0.5100445747375488,0.5680899024009705,0.3301348090171814,0.1367792785167694,1.0,0.9752254486083984,0.11537899076938629,0.18604856729507446,0.9991999864578247,0.021000001579523087,0.0060000005178153515,0.015000000596046448,1.126,0.5883399868519649,1.3464254308620298,0.26141115873736287,0.3694006997735377,1.8564679155975377,1.5237543021212547,1.0158539734001275,0.27361219819950783,0.10550842620432377,0.09449237026274204,375.1541665461487,0.02699710801243782,0.006423890125006437,0.22373951971530914,0.05087927356362343,0.0036020739935338497,0.2574334740638733,0.6355812549591064,0.5354844927787781,0.9752254486083984,0.9849999994039536,0.4624625385591859
trotting,1,action_space,1.0,3.4000000953674316,0.0,0.5,-1.0,0.04999999701976776,-1.0,0.2900000214576721,1.0,0.03999999910593033,stepping_stones_easy_bound_highspeed,stepping_stones_easy,2.0,bounding,1000,0.5716123580932617,0.5716123580932617,1.1565167903900146,0.8524956107139587,0.19131207466125488,0.645287036895752,1.3762965202331543,0.19131207466125488,0.0665227621793747,0.23082107305526733,0.12208282947540283,1.118354320526123,3.579986095428467,0.9827611446380615,2.0095324516296387,0.645287036895752,0.9604030847549438,0.029669318348169327,0.02987833321094513,0.6120263934135437,0.25789058208465576,355.7930908203125,277.16693115234375,33.431861877441406,65.45469665527344,413.6924743652344,0.09148519486188889,0.12858332693576813,0.6776067018508911,2.1434433460235596,1.1449999809265137,0.02313033491373062,0.04000015929341316,3.385359048843384,0.5,0.05109874904155731,0.2914649546146393,0.038534946739673615,0.38694271445274353,0.3813742995262146,0.6702515482902527,0.3561810851097107,0.3198081851005554,0.5157307982444763,0.29883038997650146,0.5618394613265991,0.5794392824172974,0.35469818115234375,0.13873499631881714,1.0,0.9646446704864502,0.06525552272796631,0.15044914186000824,0.999000072479248,0.02500000037252903,0.004000000189989805,0.021000001579523087,1.145,0.5917962353302402,1.36821158230442,0.2579200693613715,0.3494035338622133,1.8920851184416803,1.417579786689144,0.9800015738532994,0.24402387497766373,0.1156516745686531,0.0843491218984127,307.6419588342748,0.05463967099785805,0.015545970760285854,0.30393147468566895,0.06675328314304352,0.005754278507083654,0.2940360903739929,0.626253068447113,0.5257567763328552,0.9646446704864502,0.9789999984204769,0.47561425892146014
trotting,1,action_space,1.0,3.4000000953674316,0.0,0.5,-1.0,0.04999999701976776,0.0,0.33000001311302185,-1.0,-0.03999999910593033,stepping_stones_easy_bound_highspeed,stepping_stones_easy,2.0,bounding,1000,0.5560041666030884,0.5560041666030884,1.0015344619750977,1.0033222436904907,0.20339374244213104,0.6720123291015625,1.562146782875061,0.20339374244213104,0.0733829140663147,0.25783640146255493,0.14186935126781464,1.207869529724121,3.3753604888916016,1.0803332328796387,2.2498044967651367,0.6720123291015625,0.9699918627738953,0.04577000439167023,0.02894478663802147,0.668243408203125,0.34095174074172974,374.3685302734375,295.07733154296875,32.315643310546875,60.986122131347656,411.8455810546875,0.09584256261587143,0.14391668140888214,0.7026914358139038,2.1178042888641357,1.1070001125335693,0.020030684769153595,0.04000015929341316,3.386683464050293,0.5,0.05099945142865181,0.33000147342681885,-0.03866734355688095,0.2942236065864563,0.3355371057987213,0.5991849899291992,0.31656843423843384,0.3023234009742737,0.4688379466533661,0.2503298819065094,0.4856666922569275,0.5437392592430115,0.33124208450317383,0.13749398291110992,1.0,0.9732136726379395,0.11714401841163635,0.18917521834373474,0.9983999729156494,0.023000001907348633,0.005000000353902578,0.018000001087784767,1.107,0.6347709180216802,1.3831493981671614,0.27089280918162945,0.376655480867881,1.8372154171167847,1.4999348308393725,0.9848816491202865,0.2733400648088233,0.10015342384576797,0.09984737262129784,373.79495612677766,0.017834467813372612,0.010932606644928455,0.22440657019615173,0.04832505062222481,0.0010927753755822778,0.2627671957015991,0.6198513507843018,0.48695507645606995,0.9732136726379395,0.9819999989122152,0.44979911601465006
trotting,1,action_space,1.0,3.4000000953674316,0.0,0.5,-1.0,0.04999999701976776,0.0,0.33000001311302185,0.0,0.0,stepping_stones_easy_bound_highspeed,stepping_stones_easy,2.0,bounding,1000,0.5740947723388672,0.5740947723388672,1.0243616104125977,0.9813635349273682,0.18393126130104065,0.6682334542274475,1.78110671043396,0.18393126130104065,0.060763269662857056,0.23957109451293945,0.1202649250626564,1.1567258834838867,2.907374143600464,1.0862762928009033,2.3335466384887695,0.6682334542274475,0.9013476371765137,0.03919203206896782,0.019173230975866318,0.6374140381813049,0.24784767627716064,332.0980224609375,254.91983032226562,33.68927001953125,64.1033706665039,513.3297119140625,0.09274058043956757,0.1470833122730255,0.5990676879882812,1.7664039134979248,1.1140000820159912,0.02048722840845585,0.04000015929341316,3.388638496398926,0.5,0.050852835178375244,0.33000147342681885,0.0,0.2847268581390381,0.3424811363220215,0.6211891174316406,0.31020134687423706,0.3036361038684845,0.4728867709636688,0.23326265811920166,0.5216278433799744,0.5540122985839844,0.3324809670448303,0.13566121459007263,1.0,0.9833961725234985,0.22635501623153687,0.2824441194534302,0.9998000264167786,0.01900000125169754,0.003000000026077032,0.01600000075995922,1.114,0.5377627360756564,1.2592222844890473,0.24650206827298032,0.34679233708756657,1.7051023850785219,1.5275950505578269,0.9493932995216017,0.24158903750963978,0.10243614204227924,0.09756465442478657,324.19998864187556,0.021230900660157204,0.011500558815896511,0.3112044334411621,0.04996801167726517,0.007034325040876865,0.2794790267944336,0.6727306842803955,0.47930577397346497,0.9833961725234985,0.9839999992400408,0.46526752069200344
trotting,1,action_space,1.0,3.4000000953674316,0.0,0.5,-1.0,0.04999999701976776,0.0,0.33000001311302185,1.0,0.03999999910593033,stepping_stones_easy_bound_highspeed,stepping_stones_easy,2.0,bounding,1000,0.5867459774017334,0.5867459774017334,1.1937297582626343,0.8105651140213013,0.17961904406547546,0.5855433344841003,1.326220989227295,0.17961904406547546,0.0568721741437912,0.2308982014656067,0.1336553990840912,1.0271892547607422,2.466920852661133,0.9261189699172974,1.794832468032837,0.5855433344841003,0.7377191185951233,0.03148755803704262,0.014004452154040337,0.6178533434867859,0.25024014711380005,340.07110595703125,262.2176513671875,33.34584045410156,63.45692443847656,403.3948059082031,0.08856368064880371,0.1508333384990692,0.7090016603469849,2.148125648498535,1.1549999713897705,0.023874588310718536,0.04000015929341316,3.3845033645629883,0.5,0.051162831485271454,0.33000147342681885,0.03844953328371048,0.387973815202713,0.3769926130771637,0.7033021450042725,0.35635480284690857,0.33350470662117004,0.5168683528900146,0.3171052932739258,0.564911961555481,0.5626397132873535,0.3509291708469391,0.13953596353530884,1.0,0.9693440198898315,0.12119004875421524,0.20812827348709106,0.9991999864578247,0.026000000536441803,0.007000000216066837,0.01900000125169754,1.155,0.6138541878043832,1.3637627754132366,0.23847887567621415,0.36558911237082975,1.5706434517932875,1.3397135768636657,0.8589057681696656,0.21328856085379486,0.11937294155359268,0.08062785491347313,284.88114969335606,0.07221820205450058,0.03243199363350868,0.40258854627609253,0.08512244373559952,0.006705664098262787,0.2906292974948883,0.6281588673591614,0.47040241956710815,0.9693440198898315,0.9809999987483025,0.4827574922850258
trotting,1,action_space,1.0,3.4000000953674316,0.0,0.5,-1.0,0.04999999701976776,1.0,0.3700000047683716,-1.0,-0.03999999910593033,stepping_stones_easy_bound_highspeed,stepping_stones_easy,2.0,bounding,1000,0.5444356799125671,0.5444356799125671,1.0423771142959595,0.9607000350952148,0.19940192997455597,0.6676823496818542,1.6203479766845703,0.19940192997455597,0.06619976460933685,0.2404250204563141,0.11432789266109467,1.161764144897461,3.3182735443115234,1.076415777206421,2.358752489089966,0.6676823496818542,0.9379632472991943,0.04707977548241615,0.020005065947771072,0.6270900964736938,0.29717525839805603,354.0015869140625,277.025634765625,33.061729431152344,62.37620544433594,566.5003051757812,0.09401572495698929,0.14391665160655975,0.7309699058532715,2.2311084270477295,1.1260000467300415,0.020847544074058533,0.04000015929341316,3.3898062705993652,0.5,0.050765201449394226,0.36897924542427063,-0.038979701697826385,0.2979086637496948,0.33154410123825073,0.6038802862167358,0.30998948216438293,0.3185008466243744,0.4656040668487549,0.24291223287582397,0.5067431330680847,0.5650007724761963,0.34278351068496704,0.1345658004283905,1.0,0.9757061004638672,0.05763282626867294,0.11831872165203094,0.9998000264167786,0.017000000923871994,0.003000000026077032,0.014000000432133675,1.126,0.6491739330664409,1.4076385117581274,0.25729314916906915,0.33812407879518824,1.8216128963947098,1.5358230656849654,0.9684850268843573,0.25900741578222664,0.10423772037029266,0.09576307609677315,339.6098993915092,0.024927636608481407,0.011585542000830173,0.2614017426967621,0.052636612206697464,0.0026228197384625673,0.28530964255332947,0.6093505620956421,0.4869551360607147,0.9757061004638672,0.9859999995678663,0.45647762117809376
trotting,1,action_space,1.0,3.4000000953674316,0.0,0.5,-1.0,0.04999999701976776,1.0,0.3700000047683716,0.0,0.0,stepping_stones_easy_bound_highspeed,stepping_stones_easy,2.0,bounding,1000,0.5532381534576416,0.5532381534576416,1.0151530504226685,0.9874023199081421,0.18320153653621674,0.700833797454834,1.758334755897522,0.18320153653621674,0.056572556495666504,0.21264728903770447,0.09422466158866882,1.1551754474639893,3.25286865234375,1.0283401012420654,2.0630815029144287,0.700833797454834,0.9842827916145325,0.03797009587287903,0.017978426069021225,0.6448203325271606,0.25078320503234863,326.38958740234375,250.33700561523438,34.602149963378906,65.58895874023438,567.2994995117188,0.09053689241409302,0.1419166922569275,0.7331095337867737,2.384303092956543,1.136000156402588,0.02030305191874504,0.04000015929341316,3.390489101409912,0.5,0.050714172422885895,0.3690473139286041,0.0,0.2803736627101898,0.3233683705329895,0.6471254825592041,0.3267642855644226,0.31633180379867554,0.4548427164554596,0.23426949977874756,0.5543282628059387,0.5462132692337036,0.33339637517929077,0.13392825424671173,1.0,0.9811446666717529,0.10944721102714539,0.16269588470458984,0.9995999932289124,0.01600000075995922,0.004000000189989805,0.012000000104308128,1.136,0.6453428671393596,1.44874368186218,0.2378498612479446,0.3069603583342136,1.8035710832522653,1.436343100695105,0.9921102719025403,0.23653439906681703,0.1015152595937252,0.0984855368733406,321.51761477389874,0.02024487778544426,0.007360111456364393,0.3266158998012543,0.055588118731975555,0.006633225362747908,0.27536970376968384,0.5917242169380188,0.49184903502464294,0.9811446666717529,0.9879999998956919,0.46178276964316245
trotting,1,action_space,1.0,3.4000000953674316,0.0,0.5,-1.0,0.04999999701976776,1.0,0.3700000047683716,1.0,0.03999999910593033,stepping_stones_easy_bound_highspeed,stepping_stones_easy,2.0,bounding,1000,0.5563006401062012,0.5563006401062012,1.1178548336029053,0.8850356340408325,0.1868380606174469,0.6373177766799927,1.70346200466156,0.1868380606174469,0.05882792919874191,0.21903805434703827,0.11412455886602402,1.1922814846038818,3.706328868865967,0.9584240913391113,1.8663370609283447,0.6373177766799927,0.8355146050453186,0.030061649158596992,0.020474866032600403,0.6547701954841614,0.2866120934486389,377.84710693359375,293.5433349609375,32.504085540771484,62.10460662841797,465.0442199707031,0.09527985751628876,0.14350001513957977,0.7013792991638184,2.2134952545166016,1.1090000867843628,0.022357091307640076,0.04000015929341316,3.388009786605835,0.5,0.05089990049600601,0.36879944801330566,0.038800016045570374,0.3397971987724304,0.341646671295166,0.6713668704032898,0.34335577487945557,0.3185637593269348,0.4791683554649353,0.23942051827907562,0.57335364818573,0.5769550800323486,0.33806633949279785,0.1362500637769699,1.0,0.9714190363883972,0.06060730665922165,0.13198667764663696,0.9994000196456909,0.020000001415610313,0.004000000189989805,0.01600000075995922,1.109,0.6324429868899346,1.4127766587309243,0.2425446952599498,0.33782326572636173,1.9251828144012628,1.3661394734536971,0.914064880107161,0.22480328109526648,0.11178545653820038,0.08821533992886543,338.0108897644362,0.043580204248428345,0.017219042405486107,0.3639531135559082,0.05613360553979874,0.003239806741476059,0.26994410157203674,0.6071469187736511,0.48797062039375305,0.9714190363883972,0.9839999992400408,0.4703763516521768
trotting,1,action_space,1.0,3.4000000953674316,0.0,0.5,0.0,0.07999999821186066,-1.0,0.2900000214576721,-1.0,-0.03999999910593033,stepping_stones_easy_bound_highspeed,stepping_stones_easy,2.0,bounding,1000,0.6065472364425659,0.6065472364425659,1.1388020515441895,0.8692004680633545,0.19243133068084717,0.6128309965133667,1.351475477218628,0.19243133068084717,0.06389550864696503,0.25362300872802734,0.1365436464548111,1.0584228038787842,2.7871949672698975,0.9647789001464844,1.9545347690582275,0.6128309965133667,0.767828643321991,0.04227828606963158,0.018386436626315117,0.6076866388320923,0.24727880954742432,346.8634033203125,269.4902038574219,34.00482177734375,65.90013122558594,533.5748901367188,0.09675292670726776,0.13333334028720856,0.8166108131408691,2.619399309158325,1.1640000343322754,0.0227760449051857,0.04000015929341316,3.3853836059570312,0.5,0.08000031858682632,0.2914625406265259,-0.038537394255399704,0.3677564263343811,0.3534335494041443,0.6491302847862244,0.3585045337677002,0.34002619981765747,0.4916248917579651,0.32224738597869873,0.49970656633377075,0.5850511193275452,0.3525288701057434,0.5,1.0,0.970780611038208,0.11962713301181793,0.19985279440879822,0.9994000196456909,0.02500000223517418,0.004000000189989805,0.021000001579523087,1.164,0.7015557043331185,1.5001143054734687,0.2527756092801776,0.3695181273697017,1.6694894331111825,1.3980467692671183,0.8762583199730494,0.24630209640997108,0.1138802245259285,0.08612057194113731,304.58621219550287,0.048701874911785126,0.02338598668575287,0.2972164750099182,0.07212275266647339,0.007114814128726721,0.29659926891326904,0.5697339773178101,0.51341712474823,0.970780611038208,0.9789999984204769,0.46626363204498045
trotting,1,action_space,1.0,3.4000000953674316,0.0,0.5,0.0,0.07999999821186066,-1.0,0.2900000214576721,0.0,0.0,stepping_stones_easy_bound_highspeed,stepping_stones_easy,2.0,bounding,1000,0.6253589391708374,0.6253589391708374,1.1816058158874512,0.8240132331848145,0.18602804839611053,0.5930935144424438,1.5711395740509033,0.18602804839611053,0.06379997730255127,0.23992592096328735,0.12439849972724915,1.0651910305023193,2.754725456237793,0.9816739559173584,1.9088661670684814,0.5930935144424438,0.7358068227767944,0.031791917979717255,0.021832391619682312,0.6082944869995117,0.2501402795314789,345.1466369628906,266.2101745605469,33.62522888183594,64.13551330566406,349.038330078125,0.09293241798877716,0.13224998116493225,0.8211044073104858,2.546168327331543,1.1720000505447388,0.0236321110278368,0.04000015929341316,3.385072708129883,0.5,0.08000031858682632,0.2914934754371643,0.0,0.371295303106308,0.3733331859111786,0.6742417216300964,0.32770824432373047,0.3319436311721802,0.5112007856369019,0.27550816535949707,0.5254820585250854,0.5867093801498413,0.3543831408023834,0.5,1.0,0.9781571626663208,0.23403415083885193,0.30752670764923096,0.9991999864578247,0.024000000208616257,0.003000000026077032,0.021000001579523087,1.172,0.7006009983935046,1.4739397093679023,0.25258657387626776,0.35270171494798425,1.6597365623007143,1.3816172288548234,0.8577918295115631,0.23156923284279277,0.118160555139184,0.08184024132788181,292.09964297921675,0.06613936275243759,0.029670584946870804,0.3421567976474762,0.0580100417137146,0.0067190686240792274,0.2962389290332794,0.580930233001709,0.5162057280540466,0.9781571626663208,0.9789999984204769,0.474821021094134
trotting,1,action_space,1.0,3.4000000953674316,0.0,0.5,0.0,0.07999999821186066,-1.0,0.2900000214576721,1.0,0.03999999910593033,stepping_stones_easy_bound_highspeed,stepping_stones_easy,2.0,bounding,1000,0.6080873608589172,0.6080873608589172,1.2002592086791992,0.8084293603897095,0.18381108343601227,0.6126160621643066,1.6867239475250244,0.18381108343601227,0.05942849814891815,0.23325638473033905,0.1281716227531433,1.0320463180541992,2.594585657119751,0.9291443824768066,1.7650078535079956,0.6126160621643066,0.7979735136032104,0.029100723564624786,0.024609103798866272,0.6305958032608032,0.21623536944389343,355.71783447265625,275.22589111328125,33.312644958496094,64.39242553710938,495.15179443359375,0.09433317184448242,0.13008332252502441,0.8420993089675903,2.6549482345581055,1.162000060081482,0.024005185812711716,0.04000015929341316,3.385267496109009,0.5,0.08000031858682632,0.2914741039276123,0.038525886833667755,0.41026270389556885,0.37281471490859985,0.6913767457008362,0.3539142906665802,0.33595895767211914,0.5114182233810425,0.2445005476474762,0.5476517081260681,0.5840450525283813,0.3479470908641815,0.5,1.0,0.9706478118896484,0.11979706585407257,0.20101739466190338,0.9992001056671143,0.02500000223517418,0.007000000216066837,0.018000001087784767,1.162,0.7246981438589178,1.5115584502113135,0.2437796097890842,0.35801064614497613,1.6107717582326029,1.3285359812620792,0.8932936323534443,0.23175380765694242,0.12002592906355858,0.07997486740350723,296.36751120126684,0.07322400063276291,0.023447666317224503,0.3415720760822296,0.05639955773949623,0.01323742140084505,0.2833162248134613,0.5648459792137146,0.5218283534049988,0.9706478118896484,0.9819999989122152,0.47562950212312366
trotting,1,action_space,1.0,3.4000000953674316,0.0,0.5,0.0,0.07999999821186066,0.0,0.33000001311302185,-1.0,-0.03999999910593033,stepping_stones_easy_bound_highspeed,stepping_stones_easy,2.0,bounding,1000,0.6320151090621948,0.6320151090621948,1.1823614835739136,0.824640154838562,0.16247257590293884,0.5684159994125366,1.582453727722168,0.16247257590293884,0.048422690480947495,0.2570842504501343,0.13395434617996216,1.0123136043548584,2.4058682918548584,0.9763039350509644,2.05527663230896,0.5684159994125366,0.6849825382232666,0.03552336245775223,0.01533451583236456,0.6109683513641357,0.22054949402809143,348.3394775390625,271.30767822265625,33.53206253051758,63.770652770996094,536.1963500976562,0.09248384833335876,0.13899999856948853,0.8074635863304138,2.5956664085388184,1.1740000247955322,0.02364722453057766,0.04000015929341316,3.3861823081970215,0.5,0.08000031858682632,0.33000147342681885,-0.0386173315346241,0.3984684348106384,0.375366747379303,0.6576364040374756,0.35470008850097656,0.340435266494751,0.5173372030258179,0.3238154649734497,0.49192553758621216,0.5821191072463989,0.34700632095336914,0.5,1.0,0.9798951148986816,0.2316044569015503,0.30014216899871826,1.0,0.023000001907348633,0.0020000000949949026,0.021000001579523087,1.174,0.6877883313258625,1.4869294991374447,0.22005156323222858,0.36599774067603497,1.5510861651935584,1.4336236020340067,0.82763671875,0.22551691353447703,0.1182361226528883,0.08176467381417751,294.61334995972624,0.06586649268865585,0.03951924294233322,0.3616213798522949,0.07801082730293274,0.012143153697252274,0.29465895891189575,0.5753712058067322,0.49907445907592773,0.9798951148986816,0.9789999984204769,0.47533994736640084
trotting,1,action_space,1.0,3.4000000953674316,0.0,0.5,0.0,0.07999999821186066,0.0,0.33000001311302185,0.0,0.0,stepping_stones_easy_bound_highspeed,stepping_stones_easy,2.0,bounding,1000,0.666153609752655,0.666153609752655,1.1377484798431396,0.8683053255081177,0.18809886276721954,0.6750827431678772,1.6462347507476807,0.18809886276721954,0.06855877488851547,0.25585299730300903,0.14343595504760742,1.1962003707885742,3.8966245651245117,0.9763878583908081,2.0001654624938965,0.6750827431678772,1.0900546312332153,0.04343597963452339,0.032149337232112885,0.6540902853012085,0.24193093180656433,401.033203125,315.00811767578125,32.58578109741211,63.679908752441406,664.3195190429688,0.10155241191387177,0.12166666984558105,0.8051532506942749,2.4980978965759277,1.1220000982284546,0.0227549746632576,0.04000015929341316,3.38451886177063,0.5,0.08000031858682632,0.33000147342681885,0.0,0.402119517326355,0.3649781346321106,0.654880940914154,0.3492726683616638,0.33229658007621765,0.5000812411308289,0.24029701948165894,0.5125615000724792,0.5907163023948669,0.3378581404685974,0.5,1.0,0.9872688055038452,0.477775514125824,0.5298336744308472,0.9988000392913818,0.026000000536441803,0.003000000026077032,0.023000001907348633,1.122,0.7176053460269051,1.4921355499188238,0.2618373061435583,0.3787293955419983,1.9739869718730445,1.4142720609889374,1.0440568141788145,0.2749278393808751,0.113774873316288,0.08622592315077782,352.4796650840527,0.04900581017136574,0.010489638894796371,0.2205333560705185,0.04892776533961296,0.007917983457446098,0.2703114151954651,0.5731446743011475,0.5442572236061096,0.9872688055038452,0.9769999980926514,0.4598844400361965
trotting,1,action_space,1.0,3.4000000953674316,0.0,0.5,0.0,0.07999999821186066,0.0,0.33000001311302185,1.0,0.03999999910593033,stepping_stones_easy_bound_highspeed,stepping_stones_easy,2.0,bounding,1000,0.6382132768630981,0.6382132768630981,1.2478235960006714,0.759655237197876,0.1821349412202835,0.5804885625839233,1.3788337707519531,0.1821349412202835,0.05899687111377716,0.2107916921377182,0.10885096341371536,0.9563342332839966,2.2160263061523438,0.8987513184547424,1.750464677810669,0.5804885625839233,0.7426025867462158,0.02656562253832817,0.0117747001349926,0.5943877100944519,0.23577773571014404,325.5098571777344,249.57936096191406,34.081024169921875,65.28064727783203,472.9277038574219,0.08978791534900665,0.13624998927116394,0.8063148260116577,2.475586175918579,1.1980000734329224,0.02495647221803665,0.04000015929341316,3.3858492374420166,0.5,0.08000031858682632,0.33000147342681885,0.03858404606580734,0.41966718435287476,0.38884830474853516,0.7237868309020996,0.37699079513549805,0.35710957646369934,0.5275967717170715,0.30026763677597046,0.5884702801704407,0.572612464427948,0.3569830060005188,0.5,1.0,0.9795324802398682,0.23227733373641968,0.30327123403549194,0.9998000264167786,0.023000001907348633,0.004999999888241291,0.018000001087784767,1.198,0.6730507164447256,1.4375090730642028,0.24289271523406616,0.32992569377621284,1.4886323609784733,1.3230512755787922,0.8617439217924405,0.19580685042490412,0.12478236109018326,0.07521843537688255,260.86207875937555,0.09942971169948578,0.034400999546051025,0.46449407935142517,0.07739979773759842,0.00895489752292633,0.3045940399169922,0.5965405702590942,0.5059841275215149,0.9795324802398682,0.9819999989122152,0.4977621937072591
trotting,1,action_space,1.0,3.4000000953674316,0.0,0.5,0.0,0.07999999821186066,1.0,0.3700000047683716,-1.0,-0.03999999910593033,stepping_stones_easy_bound_highspeed,stepping_stones_easy,2.0,bounding,1000,0.5919556021690369,0.5919556021690369,1.1322550773620605,0.872499942779541,0.19114752113819122,0.6677794456481934,1.7868518829345703,0.19114752113819122,0.06308835744857788,0.24215617775917053,0.11875060200691223,1.039103388786316,2.522831916809082,1.0645607709884644,2.322481155395508,0.6677794456481934,0.8774904012680054,0.03391220048069954,0.018121769651770592,0.6312527060508728,0.23197752237319946,352.52349853515625,273.1795349121094,33.52876281738281,64.99444580078125,447.5990905761719,0.0936700701713562,0.1198333278298378,0.7019721269607544,2.178257942199707,1.152999997138977,0.02264510840177536,0.04000015929341316,3.3873322010040283,0.5,0.08000031858682632,0.3687320053577423,-0.038732267916202545,0.3411380648612976,0.3267757296562195,0.6379713416099548,0.31876301765441895,0.32991766929626465,0.45754480361938477,0.24329403042793274,0.4972444772720337,0.5705459117889404,0.34065669775009155,0.5,1.0,0.9751880764961243,0.11551294475793839,0.18740612268447876,0.9994000196456909,0.021000001579523087,0.0020000000949949026,0.01900000125169754,1.153,0.6088222427566674,1.374484942561652,0.2511739585398492,0.34460209228458294,1.5883425061393661,1.523968882686096,0.9367445763216381,0.2281095573019029,0.1132255420088768,0.08677525445818901,311.3463614192564,0.04759513959288597,0.011570530943572521,0.3532145917415619,0.04742437228560448,0.009662042371928692,0.2829442322254181,0.6235650181770325,0.5492691993713379,0.9751880764961243,0.9809999987483025,0.4811116625603877
trotting,1,action_space,1.0,3.4000000953674316,0.0,0.5,0.0,0.07999999821186066,1.0,0.3700000047683716,0.0,0.0,stepping_stones_easy_bound_highspeed,stepping_stones_easy,2.0,bounding,1000,0.6313918828964233,0.6313918828964233,1.1844730377197266,0.8187111616134644,0.17515555024147034,0.6186116337776184,1.2268149852752686,0.17515555024147034,0.05219511687755585,0.23533034324645996,0.12324929982423782,0.9739741086959839,2.3665966987609863,0.9584978222846985,1.852579116821289,0.6186116337776184,0.8015114665031433,0.0295901857316494,0.015844235196709633,0.6022714376449585,0.2357301115989685,324.5704345703125,249.89501953125,33.71400451660156,63.58705139160156,411.56640625,0.09164196252822876,0.12416666746139526,0.8067665100097656,2.6025848388671875,1.1800000667572021,0.023689445108175278,0.04000015929341316,3.385816812515259,0.5,0.08000031858682632,0.36858034133911133,0.0,0.36222773790359497,0.3533341884613037,0.6754530668258667,0.33507996797561646,0.34689974784851074,0.49313363432884216,0.35757559537887573,0.5417317152023315,0.5788393616676331,0.35407134890556335,0.5,1.0,0.9791625142097473,0.2324633002281189,0.30150485038757324,0.9995999932289124,0.024000000208616257,0.003000000026077032,0.021000001579523087,1.18,0.6837004063493114,1.4851196141967582,0.22846250650283045,0.35106879642633837,1.5383746938769456,1.3610948228618347,0.895271727747025,0.2131535149331557,0.11844722554087639,0.08155357092618942,274.02095635300844,0.06848422437906265,0.021779121831059456,0.40305250883102417,0.10323809087276459,0.008963428437709808,0.29982903599739075,0.5761454701423645,0.5374963283538818,0.9791625142097473,0.9789999984204769,0.4897654670241633
trotting,1,action_space,1.0,3.4000000953674316,0.0,0.5,0.0,0.07999999821186066,1.0,0.3700000047683716,1.0,0.03999999910593033,stepping_stones_easy_bound_highspeed,stepping_stones_easy,2.0,bounding,1000,0.5993778109550476,0.5993778109550476,1.1732004880905151,0.8316773176193237,0.18998640775680542,0.6204288601875305,1.6879618167877197,0.18998640775680542,0.06187433749437332,0.24309588968753815,0.13355740904808044,1.111741542816162,3.043781280517578,1.027635931968689,2.236818790435791,0.6204288601875305,0.7592226266860962,0.03553874418139458,0.01995813474059105,0.6474897861480713,0.268251895904541,376.38311767578125,295.70013427734375,32.91806411743164,63.14558410644531,483.193603515625,0.09612052142620087,0.140583336353302,0.8154655694961548,2.548316478729248,1.1460000276565552,0.023464005440473557,0.04000015929341316,3.3860249519348145,0.5,0.08000031858682632,0.3686012029647827,0.03860153257846832,0.3686226010322571,0.3461224138736725,0.6716164946556091,0.3356364667415619,0.31842735409736633,0.48450416326522827,0.23976914584636688,0.5365669131278992,0.5851377248764038,0.34012460708618164,0.5,1.0,0.9724175930023193,0.11814209818840027,0.19690513610839844,0.9994000196456909,0.023000001907348633,0.005000000353902578,0.018000001087784767,1.146,0.7115755463977966,1.4911947510497965,0.24874552758667506,0.36545507117576087,1.7446435969898202,1.495599809586706,0.871333820464979,0.23557775557549068,0.11732002720236778,0.08268076926469803,320.8173892668398,0.06286606937646866,0.02129421755671501,0.32957953214645386,0.05364061892032623,0.004677283111959696,0.2739034593105316,0.5735469460487366,0.4951390326023102,0.9724175930023193,0.9819999989122152,0.467875153512547
trotting,1,action_space,1.0,3.4000000953674316,0.0,0.5,1.0,0.10999999940395355,-1.0,0.2900000214576721,-1.0,-0.03999999910593033,stepping_stones_easy_bound_highspeed,stepping_stones_easy,2.0,bounding,1000,0.6279988288879395,0.6279988288879395,1.1995478868484497,0.8117576241493225,0.19525308907032013,0.6545137763023376,1.4575080871582031,0.19525308907032013,0.06828820705413818,0.2611556649208069,0.14639154076576233,1.0740809440612793,2.9917755126953125,0.9394897222518921,1.7549870014190674,0.6545137763023376,0.9615060091018677,0.029221046715974808,0.028160907328128815,0.6285947561264038,0.20635998249053955,380.9306640625,298.04949951171875,32.64714813232422,63.99498748779297,536.345947265625,0.09999352693557739,0.12658332288265228,0.6968461275100708,2.207385778427124,1.1570000648498535,0.02399095706641674,0.04000015929341316,3.383495807647705,0.5,0.10876178741455078,0.2916511297225952,-0.0383487269282341,0.40298616886138916,0.3488026261329651,0.6661887168884277,0.35012227296829224,0.33878037333488464,0.48783862590789795,0.2908274531364441,0.4934732913970947,0.5921092629432678,0.34333473443984985,0.8595192432403564,1.0,0.9601938724517822,0.06831477582454681,0.1649407148361206,0.9988000392913818,0.02800000086426735,0.0010000000474974513,0.027000000700354576,1.157,0.6022870089333946,1.3812504644167904,0.2613201237068018,0.3826114749530682,1.729674973136662,1.3247592239418706,0.9805641279905499,0.23954530687138,0.1199547853320837,0.08004601113498211,317.56186496506797,0.07166148722171783,0.013789020478725433,0.3173852264881134,0.05941121652722359,0.01612797938287258,0.284452348947525,0.6206653714179993,0.5310406684875488,0.9601938724517822,0.9729999992996454,0.4781995267656289
trotting,1,action_space,1.0,3.4000000953674316,0.0,0.5,1.0,0.10999999940395355,-1.0,0.2900000214576721,0.0,0.0,stepping_stones_easy_bound_highspeed,stepping_stones_easy,2.0,bounding,1000,0.6329598426818848,0.6329598426818848,1.2103406190872192,0.7953742742538452,0.19562244415283203,0.6214616298675537,1.5629537105560303,0.19562244415283203,0.06320306658744812,0.2401704043149948,0.1278989613056183,1.0537300109863281,2.669506549835205,0.955649197101593,1.8132092952728271,0.6214616298675537,0.8153619766235352,0.02802552841603756,0.02083519473671913,0.6247379779815674,0.26699817180633545,365.729736328125,284.2530517578125,33.53068542480469,64.4583511352539,507.24298095703125,0.09848244488239288,0.12283331900835037,0.8790692090988159,2.9919443130493164,1.1770000457763672,0.02420681156218052,0.04000015929341316,3.3861820697784424,0.5,0.10896318405866623,0.29138267040252686,0.0,0.39590761065483093,0.3582565188407898,0.6784136295318604,0.33382996916770935,0.3225594162940979,0.4943021535873413,0.2518812417984009,0.5278208255767822,0.5776681303977966,0.3419206738471985,0.862036406993866,1.0,0.9728519320487976,0.1178043931722641,0.19581195712089539,0.9998000264167786,0.023000001907348633,0.003000000026077032,0.020000001415610313,1.177,0.7468727390545349,1.5943677662851088,0.251402200840502,0.3576296426551053,1.6338624635614851,1.346554601667837,0.9029739623175937,0.22104461801355105,0.1210340578109026,0.07896673865616322,302.1709183022716,0.07962072640657425,0.021022843196988106,0.3763580024242401,0.05918927490711212,0.004796046297997236,0.2866549789905548,0.529669463634491,0.5410916209220886,0.9728519320487976,0.9799999985843897,0.4801292306694546
trotting,1,action_space,1.0,3.4000000953674316,0.0,0.5,1.0,0.10999999940395355,-1.0,0.2900000214576721,1.0,0.03999999910593033,stepping_stones_easy_bound_highspeed,stepping_stones_easy,2.0,bounding,1000,0.6240019798278809,0.6240019798278809,1.1989953517913818,0.8073986768722534,0.174661323428154,0.5875596404075623,1.7182073593139648,0.174661323428154,0.05530668795108795,0.22211885452270508,0.11973772943019867,1.0447487831115723,2.936283588409424,0.9762223362922668,1.9736398458480835,0.5875596404075623,0.7119451761245728,0.027165299281477928,0.022667407989501953,0.6267136335372925,0.22485101222991943,363.59857177734375,281.232666015625,33.37298583984375,64.51932525634766,448.0650329589844,0.0950191468000412,0.14024999737739563,0.8907766342163086,2.9322187900543213,1.165000081062317,0.023979902267456055,0.04000015929341316,3.385927200317383,0.5,0.10894409567117691,0.2914081811904907,0.03859176114201546,0.39536112546920776,0.3712564706802368,0.6771727800369263,0.34444522857666016,0.3333200216293335,0.5123206377029419,0.2587732970714569,0.5712032318115234,0.5809925198554993,0.345704048871994,0.8617978692054749,1.0,0.9660687446594238,0.06428483128547668,0.14607277512550354,0.9991999864578247,0.024000000208616257,0.004000000189989805,0.020000001415610313,1.165,0.7646151170198497,1.5864822613774274,0.23517373992665072,0.3460313994859407,1.7135587496229663,1.4048629277791067,0.8437684375020037,0.22323240640861236,0.11989951133728027,0.08010128512978554,303.25269504514955,0.07371342182159424,0.031673867255449295,0.36911237239837646,0.05934775248169899,0.011142147704958916,0.28552454710006714,0.5330012440681458,0.49596497416496277,0.9660687446594238,0.9799999985843897,0.4707266312876815
trotting,1,action_space,1.0,3.4000000953674316,0.0,0.5,1.0,0.10999999940395355,0.0,0.33000001311302185,-1.0,-0.03999999910593033,stepping_stones_easy_bound_highspeed,stepping_stones_easy,2.0,bounding,1000,0.6267070770263672,0.6267070770263672,1.1525300741195679,0.8562127351760864,0.1871640980243683,0.6572442054748535,1.780595302581787,0.1871640980243683,0.06247173249721527,0.2650483250617981,0.14168761670589447,1.062258243560791,2.787790536880493,0.9775233268737793,2.034337282180786,0.6572442054748535,0.9641897678375244,0.03679148852825165,0.0319160521030426,0.6599193215370178,0.25938376784324646,385.3842468261719,298.45703125,32.8603630065918,63.07078552246094,488.97003173828125,0.10364319384098053,0.11708333343267441,0.8261672258377075,2.8459439277648926,1.1540000438690186,0.02305060438811779,0.04000015929341316,3.385012149810791,0.5,0.10887545347213745,0.33000147342681885,-0.038500234484672546,0.38310033082962036,0.35086381435394287,0.6412125825881958,0.33989807963371277,0.3390442430973053,0.4866032004356384,0.23089390993118286,0.4812503457069397,0.5862060785293579,0.33129560947418213,0.8609397411346436,1.0,0.9704952239990234,0.12012307345867157,0.20465931296348572,0.9994000196456909,0.02500000037252903,0.004999999888241291,0.020000001415610313,1.154,0.7159161493311309,1.5703999004040738,0.24994345860057085,0.3764141558255939,1.6696677923708336,1.4263019603789326,0.9819316513065074,0.26212123269833415,0.11525302194058895,0.08474777452647686,334.38107645093055,0.05326898768544197,0.013303883373737335,0.2530544102191925,0.04831418767571449,0.005584974307566881,0.26717841625213623,0.53980952501297,0.5568737983703613,0.9704952239990234,0.9799999985843897,0.4634555708616972
trotting,1,action_space,1.0,3.4000000953674316,0.0,0.5,1.0,0.10999999940395355,0.0,0.33000001311302185,0.0,0.0,stepping_stones_easy_bound_highspeed,stepping_stones_easy,2.0,bounding,1000,0.6603941321372986,0.6603941321372986,1.2501705884933472,0.7575565576553345,0.17497506737709045,0.5842578411102295,1.7075921297073364,0.17497506737709045,0.05256754159927368,0.23852750658988953,0.12890538573265076,0.9699389934539795,2.027801275253296,0.9418715238571167,1.7961037158966064,0.5842578411102295,0.7077037692070007,0.026034293696284294,0.011974861845374107,0.6201435327529907,0.26522356271743774,351.56219482421875,270.73028564453125,34.0582389831543,64.2362060546875,521.8032836914062,0.09598726034164429,0.1277499794960022,0.8495311737060547,2.833592653274536,1.2009999752044678,0.025003403425216675,0.04000015929341316,3.385011672973633,0.5,0.10887545347213745,0.33000147342681885,0.0,0.42541366815567017,0.3633190989494324,0.7096976041793823,0.3520737290382385,0.3411732614040375,0.5067323446273804,0.2535710632801056,0.5314412713050842,0.5749068260192871,0.34634679555892944,0.860940158367157,1.0,0.9781495332717896,0.23413501679897308,0.30829834938049316,0.9998000264167786,0.024000000208616257,0.0010000000474974513,0.023000001907348633,1.201,0.7073531456533618,1.53602115011569,0.22927612522736351,0.3590339618095352,1.4240088747101598,1.3401879405130486,0.8412513115633168,0.19495936895070828,0.12501701712608337,0.07498377934098244,281.2113787190488,0.10070420056581497,0.0329233780503273,0.46758079528808594,0.06335870176553726,0.004969326313585043,0.28930115699768066,0.5544158816337585,0.5279520153999329,0.9781495332717896,0.9769999980926514,0.49428144567891175
trotting,1,action_space,1.0,3.4000000953674316,0.0,0.5,1.0,0.10999999940395355,0.0,0.33000001311302185,1.0,0.03999999910593033,stepping_stones_easy_bound_highspeed,stepping_stones_easy,2.0,bounding,1000,0.653712272644043,0.653712272644043,1.2533901929855347,0.7540327906608582,0.16815423965454102,0.6044149398803711,1.292149543762207,0.16815423965454102,0.049044765532016754,0.23676611483097076,0.1322014331817627,1.0770069360733032,3.1710939407348633,0.9154115915298462,1.7373008728027344,0.6044149398803711,0.7875392436981201,0.027544081211090088,0.0232241228222847,0.6154797077178955,0.23204264044761658,361.3612060546875,276.5068359375,33.419532775878906,64.02821350097656,382.64056396484375,0.10087938606739044,0.11150000244379044,0.7690283060073853,2.513239860534668,1.1710000038146973,0.02506779506802559,0.04000015929341316,3.384438991546631,0.5,0.10883252322673798,0.33000147342681885,0.03844304755330086,0.4510309100151062,0.37127628922462463,0.7012509107589722,0.36643171310424805,0.3476702570915222,0.5123218297958374,0.352866530418396,0.5514185428619385,0.5923358201980591,0.3506926894187927,0.8604034781455994,1.0,0.9693185687065125,0.12126795947551727,0.2089652121067047,0.9994000196456909,0.026000000536441803,0.0020000000949949026,0.024000000208616257,1.171,0.6567278567997438,1.4650029935859656,0.22146052815799197,0.36359515010759247,1.7807565641420118,1.3180670972309165,0.8874340785084378,0.22531800645615252,0.12533897534012794,0.07466182112693787,288.3070316626117,0.102872833609581,0.025908758863806725,0.3622705340385437,0.10299809277057648,0.009649463929235935,0.2920122742652893,0.5847572684288025,0.5726388692855835,0.9693185687065125,0.9759999997913837,0.49850677130253696
trotting,1,action_space,1.0,3.4000000953674316,0.0,0.5,1.0,0.10999999940395355,1.0,0.3700000047683716,-1.0,-0.03999999910593033,stepping_stones_easy_bound_highspeed,stepping_stones_easy,2.0,bounding,1000,0.6424261331558228,0.6424261331558228,1.2546814680099487,0.7520709037780762,0.1644042581319809,0.5854027271270752,1.201804280281067,0.1644042581319809,0.047580085694789886,0.24877014756202698,0.12563224136829376,0.9786157608032227,2.216700792312622,0.9255115985870361,1.9498759508132935,0.5854027271270752,0.8061157464981079,0.030946243554353714,0.015728667378425598,0.6166476607322693,0.2403615117073059,351.39508056640625,272.35772705078125,33.681968688964844,65.53968811035156,677.4082641601562,0.09701849520206451,0.12549999356269836,0.8300811648368835,2.71378755569458,1.194000005722046,0.025093616917729378,0.04000015929341316,3.3856077194213867,0.5,0.10892017930746078,0.36855965852737427,-0.03855988383293152,0.43554723262786865,0.3879458010196686,0.6891523599624634,0.35973674058914185,0.3562374711036682,0.5340828895568848,0.3675912320613861,0.4926679730415344,0.5872628688812256,0.3506777584552765,0.8614989519119263,1.0,0.9657028913497925,0.06457705050706863,0.15023593604564667,0.9998000264167786,0.024000000208616257,0.004000000189989805,0.020000001415610313,1.194,0.6952103657938128,1.5075986634089935,0.21812859898415404,0.35444638715649757,1.4888588893218262,1.396379586936623,0.8978394881592744,0.21604377087243065,0.1254680845886469,0.07453271187841892,280.0671640777115,0.10409591346979141,0.03248542919754982,0.3931758999824524,0.11608809977769852,0.008170460350811481,0.2913309633731842,0.5665367245674133,0.5339249968528748,0.9657028913497925,0.9799999985843897,0.4958810293556829
trotting,1,action_space,1.0,3.4000000953674316,0.0,0.5,1.0,0.10999999940395355,1.0,0.3700000047683716,0.0,0.0,stepping_stones_easy_bound_highspeed,stepping_stones_easy,2.0,bounding,1000,0.6323277950286865,0.6323277950286865,1.1982297897338867,0.8066796660423279,0.19433370232582092,0.6539911031723022,1.4212589263916016,0.19433370232582092,0.06287148594856262,0.2414865791797638,0.12691952288150787,0.9493648409843445,2.055103302001953,0.9537343978881836,1.7889747619628906,0.6539911031723022,0.8551964163780212,0.024712201207876205,0.012189029715955257,0.6048077344894409,0.23658165335655212,337.30511474609375,258.7216796875,34.580238342285156,65.9238510131836,528.228759765625,0.09438697248697281,0.1316666603088379,0.9180375933647156,3.0416276454925537,1.2020001411437988,0.02396458387374878,0.04000015929341316,3.385687828063965,0.5,0.10892616957426071,0.36856746673583984,0.0,0.3590080440044403,0.3322245478630066,0.6869299411773682,0.3291069269180298,0.34142184257507324,0.47161799669265747,0.29194432497024536,0.5199248194694519,0.5748496055603027,0.3498779535293579,0.8615738153457642,1.0,0.9717031717300415,0.1188555359840393,0.19914723932743073,1.0,0.024000000208616257,0.005000000353902578,0.01900000125169754,1.202,0.7637583499343542,1.5907457625393235,0.25074187115151436,0.356257663610915,1.4335631489411107,1.3375256117035257,0.9247683041594912,0.19209693106302209,0.1198229193687439,0.08017787709832191,281.5028616681325,0.07405639439821243,0.01388364378362894,0.4780573546886444,0.06865312904119492,0.008812067098915577,0.2983119785785675,0.5311992764472961,0.5177134871482849,0.9717031717300415,0.9809999987483025,0.48754462678181504
trotting,1,action_space,1.0,3.4000000953674316,0.0,0.5,1.0,0.10999999940395355,1.0,0.3700000047683716,1.0,0.03999999910593033,stepping_stones_easy_bound_highspeed,stepping_stones_easy,2.0,bounding,1000,0.6347038745880127,0.6347038745880127,1.2128182649612427,0.791707456111908,0.17728397250175476,0.5650578737258911,1.485487937927246,0.17728397250175476,0.0549188032746315,0.2354796826839447,0.13560566306114197,1.0207769870758057,2.6144895553588867,0.9106353521347046,1.7410588264465332,0.5650578737258911,0.679029107093811,0.031281307339668274,0.020436380058526993,0.6345248818397522,0.2172636091709137,373.81964111328125,291.6328125,32.95072937011719,63.44849395751953,646.2832641601562,0.10138481855392456,0.1198333203792572,0.8363629579544067,2.7011752128601074,1.1710000038146973,0.02425636723637581,0.04000015929341316,3.3839879035949707,0.5,0.10879866778850555,0.3683972954750061,0.03839794546365738,0.4230429232120514,0.3767854571342468,0.7102184295654297,0.35945284366607666,0.34351468086242676,0.5245032906532288,0.28984469175338745,0.5660687685012817,0.6056000590324402,0.34821823239326477,0.8599803447723389,1.0,0.961530327796936,0.06741269677877426,0.1618727445602417,0.9987999796867371,0.027000000700354576,0.003000000026077032,0.024000000208616257,1.171,0.7142296456354078,1.518790589435578,0.23434761205233456,0.36824674209168773,1.6169383276299956,1.3194918819176316,0.8240322245481733,0.22741523123615812,0.12128183618187904,0.07871896028518677,308.2239540028919,0.08149587363004684,0.04105248302221298,0.35545602440834045,0.07548177987337112,0.012967979535460472,0.2810986042022705,0.5617596507072449,0.5492691993713379,0.961530327796936,0.9759999997913837,0.4835435397138721
bounding,2,action_space,-1.0,2.5999999046325684,0.0,0.5,-1.0,0.08999999612569809,-1.0,0.3400000035762787,-1.0,-0.03999999910593033,stepping_stones_easy_bound_highspeed,stepping_stones_easy,2.0,bounding,1000,0.5977531671524048,0.5977531671524048,1.1980758905410767,0.8063400983810425,0.16100767254829407,0.495680034160614,1.3615906238555908,0.16100767254829407,0.04720596224069595,0.2566779553890228,0.13946563005447388,1.0583560466766357,2.5702052116394043,2.126595973968506,6.529862403869629,0.495680034160614,0.6083635687828064,0.0412479043006897,0.016538936644792557,0.6136531233787537,0.19854262471199036,363.08099365234375,266.50946044921875,34.08131408691406,64.78236389160156,520.0994873046875,0.1018468588590622,0.11866667121648788,0.8140339851379395,2.8946831226348877,0.9800000190734863,0.023961523547768593,0.04000015929341316,2.6154627799987793,0.5,0.09116019308567047,0.34154605865478516,-0.038453057408332825,0.3320232033729553,0.4341452121734619,0.5307575464248657,0.12645283341407776,0.31516343355178833,0.5815531015396118,0.34164339303970337,0.497416615486145,0.587007999420166,0.35362011194229126,0.6395026445388794,0.9775188565254211,0.9567490220069885,0.06645452231168747,0.15766596794128418,0.999000072479248,0.026000000536441803,0.0010000000474974513,0.02500000037252903,0.98,0.8306468730070153,1.7186501304472879,0.21726933110933064,0.3734509740976369,1.6031859566623594,2.555359544930934,0.7799766463060329,0.24038893682006718,0.11980761773884296,0.08019317872822285,303.0534180003978,0.07421883195638657,0.08569276332855225,0.31482547521591187,0.09968801587820053,0.018857352435588837,0.29308101534843445,0.4778589904308319,0.5524826049804688,0.9567490220069885,0.974999999627471,0.47221050087950733
bounding,2,action_space,-1.0,2.5999999046325684,0.0,0.5,-1.0,0.08999999612569809,-1.0,0.3400000035762787,0.0,0.0,stepping_stones_easy_bound_highspeed,stepping_stones_easy,2.0,bounding,1000,0.5995728373527527,0.5995728373527527,1.1954119205474854,0.8065040111541748,0.16417041420936584,0.4821990430355072,1.8197920322418213,0.16417041420936584,0.0529172308743,0.23408210277557373,0.12423468381166458,0.9651051759719849,2.08189058303833,2.097352981567383,6.315278053283691,0.4821990430355072,0.6419134736061096,0.040433160960674286,0.018576599657535553,0.6008555293083191,0.18263930082321167,356.23284912109375,263.60821533203125,34.08509826660156,64.8953628540039,303.1474914550781,0.10407198965549469,0.10466666519641876,0.6989047527313232,2.286970853805542,0.968000054359436,0.023908235132694244,0.04000015929341316,2.6137943267822266,0.5,0.09103499352931976,0.34137922525405884,0.0,0.3289167881011963,0.4684835374355316,0.5404582023620605,0.12521162629127502,0.3171790838241577,0.6129270792007446,0.2578546702861786,0.5363916754722595,0.6101475358009338,0.36464670300483704,0.6379376649856567,0.9801129102706909,0.9650329351425171,0.11777340620756149,0.19556257128715515,0.9996000528335571,0.023000001907348633,0.004999999888241291,0.018000001087784767,0.968,0.7220090755746384,1.5370663747601756,0.23003745537259798,0.35246940833448875,1.442875803053863,2.513021697734361,0.8011950284457022,0.2429192471135415,0.11954117566347122,0.08045962080359459,298.00008097455066,0.07414037734270096,0.0977678894996643,0.3072187602519989,0.05623945966362953,0.02591881714761257,0.3006792962551117,0.5539708137512207,0.5925421118736267,0.9650329351425171,0.9819999989122152,0.48382583721295785
bounding,2,action_space,-1.0,2.5999999046325684,0.0,0.5,-1.0,0.08999999612569809,-1.0,0.3400000035762787,1.0,0.03999999910593033,stepping_stones_easy_bound_highspeed,stepping_stones_easy,2.0,bounding,1000,0.6031837463378906,0.6031837463378906,1.2643446922302246,0.7409336566925049,0.13083398342132568,0.41073668003082275,1.6343591213226318,0.13083398342132568,0.029717987403273582,0.24170738458633423,0.12925201654434204,0.8507068157196045,1.331787347793579,2.07161545753479,6.302992820739746,0.41073668003082275,0.432061105966568,0.04439280554652214,0.006721429526805878,0.5782924890518188,0.1745859980583191,331.56622314453125,241.32432556152344,34.38393020629883,65.64575958251953,482.18609619140625,0.09898853302001953,0.09783333539962769,0.624934732913971,2.111208200454712,0.9850000143051147,0.025286918506026268,0.04000015929341316,2.6137924194335938,0.5,0.09103499352931976,0.3413788676261902,0.03862002491950989,0.37846237421035767,0.484771728515625,0.5688358545303345,0.1258639246225357,0.3308866024017334,0.6390621662139893,0.2972394526004791,0.5174673795700073,0.607892632484436,0.3667120933532715,0.6379374861717224,0.9801128506660461,0.961650013923645,0.06358401477336884,0.1456698477268219,0.9996000528335571,0.023000001907348633,0.004000000189989805,0.01900000125169754,0.985,0.634451464348033,1.4640213057076696,0.17238905824695946,0.359516364779605,1.1540309128414104,2.5105761929763744,0.6573135522462381,0.2260845750451101,0.12643459253013134,0.07356620393693447,262.2435362619898,0.1112549677491188,0.1850653737783432,0.3597720265388489,0.10766629129648209,0.03044845722615719,0.31455856561660767,0.5851777791976929,0.6131371259689331,0.961650013923645,0.9809999987483025,0.5096771917060803
bounding,2,action_space,-1.0,2.5999999046325684,0.0,0.5,-1.0,0.08999999612569809,0.0,0.3799999952316284,-1.0,-0.03999999910593033,stepping_stones_easy_bound_highspeed,stepping_stones_easy,2.0,bounding,1000,0.6100675463676453,0.6100675463676453,1.2179806232452393,0.7842442989349365,0.14634087681770325,0.46600207686424255,1.335645079612732,0.14634087681770325,0.039820633828639984,0.24875931441783905,0.13112382590770721,0.9501175880432129,2.0511155128479004,2.05355167388916,6.274014472961426,0.46600207686424255,0.5522232055664062,0.03669137507677078,0.015447013080120087,0.622496485710144,0.23495203256607056,372.48974609375,280.57147216796875,33.65797424316406,63.51918411254883,383.5335998535156,0.10448090732097626,0.10499998927116394,0.658980131149292,2.2566885948181152,0.9550000429153442,0.024359606206417084,0.04000015929341316,2.6137914657592773,0.5,0.09103488177061081,0.3800007998943329,-0.03862015902996063,0.34032100439071655,0.4553163945674896,0.5391957759857178,0.1314171403646469,0.33269041776657104,0.6059645414352417,0.35182657837867737,0.5041823387145996,0.6148651838302612,0.3580731153488159,0.6379361152648926,0.9801129102706909,0.9650329351425171,0.1177714541554451,0.1955496072769165,0.9996000528335571,0.023000001907348633,0.003000000026077032,0.020000001415610313,0.955,0.6900315209833116,1.5372132522158264,0.19955108075036823,0.3621102399928884,1.4321716073319917,2.50479828987514,0.7431172219551948,0.22833831951052558,0.12179803103208542,0.07820276543498039,305.82567487918857,0.08542158454656601,0.1139974296092987,0.3524777591228485,0.1185930147767067,0.009104008786380291,0.28794294595718384,0.5539082884788513,0.5915553569793701,0.9650329351425171,0.9799999985843897,0.4963240302903088
bounding,2,action_space,-1.0,2.5999999046325684,0.0,0.5,-1.0,0.08999999612569809,0.0,0.3799999952316284,0.0,0.0,stepping_stones_easy_bound_highspeed,stepping_stones_easy,2.0,bounding,1000,0.6259353160858154,0.6259353160858154,1.195610523223877,0.8090538382530212,0.14976763725280762,0.46522438526153564,1.5695862770080566,0.14976763725280762,0.04547775909304619,0.26019835472106934,0.1432449221611023,1.0608456134796143,2.8812978267669678,2.115976095199585,6.395705223083496,0.46522438526153564,0.605767548084259,0.045059219002723694,0.024879055097699165,0.6262045502662659,0.21198204159736633,361.6817932128906,270.05999755859375,33.96294403076172,63.965240478515625,513.8352661132812,0.10362949967384338,0.09299999475479126,0.6721917390823364,2.33282470703125,0.9940000176429749,0.02391221933066845,0.04000015929341316,2.6149158477783203,0.5,0.09111912548542023,0.3800007998943329,0.0,0.3565945625305176,0.4667642414569855,0.5293741226196289,0.12469112873077393,0.3205985426902771,0.6180354356765747,0.29060572385787964,0.49613890051841736,0.5992445349693298,0.35258713364601135,0.6389894485473633,0.9783835411071777,0.9660348892211914,0.23400703072547913,0.30723339319229126,0.9991999864578247,0.02500000037252903,0.004000000189989805,0.021000001579523087,0.994,0.6762492066657759,1.5319615347307574,0.2132551502145873,0.37847710916395233,1.6974386076577166,2.528973155864549,0.7783107015095315,0.2644584543939234,0.11956109665334225,0.08043969981372356,302.5080376824068,0.07292873412370682,0.11482599377632141,0.24690158665180206,0.08381514996290207,0.014412769116461277,0.28581541776657104,0.5561448335647583,0.6281351447105408,0.9660348892211914,0.9789999984204769,0.48506520276791176
bounding,2,action_space,-1.0,2.5999999046325684,0.0,0.5,-1.0,0.08999999612569809,0.0,0.3799999952316284,1.0,0.03999999910593033,stepping_stones_easy_bound_highspeed,stepping_stones_easy,2.0,bounding,1000,0.614456295967102,0.614456295967102,1.21889066696167,0.7861135601997375,0.1555565893650055,0.4551718235015869,1.2824417352676392,0.1555565893650055,0.04366830736398697,0.250474750995636,0.13742780685424805,0.9626831412315369,2.057055950164795,2.0692195892333984,6.275327205657959,0.4551718235015869,0.5601044297218323,0.039451513439416885,0.021197307854890823,0.5982258915901184,0.2065713107585907,351.274658203125,260.857177734375,34.10143280029297,64.58756256103516,704.4354248046875,0.1006898581981659,0.11858333647251129,0.6312894225120544,2.1929726600646973,0.971000075340271,0.02437780424952507,0.04000015929341316,2.615933418273926,0.5,0.09119541943073273,0.3800007998943329,0.03840607404708862,0.35023537278175354,0.4667586088180542,0.5519879460334778,0.1264449954032898,0.33675336837768555,0.6180115342140198,0.35689491033554077,0.5046252608299255,0.6018505096435547,0.36111658811569214,0.6399431228637695,0.9766542911529541,0.9591044187545776,0.12214793264865875,0.21012206375598907,0.9991999864578247,0.027000000700354576,0.0020000000949949026,0.02500000223517418,0.971,0.650143592905188,1.5028200940455052,0.20896963263590948,0.3707125663559951,1.4342440343835476,2.505060319764368,0.748401249145024,0.2462698140136296,0.12188902124762535,0.07811177521944046,288.19209772009145,0.0844244658946991,0.12595711648464203,0.29731103777885437,0.11580958217382431,0.016059955582022667,0.3022648096084595,0.5685778260231018,0.5527128577232361,0.9591044187545776,0.9749999977648258,0.4841636915348078
bounding,2,action_space,-1.0,2.5999999046325684,0.0,0.5,-1.0,0.08999999612569809,1.0,0.3799999952316284,-1.0,-0.03999999910593033,stepping_stones_easy_bound_highspeed,stepping_stones_easy,2.0,bounding,1000,0.609973669052124,0.609973669052124,1.3049598932266235,0.6975469589233398,0.14882585406303406,0.41316041350364685,1.471318006515503,0.14882585406303406,0.03722936287522316,0.24445202946662903,0.1267005205154419,0.9066967964172363,1.9316725730895996,2.144411087036133,6.627108573913574,0.41316041350364685,0.44181978702545166,0.03375204652547836,0.009215297177433968,0.5814390182495117,0.2049218714237213,335.898681640625,241.71217346191406,34.82763671875,66.42298889160156,277.00201416015625,0.0966578796505928,0.1134166568517685,0.7583855390548706,2.562716245651245,0.9910000562667847,0.026099203154444695,0.04000015929341316,2.6144094467163086,0.5,0.09108121693134308,0.3800007998943329,-0.03855838254094124,0.39546212553977966,0.4878554940223694,0.5715292096138,0.12227363139390945,0.336728572845459,0.6411707401275635,0.33407241106033325,0.5121303796768188,0.6103493571281433,0.3652295172214508,0.6385154724121094,0.9792481660842896,0.959980845451355,0.06458743661642075,0.15031865239143372,1.0,0.02500000037252903,0.006000000052154064,0.01900000125169754,0.991,0.7652729546386225,1.6081014335479464,0.19294911991305677,0.35595016577526956,1.389846240808529,2.574317108266496,0.6646952587655878,0.2072856572532512,0.13049601577222347,0.06950478069484234,257.40153654077994,0.14280331134796143,0.1814064383506775,0.42343854904174805,0.10905475169420242,0.016598593443632126,0.3125852644443512,0.5238774418830872,0.5671772956848145,0.959980845451355,0.9809999987483025,0.5087747307200181
bounding,2,action_space,-1.0,2.5999999046325684,0.0,0.5,-1.0,0.08999999612569809,1.0,0.3799999952316284,0.0,0.0,stepping_stones_easy_bound_highspeed,stepping_stones_easy,2.0,bounding,1000,0.6115554571151733,0.6115554571151733,1.307783603668213,0.6940648555755615,0.14773733913898468,0.41900283098220825,1.6760972738265991,0.14773733913898468,0.0390278697013855,0.24946050345897675,0.14009246230125427,0.8704851269721985,1.4262194633483887,2.0685343742370605,6.160696983337402,0.41900283098220825,0.4166061282157898,0.03224332630634308,0.006859090644866228,0.5604760050773621,0.1868000328540802,313.3330993652344,225.03237915039062,34.87512969970703,65.20516967773438,306.1863708496094,0.09531129896640778,0.11741666495800018,0.6851747035980225,2.2146849632263184,1.0040000677108765,0.026155667379498482,0.04000015929341316,2.6148641109466553,0.5,0.09111526608467102,0.3800007998943329,0.0,0.3519642949104309,0.47569113969802856,0.5847041010856628,0.130518838763237,0.3446844816207886,0.6286225914955139,0.30277180671691895,0.5206335783004761,0.6042670011520386,0.3740503787994385,0.6389410495758057,0.9783835411071777,0.9620686769485474,0.11996138095855713,0.20284700393676758,1.0,0.02500000037252903,0.004000000189989805,0.021000001579523087,1.004,0.6824449030051668,1.4852143320562083,0.19755472583915956,0.37428927623063724,1.1942443063914472,2.4820751365213347,0.6454503297820753,0.19774331076223364,0.1307783368974924,0.0692224595695734,239.59093728225665,0.14559826254844666,0.17279770970344543,0.4574680030345917,0.08572124689817429,0.02384929731488228,0.32596930861473083,0.576104998588562,0.555946409702301,0.9620686769485474,0.9789999984204769,0.5140675974911766
bounding,2,action_space,-1.0,2.5999999046325684,0.0,0.5,-1.0,0.08999999612569809,1.0,0.3799999952316284,1.0,0.03999999910593033,stepping_stones_easy_bound_highspeed,stepping_stones_easy,2.0,bounding,1000,0.6005281209945679,0.6005281209945679,1.2229408025741577,0.7790787816047668,0.15261150896549225,0.4413774609565735,1.3945364952087402,0.15261150896549225,0.04397720843553543,0.2627931833267212,0.14967191219329834,0.9495716094970703,1.8985636234283447,2.090874671936035,6.408576488494873,0.4413774609565735,0.46665430068969727,0.042504675686359406,0.017288802191615105,0.6023240089416504,0.20650959014892578,341.3782958984375,250.77655029296875,34.73738098144531,66.08355712890625,336.82672119140625,0.10094763338565826,0.11541666835546494,0.6050503253936768,1.9256995916366577,0.9820000529289246,0.024458810687065125,0.04000015929341316,2.615583896636963,0.5,0.09116926789283752,0.3800007998943329,0.03844093531370163,0.33128130435943604,0.45293447375297546,0.5430529117584229,0.12719213962554932,0.32891759276390076,0.6021288633346558,0.3501456379890442,0.4940803050994873,0.5610686540603638,0.3633004426956177,0.6396161317825317,0.9775188565254211,0.9566484689712524,0.06655456125736237,0.159307062625885,0.9996000528335571,0.026000000536441803,0.003000000026077032,0.023000001907348633,0.982,0.6161408278704175,1.400356174830377,0.2097074353367935,0.38687454322208686,1.3778837481545185,2.5315166380047502,0.6831210000356432,0.24452704937894806,0.12229405343532562,0.07770674303174019,279.1453970460984,0.08822587132453918,0.1425388604402542,0.3024408519268036,0.10289144515991211,0.016079794615507126,0.29979750514030457,0.6124736666679382,0.5615338087081909,0.9566484689712524,0.9769999980926514,0.4907025479172406
bounding,2,action_space,-1.0,2.5999999046325684,0.0,0.5,0.0,0.11999999731779099,-1.0,0.3400000035762787,-1.0,-0.03999999910593033,stepping_stones_easy_bound_highspeed,stepping_stones_easy,2.0,bounding,1000,0.6362792253494263,0.6362792253494263,1.2495672702789307,0.752234697341919,0.15789100527763367,0.44194290041923523,1.4602768421173096,0.15789100527763367,0.04752511531114578,0.2518397271633148,0.13622745871543884,1.000432014465332,2.063819408416748,2.1094367504119873,6.546947479248047,0.44194290041923523,0.5181666016578674,0.03844715282320976,0.012373747304081917,0.5774582624435425,0.20643311738967896,338.5381774902344,247.00460815429688,34.541526794433594,65.31300354003906,280.7430725097656,0.10431216657161713,0.10200001299381256,0.6781947612762451,2.29469895362854,0.9830000400543213,0.024991367012262344,0.04000015929341316,2.6151931285858154,0.5,0.11999969929456711,0.3415191173553467,-0.038480114191770554,0.34034082293510437,0.4543995261192322,0.5463559627532959,0.12956440448760986,0.3193809390068054,0.6112574934959412,0.320789098739624,0.5121970772743225,0.5074551701545715,0.3693235516548157,1.0,0.9783835411071777,0.9617880582809448,0.12040932476520538,0.20727621018886566,0.9996000528335571,0.02500000037252903,0.004999999888241291,0.020000001415610313,0.983,0.689923462038244,1.5278688574758994,0.2180025580380785,0.3690900414742165,1.4365999472423587,2.558700349640037,0.7198378995703598,0.22543491328383827,0.12495683506131172,0.07504396140575409,270.92433160054304,0.10399336367845535,0.14182870090007782,0.36188891530036926,0.08974533528089523,0.016104409471154213,0.3150838315486908,0.5578886866569519,0.6004955768585205,0.9617880582809448,0.9799999985843897,0.5012075168717849
bounding,2,action_space,-1.0,2.5999999046325684,0.0,0.5,0.0,0.11999999731779099,-1.0,0.3400000035762787,0.0,0.0,stepping_stones_easy_bound_highspeed,stepping_stones_easy,2.0,bounding,1000,0.6539760231971741,0.6539760231971741,1.2511563301086426,0.7522438168525696,0.14772626757621765,0.4731713533401489,1.6075425148010254,0.14772626757621765,0.04170870780944824,0.24240781366825104,0.1248074322938919,0.999632716178894,2.1391279697418213,2.1079883575439453,6.5035881996154785,0.4731713533401489,0.5484328269958496,0.036593981087207794,0.014140160754323006,0.5952330231666565,0.22350183129310608,337.1970520019531,245.66102600097656,34.98933792114258,67.11251068115234,874.0132446289062,0.10543099045753479,0.10925000160932541,0.7363119721412659,2.6335620880126953,0.9900000095367432,0.02502313256263733,0.04000015929341316,2.6125988960266113,0.5,0.11999969929456711,0.34125959873199463,0.0,0.3485029339790344,0.4422466456890106,0.5415486097335815,0.13173061609268188,0.31958621740341187,0.5919491052627563,0.314582884311676,0.5141918063163757,0.4938125014305115,0.35900530219078064,1.0,0.9818421602249146,0.9714536666870117,0.228990375995636,0.2913655638694763,1.0,0.021000001579523087,0.003000000026077032,0.018000001087784767,0.99,0.7437494451349432,1.6310008118332615,0.2042270986168296,0.35328095376610935,1.4625757996568318,2.550213363547348,0.7405625071497001,0.22524240684544908,0.12511566281318665,0.07488513365387917,269.5083291251646,0.10398765653371811,0.10657446086406708,0.3625173568725586,0.08701135218143463,0.011446897871792316,0.30407950282096863,0.5142524838447571,0.5791174173355103,0.9714536666870117,0.9819999989122152,0.49282653894471495
bounding,2,action_space,-1.0,2.5999999046325684,0.0,0.5,0.0,0.11999999731779099,-1.0,0.3400000035762787,1.0,0.03999999910593033,stepping_stones_easy_bound_highspeed,stepping_stones_easy,2.0,bounding,1000,0.6363505125045776,0.6363505125045776,1.273666262626648,0.7279256582260132,0.14320190250873566,0.4294460713863373,1.6223180294036865,0.14320190250873566,0.03523357957601547,0.2350044846534729,0.12442350387573242,0.8677065372467041,1.3631243705749512,2.07680606842041,6.263923645019531,0.4294460713863373,0.5052765607833862,0.03561336547136307,0.00695399334654212,0.5636386275291443,0.19597935676574707,327.29656982421875,237.26980590820312,34.873008728027344,65.34226989746094,303.7336730957031,0.1001158058643341,0.12941667437553406,0.8304705619812012,2.812533140182495,1.003000020980835,0.02547331526875496,0.04000015929341316,2.613792896270752,0.5,0.11999969929456711,0.3413790166378021,0.03862001746892929,0.34166064858436584,0.4675876200199127,0.5713174939155579,0.1298818439245224,0.337638258934021,0.6232959032058716,0.3051583766937256,0.5339177846908569,0.5002423524856567,0.3757786154747009,1.0,0.9801128506660461,0.9650329351425171,0.11777295917272568,0.19555959105491638,1.0,0.023000001907348633,0.003000000026077032,0.020000001415610313,1.003,0.8279866211911141,1.67455093699869,0.18770609893132262,0.3527371597602561,1.1675291733292796,2.502783179785962,0.7108280810318246,0.2063185857306733,0.1273665763437748,0.07263422012329102,256.9720023432542,0.12009129673242569,0.15814559161663055,0.42683953046798706,0.09758908301591873,0.01984928734600544,0.3239139914512634,0.49607399106025696,0.5235705971717834,0.9650329351425171,0.9799999985843897,0.4929426485966696
bounding,2,action_space,-1.0,2.5999999046325684,0.0,0.5,0.0,0.11999999731779099,0.0,0.3799999952316284,-1.0,-0.03999999910593033,stepping_stones_easy_bound_highspeed,stepping_stones_easy,2.0,bounding,1000,0.6405625939369202,0.6405625939369202,1.1563102006912231,0.8445236682891846,0.15833890438079834,0.48639029264450073,1.6858282089233398,0.15833890438079834,0.04358583688735962,0.2603294849395752,0.14877787232398987,1.0343677997589111,2.2284882068634033,2.139645576477051,6.749442100524902,0.48639029264450073,0.5321657657623291,0.04359511286020279,0.014503818936645985,0.5854181051254272,0.23479843139648438,337.1862487792969,248.18450927734375,33.77907180786133,63.12166213989258,250.52706909179688,0.10803945362567902,0.11516665667295456,0.7231125235557556,2.4583497047424316,0.9830000400543213,0.02312619239091873,0.04000015929341316,2.6141910552978516,0.5,0.11999969929456711,0.3800007998943329,-0.038580119609832764,0.2815272808074951,0.4225531220436096,0.5230238437652588,0.1282496452331543,0.3108603060245514,0.5738283395767212,0.2826533913612366,0.4954988956451416,0.4828641414642334,0.36200737953186035,1.0,0.9792481660842896,0.9674452543258667,0.23249980807304382,0.30118682980537415,0.9994000196456909,0.024000000208616257,0.003000000026077032,0.021000001579523087,0.983,0.7356179936856244,1.5814120443941895,0.20877221291963072,0.38571734770942034,1.4928121807057322,2.5979688413306468,0.7294969264927229,0.241037200026985,0.11563096195459366,0.08436983451247215,291.6053569169696,0.05767791345715523,0.09387838840484619,0.31286653876304626,0.07749476283788681,0.009132017381489277,0.3101075291633606,0.5351458191871643,0.5622361898422241,0.9674452543258667,0.9789999984204769,0.47560916586141844
bounding,2,action_space,-1.0,2.5999999046325684,0.0,0.5,0.0,0.11999999731779099,0.0,0.3799999952316284,0.0,0.0,stepping_stones_easy_bound_highspeed,stepping_stones_easy,2.0,bounding,1000,0.7127339839935303,0.7127339839935303,1.3159153461456299,0.6856209635734558,0.144952192902565,0.39903467893600464,1.2381176948547363,0.144952192902565,0.03785146027803421,0.2531582713127136,0.13870522379875183,0.8793116807937622,1.4618719816207886,2.1151516437530518,6.56176233291626,0.39903467893600464,0.3572502136230469,0.03473176062107086,0.009158488363027573,0.5736206769943237,0.17977052927017212,342.19671630859375,250.9350128173828,34.39665222167969,64.7498779296875,546.51953125,0.10240446031093597,0.10349999368190765,0.7327448129653931,2.5395798683166504,0.9960000514984131,0.026318294927477837,0.04000015929341316,2.6150104999542236,0.5,0.11999969929456711,0.3800007998943329,0.0,0.3860132098197937,0.47167330980300903,0.563159167766571,0.11953134834766388,0.3302935063838959,0.6233657598495483,0.39314335584640503,0.5022510886192322,0.5008876323699951,0.3677893280982971,1.0,0.9783835411071777,0.9704326391220093,0.4769037663936615,0.528251051902771,1.0,0.02500000037252903,0.007000000216066837,0.018000001087784767,0.996,0.7356875009804844,1.5968026505058162,0.1945545174958274,0.3724315021567749,1.2090789807207751,2.5615937095714965,0.5977041187937782,0.2094999975754139,0.13159147463738918,0.06840932182967663,260.0446277269294,0.15254364907741547,0.20345982909202576,0.41569435596466064,0.13599367439746857,0.027449410408735275,0.3175114691257477,0.5286415219306946,0.5960087180137634,0.9704326391220093,0.9819999989122152,0.5187366121497594
bounding,2,action_space,-1.0,2.5999999046325684,0.0,0.5,0.0,0.11999999731779099,0.0,0.3799999952316284,1.0,0.03999999910593033,stepping_stones_easy_bound_highspeed,stepping_stones_easy,2.0,bounding,1000,0.6618189811706543,0.6618189811706543,1.2552783489227295,0.7502188682556152,0.15174642205238342,0.44988828897476196,1.448038101196289,0.15174642205238342,0.041992902755737305,0.2642795741558075,0.14721745252609253,1.002219319343567,2.320045232772827,2.1985979080200195,6.8944244384765625,0.44988828897476196,0.5783833265304565,0.04041963070631027,0.01407533511519432,0.6211943626403809,0.22147488594055176,367.8372802734375,271.29473876953125,34.51112365722656,66.36036682128906,478.816650390625,0.10585427284240723,0.12391665577888489,0.8581687211990356,3.071249485015869,0.9860000610351562,0.02510557696223259,0.04000015929341316,2.6160709857940674,0.5,0.11999969929456711,0.3800007998943329,0.03839225322008133,0.37113016843795776,0.47521814703941345,0.5407736301422119,0.12609297037124634,0.3189757168292999,0.626247227191925,0.33333706855773926,0.485975980758667,0.5003038644790649,0.35277923941612244,1.0,0.9766541719436646,0.963348388671875,0.236502543091774,0.31506478786468506,0.9992000460624695,0.027000000700354576,0.010000000707805157,0.017000000923871994,0.986,0.8703535904023517,1.7648957537888423,0.2049216990846438,0.3836892655862196,1.5231694694855287,2.6257236028334288,0.7605151717950513,0.23344156832386256,0.12552788481116295,0.07447291165590286,293.0324422381002,0.10526087880134583,0.1321265995502472,0.336250364780426,0.10147973150014877,0.011920475400984287,0.28869378566741943,0.4589957892894745,0.5381686687469482,0.963348388671875,0.982999999076128,0.4786875681265405
bounding,2,action_space,-1.0,2.5999999046325684,0.0,0.5,0.0,0.11999999731779099,1.0,0.3799999952316284,-1.0,-0.03999999910593033,stepping_stones_easy_bound_highspeed,stepping_stones_easy,2.0,bounding,1000,0.631643533706665,0.631643533706665,1.2248027324676514,0.7772722244262695,0.14217698574066162,0.41459155082702637,1.750650405883789,0.14217698574066162,0.03656589612364769,0.24602332711219788,0.1269133985042572,0.964185893535614,1.9895405769348145,2.158890724182129,6.863197326660156,0.41459155082702637,0.3881908655166626,0.04217788577079773,0.017690105363726616,0.6048460602760315,0.1914052665233612,369.18902587890625,275.1785583496094,34.13446044921875,65.52296447753906,367.4378662109375,0.10540574789047241,0.1158333271741867,0.7586921453475952,2.6315176486968994,0.9940000176429749,0.02449605241417885,0.04000015929341316,2.613192319869995,0.5,0.11999969929456711,0.3800007998943329,-0.03868001699447632,0.3431735038757324,0.4599834978580475,0.5321536064147949,0.12550076842308044,0.31094199419021606,0.6145697236061096,0.2932765483856201,0.5047612190246582,0.5026439428329468,0.3591955304145813,1.0,0.9809775352478027,0.9665533304214478,0.11659672856330872,0.19100186228752136,1.0,0.023000001907348633,0.00800000037997961,0.015000000596046448,0.994,0.7632717692876007,1.6270838915266146,0.19122211201544578,0.3562490680749315,1.41051075037903,2.619770472133037,0.6230496493191073,0.244679363932728,0.12248026207089424,0.07752053439617157,301.4273369027261,0.0892237201333046,0.17927011847496033,0.30199047923088074,0.08357854932546616,0.021750785410404205,0.29828909039497375,0.5158957839012146,0.5603651404380798,0.9665533304214478,0.9849999994039536,0.4805120014046368
bounding,2,action_space,-1.0,2.5999999046325684,0.0,0.5,0.0,0.11999999731779099,1.0,0.3799999952316284,0.0,0.0,stepping_stones_easy_bound_highspeed,stepping_stones_easy,2.0,bounding,1000,0.6551304459571838,0.6551304459571838,1.2273156642913818,0.7761576771736145,0.14498671889305115,0.4405879080295563,1.5579073429107666,0.14498671889305115,0.03564201667904854,0.26636070013046265,0.1471520960330963,0.9443738460540771,1.7095110416412354,2.136505126953125,6.674615383148193,0.4405879080295563,0.4156748950481415,0.04800555109977722,0.009350401349365711,0.6059935092926025,0.19130319356918335,349.9041748046875,259.15093994140625,34.10624694824219,64.4930419921875,316.04296875,0.10893774032592773,0.09291666001081467,0.6601158380508423,2.3451850414276123,0.9780000448226929,0.024546325206756592,0.04000015929341316,2.6143150329589844,0.5,0.11999969929456711,0.3800007998943329,0.0,0.34955909848213196,0.4359796643257141,0.5373216271400452,0.12343139946460724,0.3183779716491699,0.5936084985733032,0.32097768783569336,0.47977373003959656,0.4893380403518677,0.35694727301597595,1.0,0.9792481660842896,0.9673943519592285,0.23271726071834564,0.30297568440437317,0.9998000264167786,0.024000000208616257,0.0020000000949949026,0.02199999988079071,0.978,0.6749650764075281,1.5485282473088586,0.18879093378403672,0.38360408761260134,1.307482711794399,2.583527701254274,0.6447285436896225,0.23949102790948754,0.12273162603378296,0.07726917043328285,285.09713106832425,0.08984377235174179,0.14353491365909576,0.31755030155181885,0.10323496907949448,0.021795235574245453,0.29760533571243286,0.5490943789482117,0.6283969283103943,0.9673943519592285,0.9780000001192093,0.4976120214713248
bounding,2,action_space,-1.0,2.5999999046325684,0.0,0.5,0.0,0.11999999731779099,1.0,0.3799999952316284,1.0,0.03999999910593033,stepping_stones_easy_bound_highspeed,stepping_stones_easy,2.0,bounding,1000,0.6432161331176758,0.6432161331176758,1.3115828037261963,0.6905291080474854,0.1417657434940338,0.3563133478164673,1.6770727634429932,0.1417657434940338,0.03717830777168274,0.25455671548843384,0.14280298352241516,0.8855237364768982,1.5906543731689453,2.124549388885498,6.49235725402832,0.3563133478164673,0.27809497714042664,0.035032473504543304,0.008006726391613483,0.567557692527771,0.16721442341804504,329.5423889160156,237.13104248046875,34.947265625,66.7386474609375,277.2171630859375,0.1009247899055481,0.11566665768623352,0.7453548908233643,2.6318840980529785,0.9990000128746033,0.02623165398836136,0.04000015929341316,2.615377902984619,0.5,0.11999969929456711,0.3800007998943329,0.038461629301309586,0.38126081228256226,0.49611470103263855,0.5696855783462524,0.12345239520072937,0.33602213859558105,0.655310869216919,0.30488115549087524,0.5018821954727173,0.512432336807251,0.3719732165336609,1.0,0.9775189161300659,0.9606775045394897,0.12099912762641907,0.20649224519729614,1.0,0.026000000536441803,0.0020000000949949026,0.024000000208616257,0.999,0.7461009593577953,1.62312008062863,0.19281677253725293,0.37789282015197795,1.261211470439809,2.5480104501411134,0.5273471125742765,0.20745891134428712,0.1311582699418068,0.06884252652525902,251.2554967782349,0.14847750961780548,0.2809462249279022,0.4228304624557495,0.08886481076478958,0.03528531640768051,0.3213850259780884,0.5175600647926331,0.5608323216438293,0.9606775045394897,0.9759999997913837,0.5050612909621314
bounding,2,action_space,-1.0,2.5999999046325684,0.0,0.5,1.0,0.11999999731779099,-1.0,0.3400000035762787,-1.0,-0.03999999910593033,stepping_stones_easy_bound_highspeed,stepping_stones_easy,2.0,bounding,1000,0.6232751607894897,0.6232751607894897,1.2244648933410645,0.7765548229217529,0.15725184977054596,0.48221659660339355,1.5215733051300049,0.15725184977054596,0.044690292328596115,0.2401379495859146,0.12422190606594086,0.9374082088470459,1.6127262115478516,2.114561080932617,6.625987529754639,0.48221659660339355,0.6149304509162903,0.03803952783346176,0.010050507262349129,0.5735199451446533,0.20647965371608734,333.9225769042969,246.52728271484375,34.68064498901367,65.42236328125,402.7218933105469,0.10287652909755707,0.109416663646698,0.7944152355194092,2.7619481086730957,0.9890000224113464,0.02448929473757744,0.04000015929341316,2.613163471221924,0.5,0.11999969929456711,0.3413160443305969,-0.038682907819747925,0.31411629915237427,0.44605398178100586,0.5379277467727661,0.13440430164337158,0.3139994144439697,0.5975784063339233,0.34231239557266235,0.5186904072761536,0.488768607378006,0.36971336603164673,1.0,0.9809775352478027,0.9633222222328186,0.06257204711437225,0.14093661308288574,1.0,0.02199999988079071,0.0020000000949949026,0.020000001415610313,0.989,0.803250982980757,1.671127491221822,0.21140078601697798,0.3524512818333065,1.2699315775063835,2.5740993628363764,0.7841750129379859,0.21929440279179696,0.12244647368788719,0.07755432277917862,272.70898391636086,0.08962243050336838,0.09775134176015854,0.3822040259838104,0.08933347463607788,0.01608942821621895,0.3175754249095917,0.49749648571014404,0.578635036945343,0.9633222222328186,0.9799999985843897,0.4902791119131603
bounding,2,action_space,-1.0,2.5999999046325684,0.0,0.5,1.0,0.11999999731779099,-1.0,0.3400000035762787,0.0,0.0,stepping_stones_easy_bound_highspeed,stepping_stones_easy,2.0,bounding,1000,0.6467872858047485,0.6467872858047485,1.2904059886932373,0.7108466625213623,0.14260119199752808,0.35269439220428467,1.3711318969726562,0.14260119199752808,0.03433708846569061,0.24814650416374207,0.145570307970047,0.8602452278137207,1.2764976024627686,2.1036596298217773,6.381596565246582,0.35269439220428467,0.2727881968021393,0.03511267900466919,0.006369517184793949,0.5602978467941284,0.1789204478263855,329.23138427734375,241.00790405273438,34.272544860839844,65.59111022949219,356.92510986328125,0.10290247201919556,0.1001666709780693,0.7509018182754517,2.6112051010131836,1.003999948501587,0.02580810897052288,0.04000015929341316,2.6164326667785645,0.5,0.11999969929456711,0.34164315462112427,0.0,0.3535098433494568,0.491563081741333,0.5781239867210388,0.12247133255004883,0.3360469937324524,0.6489685773849487,0.36375680565834045,0.5296623706817627,0.5104869604110718,0.3798976540565491,1.0,0.9757895469665527,0.9579557180404663,0.12306763231754303,0.21469520032405853,0.9998000264167786,0.02800000086426735,0.004999999888241291,0.023000001907348633,1.004,0.7479100930263322,1.6127001046302678,0.18530269416738282,0.381536771452041,1.1298219339625022,2.526182211410448,0.5222912949706698,0.20367178545263243,0.1290405448526144,0.07096025161445141,255.13783038991346,0.13249480724334717,0.288248211145401,0.43620458245277405,0.1277252584695816,0.027920085936784744,0.32608547806739807,0.5219411849975586,0.6060254573822021,0.9579557180404663,0.9769999980926514,0.515835164016799
bounding,2,action_space,-1.0,2.5999999046325684,0.0,0.5,1.0,0.11999999731779099,-1.0,0.3400000035762787,1.0,0.03999999910593033,stepping_stones_easy_bound_highspeed,stepping_stones_easy,2.0,bounding,1000,0.6335524320602417,0.6335524320602417,1.3261950016021729,0.6764621734619141,0.13193660974502563,0.35504764318466187,1.6524790525436401,0.13193660974502563,0.030217599123716354,0.23791547119617462,0.1296045184135437,0.8472669124603271,1.27213716506958,2.0976009368896484,6.414630889892578,0.35504764318466187,0.25015151500701904,0.03496935963630676,0.005652208346873522,0.5563110709190369,0.18119138479232788,321.9776306152344,231.9957733154297,35.126277923583984,66.80857849121094,326.2905578613281,0.10153840482234955,0.11316666007041931,0.7160487771034241,2.4655771255493164,0.9930000305175781,0.02652389369904995,0.04000015929341316,2.616182804107666,0.5,0.11999969929456711,0.3416181206703186,0.03838111460208893,0.36587125062942505,0.49703145027160645,0.5785833597183228,0.127526193857193,0.3354651927947998,0.6553951501846313,0.3115195035934448,0.539108157157898,0.5182710886001587,0.38137227296829224,1.0,0.9766541719436646,0.9549810886383057,0.06754574179649353,0.1638609766960144,0.9998000264167786,0.027000000700354576,0.007000000216066837,0.020000001415610313,0.993,0.7210964421851397,1.5757404143485625,0.17383210038343422,0.36000627551966885,1.1278905820466718,2.532712160884568,0.5001514920571757,0.20154792974173733,0.13261946849524975,0.06738132797181606,242.78302227519634,0.16034872829914093,0.2834872007369995,0.44377776980400085,0.10468170046806335,0.02668035589158535,0.32869595289230347,0.5375468134880066,0.5678867101669312,0.9549810886383057,0.9799999985843897,0.5160821708605478
bounding,2,action_space,-1.0,2.5999999046325684,0.0,0.5,1.0,0.11999999731779099,0.0,0.3799999952316284,-1.0,-0.03999999910593033,stepping_stones_easy_bound_highspeed,stepping_stones_easy,2.0,bounding,1000,0.635973334312439,0.635973334312439,1.2514960765838623,0.750871479511261,0.14731299877166748,0.42144590616226196,1.4686963558197021,0.14731299877166748,0.03801475092768669,0.26122012734413147,0.1537150740623474,0.9780001640319824,2.072942018508911,2.1366758346557617,6.737335205078125,0.42144590616226196,0.3974094092845917,0.039817146956920624,0.014871425926685333,0.5898873209953308,0.22985276579856873,351.4388122558594,258.4161071777344,34.78557586669922,65.22008514404297,671.0237426757812,0.10465990006923676,0.09849999845027924,0.7463329434394836,2.532536506652832,0.9940000772476196,0.025029929354786873,0.04000015929341316,2.6165761947631836,0.5,0.11999969929456711,0.3800007998943329,-0.03834177553653717,0.3265960216522217,0.45079106092453003,0.5571422576904297,0.1295199692249298,0.3188706338405609,0.6039122343063354,0.3238350749015808,0.512267529964447,0.5030174255371094,0.36855974793434143,1.0,0.9757895469665527,0.9575361013412476,0.12338609993457794,0.21547643840312958,0.9991999864578247,0.02800000086426735,0.00800000037997961,0.020000001415610313,0.994,0.7508379132215166,1.5961902508329797,0.19497371855633952,0.3920651400754056,1.4397715160777806,2.5956377260854655,0.6304041634416699,0.2338558805837603,0.12514964677393436,0.07485114969313145,280.81495326390626,0.10484923422336578,0.169285848736763,0.33495086431503296,0.1076369509100914,0.010081477463245392,0.30734798312187195,0.5289000272750854,0.6110967397689819,0.9575361013412476,0.9799999985843897,0.4988920003371804
bounding,2,action_space,-1.0,2.5999999046325684,0.0,0.5,1.0,0.11999999731779099,0.0,0.3799999952316284,0.0,0.0,stepping_stones_easy_bound_highspeed,stepping_stones_easy,2.0,bounding,1000,0.6525430679321289,0.6525430679321289,1.238760232925415,0.7648844718933105,0.15006664395332336,0.4495354890823364,1.675502061843872,0.15006664395332336,0.039807017892599106,0.25517737865448,0.14053577184677124,0.982819676399231,1.987570881843567,2.176938056945801,6.7877397537231445,0.4495354890823364,0.5184464454650879,0.04538629576563835,0.009928400628268719,0.5934424996376038,0.21798330545425415,348.74798583984375,255.4539794921875,34.29228973388672,64.83552551269531,438.46136474609375,0.10739690810441971,0.09933333098888397,0.7269790172576904,2.6263251304626465,0.9690000414848328,0.02477521449327469,0.04000015929341316,2.613922595977783,0.5,0.11999969929456711,0.3800007998943329,0.0,0.35470789670944214,0.45381689071655273,0.5420621037483215,0.11735060811042786,0.3141065537929535,0.6064647436141968,0.28051212430000305,0.4968491494655609,0.488805890083313,0.3598560094833374,1.0,0.9801129102706909,0.9686838388442993,0.23178786039352417,0.30167531967163086,0.9994000196456909,0.023000001907348633,0.004999999888241291,0.018000001087784767,0.969,0.7502363301406089,1.646312825314542,0.19951696141581324,0.37488101025094783,1.4098123569622898,2.6053291066049877,0.7200322530727966,0.23519076596224409,0.12387607246637344,0.07612472400069237,281.5298526465062,0.09630904346704483,0.132546529173851,0.33078259229660034,0.08444604277610779,0.012782658450305462,0.3051703870296478,0.507841169834137,0.608555793762207,0.9686838388442993,0.9819999989122152,0.4920031525390714
bounding,2,action_space,-1.0,2.5999999046325684,0.0,0.5,1.0,0.11999999731779099,0.0,0.3799999952316284,1.0,0.03999999910593033,stepping_stones_easy_bound_highspeed,stepping_stones_easy,2.0,bounding,1000,0.6445660591125488,0.6445660591125488,1.2618991136550903,0.7414146065711975,0.1475016325712204,0.4191173017024994,1.2495181560516357,0.1475016325712204,0.037813976407051086,0.27116990089416504,0.16167235374450684,0.9683675765991211,1.9170055389404297,2.097348928451538,6.396381378173828,0.4191173017024994,0.4308159053325653,0.04823160171508789,0.0127030648291111,0.5739474296569824,0.18903756141662598,339.15960693359375,247.79605102539062,34.169105529785156,64.48123931884766,353.25506591796875,0.10762137174606323,0.1080833375453949,0.6651149392127991,2.345757007598877,0.9780000448226929,0.025237971916794777,0.04000015929341316,2.6161937713623047,0.5,0.11999969929456711,0.3800007998943329,0.03838001564145088,0.35763975977897644,0.4745137691497803,0.5497055053710938,0.12668728828430176,0.32028859853744507,0.6244434118270874,0.36568915843963623,0.4961323142051697,0.5034339427947998,0.37061187624931335,1.0,0.9766541719436646,0.9589517116546631,0.1224781721830368,0.2137925624847412,0.9994000196456909,0.027000000700354576,0.003000000026077032,0.024000000208616257,0.978,0.6800765523149923,1.5487170889987538,0.19445816107083572,0.40208500810712505,1.384559691360553,2.5291068340767713,0.6563656795815617,0.2468494815554592,0.12618985958397388,0.07381093688309193,268.76919340343943,0.11093814671039581,0.17263200879096985,0.29561617970466614,0.13455292582511902,0.022805552929639816,0.3173040449619293,0.5490140914916992,0.582505464553833,0.9589517116546631,0.9759999997913837,0.4954336722822566
bounding,2,action_space,-1.0,2.5999999046325684,0.0,0.5,1.0,0.11999999731779099,1.0,0.3799999952316284,-1.0,-0.03999999910593033,stepping_stones_easy_bound_highspeed,stepping_stones_easy,2.0,bounding,1000,0.6347560882568359,0.6347560882568359,1.2932065725326538,0.7096260190010071,0.13971233367919922,0.3995247781276703,1.3877686262130737,0.13971233367919922,0.03255213797092438,0.2489999383687973,0.13301260769367218,0.9418718814849854,1.7560935020446777,2.1160154342651367,6.557722091674805,0.3995247781276703,0.3980052173137665,0.03920475021004677,0.01076250709593296,0.5725376009941101,0.20021429657936096,337.09747314453125,244.3048095703125,35.52413558959961,66.82554626464844,546.79541015625,0.1046644002199173,0.10558333992958069,0.816459596157074,2.8469693660736084,0.9940000772476196,0.025864139199256897,0.04000015929341316,2.6143929958343506,0.5,0.11999969929456711,0.3800007998943329,-0.03856001794338226,0.3771864175796509,0.47650283575057983,0.5612665414810181,0.1273122876882553,0.33096829056739807,0.6346480846405029,0.3394806385040283,0.5171891450881958,0.498366117477417,0.3681327998638153,1.0,0.9792481660842896,0.9599826335906982,0.06457613408565521,0.150229811668396,1.0,0.024000000208616257,0.004999999888241291,0.01900000125169754,0.994,0.8213878608565455,1.692381210974884,0.18042211053782842,0.3647089355824343,1.325176781431322,2.5608049694724517,0.6308765468090937,0.2235335708701933,0.12932069599628448,0.07068010047078133,260.6679244479477,0.13341692090034485,0.20266509056091309,0.3681204319000244,0.1301833540201187,0.018237309530377388,0.3181999921798706,0.4886843264102936,0.5898324847221375,0.9599826335906982,0.9809999987483025,0.5035920774466113
bounding,2,action_space,-1.0,2.5999999046325684,0.0,0.5,1.0,0.11999999731779099,1.0,0.3799999952316284,0.0,0.0,stepping_stones_easy_bound_highspeed,stepping_stones_easy,2.0,bounding,1000,0.6403976082801819,0.6403976082801819,1.2732961177825928,0.7294228076934814,0.15783479809761047,0.4277344346046448,1.6074507236480713,0.15783479809761047,0.043833836913108826,0.24100716412067413,0.12766945362091064,0.9230368137359619,1.9089103937149048,2.0420026779174805,6.178883075714111,0.4277344346046448,0.5269919633865356,0.03500901162624359,0.010659890249371529,0.5814954042434692,0.1902981400489807,342.403076171875,254.1322479248047,34.62691879272461,66.09598541259766,513.3042602539062,0.10244559496641159,0.10724999010562897,0.8082062005996704,2.8278720378875732,0.9970000982284546,0.025465911254286766,0.04000015929341316,2.6155834197998047,0.5,0.11999969929456711,0.3800007998943329,0.0,0.365079402923584,0.483212947845459,0.5639667510986328,0.1314428448677063,0.32755231857299805,0.6362898349761963,0.3045504689216614,0.5222331285476685,0.5040396451950073,0.3694917559623718,1.0,0.9775188565254211,0.960472583770752,0.12129123508930206,0.20915839076042175,0.9998000264167786,0.026000000536441803,0.004000000189989805,0.02199999988079071,0.997,0.8106380910309052,1.6841559351658513,0.20936531927019056,0.3573086251700491,1.3816332341525752,2.485735922360642,0.7259421212373172,0.21370283544121524,0.12732955627143383,0.07267124019563198,268.9107988235759,0.11904775351285934,0.1604829728603363,0.40116676688194275,0.08339828252792358,0.02223777584731579,0.31255000829696655,0.492089182138443,0.5849376916885376,0.960472583770752,0.9780000001192093,0.49762944641866186
bounding,2,action_space,-1.0,2.5999999046325684,0.0,0.5,1.0,0.11999999731779099,1.0,0.3799999952316284,1.0,0.03999999910593033,stepping_stones_easy_bound_highspeed,stepping_stones_easy,2.0,bounding,1000,0.6318358778953552,0.6318358778953552,1.3029990196228027,0.7008618116378784,0.14463219046592712,0.42513149976730347,1.4725127220153809,0.14463219046592712,0.0357622429728508,0.24696171283721924,0.13478100299835205,0.9013921022415161,1.4342358112335205,2.123718738555908,6.617132186889648,0.42513149976730347,0.43901288509368896,0.03851110488176346,0.008332682773470879,0.5845572352409363,0.2339002788066864,348.31561279296875,255.66140747070312,34.525875091552734,65.80695343017578,486.92926025390625,0.10324373841285706,0.10750000178813934,0.8322598934173584,2.984752655029297,0.9890000820159912,0.026059981435537338,0.04000015929341316,2.614393472671509,0.5,0.11999969929456711,0.3800007998943329,0.03855998441576958,0.38049405813217163,0.45837512612342834,0.5555070638656616,0.1211090236902237,0.3250795304775238,0.6157242059707642,0.3184894621372223,0.5107553005218506,0.49378588795661926,0.3662760853767395,1.0,0.9792481660842896,0.9599826335906982,0.06457655131816864,0.1502324938774109,0.9998000264167786,0.024000000208616257,0.005000000353902578,0.01900000125169754,0.989,0.8415165699649267,1.7372247667467884,0.18910907691819237,0.36712532328668374,1.1975958463661773,2.572378702075114,0.6625804744283437,0.21643425712034206,0.1302999071776867,0.06970088928937912,267.3183997435397,0.140179842710495,0.16408544778823853,0.39185017347335815,0.11216800659894943,0.009297537617385387,0.31064191460609436,0.47025159001350403,0.5842069387435913,0.9599826335906982,0.9809999987483025,0.5024164679803347
bounding,2,action_space,0.0,3.0,0.0,0.5,-1.0,0.08999999612569809,-1.0,0.3400000035762787,-1.0,-0.03999999910593033,stepping_stones_easy_bound_highspeed,stepping_stones_easy,2.0,bounding,1000,0.6026915311813354,0.6026915311813354,1.1690351963043213,0.8351370096206665,0.15536311268806458,0.5543800592422485,1.5226850509643555,0.15536311268806458,0.04211144149303436,0.2578585743904114,0.13841047883033752,1.0906496047973633,2.917698383331299,2.0339584350585938,6.095104217529297,0.5543800592422485,0.6773493885993958,0.044665656983852386,0.018214326351881027,0.6384317874908447,0.23921582102775574,378.24676513671875,284.9273376464844,33.072444915771484,64.25254821777344,487.0274963378906,0.1038772463798523,0.11349999904632568,0.7385941743850708,2.6392643451690674,1.055999994277954,0.023380696773529053,0.04000015929341316,3.000000238418579,0.5,0.09102185815572739,0.3413616120815277,-0.03863752633333206,0.33463433384895325,0.3870686888694763,0.5580533742904663,0.1306755542755127,0.324778288602829,0.5362994074821472,0.3014686107635498,0.5019778609275818,0.48920321464538574,0.33853116631507874,0.6377733945846558,0.9801129102706909,0.9651193022727966,0.11755618453025818,0.1932556927204132,0.9994000196456909,0.023000001907348633,0.0020000000949949026,0.021000001579523087,1.056,0.6994262464118727,1.5809184615172744,0.20521072460530507,0.372035588123418,1.70812715666349,2.468826485909712,0.823012386662191,0.25075881507084335,0.11690348386764526,0.08309731259942055,323.55464260825744,0.06143256649374962,0.046264857053756714,0.2843357026576996,0.09395738691091537,0.008359835483133793,0.27891072630882263,0.5353546738624573,0.5669410228729248,0.9651193022727966,0.9789999984204769,0.4747245870530606
bounding,2,action_space,0.0,3.0,0.0,0.5,-1.0,0.08999999612569809,-1.0,0.3400000035762787,0.0,0.0,stepping_stones_easy_bound_highspeed,stepping_stones_easy,2.0,bounding,1000,0.6250319480895996,0.6250319480895996,1.1601392030715942,0.8445149660110474,0.17249330878257751,0.5392826795578003,1.3392539024353027,0.17249330878257751,0.05340999364852905,0.25543874502182007,0.14404356479644775,1.0986549854278564,2.857527732849121,2.0346360206604004,6.252070903778076,0.5392826795578003,0.6386871337890625,0.04741749167442322,0.017208408564329147,0.6345993280410767,0.24196204543113708,379.5990295410156,285.80535888671875,34.15550994873047,65.95890045166016,618.7583618164062,0.10097920149564743,0.11674999445676804,0.8234649300575256,2.8485097885131836,1.068000078201294,0.02320277690887451,0.04000015929341316,3.000000238418579,0.5,0.09103459119796753,0.34137842059135437,0.0,0.3230138123035431,0.40612176060676575,0.5582703948020935,0.1334555298089981,0.3163037896156311,0.5570988655090332,0.3302278518676758,0.5090733170509338,0.47692734003067017,0.3420729637145996,0.6379324197769165,0.9801128506660461,0.9687351584434509,0.23155134916305542,0.2997540235519409,0.9998000264167786,0.023000001907348633,0.0010000000474974513,0.02199999988079071,1.068,0.7710345550422811,1.6331392306561667,0.23110602252760323,0.3795307165387905,1.6904223533925244,2.5004141464521585,0.7991790373809003,0.25421624699997514,0.11601388454437256,0.08398691192269325,327.20127768804474,0.057681310921907425,0.054570697247982025,0.2745785117149353,0.09004427492618561,0.007913057692348957,0.2810567617416382,0.5133558511734009,0.5578027367591858,0.9687351584434509,0.9780000001192093,0.46843863082559484
bounding,2,action_space,0.0,3.0,0.0,0.5,-1.0,0.08999999612569809,-1.0,0.3400000035762787,1.0,0.03999999910593033,stepping_stones_easy_bound_highspeed,stepping_stones_easy,2.0,bounding,1000,0.605907678604126,0.605907678604126,1.1849379539489746,0.8184995651245117,0.15943406522274017,0.5045009851455688,1.6493725776672363,0.15943406522274017,0.044845014810562134,0.24349594116210938,0.13572275638580322,1.0862340927124023,2.8754758834838867,1.9313219785690308,5.553990364074707,0.5045009851455688,0.5444476008415222,0.04075196385383606,0.01483557652682066,0.6390292048454285,0.2894185185432434,387.87725830078125,292.630615234375,33.02154541015625,63.13660430908203,258.8786315917969,0.10513980686664581,0.12033332884311676,0.7892577648162842,2.6707568168640137,1.0510001182556152,0.023698749020695686,0.04000015929341316,3.000000238418579,0.5,0.09111489355564117,0.3414857089519501,0.03851347416639328,0.33883821964263916,0.4025958776473999,0.5839323401451111,0.13502883911132812,0.3206425905227661,0.555256724357605,0.2928319573402405,0.5332157611846924,0.4937184453010559,0.346622109413147,0.6389362812042236,0.9783835411071777,0.9620305299758911,0.11996796727180481,0.20315024256706238,0.9995999932289124,0.02500000037252903,0.0010000000474974513,0.024000000208616257,1.051,0.7509587920358587,1.5941009342927852,0.21176641568143456,0.3684056953764467,1.695722820358294,2.356690553312994,0.7378669262418002,0.23577010069272294,0.11849374510347843,0.08150705136358738,327.33972020064425,0.06857918947935104,0.07845637947320938,0.32898247241973877,0.07837323844432831,0.0030629702378064394,0.27857765555381775,0.5297821164131165,0.5478977560997009,0.9620305299758911,0.9759999997913837,0.474641755811478
bounding,2,action_space,0.0,3.0,0.0,0.5,-1.0,0.08999999612569809,0.0,0.3799999952316284,-1.0,-0.03999999910593033,stepping_stones_easy_bound_highspeed,stepping_stones_easy,2.0,bounding,1000,0.6174415349960327,0.6174415349960327,1.1429107189178467,0.8601154088973999,0.1740042269229889,0.5824620127677917,1.522019624710083,0.1740042269229889,0.05165152996778488,0.2602209150791168,0.14158791303634644,1.1028246879577637,2.8618030548095703,1.973362922668457,5.766720771789551,0.5824620127677917,0.7394052743911743,0.044589389115571976,0.02503281459212303,0.6687641143798828,0.2986551821231842,385.07122802734375,290.70684814453125,33.392250061035156,63.300926208496094,417.53607177734375,0.10672307014465332,0.11908334493637085,0.7825602889060974,2.731694221496582,1.0480000972747803,0.02285822108387947,0.04000015929341316,3.000000238418579,0.5,0.09106367826461792,0.3800007998943329,-0.038581766188144684,0.3236321210861206,0.37133848667144775,0.5612618923187256,0.13433650135993958,0.3051795959472656,0.5190750360488892,0.26666682958602905,0.49418914318084717,0.4784572124481201,0.33160698413848877,0.6382961273193359,0.9792481660842896,0.9675149917602539,0.23244741559028625,0.30139482021331787,0.9992000460624695,0.024000000208616257,0.003000000026077032,0.021000001579523087,1.048,0.7467177878809339,1.6144901872807587,0.22726972954572036,0.37628169373003845,1.6916864528657698,2.4013997526004602,0.8598867799839548,0.2638601972782083,0.11429110541939735,0.08570969104766846,336.92152996162685,0.051860690116882324,0.033620480448007584,0.24846728146076202,0.07768833637237549,0.0025463264901190996,0.26249369978904724,0.5211879014968872,0.5513327717781067,0.9675149917602539,0.9789999984204769,0.4624121881237156
bounding,2,action_space,0.0,3.0,0.0,0.5,-1.0,0.08999999612569809,0.0,0.3799999952316284,0.0,0.0,stepping_stones_easy_bound_highspeed,stepping_stones_easy,2.0,bounding,1000,0.669743001461029,0.669743001461029,1.158678650856018,0.8428167700767517,0.1653774231672287,0.5200350284576416,1.516837477684021,0.1653774231672287,0.04858376458287239,0.25167202949523926,0.1365148425102234,1.1116693019866943,3.5145978927612305,1.9661359786987305,5.672482490539551,0.5200350284576416,0.6118871569633484,0.037934813648462296,0.021815983578562737,0.6221455931663513,0.24469055235385895,369.6651916503906,274.9051818847656,33.466583251953125,65.05534362792969,445.39752197265625,0.10109540820121765,0.12341664731502533,0.8135965466499329,2.7862548828125,1.0770000219345093,0.02317357249557972,0.04000015929341316,3.000000238418579,0.5,0.0910799503326416,0.3800007998943329,0.0,0.33878159523010254,0.4206748604774475,0.578192949295044,0.13226071000099182,0.3300337493419647,0.5629938840866089,0.3162359297275543,0.5140513181686401,0.4959944486618042,0.3513633608818054,0.6384994387626648,0.9792481660842896,0.9716156125068665,0.4757706820964813,0.5248913168907166,0.9994000196456909,0.024000000208616257,0.003000000026077032,0.021000001579523087,1.077,0.7554285019331767,1.608431428687891,0.22041725110088908,0.3694791503051605,1.8747260847284413,2.3816973969292468,0.7822321630841756,0.24443976195992548,0.1158678624778986,0.08413293398916721,319.0403062810266,0.05834624171257019,0.06691284477710724,0.30269914865493774,0.08303336799144745,0.007492811419069767,0.2881450653076172,0.523738443851471,0.5395157933235168,0.9716156125068665,0.9789999984204769,0.4693085266963432
bounding,2,action_space,0.0,3.0,0.0,0.5,-1.0,0.08999999612569809,0.0,0.3799999952316284,1.0,0.03999999910593033,stepping_stones_easy_bound_highspeed,stepping_stones_easy,2.0,bounding,1000,0.6357327699661255,0.6357327699661255,1.2645723819732666,0.7401568293571472,0.16304942965507507,0.4736611843109131,1.4158165454864502,0.16304942965507507,0.047039784491062164,0.2552964687347412,0.14157319068908691,0.988669753074646,2.168203830718994,1.9411019086837769,5.428449630737305,0.4736611843109131,0.512128472328186,0.037264131009578705,0.011684536933898926,0.6155397891998291,0.23426151275634766,361.5845947265625,270.33056640625,33.88996505737305,65.32113647460938,400.202880859375,0.09855397045612335,0.1277499943971634,0.8003694415092468,2.7451796531677246,1.1070001125335693,0.02529143914580345,0.04000015929341316,3.000000238418579,0.5,0.09112260490655899,0.3800007998943329,0.038503166288137436,0.37696266174316406,0.41999924182891846,0.6012270450592041,0.13359832763671875,0.331531286239624,0.5740138292312622,0.32313108444213867,0.504718005657196,0.48117321729660034,0.35359299182891846,0.6390329599380493,0.978383481502533,0.9660282135009766,0.2340843379497528,0.3078359365463257,0.9994000196456909,0.02500000037252903,0.003000000026077032,0.02199999988079071,1.107,0.7230075743140244,1.574749788232062,0.21688657056411345,0.37626213028829636,1.472482200476119,2.3299033522310113,0.7156315199375906,0.22124345853262561,0.12645719572901726,0.07354360073804855,285.9342809324508,0.11176816374063492,0.10608134418725967,0.37569659948349,0.09474064409732819,0.00923060905188322,0.291977196931839,0.5379663705825806,0.5279519557952881,0.9660282135009766,0.9780000001192093,0.4888792967325763
bounding,2,action_space,0.0,3.0,0.0,0.5,-1.0,0.08999999612569809,1.0,0.3799999952316284,-1.0,-0.03999999910593033,stepping_stones_easy_bound_highspeed,stepping_stones_easy,2.0,bounding,1000,0.5949068069458008,0.5949068069458008,1.1276795864105225,0.8783990144729614,0.1732754409313202,0.5816501379013062,1.6628706455230713,0.1732754409313202,0.05120145156979561,0.26698076725006104,0.15650248527526855,1.195364236831665,3.810542106628418,2.03348970413208,6.125818252563477,0.5816501379013062,0.7396330237388611,0.04612638056278229,0.02918933518230915,0.704953670501709,0.2793366611003876,428.650390625,323.9803771972656,33.20575714111328,64.91881561279297,599.935791015625,0.11090226471424103,0.12216665595769882,0.8642981052398682,3.125007152557373,1.027999997138977,0.022553585469722748,0.04000015929341316,3.000000238418579,0.5,0.09104454517364502,0.3800007998943329,-0.03860726207494736,0.347048819065094,0.3715612292289734,0.5412567853927612,0.13010981678962708,0.31458795070648193,0.5181052684783936,0.22804571688175201,0.4902358651161194,0.48309940099716187,0.32146501541137695,0.6380569934844971,0.9792481660842896,0.9641119837760925,0.1182180717587471,0.19478052854537964,0.9991999864578247,0.024000000208616257,0.004000000189989805,0.019999999552965164,1.028,0.8407569024349465,1.7435280771235147,0.22627737750335453,0.3956039500248557,1.952060989474565,2.4750390406140013,0.8600191996338576,0.2744370888657206,0.11276792734861374,0.08723286911845207,380.11718558231786,0.0456688329577446,0.03393973037600517,0.2217256873846054,0.06809172034263611,0.003747248789295554,0.24416591227054596,0.46767929196357727,0.5428982973098755,0.9641119837760925,0.9800000004470348,0.44974803336356817
bounding,2,action_space,0.0,3.0,0.0,0.5,-1.0,0.08999999612569809,1.0,0.3799999952316284,0.0,0.0,stepping_stones_easy_bound_highspeed,stepping_stones_easy,2.0,bounding,1000,0.6186543703079224,0.6186543703079224,1.1595532894134521,0.8441979885101318,0.17472581565380096,0.5503032207489014,1.5591378211975098,0.17472581565380096,0.05509769171476364,0.25692546367645264,0.13723495602607727,1.1464881896972656,3.426985740661621,2.0065817832946777,6.021696090698242,0.5503032207489014,0.6683647632598877,0.04736899584531784,0.020374054089188576,0.6309117674827576,0.2618846297264099,372.42431640625,282.2198181152344,33.34339904785156,64.65807342529297,497.82562255859375,0.10485835373401642,0.11091665923595428,0.765948474407196,2.5115714073181152,1.0870001316070557,0.023191070184111595,0.04000015929341316,3.000000238418579,0.5,0.09098997712135315,0.3800007998943329,0.0,0.3294681906700134,0.3863362669944763,0.5571632981300354,0.13414496183395386,0.32892632484436035,0.5341917276382446,0.2726825475692749,0.49682119488716125,0.47837549448013306,0.34218746423721313,0.6373748779296875,0.9809775352478027,0.9700944423675537,0.23027020692825317,0.29555544257164,0.9996000528335571,0.02199999988079071,0.006000000052154064,0.01600000075995922,1.087,0.7046443654949115,1.5200503819975664,0.2347289750217549,0.3704523667437924,1.8512119653517858,2.4539144424160844,0.8175357871432221,0.2602749506473998,0.11595535092055798,0.08404544554650784,321.1791297618042,0.05780493840575218,0.04839608818292618,0.25798314809799194,0.06987190991640091,0.005312499590218067,0.2831372320652008,0.56122225522995,0.5743114948272705,0.9700944423675537,0.9839999992400408,0.4741178767657594
bounding,2,action_space,0.0,3.0,0.0,0.5,-1.0,0.08999999612569809,1.0,0.3799999952316284,1.0,0.03999999910593033,stepping_stones_easy_bound_highspeed,stepping_stones_easy,2.0,bounding,1000,0.6114742159843445,0.6114742159843445,1.2568563222885132,0.7471187114715576,0.1599309742450714,0.4654427766799927,1.6082490682601929,0.1599309742450714,0.04524526000022888,0.24650070071220398,0.1376890391111374,0.9344774484634399,1.8510921001434326,2.0184121131896973,5.987033843994141,0.4654427766799927,0.5285974740982056,0.044552650302648544,0.012227616272866726,0.6074330806732178,0.253143846988678,357.28265380859375,269.5189208984375,33.686866760253906,64.37728881835938,346.1680603027344,0.09921400249004364,0.12599998712539673,0.8175070881843567,2.7540156841278076,1.0910000801086426,0.02513711526989937,0.04000015929341316,3.000000238418579,0.5,0.0911254733800888,0.3800007998943329,0.0384993702173233,0.36200881004333496,0.4218888282775879,0.5934553146362305,0.13377970457077026,0.34894442558288574,0.5786606073379517,0.3019907474517822,0.5280131101608276,0.4937535226345062,0.3594970107078552,0.639068603515625,0.9783835411071777,0.961991548538208,0.12013301253318787,0.20473529398441315,0.9996000528335571,0.02500000037252903,0.003000000026077032,0.02199999988079071,1.091,0.7493190468177131,1.5888058296258165,0.21270933218885552,0.3710647370892812,1.3605484556396485,2.446841605824566,0.7270470920774015,0.2382861023549533,0.12568557634949684,0.07431522011756897,284.2669026464737,0.10723362863063812,0.11459287256002426,0.3212276101112366,0.0810123011469841,0.006327331531792879,0.2967497408390045,0.5320190787315369,0.5325918197631836,0.961991548538208,0.9780000001192093,0.48110201131356395
bounding,2,action_space,0.0,3.0,0.0,0.5,0.0,0.11999999731779099,-1.0,0.3400000035762787,-1.0,-0.03999999910593033,stepping_stones_easy_bound_highspeed,stepping_stones_easy,2.0,bounding,1000,0.6533908843994141,0.6533908843994141,1.2194898128509521,0.7882410287857056,0.1653103083372116,0.5152503252029419,1.6044434309005737,0.1653103083372116,0.04810355231165886,0.2654293179512024,0.1505853831768036,0.9768291711807251,1.9526885747909546,1.9939525127410889,5.796754837036133,0.5152503252029419,0.5941877365112305,0.045754946768283844,0.011318249627947807,0.6231821775436401,0.2383136749267578,375.68475341796875,285.8752136230469,33.415130615234375,64.66464233398438,324.7241516113281,0.10618804395198822,0.11558333039283752,0.8596944808959961,3.032198905944824,1.0850000381469727,0.024389803409576416,0.04000015929341316,3.000000238418579,0.5,0.11999969929456711,0.3414151072502136,-0.038584012538194656,0.35138368606567383,0.4088975191116333,0.5802059769630432,0.1315196454524994,0.32660454511642456,0.556887149810791,0.2789803743362427,0.4938814342021942,0.4788820743560791,0.3489707410335541,1.0,0.9801129102706909,0.9683699607849121,0.23227733373641968,0.30327174067497253,0.9996000528335571,0.023000001907348633,0.004000000189989805,0.01900000125169754,1.085,0.7923451225878456,1.6717216298789999,0.21932522041858035,0.3880533251716877,1.3973863369844985,2.407645081201989,0.7708357389945217,0.23889997152831904,0.12194901704788208,0.07805177941918373,308.0671519015678,0.08330091089010239,0.07031086087226868,0.3193511962890625,0.07680277526378632,0.0085120415315032,0.28754833340644836,0.4972495436668396,0.5610660910606384,0.9683699607849121,0.9809999987483025,0.4770598270391163
bounding,2,action_space,0.0,3.0,0.0,0.5,0.0,0.11999999731779099,-1.0,0.3400000035762787,0.0,0.0,stepping_stones_easy_bound_highspeed,stepping_stones_easy,2.0,bounding,1000,0.6953209638595581,0.6953209638595581,1.1934611797332764,0.810491144657135,0.1612735092639923,0.5073907375335693,1.503709077835083,0.1612735092639923,0.04585017263889313,0.23748427629470825,0.12306783348321915,0.9827812910079956,2.2259960174560547,2.032097816467285,5.987708568572998,0.5073907375335693,0.569808840751648,0.04954206570982933,0.014553992077708244,0.6243770122528076,0.2335101068019867,375.3841552734375,284.8199462890625,34.00046920776367,65.77163696289062,430.0692138671875,0.10977236181497574,0.1028333455324173,0.8548533320426941,3.0971803665161133,1.0910000801086426,0.023869236931204796,0.04000015929341316,3.000000238418579,0.5,0.11999969929456711,0.3413599133491516,0.0,0.3307396173477173,0.42254936695098877,0.5698667764663696,0.12776413559913635,0.33380597829818726,0.5689859390258789,0.3135278820991516,0.5335954427719116,0.4970669150352478,0.3511810302734375,1.0,0.9801129102706909,0.972868025302887,0.47431623935699463,0.52001953125,0.9998000264167786,0.023000001907348633,0.009999999776482582,0.013000000268220901,1.091,0.7835502030104262,1.6848873129563786,0.2141265341775585,0.35081025281941114,1.4919772174721888,2.446979478576189,0.7548568346061708,0.253171992502207,0.11934618465602398,0.08065461181104183,314.53403063963185,0.07225284725427628,0.07619544863700867,0.2775036692619324,0.08885828405618668,0.009370374493300915,0.28686198592185974,0.4917861521244049,0.5979986786842346,0.972868025302887,0.9869999997317791,0.4788920944066425
bounding,2,action_space,0.0,3.0,0.0,0.5,0.0,0.11999999731779099,-1.0,0.3400000035762787,1.0,0.03999999910593033,stepping_stones_easy_bound_highspeed,stepping_stones_easy,2.0,bounding,1000,0.6657374501228333,0.6657374501228333,1.2224862575531006,0.7823779582977295,0.1580614149570465,0.4322565197944641,1.281660795211792,0.1580614149570465,0.04370282217860222,0.25878703594207764,0.14844654500484467,1.0319334268569946,2.4426379203796387,2.0240845680236816,5.9449052810668945,0.4322565197944641,0.4162539541721344,0.04564221575856209,0.015710655599832535,0.6323747634887695,0.2520233392715454,388.91094970703125,294.40972900390625,33.213016510009766,64.365478515625,423.48199462890625,0.10735192894935608,0.1054999977350235,0.8583507537841797,3.007469654083252,1.0820000171661377,0.02444973960518837,0.04000015929341316,3.000000238418579,0.5,0.11999969929456711,0.34148719906806946,0.0385119691491127,0.38190752267837524,0.44819051027297974,0.5803874135017395,0.12836195528507233,0.3285042345523834,0.605157732963562,0.34516656398773193,0.5104963183403015,0.4944039285182953,0.34643498063087463,1.0,0.9783835411071777,0.9660673141479492,0.23392800986766815,0.30657944083213806,0.9994000196456909,0.02500000037252903,0.0020000000949949026,0.023000001907348633,1.082,0.7933000998223776,1.6671973135236349,0.2090521996502362,0.3852876133550684,1.5628940848245727,2.438217644318672,0.6451774594420782,0.247695117752439,0.12224869802594185,0.07775209844112396,318.13114241911086,0.08642648905515671,0.15436166524887085,0.29315394163131714,0.11582010239362717,0.006470727268606424,0.28231000900268555,0.4991309642791748,0.5900783538818359,0.9660673141479492,0.9769999980926514,0.48296858527158437
bounding,2,action_space,0.0,3.0,0.0,0.5,0.0,0.11999999731779099,0.0,0.3799999952316284,-1.0,-0.03999999910593033,stepping_stones_easy_bound_highspeed,stepping_stones_easy,2.0,bounding,1000,0.6855013370513916,0.6855013370513916,1.057856798171997,0.9461569786071777,0.17155614495277405,0.6069679260253906,1.4016739130020142,0.17155614495277405,0.05145833641290665,0.27464979887008667,0.1624888777732849,1.2988201379776,4.3810954093933105,2.011373519897461,6.244780540466309,0.6069679260253906,0.7823706865310669,0.04998374357819557,0.032846029847860336,0.6946845054626465,0.24123939871788025,436.4852294921875,334.79400634765625,31.65880584716797,61.88075256347656,506.49908447265625,0.11776234209537506,0.1081666573882103,0.7932430505752563,2.8095672130584717,1.0290000438690186,0.021157141774892807,0.04000015929341316,3.000000238418579,0.5,0.11999969929456711,0.3800007998943329,-0.038513101637363434,0.29984748363494873,0.34902533888816833,0.5316301584243774,0.134407639503479,0.28947359323501587,0.4932323694229126,0.3113647699356079,0.4819989800453186,0.4988400936126709,0.3226023018360138,1.0,0.9783835411071777,0.9704586863517761,0.47663360834121704,0.526536226272583,0.9982000589370728,0.02500000037252903,0.004000000189989805,0.021000001579523087,1.029,0.7708873100021258,1.6523878809078358,0.22684429993479371,0.4030990917544778,2.0931066407121524,2.4989558900601483,0.8845172053335463,0.2878016216529294,0.10578570887446404,0.09421508759260178,412.6127754214416,0.027851957827806473,0.025119757279753685,0.1907874196767807,0.08796285092830658,0.008028254844248295,0.24923251569271088,0.5053033232688904,0.5822628736495972,0.9704586863517761,0.9789999984204769,0.45546282827854156
bounding,2,action_space,0.0,3.0,0.0,0.5,0.0,0.11999999731779099,0.0,0.3799999952316284,0.0,0.0,stepping_stones_easy_bound_highspeed,stepping_stones_easy,2.0,bounding,1000,0.7990042567253113,0.7990042567253113,1.2905402183532715,0.7155663967132568,0.15855379402637482,0.49227672815322876,1.5544469356536865,0.15855379402637482,0.042668528854846954,0.2527719736099243,0.14256127178668976,0.9272472262382507,2.0477540493011475,1.9789576530456543,5.826903343200684,0.49227672815322876,0.5162131786346436,0.03377249091863632,0.011345328763127327,0.6284070014953613,0.22916054725646973,359.8624572753906,269.91302490234375,34.379478454589844,65.39228820800781,345.4765625,0.1034202128648758,0.11650000512599945,0.9271780252456665,3.4508633613586426,1.1089999675750732,0.025810809805989265,0.04000015929341316,3.000000238418579,0.5,0.11999969929456711,0.3800007998943329,0.0,0.41379255056381226,0.41585320234298706,0.6013647317886353,0.1341833472251892,0.3481099605560303,0.5706145763397217,0.3235064744949341,0.509002685546875,0.4828566908836365,0.3473837375640869,1.0,0.9783835411071777,0.9752936959266663,1.0,1.0,1.0,0.02500000037252903,0.007000000216066837,0.018000001087784767,1.109,0.8360486731430342,1.7639980619416264,0.20656361938842704,0.37757286950559593,1.4309975713819878,2.4138979562526424,0.7184797691199409,0.21240955647466442,0.12905404902994633,0.07094674743711948,278.8463715873767,0.12897443771362305,0.08862301707267761,0.4056127667427063,0.09001152217388153,0.010222021490335464,0.2845591902732849,0.45935943722724915,0.558500349521637,0.9752936959266663,0.9819999989122152,0.49286372243965926
bounding,2,action_space,0.0,3.0,0.0,0.5,0.0,0.11999999731779099,0.0,0.3799999952316284,1.0,0.03999999910593033,stepping_stones_easy_bound_highspeed,stepping_stones_easy,2.0,bounding,1000,0.7120940685272217,0.7120940685272217,1.2982702255249023,0.709552526473999,0.14753922820091248,0.4273111820220947,1.4927183389663696,0.14753922820091248,0.03708387538790703,0.2576048970222473,0.15298426151275635,0.9283642768859863,2.0742347240448,2.0042083263397217,5.771960735321045,0.4273111820220947,0.3803434669971466,0.0319531187415123,0.011518789455294609,0.6102375388145447,0.23574405908584595,364.2500915527344,271.49591064453125,34.349159240722656,66.43344116210938,468.0702819824219,0.10389546304941177,0.12091664969921112,0.8540202975273132,2.9819743633270264,1.1089999675750732,0.02596539631485939,0.04000015929341316,3.000000238418579,0.5,0.11999969929456711,0.3800007998943329,0.03838340938091278,0.4101083278656006,0.4457513689994812,0.6066715717315674,0.12998554110527039,0.3501821458339691,0.602971076965332,0.33104407787323,0.5106538534164429,0.49906620383262634,0.357936292886734,1.0,0.9766542315483093,0.968068540096283,0.47901594638824463,0.5339301824569702,0.9994000196456909,0.027000000700354576,0.004999999888241291,0.02199999988079071,1.109,0.7700813919493913,1.639782178098186,0.19257174088610984,0.39113202568027633,1.4402203734306773,2.4024905276235837,0.6167199258959829,0.20849918032646295,0.12982698157429695,0.07017381489276886,280.5656976423878,0.13347260653972626,0.16106480360031128,0.4191869795322418,0.10705680400133133,0.008960932493209839,0.2950899302959442,0.5105730891227722,0.5463020205497742,0.968068540096283,0.9780000001192093,0.4997012203461246
bounding,2,action_space,0.0,3.0,0.0,0.5,0.0,0.11999999731779099,1.0,0.3799999952316284,-1.0,-0.03999999910593033,stepping_stones_easy_bound_highspeed,stepping_stones_easy,2.0,bounding,1000,0.660990834236145,0.660990834236145,1.2680822610855103,0.7397665977478027,0.16945664584636688,0.46967464685440063,1.5969663858413696,0.16945664584636688,0.05004435032606125,0.2633938193321228,0.1504761129617691,0.9952325820922852,2.727076530456543,1.9785500764846802,5.730363845825195,0.46967464685440063,0.47489285469055176,0.03313165903091431,0.018283773213624954,0.6430638432502747,0.26831120252609253,389.4920654296875,292.4168701171875,33.812904357910156,65.37106323242188,493.74786376953125,0.10878285765647888,0.10866667330265045,0.8664840459823608,3.2237205505371094,1.0850000381469727,0.025361651554703712,0.04000015929341316,3.000000238418579,0.5,0.11999969929456711,0.3800007998943329,-0.03844001516699791,0.38723260164260864,0.41560259461402893,0.593567967414856,0.1312403529882431,0.3475009799003601,0.569573163986206,0.28910142183303833,0.48812752962112427,0.49974602460861206,0.3435153067111969,1.0,0.9775189161300659,0.9646570086479187,0.2354290783405304,0.3125847578048706,0.9994000196456909,0.026000000536441803,0.004000000189989805,0.02199999988079071,1.085,0.798602773077477,1.723708481715953,0.22370594611243852,0.3879125068385513,1.651386245085184,2.393817838897771,0.6891247018432526,0.2267497127771924,0.12680825777351856,0.07319253869354725,307.1504723173657,0.112026646733284,0.1101466491818428,0.3576112985610962,0.07443318516016006,0.004671737086027861,0.2763387858867645,0.4757833182811737,0.5808089971542358,0.9646570086479187,0.9780000001192093,0.48677081693159907
bounding,2,action_space,0.0,3.0,0.0,0.5,0.0,0.11999999731779099,1.0,0.3799999952316284,0.0,0.0,stepping_stones_easy_bound_highspeed,stepping_stones_easy,2.0,bounding,1000,0.7034385204315186,0.7034385204315186,1.2507601976394653,0.7548325657844543,0.16068781912326813,0.4669995903968811,1.447575330734253,0.16068781912326813,0.04426387697458267,0.2542821168899536,0.14849191904067993,0.9871823787689209,2.4248342514038086,2.0012080669403076,5.946565628051758,0.4669995903968811,0.47821974754333496,0.03255115821957588,0.01679910719394684,0.6291617155075073,0.22973451018333435,375.3018798828125,282.09765625,33.882080078125,64.52159118652344,548.58447265625,0.10681766271591187,0.11241665482521057,0.8242987394332886,3.059495687484741,1.090000033378601,0.025015201419591904,0.04000015929341316,3.000000238418579,0.5,0.11999969929456711,0.3800007998943329,0.0,0.37815821170806885,0.42376306653022766,0.5898071527481079,0.13072866201400757,0.3318723440170288,0.576751708984375,0.3124796748161316,0.514330267906189,0.48732924461364746,0.3457797169685364,1.0,0.9766541719436646,0.9681448936462402,0.47836393117904663,0.5298540592193604,0.9991999864578247,0.027000000700354576,0.00800000037997961,0.01900000125169754,1.09,0.7562373450043005,1.6753736008021938,0.21038982146145443,0.38534649218681094,1.557187930663415,2.4385581043009323,0.6915343429963077,0.2221491962927679,0.12507600709795952,0.07492478936910629,300.0590205789345,0.10237745940685272,0.11294139176607132,0.3726911246776581,0.09701856970787048,0.01010535005480051,0.2841299772262573,0.4957323372364044,0.570020318031311,0.9681448936462402,0.9809999987483025,0.4900556532175918
bounding,2,action_space,0.0,3.0,0.0,0.5,0.0,0.11999999731779099,1.0,0.3799999952316284,1.0,0.03999999910593033,stepping_stones_easy_bound_highspeed,stepping_stones_easy,2.0,bounding,1000,0.6674103736877441,0.6674103736877441,1.276472806930542,0.7311973571777344,0.15044236183166504,0.4738803207874298,1.438071370124817,0.15044236183166504,0.03897576034069061,0.24569034576416016,0.13364174962043762,0.9538224935531616,2.1818251609802246,2.081104278564453,6.288956642150879,0.4738803207874298,0.5020273327827454,0.03573859855532646,0.01452044676989317,0.6303545236587524,0.23530861735343933,372.49066162109375,277.42437744140625,33.96895980834961,65.20210266113281,231.5948028564453,0.10439997911453247,0.13175000250339508,0.901759922504425,3.3114771842956543,1.1030000448226929,0.02552945725619793,0.04000015929341316,3.000000238418579,0.5,0.11999969929456711,0.3800007998943329,0.03850284963846207,0.4073185324668884,0.4341452121734619,0.5874124765396118,0.1251419186592102,0.343777596950531,0.5857754349708557,0.32772359251976013,0.5128982067108154,0.4845391511917114,0.3413265645503998,1.0,0.9783835411071777,0.966018795967102,0.23409311473369598,0.307986319065094,0.9996000528335571,0.02500000037252903,0.006000000052154064,0.01900000125169754,1.103,0.8175520287355508,1.7326989754721451,0.19742279589928466,0.3655704441286763,1.477100254207623,2.5077792251613538,0.708538871751399,0.2241852923927429,0.12764728628098965,0.07235351018607616,291.81245350365106,0.1178198903799057,0.10586130619049072,0.3659783899784088,0.10887154936790466,0.009039309807121754,0.28345298767089844,0.4721014201641083,0.5174977779388428,0.966018795967102,0.9809999987483025,0.48234946280717855
bounding,2,action_space,0.0,3.0,0.0,0.5,1.0,0.11999999731779099,-1.0,0.3400000035762787,-1.0,-0.03999999910593033,stepping_stones_easy_bound_highspeed,stepping_stones_easy,2.0,bounding,1000,0.6293804049491882,0.6293804049491882,1.2145036458969116,0.7875626087188721,0.1590942144393921,0.48771917819976807,1.797059178352356,0.1590942144393921,0.043878063559532166,0.24910014867782593,0.13230480253696442,0.9673327207565308,2.099010944366455,2.036026954650879,6.055788040161133,0.48771917819976807,0.5007165670394897,0.03494032472372055,0.009607966989278793,0.6030765175819397,0.24837180972099304,361.16851806640625,272.73077392578125,34.33891296386719,65.266357421875,444.5692443847656,0.10241977870464325,0.12449999898672104,0.9471046924591064,3.482400894165039,1.1070001125335693,0.02429007738828659,0.04000015929341316,3.000000238418579,0.5,0.11999969929456711,0.34144070744514465,-0.03855844587087631,0.32859909534454346,0.39468830823898315,0.5915935635566711,0.13635145127773285,0.3303130269050598,0.5525381565093994,0.2628353238105774,0.5087984800338745,0.488056480884552,0.3569660782814026,1.0,0.9792481660842896,0.9635113477706909,0.11896682530641556,0.20024976134300232,0.9996000528335571,0.024000000208616257,0.004000000189989805,0.020000001415610313,1.107,0.8555597238101287,1.7736403953304154,0.20947091339737878,0.363737271305766,1.4487963778138235,2.4608510804518695,0.7076132891908473,0.21106466239756796,0.12145038694143295,0.07855040952563286,297.3795256083263,0.0836578905582428,0.0926709696650505,0.41025933623313904,0.06893298774957657,0.006960970815271139,0.2993466556072235,0.45545876026153564,0.5366012454032898,0.9635113477706909,0.9799999985843897,0.47749461910050167
bounding,2,action_space,0.0,3.0,0.0,0.5,1.0,0.11999999731779099,-1.0,0.3400000035762787,0.0,0.0,stepping_stones_easy_bound_highspeed,stepping_stones_easy,2.0,bounding,1000,0.6643348932266235,0.6643348932266235,1.2135391235351562,0.7902276515960693,0.15719392895698547,0.49306824803352356,1.3644356727600098,0.15719392895698547,0.04450845718383789,0.26358500123023987,0.15498055517673492,1.0236042737960815,2.7646961212158203,2.0202643871307373,6.05903434753418,0.49306824803352356,0.5202275514602661,0.05079270899295807,0.021393319591879845,0.6362886428833008,0.270009309053421,386.7787170410156,291.5992736816406,33.599403381347656,64.73271942138672,344.3803405761719,0.110611692070961,0.10208333283662796,0.9067738652229309,3.2827608585357666,1.0740001201629639,0.024270785972476006,0.04000015929341316,3.000000238418579,0.5,0.11999969929456711,0.34143897891044617,0.0,0.37911921739578247,0.4147937297821045,0.575598955154419,0.1327590048313141,0.3356839418411255,0.5700437426567078,0.3518370985984802,0.49964556097984314,0.5000702142715454,0.3440692722797394,1.0,0.9792481660842896,0.9673757553100586,0.23284941911697388,0.304068386554718,0.9998000264167786,0.024000000208616257,0.006000000052154064,0.018000001087784767,1.074,0.8442959066209846,1.7483061081649387,0.2109702755931221,0.39367569797580204,1.662737538283123,2.4615105824542334,0.7212680163852173,0.2686745774814542,0.12135392986238003,0.07864686660468578,318.7196107153859,0.08226257562637329,0.08793450146913528,0.2360478937625885,0.10491499304771423,0.004515740554779768,0.280108779668808,0.4657326340675354,0.6002454161643982,0.9673757553100586,0.9819999989122152,0.47438529084779724
bounding,2,action_space,0.0,3.0,0.0,0.5,1.0,0.11999999731779099,-1.0,0.3400000035762787,1.0,0.03999999910593033,stepping_stones_easy_bound_highspeed,stepping_stones_easy,2.0,bounding,1000,0.6401743292808533,0.6401743292808533,1.2320258617401123,0.7723209857940674,0.16483917832374573,0.5089890360832214,1.530282735824585,0.16483917832374573,0.04778797924518585,0.24571704864501953,0.13303148746490479,1.0970771312713623,3.1231579780578613,1.933448314666748,5.451371192932129,0.5089890360832214,0.6254057884216309,0.03637604042887688,0.023826278746128082,0.6522815227508545,0.22918158769607544,389.824462890625,294.8140869140625,33.420188903808594,64.65460205078125,457.037353515625,0.1084677129983902,0.1146666631102562,0.8006520867347717,2.882719039916992,1.0820000171661377,0.024640515446662903,0.04000015929341316,3.000000238418579,0.5,0.11999969929456711,0.34143897891044617,0.038560014218091965,0.3732779622077942,0.4223930239677429,0.5843878984451294,0.1311822533607483,0.3290073871612549,0.5716739892959595,0.3068872094154358,0.516675591468811,0.5057269930839539,0.34153467416763306,1.0,0.9792481660842896,0.9635127186775208,0.11894920468330383,0.20011749863624573,0.9998000264167786,0.024000000208616257,0.004999999888241291,0.01900000125169754,1.082,0.7399742140567237,1.6322531148855572,0.21860461853580737,0.3647348180046769,1.7672458736853403,2.334817164775891,0.7908260165305836,0.24536160900802098,0.12320257723331451,0.0767982192337513,316.40931817781586,0.09200440347194672,0.07496766000986099,0.2999779284000397,0.08323875069618225,0.010217723436653614,0.271291047334671,0.5137273669242859,0.5636435151100159,0.9635127186775208,0.9809999987483025,0.4790639689094142
bounding,2,action_space,0.0,3.0,0.0,0.5,1.0,0.11999999731779099,0.0,0.3799999952316284,-1.0,-0.03999999910593033,stepping_stones_easy_bound_highspeed,stepping_stones_easy,2.0,bounding,1000,0.6623331904411316,0.6623331904411316,1.2132415771484375,0.7917198538780212,0.1678140014410019,0.4875546097755432,1.3193726539611816,0.1678140014410019,0.050099268555641174,0.27533483505249023,0.15776264667510986,1.0485742092132568,2.719865322113037,2.068324089050293,6.271186828613281,0.4875546097755432,0.5293809175491333,0.04332640767097473,0.022862184792757034,0.6486428380012512,0.24885201454162598,390.494873046875,294.9632568359375,33.3935661315918,64.76937866210938,445.705078125,0.10995731502771378,0.12849998474121094,0.9064273834228516,3.2958507537841797,1.0789999961853027,0.02426483854651451,0.04000015929341316,3.000000238418579,0.5,0.11999969929456711,0.3800007998943329,-0.038405999541282654,0.38407379388809204,0.40384119749069214,0.5711392760276794,0.1254909336566925,0.3362288475036621,0.5571799874305725,0.3287523090839386,0.48192498087882996,0.4947691559791565,0.33814215660095215,1.0,0.9766542315483093,0.96340012550354,0.23626196384429932,0.31311023235321045,0.9990000128746033,0.027000000700354576,0.004999999888241291,0.02199999988079071,1.079,0.8400623791741485,1.7477247451839133,0.22382865892383214,0.3971934625281613,1.649201419509769,2.504233780742781,0.7275856771192883,0.2572714373258947,0.12132419273257256,0.07867660373449326,321.8607739809586,0.08148948103189468,0.09281983226537704,0.26612961292266846,0.09814022481441498,0.006894438061863184,0.2732725441455841,0.4659693241119385,0.5259758830070496,0.96340012550354,0.9780000001192093,0.46267433033177735
bounding,2,action_space,0.0,3.0,0.0,0.5,1.0,0.11999999731779099,0.0,0.3799999952316284,0.0,0.0,stepping_stones_easy_bound_highspeed,stepping_stones_easy,2.0,bounding,1000,0.6948602199554443,0.6948602199554443,1.1981782913208008,0.8063082098960876,0.16646680235862732,0.5214905738830566,1.678202748298645,0.16646680235862732,0.05046501010656357,0.24880290031433105,0.13458292186260223,0.96047043800354,2.0603597164154053,1.9928699731826782,5.961413860321045,0.5214905738830566,0.6435999870300293,0.03907661885023117,0.018920835107564926,0.621106743812561,0.26483821868896484,369.07415771484375,277.11553955078125,33.519351959228516,66.01494598388672,686.3592529296875,0.10614882409572601,0.11191666126251221,0.8414632678031921,3.03658390045166,1.0830000638961792,0.0239635668694973,0.04000015929341316,3.000000238418579,0.5,0.11999969929456711,0.3800007998943329,0.0,0.3560630679130554,0.41347599029541016,0.5733169317245483,0.13520658016204834,0.3396771550178528,0.5606167316436768,0.27626198530197144,0.5069286823272705,0.4897342026233673,0.34925633668899536,1.0,0.9801127910614014,0.9727983474731445,0.4746699333190918,0.52174973487854,0.9998000264167786,0.023000001907348633,0.0020000000949949026,0.021000001579523087,1.083,0.7769743830433402,1.674473977913508,0.22464418556144197,0.3668554509103037,1.435395317121874,2.441600675852021,0.8022468367217345,0.24082660558542135,0.1198178343474865,0.08018296211957932,308.0294146441247,0.07423409074544907,0.0659061074256897,0.31350216269493103,0.06805066019296646,0.005007770843803883,0.28874439001083374,0.49610593914985657,0.5714471340179443,0.9727983474731445,0.9789999984204769,0.47479028195927026
bounding,2,action_space,0.0,3.0,0.0,0.5,1.0,0.11999999731779099,0.0,0.3799999952316284,1.0,0.03999999910593033,stepping_stones_easy_bound_highspeed,stepping_stones_easy,2.0,bounding,1000,0.6690124273300171,0.6690124273300171,1.2569208145141602,0.7475666999816895,0.15125772356987,0.45512694120407104,1.2414703369140625,0.15125772356987,0.041085921227931976,0.2591188848018646,0.14689213037490845,0.9362872242927551,2.1080124378204346,2.021941661834717,6.0725579261779785,0.45512694120407104,0.4403175413608551,0.041659288108348846,0.014446460641920567,0.6271979212760925,0.2357633113861084,366.688232421875,274.9464111328125,33.945369720458984,65.24394226074219,430.6959228515625,0.10823720693588257,0.09858334064483643,0.8704188466072083,3.1555864810943604,1.1090000867843628,0.025138411670923233,0.04000015929341316,3.000000238418579,0.5,0.11999969929456711,0.3800007998943329,0.03845202177762985,0.39720043540000916,0.4303925633430481,0.5948112607002258,0.13360872864723206,0.3458785116672516,0.5910021066665649,0.3516277074813843,0.49779921770095825,0.484856516122818,0.34966689348220825,1.0,0.9766541719436646,0.9640278816223145,0.23528389632701874,0.3099238872528076,0.9995999932289124,0.027000000700354576,0.007000000216066837,0.020000001415610313,1.109,0.7848681904798805,1.6868414590613847,0.20269662362242735,0.38326509151618343,1.4518995963290418,2.4642560593773486,0.6635642707084636,0.2368665209569926,0.12569205835461617,0.07430873811244965,291.73534894766755,0.10694679617881775,0.12600857019424438,0.32559043169021606,0.12704819440841675,0.008957481011748314,0.28524813055992126,0.4909767210483551,0.6108421683311462,0.9640278816223145,0.9799999985843897,0.495483737733019
bounding,2,action_space,0.0,3.0,0.0,0.5,1.0,0.11999999731779099,1.0,0.3799999952316284,-1.0,-0.03999999910593033,stepping_stones_easy_bound_highspeed,stepping_stones_easy,2.0,bounding,1000,0.6419259309768677,0.6419259309768677,1.2002333402633667,0.8083148002624512,0.168342724442482,0.5071980357170105,1.3946870565414429,0.168342724442482,0.05110520124435425,0.2777995467185974,0.16570745408535004,1.0991390943527222,3.0674233436584473,2.011155128479004,6.1484527587890625,0.5071980357170105,0.5673757195472717,0.04504377394914627,0.020660385489463806,0.6644032001495361,0.2261084020137787,404.7024230957031,308.54925537109375,32.8281364440918,62.97840881347656,466.1286315917969,0.11316494643688202,0.10725000500679016,0.8600324392318726,3.163794755935669,1.0470000505447388,0.02400466427206993,0.04000015929341316,3.000000238418579,0.5,0.11999969929456711,0.3800007998943329,-0.03833730146288872,0.37739241123199463,0.41316866874694824,0.5644242763519287,0.1308571994304657,0.32738661766052246,0.5624667406082153,0.3284161686897278,0.4783264696598053,0.5008081197738647,0.3349798917770386,1.0,0.9757895469665527,0.957455039024353,0.12346359342336655,0.21559876203536987,0.9986000061035156,0.02800000086426735,0.0010000000474974513,0.027000000700354576,1.047,0.8214254734509312,1.738324247017404,0.22606459529159856,0.4070718045816365,1.7514061047222735,2.479607379967454,0.7532434663156872,0.25632822598888727,0.12002332136034966,0.07997747510671616,337.1864532665785,0.0732782632112503,0.0763445571064949,0.2687205672264099,0.08920742571353912,0.010865439660847187,0.26479312777519226,0.46980252861976624,0.5849376916885376,0.957455039024353,0.9729999992996454,0.46911665454114737
bounding,2,action_space,0.0,3.0,0.0,0.5,1.0,0.11999999731779099,1.0,0.3799999952316284,0.0,0.0,stepping_stones_easy_bound_highspeed,stepping_stones_easy,2.0,bounding,1000,0.6552494168281555,0.6552494168281555,1.2116360664367676,0.793511152267456,0.16025087237358093,0.517127513885498,1.410552740097046,0.16025087237358093,0.04602154344320297,0.24967846274375916,0.14046160876750946,0.9493131637573242,1.7589892148971558,2.044095993041992,6.186298370361328,0.517127513885498,0.5860629677772522,0.04206887260079384,0.012790638953447342,0.6213977336883545,0.24158769845962524,372.50323486328125,278.26226806640625,33.86271667480469,65.12736511230469,470.1961975097656,0.10520882159471512,0.10758332908153534,0.9862982630729675,3.7403440475463867,1.1019999980926514,0.024232737720012665,0.04000015929341316,3.000000238418579,0.5,0.11999969929456711,0.3800007998943329,0.0,0.34500494599342346,0.39776110649108887,0.5806844234466553,0.13526353240013123,0.33046120405197144,0.5488091707229614,0.3130626380443573,0.5088664293289185,0.4830852150917053,0.3462294340133667,1.0,0.9801128506660461,0.9687350392341614,0.23156088590621948,0.2998189330101013,0.9994000196456909,0.023000001907348633,0.004000000189989805,0.01900000125169754,1.102,0.8950074571446801,1.8423195526124925,0.21452632342722647,0.37478208170550187,1.3262689074607592,2.4872270443932796,0.7655474954418258,0.2342210741035938,0.12116368860006332,0.07883710786700249,307.4382194306539,0.08056912571191788,0.06896138191223145,0.33380767703056335,0.09720008820295334,0.007972527295351028,0.2885763943195343,0.42804139852523804,0.5839635729789734,0.9687350392341614,0.9809999987483025,0.47682572273831614
bounding,2,action_space,0.0,3.0,0.0,0.5,1.0,0.11999999731779099,1.0,0.3799999952316284,1.0,0.03999999910593033,stepping_stones_easy_bound_highspeed,stepping_stones_easy,2.0,bounding,1000,0.6469382047653198,0.6469382047653198,1.247753620147705,0.7575591206550598,0.16241292655467987,0.46809059381484985,1.3463222980499268,0.16241292655467987,0.0482662096619606,0.25597691535949707,0.14408868551254272,1.0144617557525635,2.7149534225463867,2.0005955696105957,5.775263786315918,0.46809059381484985,0.5385832786560059,0.045146070420742035,0.020777281373739243,0.6449874639511108,0.26886245608329773,388.3315124511719,295.474853515625,33.83148193359375,66.4271240234375,476.70703125,0.10851255804300308,0.11833332479000092,0.9069632887840271,3.3427908420562744,1.0850000381469727,0.024955082684755325,0.04000015929341316,3.000000238418579,0.5,0.11999969929456711,0.3800007998943329,0.03845301643013954,0.39354413747787476,0.42535969614982605,0.583000898361206,0.1276753544807434,0.34301406145095825,0.5810765027999878,0.342964768409729,0.5050554275512695,0.4968780279159546,0.34315812587738037,1.0,0.9775188565254211,0.9605484008789062,0.12113739550113678,0.20740363001823425,0.9994000196456909,0.026000000536441803,0.006000000052154064,0.020000001415610313,1.085,0.8359108357934908,1.7552529528325596,0.2196957206273272,0.3795901546570231,1.647711571406351,2.4031778515781803,0.7338823329771645,0.2567554318694763,0.12477541342377663,0.07522538304328918,311.2245127409067,0.10070264339447021,0.11179505288600922,0.2675451338291168,0.09909795969724655,0.004620514344424009,0.27527767419815063,0.4629074037075043,0.5534042119979858,0.9605484008789062,0.9799999985843897,0.4719438687162964
bounding,2,action_space,1.0,3.4000000953674316,0.0,0.5,-1.0,0.08999999612569809,-1.0,0.3400000035762787,-1.0,-0.03999999910593033,stepping_stones_easy_bound_highspeed,stepping_stones_easy,2.0,bounding,1000,0.5965957641601562,0.5965957641601562,1.2076096534729004,0.8017030954360962,0.16948461532592773,0.583805501461029,1.7102900743484497,0.16948461532592773,0.050660550594329834,0.2544853687286377,0.1302783191204071,1.2037088871002197,3.2027411460876465,1.9018354415893555,5.433720588684082,0.583805501461029,0.7408033609390259,0.040415339171886444,0.019838135689496994,0.6621513962745667,0.27379727363586426,385.9296569824219,292.51422119140625,33.71349334716797,64.732666015625,443.6622009277344,0.09907128661870956,0.12224999070167542,0.8710147738456726,3.0197339057922363,1.1770000457763672,0.024152204394340515,0.04000015929341316,3.3862104415893555,0.5,0.09103488177061081,0.3413790464401245,-0.03862014785408974,0.37428903579711914,0.3640757203102112,0.5942200422286987,0.14018934965133667,0.28779152035713196,0.5099799633026123,0.2649502754211426,0.4849556088447571,0.47130268812179565,0.3270938992500305,0.6379362344741821,0.9801129102706909,0.9616501331329346,0.06358319520950317,0.145663782954216,0.9994000196456909,0.023000001907348633,0.004999999888241291,0.018000001087784767,1.177,0.7400295416379036,1.6017549961248696,0.22507898745624796,0.3609408803674185,1.7896203916159557,2.3310342315556163,0.8606993441028208,0.2454658323705836,0.12076102197170258,0.07923977449536324,319.58146067526644,0.07646582275629044,0.03309779241681099,0.2996711730957031,0.0656445175409317,0.004186268895864487,0.2659883499145508,0.5265522599220276,0.5426721572875977,0.9616501331329346,0.9819999989122152,0.47172499791179834
bounding,2,action_space,1.0,3.4000000953674316,0.0,0.5,-1.0,0.08999999612569809,-1.0,0.3400000035762787,0.0,0.0,stepping_stones_easy_bound_highspeed,stepping_stones_easy,2.0,bounding,1000,0.5943068265914917,0.5943068265914917,1.0311288833618164,0.9767817258834839,0.16792410612106323,0.5893979072570801,1.3684697151184082,0.16792410612106323,0.047916628420352936,0.2490546554327011,0.13160890340805054,1.274023175239563,3.784334897994995,1.9610257148742676,5.809250354766846,0.5893979072570801,0.683181881904602,0.047739919275045395,0.030000092461705208,0.7117020487785339,0.3431474268436432,407.0089416503906,309.21368408203125,33.25599670410156,63.064476013183594,500.26947021484375,0.1043020561337471,0.11758332699537277,0.8557479977607727,3.1320881843566895,1.1150000095367432,0.020622579380869865,0.04000015929341316,3.387467384338379,0.5,0.09094075858592987,0.3412531614303589,0.0,0.2931843101978302,0.3530046343803406,0.5387939214706421,0.1368013620376587,0.27685853838920593,0.49454033374786377,0.3055773377418518,0.49787652492523193,0.4541292190551758,0.31020742654800415,0.6367591619491577,0.9818421602249146,0.9680840969085693,0.11535544693470001,0.185881108045578,0.9992000460624695,0.021000001579523087,0.006000000052154064,0.015000000596046448,1.115,0.7674869280759529,1.6760213111825628,0.21889867158197404,0.362779414256171,1.9453367055589619,2.4102386509984535,0.826548172767082,0.2788189587111153,0.10311289690434933,0.09688789956271648,394.72169601476855,0.02200666256248951,0.030995944514870644,0.21123157441616058,0.09760737419128418,0.0010458258911967278,0.24089260399341583,0.49546337127685547,0.555483341217041,0.9680840969085693,0.9849999994039536,0.4530327157362512
bounding,2,action_space,1.0,3.4000000953674316,0.0,0.5,-1.0,0.08999999612569809,-1.0,0.3400000035762787,1.0,0.03999999910593033,stepping_stones_easy_bound_highspeed,stepping_stones_easy,2.0,bounding,1000,0.6028507947921753,0.6028507947921753,1.137636423110962,0.8689841032028198,0.16124461591243744,0.5442746877670288,1.4421031475067139,0.16124461591243744,0.0495508536696434,0.2539682686328888,0.15109926462173462,1.282043218612671,3.938629627227783,1.8386149406433105,5.052504539489746,0.5442746877670288,0.6531242728233337,0.03681216016411781,0.03075634501874447,0.6934525370597839,0.29822760820388794,425.418701171875,322.5161437988281,32.57371520996094,62.04986572265625,425.6050109863281,0.10531812906265259,0.11291666328907013,0.8241534233093262,2.9548325538635254,1.1260000467300415,0.02275271899998188,0.04000015929341316,3.384486436843872,0.5,0.09116411209106445,0.3415514826774597,0.03844781592488289,0.3560166358947754,0.3789486289024353,0.5895078182220459,0.14476987719535828,0.29037776589393616,0.5266435146331787,0.33607107400894165,0.5262354612350464,0.48491591215133667,0.3218396306037903,0.6395517587661743,0.9775189161300659,0.9566848278045654,0.06650266796350479,0.15857037901878357,0.9994000196456909,0.026000000536441803,0.0,0.026000000536441803,1.126,0.731930233022036,1.6199336980520505,0.2226002103989199,0.38871488860311826,1.9845981021929309,2.2477776890719743,0.8081610438664646,0.259939425987791,0.1137635949999094,0.08623720146715641,373.9496138920482,0.048775188624858856,0.05169731751084328,0.25888532400131226,0.08776256442070007,0.0025681951083242893,0.24984736740589142,0.5188988447189331,0.5685970187187195,0.9566848278045654,0.9739999994635582,0.464816844973125
bounding,2,action_space,1.0,3.4000000953674316,0.0,0.5,-1.0,0.08999999612569809,0.0,0.3799999952316284,-1.0,-0.03999999910593033,stepping_stones_easy_bound_highspeed,stepping_stones_easy,2.0,bounding,1000,0.5927181243896484,0.5927181243896484,1.0601390600204468,0.9506068229675293,0.16405552625656128,0.6064052581787109,1.7084176540374756,0.16405552625656128,0.04734107106924057,0.2558893859386444,0.13297249376773834,1.2231851816177368,3.3289108276367188,1.954291582107544,5.854355335235596,0.6064052581787109,0.7749732732772827,0.045914605259895325,0.01841568388044834,0.6902698278427124,0.29422444105148315,380.440673828125,284.11761474609375,33.4748420715332,65.08438873291016,305.618408203125,0.10138671100139618,0.12516666948795319,0.815166175365448,2.8163299560546875,1.133000135421753,0.021202776581048965,0.04000015929341316,3.3886380195617676,0.5,0.09085290879011154,0.3800007998943329,-0.03886280953884125,0.3115953207015991,0.3569016456604004,0.5560181140899658,0.13737307488918304,0.2926604747772217,0.4977406859397888,0.25904780626296997,0.4871671199798584,0.4490258991718292,0.3136226236820221,0.635661244392395,0.9835715293884277,0.9711177349090576,0.11303623020648956,0.17707334458827972,0.9998000264167786,0.01900000125169754,0.0020000000949949026,0.017000000923871994,1.133,0.7194758496869483,1.5766191021710854,0.21758003370999043,0.3646539369974474,1.8245303032936226,2.4195775117229856,0.8803256631936176,0.25363416398494837,0.10601388290524483,0.09398691356182098,358.8592177905297,0.026927337050437927,0.025291845202445984,0.2762066721916199,0.07028203457593918,0.0027822675183415413,0.2514428198337555,0.5371747016906738,0.5348155498504639,0.9711177349090576,0.982999999076128,0.45877730591516747
bounding,2,action_space,1.0,3.4000000953674316,0.0,0.5,-1.0,0.08999999612569809,0.0,0.3799999952316284,0.0,0.0,stepping_stones_easy_bound_highspeed,stepping_stones_easy,2.0,bounding,1000,0.6322560906410217,0.6322560906410217,1.1835174560546875,0.8227255344390869,0.15531572699546814,0.5395078659057617,1.5465893745422363,0.15531572699546814,0.04217180982232094,0.2524987459182739,0.1375613659620285,1.0734291076660156,3.0179648399353027,1.908155083656311,5.349848747253418,0.5395078659057617,0.6086636185646057,0.03470757603645325,0.01828998699784279,0.6635527610778809,0.23108899593353271,385.0349426269531,290.3900451660156,33.093597412109375,63.64411544799805,484.7487487792969,0.09856528043746948,0.12950000166893005,0.8471612930297852,2.9610202312469482,1.1579999923706055,0.02367033250629902,0.04000015929341316,3.3855650424957275,0.5,0.09108328819274902,0.3800007998943329,0.0,0.36386075615882874,0.4013589024543762,0.6084071397781372,0.14010192453861237,0.3227115869522095,0.5444072484970093,0.3100365400314331,0.5056968927383423,0.48388397693634033,0.3355991840362549,0.6385413408279419,0.9792481660842896,0.9673690795898438,0.23292359709739685,0.30465012788772583,0.9994000196456909,0.024000000208616257,0.006000000052154064,0.018000001087784767,1.158,0.7315727589661594,1.5990660107313837,0.20535776056024993,0.37089266097083734,1.737229069505603,2.3129740048806036,0.7801689679579711,0.2302119958522927,0.1183516625314951,0.08164913393557072,325.33102123435145,0.06670273840427399,0.05443829298019409,0.34647268056869507,0.091627337038517,0.009835274890065193,0.26524388790130615,0.5276864767074585,0.5233525037765503,0.9673690795898438,0.9819999989122152,0.4741164468424885
bounding,2,action_space,1.0,3.4000000953674316,0.0,0.5,-1.0,0.08999999612569809,0.0,0.3799999952316284,1.0,0.03999999910593033,stepping_stones_easy_bound_highspeed,stepping_stones_easy,2.0,bounding,1000,0.6057828068733215,0.6057828068733215,1.1552581787109375,0.8510239124298096,0.1575719118118286,0.5906995534896851,1.720603108406067,0.1575719118118286,0.04330936074256897,0.24329832196235657,0.1375717967748642,1.2104346752166748,3.096713066101074,1.8466547727584839,5.1068878173828125,0.5906995534896851,0.7052716016769409,0.03473050892353058,0.023089153692126274,0.6767338514328003,0.3085312843322754,376.52703857421875,281.9469299316406,33.58526611328125,63.88623046875,501.68353271484375,0.0976317822933197,0.11966666579246521,0.778374195098877,2.6857428550720215,1.165000081062317,0.023105155676603317,0.04000015929341316,3.384979248046875,0.5,0.09112721681594849,0.3800007998943329,0.03849708288908005,0.36471644043922424,0.35151898860931396,0.6085337400436401,0.14435890316963196,0.2907726764678955,0.4969567060470581,0.26310157775878906,0.5225746035575867,0.46997106075286865,0.32340359687805176,0.6390902996063232,0.9775189161300659,0.960959792137146,0.12052299827337265,0.20185573399066925,0.9991999864578247,0.026000000536441803,0.0020000000949949026,0.024000000208616257,1.165,0.6681323137406115,1.5183407127466173,0.2081090116803426,0.37090672247192313,1.7597480121031746,2.259842431981224,0.8398045020580331,0.24045719497585605,0.11552577838301659,0.08447501808404922,325.92458163278786,0.055190376937389374,0.03052346035838127,0.31461888551712036,0.07526122033596039,0.0020899279043078423,0.2583428621292114,0.5619515776634216,0.5497270822525024,0.960959792137146,0.9759999997913837,0.47288394935036965
bounding,2,action_space,1.0,3.4000000953674316,0.0,0.5,-1.0,0.08999999612569809,1.0,0.3799999952316284,-1.0,-0.03999999910593033,stepping_stones_easy_bound_highspeed,stepping_stones_easy,2.0,bounding,1000,0.5963139533996582,0.5963139533996582,1.0766355991363525,0.9329104423522949,0.1648602932691574,0.6039432883262634,1.2881392240524292,0.1648602932691574,0.05095100775361061,0.2686547040939331,0.15009886026382446,1.282027244567871,3.927518367767334,1.999098777770996,5.961073398590088,0.6039432883262634,0.795668363571167,0.0487760528922081,0.025812938809394836,0.7071950435638428,0.30179959535598755,419.69091796875,319.70843505859375,32.707767486572266,63.002750396728516,765.24951171875,0.10728208720684052,0.11741666495800018,0.91105055809021,3.2106640338897705,1.1260000467300415,0.02153271809220314,0.04000015929341316,3.385740280151367,0.5,0.09107021242380142,0.3800007998943329,-0.03857304900884628,0.3272172212600708,0.3622893989086151,0.5589548349380493,0.1354753077030182,0.28358232975006104,0.4992571771144867,0.34709006547927856,0.4844296872615814,0.47009754180908203,0.3146750032901764,0.6383777856826782,0.9792481660842896,0.9600838422775269,0.0644700676202774,0.14854416251182556,0.9989999532699585,0.02500000037252903,0.003000000026077032,0.02200000174343586,1.126,0.809103496544738,1.6886056505510172,0.22572329909340463,0.3874259416505617,1.9817967523859086,2.441530953846395,0.8920024459446101,0.2731098528094564,0.1076635904610157,0.09233720600605011,389.81705444759075,0.030767772346735,0.026056839153170586,0.22497189044952393,0.09954360872507095,0.0023911241441965103,0.24307382106781006,0.49024635553359985,0.555946409702301,0.9600838422775269,0.9779999982565641,0.4543013677589204
bounding,2,action_space,1.0,3.4000000953674316,0.0,0.5,-1.0,0.08999999612569809,1.0,0.3799999952316284,0.0,0.0,stepping_stones_easy_bound_highspeed,stepping_stones_easy,2.0,bounding,1000,0.6134297847747803,0.6134297847747803,1.187457799911499,0.8177775144577026,0.1767662763595581,0.5699735879898071,1.3295152187347412,0.1767662763595581,0.055088549852371216,0.2617590129375458,0.15387332439422607,1.1770532131195068,3.2638559341430664,1.9141783714294434,5.525689125061035,0.5699735879898071,0.7424377202987671,0.03478694707155228,0.031184859573841095,0.6872107982635498,0.2875632047653198,405.3835144042969,308.0786437988281,33.011558532714844,64.2110595703125,404.0453796386719,0.10211965441703796,0.12333333492279053,0.8749323487281799,3.0123956203460693,1.1410000324249268,0.02374914661049843,0.04000015929341316,3.384284496307373,0.5,0.09117935597896576,0.3800007998943329,0.0,0.37375760078430176,0.39040184020996094,0.5920935869216919,0.1456320881843567,0.2989758253097534,0.5313616394996643,0.3209647834300995,0.4949367940425873,0.4729577898979187,0.3212447762489319,0.6397420167922974,0.9766541719436646,0.9593099355697632,0.12184715270996094,0.20739388465881348,0.9983999729156494,0.027000000700354576,0.004000000189989805,0.023000001907348633,1.141,0.7668118422539165,1.62484962098297,0.2347095009844536,0.3922669045359627,1.806614495165769,2.3506784393151343,0.8616482578748518,0.2568497744702015,0.11874573305249214,0.08125506341457367,341.3877229443522,0.06890405714511871,0.03882468864321709,0.26728594303131104,0.08792366087436676,0.0031787599436938763,0.2529858946800232,0.5168337225914001,0.5397405624389648,0.9593099355697632,0.9769999980926514,0.4657157432091864
bounding,2,action_space,1.0,3.4000000953674316,0.0,0.5,-1.0,0.08999999612569809,1.0,0.3799999952316284,1.0,0.03999999910593033,stepping_stones_easy_bound_highspeed,stepping_stones_easy,2.0,bounding,1000,0.602759838104248,0.602759838104248,1.0952789783477783,0.9132897853851318,0.16847798228263855,0.5742781162261963,1.1111762523651123,0.16847798228263855,0.04896273836493492,0.26176345348358154,0.15387427806854248,1.2303476333618164,3.57844877243042,1.8685122728347778,5.118511199951172,0.5742781162261963,0.7015601396560669,0.04606656730175018,0.03041747584939003,0.7168076038360596,0.3131025433540344,403.9264831542969,302.2524108886719,33.5673828125,64.33872985839844,452.3294982910156,0.10446849465370178,0.11683331429958344,0.8554527759552002,2.962939500808716,1.125,0.021905567497015,0.04000015929341316,3.385745048522949,0.5,0.09106975793838501,0.3800007998943329,0.03857366740703583,0.33692046999931335,0.3657953143119812,0.5848675966262817,0.14234387874603271,0.2882472276687622,0.5118061304092407,0.37658926844596863,0.49375277757644653,0.47185733914375305,0.3138893246650696,0.6383721828460693,0.9792481660842896,0.9600839614868164,0.06446617841720581,0.1485174298286438,0.9991999864578247,0.024000000208616257,0.0020000000949949026,0.02199999988079071,1.125,0.7604024522569445,1.6228752134200994,0.2212752547505819,0.39226812012772905,1.8916788238045115,2.2624126944373284,0.8375918693827363,0.2765574861600029,0.109527837485075,0.09047295898199081,368.78867497632206,0.03556501492857933,0.0369587205350399,0.2166047841310501,0.12363383919000626,0.0019073305884376168,0.23844532668590546,0.5176629424095154,0.5575703382492065,0.9600839614868164,0.9780000001192093,0.4599474097945188
bounding,2,action_space,1.0,3.4000000953674316,0.0,0.5,0.0,0.11999999731779099,-1.0,0.3400000035762787,-1.0,-0.03999999910593033,stepping_stones_easy_bound_highspeed,stepping_stones_easy,2.0,bounding,1000,0.6360875368118286,0.6360875368118286,1.1747926473617554,0.8336223363876343,0.17415931820869446,0.5560212135314941,1.401498556137085,0.17415931820869446,0.05136944353580475,0.2512119710445404,0.13262391090393066,1.184509038925171,3.2649221420288086,1.9700088500976562,5.7753496170043945,0.5560212135314941,0.6207852363586426,0.042192935943603516,0.021646367385983467,0.6850993633270264,0.24828872084617615,417.25653076171875,316.6866455078125,33.043975830078125,64.3721923828125,440.61346435546875,0.10787870734930038,0.11274999380111694,1.0082491636276245,3.670989513397217,1.1730000972747803,0.023495864123106003,0.04000015929341316,3.3866820335388184,0.5,0.11999969929456711,0.3413317799568176,-0.03866728022694588,0.35429060459136963,0.362204372882843,0.5803091526031494,0.13784709572792053,0.29374563694000244,0.5082496404647827,0.3218936324119568,0.49490731954574585,0.4876498579978943,0.3218379616737366,1.0,0.9809775352478027,0.9664769172668457,0.11675862967967987,0.19281508028507233,0.9998000264167786,0.02199999988079071,0.004000000189989805,0.018000001087784767,1.173,0.8595473865922049,1.7690599508819869,0.2266482815637585,0.3641756594061864,1.8069095555751562,2.403195709259734,0.7878992552088386,0.252664408513718,0.11747932061553001,0.0825214758515358,355.1746188561499,0.06205682456493378,0.045429397374391556,0.2789323329925537,0.08813484013080597,0.006972548086196184,0.254056453704834,0.4573102295398712,0.5690710544586182,0.9664769172668457,0.9819999989122152,0.4656318613377057
bounding,2,action_space,1.0,3.4000000953674316,0.0,0.5,0.0,0.11999999731779099,-1.0,0.3400000035762787,0.0,0.0,stepping_stones_easy_bound_highspeed,stepping_stones_easy,2.0,bounding,1000,0.6591302752494812,0.6591302752494812,1.2127118110656738,0.795020580291748,0.1661001443862915,0.557049036026001,1.5425318479537964,0.1661001443862915,0.04904821515083313,0.2491864264011383,0.1414995789527893,1.156583309173584,3.004148483276367,1.8703452348709106,5.206977844238281,0.557049036026001,0.6539344787597656,0.03138228878378868,0.019877420738339424,0.6809766292572021,0.32656389474868774,403.4598388671875,302.2644958496094,33.011077880859375,63.529518127441406,417.3446044921875,0.10736850649118423,0.11266665905714035,0.8631294965744019,3.0929670333862305,1.159000039100647,0.024254238232970238,0.04000015929341316,3.386209487915039,0.5,0.11999969929456711,0.3413790464401245,0.0,0.39618414640426636,0.370747447013855,0.6104292273521423,0.13777613639831543,0.29204222559928894,0.5218483209609985,0.27475494146347046,0.5176869630813599,0.47715163230895996,0.3251652717590332,1.0,0.9801128506660461,0.9687350988388062,0.23156002163887024,0.2998132109642029,0.9994000196456909,0.023000001907348633,0.0020000000949949026,0.021000001579523087,1.159,0.7447191687675259,1.6336007004106683,0.22146831635887138,0.3761642978178409,1.733247957816875,2.2818803308320708,0.8086621536586003,0.22640607218475414,0.12127119116485119,0.07872960530221462,332.69226471262454,0.0798000693321228,0.04491262137889862,0.3587267994880676,0.08017879724502563,0.0014571428764611483,0.2561599314212799,0.5131624341011047,0.5693082213401794,0.9687350988388062,0.9789999984204769,0.48214252626425347
bounding,2,action_space,1.0,3.4000000953674316,0.0,0.5,0.0,0.11999999731779099,-1.0,0.3400000035762787,1.0,0.03999999910593033,stepping_stones_easy_bound_highspeed,stepping_stones_easy,2.0,bounding,1000,0.6370491981506348,0.6370491981506348,1.2413129806518555,0.7677427530288696,0.15448212623596191,0.5302845239639282,1.73223876953125,0.15448212623596191,0.0399773009121418,0.239328533411026,0.13141407072544098,1.080773115158081,2.46753191947937,1.9202930927276611,5.421395778656006,0.5302845239639282,0.5405130982398987,0.033070385456085205,0.011727048084139824,0.6561245322227478,0.2650080919265747,369.1888427734375,272.89532470703125,34.70557403564453,66.92010498046875,335.875244140625,0.1020456925034523,0.12091666460037231,1.0312995910644531,3.7357163429260254,1.2080000638961792,0.024826262146234512,0.04000015929341316,3.3862099647521973,0.5,0.11999969929456711,0.3413790464401245,0.03862004727125168,0.39193058013916016,0.3795807361602783,0.6210309267044067,0.13686084747314453,0.3090866804122925,0.5292584896087646,0.24485334753990173,0.5339088439941406,0.47054266929626465,0.3323216140270233,1.0,0.9801129102706909,0.9650329351425171,0.11777277290821075,0.1955583691596985,1.0,0.023000001907348633,0.006000000052154064,0.017000000923871994,1.208,0.8537248017772144,1.7585449632888928,0.19994324422731016,0.36251078704700773,1.5708379672898698,2.32838909520209,0.7351959590747889,0.21165404210698419,0.12413131073117256,0.07586948573589325,297.41801505979896,0.09463614225387573,0.060083698481321335,0.40822017192840576,0.07951697707176208,0.00499078631401062,0.26921388506889343,0.461570680141449,0.5463020205497742,0.9650329351425171,0.982999999076128,0.48260801069830594
bounding,2,action_space,1.0,3.4000000953674316,0.0,0.5,0.0,0.11999999731779099,0.0,0.3799999952316284,-1.0,-0.03999999910593033,stepping_stones_easy_bound_highspeed,stepping_stones_easy,2.0,bounding,1000,0.6577543020248413,0.6577543020248413,1.1804903745651245,0.8312060236930847,0.16720366477966309,0.5339751839637756,1.4957270622253418,0.16720366477966309,0.05100229009985924,0.25697508454322815,0.14014478027820587,1.120874285697937,2.8301467895507812,1.961341142654419,5.788643836975098,0.5339751839637756,0.5800849795341492,0.04016357660293579,0.021457694470882416,0.6876906752586365,0.2874315083026886,393.6265563964844,299.18792724609375,33.042236328125,64.51811218261719,507.5758972167969,0.10550972074270248,0.11349998414516449,0.9414060711860657,3.586925506591797,1.186000108718872,0.023609811440110207,0.04000015929341316,3.38632869720459,0.5,0.11999969929456711,0.3800007998943329,-0.03863193094730377,0.36234530806541443,0.38814276456832886,0.5815192461013794,0.13430944085121155,0.3073963522911072,0.5323672890663147,0.32058417797088623,0.49403953552246094,0.4778752624988556,0.3219059705734253,1.0,0.9801127910614014,0.9687168002128601,0.23137523233890533,0.29767748713493347,0.9995999932289124,0.023000001907348633,0.007000000216066837,0.01600000075995922,1.186,0.7937656035913786,1.7390770392769441,0.22583686612211754,0.374359159468826,1.6823040122257276,2.405960065540386,0.7616331003404128,0.24823632102055132,0.11804905720055103,0.08195173926651478,333.4432578846657,0.06306346505880356,0.05776946246623993,0.29158449172973633,0.08080044388771057,0.0031871439423412085,0.2527431845664978,0.46949517726898193,0.5669410824775696,0.9687168002128601,0.9839999992400408,0.4677963151939606
bounding,2,action_space,1.0,3.4000000953674316,0.0,0.5,0.0,0.11999999731779099,0.0,0.3799999952316284,0.0,0.0,stepping_stones_easy_bound_highspeed,stepping_stones_easy,2.0,bounding,1000,0.7132033109664917,0.7132033109664917,1.2844436168670654,0.7247660160064697,0.15900245308876038,0.4789632558822632,1.6751841306686401,0.15900245308876038,0.044534243643283844,0.25127607583999634,0.14067363739013672,1.041367769241333,2.355577230453491,1.850947618484497,5.039018630981445,0.4789632558822632,0.5234603881835938,0.030962973833084106,0.01443447358906269,0.6495357751846313,0.24506926536560059,383.51861572265625,283.2236328125,34.1510124206543,65.83256530761719,444.6690673828125,0.10197091102600098,0.11824999749660492,1.0399467945098877,4.064639091491699,1.2100000381469727,0.025688864290714264,0.04000015929341316,3.385035991668701,0.5,0.11999969929456711,0.3800007998943329,0.0,0.4365696310997009,0.41984814405441284,0.6384414434432983,0.13612215220928192,0.3256581425666809,0.5768419504165649,0.29808753728866577,0.5096421241760254,0.48557066917419434,0.3323848843574524,1.0,0.9783835411071777,0.970434308052063,0.47682517766952515,0.5277165174484253,1.0,0.02500000037252903,0.0020000000949949026,0.023000001907348633,1.21,0.8594601465650826,1.8328135513320172,0.21103138070742902,0.3750648442471471,1.534788985643789,2.2447758531714133,0.7235056241547773,0.2130667675217015,0.12844432145357132,0.07155647501349449,298.58734995165526,0.12231652438640594,0.10085634887218475,0.4033506512641907,0.07685235887765884,0.00743627455085516,0.272784948348999,0.43179628252983093,0.5536348223686218,0.970434308052063,0.9769999980926514,0.48432455564800064
bounding,2,action_space,1.0,3.4000000953674316,0.0,0.5,0.0,0.11999999731779099,0.0,0.3799999952316284,1.0,0.03999999910593033,stepping_stones_easy_bound_highspeed,stepping_stones_easy,2.0,bounding,1000,0.6640495657920837,0.6640495657920837,1.1930725574493408,0.8153608441352844,0.17068803310394287,0.5448586344718933,1.3198180198669434,0.17068803310394287,0.04980631172657013,0.2496582269668579,0.13475772738456726,1.1969707012176514,3.5965404510498047,1.8559685945510864,5.288316249847412,0.5448586344718933,0.6517530679702759,0.04123447462916374,0.024126850068569183,0.67974853515625,0.27561599016189575,409.2270202636719,310.24359130859375,32.272239685058594,63.35823059082031,425.4864196777344,0.10695819556713104,0.1186666488647461,0.9975268840789795,3.8453526496887207,1.1560001373291016,0.023861460387706757,0.04000015929341316,3.386209487915039,0.5,0.11999969929456711,0.3800007998943329,0.038620058447122574,0.3894607424736023,0.38916534185409546,0.5937179327011108,0.1411794126033783,0.2986339032649994,0.5340545177459717,0.33625248074531555,0.5145342350006104,0.49032437801361084,0.3251255750656128,1.0,0.9801128506660461,0.9687350392341614,0.2315599024295807,0.2998121976852417,0.9996000528335571,0.02199999988079071,0.0010000000474974513,0.021000001579523087,1.156,0.8629124519321745,1.8238501945228358,0.22317327735768486,0.3670936220973708,1.8964547057733292,2.2996339382274327,0.8073122493622129,0.2556586096687004,0.11930730193853378,0.08069349452853203,343.00262604191875,0.07000048458576202,0.051369573920965195,0.27056944370269775,0.09867297112941742,0.004036732949316502,0.256789892911911,0.4353489577770233,0.5524826645851135,0.9687350392341614,0.9789999984204769,0.4617024081710138
bounding,2,action_space,1.0,3.4000000953674316,0.0,0.5,0.0,0.11999999731779099,1.0,0.3799999952316284,-1.0,-0.03999999910593033,stepping_stones_easy_bound_highspeed,stepping_stones_easy,2.0,bounding,1000,0.6357474327087402,0.6357474327087402,1.209947109222412,0.7955973148345947,0.16212713718414307,0.5062060952186584,1.701775074005127,0.16212713718414307,0.044270578771829605,0.2698182463645935,0.15882351994514465,1.0064406394958496,2.1575725078582764,1.9263204336166382,5.514603614807129,0.5062060952186584,0.517321765422821,0.03538402169942856,0.010459236800670624,0.6657766699790955,0.2820797860622406,384.7649841308594,288.3009338378906,33.43096923828125,64.2316665649414,374.62249755859375,0.10210806131362915,0.11799998581409454,0.9806010723114014,3.699871778488159,1.189000129699707,0.024198947474360466,0.04000015929341316,3.3858766555786133,0.5,0.11999969929456711,0.3800007998943329,-0.03858673572540283,0.37731143832206726,0.38745808601379395,0.6000350117683411,0.13709792494773865,0.3176511526107788,0.5351960062980652,0.26470622420310974,0.47682076692581177,0.47517693042755127,0.32749927043914795,1.0,0.9792481660842896,0.9637666940689087,0.11857602000236511,0.19651754200458527,0.9994000196456909,0.024000000208616257,0.004999999888241291,0.01900000125169754,1.189,0.824727513190575,1.764015504402943,0.2104057479533998,0.39852668661602153,1.468867763911468,2.3483193170450924,0.7192508362336613,0.2141103885851856,0.12099473737180233,0.07900605909526348,318.00149047683044,0.07950778305530548,0.07711587846279144,0.3997702896595001,0.0752314031124115,0.003547203028574586,0.26406675577163696,0.45935237407684326,0.5543273091316223,0.9637666940689087,0.9809999987483025,0.47849226742982864
bounding,2,action_space,1.0,3.4000000953674316,0.0,0.5,0.0,0.11999999731779099,1.0,0.3799999952316284,0.0,0.0,stepping_stones_easy_bound_highspeed,stepping_stones_easy,2.0,bounding,1000,0.6516825556755066,0.6516825556755066,1.1590162515640259,0.8479810357093811,0.1670994758605957,0.5771097540855408,1.614945888519287,0.1670994758605957,0.048975251615047455,0.261680543422699,0.14759930968284607,1.2155227661132812,3.9679477214813232,1.8948407173156738,5.429956436157227,0.5771097540855408,0.681463360786438,0.04019291326403618,0.01674594171345234,0.6882156729698181,0.3148759603500366,403.3365783691406,304.5972900390625,32.88555908203125,63.27696990966797,418.1622619628906,0.10891219973564148,0.11099999397993088,0.8856903314590454,3.2770142555236816,1.1700000762939453,0.02318032830953598,0.04000015929341316,3.38621187210083,0.5,0.11999969929456711,0.3800007998943329,0.0,0.3588193356990814,0.36902159452438354,0.583745002746582,0.13922670483589172,0.29348206520080566,0.5105697512626648,0.27003294229507446,0.49616315960884094,0.47935113310813904,0.317710280418396,1.0,0.9801128506660461,0.9687350988388062,0.23155637085437775,0.29978886246681213,0.9991999864578247,0.023000001907348633,0.004000000189989805,0.01900000125169754,1.17,0.7570002629206731,1.673579040126982,0.22130352824807709,0.38418655583303024,1.9919708134110106,2.3302266920102914,0.82550794108018,0.23861863920802273,0.1159016415476799,0.08409915491938591,347.9990706125657,0.056343551725149155,0.03577318787574768,0.32021036744117737,0.07468686997890472,0.0018408659379929304,0.2524779438972473,0.4964776933193207,0.5740723013877869,0.9687350988388062,0.9809999987483025,0.4720114473449557
bounding,2,action_space,1.0,3.4000000953674316,0.0,0.5,0.0,0.11999999731779099,1.0,0.3799999952316284,1.0,0.03999999910593033,stepping_stones_easy_bound_highspeed,stepping_stones_easy,2.0,bounding,1000,0.6477749347686768,0.6477749347686768,1.2744905948638916,0.7331026792526245,0.1562139093875885,0.5049261450767517,1.4887592792510986,0.1562139093875885,0.04121796786785126,0.25196006894111633,0.15087857842445374,1.0454254150390625,2.3502655029296875,1.9101942777633667,5.248115539550781,0.5049261450767517,0.512553334236145,0.029178597033023834,0.011021129786968231,0.6402769088745117,0.2562486231327057,367.2392883300781,270.3212890625,34.320674896240234,65.21200561523438,397.3216552734375,0.10214193165302277,0.11858333647251129,1.0610241889953613,4.062119483947754,1.2039999961853027,0.025489814579486847,0.04000015929341316,3.3845386505126953,0.5,0.11999969929456711,0.3800007998943329,0.03845299035310745,0.4115784764289856,0.39280688762664795,0.6328238248825073,0.13007979094982147,0.3108895421028137,0.5462930202484131,0.302417516708374,0.5144091844558716,0.48046523332595825,0.3349575996398926,1.0,0.9775188565254211,0.960548460483551,0.12113742530345917,0.20740360021591187,0.9998000264167786,0.02500000037252903,0.004999999888241291,0.020000001415610313,1.204,0.8812493105663414,1.8368052461762532,0.20302208714288023,0.3884309184712949,1.5330575667370379,2.2908765875862414,0.715928302441065,0.20049869530745595,0.12744907289743423,0.07255172356963158,288.14593831451316,0.11651233583688736,0.0781204029917717,0.44753769040107727,0.09895216673612595,0.005946381948888302,0.2778833508491516,0.4302179515361786,0.5527128577232361,0.960548460483551,0.9799999985843897,0.49074706601861284
bounding,2,action_space,1.0,3.4000000953674316,0.0,0.5,1.0,0.11999999731779099,-1.0,0.3400000035762787,-1.0,-0.03999999910593033,stepping_stones_easy_bound_highspeed,stepping_stones_easy,2.0,bounding,1000,0.6375924348831177,0.6375924348831177,1.2722338438034058,0.7365802526473999,0.16451796889305115,0.523829460144043,1.4446074962615967,0.16451796889305115,0.04666999727487564,0.2731480300426483,0.1555280089378357,1.0936095714569092,2.5378963947296143,1.9344761371612549,5.656530380249023,0.523829460144043,0.5801862478256226,0.038838692009449005,0.011098152957856655,0.6542571783065796,0.25915107131004333,390.24664306640625,289.9297790527344,33.989219665527344,65.64726257324219,489.68572998046875,0.10465528815984726,0.12849998474121094,1.02212655544281,3.842794418334961,1.2100000381469727,0.025444671511650085,0.04000015929341316,3.383910655975342,0.5,0.11999969929456711,0.34160906076431274,-0.03839021921157837,0.4080355167388916,0.39550286531448364,0.6184329986572266,0.13929326832294464,0.30151307582855225,0.5427492260932922,0.3083288073539734,0.4720888137817383,0.4855741262435913,0.332284539937973,1.0,0.9766541719436646,0.9550768136978149,0.06746614724397659,0.16239657998085022,0.9996000528335571,0.026000000536441803,0.004999999888241291,0.021000001579523087,1.21,0.844732666015625,1.782095105904897,0.21603239866944876,0.3943703956153855,1.5930776486818257,2.3783461439094653,0.7616995784596592,0.22346553418213214,0.12722335755825043,0.07277743890881538,306.7412842121419,0.11415457725524902,0.06431431323289871,0.36834439635276794,0.0927351787686348,0.005611026659607887,0.27022120356559753,0.45204851031303406,0.5259758830070496,0.9550768136978149,0.9789999984204769,0.4784190523389139
bounding,2,action_space,1.0,3.4000000953674316,0.0,0.5,1.0,0.11999999731779099,-1.0,0.3400000035762787,0.0,0.0,stepping_stones_easy_bound_highspeed,stepping_stones_easy,2.0,bounding,1000,0.6481438875198364,0.6481438875198364,1.246534824371338,0.7622955441474915,0.1646144688129425,0.5117614269256592,1.5070250034332275,0.1646144688129425,0.04862102121114731,0.25557687878608704,0.14463035762310028,1.061594843864441,2.446932077407837,1.9049614667892456,5.375750541687012,0.5117614269256592,0.5960217714309692,0.04029282554984093,0.020022040233016014,0.6813368201255798,0.2700079381465912,406.87762451171875,306.44659423828125,34.718467712402344,67.09765625,451.9028625488281,0.10256291180849075,0.12533333897590637,1.0151609182357788,3.7646942138671875,1.184000015258789,0.024930693209171295,0.04000015929341316,3.3844127655029297,0.5,0.11999969929456711,0.34155869483947754,0.0,0.40722861886024475,0.40739431977272034,0.6097797155380249,0.1385553777217865,0.32065343856811523,0.5570436716079712,0.32240593433380127,0.5055521726608276,0.49040353298187256,0.327201783657074,1.0,0.9775189161300659,0.960472047328949,0.12129785120487213,0.20920661091804504,0.9994000196456909,0.026000000536441803,0.007000000216066837,0.01900000125169754,1.184,0.8573993476661476,1.7831545289273152,0.22050174877117712,0.3803029813492136,1.56426726533794,2.318566484206785,0.7720244629744379,0.24559085036470096,0.12465346604585648,0.07534733042120934,326.4069455234983,0.09784428030252457,0.07287587970495224,0.29930347204208374,0.08378967642784119,0.004515863489359617,0.25597548484802246,0.4516218602657318,0.5343700647354126,0.960472047328949,0.9809999987483025,0.4681311292867912
bounding,2,action_space,1.0,3.4000000953674316,0.0,0.5,1.0,0.11999999731779099,-1.0,0.3400000035762787,1.0,0.03999999910593033,stepping_stones_easy_bound_highspeed,stepping_stones_easy,2.0,bounding,1000,0.6204229593276978,0.6204229593276978,1.1646521091461182,0.8400940895080566,0.1576540470123291,0.5464292168617249,1.862626075744629,0.1576540470123291,0.04316921532154083,0.2457469254732132,0.1368119865655899,1.1678931713104248,2.8952343463897705,1.9002848863601685,5.457680702209473,0.5464292168617249,0.5765299201011658,0.03391122817993164,0.015355702489614487,0.6538751125335693,0.29023343324661255,374.802978515625,278.6070556640625,33.64823913574219,65.50048828125,454.3490295410156,0.10266697406768799,0.12133334577083588,0.8769372701644897,3.270382881164551,1.1649999618530273,0.0232930276542902,0.04000015929341316,3.386385202407837,0.5,0.11999969929456711,0.341361403465271,0.038637589663267136,0.3500993251800537,0.3727632761001587,0.6021137237548828,0.14487957954406738,0.2868880331516266,0.5210104584693909,0.2483009696006775,0.5265135765075684,0.46816980838775635,0.33012712001800537,1.0,0.9801128506660461,0.9617645740509033,0.06344563513994217,0.14364179968833923,0.9996000528335571,0.023000001907348633,0.003000000026077032,0.019999999552965164,1.165,0.7527358419393777,1.6754686919329564,0.20777202728360916,0.3698810438040721,1.7015388171857175,2.336167952483184,0.7592956737010726,0.22196155223269215,0.116465138271451,0.08353565819561481,321.81539497697497,0.0594254694879055,0.05049661919474602,0.3733128011226654,0.06548001617193222,0.0030134536791592836,0.27042776346206665,0.49569281935691833,0.5451650023460388,0.9617645740509033,0.9800000004470348,0.47269895966900016
bounding,2,action_space,1.0,3.4000000953674316,0.0,0.5,1.0,0.11999999731779099,0.0,0.3799999952316284,-1.0,-0.03999999910593033,stepping_stones_easy_bound_highspeed,stepping_stones_easy,2.0,bounding,1000,0.6512274146080017,0.6512274146080017,1.271649956703186,0.7397026419639587,0.1469208002090454,0.48900970816612244,1.4990366697311401,0.1469208002090454,0.0392955057322979,0.2508237957954407,0.13840019702911377,1.0472099781036377,2.3731956481933594,1.8713732957839966,5.258543968200684,0.48900970816612244,0.5066366791725159,0.0307462215423584,0.013166899792850018,0.6591118574142456,0.2537590563297272,390.78533935546875,294.922607421875,33.67289733886719,64.56537628173828,433.6803894042969,0.10470113158226013,0.12533333897590637,0.9328758716583252,3.5261459350585938,1.2109999656677246,0.025433005765080452,0.04000015929341316,3.3856067657470703,0.5,0.11999969929456711,0.3800007998943329,-0.03855977952480316,0.43608558177948,0.40462633967399597,0.6281977891921997,0.13981401920318604,0.32781440019607544,0.5592396855354309,0.30993467569351196,0.5053141117095947,0.4729487895965576,0.3310021758079529,1.0,0.9792481660842896,0.963512659072876,0.11895159631967545,0.20013347268104553,0.9998000264167786,0.024000000208616257,0.004000000189989805,0.020000001415610313,1.211,0.7703351399605182,1.7063890607701517,0.19823094040108344,0.3720217695634407,1.5405179804836293,2.2931515362488986,0.7117841520942397,0.2095545784162408,0.12716502882540226,0.07283576764166355,307.3057465975925,0.11206907033920288,0.09151019155979156,0.4155042767524719,0.10177949070930481,0.006249954923987389,0.26761022210121155,0.48290231823921204,0.5343700647354126,0.963512659072876,0.9799999985843897,0.4887399380340389
bounding,2,action_space,1.0,3.4000000953674316,0.0,0.5,1.0,0.11999999731779099,0.0,0.3799999952316284,0.0,0.0,stepping_stones_easy_bound_highspeed,stepping_stones_easy,2.0,bounding,1000,0.6489206552505493,0.6489206552505493,1.1223418712615967,0.8859338760375977,0.16647839546203613,0.5885869264602661,1.6040122509002686,0.16647839546203613,0.05045834928750992,0.2548644542694092,0.1400800347328186,1.2462794780731201,3.342525005340576,1.9477605819702148,5.653040885925293,0.5885869264602661,0.6916940212249756,0.04064237326383591,0.019563842564821243,0.7066102027893066,0.2880561351776123,406.9268798828125,310.01068115234375,32.987937927246094,64.00505065917969,358.3385314941406,0.10826970636844635,0.11008331179618835,0.9427794218063354,3.58484148979187,1.1590001583099365,0.022446835413575172,0.04000015929341316,3.386129856109619,0.5,0.11999969929456711,0.3800007998943329,0.0,0.33570167422294617,0.35551148653030396,0.5767807364463806,0.13516154885292053,0.2875247895717621,0.4957912564277649,0.2809898853302002,0.5000190734863281,0.46858954429626465,0.3109772205352783,1.0,0.9801128506660461,0.9686471223831177,0.23172220587730408,0.3005434572696686,0.9994000196456909,0.023000001907348633,0.004000000189989805,0.01900000125169754,1.159,0.8134421216094154,1.758706018113371,0.22462935980746132,0.37427267430687294,1.8282573684633616,2.3776124339188027,0.831681442154973,0.24536954951390597,0.11223417706787586,0.08776661939918995,362.56945437257554,0.043303776532411575,0.03129347413778305,0.29995453357696533,0.07330113649368286,0.0031475757714360952,0.243358314037323,0.46150529384613037,0.576709508895874,0.9686471223831177,0.9809999987483025,0.46339798248127895
bounding,2,action_space,1.0,3.4000000953674316,0.0,0.5,1.0,0.11999999731779099,0.0,0.3799999952316284,1.0,0.03999999910593033,stepping_stones_easy_bound_highspeed,stepping_stones_easy,2.0,bounding,1000,0.6444119215011597,0.6444119215011597,1.221527338027954,0.7894662022590637,0.160776287317276,0.5031731128692627,1.5060572624206543,0.160776287317276,0.04529840499162674,0.26043474674224854,0.15193790197372437,1.0780062675476074,2.538801431655884,1.8517508506774902,5.229898452758789,0.5031731128692627,0.5276200175285339,0.03847905993461609,0.02187209203839302,0.6800666451454163,0.23576217889785767,405.5941162109375,306.5750732421875,32.803497314453125,64.06001281738281,280.5394287109375,0.10682982206344604,0.12208333611488342,0.8972281217575073,3.2973928451538086,1.1850000619888306,0.02443055436015129,0.04000015929341316,3.385354995727539,0.5,0.11999969929456711,0.3800007998943329,0.038534604012966156,0.4052615165710449,0.40353924036026,0.6052761077880859,0.1402873545885086,0.3169119954109192,0.5532325506210327,0.30212104320526123,0.5040907859802246,0.5012074708938599,0.3287520408630371,1.0,0.9783835411071777,0.9622741937637329,0.11965861171483994,0.20010553300380707,0.9991999864578247,0.02500000223517418,0.004999999888241291,0.020000001415610313,1.185,0.7571544534546414,1.668115634651753,0.21283421950341241,0.38979212661843793,1.5933616763484315,2.28689712334394,0.7263745710916193,0.24566471454608435,0.12215277180075645,0.07784802466630936,332.03850915504904,0.08265934139490128,0.07951323688030243,0.299086332321167,0.08963356167078018,0.00895768590271473,0.25662657618522644,0.4987489581108093,0.5431245565414429,0.9622741937637329,0.9799999985843897,0.47174735808450924
bounding,2,action_space,1.0,3.4000000953674316,0.0,0.5,1.0,0.11999999731779099,1.0,0.3799999952316284,-1.0,-0.03999999910593033,stepping_stones_easy_bound_highspeed,stepping_stones_easy,2.0,bounding,1000,0.6312637329101562,0.6312637329101562,1.2344226837158203,0.7745890617370605,0.16910183429718018,0.5430877208709717,1.5225396156311035,0.16910183429718018,0.05191048979759216,0.252991646528244,0.13264992833137512,1.0598444938659668,2.405351400375366,1.9153151512145996,5.508172512054443,0.5430877208709717,0.5751936435699463,0.031227601692080498,0.013090545311570168,0.6641573309898376,0.30863428115844727,385.9320983886719,290.8931884765625,33.916297912597656,65.45023345947266,432.0106506347656,0.10286374390125275,0.11916665732860565,0.9752506613731384,3.5752058029174805,1.2130000591278076,0.024688463658094406,0.04000015929341316,3.386338710784912,0.5,0.11999969929456711,0.3800007998943329,-0.038632988929748535,0.38336843252182007,0.3693583607673645,0.6097582578659058,0.13439440727233887,0.31396716833114624,0.5161332488059998,0.30709928274154663,0.48566341400146484,0.4667905867099762,0.32647937536239624,1.0,0.9801128506660461,0.9617512226104736,0.06347832083702087,0.14398625493049622,0.9998000264167786,0.023000001907348633,0.007000000216066837,0.01600000075995922,1.213,0.8039988543706204,1.7168015964831036,0.22783873638517257,0.3642113786407217,1.5509195338170727,2.3469496185590444,0.758415218445639,0.210518756892707,0.12344231829047203,0.07655847817659378,312.64177455565806,0.0907222256064415,0.0523688867688179,0.4121520519256592,0.07724682241678238,0.0020856272894889116,0.2649233639240265,0.4786182641983032,0.5511031150817871,0.9617512226104736,0.9839999992400408,0.4846684643508573
bounding,2,action_space,1.0,3.4000000953674316,0.0,0.5,1.0,0.11999999731779099,1.0,0.3799999952316284,0.0,0.0,stepping_stones_easy_bound_highspeed,stepping_stones_easy,2.0,bounding,1000,0.6516550779342651,0.6516550779342651,1.2521250247955322,0.7536215782165527,0.15526433289051056,0.4732443392276764,1.447028398513794,0.15526433289051056,0.0428011417388916,0.24508219957351685,0.13660940527915955,1.0434954166412354,2.534482002258301,1.9125092029571533,5.33489465713501,0.4732443392276764,0.4739299416542053,0.033104971051216125,0.01430598832666874,0.6551334857940674,0.23706486821174622,394.2841796875,295.04705810546875,34.105194091796875,65.18817138671875,560.6927490234375,0.10418075323104858,0.11674999445676804,0.9678092002868652,3.582047462463379,1.2009999752044678,0.02504250407218933,0.04000015929341316,3.3845372200012207,0.5,0.11999969929456711,0.3800007998943329,0.0,0.41006410121917725,0.42156875133514404,0.6296262741088867,0.14018887281417847,0.3340565860271454,0.57570880651474,0.33374306559562683,0.5309925079345703,0.4942145347595215,0.3345946669578552,1.0,0.9775189161300659,0.9605482816696167,0.12113886326551437,0.2074131816625595,0.9998000264167786,0.026000000536441803,0.004000000189989805,0.02199999988079071,1.201,0.8058360891477154,1.7270072402071552,0.20688436803898838,0.3696070958181939,1.592005653965557,2.309739088541173,0.6884256979908618,0.21774057816099612,0.12521252036094666,0.07478827610611916,314.89202106785245,0.10312824696302414,0.10650087147951126,0.387430340051651,0.09995339810848236,0.008727317675948143,0.2697480320930481,0.47443127632141113,0.5578027367591858,0.9605482816696167,0.9780000001192093,0.4863848913657038
bounding,2,action_space,1.0,3.4000000953674316,0.0,0.5,1.0,0.11999999731779099,1.0,0.3799999952316284,1.0,0.03999999910593033,stepping_stones_easy_bound_highspeed,stepping_stones_easy,2.0,bounding,1000,0.6444387435913086,0.6444387435913086,1.2694464921951294,0.7400364875793457,0.15424281358718872,0.4772709012031555,1.2872134447097778,0.15424281358718872,0.04080520570278168,0.25288766622543335,0.1425112932920456,1.025700569152832,2.0703258514404297,1.894884467124939,5.3215532302856445,0.4772709012031555,0.4855461120605469,0.02935872972011566,0.009133497253060341,0.6453877687454224,0.2906205952167511,377.422119140625,282.2174987792969,33.69495391845703,64.33489990234375,468.705810546875,0.10093361139297485,0.11550000309944153,0.971534252166748,3.5893945693969727,1.2030000686645508,0.0253889262676239,0.04000015929341316,3.3850080966949463,0.5,0.11999969929456711,0.3800007998943329,0.038500018417835236,0.41734063625335693,0.41934704780578613,0.6329535245895386,0.14390747249126434,0.317130446434021,0.5711537599563599,0.3479442596435547,0.510668158531189,0.4716363549232483,0.3360510468482971,1.0,0.9783835411071777,0.9583152532577515,0.06556856632232666,0.154791921377182,1.0,0.02500000037252903,0.006000000052154064,0.01900000125169754,1.203,0.8075928343204489,1.7273397608175487,0.20200298439077993,0.3775066797979151,1.438862693741286,2.306849199727985,0.6968113891581759,0.19619436019716777,0.1269446313381195,0.0730561651289463,297.31234948547217,0.11184781789779663,0.1025017723441124,0.4630850553512573,0.12205085158348083,0.0029902097303420305,0.2750573754310608,0.474295049905777,0.5612998604774475,0.9583152532577515,0.9809999987483025,0.5000931977441436
pacing,3,action_space,-1.0,2.0999999046325684,0.0,0.5,-1.0,0.08999999612569809,-1.0,0.3400000035762787,-1.0,-0.03999999910593033,stepping_stones_easy_bound_highspeed,stepping_stones_easy,2.0,bounding,1000,0.5956763029098511,0.5956763029098511,1.2398998737335205,0.7651476860046387,0.2938094139099121,0.6201910376548767,1.4846724271774292,0.2938094139099121,0.13100510835647583,0.2803724408149719,0.15078474581241608,1.3955481052398682,3.9901576042175293,0.9034676551818848,1.5170962810516357,0.6201910376548767,0.8771892189979553,0.025316724553704262,0.023049132898449898,0.5706048607826233,0.29300346970558167,328.4820556640625,249.41619873046875,33.09326934814453,66.99807739257812,269.60113525390625,0.10230934619903564,0.12449997663497925,0.5889067649841309,2.1254849433898926,0.8190000653266907,0.024797996506094933,0.04000015929341316,2.114999771118164,0.5,0.0911252349615097,0.34149956703186035,-0.03849963843822479,0.3793085813522339,0.35961055755615234,0.6583117246627808,0.33073705434799194,0.23964092135429382,0.5026060342788696,0.19461590051651,0.4414748549461365,0.46174168586730957,0.38858562707901,0.6390657424926758,0.9783835411071777,0.9583152532577515,0.0655708834528923,0.15480805933475494,0.9998000264167786,0.02500000223517418,0.003000000026077032,0.02199999988079071,0.819,0.7190558464972527,1.6109685326802692,0.36194627827410497,0.3883101155164723,1.9975378855524941,1.231704624109058,0.936583802442662,0.2199223896108674,0.12398998253047466,0.07601081393659115,264.92627559913757,0.09615401923656464,0.021357137709856033,0.38010141253471375,0.01649373769760132,0.0028510461561381817,0.3194323778152466,0.5226700305938721,0.5366013050079346,0.9583152532577515,0.9780000001192093,0.4787723665174685
pacing,3,action_space,-1.0,2.0999999046325684,0.0,0.5,-1.0,0.08999999612569809,-1.0,0.3400000035762787,0.0,0.0,stepping_stones_easy_bound_highspeed,stepping_stones_easy,2.0,bounding,1000,0.5989259481430054,0.5989259481430054,1.1809024810791016,0.82132887840271,0.29387205839157104,0.680883526802063,1.4966387748718262,0.29387205839157104,0.13552546501159668,0.2558443546295166,0.13483566045761108,1.4497175216674805,4.490281581878662,0.9344950914382935,1.6290197372436523,0.680883526802063,1.0352612733840942,0.02029547281563282,0.03124065324664116,0.6066737771034241,0.282944917678833,343.70001220703125,265.95452880859375,33.37595748901367,66.20556640625,472.70819091796875,0.09980380535125732,0.1302499771118164,0.614871084690094,2.1962924003601074,0.8159999847412109,0.023618055507540703,0.04000015929341316,2.1143174171447754,0.5,0.09107416868209839,0.34143126010894775,0.0,0.3490850329399109,0.3224889636039734,0.6544129848480225,0.32547610998153687,0.2198908030986786,0.4616837501525879,0.19308868050575256,0.4756312072277069,0.4555867910385132,0.37208127975463867,0.6384271383285522,0.9792481660842896,0.9635404348373413,0.11885666847229004,0.19915500283241272,0.9994000196456909,0.024000000208616257,0.004000000189989805,0.020000001415610313,0.816,0.7535184972426471,1.6405898032522428,0.3681378342572204,0.3671997555249882,2.1190284523523184,1.276330575220876,1.017477898228799,0.22701569562978235,0.11809027753770351,0.0819105189293623,291.0485986048232,0.06731821596622467,0.0096961734816432,0.35674911737442017,0.014888769946992397,0.003486355533823371,0.2972007095813751,0.510235071182251,0.5213937163352966,0.9635404348373413,0.9799999985843897,0.46581309916157476
pacing,3,action_space,-1.0,2.0999999046325684,0.0,0.5,-1.0,0.08999999612569809,-1.0,0.3400000035762787,1.0,0.03999999910593033,stepping_stones_easy_bound_highspeed,stepping_stones_easy,2.0,bounding,1000,0.6040997505187988,0.6040997505187988,1.3187777996063232,0.6880525350570679,0.27959537506103516,0.5840902328491211,1.537745714187622,0.27959537506103516,0.11826149374246597,0.25353679060935974,0.1364632397890091,1.3599882125854492,3.668091297149658,0.8218179941177368,1.2532724142074585,0.5840902328491211,0.794775664806366,0.01535765826702118,0.01645294763147831,0.5628382563591003,0.29744136333465576,306.72674560546875,228.27047729492188,34.8304443359375,69.17594909667969,355.5424499511719,0.09554615616798401,0.12358333170413971,0.6614428758621216,2.3855206966400146,0.8410000801086426,0.02637554332613945,0.04000015929341316,2.115518093109131,0.5,0.09116411954164505,0.34155142307281494,0.03844783082604408,0.42295148968696594,0.36115920543670654,0.701894223690033,0.3488005995750427,0.24353894591331482,0.5096430778503418,0.18645621836185455,0.5050978660583496,0.463545560836792,0.38862812519073486,0.6395518779754639,0.9775188565254211,0.9566848278045654,0.06650280952453613,0.1585710048675537,0.9996000528335571,0.02500000223517418,0.007000000216066837,0.018000001087784767,0.841,0.7864956850104042,1.6841996754378463,0.3438916889697481,0.3694093119955277,1.9152261738890417,1.1194965003105006,0.8915019152006158,0.1783552799849208,0.13187771663069725,0.06812307983636856,232.58409847135104,0.15051911771297455,0.032987918704748154,0.5292935371398926,0.020181769505143166,0.002608898328617215,0.324432909488678,0.4920710623264313,0.5390663146972656,0.9566848278045654,0.9819999989122152,0.5047610214862385
pacing,3,action_space,-1.0,2.0999999046325684,0.0,0.5,-1.0,0.08999999612569809,0.0,0.3799999952316284,-1.0,-0.03999999910593033,stepping_stones_easy_bound_highspeed,stepping_stones_easy,2.0,bounding,1000,0.6078894734382629,0.6078894734382629,1.2844270467758179,0.7199152708053589,0.29797831177711487,0.6202288866043091,1.4218814373016357,0.29797831177711487,0.13462626934051514,0.27068212628364563,0.1300683617591858,1.3948869705200195,3.5878467559814453,0.8192293643951416,1.2188242673873901,0.6202288866043091,0.8860329389572144,0.014168987981975079,0.014996347948908806,0.5600998401641846,0.2523980438709259,311.58673095703125,236.36294555664062,34.16347885131836,67.48692321777344,338.3548583984375,0.09517467767000198,0.1457500010728836,0.5872006416320801,2.0770578384399414,0.8360000848770142,0.02568853087723255,0.04000015929341316,2.113194465637207,0.5,0.09098996967077255,0.3800007998943329,-0.03868008404970169,0.40007928013801575,0.3600810468196869,0.6765668392181396,0.3440859317779541,0.23027828335762024,0.5008975267410278,0.1916649490594864,0.43529844284057617,0.4481883645057678,0.3885219991207123,0.6373746991157532,0.980977475643158,0.966553270816803,0.11659648269414902,0.19100028276443481,1.0,0.02200000174343586,0.004999999888241291,0.017000000923871994,0.836,0.7023931621934809,1.5762356044850312,0.3669145259328324,0.3606499157897944,1.8941612275573179,1.104003744281418,0.9412932268731218,0.1707786167261109,0.12844265438616276,0.07155814208090305,242.5881109707083,0.1257936954498291,0.02134711481630802,0.5580499768257141,0.016335630789399147,0.006422416772693396,0.32621464133262634,0.537337064743042,0.4825117588043213,0.966553270816803,0.982999999076128,0.4976023325794621
pacing,3,action_space,-1.0,2.0999999046325684,0.0,0.5,-1.0,0.08999999612569809,0.0,0.3799999952316284,0.0,0.0,stepping_stones_easy_bound_highspeed,stepping_stones_easy,2.0,bounding,1000,0.6165057420730591,0.6165057420730591,1.162013292312622,0.8412035703659058,0.2813224196434021,0.657336950302124,1.6960972547531128,0.2813224196434021,0.11901342868804932,0.2559409737586975,0.12574800848960876,1.4145610332489014,4.008229732513428,0.8727758526802063,1.388358235359192,0.657336950302124,0.946651816368103,0.01775985211133957,0.021884873509407043,0.5901938676834106,0.31730228662490845,329.4024658203125,253.69781494140625,33.433448791503906,66.49070739746094,376.0002136230469,0.09752397239208221,0.12599998712539673,0.6216002702713013,2.226855993270874,0.843000054359436,0.02324027381837368,0.04000015929341316,2.113201141357422,0.5,0.09099046885967255,0.3800007998943329,0.0,0.34586772322654724,0.3349798917770386,0.647470235824585,0.3433974087238312,0.22727236151695251,0.4772832691669464,0.1816798448562622,0.46922409534454346,0.44425642490386963,0.37637394666671753,0.6373808979988098,0.9809775352478027,0.9700942039489746,0.23028069734573364,0.29562902450561523,1.0,0.02200000174343586,0.0020000000949949026,0.020000001415610313,0.843,0.7373668086910588,1.6252952855286404,0.3449832295750756,0.3546096565092507,2.002056375957837,1.1782861432433092,0.9729603364824811,0.199109833058909,0.1162013690918684,0.08379942737519741,283.4756435227522,0.05898372828960419,0.013287672773003578,0.4525330364704132,0.016969019547104836,0.001753668300807476,0.3071596324443817,0.5166465640068054,0.5325918197631836,0.9700942039489746,0.9799999985843897,0.477343436036455
pacing,3,action_space,-1.0,2.0999999046325684,0.0,0.5,-1.0,0.08999999612569809,0.0,0.3799999952316284,1.0,0.03999999910593033,stepping_stones_easy_bound_highspeed,stepping_stones_easy,2.0,bounding,1000,0.6026268601417542,0.6026268601417542,1.2803573608398438,0.7233504056930542,0.28666913509368896,0.6433365345001221,1.7789697647094727,0.28666913509368896,0.12789663672447205,0.250863254070282,0.12374944984912872,1.3018178939819336,3.2906246185302734,0.8396368622779846,1.23347806930542,0.6433365345001221,0.8789174556732178,0.016290675848722458,0.016228867694735527,0.5633630752563477,0.2764519155025482,305.34088134765625,230.0921173095703,33.85470962524414,66.68778228759766,270.85369873046875,0.09512170404195786,0.14091667532920837,0.6692326068878174,2.4353742599487305,0.843000054359436,0.025607148185372353,0.04000015929341316,2.1138112545013428,0.5,0.09103617072105408,0.3800007998943329,0.03861844539642334,0.3858260214328766,0.3238574266433716,0.682995617389679,0.34076616168022156,0.2429080307483673,0.46866363286972046,0.16267937421798706,0.4865839183330536,0.45527535676956177,0.3836435079574585,0.6379523277282715,0.9801128506660461,0.965031623840332,0.11779069900512695,0.1956925392150879,1.0,0.023000001907348633,0.0020000000949949026,0.021000001579523087,0.843,0.7938701588912367,1.6996873704015718,0.35762639265645935,0.35178040003548905,1.8140078882216233,1.110620578462969,0.9375059763400007,0.18033175966384288,0.12803574092686176,0.07196505554020405,238.4809824870843,0.12332363426685333,0.015941672027111053,0.5218417644500732,0.013076970353722572,0.003969804383814335,0.3240925371646881,0.4856659173965454,0.4943144619464874,0.965031623840332,0.9789999984204769,0.4883713283036885
pacing,3,action_space,-1.0,2.0999999046325684,0.0,0.5,-1.0,0.08999999612569809,1.0,0.3799999952316284,-1.0,-0.03999999910593033,stepping_stones_easy_bound_highspeed,stepping_stones_easy,2.0,bounding,1000,0.5734879374504089,0.5734879374504089,1.0924172401428223,0.9093179106712341,0.30498284101486206,0.7257753014564514,1.6734917163848877,0.30498284101486206,0.14015857875347137,0.2723775804042816,0.1350998878479004,1.5265450477600098,4.710594177246094,0.9199402332305908,1.5254946947097778,0.7257753014564514,1.135132074356079,0.020962949842214584,0.030173342674970627,0.6063870191574097,0.30203497409820557,339.47369384765625,263.1121826171875,33.080970764160156,65.3956298828125,390.3970947265625,0.09807157516479492,0.13116666674613953,0.5591983795166016,1.8976054191589355,0.8320000171661377,0.021848337724804878,0.04000015929341316,2.1130642890930176,0.5,0.09098027646541595,0.3800007998943329,-0.03869299590587616,0.2994295358657837,0.3110143542289734,0.6073936223983765,0.3213186264038086,0.21678736805915833,0.4455011487007141,0.14883625507354736,0.4452809691429138,0.43775153160095215,0.3732633888721466,0.6372532844543457,0.980977475643158,0.9634184837341309,0.062485963106155396,0.13942481577396393,0.9994000196456909,0.02200000174343586,0.004000000189989805,0.018000001087784767,0.832,0.6721134185791016,1.5102236623585947,0.37437758847648905,0.3675593664265684,2.170390328315645,1.235109183315296,1.0654257713966182,0.22613335118284789,0.10924168862402439,0.09075910784304142,310.75461039343685,0.036609914153814316,0.005156496074050665,0.3596133589744568,0.011371294967830181,0.002379893558099866,0.2973712086677551,0.5654157996177673,0.5190093517303467,0.9634184837341309,0.9819999989122152,0.46521312410109916
pacing,3,action_space,-1.0,2.0999999046325684,0.0,0.5,-1.0,0.08999999612569809,1.0,0.3799999952316284,0.0,0.0,stepping_stones_easy_bound_highspeed,stepping_stones_easy,2.0,bounding,1000,0.5981894731521606,0.5981894731521606,1.19215989112854,0.8101792335510254,0.28399115800857544,0.649935245513916,1.4369415044784546,0.28399115800857544,0.12085431069135666,0.2620415687561035,0.13342127203941345,1.3699774742126465,3.6185202598571777,0.8753969073295593,1.4551451206207275,0.649935245513916,0.9276508092880249,0.01584085449576378,0.024630792438983917,0.5893985033035278,0.3066609799861908,328.74664306640625,251.95172119140625,33.610565185546875,65.85182189941406,306.3780212402344,0.09666074812412262,0.13858331739902496,0.6344844698905945,2.29754900932312,0.8300000429153442,0.023843195289373398,0.04000015929341316,2.1141552925109863,0.5,0.09106196463108063,0.3800007998943329,0.0,0.3416651487350464,0.3211759030818939,0.6491135358810425,0.33184993267059326,0.22551512718200684,0.4643610715866089,0.19880321621894836,0.4683566093444824,0.4452613294124603,0.37967461347579956,0.6382747888565063,0.9801128506660461,0.964508593082428,0.11835874617099762,0.19920776784420013,0.9994000196456909,0.023000001907348633,0.004000000189989805,0.01900000125169754,0.83,0.764439153096762,1.6637701518607946,0.3476410658874418,0.3652687668545087,1.9022408522206586,1.2062939611142582,0.963146307311628,0.2011756618847014,0.11921597644686699,0.08078482002019882,275.7571744467961,0.0723990947008133,0.014637649990618229,0.44511041045188904,0.021194199100136757,0.002169584156945348,0.307648628950119,0.500557541847229,0.5001153349876404,0.964508593082428,0.9809999987483025,0.47286484135608925
pacing,3,action_space,-1.0,2.0999999046325684,0.0,0.5,-1.0,0.08999999612569809,1.0,0.3799999952316284,1.0,0.03999999910593033,stepping_stones_easy_bound_highspeed,stepping_stones_easy,2.0,bounding,1000,0.5904302597045898,0.5904302597045898,1.192449927330017,0.8120142221450806,0.2745329737663269,0.6325135231018066,1.3837559223175049,0.2745329737663269,0.11552019417285919,0.25145435333251953,0.1241782009601593,1.419705867767334,3.9807376861572266,0.8781242370605469,1.3209223747253418,0.6325135231018066,0.9097925424575806,0.021736282855272293,0.022585444152355194,0.5844328999519348,0.28899726271629333,315.69970703125,239.63975524902344,34.3763313293457,67.37496948242188,294.8077087402344,0.0989481657743454,0.13516665995121002,0.6118221282958984,2.078620672225952,0.8370000123977661,0.02384900487959385,0.04000015929341316,2.1131949424743652,0.5,0.09098997712135315,0.3800007998943329,0.03868001699447632,0.3509310781955719,0.35197561979293823,0.6406972408294678,0.3207102119922638,0.22649693489074707,0.4904536008834839,0.206041619181633,0.4905441999435425,0.4471006691455841,0.37887340784072876,0.637374758720398,0.9809775352478027,0.9633174538612366,0.06259170919656754,0.1411081701517105,1.0,0.02200000174343586,0.005000000353902578,0.017000000923871994,0.837,0.730970302932721,1.5758863184671916,0.3398826182270273,0.35238927475188475,1.9951786100891384,1.1493138712837943,0.953830457920893,0.2105272595357368,0.11924502439796925,0.08075577206909657,264.7488165294494,0.0715421587228775,0.01830221153795719,0.41212254762649536,0.02486834116280079,0.0030888840556144714,0.31071916222572327,0.5374850034713745,0.5087323188781738,0.9633174538612366,0.982999999076128,0.47560735909562374
pacing,3,action_space,-1.0,2.0999999046325684,0.0,0.5,0.0,0.11999999731779099,-1.0,0.3400000035762787,-1.0,-0.03999999910593033,stepping_stones_easy_bound_highspeed,stepping_stones_easy,2.0,bounding,1000,0.6332272291183472,0.6332272291183472,1.2551389932632446,0.7527331113815308,0.2904735803604126,0.6221885085105896,1.485584020614624,0.2904735803604126,0.12758822739124298,0.2765408158302307,0.14646178483963013,1.3673770427703857,3.617741584777832,0.8157364130020142,1.267364740371704,0.6221885085105896,0.9467682838439941,0.017933886498212814,0.020151466131210327,0.5747820138931274,0.26085329055786133,336.71484375,260.6102294921875,33.28764343261719,66.68418884277344,263.9429016113281,0.10436922311782837,0.12499997764825821,0.640433669090271,2.3108139038085938,0.8140000104904175,0.025102779269218445,0.04000015929341316,2.1147799491882324,0.5,0.11999969929456711,0.3414774537086487,-0.03852161392569542,0.37700122594833374,0.36070170998573303,0.6789014339447021,0.36584731936454773,0.2337869256734848,0.503646969795227,0.18635576963424683,0.448087215423584,0.4667965769767761,0.38560640811920166,1.0,0.9783835411071777,0.9621977806091309,0.11982305347919464,0.20193596184253693,0.9995999932289124,0.024000000208616257,0.004000000189989805,0.020000001415610313,0.814,0.7867734566953317,1.6848850983519148,0.35719494312104,0.38270325951006756,1.902036168104548,1.1257729524072357,0.9730201867607856,0.19515468897626606,0.12551389634609222,0.07448690012097359,268.2689690602096,0.10368182510137558,0.020833659917116165,0.4668687582015991,0.017644189298152924,0.005423218477517366,0.316774845123291,0.49178704619407654,0.5352615118026733,0.9621977806091309,0.9799999985843897,0.48655306989032965
pacing,3,action_space,-1.0,2.0999999046325684,0.0,0.5,0.0,0.11999999731779099,-1.0,0.3400000035762787,0.0,0.0,stepping_stones_easy_bound_highspeed,stepping_stones_easy,2.0,bounding,1000,0.6584585309028625,0.6584585309028625,1.2610342502593994,0.742872953414917,0.2887628674507141,0.636458694934845,1.3815230131149292,0.2887628674507141,0.12708941102027893,0.2619098424911499,0.13570746779441833,1.3526561260223389,3.6543407440185547,0.8296303749084473,1.2697986364364624,0.636458694934845,0.9196112751960754,0.015511949546635151,0.01988011971116066,0.5818236470222473,0.2662540078163147,341.7094421386719,262.802978515625,33.50468444824219,66.99563598632812,208.2080841064453,0.10286745429039001,0.13083332777023315,0.6140073537826538,2.1930325031280518,0.8300000429153442,0.025220680981874466,0.04000015929341316,2.1161656379699707,0.5,0.11999969929456711,0.34161630272865295,0.0,0.39033985137939453,0.3431808352470398,0.6751260757446289,0.35493677854537964,0.23200827836990356,0.4865496754646301,0.2233041524887085,0.4664148986339569,0.46600744128227234,0.38381338119506836,1.0,0.9766541719436646,0.9633001089096069,0.23667052388191223,0.31648755073547363,0.9994000196456909,0.027000000700354576,0.0020000000949949026,0.02500000037252903,0.83,0.739767860504518,1.6254869412049613,0.35649601823902455,0.36838494512455083,1.9116330045326573,1.1268534227824232,0.9589636464413421,0.18812780033210352,0.12610340490937233,0.07389739155769348,270.9755441363952,0.10998174548149109,0.017408503219485283,0.4927065968513489,0.019775504246354103,0.004867962095886469,0.31234487891197205,0.5165661573410034,0.5198751091957092,0.9633001089096069,0.974999999627471,0.48930927689530357
pacing,3,action_space,-1.0,2.0999999046325684,0.0,0.5,0.0,0.11999999731779099,-1.0,0.3400000035762787,1.0,0.03999999910593033,stepping_stones_easy_bound_highspeed,stepping_stones_easy,2.0,bounding,1000,0.6380879282951355,0.6380879282951355,1.2797951698303223,0.7265415191650391,0.2745904326438904,0.6124700307846069,1.4638652801513672,0.2745904326438904,0.11572745442390442,0.260116845369339,0.14280453324317932,1.3594305515289307,3.628445625305176,0.8502953052520752,1.3300869464874268,0.6124700307846069,0.8202881813049316,0.014822980388998985,0.025596188381314278,0.5888113975524902,0.2808048129081726,333.8641357421875,253.47811889648438,33.82947540283203,67.91412353515625,257.6147155761719,0.10577687621116638,0.11916665732860565,0.6636781692504883,2.5100953578948975,0.8410000801086426,0.02559591829776764,0.04000015929341316,2.1149933338165283,0.5,0.11999969929456711,0.341499000787735,0.03850024566054344,0.4006608724594116,0.3480914235115051,0.6747186183929443,0.34534573554992676,0.2348850965499878,0.4972740113735199,0.20927304029464722,0.4901847243309021,0.46177539229393005,0.38297462463378906,1.0,0.9783835411071777,0.9619923830032349,0.12012317776679993,0.20465992391109467,0.9996000528335571,0.02500000037252903,0.004000000189989805,0.021000001579523087,0.841,0.7891535084256094,1.727615532424978,0.34018738134137844,0.37789487062300714,1.9048479270811032,1.1532939549340517,0.9056976213422069,0.20104519086591766,0.1279795914888382,0.07202120497822762,260.87310189368185,0.1210622489452362,0.02348964847624302,0.44557783007621765,0.022858912125229836,0.003638817463070154,0.308010071516037,0.4741820991039276,0.5511031150817871,0.9619923830032349,0.9789999984204769,0.48876733411299556
pacing,3,action_space,-1.0,2.0999999046325684,0.0,0.5,0.0,0.11999999731779099,0.0,0.3799999952316284,-1.0,-0.03999999910593033,stepping_stones_easy_bound_highspeed,stepping_stones_easy,2.0,bounding,1000,0.6496190428733826,0.6496190428733826,1.2402012348175049,0.7631241083145142,0.2876785397529602,0.5802138447761536,1.5134365558624268,0.2876785397529602,0.12445119023323059,0.27654749155044556,0.14177101850509644,1.4283140897750854,3.9485225677490234,0.8705606460571289,1.3343408107757568,0.5802138447761536,0.7191910743713379,0.01784565858542919,0.021217983216047287,0.5771504640579224,0.2562277615070343,333.23687744140625,258.1654968261719,33.503326416015625,66.7486572265625,383.7379150390625,0.10581214725971222,0.12866666913032532,0.6362525224685669,2.4211413860321045,0.8350000381469727,0.024804025888442993,0.04000015929341316,2.1144232749938965,0.5,0.11999969929456711,0.3800007998943329,-0.038557231426239014,0.36320769786834717,0.361572802066803,0.6571100354194641,0.3275669515132904,0.22486303746700287,0.5034600496292114,0.18719689548015594,0.4338260293006897,0.4651581048965454,0.38338249921798706,1.0,0.9792481660842896,0.9673733711242676,0.23289567232131958,0.3044096827507019,0.9995999932289124,0.024000000208616257,0.0020000000949949026,0.02199999988079071,0.835,0.761979117936003,1.7028124369837117,0.3527764026025984,0.37652492414858335,1.9870889682520567,1.155136706531204,0.8480513394667435,0.19764524229405694,0.12402012944221497,0.07598066702485085,268.69581168449804,0.09735086560249329,0.034510865807533264,0.45782291889190674,0.01827062852680683,0.005948863457888365,0.3152778744697571,0.48437660932540894,0.5255377292633057,0.9673733711242676,0.9780000001192093,0.4813052527606488
pacing,3,action_space,-1.0,2.0999999046325684,0.0,0.5,0.0,0.11999999731779099,0.0,0.3799999952316284,0.0,0.0,stepping_stones_easy_bound_highspeed,stepping_stones_easy,2.0,bounding,1000,0.6917951703071594,0.6917951703071594,1.171770691871643,0.8312747478485107,0.3037657141685486,0.6327354907989502,1.2271308898925781,0.3037657141685486,0.141349196434021,0.27578645944595337,0.1489817500114441,1.5552843809127808,4.989557266235352,0.8688132166862488,1.4674577713012695,0.6327354907989502,0.9646636247634888,0.01880113035440445,0.029541870579123497,0.6146223545074463,0.26019537448883057,358.53143310546875,273.76287841796875,33.688438415527344,67.05258178710938,384.56256103515625,0.10931673645973206,0.10199999809265137,0.629153311252594,2.2235379219055176,0.818000078201294,0.02343541383743286,0.04000015929341316,2.1153006553649902,0.5,0.11999969929456711,0.3800007998943329,0.0,0.3581613302230835,0.35952228307724,0.6374006867408752,0.34953534603118896,0.22440125048160553,0.4980357885360718,0.21324364840984344,0.45010608434677124,0.459644079208374,0.3729996383190155,1.0,0.9775188565254211,0.9693304300308228,0.47743335366249084,0.5281857848167419,0.9992000460624695,0.027000000700354576,0.003000000026077032,0.024000000208616257,0.818,0.7691360884015892,1.6487150815982665,0.3759643552705775,0.38598154102423615,2.2337316907442917,1.2113867141839014,0.9821729098094127,0.21987041850491837,0.1171770691871643,0.0828237272799015,305.97405754601573,0.06303464621305466,0.018250880762934685,0.3802752196788788,0.017350832000374794,0.005495050456374884,0.2925134301185608,0.5068372488021851,0.6004955768585205,0.9693304300308228,0.9759999997913837,0.47958215169216456
pacing,3,action_space,-1.0,2.0999999046325684,0.0,0.5,0.0,0.11999999731779099,0.0,0.3799999952316284,1.0,0.03999999910593033,stepping_stones_easy_bound_highspeed,stepping_stones_easy,2.0,bounding,1000,0.661062479019165,0.661062479019165,1.3177189826965332,0.6872429847717285,0.2834271490573883,0.5867848992347717,1.4439747333526611,0.2834271490573883,0.12039443105459213,0.2562146782875061,0.13420385122299194,1.3310284614562988,3.5197787284851074,0.8248533606529236,1.1462054252624512,0.5867848992347717,0.7765412926673889,0.011396643705666065,0.013379247859120369,0.5501136779785156,0.2776808738708496,311.3540954589844,232.04603576660156,34.37595748901367,68.13258361816406,173.7242889404297,0.10208797454833984,0.11749997735023499,0.6608057022094727,2.524966239929199,0.8330000638961792,0.026354383677244186,0.04000015929341316,2.1149940490722656,0.5,0.11999969929456711,0.3800007998943329,0.038500137627124786,0.3988654911518097,0.35803571343421936,0.7005898952484131,0.3439914584159851,0.23877990245819092,0.5080723762512207,0.21919268369674683,0.4864940047264099,0.4614037275314331,0.38983726501464844,1.0,0.9783835411071777,0.966016411781311,0.2341381311416626,0.3083189129829407,0.9998000264167786,0.02500000037252903,0.003000000026077032,0.02200000174343586,0.833,0.7932841105192077,1.741026145446458,0.34697900664822956,0.36633843809105254,1.8761073339457706,1.0706098380187112,0.8812158036868091,0.1574035945103746,0.13177191838622093,0.06822887808084488,236.2826213688145,0.15119095146656036,0.03196335956454277,0.609255313873291,0.021240120753645897,0.0038734199479222298,0.3327954113483429,0.46869969367980957,0.5557149052619934,0.966016411781311,0.9779999982565641,0.5130960028618574
pacing,3,action_space,-1.0,2.0999999046325684,0.0,0.5,0.0,0.11999999731779099,1.0,0.3799999952316284,-1.0,-0.03999999910593033,stepping_stones_easy_bound_highspeed,stepping_stones_easy,2.0,bounding,1000,0.6455740332603455,0.6455740332603455,1.3153010606765747,0.6902236342430115,0.2895130217075348,0.5357030630111694,1.2973427772521973,0.2895130217075348,0.12873995304107666,0.26461589336395264,0.13747338950634003,1.4059746265411377,3.8876304626464844,0.8153902292251587,1.1719311475753784,0.5357030630111694,0.5658159852027893,0.012203419581055641,0.0200857724994421,0.5606715679168701,0.2495919167995453,320.2149353027344,242.14044189453125,34.51451110839844,68.31657409667969,470.4952697753906,0.10778297483921051,0.1016666516661644,0.644648551940918,2.4520761966705322,0.8440000414848328,0.026306016370654106,0.04000015929341316,2.1156234741210938,0.5,0.11999969929456711,0.3800007998943329,-0.03843720257282257,0.43018174171447754,0.35951685905456543,0.6943985223770142,0.36024993658065796,0.22744950652122498,0.5149209499359131,0.22234588861465454,0.4616382420063019,0.46970653533935547,0.38727232813835144,1.0,0.9775188565254211,0.9604684114456177,0.1213335394859314,0.2094881534576416,0.9996000528335571,0.026000000536441803,0.005000000353902578,0.021000001579523087,0.844,0.7638016108652992,1.7044950927412228,0.3588035019910991,0.37077404103623546,1.9717074992621204,1.0825576878741283,0.7522074083673925,0.17969193660400498,0.13153008185327053,0.06847071461379528,243.45371936218143,0.14872822165489197,0.056711532175540924,0.5242514610290527,0.02081374265253544,0.006793164182454348,0.32584184408187866,0.4836828410625458,0.6014972925186157,0.9604684114456177,0.9789999984204769,0.5129819237872174
pacing,3,action_space,-1.0,2.0999999046325684,0.0,0.5,0.0,0.11999999731779099,1.0,0.3799999952316284,0.0,0.0,stepping_stones_easy_bound_highspeed,stepping_stones_easy,2.0,bounding,1000,0.6595679521560669,0.6595679521560669,1.299012541770935,0.7061582803726196,0.2776487469673157,0.5445903539657593,1.3891006708145142,0.2776487469673157,0.11546040326356888,0.2597962021827698,0.1371746063232422,1.307201623916626,2.9523112773895264,0.8001209497451782,1.2047972679138184,0.5445903539657593,0.6682500243186951,0.011961877346038818,0.012438934296369553,0.5521690249443054,0.26261472702026367,314.03558349609375,237.66156005859375,34.229347229003906,68.39176940917969,246.963623046875,0.09863246977329254,0.12708330154418945,0.6634372472763062,2.49433970451355,0.8380000591278076,0.025980256497859955,0.04000015929341316,2.1154091358184814,0.5,0.11999969929456711,0.3800007998943329,0.0,0.39014607667922974,0.3662216067314148,0.7073987126350403,0.35428935289382935,0.22783240675926208,0.5205374956130981,0.20607516169548035,0.48212090134620667,0.45225030183792114,0.39294686913490295,1.0,0.9775189161300659,0.9647844433784485,0.23507994413375854,0.31038761138916016,0.9998000264167786,0.026000000536441803,0.004000000189989805,0.02199999988079071,0.838,0.7916912361090394,1.7252648787017695,0.33979464866823444,0.3703709037211781,1.7182291108549892,1.097632574185833,0.8174656104807683,0.15620759150056815,0.12990128248929977,0.07009951397776604,241.74946230155035,0.136062890291214,0.051519934087991714,0.6138429045677185,0.02476537600159645,0.005235491786152124,0.33143019676208496,0.47514525055885315,0.529714822769165,0.9647844433784485,0.9780000001192093,0.5069423392415047
pacing,3,action_space,-1.0,2.0999999046325684,0.0,0.5,0.0,0.11999999731779099,1.0,0.3799999952316284,1.0,0.03999999910593033,stepping_stones_easy_bound_highspeed,stepping_stones_easy,2.0,bounding,1000,0.6296528577804565,0.6296528577804565,1.2763113975524902,0.7271870374679565,0.29434365034103394,0.572862982749939,1.640573263168335,0.29434365034103394,0.12994548678398132,0.25335395336151123,0.13179820775985718,1.4381392002105713,4.050511360168457,0.8113022446632385,1.1038603782653809,0.572862982749939,0.6795415878295898,0.01229117251932621,0.016050148755311966,0.5641955137252808,0.3199712038040161,322.7603759765625,247.7149658203125,33.65693664550781,66.93461608886719,286.84735107421875,0.09898746013641357,0.11666665226221085,0.6341909766197205,2.3056747913360596,0.8350000381469727,0.02552623674273491,0.04000015929341316,2.1145524978637695,0.5,0.11999969929456711,0.3800007998943329,0.03854433447122574,0.3719780445098877,0.3391454517841339,0.6804403066635132,0.34153205156326294,0.23021867871284485,0.4906288981437683,0.1659308671951294,0.4941648840904236,0.4515276551246643,0.39064744114875793,1.0,0.9783835411071777,0.9625829458236694,0.11942896246910095,0.1996789276599884,1.0,0.02500000037252903,0.003000000026077032,0.02200000174343586,0.835,0.7595100813997006,1.6617121264655064,0.3604795233906932,0.36304022884503745,2.012588224195018,1.050647599466815,0.8243431250575151,0.16834880835526628,0.12763118371367455,0.07236961275339127,252.88528849268425,0.12060870230197906,0.03756359592080116,0.5673230290412903,0.014415044337511063,0.001662514521740377,0.3235534131526947,0.5014146566390991,0.5580351948738098,0.9625829458236694,0.9779999982565641,0.5050010370384707
pacing,3,action_space,-1.0,2.0999999046325684,0.0,0.5,1.0,0.11999999731779099,-1.0,0.3400000035762787,-1.0,-0.03999999910593033,stepping_stones_easy_bound_highspeed,stepping_stones_easy,2.0,bounding,1000,0.6298092603683472,0.6298092603683472,1.3215487003326416,0.6847985982894897,0.2899293303489685,0.5623418092727661,1.350391149520874,0.2899293303489685,0.12678031623363495,0.2570202946662903,0.12348732352256775,1.3909428119659424,3.4618048667907715,0.791258692741394,1.124640703201294,0.5623418092727661,0.6987531781196594,0.011320918798446655,0.013995114713907242,0.5447986125946045,0.2507762908935547,307.755126953125,231.55014038085938,34.02194595336914,68.54434204101562,267.8854064941406,0.10232424736022949,0.12416665256023407,0.6206127405166626,2.2833895683288574,0.8410000205039978,0.026430966332554817,0.04000015929341316,2.1157193183898926,0.5,0.11999969929456711,0.3415715992450714,-0.03842765837907791,0.40220218896865845,0.36048591136932373,0.6896854043006897,0.3656112849712372,0.23383298516273499,0.5127787590026855,0.20019446313381195,0.46913230419158936,0.4658048450946808,0.39396923780441284,1.0,0.9775188565254211,0.9565974473953247,0.0666511058807373,0.16047698259353638,0.9996000528335571,0.026000000536441803,0.009000000543892384,0.017000000923871994,0.841,0.7379461009493906,1.6477526396638014,0.35606223646103635,0.3514076315656331,1.8605926117209999,1.0604907841189823,0.8359145758507023,0.15911013013744252,0.13215483166277409,0.06784596480429173,232.87460150024074,0.1532328724861145,0.04232898727059364,0.6027090549468994,0.020527342334389687,0.006634142715483904,0.3363519310951233,0.5072394013404846,0.5374963879585266,0.9565974473953247,0.982999999076128,0.5151584364081685
pacing,3,action_space,-1.0,2.0999999046325684,0.0,0.5,1.0,0.11999999731779099,-1.0,0.3400000035762787,0.0,0.0,stepping_stones_easy_bound_highspeed,stepping_stones_easy,2.0,bounding,1000,0.6316992044448853,0.6316992044448853,1.2361316680908203,0.7679563164710999,0.29924601316452026,0.6423611044883728,1.4169976711273193,0.29924601316452026,0.1367586851119995,0.2772665321826935,0.14405328035354614,1.4945530891418457,4.725681304931641,0.8771127462387085,1.3865814208984375,0.6423611044883728,0.9114536046981812,0.015221765264868736,0.0281037800014019,0.608237624168396,0.2992129325866699,354.9781494140625,271.9503479003906,33.76210021972656,66.74481201171875,321.4262390136719,0.10633498430252075,0.12474999576807022,0.6905713081359863,2.614591121673584,0.8370000123977661,0.02472262643277645,0.04000015929341316,2.1154561042785645,0.5,0.11999969929456711,0.3415452241897583,0.0,0.3748912811279297,0.32313072681427,0.6556931734085083,0.332034170627594,0.2225043624639511,0.46783480048179626,0.20159804821014404,0.4444890022277832,0.46380406618118286,0.37545377016067505,1.0,0.9775188565254211,0.9605488777160645,0.12112683802843094,0.20732787251472473,0.9994000196456909,0.027000000700354576,0.003000000026077032,0.024000000208616257,0.837,0.8250553035394266,1.7674174438776311,0.3698089846285505,0.3795435157574769,2.1738632213024904,1.1775319192694682,0.9547007932845668,0.20814789277403373,0.12361313216388226,0.07638766430318356,287.16855863932267,0.09451208263635635,0.01614285260438919,0.42041584849357605,0.015730226412415504,0.002518079709261656,0.2962726056575775,0.45797479152679443,0.5359309315681458,0.9605488777160645,0.9759999997913837,0.4742247391688197
pacing,3,action_space,-1.0,2.0999999046325684,0.0,0.5,1.0,0.11999999731779099,-1.0,0.3400000035762787,1.0,0.03999999910593033,stepping_stones_easy_bound_highspeed,stepping_stones_easy,2.0,bounding,1000,0.632753849029541,0.632753849029541,1.3354038000106812,0.6711453199386597,0.2794591188430786,0.5606487393379211,1.570966362953186,0.2794591188430786,0.11865325272083282,0.2565879225730896,0.1357641965150833,1.3569836616516113,3.7387356758117676,0.8413882255554199,1.2897076606750488,0.5606487393379211,0.7779351472854614,0.01480216532945633,0.021297704428434372,0.5754332542419434,0.24937474727630615,336.72247314453125,258.3198547363281,34.05155944824219,68.99826049804688,413.38909912109375,0.10562516748905182,0.10883331298828125,0.6433209776878357,2.543292999267578,0.8170000314712524,0.026708081364631653,0.04000015929341316,2.116067409515381,0.5,0.11999969929456711,0.3416064381599426,0.03839285299181938,0.436583936214447,0.37511807680130005,0.6887039542198181,0.3500075340270996,0.2323276400566101,0.5292890667915344,0.18107880651950836,0.4898696541786194,0.47765958309173584,0.3863072395324707,1.0,0.9766542911529541,0.9550817012786865,0.06744790077209473,0.16223470866680145,0.9994000196456909,0.027000000700354576,0.004999999888241291,0.02200000174343586,0.817,0.7874185102222307,1.7643598527580704,0.34446081449249466,0.36846193360384366,1.933581049713657,1.1356529666562092,0.8820063193001859,0.18999965725729798,0.13354040682315826,0.06646038964390755,252.15030325796437,0.16501083970069885,0.04314149543642998,0.4857809841632843,0.01936996728181839,0.006822734605520964,0.31636252999305725,0.45921286940574646,0.5803252458572388,0.9550817012786865,0.9779999982565641,0.5053736809641123
pacing,3,action_space,-1.0,2.0999999046325684,0.0,0.5,1.0,0.11999999731779099,0.0,0.3799999952316284,-1.0,-0.03999999910593033,stepping_stones_easy_bound_highspeed,stepping_stones_easy,2.0,bounding,1000,0.638900637626648,0.638900637626648,1.269451379776001,0.7364020347595215,0.2923926115036011,0.5601091384887695,1.4134716987609863,0.2923926115036011,0.13122212886810303,0.26903730630874634,0.13928502798080444,1.3107593059539795,3.298473358154297,0.8252220153808594,1.2019613981246948,0.5601091384887695,0.6742318868637085,0.014813286252319813,0.015446795150637627,0.562355101108551,0.2691158056259155,327.7625732421875,252.044921875,34.339744567871094,68.0721435546875,341.5335998535156,0.1055862158536911,0.11391665041446686,0.7154960632324219,2.711463451385498,0.8320000171661377,0.025389038026332855,0.04000015929341316,2.115595817565918,0.5,0.11999969929456711,0.3800007998943329,-0.03844008594751358,0.3936859667301178,0.3740774393081665,0.6806933879852295,0.34875011444091797,0.23627182841300964,0.5234097838401794,0.2074996381998062,0.4533323645591736,0.4681311845779419,0.3891783058643341,1.0,0.9775189161300659,0.9604719877243042,0.12130098044872284,0.2092283070087433,0.9998000264167786,0.02500000037252903,0.0020000000949949026,0.023000001907348633,0.832,0.8599711198073167,1.8052618666939273,0.36224595079600685,0.3732090941828782,1.8161699695111955,1.0963400011514197,0.8211162444281007,0.1739542508907369,0.12694519013166428,0.07305560633540154,258.19230138614864,0.1142745092511177,0.04340318217873573,0.5459643602371216,0.017634214833378792,0.0045971618965268135,0.32474657893180847,0.44275325536727905,0.565761148929596,0.9604719877243042,0.9769999980926514,0.49668870297701734
pacing,3,action_space,-1.0,2.0999999046325684,0.0,0.5,1.0,0.11999999731779099,0.0,0.3799999952316284,0.0,0.0,stepping_stones_easy_bound_highspeed,stepping_stones_easy,2.0,bounding,1000,0.6573843955993652,0.6573843955993652,1.294835090637207,0.7103098630905151,0.281666100025177,0.5277990102767944,1.5400757789611816,0.281666100025177,0.12005762755870819,0.2536367177963257,0.12576623260974884,1.341627836227417,3.481285572052002,0.8105227947235107,1.2408273220062256,0.5277990102767944,0.5837270021438599,0.015008601360023022,0.014938434585928917,0.5525214672088623,0.2407328337430954,323.825927734375,247.39755249023438,33.77101516723633,68.07160949707031,354.40057373046875,0.10295289754867554,0.12325000762939453,0.6469016075134277,2.309408664703369,0.8370000123977661,0.025896698236465454,0.04000015929341316,2.1155953407287598,0.5,0.11999969929456711,0.3800007998943329,0.0,0.39813095331192017,0.3701261579990387,0.6935521364212036,0.36394575238227844,0.23340362310409546,0.5203732848167419,0.1813850998878479,0.483803391456604,0.4662933647632599,0.39342355728149414,1.0,0.9775188565254211,0.9646570086479187,0.23542854189872742,0.3125811219215393,0.9998000264167786,0.026000000536441803,0.0020000000949949026,0.024000000208616257,0.837,0.7728812560670549,1.661068896000046,0.3464933297463433,0.3546353516074629,1.8658203482790088,1.1139242891714973,0.7640202890917622,0.1730521191605348,0.12948349118232727,0.07051730528473854,250.09047876128813,0.13289973139762878,0.06168478727340698,0.5493932962417603,0.01942433975636959,0.008110005408525467,0.331196665763855,0.501682698726654,0.5399655103683472,0.9646570086479187,0.9759999997913837,0.5029413158956327
pacing,3,action_space,-1.0,2.0999999046325684,0.0,0.5,1.0,0.11999999731779099,0.0,0.3799999952316284,1.0,0.03999999910593033,stepping_stones_easy_bound_highspeed,stepping_stones_easy,2.0,bounding,1000,0.6330914497375488,0.6330914497375488,1.2463858127593994,0.7567411661148071,0.3000042736530304,0.6212721467018127,1.2266733646392822,0.3000042736530304,0.13190388679504395,0.2495153248310089,0.12124495208263397,1.4584746360778809,4.358064651489258,0.8715887665748596,1.3864226341247559,0.6212721467018127,0.9142263531684875,0.01406344585120678,0.021737661212682724,0.5730202198028564,0.3114456832408905,325.4363098144531,247.08738708496094,33.88774871826172,66.11540222167969,390.60797119140625,0.10293422639369965,0.11383332312107086,0.6761248111724854,2.5485410690307617,0.8170000314712524,0.02492772787809372,0.04000015929341316,2.114394426345825,0.5,0.11999969929456711,0.3800007998943329,0.03856001794338226,0.36513882875442505,0.36285150051116943,0.6638373136520386,0.33821964263916016,0.2268703579902649,0.5027818083763123,0.2112417370080948,0.48772376775741577,0.46371108293533325,0.3878980278968811,1.0,0.9792481660842896,0.9635125994682312,0.11894915997982025,0.20011739432811737,0.9996000528335571,0.024000000208616257,0.004999999888241291,0.01900000125169754,0.817,0.8275700806112302,1.7661792796913387,0.3631857469602076,0.34820245846724573,2.087597818424147,1.1774644937851655,0.956151846292464,0.18921180476886082,0.1246386393904686,0.07536215707659721,261.10399082123934,0.1012028157711029,0.02107240818440914,0.48869234323501587,0.02096814103424549,0.0019715921953320503,0.31789299845695496,0.4584760069847107,0.5659969449043274,0.9635125994682312,0.9809999987483025,0.49073652942713936
pacing,3,action_space,-1.0,2.0999999046325684,0.0,0.5,1.0,0.11999999731779099,1.0,0.3799999952316284,-1.0,-0.03999999910593033,stepping_stones_easy_bound_highspeed,stepping_stones_easy,2.0,bounding,1000,0.6238275766372681,0.6238275766372681,1.1909716129302979,0.8129122257232666,0.28605976700782776,0.5897573828697205,1.289661169052124,0.28605976700782776,0.1256427764892578,0.2790240943431854,0.1499931514263153,1.4796321392059326,4.446969985961914,0.8102861046791077,1.1223149299621582,0.5897573828697205,0.8278361558914185,0.012102602049708366,0.026081308722496033,0.6082172393798828,0.26844602823257446,363.3497619628906,281.8356628417969,32.424739837646484,64.61722564697266,275.710205078125,0.11004801094532013,0.12941665947437286,0.633366584777832,2.3002591133117676,0.800000011920929,0.023819435387849808,0.04000015929341316,2.115334987640381,0.5,0.11999969929456711,0.3800007998943329,-0.0384659543633461,0.35544881224632263,0.36755889654159546,0.6545780897140503,0.3465033769607544,0.21609798073768616,0.5114275217056274,0.22898823022842407,0.447099506855011,0.47617071866989136,0.37773624062538147,1.0,0.9775189161300659,0.9568502306938171,0.06634929776191711,0.15598605573177338,0.9994000196456909,0.026000000536441803,0.0020000000949949026,0.024000000208616257,0.8,0.7917082214355469,1.6956779739985732,0.35446124821940383,0.38728949304921156,2.108784006474327,1.059393661469691,0.9098550191604257,0.19540703869667642,0.11909717693924904,0.08090361952781677,305.08683667857986,0.0711258053779602,0.030864836648106575,0.4659494161605835,0.022314542904496193,0.004659159108996391,0.2962847054004669,0.4873216450214386,0.5235706567764282,0.9568502306938171,0.9759999997913837,0.4757627680113441
pacing,3,action_space,-1.0,2.0999999046325684,0.0,0.5,1.0,0.11999999731779099,1.0,0.3799999952316284,0.0,0.0,stepping_stones_easy_bound_highspeed,stepping_stones_easy,2.0,bounding,1000,0.629677414894104,0.629677414894104,1.2468204498291016,0.7588775157928467,0.2937837243080139,0.6595507860183716,1.4949864149093628,0.2937837243080139,0.13200807571411133,0.26025980710983276,0.13585394620895386,1.3850220441818237,3.4371178150177,0.8419668674468994,1.3055039644241333,0.6595507860183716,1.0379424095153809,0.01792985200881958,0.019284497946500778,0.5699633955955505,0.2630551755428314,323.03704833984375,244.05532836914062,34.15252685546875,67.42855834960938,323.5577392578125,0.1053086519241333,0.11533333361148834,0.6514071822166443,2.45944881439209,0.8270000219345093,0.02493639662861824,0.04000015929341316,2.1131889820098877,0.5,0.11999969929456711,0.3800007998943329,0.0,0.3704928755760193,0.3440825045108795,0.6673449277877808,0.34826236963272095,0.22251617908477783,0.48561227321624756,0.18259087204933167,0.46620166301727295,0.44832929968833923,0.3819139897823334,1.0,0.9809775352478027,0.9665540456771851,0.11658954620361328,0.19094428420066833,0.9998000264167786,0.02199999988079071,0.004000000189989805,0.018000001087784767,0.827,0.7876749280862682,1.7245116479117364,0.3633291561574867,0.3685837031244787,1.853946551283963,1.1425865238239654,1.0187945865165269,0.19291021215923318,0.1246819831430912,0.07531881332397461,259.08866700423596,0.09990052878856659,0.012905878014862537,0.4750728905200958,0.01600029692053795,0.00518957432359457,0.3198424279689789,0.47545403242111206,0.5617678165435791,0.9665540456771851,0.9819999989122152,0.48990967232537896
pacing,3,action_space,-1.0,2.0999999046325684,0.0,0.5,1.0,0.11999999731779099,1.0,0.3799999952316284,1.0,0.03999999910593033,stepping_stones_easy_bound_highspeed,stepping_stones_easy,2.0,bounding,1000,0.6377161741256714,0.6377161741256714,1.3446967601776123,0.6590127348899841,0.3081572651863098,0.5671473741531372,1.1879390478134155,0.3081572651863098,0.1450071930885315,0.2557908892631531,0.13162806630134583,1.3182483911514282,3.5842530727386475,0.8287626504898071,1.2800898551940918,0.5671473741531372,0.8061387538909912,0.011603817343711853,0.02316955104470253,0.5556164979934692,0.23792842030525208,318.82257080078125,238.47117614746094,34.787445068359375,70.0090560913086,563.8683471679688,0.10298532247543335,0.1095833107829094,0.7305523157119751,2.7245140075683594,0.8339999914169312,0.026893936097621918,0.04000015929341316,2.117311477661133,0.5,0.11999969929456711,0.3800007998943329,0.03826846182346344,0.4363013505935669,0.3743654489517212,0.705133318901062,0.34463822841644287,0.24417756497859955,0.5256845951080322,0.21060270071029663,0.49150848388671875,0.47508394718170166,0.38960689306259155,1.0,0.9749249219894409,0.9517334699630737,0.06946371495723724,0.1716921329498291,0.9994000196456909,0.029000001028180122,0.006000000052154064,0.023000001907348633,0.834,0.8759619989555231,1.8074300143057986,0.3807981001640259,0.3628058245140861,1.8932123686313291,1.13141055996225,0.8978523007104182,0.1864761871886445,0.1344696804881096,0.06553111597895622,237.0962586082754,0.17601411044597626,0.040092676877975464,0.498841255903244,0.016771357506513596,0.008577881380915642,0.3291528522968292,0.44188711047172546,0.578153133392334,0.9517334699630737,0.9769999980926514,0.5068378001451492
pacing,3,action_space,0.0,2.5,0.0,0.5,-1.0,0.08999999612569809,-1.0,0.3400000035762787,-1.0,-0.03999999910593033,stepping_stones_easy_bound_highspeed,stepping_stones_easy,2.0,bounding,1000,0.6057605147361755,0.6057605147361755,1.190310001373291,0.8129386901855469,0.26380276679992676,0.6190587282180786,1.5193266868591309,0.26380276679992676,0.10772913694381714,0.2475813329219818,0.11972236633300781,1.5257952213287354,4.540374755859375,0.8523451089859009,1.4163477420806885,0.6190587282180786,0.8814752697944641,0.02004711702466011,0.022892706096172333,0.5851280093193054,0.3358573317527771,334.80224609375,250.86083984375,34.93933868408203,68.27000427246094,397.60003662109375,0.09414772689342499,0.10591664910316467,0.6222139000892639,1.9057230949401855,0.9270000457763672,0.02380618453025818,0.04000015929341316,2.5,0.5,0.09103500843048096,0.3413790762424469,-0.03862002491950989,0.36377066373825073,0.3573313057422638,0.6623215675354004,0.35650211572647095,0.21300539374351501,0.5002533197402954,0.22390472888946533,0.4947285056114197,0.44707709550857544,0.3727990686893463,0.6379377841949463,0.9801129102706909,0.9650329351425171,0.11777330935001373,0.1955619752407074,1.0,0.023000001907348633,0.0010000000474974513,0.02199999988079071,0.927,0.6712123702130529,1.4338047318416045,0.32822117077333257,0.3460091997808842,2.130815514271326,1.1901040887589154,0.9388691441273721,0.2072192633922639,0.1190309226512909,0.08096987381577492,281.2731521263201,0.07111356407403946,0.021658936515450478,0.4236716628074646,0.025377066805958748,0.001209985581226647,0.3102875053882599,0.5981289148330688,0.5888503193855286,0.9650329351425171,0.9780000001192093,0.4955415112015448
pacing,3,action_space,0.0,2.5,0.0,0.5,-1.0,0.08999999612569809,-1.0,0.3400000035762787,0.0,0.0,stepping_stones_easy_bound_highspeed,stepping_stones_easy,2.0,bounding,1000,0.6364734172821045,0.6364734172821045,1.228994369506836,0.7764688730239868,0.257732629776001,0.6364836692810059,1.315408706665039,0.257732629776001,0.10542784631252289,0.24778103828430176,0.13210837543010712,1.442315697669983,4.400147438049316,0.8532136678695679,1.4842536449432373,0.6364836692810059,0.9588668942451477,0.017149940133094788,0.024867719039320946,0.6136213541030884,0.252022385597229,364.3682861328125,279.364013671875,33.057640075683594,65.09371185302734,193.35865783691406,0.09589099884033203,0.1472499966621399,0.6087472438812256,1.8548290729522705,0.9280000329017639,0.024579912424087524,0.04000015929341316,2.5,0.5,0.09112492203712463,0.34149909019470215,0.0,0.40426361560821533,0.3788619935512543,0.6957143545150757,0.3661384880542755,0.22479894757270813,0.5197582840919495,0.24075114727020264,0.5117567777633667,0.46265295147895813,0.3664085865020752,0.6390617489814758,0.9783835411071777,0.966016411781311,0.2341383844614029,0.30832093954086304,0.9991999864578247,0.02500000037252903,0.004000000189989805,0.021000001579523087,0.928,0.6559775779987204,1.413767305079412,0.3246965449654845,0.36346715866788726,2.097652840211963,1.2182994890187049,0.9792174907777882,0.20498209476053203,0.12289956212043762,0.07710123434662819,296.4767741605067,0.08967030793428421,0.01740296743810177,0.4315580725669861,0.03258296474814415,0.006470850668847561,0.29309961199760437,0.6067220568656921,0.47890645265579224,0.966016411781311,0.9789999984204769,0.48271989959635236
pacing,3,action_space,0.0,2.5,0.0,0.5,-1.0,0.08999999612569809,-1.0,0.3400000035762787,1.0,0.03999999910593033,stepping_stones_easy_bound_highspeed,stepping_stones_easy,2.0,bounding,1000,0.6206313371658325,0.6206313371658325,1.3368545770645142,0.6661825180053711,0.2593533992767334,0.5274661779403687,1.5227506160736084,0.2593533992767334,0.10193835198879242,0.22848021984100342,0.11702485382556915,1.345651626586914,3.4459807872772217,0.8111762404441833,1.3045215606689453,0.5274661779403687,0.5745331048965454,0.015494689345359802,0.01385248452425003,0.5426801443099976,0.25400078296661377,318.97161865234375,239.32569885253906,34.65572738647461,68.81709289550781,636.9256591796875,0.0925275981426239,0.12458331882953644,0.6491440534591675,1.9967896938323975,0.9600000381469727,0.02673708274960518,0.04000015929341316,2.5,0.5,0.09116416424512863,0.34155145287513733,0.03844775632023811,0.4355989098548889,0.39019542932510376,0.726088285446167,0.3645213842391968,0.23206214606761932,0.539979100227356,0.20772817730903625,0.5419843792915344,0.48112940788269043,0.3875129520893097,0.6395523548126221,0.9775189161300659,0.9604998230934143,0.121209517121315,0.20827293395996094,1.0,0.026000000536441803,0.005000000353902578,0.021000001579523087,0.96,0.6761917114257813,1.4422167366235683,0.31927786016069515,0.34208895601227635,1.8563353111109053,1.142156539476505,0.7579796203701953,0.1713101686112352,0.1336854137480259,0.06631538271903992,238.59859114425635,0.16945013403892517,0.06190182641148567,0.5560241937637329,0.028395695611834526,0.006219811737537384,0.33778005838394165,0.5945221781730652,0.5363777875900269,0.9604998230934143,0.9789999984204769,0.5224867114110998
pacing,3,action_space,0.0,2.5,0.0,0.5,-1.0,0.08999999612569809,0.0,0.3799999952316284,-1.0,-0.03999999910593033,stepping_stones_easy_bound_highspeed,stepping_stones_easy,2.0,bounding,1000,0.6288045644760132,0.6288045644760132,1.2349705696105957,0.7704586982727051,0.2618066668510437,0.6142701506614685,1.5120649337768555,0.2618066668510437,0.10627542436122894,0.2554240822792053,0.13155972957611084,1.3879338502883911,3.679656982421875,0.8316088914871216,1.2899510860443115,0.6142701506614685,0.8256762623786926,0.02130350098013878,0.01916322112083435,0.5687985420227051,0.25933173298835754,315.17803955078125,237.03118896484375,34.56828308105469,66.64862060546875,530.8539428710938,0.09343768656253815,0.125249981880188,0.6276804208755493,1.9879176616668701,0.9510000348091125,0.024699397385120392,0.04000015929341316,2.5,0.5,0.09107647091150284,0.3800007998943329,-0.038564711809158325,0.3945702910423279,0.35300055146217346,0.6731947064399719,0.3587333559989929,0.2145947813987732,0.49725085496902466,0.2078903317451477,0.4896966814994812,0.45588237047195435,0.3777746856212616,0.6384561061859131,0.9792482256889343,0.9673824310302734,0.23277181386947632,0.3034636974334717,0.9998000264167786,0.024000000208616257,0.003000000026077032,0.021000001579523087,0.951,0.6600214720524448,1.4458023662192405,0.32599911711725377,0.36271163418907704,1.918243202104956,1.1357601357876193,0.9086673001592457,0.20116342137916907,0.12349698692560196,0.07650380954146385,255.2109720721211,0.09306786209344864,0.022976616397500038,0.44515424966812134,0.026316123083233833,0.005590790882706642,0.32058843970298767,0.5929850339889526,0.5345928072929382,0.9673824310302734,0.9789999984204769,0.4933710635492677
pacing,3,action_space,0.0,2.5,0.0,0.5,-1.0,0.08999999612569809,0.0,0.3799999952316284,0.0,0.0,stepping_stones_easy_bound_highspeed,stepping_stones_easy,2.0,bounding,1000,0.672154426574707,0.672154426574707,1.225246787071228,0.7791483402252197,0.25575077533721924,0.6054069399833679,1.395608901977539,0.25575077533721924,0.10139425098896027,0.24961507320404053,0.13515505194664001,1.4603440761566162,4.304043769836426,0.8807023763656616,1.4645311832427979,0.6054069399833679,0.7856099009513855,0.0215543732047081,0.023521043360233307,0.6015270948410034,0.3611713945865631,360.33160400390625,278.36273193359375,33.527305603027344,64.5755615234375,534.8980102539062,0.09592685103416443,0.13008332252502441,0.6822534203529358,2.221477508544922,0.9200000166893005,0.02450493723154068,0.04000015929341316,2.5,0.5,0.09116950631141663,0.3800007998943329,0.0,0.37964102625846863,0.3566321134567261,0.6759506464004517,0.34781724214553833,0.21980006992816925,0.49795782566070557,0.23409144580364227,0.5131869316101074,0.4656889736652374,0.36837390065193176,0.6396191120147705,0.9775189161300659,0.9692504405975342,0.4779644012451172,0.5311216115951538,0.9992000460624695,0.026000000536441803,0.006000000052154064,0.020000001415610313,0.92,0.7415798021399457,1.5539142508455794,0.31842463941874893,0.36763439984125534,2.07461894569495,1.2101781617773466,0.8863463775248284,0.2123097184891483,0.1225246861577034,0.07747611030936241,294.08900133925334,0.08818764239549637,0.02559967339038849,0.405956894159317,0.0325983427464962,0.0007292982772924006,0.3002757132053375,0.5468053817749023,0.5218283534049988,0.9692504405975342,0.9799999985843897,0.48129582807029553
pacing,3,action_space,0.0,2.5,0.0,0.5,-1.0,0.08999999612569809,0.0,0.3799999952316284,1.0,0.03999999910593033,stepping_stones_easy_bound_highspeed,stepping_stones_easy,2.0,bounding,1000,0.6389392614364624,0.6389392614364624,1.3265509605407715,0.6775722503662109,0.24982178211212158,0.5673420429229736,1.5511280298233032,0.24982178211212158,0.09672660380601883,0.2290625125169754,0.11655931174755096,1.3509397506713867,3.6354308128356934,0.8376143574714661,1.3338682651519775,0.5673420429229736,0.7168867588043213,0.01840352639555931,0.014174746349453926,0.5649886131286621,0.2735157012939453,331.4510803222656,251.3833465576172,33.98643493652344,67.21817016601562,344.135009765625,0.09371885657310486,0.11674998700618744,0.644868016242981,2.039079427719116,0.9500000476837158,0.026531018316745758,0.04000015929341316,2.5,0.5,0.09110768139362335,0.3800007998943329,0.03852305933833122,0.4456706941127777,0.372476190328598,0.7174509763717651,0.3540738523006439,0.23595783114433289,0.5223437547683716,0.19896794855594635,0.5479865670204163,0.470849871635437,0.3796933889389038,0.6388462781906128,0.9783835411071777,0.9663302898406982,0.2336498200893402,0.3067307770252228,1.0,0.02500000037252903,0.003000000026077032,0.02199999988079071,0.95,0.6788084010074014,1.465059490691913,0.31100900920394386,0.3414078378531327,1.9066805744108513,1.154932147423379,0.8466916550931167,0.18049452275626882,0.1326550915837288,0.06734570488333702,249.85928937637559,0.15938755869865417,0.04000423103570938,0.5212292075157166,0.030633531510829926,0.004209910053759813,0.32304060459136963,0.5847330689430237,0.5578027367591858,0.9663302898406982,0.9780000001192093,0.5187305894337203
pacing,3,action_space,0.0,2.5,0.0,0.5,-1.0,0.08999999612569809,1.0,0.3799999952316284,-1.0,-0.03999999910593033,stepping_stones_easy_bound_highspeed,stepping_stones_easy,2.0,bounding,1000,0.6157491207122803,0.6157491207122803,1.2806063890457153,0.7227712869644165,0.2633741497993469,0.591830313205719,1.2464570999145508,0.2633741497993469,0.10768179595470428,0.24853351712226868,0.1304410994052887,1.4254636764526367,3.986445903778076,0.787437915802002,1.2220895290374756,0.591830313205719,0.7534067630767822,0.019564762711524963,0.018702218309044838,0.5814734697341919,0.26736289262771606,330.64111328125,250.16265869140625,34.56429672241211,67.57064056396484,287.8921813964844,0.09042854607105255,0.13899999856948853,0.6708244681358337,2.190906524658203,0.9470000267028809,0.025612132623791695,0.04000015929341316,2.5,0.5,0.09110903739929199,0.3800007998943329,-0.038521260023117065,0.405088871717453,0.3612543046474457,0.6883732676506042,0.37312209606170654,0.2220686674118042,0.5027633905410767,0.24384579062461853,0.5036612749099731,0.4498896896839142,0.37776514887809753,0.638863205909729,0.9783835411071777,0.9621977806091309,0.11982705444097519,0.2019631564617157,0.9998000264167786,0.02500000037252903,0.004000000189989805,0.021000001579523087,0.947,0.7083679650376188,1.5210269449503673,0.32814904533565886,0.3611663043603164,1.9966086005469565,1.1054815824053676,0.8679900708399735,0.19561948016639294,0.12806066311895847,0.07194013334810734,258.19105394877636,0.12373743951320648,0.030118033289909363,0.46517592668533325,0.033370163291692734,0.00476119015365839,0.3125637173652649,0.5608057379722595,0.49907445907592773,0.9621977806091309,0.9789999984204769,0.4928983255828683
pacing,3,action_space,0.0,2.5,0.0,0.5,-1.0,0.08999999612569809,1.0,0.3799999952316284,0.0,0.0,stepping_stones_easy_bound_highspeed,stepping_stones_easy,2.0,bounding,1000,0.6483941078186035,0.6483941078186035,1.3492618799209595,0.6565412878990173,0.24518966674804688,0.5204788446426392,1.5044546127319336,0.24518966674804688,0.09256774187088013,0.23448681831359863,0.12242631614208221,1.3919689655303955,3.4146833419799805,0.7876287698745728,1.2609436511993408,0.5204788446426392,0.5756722688674927,0.01715206913650036,0.012253740802407265,0.572196364402771,0.2895095646381378,342.805908203125,261.58038330078125,34.022335052490234,67.97010803222656,368.898193359375,0.09235349297523499,0.13233332335948944,0.6994823217391968,2.322255849838257,0.9420000314712524,0.026985231786966324,0.04000015929341316,2.5,0.5,0.09121145308017731,0.3800007998943329,0.0,0.47268202900886536,0.39614948630332947,0.7318751215934753,0.3831533193588257,0.23071907460689545,0.5451937317848206,0.22948768734931946,0.5349962115287781,0.478127121925354,0.38762301206588745,0.6401435136795044,0.9766541719436646,0.9633044004440308,0.2366407811641693,0.31623438000679016,0.9996000528335571,0.027000000700354576,0.005000000353902578,0.02199999988079071,0.942,0.742550212106887,1.5701082019373285,0.3042494730823377,0.3498947215121746,1.8478861820956345,1.1229174730136409,0.7587306958779859,0.17148122328379753,0.13492615893483162,0.06507463753223419,254.06921614298238,0.17831817269325256,0.06660456210374832,0.5553725361824036,0.034881122410297394,0.0030573976691812277,0.3184172213077545,0.5399331450462341,0.515990674495697,0.9633044004440308,0.9780000001192093,0.5147067845651978
pacing,3,action_space,0.0,2.5,0.0,0.5,-1.0,0.08999999612569809,1.0,0.3799999952316284,1.0,0.03999999910593033,stepping_stones_easy_bound_highspeed,stepping_stones_easy,2.0,bounding,1000,0.6115149259567261,0.6115149259567261,1.2581303119659424,0.7495681047439575,0.2626734972000122,0.6089496612548828,1.6845215559005737,0.2626734972000122,0.10715372860431671,0.23349404335021973,0.11961638927459717,1.4569445848464966,4.480351448059082,0.8712218999862671,1.3731887340545654,0.6089496612548828,0.8705623149871826,0.02240283414721489,0.028625471517443657,0.6189855337142944,0.25351783633232117,370.9425048828125,288.42840576171875,33.32134246826172,66.76033020019531,732.3291015625,0.09876447916030884,0.1369166523218155,0.6385249495506287,1.9372719526290894,0.9360000491142273,0.0251625906676054,0.04000015929341316,2.5,0.5,0.09111566096544266,0.3800007998943329,0.03851243108510971,0.40953704714775085,0.36527755856513977,0.6828392148017883,0.33867210149765015,0.21559026837348938,0.507305383682251,0.19966623187065125,0.531208872795105,0.4723857343196869,0.3655654489994049,0.6389460563659668,0.9783835411071777,0.9620685577392578,0.11996720731258392,0.20288792252540588,0.9994000196456909,0.02500000223517418,0.007000000216066837,0.018000001087784767,0.936,0.6821847247262286,1.4386573195534211,0.32734344136444327,0.3458560239096569,2.116684069023784,1.1718313590506808,0.9330392890908628,0.22589445691441512,0.125812953338027,0.07418784312903881,294.83631493082885,0.10567263513803482,0.02452169917523861,0.36039087176322937,0.02176186442375183,0.006280178669840097,0.2899719476699829,0.5960482358932495,0.5043003559112549,0.9620685577392578,0.9819999989122152,0.481344610354618
pacing,3,action_space,0.0,2.5,0.0,0.5,0.0,0.11999999731779099,-1.0,0.3400000035762787,-1.0,-0.03999999910593033,stepping_stones_easy_bound_highspeed,stepping_stones_easy,2.0,bounding,1000,0.6666990518569946,0.6666990518569946,1.273644208908081,0.7321397066116333,0.25676828622817993,0.5488511323928833,1.3934576511383057,0.25676828622817993,0.103096142411232,0.25632041692733765,0.137812539935112,1.417909026145935,3.6874589920043945,0.8124419450759888,1.2577979564666748,0.5488511323928833,0.6897568702697754,0.018234673887491226,0.025367852300405502,0.5869797468185425,0.2458980679512024,364.3011474609375,279.25811767578125,33.32769775390625,66.76991271972656,303.3648376464844,0.104322150349617,0.11891666054725647,0.6767489910125732,2.2753257751464844,0.9290000200271606,0.02547287940979004,0.04000015929341316,2.5,0.5,0.11999969929456711,0.3416163921356201,-0.038382820785045624,0.42535826563835144,0.38676631450653076,0.6898835897445679,0.3548489212989807,0.22719897329807281,0.5361931324005127,0.2324501872062683,0.48790615797042847,0.48245903849601746,0.37566566467285156,1.0,0.9766541719436646,0.9633001089096069,0.23667259514331818,0.3165014088153839,0.9994000196456909,0.027000000700354576,0.004999999888241291,0.02199999988079071,0.929,0.7284704235064585,1.5649985069629575,0.32108588011812667,0.37123111391034025,1.9202757593648874,1.1215159189537502,0.8305160264978487,0.2088121792135141,0.1273643970489502,0.07263639941811562,286.0305451969665,0.1171717718243599,0.0491747222840786,0.41809335350990295,0.031575288623571396,0.0073140282183885574,0.30914047360420227,0.5420998334884644,0.5517924427986145,0.9633001089096069,0.9780000001192093,0.493021307022948
pacing,3,action_space,0.0,2.5,0.0,0.5,0.0,0.11999999731779099,-1.0,0.3400000035762787,0.0,0.0,stepping_stones_easy_bound_highspeed,stepping_stones_easy,2.0,bounding,1000,0.7160557508468628,0.7160557508468628,1.365444302558899,0.6396468877792358,0.26477253437042236,0.5175069570541382,1.3807954788208008,0.26477253437042236,0.10819332301616669,0.2410489320755005,0.12521851062774658,1.367361307144165,3.6585965156555176,0.7957144975662231,1.1570801734924316,0.5175069570541382,0.5648526549339294,0.011929556727409363,0.01628289744257927,0.5588496923446655,0.22386108338832855,335.9908142089844,255.83065795898438,33.743751525878906,67.97991943359375,393.2896423339844,0.09855349361896515,0.13091666996479034,0.7032332420349121,2.258687734603882,0.9620000123977661,0.027308890596032143,0.04000015929341316,2.5,0.5,0.11999969929456711,0.3415977358818054,0.0,0.46829843521118164,0.37369003891944885,0.728905975818634,0.36722618341445923,0.22512462735176086,0.530967652797699,0.23310315608978271,0.5210325717926025,0.49211543798446655,0.3844216465950012,1.0,0.9766542315483093,0.9681384563446045,0.47867751121520996,0.53229820728302,0.9998000264167786,0.027000000700354576,0.00800000037997961,0.01900000125169754,0.962,0.7310116583493048,1.5322884859444725,0.32892753459716123,0.3538622763558537,1.9127458052902684,1.075676611948234,0.7515668000476933,0.1679656338957128,0.1365444529801607,0.0634563434869051,246.06702271145278,0.19464215636253357,0.0686911791563034,0.5687870979309082,0.028878381475806236,0.011364947073161602,0.32703131437301636,0.5560055375099182,0.5196585655212402,0.9681384563446045,0.9809999987483025,0.5223723408815109
pacing,3,action_space,0.0,2.5,0.0,0.5,0.0,0.11999999731779099,-1.0,0.3400000035762787,1.0,0.03999999910593033,stepping_stones_easy_bound_highspeed,stepping_stones_easy,2.0,bounding,1000,0.6810283660888672,0.6810283660888672,1.4000627994537354,0.6038401126861572,0.2561664283275604,0.48986828327178955,1.3727831840515137,0.2561664283275604,0.10509971529245377,0.24073651432991028,0.13168685138225555,1.233357310295105,2.9636428356170654,0.7286339402198792,0.9909669756889343,0.48986828327178955,0.5669956803321838,0.010906173847615719,0.020023906603455544,0.5325148701667786,0.22750331461429596,313.281982421875,234.42840576171875,34.276893615722656,67.99993896484375,340.171142578125,0.10023383796215057,0.10525000095367432,0.6309623122215271,2.068913459777832,0.9560000896453857,0.028001263737678528,0.04000015929341316,2.5,0.5,0.11999969929456711,0.34179502725601196,0.038204342126846313,0.4840565025806427,0.4106433689594269,0.7478330135345459,0.3880888521671295,0.24034659564495087,0.5594725608825684,0.2363288402557373,0.5398719310760498,0.4880185127258301,0.3936743140220642,1.0,0.9740602374076843,0.9591827988624573,0.24053168296813965,0.3285464644432068,0.9994000196456909,0.030000001192092896,0.004000000189989805,0.026000000536441803,0.956,0.6600023852232609,1.4711001114423592,0.32419086244441525,0.3628868299928444,1.7215234054804673,0.9954732420758151,0.7529911555471178,0.17586949835338492,0.14000631868839264,0.05999447777867317,223.76280731414957,0.2325868457555771,0.09074431657791138,0.5386972427368164,0.03096872568130493,0.010566501878201962,0.3447175920009613,0.5821461081504822,0.5908163785934448,0.9591827988624573,0.9739999994635582,0.5411927872582487
pacing,3,action_space,0.0,2.5,0.0,0.5,0.0,0.11999999731779099,0.0,0.3799999952316284,-1.0,-0.03999999910593033,stepping_stones_easy_bound_highspeed,stepping_stones_easy,2.0,bounding,1000,0.6984269022941589,0.6984269022941589,1.24904203414917,0.7536089420318604,0.2672976851463318,0.6272451877593994,1.4041225910186768,0.2672976851463318,0.1113085001707077,0.24971359968185425,0.12560242414474487,1.3353757858276367,3.3477911949157715,0.8682814836502075,1.4093033075332642,0.6272451877593994,0.9074528217315674,0.018684599548578262,0.01750652678310871,0.5720324516296387,0.28145039081573486,325.73040771484375,245.3546905517578,34.540592193603516,67.60256958007812,468.90631103515625,0.09909889847040176,0.12183333188295364,0.6326429843902588,2.0699620246887207,0.940000057220459,0.024980831891298294,0.04000015929341316,2.5,0.5,0.11999969929456711,0.3800007998943329,-0.03855177015066147,0.37948018312454224,0.34832584857940674,0.6720680594444275,0.3493345081806183,0.21513399481773376,0.4873579740524292,0.22811123728752136,0.4947420358657837,0.4591434895992279,0.3706969916820526,1.0,0.9792482256889343,0.9715932607650757,0.475924551486969,0.5258132219314575,1.0,0.024000000208616257,0.004000000189989805,0.020000001415610313,0.94,0.6730244088680186,1.4839431062610455,0.3336292855411642,0.35440432297694235,1.8296970227105283,1.187140812007263,0.9526031816719738,0.19023965499255663,0.12490415945649147,0.07509663701057434,260.7841840460772,0.1031360924243927,0.01955810934305191,0.48489516973495483,0.026508426293730736,0.003592137712985277,0.3185216188430786,0.5766488313674927,0.543803870677948,0.9715932607650757,0.9799999985843897,0.4997317374340798
pacing,3,action_space,0.0,2.5,0.0,0.5,0.0,0.11999999731779099,0.0,0.3799999952316284,0.0,0.0,stepping_stones_easy_bound_highspeed,stepping_stones_easy,2.0,bounding,1000,0.8056075572967529,0.8056075572967529,1.3556792736053467,0.648396372795105,0.2528964579105377,0.5087261199951172,1.1696221828460693,0.2528964579105377,0.0986369252204895,0.2367285043001175,0.11884219944477081,1.3999369144439697,3.5269360542297363,0.7801749110221863,1.0590167045593262,0.5087261199951172,0.5553884506225586,0.013195933774113655,0.015244042500853539,0.5775395035743713,0.27200645208358765,347.5505065917969,267.8369140625,34.137149810791016,67.26132202148438,222.51979064941406,0.0948665663599968,0.14908331632614136,0.8353555202484131,2.895413398742676,0.9670000672340393,0.027113592252135277,0.04000015929341316,2.5,0.5,0.11999969929456711,0.3800007998943329,0.0,0.4500657916069031,0.40370655059814453,0.7176903486251831,0.3623582124710083,0.2266189455986023,0.5556048154830933,0.2637487053871155,0.5221189260482788,0.4709480404853821,0.3857274651527405,1.0,0.9757895469665527,0.9723289608955383,1.0,1.0,1.0,0.02800000086426735,0.009000000543892384,0.01900000125169754,0.967,0.8638629459669079,1.7303823077400446,0.31406516078751795,0.34473496986057395,1.8780138589024673,1.0290853728235214,0.7452438866723823,0.16864156152908213,0.13556796126067638,0.06443283520638943,256.3663200865404,0.1860627382993698,0.07516852021217346,0.5662047863006592,0.043180741369724274,0.004338922444730997,0.3150326609611511,0.4730492830276489,0.47453656792640686,0.9723289608955383,0.9809999987483025,0.504875732095618
pacing,3,action_space,0.0,2.5,0.0,0.5,0.0,0.11999999731779099,0.0,0.3799999952316284,1.0,0.03999999910593033,stepping_stones_easy_bound_highspeed,stepping_stones_easy,2.0,bounding,1000,0.7156381607055664,0.7156381607055664,1.4168815612792969,0.5874982476234436,0.23367416858673096,0.4996894598007202,1.7701060771942139,0.23367416858673096,0.08305174857378006,0.23020711541175842,0.1121692955493927,1.2861948013305664,2.9714882373809814,0.784090518951416,1.178614616394043,0.4996894598007202,0.4991331696510315,0.010212885215878487,0.009971965104341507,0.5233977437019348,0.2559869885444641,299.45166015625,223.8619384765625,34.58362579345703,68.06216430664062,267.69696044921875,0.09670007228851318,0.10174998641014099,0.5690653920173645,1.8426198959350586,0.9760000705718994,0.028337638825178146,0.04000015929341316,2.5,0.5,0.11999969929456711,0.3800007998943329,0.0384400375187397,0.4862990379333496,0.3924277126789093,0.7449069023132324,0.37713849544525146,0.2405039519071579,0.5484137535095215,0.18722961843013763,0.5389865636825562,0.45945531129837036,0.3884276747703552,1.0,0.9775188565254211,0.9692502021789551,0.4779753088951111,0.5311949253082275,1.0,0.026000000536441803,0.0010000000474974513,0.02500000037252903,0.976,0.5830587793569095,1.3740196769776944,0.2881870027842686,0.33491684870933663,1.7238005213425889,1.0856401873521646,0.7064935736799249,0.1420733976514252,0.14168819412589073,0.05831260234117508,211.34558338516047,0.2514234185218811,0.08234022557735443,0.6678464412689209,0.032350003719329834,0.0059775798581540585,0.3510609269142151,0.6237643957138062,0.60124671459198,0.9692502021789551,0.974999999627471,0.5655769932230836
pacing,3,action_space,0.0,2.5,0.0,0.5,0.0,0.11999999731779099,1.0,0.3799999952316284,-1.0,-0.03999999910593033,stepping_stones_easy_bound_highspeed,stepping_stones_easy,2.0,bounding,1000,0.6703908443450928,0.6703908443450928,1.3188077211380005,0.685982882976532,0.2579824924468994,0.5339279174804688,1.3042182922363281,0.2579824924468994,0.10297545790672302,0.24267348647117615,0.12461411952972412,1.462406039237976,4.079936981201172,0.7915735244750977,1.2079263925552368,0.5339279174804688,0.6248401403427124,0.01626652106642723,0.01960795186460018,0.5666519403457642,0.28863728046417236,340.6862487792969,259.2073974609375,34.60423278808594,68.48116302490234,576.7557983398438,0.10273519158363342,0.11300000548362732,0.6700397729873657,2.2537660598754883,0.9410000443458557,0.026376161724328995,0.04000015929341316,2.5,0.5,0.11999969929456711,0.3800007998943329,-0.0383443646132946,0.44043993949890137,0.3656054735183716,0.7035266757011414,0.3629792332649231,0.21720640361309052,0.5181920528411865,0.24228927493095398,0.5077861547470093,0.4684341847896576,0.3784535825252533,1.0,0.9766541719436646,0.9629325866699219,0.23743030428886414,0.32026100158691406,0.9998000264167786,0.027000000700354576,0.004999999888241291,0.02200000174343586,0.941,0.7120507916279224,1.5476031700765813,0.320897893272491,0.3530072513840532,2.0198853881349734,1.0990570469976693,0.790468304451679,0.18940557787728274,0.13188080862164497,0.06811998784542084,258.3289764828783,0.1522410660982132,0.05779862776398659,0.4879758059978485,0.03460602089762688,0.0031112036667764187,0.321967750787735,0.5494877099990845,0.5683600902557373,0.9629325866699219,0.9779999982565641,0.5121973387308811
pacing,3,action_space,0.0,2.5,0.0,0.5,0.0,0.11999999731779099,1.0,0.3799999952316284,0.0,0.0,stepping_stones_easy_bound_highspeed,stepping_stones_easy,2.0,bounding,1000,0.7092128992080688,0.7092128992080688,1.3619318008422852,0.6407990455627441,0.25605830550193787,0.5107166767120361,1.6100083589553833,0.25605830550193787,0.10118600726127625,0.23075562715530396,0.11444000899791718,1.2830049991607666,2.9138338565826416,0.8135035037994385,1.211968183517456,0.5107166767120361,0.5865225791931152,0.01683400757610798,0.011374009773135185,0.5589683055877686,0.292352557182312,322.91314697265625,244.4991912841797,34.69928741455078,67.72167205810547,258.67254638671875,0.09733424335718155,0.13633331656455994,0.7017228603363037,2.2946879863739014,0.9550000429153442,0.027238640934228897,0.04000015929341316,2.5,0.5,0.11999969929456711,0.3800007998943329,0.0,0.4442303776741028,0.4059270918369293,0.7213374376296997,0.36166444420814514,0.2260873019695282,0.5568790435791016,0.19229279458522797,0.52787184715271,0.46503502130508423,0.3830018937587738,1.0,0.9783835411071777,0.9704329967498779,0.4768730103969574,0.5280429124832153,1.0,0.02500000037252903,0.007000000216066837,0.018000001087784767,0.955,0.7347883134612239,1.5501014958430694,0.3180974807527973,0.3382898298765678,1.7069955643125267,1.1008942653667773,0.765847621392869,0.16795242585102235,0.13619320467114449,0.06380759179592133,237.09935165105256,0.1934969127178192,0.0736585408449173,0.568837583065033,0.026417503133416176,0.0028884040657430887,0.3269537389278412,0.5484256148338318,0.5057733654975891,0.9704329967498779,0.9819999989122152,0.518964620503156
pacing,3,action_space,0.0,2.5,0.0,0.5,0.0,0.11999999731779099,1.0,0.3799999952316284,1.0,0.03999999910593033,stepping_stones_easy_bound_highspeed,stepping_stones_easy,2.0,bounding,1000,0.6716048717498779,0.6716048717498779,1.3405427932739258,0.6655007600784302,0.2545928955078125,0.538123369216919,1.4091914892196655,0.2545928955078125,0.10219313204288483,0.23097269237041473,0.1197601705789566,1.2665027379989624,3.0368905067443848,0.8150138854980469,1.2699921131134033,0.538123369216919,0.6718863248825073,0.01638730615377426,0.01292903907597065,0.54313063621521,0.2435389757156372,319.48724365234375,240.02330017089844,33.82292938232422,67.72044372558594,219.3847198486328,0.09854346513748169,0.10616666078567505,0.6466013789176941,2.164780378341675,0.9440000653266907,0.02681085839867592,0.04000015929341316,2.5,0.5,0.11999969929456711,0.3800007998943329,0.03840167075395584,0.4536098837852478,0.3975207209587097,0.7248626947402954,0.3689117431640625,0.23641535639762878,0.548876166343689,0.21616962552070618,0.542603075504303,0.4844089150428772,0.38538727164268494,1.0,0.9766541719436646,0.9634369611740112,0.23631785809993744,0.31417539715766907,0.9998000264167786,0.027000000700354576,0.004999999888241291,0.02200000174343586,0.944,0.6849590236857787,1.5143313515214367,0.31967660540440684,0.346063824429767,1.742667640929958,1.1269392677129515,0.8196867236222064,0.17122016595525455,0.1340542919933796,0.06594650447368622,238.32677722438055,0.17006660997867584,0.055256590247154236,0.5563671588897705,0.031648825854063034,0.007667385973036289,0.33747586607933044,0.5636623501777649,0.5881146788597107,0.9634369611740112,0.9779999982565641,0.5283211950996989
pacing,3,action_space,0.0,2.5,0.0,0.5,1.0,0.11999999731779099,-1.0,0.3400000035762787,-1.0,-0.03999999910593033,stepping_stones_easy_bound_highspeed,stepping_stones_easy,2.0,bounding,1000,0.6497130393981934,0.6497130393981934,1.3371000289916992,0.6684907078742981,0.2537546157836914,0.5337338447570801,1.534323811531067,0.2537546157836914,0.10132727026939392,0.25441133975982666,0.1294543594121933,1.44474196434021,3.992903232574463,0.829206645488739,1.3007991313934326,0.5337338447570801,0.6157711744308472,0.01840137131512165,0.024186693131923676,0.5800511837005615,0.2770597040653229,358.5191955566406,275.94244384765625,33.486549377441406,66.27508544921875,296.0421142578125,0.10237029194831848,0.12691664695739746,0.6625581383705139,2.1969947814941406,0.9340000152587891,0.026741988956928253,0.04000015929341316,2.5,0.5,0.11999969929456711,0.34161919355392456,-0.03838000446557999,0.4568987190723419,0.3716847002506256,0.7061089873313904,0.3672056496143341,0.21814236044883728,0.5213785171508789,0.21255478262901306,0.48401862382888794,0.48225271701812744,0.3800661563873291,1.0,0.9766542315483093,0.9589517712593079,0.12247816473245621,0.21379229426383972,0.9996000528335571,0.02800000086426735,0.007000000216066837,0.021000001579523087,0.934,0.7093769865832441,1.533702352075235,0.31831944689163105,0.3597976645452181,1.9982250205055643,1.1405258135585676,0.7847108858878199,0.2063687584084503,0.13370994478464127,0.06629085168242455,268.13191816845466,0.167374849319458,0.05791851505637169,0.426662802696228,0.02841411530971527,0.003921841736882925,0.3134540915489197,0.5554032921791077,0.5301563739776611,0.9589517712593079,0.9789999984204769,0.5022925575704951
pacing,3,action_space,0.0,2.5,0.0,0.5,1.0,0.11999999731779099,-1.0,0.3400000035762787,0.0,0.0,stepping_stones_easy_bound_highspeed,stepping_stones_easy,2.0,bounding,1000,0.6655898094177246,0.6655898094177246,1.2765238285064697,0.7270351052284241,0.2679796814918518,0.6162658929824829,1.3065688610076904,0.2679796814918518,0.11337688565254211,0.23781625926494598,0.11981166899204254,1.4424474239349365,4.505107402801514,0.8418998718261719,1.3586242198944092,0.6162658929824829,0.8801065683364868,0.013940253295004368,0.024358022958040237,0.5708768367767334,0.28941625356674194,340.19879150390625,259.03106689453125,33.75074768066406,67.11148834228516,288.3641052246094,0.0995558500289917,0.11241665482521057,0.713167130947113,2.5053062438964844,0.9540000557899475,0.02553047053515911,0.04000015929341316,2.5,0.5,0.11999969929456711,0.34149909019470215,0.0,0.41875410079956055,0.36426252126693726,0.6958330869674683,0.3614615201950073,0.22064542770385742,0.502642810344696,0.23969903588294983,0.5292965769767761,0.46994903683662415,0.37729763984680176,1.0,0.9783835411071777,0.966016411781311,0.2341393232345581,0.3083270192146301,0.9998000264167786,0.02500000223517418,0.003000000026077032,0.02199999988079071,0.954,0.7475546271046253,1.620526790253237,0.3367148432316908,0.34613822237950337,2.1225238285591788,1.1656003688633636,0.9381399513593304,0.19569945389051194,0.12765235267579556,0.07234844379127026,266.50406667452353,0.12071531265974045,0.022419221699237823,0.46488484740257263,0.028040463104844093,0.003063107607886195,0.3192586600780487,0.5186496376991272,0.570020318031311,0.966016411781311,0.9780000001192093,0.49936953559517866
pacing,3,action_space,0.0,2.5,0.0,0.5,1.0,0.11999999731779099,-1.0,0.3400000035762787,1.0,0.03999999910593033,stepping_stones_easy_bound_highspeed,stepping_stones_easy,2.0,bounding,1000,0.6568114161491394,0.6568114161491394,1.382136583328247,0.6202830672264099,0.2595568597316742,0.5113274455070496,1.3485372066497803,0.2595568597316742,0.10163861513137817,0.2330513894557953,0.12018506228923798,1.278991460800171,3.1381847858428955,0.7591842412948608,1.09100341796875,0.5113274455070496,0.5662856101989746,0.011692145839333534,0.012752649374306202,0.5472068786621094,0.25342464447021484,314.11822509765625,236.8011474609375,34.73566436767578,67.86094665527344,280.99749755859375,0.09604513645172119,0.11225000023841858,0.6491812467575073,2.1278042793273926,0.9640000462532043,0.02764274552464485,0.04000015929341316,2.5,0.5,0.11999969929456711,0.34165525436401367,0.03834414482116699,0.4690649211406708,0.39155465364456177,0.7384791970252991,0.3702087700366974,0.2328042984008789,0.544044017791748,0.23120877146720886,0.5423683524131775,0.46770453453063965,0.38436630368232727,1.0,0.9766542315483093,0.9584273099899292,0.12306264042854309,0.21743163466453552,0.9995999932289124,0.027000000700354576,0.003000000026077032,0.024000000208616257,0.964,0.6734244318918569,1.485686967979604,0.31880811647663265,0.3466771730143737,1.7714922483157796,1.0445110904000732,0.7525195081849869,0.1563483137537458,0.13821372762322426,0.06178706884384155,227.27003169342746,0.21459466218948364,0.07320017367601395,0.6133031845092773,0.03400290012359619,0.006291895639151335,0.33473578095436096,0.5759027600288391,0.5704954862594604,0.9584273099899292,0.9759999997913837,0.5415767633209103
pacing,3,action_space,0.0,2.5,0.0,0.5,1.0,0.11999999731779099,0.0,0.3799999952316284,-1.0,-0.03999999910593033,stepping_stones_easy_bound_highspeed,stepping_stones_easy,2.0,bounding,1000,0.664963960647583,0.664963960647583,1.3273921012878418,0.6781966686248779,0.2641233503818512,0.5771030783653259,1.611114740371704,0.2641233503818512,0.10907220840454102,0.25189125537872314,0.1284245252609253,1.3701739311218262,3.648268938064575,0.8255426287651062,1.3511548042297363,0.5771030783653259,0.767790675163269,0.020372571423649788,0.023253843188285828,0.5632051229476929,0.23042811453342438,334.37109375,255.61514282226562,34.04669952392578,68.08434295654297,309.6260681152344,0.10346595197916031,0.09866665303707123,0.5918387770652771,1.8802778720855713,0.9550000429153442,0.026547851040959358,0.04000015929341316,2.5,0.5,0.11999969929456711,0.3800007998943329,-0.03867935389280319,0.4536820650100708,0.374565064907074,0.6937283873558044,0.3545200228691101,0.21960774064064026,0.5217607021331787,0.1978778839111328,0.4938206672668457,0.4653697609901428,0.37541651725769043,1.0,0.9809775352478027,0.9700943231582642,0.23028118908405304,0.29563039541244507,1.0,0.02200000174343586,0.0020000000949949026,0.020000001415610313,0.955,0.6197264346776833,1.403166886377913,0.33026081875472457,0.3583636773738729,1.9100442241122522,1.162391846250539,0.8762366547704273,0.20886937212510506,0.1327392552047968,0.06726154126226902,251.90077101226657,0.15884873270988464,0.035775940865278244,0.417893648147583,0.022537855431437492,0.009966135025024414,0.32419493794441223,0.6112682819366455,0.6105877161026001,0.9700943231582642,0.9799999985843897,0.5192816197676094
pacing,3,action_space,0.0,2.5,0.0,0.5,1.0,0.11999999731779099,0.0,0.3799999952316284,0.0,0.0,stepping_stones_easy_bound_highspeed,stepping_stones_easy,2.0,bounding,1000,0.7171244621276855,0.7171244621276855,1.3908283710479736,0.6137830018997192,0.25650960206985474,0.49925026297569275,1.387528896331787,0.25650960206985474,0.10056641697883606,0.2370021790266037,0.12403552234172821,1.3080127239227295,3.1029176712036133,0.7665817737579346,1.0912470817565918,0.49925026297569275,0.5475988388061523,0.012253973633050919,0.011426055803894997,0.5477720499038696,0.2500351071357727,329.52752685546875,252.80970764160156,34.211082458496094,68.26980590820312,376.95733642578125,0.09863947331905365,0.11841665953397751,0.6592398881912231,2.2546844482421875,0.9590000510215759,0.027816561982035637,0.04000015929341316,2.5,0.5,0.11999969929456711,0.3800007998943329,0.0,0.47554540634155273,0.40441641211509705,0.736038088798523,0.3593989610671997,0.23438754677772522,0.5577032566070557,0.21383070945739746,0.5219537019729614,0.47558555006980896,0.38463371992111206,1.0,0.9766541719436646,0.9680583477020264,0.47920796275138855,0.5352312326431274,1.0,0.027000000700354576,0.004999999888241291,0.02200000174343586,0.959,0.6874242629447993,1.5333226314130333,0.31712208529024916,0.35218677195733544,1.7615100542442592,1.0446277240034325,0.7399992154091465,0.1538831681404627,0.13908280991017818,0.06091798655688763,236.9289652951021,0.2215918004512787,0.08270227164030075,0.6227559447288513,0.033411432057619095,0.006733219139277935,0.3343576490879059,0.5555650591850281,0.5531736612319946,0.9680583477020264,0.9779999982565641,0.5393902474132024
pacing,3,action_space,0.0,2.5,0.0,0.5,1.0,0.11999999731779099,0.0,0.3799999952316284,1.0,0.03999999910593033,stepping_stones_easy_bound_highspeed,stepping_stones_easy,2.0,bounding,1000,0.6629822254180908,0.6629822254180908,1.2865046262741089,0.717842698097229,0.2583153545856476,0.5760561227798462,1.6674829721450806,0.2583153545856476,0.1037013977766037,0.23151904344558716,0.12246711552143097,1.4583940505981445,4.317724227905273,0.8543447256088257,1.361593246459961,0.5760561227798462,0.7301369905471802,0.016007039695978165,0.026929445564746857,0.6017441153526306,0.29857590794563293,376.6255798339844,291.2120056152344,33.25255584716797,66.9974365234375,475.57269287109375,0.10300086438655853,0.11008332669734955,0.7196950912475586,2.4715185165405273,0.9250000715255737,0.025730079039931297,0.04000015929341316,2.5,0.5,0.11999969929456711,0.3800007998943329,0.03846404701471329,0.4292863607406616,0.3712894916534424,0.6978093385696411,0.34388113021850586,0.21832287311553955,0.5202007293701172,0.1938154697418213,0.5446622967720032,0.4846731424331665,0.37452948093414307,1.0,0.9783835411071777,0.965651273727417,0.23485660552978516,0.31178486347198486,0.9996000528335571,0.02500000037252903,0.003000000026077032,0.02199999988079071,0.925,0.7780487225506757,1.6345984066471841,0.32202701404789585,0.3499530190203122,2.0779134312827554,1.1668732778069608,0.8544805384250599,0.2072112093027909,0.1286503951996565,0.07135040126740932,292.7510497375691,0.12730206549167633,0.03621048480272293,0.4236999452114105,0.02371824160218239,0.002550367033109069,0.3001454174518585,0.5127443075180054,0.5767094492912292,0.965651273727417,0.9780000001192093,0.4957341065532283
pacing,3,action_space,0.0,2.5,0.0,0.5,1.0,0.11999999731779099,1.0,0.3799999952316284,-1.0,-0.03999999910593033,stepping_stones_easy_bound_highspeed,stepping_stones_easy,2.0,bounding,1000,0.6538726091384888,0.6538726091384888,1.3902136087417603,0.6146777868270874,0.26105523109436035,0.5279315710067749,1.395190954208374,0.26105523109436035,0.10721510648727417,0.2435818314552307,0.13032695651054382,1.354459285736084,3.2830562591552734,0.7284151315689087,0.9608702659606934,0.5279315710067749,0.6303778290748596,0.01112273521721363,0.013099504634737968,0.5529580116271973,0.28135818243026733,323.16790771484375,243.65029907226562,34.671966552734375,67.62811279296875,425.8110046386719,0.09854056686162949,0.0976666733622551,0.651209831237793,2.2342605590820312,0.9620000720024109,0.027804266661405563,0.04000015929341316,2.5,0.5,0.11999969929456711,0.3800007998943329,-0.03832000494003296,0.4604575037956238,0.38450172543525696,0.7246588468551636,0.3749590814113617,0.22397908568382263,0.5373542308807373,0.22526639699935913,0.5104730725288391,0.47193658351898193,0.38570520281791687,1.0,0.9757895469665527,0.9574313759803772,0.12365439534187317,0.2183499038219452,1.0,0.02800000086426735,0.0060000005178153515,0.02199999988079071,0.962,0.6769333044357458,1.523980434264256,0.32743717945168377,0.3610082499203361,1.8119205995725292,0.9802399022487778,0.7939633675900039,0.1556349570371374,0.13902133330702782,0.060979463160037994,232.45917439071332,0.22061964869499207,0.0615985170006752,0.6160391569137573,0.029028037562966347,0.0035987673327326775,0.3309076130390167,0.5595462322235107,0.6136482357978821,0.9574313759803772,0.9780000001192093,0.5486443644683613
pacing,3,action_space,0.0,2.5,0.0,0.5,1.0,0.11999999731779099,1.0,0.3799999952316284,0.0,0.0,stepping_stones_easy_bound_highspeed,stepping_stones_easy,2.0,bounding,1000,0.6778202056884766,0.6778202056884766,1.3796591758728027,0.6262031197547913,0.25249338150024414,0.5106570720672607,1.4827880859375,0.25249338150024414,0.09855103492736816,0.24645668268203735,0.13676717877388,1.2576019763946533,2.9157443046569824,0.7515709400177002,1.0762783288955688,0.5106570720672607,0.5427085757255554,0.01251647062599659,0.01730361580848694,0.5556378364562988,0.2086077630519867,338.57025146484375,260.01361083984375,33.1775016784668,66.52470397949219,328.9627990722656,0.09981691837310791,0.10999998450279236,0.6267662644386292,2.0162620544433594,0.9520000219345093,0.027593186125159264,0.04000015929341316,2.5,0.5,0.11999969929456711,0.3800007998943329,0.0,0.48389047384262085,0.3901059031486511,0.746416449546814,0.3897359371185303,0.22876352071762085,0.5410138368606567,0.22019368410110474,0.5154480934143066,0.491924524307251,0.39037322998046875,1.0,0.9757895469665527,0.9619448184967041,0.23793724179267883,0.32053935527801514,0.9996000528335571,0.02800000086426735,0.007000000216066837,0.021000001579523087,0.952,0.6583678942768514,1.4553082937739092,0.31392839140059975,0.36982046830033627,1.7075550663615455,1.0374383494432664,0.7366875699545604,0.17268493401128984,0.13796593062579632,0.06203486584126949,245.40136969020392,0.20835302770137787,0.07370338588953018,0.5507899522781372,0.03162495419383049,0.015418990515172482,0.3291388154029846,0.5889107584953308,0.5769498348236084,0.9619448184967041,0.9789999984204769,0.5364739214511295
pacing,3,action_space,0.0,2.5,0.0,0.5,1.0,0.11999999731779099,1.0,0.3799999952316284,1.0,0.03999999910593033,stepping_stones_easy_bound_highspeed,stepping_stones_easy,2.0,bounding,1000,0.6564121246337891,0.6564121246337891,1.3708539009094238,0.6325398683547974,0.24627098441123962,0.5251073241233826,1.3871465921401978,0.24627098441123962,0.0957399308681488,0.23506346344947815,0.11636993288993835,1.281440258026123,3.1105618476867676,0.779364287853241,1.1750068664550781,0.5251073241233826,0.6129531264305115,0.015585685148835182,0.013097325339913368,0.5438022017478943,0.2329777181148529,319.7105712890625,241.47279357910156,34.535614013671875,68.12399291992188,333.75146484375,0.09705737233161926,0.12033332884311676,0.6507967710494995,2.130856513977051,0.9660000801086426,0.027417078614234924,0.04000015929341316,2.5,0.5,0.11999969929456711,0.3800007998943329,0.03837195411324501,0.46676918864250183,0.3915354907512665,0.7347990274429321,0.3791586756706238,0.22727403044700623,0.5430043935775757,0.2342142015695572,0.5353925228118896,0.47534751892089844,0.38841432332992554,1.0,0.9766542315483093,0.9588854312896729,0.12258656322956085,0.21512489020824432,1.0,0.027000000700354576,0.006000000052154064,0.021000001579523087,0.966,0.6737026427843555,1.4852122856513787,0.30941869831693886,0.341130375208568,1.7636784989580068,1.0839773366888619,0.7829132304607653,0.16936059308100143,0.13708539307117462,0.06291540339589119,233.22001788590794,0.20181037485599518,0.06345800310373306,0.5634592771530151,0.03681149333715439,0.009470680728554726,0.33702290058135986,0.5761058330535889,0.5478977560997009,0.9588854312896729,0.9789999984204769,0.5309699779670489
pacing,3,action_space,1.0,2.9000000953674316,0.0,0.5,-1.0,0.08999999612569809,-1.0,0.3400000035762787,-1.0,-0.03999999910593033,stepping_stones_easy_bound_highspeed,stepping_stones_easy,2.0,bounding,1000,0.5878430604934692,0.5878430604934692,1.2145954370498657,0.7876943349838257,0.25421804189682007,0.6711558699607849,1.6180768013000488,0.25421804189682007,0.10257509350776672,0.24664147198200226,0.11611653864383698,1.4396992921829224,3.854567527770996,0.899328887462616,1.508313775062561,0.6711558699607849,0.8846371173858643,0.024258770048618317,0.020065009593963623,0.5808862447738647,0.290367066860199,330.1024169921875,250.79176330566406,34.29113006591797,66.21951293945312,342.6141662597656,0.08739878237247467,0.13216665387153625,0.7787230014801025,2.4413814544677734,1.0360000133514404,0.02429189532995224,0.04000015929341316,2.886939287185669,0.5,0.09098029136657715,0.3413059115409851,-0.03869299218058586,0.3546092212200165,0.3083682954311371,0.6323733329772949,0.3430784344673157,0.19101819396018982,0.4482860565185547,0.20108026266098022,0.4925725758075714,0.45167484879493713,0.36728787422180176,0.6372535228729248,0.9809775352478027,0.9634186029434204,0.06248610094189644,0.1394256055355072,0.9998000264167786,0.02199999988079071,0.0060000005178153515,0.01600000075995922,1.036,0.7516630901793255,1.5351044597586503,0.32027346675578156,0.34075876899037677,1.9633052558812643,1.2281342658938237,0.940551496402969,0.2105321344654586,0.1214594766497612,0.07854131981730461,271.7797275724781,0.08358848839998245,0.011059097945690155,0.41210564970970154,0.025487208738923073,0.003005409147590399,0.31293103098869324,0.5548061728477478,0.516420841217041,0.9634186029434204,0.9839999992400408,0.4816956852415675
pacing,3,action_space,1.0,2.9000000953674316,0.0,0.5,-1.0,0.08999999612569809,-1.0,0.3400000035762787,0.0,0.0,stepping_stones_easy_bound_highspeed,stepping_stones_easy,2.0,bounding,1000,0.606808602809906,0.606808602809906,1.2098056077957153,0.7952872514724731,0.24556387960910797,0.6427148580551147,1.5665562152862549,0.24556387960910797,0.09905648231506348,0.2431090623140335,0.13324885070323944,1.5868415832519531,4.949522018432617,0.9225529432296753,1.6335551738739014,0.6427148580551147,0.8722712993621826,0.02073303610086441,0.03223403915762901,0.6142237186431885,0.26478660106658936,369.24951171875,289.11395263671875,32.558204650878906,66.33645629882812,849.8609619140625,0.09542237222194672,0.12908333539962769,0.7235811948776245,2.313986301422119,1.0350000858306885,0.02419612556695938,0.04000015929341316,2.8855843544006348,0.5,0.09108178317546844,0.3414415121078491,0.0,0.3814573287963867,0.34421104192733765,0.6506394147872925,0.3345566987991333,0.1939409077167511,0.4820561110973358,0.22582362592220306,0.5186177492141724,0.4853878915309906,0.3618718981742859,0.6385223269462585,0.9783835411071777,0.9627221822738647,0.11923713982105255,0.1982867270708084,0.9994000196456909,0.02500000037252903,0.004000000189989805,0.021000001579523087,1.035,0.6991122480751811,1.4952375553218313,0.3147323979431788,0.3650326707340583,2.2247521251664457,1.2781060886616187,0.9339546559454494,0.23014576958635025,0.1209806278347969,0.0790201686322689,305.2139197730521,0.07966481894254684,0.016069630160927773,0.3466840088367462,0.028791189193725586,0.005012943409383297,0.29274672269821167,0.5718183517456055,0.5244439840316772,0.9627221822738647,0.9789999984204769,0.4753815451342809
pacing,3,action_space,1.0,2.9000000953674316,0.0,0.5,-1.0,0.08999999612569809,-1.0,0.3400000035762787,1.0,0.03999999910593033,stepping_stones_easy_bound_highspeed,stepping_stones_easy,2.0,bounding,1000,0.5999130606651306,0.5999130606651306,1.1865408420562744,0.8165256381034851,0.23503148555755615,0.6522524356842041,1.3280678987503052,0.23503148555755615,0.088131383061409,0.23149529099464417,0.1295986920595169,1.4572656154632568,4.141279697418213,0.9019631147384644,1.6294548511505127,0.6522524356842041,0.9027139544487,0.023032961413264275,0.02165498584508896,0.6200706958770752,0.3245450258255005,352.44140625,270.81036376953125,33.80128860473633,65.79307556152344,360.5008239746094,0.08933727443218231,0.14241665601730347,0.7148996591567993,2.2095117568969727,1.0320000648498535,0.023730821907520294,0.04000015929341316,2.8856077194213867,0.5,0.09108000248670578,0.34143906831741333,0.03855998069047928,0.37144747376441956,0.33306974172592163,0.6744822263717651,0.36070239543914795,0.21054255962371826,0.472724586725235,0.24843242764472961,0.5638046264648438,0.4489502012729645,0.35783469676971436,0.6385002136230469,0.9792481660842896,0.9599826335906982,0.06457645446062088,0.15023210644721985,0.9994000196456909,0.024000000208616257,0.003000000026077032,0.021000001579523087,1.032,0.6927322269410126,1.4632155437497683,0.2968693029961316,0.3599981834114124,2.035013439124718,1.2765010188599588,0.9501126009314369,0.211395239441084,0.11865410953760147,0.08134668692946434,297.0326800038499,0.06947026401758194,0.01420256681740284,0.4091150164604187,0.04547031223773956,0.0015171820996329188,0.28934329748153687,0.5855229496955872,0.49062103033065796,0.9599826335906982,0.9789999984204769,0.47708544350768395
pacing,3,action_space,1.0,2.9000000953674316,0.0,0.5,-1.0,0.08999999612569809,0.0,0.3799999952316284,-1.0,-0.03999999910593033,stepping_stones_easy_bound_highspeed,stepping_stones_easy,2.0,bounding,1000,0.5937235355377197,0.5937235355377197,1.1743271350860596,0.8292903900146484,0.2589403986930847,0.6979764103889465,1.9024875164031982,0.2589403986930847,0.10836124420166016,0.2523629069328308,0.1238432228565216,1.5790297985076904,4.419780731201172,0.9134293794631958,1.5618493556976318,0.6979764103889465,1.0055080652236938,0.023614468052983284,0.022951874881982803,0.6133402585983276,0.29825419187545776,355.2216796875,277.0836181640625,33.34544372558594,65.16522216796875,280.669677734375,0.09250737726688385,0.12349999696016312,0.653942346572876,2.0094549655914307,1.0260000228881836,0.023486539721488953,0.04000015929341316,2.8872787952423096,0.5,0.09095469862222672,0.3800007998943329,-0.03872708976268768,0.3436276912689209,0.31400179862976074,0.6363459825515747,0.34285861253738403,0.18730932474136353,0.4517616033554077,0.1746801733970642,0.4709739685058594,0.46720045804977417,0.3602634370326996,0.6369338035583496,0.9818421602249146,0.9679971933364868,0.11558469384908676,0.18827302753925323,0.9996000528335571,0.021000001579523087,0.005000000353902578,0.01600000075995922,1.026,0.6373707434819688,1.3994759649929533,0.32918269122428073,0.3519136582409407,2.1023274557502147,1.2497397151797778,1.0027502506724661,0.21579236069649474,0.11743269860744476,0.08256809785962105,302.489544075355,0.06387097388505936,0.007660249248147011,0.39403054118156433,0.017082296311855316,0.0025668288581073284,0.2932644486427307,0.6128511428833008,0.5392909646034241,0.9679971933364868,0.9839999992400408,0.48400293810195044
pacing,3,action_space,1.0,2.9000000953674316,0.0,0.5,-1.0,0.08999999612569809,0.0,0.3799999952316284,0.0,0.0,stepping_stones_easy_bound_highspeed,stepping_stones_easy,2.0,bounding,1000,0.6266872882843018,0.6266872882843018,1.1935657262802124,0.8091068863868713,0.23675325512886047,0.6563672423362732,1.449758768081665,0.23675325512886047,0.08903969824314117,0.24080459773540497,0.1261097937822342,1.528810739517212,4.430540084838867,0.9292752742767334,1.638687014579773,0.6563672423362732,0.8972395658493042,0.024964714422822,0.023709367960691452,0.6137225031852722,0.31501978635787964,354.105224609375,272.0669250488281,33.263572692871094,65.7279052734375,428.5042419433594,0.09249433875083923,0.13324999809265137,0.7301113605499268,2.3469762802124023,1.0320000648498535,0.02387131005525589,0.04000015929341316,2.885054588317871,0.5,0.09112147986888885,0.3800007998943329,0.0,0.36946943402290344,0.3222879469394684,0.6592533588409424,0.34147876501083374,0.20225396752357483,0.4639144539833069,0.2370682954788208,0.5267890691757202,0.45947760343551636,0.3569885492324829,0.6390187740325928,0.9783835411071777,0.9660230875015259,0.2340618222951889,0.3077230453491211,0.9996000528335571,0.02500000037252903,0.004000000189989805,0.021000001579523087,1.032,0.7074722171753876,1.508045630047377,0.2983952047924718,0.3551194077803045,2.1048848151000725,1.28011211016058,0.947227304214413,0.22062203512685094,0.11935655027627945,0.08064424619078636,296.6784457802385,0.07290370017290115,0.013458029367029667,0.3777655065059662,0.03953564167022705,0.001835577771998942,0.29304033517837524,0.5663458108901978,0.5136311054229736,0.9660230875015259,0.9789999984204769,0.47594684499659035
pacing,3,action_space,1.0,2.9000000953674316,0.0,0.5,-1.0,0.08999999612569809,0.0,0.3799999952316284,1.0,0.03999999910593033,stepping_stones_easy_bound_highspeed,stepping_stones_easy,2.0,bounding,1000,0.6086269021034241,0.6086269021034241,1.216955304145813,0.7861053943634033,0.23891788721084595,0.5869007110595703,1.5462627410888672,0.23891788721084595,0.09050239622592926,0.24211257696151733,0.13151493668556213,1.4463049173355103,4.057013511657715,0.9370665550231934,1.641557216644287,0.5869007110595703,0.7803606390953064,0.022145569324493408,0.02476750686764717,0.5948923826217651,0.29822099208831787,340.57452392578125,259.0804748535156,34.02522277832031,66.08688354492188,536.6201782226562,0.09346316754817963,0.1341666728258133,0.6632119417190552,2.082066059112549,1.031000018119812,0.02433909848332405,0.04000015929341316,2.884701728820801,0.5,0.09114794433116913,0.3800007998943329,0.03846941143274307,0.38425469398498535,0.36409181356430054,0.6751924753189087,0.33672595024108887,0.20283758640289307,0.5087310671806335,0.20676565170288086,0.53302001953125,0.4559628963470459,0.36410415172576904,0.6393494606018066,0.9775189161300659,0.9607052803039551,0.12090656161308289,0.20552977919578552,0.9996000528335571,0.026000000536441803,0.004000000189989805,0.02199999988079071,1.031,0.6432705277036858,1.4210779633958244,0.30083616176571804,0.3626498816841971,2.014202946988638,1.281232694183335,0.8833802347207608,0.21659426629562606,0.12169549241662025,0.07830530405044556,279.85787379827576,0.08442878723144531,0.0319199338555336,0.391307532787323,0.03486364707350731,0.002568534342572093,0.30428674817085266,0.6035866737365723,0.5112823247909546,0.9607052803039551,0.9780000001192093,0.4830059722850198
pacing,3,action_space,1.0,2.9000000953674316,0.0,0.5,-1.0,0.08999999612569809,1.0,0.3799999952316284,-1.0,-0.03999999910593033,stepping_stones_easy_bound_highspeed,stepping_stones_easy,2.0,bounding,1000,0.5893084406852722,0.5893084406852722,1.1617662906646729,0.8406280279159546,0.24035874009132385,0.6761497259140015,1.782731056213379,0.24035874009132385,0.09026689827442169,0.2624281644821167,0.13805240392684937,1.6465237140655518,5.432740688323975,0.9035598039627075,1.6717411279678345,0.6761497259140015,0.9522648453712463,0.02712123468518257,0.03201884403824806,0.6162518858909607,0.3112957179546356,359.652099609375,275.054443359375,32.816802978515625,63.74235916137695,291.6045837402344,0.09525908529758453,0.1212499812245369,0.7524959444999695,2.3586435317993164,1.0199999809265137,0.023235321044921875,0.04000015929341316,2.8862686157226562,0.5,0.09103040397167206,0.3800007998943329,-0.03862612694501877,0.37365081906318665,0.326890230178833,0.6296823024749756,0.3431461453437805,0.1905580759048462,0.4648878574371338,0.18277625739574432,0.4823762774467468,0.46621930599212646,0.3590943217277527,0.6378802061080933,0.9801127910614014,0.961685299873352,0.06353737413883209,0.1449766457080841,0.9994000196456909,0.023000001907348633,0.007000000216066837,0.01600000075995922,1.02,0.7377410888671875,1.5206563194392382,0.30044450115524113,0.37155403903988093,2.3308240363279196,1.2929582854708943,0.9758405839947661,0.24318733257188918,0.11617660522460938,0.08382419124245644,309.5735368630896,0.05921253561973572,0.010339492000639439,0.3064190745353699,0.027651675045490265,0.001977514708414674,0.29156166315078735,0.5609638094902039,0.5453922748565674,0.961685299873352,0.9839999992400408,0.4704271261825374
pacing,3,action_space,1.0,2.9000000953674316,0.0,0.5,-1.0,0.08999999612569809,1.0,0.3799999952316284,0.0,0.0,stepping_stones_easy_bound_highspeed,stepping_stones_easy,2.0,bounding,1000,0.6173967123031616,0.6173967123031616,1.2974634170532227,0.7054765224456787,0.23226842284202576,0.5658098459243774,1.4532041549682617,0.23226842284202576,0.08530168980360031,0.2431749701499939,0.12565533816814423,1.384354829788208,3.4510116577148438,0.8450138568878174,1.3294854164123535,0.5658098459243774,0.6881023645401001,0.01707279123365879,0.01496835332363844,0.5718880891799927,0.2410661280155182,326.30889892578125,248.80247497558594,34.07666015625,67.17235565185547,396.82440185546875,0.08945333957672119,0.1354999840259552,0.6702415943145752,2.070617198944092,1.0420000553131104,0.025949276983737946,0.04000015929341316,2.8844351768493652,0.5,0.0911678671836853,0.3800007998943329,0.0,0.4058416485786438,0.36677807569503784,0.6965159177780151,0.35420069098472595,0.20978406071662903,0.512514591217041,0.244077667593956,0.5123000741004944,0.4670966863632202,0.37546229362487793,0.6395986080169678,0.9775189161300659,0.9604756832122803,0.12127039581537247,0.2089817076921463,0.9998000264167786,0.026000000536441803,0.007000000216066837,0.01900000125169754,1.042,0.6432260817163508,1.409665424802934,0.2920645302045428,0.3544789671731515,1.857689871241926,1.1530331376037524,0.8295193575439335,0.17900040379087762,0.12974638491868973,0.07025441154837608,251.4975718289527,0.1365876942873001,0.04070485383272171,0.5268586874008179,0.04245808720588684,0.008056126534938812,0.31861361861228943,0.6084812879562378,0.5078851580619812,0.9604756832122803,0.9809999987483025,0.5103438880882766
pacing,3,action_space,1.0,2.9000000953674316,0.0,0.5,-1.0,0.08999999612569809,1.0,0.3799999952316284,1.0,0.03999999910593033,stepping_stones_easy_bound_highspeed,stepping_stones_easy,2.0,bounding,1000,0.6002403497695923,0.6002403497695923,1.195613980293274,0.8080388903617859,0.23515531420707703,0.6242649555206299,1.448779821395874,0.23515531420707703,0.09082488715648651,0.23576012253761292,0.12837351858615875,1.5023870468139648,4.178865432739258,0.8707020282745361,1.51380455493927,0.6242649555206299,0.8127550482749939,0.02690916880965233,0.022857801988720894,0.6040116548538208,0.2914131283760071,347.34991455078125,266.7997131347656,33.57218933105469,65.58293151855469,394.6667785644531,0.09387992322444916,0.13008332252502441,0.6737027168273926,2.024186611175537,1.037000060081482,0.023912280797958374,0.04000015929341316,2.8854148387908936,0.5,0.091094471514225,0.3800007998943329,0.03854069858789444,0.3646891117095947,0.3383761942386627,0.6599324941635132,0.34946316480636597,0.19986367225646973,0.47956612706184387,0.26814478635787964,0.5448766946792603,0.46261680126190186,0.3636232614517212,0.638681173324585,0.9783835411071777,0.9589987993240356,0.06510180979967117,0.15084336698055267,0.9998000264167786,0.02500000037252903,0.006000000052154064,0.01900000125169754,1.037,0.6496650305870298,1.3971269601867273,0.30137167610192983,0.3582925042282615,2.044227343702079,1.230367650314031,0.9015292830934523,0.22308512007387052,0.11956140398979187,0.08043939247727394,290.520117927677,0.07340909540653229,0.02030136249959469,0.3695979714393616,0.03818633034825325,0.0029431867878884077,0.29878729581832886,0.6138584613800049,0.5218283534049988,0.9589987993240356,0.9809999987483025,0.48220813274383545
pacing,3,action_space,1.0,2.9000000953674316,0.0,0.5,0.0,0.11999999731779099,-1.0,0.3400000035762787,-1.0,-0.03999999910593033,stepping_stones_easy_bound_highspeed,stepping_stones_easy,2.0,bounding,1000,0.6358144283294678,0.6358144283294678,1.2319519519805908,0.770937442779541,0.25514787435531616,0.618313729763031,1.348310112953186,0.25514787435531616,0.10678990930318832,0.2519848048686981,0.12976431846618652,1.5010616779327393,4.297673225402832,0.8480395078659058,1.395359992980957,0.618313729763031,0.7901440262794495,0.021840929985046387,0.0207890123128891,0.5963507294654846,0.30813658237457275,349.4162292480469,270.7854919433594,33.79688262939453,67.1103515625,402.6836853027344,0.09544792771339417,0.11808332055807114,0.728182315826416,2.3337178230285645,1.059999942779541,0.024639038369059563,0.04000015929341316,2.885042667388916,0.5,0.11999969929456711,0.34149569272994995,-0.03850347548723221,0.37147170305252075,0.3372383117675781,0.652483344078064,0.35260653495788574,0.19475264847278595,0.4805390238761902,0.24465040862560272,0.4954596161842346,0.4649379253387451,0.3619931936264038,1.0,0.9783835411071777,0.96199631690979,0.12008687853813171,0.20437073707580566,0.9995999932289124,0.02500000037252903,0.007000000216066837,0.018000001087784767,1.06,0.6869644452940743,1.483785881109122,0.32678725388727803,0.3602281477982898,2.073083024242597,1.181253568452158,0.8889004591513323,0.20647019711797507,0.12319519184529781,0.076805604621768,283.62813069640873,0.0927935391664505,0.02185952104628086,0.4263055920600891,0.030681107193231583,0.002106491243466735,0.30340054631233215,0.5767161250114441,0.5540964007377625,0.96199631690979,0.9819999989122152,0.49352334273096776
pacing,3,action_space,1.0,2.9000000953674316,0.0,0.5,0.0,0.11999999731779099,-1.0,0.3400000035762787,0.0,0.0,stepping_stones_easy_bound_highspeed,stepping_stones_easy,2.0,bounding,1000,0.6607292294502258,0.6607292294502258,1.2343792915344238,0.7681885957717896,0.2290596067905426,0.624948263168335,1.373313069343567,0.2290596067905426,0.08310533314943314,0.23106899857521057,0.11627562344074249,1.5181443691253662,4.246748924255371,0.9032131433486938,1.6381044387817383,0.624948263168335,0.7970618605613708,0.022957680746912956,0.017922285944223404,0.5926761627197266,0.27263885736465454,348.37615966796875,268.67474365234375,33.33428955078125,66.42007446289062,325.33465576171875,0.09567040950059891,0.11958331614732742,0.7434601783752441,2.4308807849884033,1.0399999618530273,0.024687595665454865,0.04000015929341316,2.8856072425842285,0.5,0.11999969929456711,0.34143924713134766,0.0,0.38744592666625977,0.33557382225990295,0.6720142364501953,0.3452276587486267,0.20085656642913818,0.4765335023403168,0.2631610929965973,0.5224282741546631,0.463659405708313,0.3668758273124695,1.0,0.9792482256889343,0.9673757553100586,0.2328503429889679,0.30407488346099854,1.0,0.024000000208616257,0.003000000026077032,0.021000001579523087,1.04,0.7148655231182391,1.528850943341479,0.28827995620478564,0.34099211639089616,2.060764160270498,1.2798845411917976,0.8927832102819647,0.20218794892657763,0.12343797832727432,0.07656281813979149,282.22780636161815,0.0943772941827774,0.020128805190324783,0.4414902329444885,0.048054490238428116,0.004284390714019537,0.30563846230506897,0.5574701428413391,0.549956202507019,0.9673757553100586,0.9789999984204769,0.4938487055662432
pacing,3,action_space,1.0,2.9000000953674316,0.0,0.5,0.0,0.11999999731779099,-1.0,0.3400000035762787,1.0,0.03999999910593033,stepping_stones_easy_bound_highspeed,stepping_stones_easy,2.0,bounding,1000,0.6477915048599243,0.6477915048599243,1.2886369228363037,0.7136094570159912,0.2403126060962677,0.5786694288253784,1.3981060981750488,0.2403126060962677,0.09177808463573456,0.22329483926296234,0.1147480458021164,1.3537583351135254,3.226712226867676,0.847216010093689,1.3455017805099487,0.5786694288253784,0.6782292127609253,0.017980724573135376,0.013445300981402397,0.5678240060806274,0.2231680303812027,325.1419982910156,248.06268310546875,34.69066619873047,68.09355926513672,457.6614990234375,0.09101112186908722,0.125083327293396,0.7537384629249573,2.4202194213867188,1.059999942779541,0.025772737339138985,0.04000015929341316,2.885580062866211,0.5,0.11999969929456711,0.34144192934036255,0.03855723887681961,0.4269852042198181,0.3548787832260132,0.7057729959487915,0.3631782531738281,0.20749342441558838,0.5005855560302734,0.24752458930015564,0.5526837110519409,0.47644174098968506,0.3756895661354065,1.0,0.9792481660842896,0.9635090231895447,0.11898070573806763,0.2003701627254486,1.0,0.024000000208616257,0.005000000353902578,0.01900000125169754,1.06,0.7110739653965212,1.511034644371778,0.302948980252013,0.3387448092622474,1.7963051597286235,1.1599576632403221,0.8235467277337245,0.17727387160700747,0.12886368669569492,0.07113710977137089,252.3146687240457,0.13042539358139038,0.035134103149175644,0.5333803296089172,0.03941267356276512,0.01152356993407011,0.32121390104293823,0.5650695562362671,0.5350384712219238,0.9635090231895447,0.9809999987483025,0.5095901128492858
pacing,3,action_space,1.0,2.9000000953674316,0.0,0.5,0.0,0.11999999731779099,0.0,0.3799999952316284,-1.0,-0.03999999910593033,stepping_stones_easy_bound_highspeed,stepping_stones_easy,2.0,bounding,1000,0.6587231159210205,0.6587231159210205,1.215169906616211,0.7897410988807678,0.24542446434497833,0.6082399487495422,1.4906446933746338,0.24542446434497833,0.09949840605258942,0.2568715810775757,0.13462477922439575,1.5907821655273438,4.6737589836120605,0.9157531261444092,1.632220983505249,0.6082399487495422,0.8204410076141357,0.02784467674791813,0.025739140808582306,0.6065290570259094,0.2915347218513489,360.3848876953125,280.04425048828125,33.171669006347656,66.35145568847656,400.7156066894531,0.10386984050273895,0.11908331513404846,0.6835969686508179,2.2018580436706543,1.0100001096725464,0.024303393438458443,0.04000015929341316,2.8856077194213867,0.5,0.11999969929456711,0.3800007998943329,-0.03856004402041435,0.39996272325515747,0.3595539927482605,0.6388916969299316,0.33653372526168823,0.18792089819908142,0.5042961835861206,0.24480795860290527,0.4715695381164551,0.4651365280151367,0.3572566509246826,1.0,0.9792481660842896,0.9673757553100586,0.2328495979309082,0.3040696382522583,0.9996000528335571,0.024000000208616257,0.004999999888241291,0.01900000125169754,1.01,0.6768286374535891,1.476501722582255,0.3154336793251307,0.3669124953233342,2.1618878286377536,1.2775840416603712,0.9057819868015348,0.2314817866625805,0.12151696719229221,0.0784838292747736,296.57160347136005,0.08251591771841049,0.02473445050418377,0.34243398904800415,0.030788538977503777,0.002936038188636303,0.2972867488861084,0.5798335075378418,0.5513328909873962,0.9673757553100586,0.9809999987483025,0.4818932996376565
pacing,3,action_space,1.0,2.9000000953674316,0.0,0.5,0.0,0.11999999731779099,0.0,0.3799999952316284,0.0,0.0,stepping_stones_easy_bound_highspeed,stepping_stones_easy,2.0,bounding,1000,0.7007900476455688,0.7007900476455688,1.2330902814865112,0.7709882259368896,0.24127966165542603,0.6452043056488037,1.5467123985290527,0.24127966165542603,0.0938776433467865,0.2435569316148758,0.1276680827140808,1.52467679977417,4.15550422668457,0.9319342374801636,1.825446605682373,0.6452043056488037,0.971840500831604,0.02757294848561287,0.020409705117344856,0.6166138052940369,0.2378404438495636,363.25537109375,282.1435241699219,33.70838928222656,66.88414001464844,564.1236572265625,0.10094688087701797,0.12008331716060638,0.6843812465667725,2.211249351501465,1.034000039100647,0.02466178871691227,0.04000015929341316,2.8862061500549316,0.5,0.11999969929456711,0.3800007998943329,0.0,0.40707266330718994,0.3535934090614319,0.664351224899292,0.3578091263771057,0.18914467096328735,0.49364107847213745,0.2249656617641449,0.5154457688331604,0.4646720588207245,0.3599889278411865,1.0,0.9801128506660461,0.9727983474731445,0.47467362880706787,0.5217742323875427,0.9995999932289124,0.023000001907348633,0.006000000052154064,0.017000000923871994,1.034,0.661877394183692,1.4623743390070696,0.30639458765909444,0.35730670678575405,2.0385053903987034,1.3510908946782125,0.9858197101050495,0.21904943187088555,0.12330894358456135,0.07669185288250446,294.5894364326994,0.09276449680328369,0.015562577173113823,0.38302573561668396,0.03257320076227188,0.00859298836439848,0.29135069251060486,0.5858833193778992,0.5485830307006836,0.9727983474731445,0.982999999076128,0.4889700191193505
pacing,3,action_space,1.0,2.9000000953674316,0.0,0.5,0.0,0.11999999731779099,0.0,0.3799999952316284,1.0,0.03999999910593033,stepping_stones_easy_bound_highspeed,stepping_stones_easy,2.0,bounding,1000,0.6685937643051147,0.6685937643051147,1.264735221862793,0.7383942604064941,0.23824551701545715,0.587948203086853,1.2104673385620117,0.23824551701545715,0.090000681579113,0.23503327369689941,0.12310032546520233,1.53757905960083,4.401349067687988,0.8003628849983215,1.1910690069198608,0.587948203086853,0.7119278907775879,0.0133600989356637,0.026732364669442177,0.5974631309509277,0.2794429361820221,352.72564697265625,271.9760437011719,33.056915283203125,64.18580627441406,305.8538513183594,0.0976027101278305,0.11024998873472214,0.6961489915847778,2.2124524116516113,1.037000060081482,0.025294698774814606,0.04000015929341316,2.8827321529388428,0.5,0.11999969929456711,0.3800007998943329,0.038272514939308167,0.4187633693218231,0.34816357493400574,0.6963522434234619,0.3751178979873657,0.19885630905628204,0.49585574865341187,0.26405149698257446,0.543364942073822,0.47270339727401733,0.37083953619003296,1.0,0.9749248623847961,0.9606042504310608,0.2390872687101364,0.3236508071422577,0.9990000128746033,0.029000001028180122,0.004999999888241291,0.024000000208616257,1.037,0.6713104395190453,1.4606547958271752,0.3000011359630377,0.3508565596724712,2.097939243087842,1.0913610799913385,0.8437581944950745,0.20023102558071731,0.12647349387407303,0.07352730259299278,278.89287882181105,0.11293934285640717,0.03152952343225479,0.44849881529808044,0.049267981201410294,0.0037392934318631887,0.30272626876831055,0.5866199731826782,0.5762290954589844,0.9606042504310608,0.9759999997913837,0.5052800090297273
pacing,3,action_space,1.0,2.9000000953674316,0.0,0.5,0.0,0.11999999731779099,1.0,0.3799999952316284,-1.0,-0.03999999910593033,stepping_stones_easy_bound_highspeed,stepping_stones_easy,2.0,bounding,1000,0.6313415765762329,0.6313415765762329,1.1768817901611328,0.824833869934082,0.24155406653881073,0.6363340020179749,1.5213360786437988,0.24155406653881073,0.09315182268619537,0.26052695512771606,0.13267794251441956,1.5972843170166016,4.746914386749268,0.9174212217330933,1.6206493377685547,0.6363340020179749,0.8349649906158447,0.026530325412750244,0.025210998952388763,0.6186587810516357,0.2742014527320862,366.827880859375,285.01837158203125,33.041717529296875,65.18219757080078,355.2033996582031,0.1011180728673935,0.12591665983200073,0.736539363861084,2.484231948852539,1.0199999809265137,0.023537635803222656,0.04000015929341316,2.8862082958221436,0.5,0.11999969929456711,0.3800007998943329,-0.03862003982067108,0.36741769313812256,0.34076982736587524,0.6318831443786621,0.32632574439048767,0.19240684807300568,0.48005977272987366,0.22675774991512299,0.4763922095298767,0.4639538824558258,0.35703110694885254,1.0,0.9801129102706909,0.9650329351425171,0.11777287721633911,0.1955590397119522,0.9998000264167786,0.023000001907348633,0.004000000189989805,0.01900000125169754,1.02,0.7220973594515931,1.5606156683084182,0.30520783523067585,0.3642498352977247,2.1787414685430826,1.273047264546197,0.9137641876413437,0.22746719404155627,0.11768817901611328,0.08231261745095253,311.6947546695839,0.06578236073255539,0.017436150461435318,0.35528799891471863,0.03389890864491463,0.004152566194534302,0.29016152024269104,0.5439595580101013,0.5328137874603271,0.9650329351425171,0.9809999987483025,0.4728257009073308
pacing,3,action_space,1.0,2.9000000953674316,0.0,0.5,0.0,0.11999999731779099,1.0,0.3799999952316284,0.0,0.0,stepping_stones_easy_bound_highspeed,stepping_stones_easy,2.0,bounding,1000,0.6632272005081177,0.6632272005081177,1.2931971549987793,0.7110714912414551,0.23736032843589783,0.5445134043693542,1.4796957969665527,0.23736032843589783,0.0898233950138092,0.23063914477825165,0.11432218551635742,1.4703843593597412,3.7967772483825684,0.8650069236755371,1.422741174697876,0.5445134043693542,0.6039547920227051,0.02045520767569542,0.017866138368844986,0.5791177749633789,0.27222663164138794,338.53851318359375,258.3945617675781,34.44489288330078,68.04468536376953,313.666259765625,0.0965624749660492,0.1274999976158142,0.8121587038040161,2.649034023284912,1.067000150680542,0.025863930583000183,0.04000015929341316,2.8854780197143555,0.5,0.11999969929456711,0.3800007998943329,0.0,0.41681158542633057,0.37252679467201233,0.679415225982666,0.34919536113739014,0.20075343549251556,0.5206961035728455,0.2294153869152069,0.5320085287094116,0.4769802689552307,0.3700130581855774,1.0,0.9792482256889343,0.9673246145248413,0.23307757079601288,0.30593258142471313,1.0,0.024000000208616257,0.00800000037997961,0.01600000075995922,1.067,0.7611609104088566,1.5756565938285085,0.29970551381949784,0.33811563926615024,1.9485320752768143,1.1927871455955066,0.777145283729307,0.19575838690728017,0.12931965291500092,0.0706811435520649,261.7841462726643,0.13232547044754028,0.05156312882900238,0.46467041969299316,0.03777289018034935,0.00431985966861248,0.31403979659080505,0.537582278251648,0.5286123156547546,0.9673246145248413,0.9839999992400408,0.4990985751348106
pacing,3,action_space,1.0,2.9000000953674316,0.0,0.5,0.0,0.11999999731779099,1.0,0.3799999952316284,1.0,0.03999999910593033,stepping_stones_easy_bound_highspeed,stepping_stones_easy,2.0,bounding,1000,0.6499948501586914,0.6499948501586914,1.35325288772583,0.6496130228042603,0.2378377467393875,0.5979832410812378,1.5025699138641357,0.2378377467393875,0.08708499372005463,0.22841928899288177,0.11784309148788452,1.4656639099121094,4.22376012802124,0.8125174045562744,1.2585089206695557,0.5979832410812378,0.7152743339538574,0.012822173535823822,0.01710689812898636,0.5791651010513306,0.28190991282463074,347.81341552734375,268.581787109375,34.98170852661133,68.67965698242188,322.01849365234375,0.09341409802436829,0.11924998462200165,0.8454991579055786,2.708707809448242,1.0889999866485596,0.02706504985690117,0.04000015929341316,2.884877920150757,0.5,0.11999969929456711,0.3800007998943329,0.038487061858177185,0.4544966220855713,0.3353557288646698,0.7218761444091797,0.3733220100402832,0.19834747910499573,0.4832591414451599,0.22507283091545105,0.5533620119094849,0.46566474437713623,0.3738137185573578,1.0,0.9783835411071777,0.9619160294532776,0.12028995156288147,0.20650623738765717,0.9998000264167786,0.02500000037252903,0.003000000026077032,0.02200000174343586,1.089,0.7763995826518021,1.5771286341572883,0.29510166675241706,0.3432828156023609,2.055178855482228,1.1218328398961923,0.8457389277749118,0.17300020712360487,0.13532524928450584,0.06467554718255997,257.0202647872058,0.18489110469818115,0.027991916984319687,0.5495907068252563,0.03899702802300453,0.0035592750646173954,0.3140100836753845,0.5369589328765869,0.5508735775947571,0.9619160294532776,0.9779999982565641,0.5213949702876178
pacing,3,action_space,1.0,2.9000000953674316,0.0,0.5,1.0,0.11999999731779099,-1.0,0.3400000035762787,-1.0,-0.03999999910593033,stepping_stones_easy_bound_highspeed,stepping_stones_easy,2.0,bounding,1000,0.6322864890098572,0.6322864890098572,1.2673450708389282,0.7348130941390991,0.24395069479942322,0.6115240454673767,1.381011724472046,0.24395069479942322,0.09524449706077576,0.25134333968162537,0.12961900234222412,1.4598417282104492,3.6501688957214355,0.9014065265655518,1.4556093215942383,0.6115240454673767,0.8372564315795898,0.021342571824789047,0.0283467099070549,0.588535487651825,0.26707959175109863,340.23828125,260.017578125,34.254600524902344,68.77171325683594,704.8668823242188,0.09868496656417847,0.11641665548086166,0.7765635251998901,2.510674476623535,1.061000108718872,0.025346912443637848,0.04000015929341316,2.8847920894622803,0.5,0.11999969929456711,0.3415207266807556,-0.03847843408584595,0.4090043306350708,0.3523234724998474,0.663739800453186,0.339622437953949,0.19411928951740265,0.49729323387145996,0.24036762118339539,0.5003964900970459,0.4676351845264435,0.3642377257347107,1.0,0.9783835411071777,0.9580457210540771,0.06577329337596893,0.1574341058731079,0.9995999932289124,0.024000000208616257,0.005000000353902578,0.01900000125169754,1.061,0.7319165660344015,1.5382874538508955,0.3086170718880855,0.36002639117462504,1.9105415189734651,1.2064863536709556,0.9150171755653497,0.2229109277981767,0.12673456221818924,0.07326623424887657,268.4653841157695,0.11534804850816727,0.02376321144402027,0.3701727092266083,0.03740684688091278,0.004788242746144533,0.3081800937652588,0.5534510016441345,0.5587331652641296,0.9580457210540771,0.9809999987483025,0.4913405874057821
pacing,3,action_space,1.0,2.9000000953674316,0.0,0.5,1.0,0.11999999731779099,-1.0,0.3400000035762787,0.0,0.0,stepping_stones_easy_bound_highspeed,stepping_stones_easy,2.0,bounding,1000,0.6516402959823608,0.6516402959823608,1.3014371395111084,0.7011340260505676,0.2198788821697235,0.5601235628128052,1.3907461166381836,0.2198788821697235,0.07567784935235977,0.23769313097000122,0.11825418472290039,1.4793205261230469,3.91184139251709,0.821867048740387,1.3707525730133057,0.5601235628128052,0.6517012119293213,0.018222440034151077,0.018070291727781296,0.5712167024612427,0.2566426992416382,333.34814453125,257.20501708984375,33.96666717529297,66.81703186035156,406.3074951171875,0.09439991414546967,0.10566665977239609,0.7241897583007812,2.316899299621582,1.0600000619888306,0.02602873556315899,0.04000015929341316,2.8850083351135254,0.5,0.11999969929456711,0.34149909019470215,0.0,0.44511890411376953,0.3644939661026001,0.6994925737380981,0.3772944211959839,0.20255669951438904,0.5165328979492188,0.26008379459381104,0.5334833860397339,0.47524961829185486,0.3741582930088043,1.0,0.9783835411071777,0.9619923830032349,0.12012551724910736,0.20467591285705566,1.0,0.02500000037252903,0.004999999888241291,0.020000001415610313,1.06,0.6831978851894163,1.4784295498563877,0.2750960729497238,0.3438810618846295,1.9778375546331124,1.1707914301929723,0.8072801322523188,0.19050651369948582,0.13014367781579494,0.06985711865127087,256.1384906046818,0.13996601104736328,0.043396174907684326,0.48391082882881165,0.054786961525678635,0.005899698939174414,0.31904172897338867,0.5790082812309265,0.5895867943763733,0.9619923830032349,0.9799999985843897,0.5184586609860785
pacing,3,action_space,1.0,2.9000000953674316,0.0,0.5,1.0,0.11999999731779099,-1.0,0.3400000035762787,1.0,0.03999999910593033,stepping_stones_easy_bound_highspeed,stepping_stones_easy,2.0,bounding,1000,0.6442946195602417,0.6442946195602417,1.3082759380340576,0.6964842081069946,0.23496657609939575,0.5915039777755737,1.1804044246673584,0.23496657609939575,0.08733135461807251,0.236495703458786,0.12604920566082,1.441817283630371,3.7394065856933594,0.8488065004348755,1.2826769351959229,0.5915039777755737,0.7381128072738647,0.016821296885609627,0.024492500349879265,0.5766834616661072,0.25607478618621826,345.5283203125,266.1534423828125,33.50652313232422,65.99050903320312,265.14935302734375,0.0959717407822609,0.11516665667295456,0.8064190149307251,2.6335697174072266,1.0500000715255737,0.02616553008556366,0.04000015929341316,2.8839383125305176,0.5,0.11999969929456711,0.34160616993904114,0.0383930504322052,0.4410214424133301,0.35958027839660645,0.6934958696365356,0.3531626760959625,0.20598071813583374,0.50575190782547,0.2892976701259613,0.5359574556350708,0.4690490961074829,0.37352442741394043,1.0,0.9766541719436646,0.9550816416740417,0.06744688749313354,0.1622278392314911,0.9998000264167786,0.027000000700354576,0.007000000216066837,0.019999999552965164,1.05,0.7680180431547619,1.5837175481510042,0.29551878894255185,0.3550340908431471,1.93375453087856,1.132553281393826,0.8591349179691539,0.20325795737310973,0.1308276504278183,0.06917314603924751,264.1096654515594,0.143652081489563,0.03023456409573555,0.43767619132995605,0.05355578288435936,0.005967091303318739,0.31557247042655945,0.5341704487800598,0.5622361898422241,0.9550816416740417,0.9800000004470348,0.5047031654731223
pacing,3,action_space,1.0,2.9000000953674316,0.0,0.5,1.0,0.11999999731779099,0.0,0.3799999952316284,-1.0,-0.03999999910593033,stepping_stones_easy_bound_highspeed,stepping_stones_easy,2.0,bounding,1000,0.6487445831298828,0.6487445831298828,1.3242608308792114,0.6795846819877625,0.23659072816371918,0.5397928953170776,1.3025493621826172,0.23659072816371918,0.08788871020078659,0.2551053464412689,0.13161680102348328,1.4396815299987793,3.598390579223633,0.8048094511032104,1.178920030593872,0.5397928953170776,0.5721485018730164,0.017248723655939102,0.014267293736338615,0.5601239800453186,0.24460065364837646,334.6732177734375,256.9568786621094,34.26591873168945,68.11054992675781,471.921142578125,0.09455464780330658,0.13124999403953552,0.7033596634864807,2.190680503845215,1.0700000524520874,0.026485217735171318,0.04000015929341316,2.885007619857788,0.5,0.11999969929456711,0.3800007998943329,-0.038499992340803146,0.4383309483528137,0.36479973793029785,0.6842526793479919,0.3681533932685852,0.19847629964351654,0.5114496350288391,0.25214940309524536,0.48305192589759827,0.47771328687667847,0.38072848320007324,1.0,0.9783835411071777,0.9619923830032349,0.12012562155723572,0.2046763002872467,0.9998000264167786,0.02500000037252903,0.0020000000949949026,0.023000001907348633,1.07,0.6573454384491823,1.430861506318082,0.296460301222249,0.36279029896550885,1.8969424290746497,1.0857808391171175,0.7564049853570615,0.17752751164897715,0.1324260886758566,0.06757470779120922,252.7245463805187,0.1576557457447052,0.05427108332514763,0.5324211716651917,0.04687253013253212,0.007506296504288912,0.32619890570640564,0.599390983581543,0.5187931656837463,0.9619923830032349,0.9769999980926514,0.5159852269448733
pacing,3,action_space,1.0,2.9000000953674316,0.0,0.5,1.0,0.11999999731779099,0.0,0.3799999952316284,0.0,0.0,stepping_stones_easy_bound_highspeed,stepping_stones_easy,2.0,bounding,1000,0.649799644947052,0.649799644947052,1.1858429908752441,0.8176105618476868,0.2613333463668823,0.6611777544021606,1.5820684432983398,0.2613333463668823,0.10777515172958374,0.2540898323059082,0.13703523576259613,1.6627399921417236,5.27594518661499,0.9175759553909302,1.6371433734893799,0.6611777544021606,0.9139615297317505,0.023847486823797226,0.0399077869951725,0.6279867887496948,0.24400688707828522,383.3470764160156,298.9915771484375,32.40116882324219,64.74836730957031,398.95147705078125,0.10670814663171768,0.11491665244102478,0.6616889238357544,2.0922610759735107,0.9970000982284546,0.023716861382126808,0.04000015929341316,2.884796619415283,0.5,0.11999969929456711,0.3800007998943329,0.0,0.3728711009025574,0.3291785717010498,0.6315029859542847,0.3395503759384155,0.17909571528434753,0.4704354405403137,0.20936739444732666,0.5002633929252625,0.473671555519104,0.35063856840133667,1.0,0.9775189161300659,0.9648106694221497,0.234745055437088,0.30699554085731506,0.9988000392913818,0.026000000536441803,0.0010000000474974513,0.02500000037252903,0.997,0.6636798824206996,1.4486396726488844,0.32829126051356244,0.3701827059204632,2.2969425736432747,1.2795090361108747,0.956013352276918,0.2524980669608576,0.11858430691063404,0.08141648955643177,323.2696734439318,0.06897935271263123,0.012631518766283989,0.2794015109539032,0.023811860010027885,0.007595966104418039,0.28479844331741333,0.5917688012123108,0.5629394054412842,0.9648106694221497,0.974999999627471,0.47284387650066306
pacing,3,action_space,1.0,2.9000000953674316,0.0,0.5,1.0,0.11999999731779099,0.0,0.3799999952316284,1.0,0.03999999910593033,stepping_stones_easy_bound_highspeed,stepping_stones_easy,2.0,bounding,1000,0.6568560600280762,0.6568560600280762,1.3764461278915405,0.6273393034934998,0.22981268167495728,0.5133292078971863,1.4580190181732178,0.22981268167495728,0.0854354202747345,0.21758347749710083,0.11380158364772797,1.3497157096862793,3.353074550628662,0.7774947881698608,1.1771559715270996,0.5133292078971863,0.5257067084312439,0.011782122775912285,0.013802818953990936,0.5639550685882568,0.23986899852752686,325.5231628417969,245.5597381591797,34.87351989746094,69.0628662109375,254.56356811523438,0.09413781762123108,0.11258330941200256,0.7620062828063965,2.47733736038208,1.0850000381469727,0.0275289136916399,0.04000015929341316,2.884389877319336,0.5,0.11999969929456711,0.3800007998943329,0.0384383350610733,0.47646278142929077,0.3704063892364502,0.7320388555526733,0.38082388043403625,0.21185706555843353,0.5263488292694092,0.24180209636688232,0.5699629783630371,0.4766666293144226,0.37882331013679504,1.0,0.9775188565254211,0.9604707956314087,0.12132050842046738,0.20937317609786987,0.9998000264167786,0.026000000536441803,0.0060000005178153515,0.019999999552965164,1.085,0.7023098853326613,1.5110460130794936,0.2922933804839489,0.33734490310026616,1.8311402323767183,1.0849681891774983,0.7250563484524799,0.15995293598400506,0.1376445684581995,0.06235622800886631,236.49538928228003,0.20716941356658936,0.07171404361724854,0.5994762778282166,0.042141277343034744,0.008251337334513664,0.32370907068252563,0.5650647282600403,0.569545567035675,0.9604707956314087,0.9800000004470348,0.5387287957495764
pacing,3,action_space,1.0,2.9000000953674316,0.0,0.5,1.0,0.11999999731779099,1.0,0.3799999952316284,-1.0,-0.03999999910593033,stepping_stones_easy_bound_highspeed,stepping_stones_easy,2.0,bounding,1000,0.6301136016845703,0.6301136016845703,1.230161428451538,0.7737022638320923,0.24252212047576904,0.654151439666748,1.3664312362670898,0.24252212047576904,0.09667163342237473,0.25977009534835815,0.14298519492149353,1.5003660917282104,4.053175449371338,0.8790912628173828,1.4683154821395874,0.654151439666748,0.8816571235656738,0.028564786538481712,0.0265362448990345,0.60457444190979,0.27820730209350586,359.40826416015625,276.62835693359375,33.58935546875,66.3056411743164,321.75872802734375,0.09781129658222198,0.13725000619888306,0.77162766456604,2.4765195846557617,1.0390000343322754,0.0246032252907753,0.04000015929341316,2.8844175338745117,0.5,0.11999969929456711,0.3800007998943329,-0.03844106197357178,0.38210031390190125,0.34195923805236816,0.6532796621322632,0.35479098558425903,0.18691261112689972,0.4817744791507721,0.2637423872947693,0.4900742173194885,0.45864418148994446,0.36513200402259827,1.0,0.9775188565254211,0.9566484689712524,0.06655392050743103,0.15930283069610596,0.9996000528335571,0.026000000536441803,0.004000000189989805,0.02200000174343586,1.039,0.7426637974464629,1.5438783729059218,0.3109206223819429,0.3781338320244481,2.0132499719039703,1.2117406827121004,0.9389659863731348,0.23473608891160347,0.1230161264538765,0.07698467001318932,292.16349647099594,0.09122186154127121,0.0138545585796237,0.3321991562843323,0.03688818961381912,0.0038328522350639105,0.29845118522644043,0.55107182264328,0.5034604668617249,0.9566484689712524,0.9779999982565641,0.47133108846058974
pacing,3,action_space,1.0,2.9000000953674316,0.0,0.5,1.0,0.11999999731779099,1.0,0.3799999952316284,0.0,0.0,stepping_stones_easy_bound_highspeed,stepping_stones_easy,2.0,bounding,1000,0.6508382558822632,0.6508382558822632,1.3038318157196045,0.6992597579956055,0.23557165265083313,0.6117573976516724,1.27609384059906,0.23557165265083313,0.08973873406648636,0.23870247602462769,0.12293034046888351,1.434842824935913,3.99293851852417,0.8316631317138672,1.3720972537994385,0.6117573976516724,0.7836387157440186,0.01893596351146698,0.02157488651573658,0.5778082609176636,0.2517079710960388,344.0472717285156,263.584228515625,34.22596740722656,67.80925750732422,493.2115478515625,0.09384411573410034,0.12308332324028015,0.7940729260444641,2.641761302947998,1.065999984741211,0.02607664279639721,0.04000015929341316,2.8844857215881348,0.5,0.11999969929456711,0.3800007998943329,0.0,0.4288948178291321,0.34190359711647034,0.6941225528717041,0.3689124584197998,0.2066718190908432,0.48871511220932007,0.28287577629089355,0.5168190002441406,0.4617863595485687,0.37120482325553894,1.0,0.9775188565254211,0.9604998826980591,0.1212090328335762,0.2082696408033371,0.9998000264167786,0.026000000536441803,0.006000000052154064,0.019999999552965164,1.066,0.7449088892838297,1.5742299795717007,0.29956424029995027,0.3506142331236476,1.9982338498094185,1.1713655508847094,0.8852337068503541,0.20127307327907418,0.13038321398198605,0.06961758248507977,263.8739656300155,0.14144323766231537,0.02369547449052334,0.4447615444660187,0.04638085514307022,0.0065116677433252335,0.3148633539676666,0.5381865501403809,0.5404157042503357,0.9604998826980591,0.9800000004470348,0.5008910214038271
pacing,3,action_space,1.0,2.9000000953674316,0.0,0.5,1.0,0.11999999731779099,1.0,0.3799999952316284,1.0,0.03999999910593033,stepping_stones_easy_bound_highspeed,stepping_stones_easy,2.0,bounding,1000,0.6355099081993103,0.6355099081993103,1.2918800115585327,0.7115609049797058,0.23911528289318085,0.6420652866363525,1.3585034608840942,0.23911528289318085,0.09278786182403564,0.2317190319299698,0.12254343926906586,1.4457539319992065,3.4849367141723633,0.8487230539321899,1.4358444213867188,0.6420652866363525,0.9118624925613403,0.014788318425416946,0.014881402254104614,0.5754393339157104,0.25893598794937134,327.45001220703125,252.4984588623047,33.91114807128906,66.80767059326172,442.4983825683594,0.09265115857124329,0.12950000166893005,0.8170316219329834,2.7131879329681396,1.0450000762939453,0.02583758533000946,0.04000015929341316,2.8852477073669434,0.5,0.11999969929456711,0.3800007998943329,0.03852406144142151,0.40847814083099365,0.34811902046203613,0.6949102878570557,0.3631444573402405,0.20091761648654938,0.49094778299331665,0.25228506326675415,0.5382306575775146,0.46139299869537354,0.3722078204154968,1.0,0.9792481660842896,0.9593124389648438,0.06500983983278275,0.15383169054985046,1.0,0.024000000208616257,0.007000000216066837,0.017000000923871994,1.045,0.7818484365654904,1.6113199998435859,0.3046110008257017,0.35006205059827017,1.8667985199727268,1.198267257913158,0.954914913780982,0.17224900777514382,0.1291879266500473,0.07081286981701851,253.46782152933332,0.13195745646953583,0.01620430313050747,0.5524488687515259,0.04018503800034523,0.005635217763483524,0.31635868549346924,0.5225220918655396,0.5233525037765503,0.9593124389648438,0.982999999076128,0.5058582352572366
