gait,gait_id,grid_mode,frequency_residual,frequency,duration_residual,duration,footswing_height_residual,footswing_height,stance_width_residual,stance_width,body_pitch_residual,body_pitch,task_id,condition,cmd_vx,target_gait,samples,reward_mean,weighted_metric_reward_mean,measured_vx_mean,vx_abs_error_mean,vy_abs_mean,yaw_abs_mean,lateral_offset_abs_mean,lateral_vel_abs_mean,lateral_vel_sq_mean,base_z_vel_abs_mean,base_z_vel_sq_mean,roll_rate_abs_mean,roll_rate_sq_mean,pitch_rate_abs_mean,pitch_rate_sq_mean,yaw_rate_abs_mean,yaw_rate_sq_mean,gravity_x_sq_mean,gravity_y_sq_mean,torque_penalty_mean,slip_penalty_mean,mechanical_power_abs_mean,positive_mechanical_power_mean,contact_force_mean_mean,stance_contact_force_mean_mean,peak_contact_force_mean,swing_foot_clearance_mean_mean,scuffing_ratio_mean,foot_impact_vel_sum_mean,foot_impact_vel_sq_sum_mean,foot_impact_count_mean,forward_distance_mean,target_forward_distance_mean,actual_frequency_mean,actual_duration_mean,actual_footswing_height_mean,actual_stance_width_mean,actual_body_pitch_mean,score_progress,score_yaw_tracking,score_orientation,score_pitch_rate,score_roll_rate,score_yaw_rate,score_lateral_drift,score_vertical_bounce,score_slip,score_energy,score_clearance,score_gait_stability,score_action_smoothness,score_action_magnitude,score_action_boundary_margin,score_survival,done_rate,edge_reset_rate,fall_rate,foot_impact_rate,foot_impact_vel_mean,foot_impact_vel_rms,lateral_vel_rms,base_z_vel_rms,roll_rate_rms,pitch_rate_rms,yaw_rate_rms,orientation_rms,forward_distance_ratio,progress_deficit,transport_cost_proxy,progress_score,yaw_score,orientation_score,lateral_score,slip_score,energy_score,impact_score,scuffing_score,smoothness_score,survival_score,neutral_score,pareto_objectives
pronking,0,action_space,-1.0,2.5999999046325684,0.0,0.5,1.0,0.10999999940395355,0.0,0.33000001311302185,-1.0,-0.03999999910593033,ramp_up_trot_robustness,ramp_up,2.0,trotting,1000,0.6764489412307739,0.6764489412307739,1.5123038291931152,0.5122368931770325,0.14568397402763367,0.2791024446487427,1.3822338581085205,0.14568397402763367,0.05281919986009598,0.5347432494163513,0.4943368434906006,0.7563709020614624,1.2070870399475098,0.7175182700157166,1.312723159790039,0.2791024446487427,0.20387709140777588,0.015395939350128174,0.008904119953513145,0.49286752939224243,0.05767654627561569,311.04278564453125,217.9671630859375,33.702369689941406,40.93201446533203,250.6660919189453,0.06557847559452057,0.05866667255759239,0.8204472064971924,3.227268934249878,0.9880000352859497,0.030246075242757797,0.04000015929341316,2.617523670196533,0.5,0.10868558287620544,0.33000147342681885,-0.03824711591005325,0.599374532699585,0.6071836948394775,0.7146046161651611,0.4243597388267517,0.4064057767391205,0.7516480684280396,0.32787370681762695,0.23578333854675293,0.7400917410850525,0.4930901527404785,0.8585669994354248,0.9749249219894409,0.955834686756134,0.12499438971281052,0.2247336357831955,1.0,0.029000001028180122,0.010999999940395355,0.018000001087784767,0.988,0.8304120886181048,1.8073368240521814,0.22982428039721126,0.7030909212119018,1.098675129393357,1.1457413145165183,0.45152750902661054,0.15588476289760111,0.151230376213789,0.048770420253276825,205.67479870132124,0.3500964939594269,0.45887303352355957,0.6150810718536377,0.08728139847517014,0.315520703792572,0.3731648325920105,0.4419243335723877,0.7457734942436218,0.955834686756134,0.9819999989122152,0.5670961751960791,"progress_score,survival_score,orientation_score,slip_score,energy_score,impact_score"
pronking,0,action_space,0.0,3.0,0.0,0.5,-1.0,0.04999999701976776,-1.0,0.2900000214576721,1.0,0.03999999910593033,ramp_up_trot_robustness,ramp_up,2.0,trotting,1000,0.6870672702789307,0.6870672702789307,1.4828531742095947,0.5278844237327576,0.1365165263414383,0.29214829206466675,1.2523343563079834,0.1365165263414383,0.04873906075954437,0.5031346082687378,0.44712111353874207,0.7382627725601196,1.2991611957550049,0.7768003344535828,1.4300867319107056,0.29214829206466675,0.26552027463912964,0.016664741560816765,0.008714776486158371,0.4706885516643524,0.04674682766199112,288.52325439453125,200.56471252441406,33.90641784667969,41.608726501464844,580.8883056640625,0.06304372847080231,0.06916667520999908,0.85017329454422,3.2809195518493652,1.125,0.029657065868377686,0.04000015929341316,3.000000238418579,0.5,0.05135331675410271,0.2918042838573456,0.03819555789232254,0.5924229621887207,0.6236332654953003,0.7728514671325684,0.4018084406852722,0.43037521839141846,0.761462926864624,0.3627529740333557,0.24414196610450745,0.7543767690658569,0.5121017694473267,0.14191655814647675,0.9740602374076843,0.9543423652648926,0.12607064843177795,0.22827750444412231,0.9998000264167786,0.030000001192092896,0.00800000037997961,0.02199999988079071,1.125,0.7557095269097223,1.7077390988851637,0.22076924776685808,0.6686711550072592,1.1398075257494156,1.1958623381939517,0.5152865946627465,0.15930950394428806,0.14828532934188843,0.05171546712517738,194.57304297731488,0.3280307650566101,0.42591893672943115,0.6019443273544312,0.10783903300762177,0.3926107883453369,0.3900902569293976,0.48234617710113525,0.7076303958892822,0.9543423652648926,0.9780000001192093,0.5705637565025916,"progress_score,survival_score,orientation_score,slip_score,energy_score,impact_score"
pronking,0,action_space,0.0,3.0,0.0,0.5,-1.0,0.04999999701976776,0.0,0.33000001311302185,-1.0,-0.03999999910593033,ramp_up_trot_robustness,ramp_up,2.0,trotting,1000,0.6989682912826538,0.6989682912826538,1.4963161945343018,0.517946720123291,0.143773153424263,0.29768872261047363,1.4182322025299072,0.143773153424263,0.05433344841003418,0.5013571977615356,0.4324983060359955,0.7549673318862915,1.657724380493164,0.7201950550079346,1.2869086265563965,0.29768872261047363,0.22560414671897888,0.014499438926577568,0.007645808160305023,0.46771377325057983,0.03745183348655701,286.3780517578125,197.50299072265625,34.431312561035156,41.808937072753906,478.5150451660156,0.062348127365112305,0.06458333134651184,0.933205246925354,3.5867087841033936,1.130000114440918,0.029926316812634468,0.04000015929341316,3.000000238418579,0.5,0.051331982016563416,0.33000147342681885,-0.03822401911020279,0.5991244316101074,0.5700842142105103,0.7472094297409058,0.44854798913002014,0.4635848104953766,0.7273815870285034,0.3194744884967804,0.25406479835510254,0.7653766870498657,0.5125930905342102,0.14164970815181732,0.9749249219894409,0.960213840007782,0.24001531302928925,0.3288132846355438,1.0,0.029000001028180122,0.009000000543892384,0.020000001415610313,1.13,0.8258453099073562,1.781594318336027,0.2330953633387721,0.6576460340000504,1.287526458172089,1.134419951586006,0.4749780486706506,0.14881279208079726,0.14963158406317234,0.05036921240389347,191.38872706443033,0.3419553339481354,0.41222506761550903,0.6421682238578796,0.0816836729645729,0.47282183170318604,0.3924180567264557,0.45225027203559875,0.7240341901779175,0.960213840007782,0.9799999985843897,0.5898732692958453,"progress_score,survival_score,orientation_score,slip_score,energy_score,impact_score"
pronking,0,action_space,0.0,3.0,0.0,0.5,-1.0,0.04999999701976776,0.0,0.33000001311302185,1.0,0.03999999910593033,ramp_up_trot_robustness,ramp_up,2.0,trotting,1000,0.7061275243759155,0.7061275243759155,1.5202577114105225,0.49726319313049316,0.12724924087524414,0.272514283657074,1.4301701784133911,0.12724924087524414,0.036671869456768036,0.49470406770706177,0.4435276389122009,0.6298739910125732,0.9101927280426025,0.6898959279060364,1.1463273763656616,0.272514283657074,0.14381319284439087,0.012378973886370659,0.00568047072738409,0.4692215621471405,0.029882637783885002,285.9378967285156,196.966552734375,33.835365295410156,39.66602325439453,582.837890625,0.06260698288679123,0.062166668474674225,0.8600153923034668,3.3419814109802246,1.1130001544952393,0.03040517121553421,0.04000015929341316,3.000000238418579,0.5,0.05134997516870499,0.33000147342681885,0.038200005888938904,0.6272349953651428,0.5788664221763611,0.7909482717514038,0.42237019538879395,0.47298744320869446,0.7403122186660767,0.32000732421875,0.25183820724487305,0.7615966796875,0.51430344581604,0.14187486469745636,0.9740602374076843,0.9592196345329285,0.24058783054351807,0.32961326837539673,1.0,0.030000001192092896,0.003000000026077032,0.027000000700354576,1.113,0.7727002523444519,1.7328238593572745,0.19149900641196035,0.6659787075516761,0.9540402130112768,1.0706667905402043,0.37922709930118503,0.13438543304151215,0.15202585607767105,0.04797494038939476,188.08514805244258,0.3719176650047302,0.47585582733154297,0.6968473792076111,0.114909827709198,0.5501013398170471,0.39123645424842834,0.47205033898353577,0.7328360080718994,0.9592196345329285,0.9729999992996454,0.6191085627636848,"progress_score,survival_score,orientation_score,slip_score,energy_score,impact_score"
pronking,0,action_space,0.0,3.0,0.0,0.5,-1.0,0.04999999701976776,1.0,0.3700000047683716,0.0,0.0,ramp_up_trot_robustness,ramp_up,2.0,trotting,1000,0.7029602527618408,0.7029602527618408,1.4795112609863281,0.5418840646743774,0.1402607262134552,0.2843467593193054,1.2251231670379639,0.1402607262134552,0.04842722415924072,0.4953593313694,0.43758347630500793,0.6567742228507996,1.545457363128662,0.7805840969085693,1.5032134056091309,0.2843467593193054,0.1940477341413498,0.020402906462550163,0.006237397436052561,0.46868896484375,0.04087994992733002,281.17864990234375,198.89041137695312,33.39830780029297,39.6240348815918,475.4205322265625,0.06364074349403381,0.06700000166893005,0.811194658279419,3.085101842880249,1.1170001029968262,0.02959023416042328,0.04000015929341316,3.000000238418579,0.5,0.05127035453915596,0.36830586194992065,0.0,0.5808253884315491,0.579525351524353,0.7531949877738953,0.41520634293556213,0.4970139265060425,0.7385555505752563,0.3765265643596649,0.25080129504203796,0.7686313390731812,0.5120006799697876,0.14087964594364166,0.9757895469665527,0.9618868231773376,0.2382507622241974,0.32306161522865295,0.9998000264167786,0.02800000086426735,0.0060000005178153515,0.02199999988079071,1.117,0.7262261236151522,1.6619124691325327,0.22006186439099512,0.6615009269116771,1.2431642542836654,1.226056036896002,0.4405084949706984,0.16321857706340515,0.1479511708021164,0.05204962566494942,190.048333741572,0.30895692110061646,0.4455121159553528,0.5869556069374084,0.11150702834129333,0.44149041175842285,0.391653448343277,0.5013312101364136,0.7153380513191223,0.9618868231773376,0.9780000001192093,0.571340181124516,"progress_score,survival_score,orientation_score,slip_score,energy_score,impact_score"
pronking,0,action_space,0.0,3.0,0.0,0.5,-1.0,0.04999999701976776,1.0,0.3700000047683716,1.0,0.03999999910593033,ramp_up_trot_robustness,ramp_up,2.0,trotting,1000,0.6917878985404968,0.6917878985404968,1.5853906869888306,0.43936634063720703,0.12673798203468323,0.24951988458633423,1.53787362575531,0.12673798203468323,0.03388766944408417,0.500171422958374,0.4536762237548828,0.6472162008285522,1.0149917602539062,0.6695101261138916,0.9284677505493164,0.24951988458633423,0.13715669512748718,0.012236705049872398,0.004931233823299408,0.4635566473007202,0.029956258833408356,283.1904296875,194.74835205078125,33.22456359863281,39.39105224609375,498.5939025878906,0.06300149112939835,0.05391667038202286,0.8986128568649292,3.5102243423461914,1.128000020980835,0.03170781210064888,0.04000015929341316,3.000000238418579,0.5,0.0513492152094841,0.36820071935653687,0.038201019167900085,0.6684302091598511,0.6235619783401489,0.7977536916732788,0.4278029203414917,0.4693301022052765,0.7690944671630859,0.26999083161354065,0.24407219886779785,0.7703962326049805,0.5171197056770325,0.14186541736125946,0.9740602374076843,0.9543912410736084,0.12599599361419678,0.22738811373710632,1.0,0.030000001192092896,0.006000000052154064,0.024000000208616257,1.128,0.7966425469581117,1.7640580536287556,0.18408603815630387,0.6735549151738727,1.0074679946548706,0.963570314273596,0.370346722852366,0.13102648157213032,0.1585390605032444,0.04146173596382141,178.6250114950342,0.46200889348983765,0.5365466475486755,0.7093836665153503,0.1090850979089737,0.5492919683456421,0.3956943154335022,0.4593351185321808,0.763697624206543,0.9543912410736084,0.9759999997913837,0.646986542412868,"progress_score,survival_score,orientation_score,slip_score,energy_score,impact_score"
pronking,0,action_space,0.0,3.0,0.0,0.5,0.0,0.07999999821186066,-1.0,0.2900000214576721,0.0,0.0,ramp_up_trot_robustness,ramp_up,2.0,trotting,1000,0.7536797523498535,0.7536797523498535,1.5086851119995117,0.5048784017562866,0.12613245844841003,0.2826167047023773,1.1379895210266113,0.12613245844841003,0.04519703984260559,0.4913182854652405,0.4363833963871002,0.7592617273330688,1.6187533140182495,0.7153851389884949,1.1211867332458496,0.2826167047023773,0.22658872604370117,0.01443851925432682,0.011498828418552876,0.4885018467903137,0.03664069622755051,321.05401611328125,229.55084228515625,32.05508041381836,38.293434143066406,433.3069763183594,0.07024834305047989,0.0572500005364418,0.732511043548584,2.866225004196167,1.0810000896453857,0.030173685401678085,0.04000015929341316,3.000000238418579,0.5,0.08000031858682632,0.2917522192001343,0.0,0.6357161998748779,0.6403340697288513,0.7473670244216919,0.41050294041633606,0.4325951933860779,0.7677015066146851,0.4231383502483368,0.25525400042533875,0.7743536233901978,0.5047856569290161,0.5,0.9749248623847961,0.9656897187232971,0.48150697350502014,0.5421794652938843,0.9998000264167786,0.029000001028180122,0.00800000037997961,0.021000001579523087,1.081,0.6776235405765784,1.628329465668914,0.21259595443612184,0.660593215517008,1.2723023673711567,1.0588610547403514,0.47601336750526363,0.16105076116827172,0.15086842700839043,0.049132369458675385,212.80386050060335,0.36073601245880127,0.44990354776382446,0.5952659845352173,0.1297779679298401,0.48055481910705566,0.37643733620643616,0.5153731107711792,0.7510748505592346,0.9656897187232971,0.9789999984204769,0.5912716975196814,"progress_score,survival_score,orientation_score,slip_score,energy_score,impact_score"
pronking,0,action_space,0.0,3.0,0.0,0.5,0.0,0.07999999821186066,-1.0,0.2900000214576721,1.0,0.03999999910593033,ramp_up_trot_robustness,ramp_up,2.0,trotting,1000,0.7245578169822693,0.7245578169822693,1.584439754486084,0.42953020334243774,0.10829943418502808,0.2285124808549881,1.2198312282562256,0.10829943418502808,0.026349011808633804,0.49494683742523193,0.4416431188583374,0.6904292702674866,1.253406286239624,0.7161960601806641,1.186061143875122,0.2285124808549881,0.13230164349079132,0.010653170756995678,0.0045692333951592445,0.45474594831466675,0.03824692964553833,295.0417175292969,201.8709716796875,33.8780632019043,40.771610260009766,393.8901672363281,0.06354355067014694,0.06225000321865082,0.9563450813293457,3.8035287857055664,1.124000072479248,0.03168879449367523,0.04000015929341316,3.000000238418579,0.5,0.08000031858682632,0.29186171293258667,0.03813813254237175,0.6794469356536865,0.6659684181213379,0.8077054619789124,0.41530507802963257,0.4481128454208374,0.8017761707305908,0.4040638208389282,0.25188136100769043,0.7585932016372681,0.5187633037567139,0.5,0.9731955528259277,0.9578560590744019,0.2419092208147049,0.33413657546043396,1.0,0.03200000151991844,0.007000000216066837,0.02500000037252903,1.124,0.8508408298696063,1.8395439633671675,0.16232378694644173,0.6645623513699354,1.119556289893288,1.0890643433126999,0.3637329287963785,0.12337910743782726,0.15844397246837616,0.04155682399868965,186.21201386416502,0.47807636857032776,0.5932261943817139,0.7375303506851196,0.17432890832424164,0.4653625190258026,0.402728796005249,0.42913636565208435,0.7325307130813599,0.9578560590744019,0.974999999627471,0.6459270596313171,"progress_score,survival_score,orientation_score,slip_score,energy_score,impact_score"
pronking,0,action_space,0.0,3.0,0.0,0.5,0.0,0.07999999821186066,0.0,0.33000001311302185,0.0,0.0,ramp_up_trot_robustness,ramp_up,2.0,trotting,1000,0.8142694234848022,0.8142694234848022,1.4466532468795776,0.5665432214736938,0.14967679977416992,0.33668482303619385,1.3066422939300537,0.14967679977416992,0.053192757070064545,0.502052903175354,0.4515668451786041,0.8628869652748108,2.273226737976074,0.7837195992469788,1.5198581218719482,0.33668482303619385,0.28182318806648254,0.0185930784791708,0.009832472540438175,0.4955470561981201,0.049272485077381134,315.08441162109375,224.34979248046875,33.74604034423828,41.61456298828125,672.3399658203125,0.06908966600894928,0.05391667038202286,0.8904809951782227,3.4233789443969727,1.0940001010894775,0.028933070600032806,0.04000015929341316,3.000000238418579,0.5,0.08000031858682632,0.33000147342681885,0.0,0.597304105758667,0.5583221912384033,0.7501662373542786,0.4130805730819702,0.42629238963127136,0.7082890272140503,0.32692426443099976,0.25604021549224854,0.7585421800613403,0.49494677782058716,0.5,0.9723309278488159,0.9683759212493896,1.0,1.0,0.9995999932289124,0.03200000151991844,0.013000000268220901,0.01900000125169754,1.094,0.8139679680358776,1.7689632422885402,0.23063555031708477,0.6719872358747628,1.5077223676712084,1.2328252600721434,0.5308702177241463,0.1685987871237779,0.14466535300016403,0.05533544346690178,217.80230494123518,0.27695924043655396,0.3218831419944763,0.5663681030273438,0.09343423694372177,0.3732713460922241,0.37117037177085876,0.45734935998916626,0.763697624206543,0.9683759212493896,0.9809999987483025,0.5423137197891872,"progress_score,survival_score,orientation_score,slip_score,energy_score,impact_score"
pronking,0,action_space,0.0,3.0,0.0,0.5,0.0,0.07999999821186066,0.0,0.33000001311302185,1.0,0.03999999910593033,ramp_up_trot_robustness,ramp_up,2.0,trotting,1000,0.7453886270523071,0.7453886270523071,1.5071691274642944,0.5075166821479797,0.12272538244724274,0.27448394894599915,1.2734968662261963,0.12272538244724274,0.03303807973861694,0.4890863299369812,0.4414517283439636,0.6367062330245972,0.9746980667114258,0.7317619323730469,1.2220368385314941,0.27448394894599915,0.15420006215572357,0.01329338550567627,0.005099601112306118,0.4861760437488556,0.03281417489051819,300.87249755859375,219.1153564453125,33.28371810913086,40.14494705200195,364.4745178222656,0.06302303075790405,0.06258333474397659,0.8380550742149353,3.1871986389160156,1.1119999885559082,0.03014339879155159,0.04000015929341316,3.000000238418579,0.5,0.08000031858682632,0.33000147342681885,0.03824646770954132,0.6018937826156616,0.5743693113327026,0.7900526523590088,0.406717449426651,0.48251432180404663,0.7376002073287964,0.37437161803245544,0.260762095451355,0.7633082866668701,0.5003499388694763,0.5,0.9749249219894409,0.965676486492157,0.4815293550491333,0.5422090291976929,1.0,0.029000001028180122,0.004999999888241291,0.024000000208616257,1.112,0.7536466310350157,1.6929812372241684,0.18176380205810216,0.6644183383561622,0.9872679812044072,1.105457750676838,0.3926831574637797,0.13562074552951842,0.15071699395775795,0.04928380250930786,199.62756141693964,0.35690245032310486,0.470756471157074,0.6922142505645752,0.14453139901161194,0.5187757611274719,0.3781924545764923,0.488436222076416,0.7313108444213867,0.965676486492157,0.9759999997913837,0.6110309150356514,"progress_score,survival_score,orientation_score,slip_score,energy_score,impact_score"
pronking,0,action_space,0.0,3.0,0.0,0.5,0.0,0.07999999821186066,1.0,0.3700000047683716,-1.0,-0.03999999910593033,ramp_up_trot_robustness,ramp_up,2.0,trotting,1000,0.7054396867752075,0.7054396867752075,1.5484670400619507,0.4754803776741028,0.1325826197862625,0.2906535267829895,1.3013942241668701,0.1325826197862625,0.043355830013751984,0.4935917854309082,0.4425792694091797,0.6754434108734131,1.3010129928588867,0.7095047831535339,1.1786673069000244,0.2906535267829895,0.17284265160560608,0.015735328197479248,0.00540936179459095,0.47340524196624756,0.03246539458632469,293.67755126953125,204.78335571289062,33.210304260253906,39.07699203491211,224.1572723388672,0.06588338315486908,0.059000007808208466,0.8457450866699219,3.3314437866210938,1.1180000305175781,0.03096933662891388,0.04000015929341316,3.000000238418579,0.5,0.08000031858682632,0.3680860698223114,-0.03808632493019104,0.6437694430351257,0.5743310451507568,0.746479868888855,0.42821353673934937,0.4696749448776245,0.731194257736206,0.33316734433174133,0.264385461807251,0.7610851526260376,0.502370297908783,0.5,0.9723309278488159,0.9565186500549316,0.24305874109268188,0.3372042179107666,0.9998000264167786,0.03100000135600567,0.007000000216066837,0.024000000208616257,1.118,0.7564803176361248,1.7262168318830722,0.2082206282138059,0.665266314650892,1.1406195653498525,1.0856644541017377,0.4157434925595421,0.14541213839315548,0.1548466831445694,0.045154113322496414,189.6569598651463,0.4048144817352295,0.4296455383300781,0.6551482081413269,0.11434776335954666,0.5224072337150574,0.3879764974117279,0.4747551381587982,0.7445315718650818,0.9565186500549316,0.9759999997913837,0.6154231816912309,"progress_score,survival_score,orientation_score,slip_score,energy_score,impact_score"
pronking,0,action_space,0.0,3.0,0.0,0.5,1.0,0.10999999940395355,-1.0,0.2900000214576721,-1.0,-0.03999999910593033,ramp_up_trot_robustness,ramp_up,2.0,trotting,1000,0.6870008707046509,0.6870008707046509,1.545291543006897,0.46870726346969604,0.12848946452140808,0.24809306859970093,1.4789211750030518,0.12848946452140808,0.03880587965250015,0.48738133907318115,0.4253578186035156,0.6922968626022339,1.2224059104919434,0.6643729209899902,1.1446630954742432,0.24809306859970093,0.14795348048210144,0.013089348562061787,0.005421167239546776,0.46812236309051514,0.029578452929854393,299.79248046875,209.35076904296875,34.074562072753906,40.91880798339844,479.4328918457031,0.06524258852005005,0.04966667294502258,0.9656758904457092,4.0009050369262695,1.127000093460083,0.030905820429325104,0.04000015929341316,3.000000238418579,0.5,0.10870784521102905,0.2917230725288391,-0.038276806473731995,0.6402918100357056,0.6279294490814209,0.757895290851593,0.43562427163124084,0.4539010524749756,0.7738087177276611,0.30898141860961914,0.2617785930633545,0.7601545453071594,0.5071936249732971,0.8588452339172363,0.9757895469665527,0.9570204615592957,0.124259352684021,0.22382989525794983,1.0,0.029000001028180122,0.00800000037997961,0.021000001579523087,1.127,0.8568552282920641,1.8841572682491845,0.19699208017709785,0.6521946171224626,1.1056246698097612,1.0698892912232756,0.3846472156172477,0.13605335645109445,0.15452910214662552,0.04547169432044029,194.00383172058295,0.41530337929725647,0.5403697490692139,0.6905890703201294,0.10486948490142822,0.5534582138061523,0.39209750294685364,0.411678671836853,0.7800998687744141,0.9570204615592957,0.9789999984204769,0.6297562089868081,"progress_score,survival_score,orientation_score,slip_score,energy_score,impact_score"
pronking,0,action_space,0.0,3.0,0.0,0.5,1.0,0.10999999940395355,0.0,0.33000001311302185,1.0,0.03999999910593033,ramp_up_trot_robustness,ramp_up,2.0,trotting,1000,0.7125623226165771,0.7125623226165771,1.604443073272705,0.42137789726257324,0.125973641872406,0.26049935817718506,1.5044615268707275,0.125973641872406,0.036770049482584,0.48926252126693726,0.44912755489349365,0.7109830975532532,1.302449107170105,0.6720191836357117,0.9565041065216064,0.26049935817718506,0.15049421787261963,0.010669529438018799,0.005432236939668655,0.48605623841285706,0.028087588027119637,318.46759033203125,227.90980529785156,33.68927764892578,40.39656448364258,516.2456665039062,0.06621186435222626,0.055750004947185516,0.9265031814575195,3.9659945964813232,1.11899995803833,0.03208887204527855,0.04000015929341316,3.000000238418579,0.5,0.1086045503616333,0.33000147342681885,0.03813906013965607,0.6733366250991821,0.6150420904159546,0.8029036521911621,0.4144846498966217,0.44156426191329956,0.7664104700088501,0.3064836859703064,0.2592902183532715,0.7588148713111877,0.4973049461841583,0.857554018497467,0.9731955528259277,0.957859992980957,0.24189266562461853,0.333975613117218,1.0,0.03100000135600567,0.00800000037997961,0.023000001907348633,1.119,0.8279741848015807,1.882612787285379,0.19175518111014367,0.6701697955693718,1.1412489242799333,0.9780102793537533,0.3879358424696275,0.1268927357167756,0.16044436022639275,0.039556436240673065,198.4910500329741,0.4915275275707245,0.5073271989822388,0.7246726155281067,0.10647314786911011,0.5702093243598938,0.3782830834388733,0.41227784752845764,0.7567290663719177,0.957859992980957,0.9769999980926514,0.6547580731984897,"progress_score,survival_score,orientation_score,slip_score,energy_score,impact_score"
pronking,0,action_space,0.0,3.0,0.0,0.5,1.0,0.10999999940395355,1.0,0.3700000047683716,1.0,0.03999999910593033,ramp_up_trot_robustness,ramp_up,2.0,trotting,1000,0.693700909614563,0.693700909614563,1.5612318515777588,0.45837557315826416,0.12070208787918091,0.26123476028442383,1.431649923324585,0.12070208787918091,0.03468310832977295,0.4890250265598297,0.43564802408218384,0.6853491067886353,1.079909086227417,0.7608203887939453,1.3876307010650635,0.26123476028442383,0.18881189823150635,0.014853319153189659,0.005368822254240513,0.48684173822402954,0.034769974648952484,318.05535888671875,228.50462341308594,32.81181335449219,40.07720184326172,344.85888671875,0.06705721467733383,0.05891667306423187,0.7996963262557983,3.2330594062805176,1.1070001125335693,0.031224627047777176,0.04000015929341316,3.000000238418579,0.5,0.10872277617454529,0.36829647421836853,0.038296714425086975,0.6546918749809265,0.6417348384857178,0.794563889503479,0.4072481393814087,0.45437091588974,0.7750548124313354,0.32414594292640686,0.2563810348510742,0.759921669960022,0.49702954292297363,0.8590320348739624,0.9757895469665527,0.9572246074676514,0.12397558987140656,0.2212294340133667,1.0,0.02800000086426735,0.006000000052154064,0.02199999988079071,1.107,0.7223995384485095,1.7089643773429937,0.18623401496443379,0.6600363808777391,1.0391867427115384,1.1779773771448514,0.4345249109447079,0.14220457590186814,0.15612313523888588,0.04387766122817993,203.7207725202996,0.43152379989624023,0.5053843855857849,0.6673485636711121,0.11939570307731628,0.49887508153915405,0.37768927216529846,0.4818416237831116,0.7448418140411377,0.9572246074676514,0.9780000001192093,0.6245333796892412,"progress_score,survival_score,orientation_score,slip_score,energy_score,impact_score"
pronking,0,action_space,1.0,3.4000000953674316,0.0,0.5,-1.0,0.04999999701976776,-1.0,0.2900000214576721,-1.0,-0.03999999910593033,ramp_up_trot_robustness,ramp_up,2.0,trotting,1000,0.6694412231445312,0.6694412231445312,1.4902735948562622,0.5389772653579712,0.13192006945610046,0.3024696111679077,1.2286465167999268,0.13192006945610046,0.047947175800800323,0.4333494007587433,0.3712312579154968,0.7487107515335083,1.511060118675232,0.8672714233398438,1.5707485675811768,0.3024696111679077,0.2678394019603729,0.019055116921663284,0.006031575612723827,0.45860952138900757,0.04211180657148361,287.15228271484375,204.20626831054688,33.388954162597656,38.49076843261719,496.4139709472656,0.0596340075135231,0.0650833398103714,0.8913268446922302,3.2411341667175293,1.246999979019165,0.029805466532707214,0.04000015929341316,3.382607936859131,0.5,0.05130499601364136,0.29173994064331055,-0.038259997963905334,0.562578558921814,0.5834317207336426,0.7369557619094849,0.34928902983665466,0.44103115797042847,0.741439163684845,0.3716201186180115,0.3054819703102112,0.7470445036888123,0.5026559829711914,0.14131230115890503,0.9749249219894409,0.9516456723213196,0.06953752785921097,0.17303605377674103,1.0,0.029000001028180122,0.00800000037997961,0.021000001579523087,1.247,0.7147768903180133,1.6121863971638266,0.218968435626691,0.6092875002127459,1.2292518532323764,1.253295084001041,0.5175320298883663,0.15838779162039957,0.14902733266353607,0.05097346380352974,192.6842720061344,0.3128642141819,0.4005652368068695,0.6054799556732178,0.11218678206205368,0.4307462275028229,0.3996288478374481,0.5221573710441589,0.7222263216972351,0.9516456723213196,0.9789999984204769,0.5747656610149604,"progress_score,survival_score,orientation_score,slip_score,energy_score,impact_score"
pronking,0,action_space,1.0,3.4000000953674316,0.0,0.5,-1.0,0.04999999701976776,-1.0,0.2900000214576721,1.0,0.03999999910593033,ramp_up_trot_robustness,ramp_up,2.0,trotting,1000,0.6848819255828857,0.6848819255828857,1.553270936012268,0.47863584756851196,0.12594211101531982,0.24722877144813538,1.252856731414795,0.12594211101531982,0.03788449615240097,0.43941226601600647,0.38601401448249817,0.7349015474319458,1.256494402885437,0.8245543241500854,1.4680074453353882,0.24722877144813538,0.15220965445041656,0.015383798629045486,0.005617746151983738,0.460237056016922,0.043961238116025925,304.66204833984375,217.04623413085938,32.69672393798828,37.58964538574219,222.9970245361328,0.058978959918022156,0.05391667038202286,0.9366940259933472,3.467271327972412,1.2630000114440918,0.0310654379427433,0.04000015929341316,3.382136821746826,0.5,0.0513402596116066,0.291786789894104,0.038212988525629044,0.6280689835548401,0.6376405954360962,0.7938708662986755,0.33311277627944946,0.42657262086868286,0.782060980796814,0.38018321990966797,0.29730165004730225,0.7447606325149536,0.506677508354187,0.14175337553024292,0.9740602374076843,0.9500794410705566,0.07042410224676132,0.17591391503810883,1.0,0.029000001028180122,0.006000000052154064,0.023000001907348633,1.263,0.7416420979624406,1.6568844347634275,0.1946394003083676,0.6213002611318446,1.1209346113335232,1.2116135709603901,0.39014055730007946,0.1449190973648029,0.1553271897137165,0.044673606753349304,196.1422449080303,0.3999686539173126,0.5426880121231079,0.6570265293121338,0.13391543924808502,0.41510459780693054,0.3983301520347595,0.5034270286560059,0.763697624206543,0.9500794410705566,0.9769999980926514,0.6079996220576458,"progress_score,survival_score,orientation_score,slip_score,energy_score,impact_score"
pronking,0,action_space,1.0,3.4000000953674316,0.0,0.5,-1.0,0.04999999701976776,0.0,0.33000001311302185,-1.0,-0.03999999910593033,ramp_up_trot_robustness,ramp_up,2.0,trotting,1000,0.6812520027160645,0.6812520027160645,1.5241557359695435,0.49741387367248535,0.12585482001304626,0.27957576513290405,1.3666718006134033,0.12585482001304626,0.039549004286527634,0.43995606899261475,0.39251023530960083,0.6573226451873779,0.9270204305648804,0.812577486038208,1.361466646194458,0.27957576513290405,0.1581876575946808,0.015022515319287777,0.0044192103669047356,0.4667256772518158,0.03668320178985596,279.942138671875,196.81228637695312,34.10041809082031,38.78083801269531,377.986328125,0.056846000254154205,0.05508333444595337,0.9058568477630615,3.2472124099731445,1.255000114440918,0.03048311173915863,0.04000015929341316,3.3820085525512695,0.5,0.051349904388189316,0.33000147342681885,-0.03820008039474487,0.5853842496871948,0.5783048868179321,0.7627829909324646,0.361621618270874,0.447711706161499,0.7371976971626282,0.33496224880218506,0.3103991448879242,0.755351185798645,0.4994701147079468,0.1418742537498474,0.9740602374076843,0.9543907642364502,0.12600643932819366,0.22746270895004272,1.0,0.029000001028180122,0.006000000052154064,0.023000001907348633,1.255,0.7217982561939741,1.6085459416432568,0.19886931459259277,0.626506372920181,0.9628190019753871,1.16681902889628,0.3977281201960465,0.13943358880195444,0.15241555869579315,0.04758523777127266,183.6702982938936,0.37169477343559265,0.4576612114906311,0.6778464317321777,0.1155962347984314,0.48014649748802185,0.393194317817688,0.5236902236938477,0.7592557072639465,0.9543907642364502,0.9769999980926514,0.6104591167890109,"progress_score,survival_score,orientation_score,slip_score,energy_score,impact_score"
pronking,0,action_space,1.0,3.4000000953674316,0.0,0.5,-1.0,0.04999999701976776,0.0,0.33000001311302185,1.0,0.03999999910593033,ramp_up_trot_robustness,ramp_up,2.0,trotting,1000,0.6906417608261108,0.6906417608261108,1.528922438621521,0.49360334873199463,0.1232660561800003,0.27428585290908813,1.3623888492584229,0.1232660561800003,0.03414947912096977,0.4375981092453003,0.3760334849357605,0.7047812938690186,1.314704179763794,0.8418290615081787,1.591254472732544,0.27428585290908813,0.19327737390995026,0.01178713422268629,0.004010487347841263,0.4626789391040802,0.04627878963947296,303.3894348144531,217.83181762695312,33.69550323486328,38.11323547363281,436.76080322265625,0.058429546654224396,0.05766667425632477,0.9530003666877747,3.5583276748657227,1.2730000019073486,0.03057844191789627,0.04000015929341316,3.381997585296631,0.5,0.051350757479667664,0.33000147342681885,0.03819897025823593,0.6030797362327576,0.5994117259979248,0.812227189540863,0.3479456305503845,0.4466620981693268,0.7594353556632996,0.35454970598220825,0.3066829442977905,0.7565337419509888,0.5054687261581421,0.14188449084758759,0.9740602374076843,0.9543896913528442,0.12601864337921143,0.22755694389343262,1.0,0.030000001192092896,0.004999999888241291,0.02500000223517418,1.273,0.7486255343093333,1.6718940420394033,0.18479577679419454,0.6132156920168959,1.146605503110723,1.261449354010118,0.43963322657637044,0.125688589659235,0.15289220958948135,0.04710858687758446,198.43350267524985,0.37735190987586975,0.47126850485801697,0.7290941476821899,0.12933123111724854,0.3963031768798828,0.39638954401016235,0.4971778690814972,0.74951171875,0.9543896913528442,0.9749999977648258,0.6089156424769988,"progress_score,survival_score,orientation_score,slip_score,energy_score,impact_score"
pronking,0,action_space,1.0,3.4000000953674316,0.0,0.5,-1.0,0.04999999701976776,1.0,0.3700000047683716,-1.0,-0.03999999910593033,ramp_up_trot_robustness,ramp_up,2.0,trotting,1000,0.6701341867446899,0.6701341867446899,1.5409101247787476,0.5019264221191406,0.14427819848060608,0.2967386543750763,1.3612481355667114,0.14427819848060608,0.05381476879119873,0.45584625005722046,0.4298968017101288,0.7826769351959229,1.5735477209091187,0.8837088346481323,1.6345221996307373,0.2967386543750763,0.22789061069488525,0.01925293728709221,0.009775925427675247,0.4775986075401306,0.046378739178180695,303.447021484375,222.13760375976562,31.86390495300293,36.826541900634766,436.12603759765625,0.06328495591878891,0.04958333820104599,0.8362122774124146,3.02549409866333,1.2360000610351562,0.030818205326795578,0.04000015929341316,3.380542278289795,0.5,0.0514599084854126,0.3680531978607178,-0.038053467869758606,0.6191028356552124,0.5888840556144714,0.7200298309326172,0.3489282727241516,0.4252653121948242,0.73890221118927,0.3135978579521179,0.29974085092544556,0.7475259304046631,0.49508243799209595,0.14324872195720673,0.9714663028717041,0.9452958106994629,0.07321470975875854,0.1875375211238861,0.9995999932289124,0.032999999821186066,0.00800000037997961,0.02500000037252903,1.236,0.6765471523247876,1.564548048434801,0.23198010430034455,0.6556651597501035,1.254411304520618,1.2784843368734469,0.4773788963652303,0.17037858643258974,0.1540910266339779,0.04590976983308792,196.9271384519883,0.36505013704299927,0.4145596921443939,0.5595752596855164,0.08737523853778839,0.39551177620887756,0.3847362697124481,0.5422909259796143,0.780424952507019,0.9452958106994629,0.974999999627471,0.5750477622525814,"progress_score,survival_score,orientation_score,slip_score,energy_score,impact_score"
pronking,0,action_space,1.0,3.4000000953674316,0.0,0.5,-1.0,0.04999999701976776,1.0,0.3700000047683716,0.0,0.0,ramp_up_trot_robustness,ramp_up,2.0,trotting,1000,0.6911914348602295,0.6911914348602295,1.5725834369659424,0.46731722354888916,0.1160600483417511,0.24771848320960999,1.4497478008270264,0.1160600483417511,0.03274703398346901,0.4614769518375397,0.4098834991455078,0.7057647705078125,1.3502295017242432,0.8005023002624512,1.3460725545883179,0.24771848320960999,0.13776947557926178,0.013168003410100937,0.003896279726177454,0.47006064653396606,0.04810459166765213,301.2891540527344,206.13925170898438,36.22477340698242,42.753047943115234,448.8697509765625,0.05707727000117302,0.053583335131406784,1.360335111618042,5.0806989669799805,1.2680000066757202,0.031451646238565445,0.04000015929341316,3.3814167976379395,0.5,0.05139428377151489,0.36814063787460327,0.0,0.6325680017471313,0.6226551532745361,0.7986059784889221,0.3724663257598877,0.44817811250686646,0.7746577858924866,0.3264549970626831,0.30235135555267334,0.7555352449417114,0.505425214767456,0.14242860674858093,0.9731955528259277,0.9528677463531494,0.12717410922050476,0.23200207948684692,1.0,0.03100000135600567,0.014000000432133675,0.017000000923871994,1.268,1.0728194660944894,2.001714314663948,0.1809614157312796,0.6402214453964408,1.1619937614824976,1.1602036694427051,0.37117310729531816,0.13063033007796615,0.15725823119282722,0.042742565274238586,191.58866039822053,0.41747045516967773,0.5413742661476135,0.7108557820320129,0.12188364565372467,0.38209277391433716,0.3905804455280304,0.3672490417957306,0.7649714946746826,0.9528677463531494,0.982999999076128,0.6100790827320173,"progress_score,survival_score,orientation_score,slip_score,energy_score,impact_score"
pronking,0,action_space,1.0,3.4000000953674316,0.0,0.5,-1.0,0.04999999701976776,1.0,0.3700000047683716,1.0,0.03999999910593033,ramp_up_trot_robustness,ramp_up,2.0,trotting,1000,0.6851073503494263,0.6851073503494263,1.5279849767684937,0.4910579323768616,0.12737004458904266,0.23840397596359253,1.3861680030822754,0.12737004458904266,0.03580290824174881,0.4280439019203186,0.3799970746040344,0.7072076797485352,1.1552784442901611,0.7756776213645935,1.230204463005066,0.23840397596359253,0.13543105125427246,0.011128553189337254,0.004551657475531101,0.4643334746360779,0.03734130412340164,282.11773681640625,206.9695281982422,32.01335144042969,36.1009521484375,485.7059631347656,0.06048296391963959,0.05566667020320892,0.6563103199005127,2.331125497817993,1.255000114440918,0.030559703707695007,0.04000015929341316,3.3817920684814453,0.5,0.05136614292860031,0.368178129196167,0.0381784588098526,0.6185670495033264,0.6440598964691162,0.8268394470214844,0.3670635223388672,0.4234963357448578,0.7857232689857483,0.339516282081604,0.3044450283050537,0.7550014853477478,0.5054814219474792,0.14207690954208374,0.9740601778030396,0.9497087001800537,0.07073434442281723,0.1802380084991455,1.0,0.029000001028180122,0.0010000000474974513,0.02800000086426735,1.255,0.5229564165214143,1.3628904976521912,0.18921656439579704,0.6164390274828764,1.07483879921138,1.109145825852068,0.3680095803838162,0.12522064791745952,0.15279851853847504,0.047202277928590775,184.63384202444954,0.3811540901660919,0.5664510726928711,0.7308081984519958,0.12218411266803741,0.473868191242218,0.395080029964447,0.6285324692726135,0.7570444345474243,0.9497087001800537,0.9719999991357327,0.6313535156540381,"progress_score,survival_score,orientation_score,slip_score,energy_score,impact_score"
pronking,0,action_space,1.0,3.4000000953674316,0.0,0.5,0.0,0.07999999821186066,-1.0,0.2900000214576721,-1.0,-0.03999999910593033,ramp_up_trot_robustness,ramp_up,2.0,trotting,1000,0.6809746623039246,0.6809746623039246,1.5592195987701416,0.47645246982574463,0.14098364114761353,0.3077390789985657,1.398625135421753,0.14098364114761353,0.04910418391227722,0.4464738368988037,0.38519591093063354,0.7985621094703674,1.6386594772338867,0.8718514442443848,1.6952323913574219,0.3077390789985657,0.23905505239963531,0.0195796936750412,0.006223222240805626,0.4713122248649597,0.05270197615027428,311.5836486816406,215.26373291015625,35.06768798828125,41.533348083496094,536.83251953125,0.059353992342948914,0.062000006437301636,1.2813522815704346,5.098325729370117,1.2699999809265137,0.031184399500489235,0.04000015929341316,3.3823916912078857,0.5,0.08000031858682632,0.29176148772239685,-0.038238391280174255,0.6352941989898682,0.5797467231750488,0.7375466823577881,0.357992023229599,0.41324517130851746,0.7347216010093689,0.3067653775215149,0.308196485042572,0.74762362241745,0.49650371074676514,0.5,0.9749249219894409,0.9557056427001953,0.12513326108455658,0.22564882040023804,1.0,0.029000001028180122,0.013000000268220901,0.01600000075995922,1.27,1.008938814899114,2.0036042664644356,0.2215946387263853,0.6206415317481047,1.2801013542817172,1.3020109029333902,0.48893256426590703,0.16063286063519763,0.15592199750244617,0.04407879896461964,199.83307606408167,0.403318852186203,0.3878900408744812,0.5968685746192932,0.09248501062393188,0.34852704405784607,0.38960400223731995,0.36655470728874207,0.7334469556808472,0.9557056427001953,0.9839999992400408,0.575921476746981,"progress_score,survival_score,orientation_score,slip_score,energy_score,impact_score"
pronking,0,action_space,1.0,3.4000000953674316,0.0,0.5,0.0,0.07999999821186066,-1.0,0.2900000214576721,0.0,0.0,ramp_up_trot_robustness,ramp_up,2.0,trotting,1000,0.7115914821624756,0.7115914821624756,1.543067216873169,0.4788081645965576,0.11969408392906189,0.2760698199272156,1.1915316581726074,0.11969408392906189,0.03380601853132248,0.43553733825683594,0.37601131200790405,0.6971215605735779,1.2591986656188965,0.8129982352256775,1.2292864322662354,0.2760698199272156,0.15496326982975006,0.012732332572340965,0.004767281003296375,0.4491703510284424,0.03884745389223099,292.5819091796875,204.58316040039062,33.753631591796875,38.58405303955078,564.6116943359375,0.059120580554008484,0.058250002562999725,1.0526044368743896,4.038410186767578,1.2540000677108765,0.030861344188451767,0.04000015929341316,3.3819947242736816,0.5,0.08000031858682632,0.2918010354042053,0.0,0.6198861002922058,0.5814822912216187,0.7794991731643677,0.3444156050682068,0.4512104392051697,0.7483937740325928,0.3958759605884552,0.3052680492401123,0.7631638050079346,0.5122219324111938,0.5,0.9740602374076843,0.9592188596725464,0.24060940742492676,0.32976824045181274,1.0,0.030000001192092896,0.010000000707805157,0.020000001415610313,1.254,0.8393974243358752,1.7945536414744439,0.18386413062727183,0.613197612526259,1.1221402165589185,1.1087319027908575,0.39365374357390537,0.1322861049983608,0.15430672094225883,0.045694075524806976,189.61060541002732,0.39970478415489197,0.4666641354560852,0.7046935558319092,0.15448595583438873,0.4598067104816437,0.40724483132362366,0.4470406770706177,0.7473288178443909,0.9592188596725464,0.9799999985843897,0.6171350938578447,"progress_score,survival_score,orientation_score,slip_score,energy_score,impact_score"
pronking,0,action_space,1.0,3.4000000953674316,0.0,0.5,0.0,0.07999999821186066,-1.0,0.2900000214576721,1.0,0.03999999910593033,ramp_up_trot_robustness,ramp_up,2.0,trotting,1000,0.694784939289093,0.694784939289093,1.5397496223449707,0.4800384044647217,0.11367729306221008,0.2562069892883301,1.3511024713516235,0.11367729306221008,0.028354421257972717,0.42390164732933044,0.3712310492992401,0.7197396755218506,1.2648903131484985,0.790321946144104,1.2352423667907715,0.2562069892883301,0.1492498517036438,0.01140399370342493,0.003761099651455879,0.46685880422592163,0.03707367926836014,307.9999694824219,229.09805297851562,32.63859558105469,37.38575744628906,490.87384033203125,0.05973891168832779,0.04375000298023224,0.9471007585525513,3.526564121246338,1.2780001163482666,0.030794989317655563,0.04000015929341316,3.382606029510498,0.5,0.08000031858682632,0.2917401194572449,0.03825978934764862,0.6222068071365356,0.6119048595428467,0.8175526857376099,0.3462880551815033,0.43527960777282715,0.769087016582489,0.36926916241645813,0.3165947496891022,0.7563055753707886,0.5000424981117249,0.5,0.9749249219894409,0.9559111595153809,0.12483316659927368,0.22292493283748627,1.0,0.029000001028180122,0.0060000005178153515,0.023000001907348633,1.278,0.7410803662032962,1.6611561401927155,0.16838771112516707,0.6092873290158266,1.1246734251099288,1.1114145791696146,0.3863286835113901,0.1231466335507423,0.15397494658827782,0.046025849878787994,200.03250204624277,0.3978232443332672,0.5187048316001892,0.7383761405944824,0.146872416138649,0.476411372423172,0.3930896520614624,0.5016463398933411,0.8035225868225098,0.9559111595153809,0.9769999980926514,0.6284708800988321,"progress_score,survival_score,orientation_score,slip_score,energy_score,impact_score"
pronking,0,action_space,1.0,3.4000000953674316,0.0,0.5,0.0,0.07999999821186066,0.0,0.33000001311302185,-1.0,-0.03999999910593033,ramp_up_trot_robustness,ramp_up,2.0,trotting,1000,0.7076743841171265,0.7076743841171265,1.5384936332702637,0.48700129985809326,0.12407855689525604,0.23658251762390137,1.3930931091308594,0.12407855689525604,0.03329281508922577,0.4264404773712158,0.38016918301582336,0.7055338621139526,1.307936429977417,0.7400586009025574,1.1882171630859375,0.23658251762390137,0.12175321578979492,0.014008325524628162,0.0036377026699483395,0.45123371481895447,0.04189504683017731,287.9769287109375,212.814208984375,32.02123260498047,36.20319366455078,491.96051025390625,0.061652250587940216,0.05691666901111603,0.6881363391876221,2.4713940620422363,1.2780001163482666,0.030769873410463333,0.04000015929341316,3.3820366859436035,0.5,0.08000031858682632,0.33000147342681885,-0.03820280730724335,0.6225712299346924,0.6403001546859741,0.7728639245033264,0.37160176038742065,0.4496796727180481,0.7857962250709534,0.3382892608642578,0.30322974920272827,0.7613263130187988,0.5008474588394165,0.5,0.9740602374076843,0.9592220783233643,0.2405417561531067,0.3292732834815979,1.0,0.029000001028180122,0.0020000000949949026,0.027000000700354576,1.278,0.5384478501870599,1.3906106445206885,0.18246318831267244,0.6165786105727504,1.1436504841853639,1.0900537432099104,0.3489315345304791,0.13283835362792065,0.15384936705231667,0.046151429414749146,187.18109876009427,0.38725143671035767,0.5713731050491333,0.7026330232620239,0.1275879293680191,0.4326176643371582,0.4055677056312561,0.6166526079177856,0.7523276805877686,0.9592220783233643,0.9729999992996454,0.6230622599713314,"progress_score,survival_score,orientation_score,slip_score,energy_score,impact_score"
pronking,0,action_space,1.0,3.4000000953674316,0.0,0.5,0.0,0.07999999821186066,0.0,0.33000001311302185,0.0,0.0,ramp_up_trot_robustness,ramp_up,2.0,trotting,1000,0.7369986772537231,0.7369986772537231,1.5077896118164062,0.5110466480255127,0.13139376044273376,0.2926645576953888,1.5622378587722778,0.13139376044273376,0.0420023612678051,0.42376673221588135,0.3644808232784271,0.7602255940437317,1.4452979564666748,0.8544751405715942,1.646989345550537,0.2926645576953888,0.18883825838565826,0.011918388307094574,0.005713064223527908,0.4725901484489441,0.045673295855522156,297.786865234375,213.75979614257812,32.69925308227539,37.87486267089844,555.67333984375,0.06288805603981018,0.05191666632890701,0.8189290761947632,2.980926513671875,1.25,0.03015577606856823,0.04000015929341316,3.381537914276123,0.5,0.08000031858682632,0.33000147342681885,0.0,0.6065651178359985,0.5692524313926697,0.8038912415504456,0.3534516394138336,0.4317426383495331,0.7318283319473267,0.28146040439605713,0.3190796375274658,0.7525334358215332,0.49092093110084534,0.5,0.9731955528259277,0.9633626937866211,0.4832453429698944,0.545432448387146,0.9998000264167786,0.03100000135600567,0.005000000353902578,0.026000000536441803,1.25,0.655143212890625,1.544260669584316,0.20494477614178191,0.6037224720667826,1.2022054551808834,1.2833508271515381,0.4345552420413983,0.13278347988595,0.15077888034284115,0.04922191612422466,197.49895005287686,0.3518062233924866,0.4246349632740021,0.7028378248214722,0.09051088988780975,0.4011315107345581,0.38860949873924255,0.5509092211723328,0.77137291431427,0.9633626937866211,0.9739999994635582,0.5990676551293104,"progress_score,survival_score,orientation_score,slip_score,energy_score,impact_score"
pronking,0,action_space,1.0,3.4000000953674316,0.0,0.5,0.0,0.07999999821186066,1.0,0.3700000047683716,0.0,0.0,ramp_up_trot_robustness,ramp_up,2.0,trotting,1000,0.7117444276809692,0.7117444276809692,1.5542371273040771,0.47926002740859985,0.11741559207439423,0.24703842401504517,1.2273749113082886,0.11741559207439423,0.031031060963869095,0.43456292152404785,0.38859906792640686,0.6975761651992798,1.27130126953125,0.8400571346282959,1.4615092277526855,0.24703842401504517,0.14469724893569946,0.013806619681417942,0.0040080975741147995,0.47749197483062744,0.043690554797649384,289.16326904296875,205.78610229492188,33.36540222167969,37.870849609375,441.8074645996094,0.060973748564720154,0.057083338499069214,0.9345616102218628,3.6405105590820312,1.2650001049041748,0.031084731221199036,0.04000015929341316,3.3814077377319336,0.5,0.08000031858682632,0.3681398630142212,0.0,0.6188808679580688,0.6343263983726501,0.7880903482437134,0.3627133369445801,0.4455181658267975,0.7816052436828613,0.3846668004989624,0.31721216440200806,0.7513476610183716,0.490395188331604,0.5,0.9731955528259277,0.9578602910041809,0.24187743663787842,0.3338698148727417,1.0,0.03100000135600567,0.007000000216066837,0.024000000208616257,1.265,0.7387838612432065,1.6964296974832067,0.17615635374254626,0.6233771474207302,1.1275199641386622,1.2089289589354228,0.3803909159479225,0.13347178449220173,0.15542365610599518,0.04457714036107063,186.04836029399246,0.3990132212638855,0.543198823928833,0.7002664804458618,0.157552570104599,0.4173579216003418,0.38481831550598145,0.4870110750198364,0.7517009377479553,0.9578602910041809,0.9759999997913837,0.6134761038881082,"progress_score,survival_score,orientation_score,slip_score,energy_score,impact_score"
pronking,0,action_space,1.0,3.4000000953674316,0.0,0.5,0.0,0.07999999821186066,1.0,0.3700000047683716,1.0,0.03999999910593033,ramp_up_trot_robustness,ramp_up,2.0,trotting,1000,0.6900730133056641,0.6900730133056641,1.5281567573547363,0.5016544461250305,0.12443619966506958,0.25890180468559265,1.2793333530426025,0.12443619966506958,0.034727152436971664,0.442573606967926,0.3926270604133606,0.7729223966598511,1.2924915552139282,0.8510264754295349,1.4648549556732178,0.25890180468559265,0.16161778569221497,0.012784270569682121,0.004687826614826918,0.4893776774406433,0.04680602252483368,312.3343200683594,221.94927978515625,34.264991760253906,39.236751556396484,461.54571533203125,0.059832461178302765,0.06208333373069763,1.0361062288284302,3.909911632537842,1.2660000324249268,0.030563119798898697,0.04000015929341316,3.381648063659668,0.5,0.08000031858682632,0.3681638240814209,0.03816407918930054,0.6043156385421753,0.6275924444198608,0.7997018098831177,0.34666985273361206,0.41507625579833984,0.7734895944595337,0.353548526763916,0.30733436346054077,0.7513805627822876,0.4881736636161804,0.5,0.9740601778030396,0.9538664817810059,0.12659217417240143,0.23111048340797424,0.9998000264167786,0.030000001192092896,0.00800000037997961,0.02199999988079071,1.266,0.8184093216207543,1.757383740714381,0.1863522268098014,0.6265996013511025,1.1368779860714728,1.2103119249487786,0.40201714601769784,0.13218206075148412,0.15281559899449348,0.04718519747257233,204.3863095622566,0.365448921918869,0.5115543603897095,0.7050814628601074,0.13891731202602386,0.3921462297439575,0.37577852606773376,0.46204206347465515,0.7331414222717285,0.9538664817810059,0.9780000001192093,0.5995016124768136,"progress_score,survival_score,orientation_score,slip_score,energy_score,impact_score"
pronking,0,action_space,1.0,3.4000000953674316,0.0,0.5,1.0,0.10999999940395355,-1.0,0.2900000214576721,-1.0,-0.03999999910593033,ramp_up_trot_robustness,ramp_up,2.0,trotting,1000,0.6810762882232666,0.6810762882232666,1.5520073175430298,0.4763745665550232,0.12656298279762268,0.25562387704849243,1.325265645980835,0.12656298279762268,0.03689371794462204,0.4368724822998047,0.38614678382873535,0.7014273405075073,0.9969227313995361,0.7853078842163086,1.2497003078460693,0.25562387704849243,0.1520000696182251,0.014744383282959461,0.004579192493110895,0.46038511395454407,0.03903431072831154,317.480712890625,229.6239013671875,32.90203094482422,37.948219299316406,561.987548828125,0.06248906999826431,0.06366667151451111,0.9781341552734375,3.791473150253296,1.2610000371932983,0.031040143221616745,0.04000015929341316,3.3816237449645996,0.5,0.10862144827842712,0.29183822870254517,-0.038161616772413254,0.6323803663253784,0.6150543689727783,0.7580282092094421,0.35479092597961426,0.41753801703453064,0.7706519365310669,0.3546369671821594,0.3139432370662689,0.758783221244812,0.4961095452308655,0.857765257358551,0.9731955528259277,0.9485803842544556,0.07131719589233398,0.17951560020446777,1.0,0.03100000135600567,0.003000000026077032,0.02800000086426735,1.261,0.7756812801255204,1.7339894420199558,0.1920773748899699,0.62140709991819,0.9984601801772247,1.1178999543098969,0.38987186307583815,0.1390092650727654,0.15520071610808372,0.044800080358982086,204.56135051813166,0.40343862771987915,0.5202552676200867,0.6794500946998596,0.12705440819263458,0.4580915570259094,0.398212194442749,0.47157371044158936,0.7273602485656738,0.9485803842544556,0.9719999991357327,0.6142294481396676,"progress_score,survival_score,orientation_score,slip_score,energy_score,impact_score"
pronking,0,action_space,1.0,3.4000000953674316,0.0,0.5,1.0,0.10999999940395355,-1.0,0.2900000214576721,1.0,0.03999999910593033,ramp_up_trot_robustness,ramp_up,2.0,trotting,1000,0.6886014342308044,0.6886014342308044,1.6023972034454346,0.4180201590061188,0.1449013501405716,0.25756993889808655,1.3828284740447998,0.1449013501405716,0.050690166652202606,0.4324035048484802,0.3804543912410736,0.793971836566925,1.5188701152801514,0.8004395961761475,1.190260410308838,0.25756993889808655,0.13269883394241333,0.009875578805804253,0.005858973599970341,0.44547510147094727,0.04323936253786087,304.43865966796875,217.67320251464844,32.51677703857422,37.310333251953125,411.8658447265625,0.06507080793380737,0.05150000751018524,0.9159517288208008,3.6384835243225098,1.2590000629425049,0.03204793483018875,0.04000015929341316,3.3814010620117188,0.5,0.10860477387905121,0.2918604612350464,0.03813939541578293,0.6820582747459412,0.6112399697303772,0.8121151924133301,0.33247411251068115,0.4151109755039215,0.7592532634735107,0.3061678111553192,0.29642629623413086,0.7667954564094543,0.5051015615463257,0.8575570583343506,0.9731955528259277,0.9483106732368469,0.07152602076530457,0.1821865737438202,1.0,0.03100000135600567,0.007000000216066837,0.024000000208616257,1.259,0.7275231613631851,1.6999937855414844,0.2251447682097068,0.616809850149196,1.2324244866441723,1.0909905638037563,0.3642785115024126,0.125437444193409,0.16023967415094376,0.039761122316122055,189.9895100998506,0.4971003234386444,0.5150852799415588,0.7300143837928772,0.09102403372526169,0.4211411476135254,0.4102657437324524,0.4855394661426544,0.772981584072113,0.9483106732368469,0.9759999997913837,0.6452329095739584,"progress_score,survival_score,orientation_score,slip_score,energy_score,impact_score"
pronking,0,action_space,1.0,3.4000000953674316,0.0,0.5,1.0,0.10999999940395355,0.0,0.33000001311302185,0.0,0.0,ramp_up_trot_robustness,ramp_up,2.0,trotting,1000,0.7119214534759521,0.7119214534759521,1.6021729707717896,0.43231362104415894,0.12831294536590576,0.25931864976882935,1.4361107349395752,0.12831294536590576,0.03694505989551544,0.43313902616500854,0.38541340827941895,0.7382599115371704,1.245649814605713,0.8317276239395142,1.3255683183670044,0.25931864976882935,0.14594614505767822,0.01324465498328209,0.005259809084236622,0.47908085584640503,0.035614095628261566,316.1131591796875,223.7398223876953,33.46763610839844,37.80022430419922,369.90411376953125,0.0633828416466713,0.05691666901111603,0.9981871843338013,3.948470115661621,1.2569999694824219,0.032043471932411194,0.04000015929341316,3.3814072608947754,0.5,0.10860520601272583,0.33000147342681885,0.0,0.6773037910461426,0.6141356229782104,0.7826069593429565,0.3489784896373749,0.42305082082748413,0.7675186395645142,0.3158145248889923,0.31127071380615234,0.7585272789001465,0.4896261692047119,0.857562243938446,0.9731955528259277,0.9578603506088257,0.24187837541103363,0.33387619256973267,1.0,0.03100000135600567,0.007000000216066837,0.024000000208616257,1.257,0.7941027317335422,1.7723389457623422,0.19221097756245725,0.6208167268038282,1.1160868311227907,1.1513332785805352,0.3820289845779744,0.1360311143360912,0.16021735966205597,0.03978343680500984,197.3027662721156,0.4735109210014343,0.5104504823684692,0.6906726360321045,0.11360680311918259,0.4905235767364502,0.38359740376472473,0.45598456263542175,0.7523276805877686,0.9578603506088257,0.9759999997913837,0.6368939714171948,"progress_score,survival_score,orientation_score,slip_score,energy_score,impact_score"
trotting,1,action_space,-1.0,2.5999999046325684,0.0,0.5,-1.0,0.04999999701976776,-1.0,0.2900000214576721,0.0,0.0,ramp_up_trot_robustness,ramp_up,2.0,trotting,1000,0.6809900999069214,0.6809900999069214,1.4723957777023315,0.5295187830924988,0.15705054998397827,0.351127564907074,1.290808081626892,0.15705054998397827,0.04890258237719536,0.28511714935302734,0.26165446639060974,0.6816080212593079,0.9525505900382996,0.6902012825012207,0.9135513305664062,0.351127564907074,0.24369993805885315,0.00942923128604889,0.006478480063378811,0.4395707845687866,0.04930846393108368,267.27996826171875,190.55398559570312,33.72236633300781,66.91705322265625,311.5357666015625,0.08784251660108566,0.07316666841506958,0.6883324980735779,2.2289605140686035,1.0,0.02944791689515114,0.04000015929341316,2.618584632873535,0.5,0.05139423534274101,0.2918589115142822,0.0,0.6016336679458618,0.4939812421798706,0.7889046669006348,0.4166252017021179,0.41111448407173157,0.6549789309501648,0.32442188262939453,0.5496114492416382,0.7331455945968628,0.4474445581436157,0.14242789149284363,1.0,0.9634144902229309,0.1271723210811615,0.23194637894630432,1.0,0.03100000135600567,0.006000000052154064,0.02500000223517418,1.0,0.6883324584960937,1.4929703443869038,0.2211392827545467,0.511521716440866,0.975986982514777,0.9557987918837344,0.49365973915122263,0.12612577591209378,0.1472395844757557,0.05276121199131012,181.52725803031586,0.3257710039615631,0.2914445102214813,0.7274906039237976,0.10343006253242493,0.373002827167511,0.4151391386985779,0.5727877020835876,0.6936184167861938,0.9634144902229309,0.9749999977648258,0.5917874824924347,"progress_score,survival_score,orientation_score,slip_score,energy_score,impact_score"
trotting,1,action_space,-1.0,2.5999999046325684,0.0,0.5,-1.0,0.04999999701976776,-1.0,0.2900000214576721,1.0,0.03999999910593033,ramp_up_trot_robustness,ramp_up,2.0,trotting,1000,0.6696323156356812,0.6696323156356812,1.4690569639205933,0.5343996286392212,0.16490131616592407,0.36111897230148315,1.1690068244934082,0.16490131616592407,0.04957878589630127,0.3012053966522217,0.26224565505981445,0.7277777194976807,1.1042253971099854,0.6782983541488647,0.8056919574737549,0.36111897230148315,0.25676751136779785,0.010848481208086014,0.00605335459113121,0.44402623176574707,0.047086700797080994,265.0203857421875,186.45635986328125,34.16442108154297,67.758056640625,572.6727905273438,0.08812684565782547,0.06808333843946457,0.6623401641845703,2.162553310394287,1.003000020980835,0.029381148517131805,0.04000015929341316,2.6177539825439453,0.5,0.05133194476366043,0.2917758822441101,0.03822404891252518,0.5842486619949341,0.48499858379364014,0.7883177995681763,0.4046390652656555,0.40527400374412537,0.6481677293777466,0.3422812223434448,0.4935961961746216,0.7256625890731812,0.446330726146698,0.14164941012859344,1.0,0.9578874111175537,0.06997093558311462,0.17663609981536865,1.0,0.029000001028180122,0.004999999888241291,0.024000000208616257,1.003,0.6603590108580508,1.4683613205723551,0.22266294235076764,0.5120992628971599,1.0508212964676655,0.897603452240328,0.50672232175798,0.13000706057448275,0.14690574258565903,0.053095053881406784,180.4017082053141,0.3190741240978241,0.2714250683784485,0.7131690979003906,0.11525795608758926,0.38995108008384705,0.41145628690719604,0.5833188891410828,0.7114737629890442,0.9578874111175537,0.9759999997913837,0.5895508720706669,"progress_score,survival_score,orientation_score,slip_score,energy_score,impact_score"
trotting,1,action_space,-1.0,2.5999999046325684,0.0,0.5,-1.0,0.04999999701976776,1.0,0.3700000047683716,-1.0,-0.03999999910593033,ramp_up_trot_robustness,ramp_up,2.0,trotting,1000,0.6576916575431824,0.6576916575431824,1.4695935249328613,0.530927836894989,0.14158889651298523,0.36919015645980835,1.3448667526245117,0.14158889651298523,0.040533553808927536,0.2870604991912842,0.25478264689445496,0.6860840320587158,0.8991659879684448,0.6064866781234741,0.6801607012748718,0.36919015645980835,0.2614421844482422,0.009630615822970867,0.005462587811052799,0.44488364458084106,0.057728953659534454,264.4136047363281,188.03744506835938,34.350341796875,67.32757568359375,619.096923828125,0.08859319239854813,0.05383333936333656,0.673775851726532,2.1081318855285645,0.9930000305175781,0.02939186990261078,0.04000015929341316,2.6175177097320557,0.5,0.051314257085323334,0.368247389793396,-0.03824765235185623,0.5885965824127197,0.47268256545066833,0.7848793864250183,0.44548851251602173,0.4022670388221741,0.6326389908790588,0.2939773201942444,0.5270970463752747,0.6751718521118164,0.4472036063671112,0.1414281725883484,1.0,0.9584566354751587,0.06963929533958435,0.17469151318073273,1.0,0.029000001028180122,0.005000000353902578,0.024000000208616257,0.993,0.6785254963455123,1.457049342141696,0.2013294658238767,0.5047599893954106,0.9482436332338039,0.8247185588277203,0.5113141739168221,0.12285440014107621,0.1469593495130539,0.05304144695401192,179.92295165318444,0.323829710483551,0.255888432264328,0.739438533782959,0.1158408671617508,0.3151901960372925,0.4107513129711151,0.588164746761322,0.7640158534049988,0.9584566354751587,0.9759999997913837,0.5855593916315299,"progress_score,survival_score,orientation_score,slip_score,energy_score,impact_score"
trotting,1,action_space,-1.0,2.5999999046325684,0.0,0.5,-1.0,0.04999999701976776,1.0,0.3700000047683716,0.0,0.0,ramp_up_trot_robustness,ramp_up,2.0,trotting,1000,0.6701914072036743,0.6701914072036743,1.4456639289855957,0.555732011795044,0.14077520370483398,0.364479660987854,1.278458833694458,0.14077520370483398,0.04084349423646927,0.285702645778656,0.254619836807251,0.7203968167304993,1.196703553199768,0.656435489654541,0.8744739890098572,0.364479660987854,0.25059476494789124,0.010329727083444595,0.007857691496610641,0.4675213396549225,0.05844000354409218,268.41986083984375,191.0919647216797,34.09520721435547,66.99833679199219,360.6796569824219,0.08999338001012802,0.06283334642648697,0.6119078993797302,1.9536118507385254,0.9960000514984131,0.028913278132677078,0.04000015929341316,2.617913246154785,0.5,0.05134386569261551,0.3682079017162323,0.0,0.5823508501052856,0.47279083728790283,0.781537652015686,0.4337529242038727,0.4268125891685486,0.635666012763977,0.3440256714820862,0.5298002362251282,0.6725356578826904,0.42924678325653076,0.14179860055446625,1.0,0.9646220207214355,0.12591034173965454,0.22647586464881897,1.0,0.030000001192092896,0.004000000189989805,0.026000000536441803,0.996,0.6143652981064884,1.4005204477028075,0.20209773436748188,0.5045986888679468,1.0939394650526912,0.9351331397238883,0.500594411622714,0.13486073772620125,0.1445663906633854,0.05543440580368042,185.67237893816068,0.29073232412338257,0.26488637924194336,0.6950660943984985,0.12302978336811066,0.31073957681655884,0.3925691246986389,0.6124032139778137,0.7303972244262695,0.9646220207214355,0.9739999994635582,0.5685263784267963,"progress_score,survival_score,orientation_score,slip_score,energy_score,impact_score"
trotting,1,action_space,-1.0,2.5999999046325684,0.0,0.5,-1.0,0.04999999701976776,1.0,0.3700000047683716,1.0,0.03999999910593033,ramp_up_trot_robustness,ramp_up,2.0,trotting,1000,0.6575037240982056,0.6575037240982056,1.4957196712493896,0.5051150321960449,0.15190890431404114,0.36026912927627563,1.5836509466171265,0.15190890431404114,0.044800788164138794,0.2683546543121338,0.23225076496601105,0.6762504577636719,0.91275954246521,0.6420527696609497,0.7589159607887268,0.36026912927627563,0.2435346245765686,0.007745296694338322,0.005458502098917961,0.44432467222213745,0.06853289157152176,256.2542724609375,179.18771362304688,34.40964889526367,67.78849029541016,359.5299072265625,0.08710119128227234,0.0690833330154419,0.6548216938972473,1.967795729637146,1.002000093460083,0.029914408922195435,0.04000015929341316,2.616401433944702,0.5,0.051230523735284805,0.36835893988609314,0.038359276950359344,0.6093010902404785,0.4859163761138916,0.8188571333885193,0.4196777939796448,0.4196092486381531,0.649582028388977,0.23763015866279602,0.5576281547546387,0.6730305552482605,0.4457411766052246,0.14038175344467163,1.0,0.9612775444984436,0.06771672517061234,0.16637903451919556,1.0,0.027000000700354576,0.008999999612569809,0.018000001087784767,1.002,0.6535146260213948,1.4013807185986094,0.21166196673974944,0.4819240240598211,0.955384499803723,0.8711578277147757,0.4934922740799177,0.11490778386713531,0.14957204461097717,0.05042875185608864,171.32506671312663,0.3603913486003876,0.27309420704841614,0.7679151892662048,0.08377113938331604,0.2539398670196533,0.4112107753753662,0.612034261226654,0.7079253196716309,0.9612775444984436,0.9819999989122152,0.5959584211500791,"progress_score,survival_score,orientation_score,slip_score,energy_score,impact_score"
trotting,1,action_space,-1.0,2.5999999046325684,0.0,0.5,0.0,0.07999999821186066,-1.0,0.2900000214576721,1.0,0.03999999910593033,ramp_up_trot_robustness,ramp_up,2.0,trotting,1000,0.6819107532501221,0.6819107532501221,1.547133207321167,0.4583898186683655,0.16772422194480896,0.3548244833946228,1.2671089172363281,0.16772422194480896,0.054801203310489655,0.3074018955230713,0.253275603055954,0.7602102756500244,1.2099753618240356,0.6464845538139343,0.7502108812332153,0.3548244833946228,0.2821190059185028,0.007692327722907066,0.005438443273305893,0.4223365783691406,0.06195049732923508,274.6361083984375,188.10678100585938,33.90509033203125,67.35801696777344,329.7725524902344,0.09438171982765198,0.05908334255218506,0.7433484196662903,2.4199447631835938,0.9940000176429749,0.030942663550376892,0.04000015929341316,2.6183786392211914,0.5,0.08000031858682632,0.29183828830718994,0.03816160559654236,0.648592472076416,0.4968458414077759,0.8238010406494141,0.43409889936447144,0.4043194353580475,0.6648737192153931,0.3168236017227173,0.4568028450012207,0.683495283126831,0.4612744450569153,0.5,1.0,0.9636194705963135,0.12688098847866058,0.22928586602210999,1.0,0.030000001192092896,0.006000000052154064,0.024000000208616257,0.994,0.7478354010783451,1.560304984870706,0.23409656834411233,0.5032649432018427,1.0999888007720968,0.8661471475639779,0.5311487606297344,0.11458957629825219,0.15471331775188446,0.04528747871518135,177.51290393020838,0.43150123953819275,0.28393664956092834,0.7690376043319702,0.09412486851215363,0.2896708548069,0.42969778180122375,0.5440914630889893,0.7442213892936707,0.9636194705963135,0.9759999997913837,0.6149194070543998,"progress_score,survival_score,orientation_score,slip_score,energy_score,impact_score"
trotting,1,action_space,-1.0,2.5999999046325684,0.0,0.5,0.0,0.07999999821186066,0.0,0.33000001311302185,0.0,0.0,ramp_up_trot_robustness,ramp_up,2.0,trotting,1000,0.722396969795227,0.722396969795227,1.482168197631836,0.5195837020874023,0.17403742671012878,0.37260931730270386,1.5124247074127197,0.17403742671012878,0.07335729897022247,0.2758893668651581,0.2455998957157135,0.7853972315788269,1.325270652770996,0.6496049165725708,0.8197084665298462,0.37260931730270386,0.27311253547668457,0.009061777032911777,0.006873305421322584,0.4416978359222412,0.08185656368732452,277.99322509765625,195.3760223388672,34.13530731201172,67.70044708251953,385.6607360839844,0.09491473436355591,0.05833333730697632,0.6950478553771973,2.3278913497924805,0.9980000257492065,0.029643360525369644,0.04000015929341316,2.6179842948913574,0.5,0.08000031858682632,0.33000147342681885,0.0,0.6089608669281006,0.473388671875,0.803734540939331,0.432115763425827,0.3965875506401062,0.6358892917633057,0.2383849024772644,0.5576730966567993,0.6782351732254028,0.44762590527534485,0.5,1.0,0.9852961897850037,0.4823645353317261,0.5436674356460571,1.0,0.029000001028180122,0.009000000543892384,0.019999999552965164,0.998,0.6964407330285571,1.5272708422976966,0.2708455260295478,0.49558036252026116,1.1512040013703029,0.9053775270735662,0.5226016986928808,0.12623423645839651,0.14821680262684822,0.05178399384021759,187.5584873173136,0.3396400511264801,0.24947986006736755,0.727092444896698,0.05081464722752571,0.19453732669353485,0.4133768379688263,0.5581435561180115,0.747017502784729,0.9852961897850037,0.9800000004470348,0.5709857296867248,"progress_score,survival_score,orientation_score,slip_score,energy_score,impact_score"
trotting,1,action_space,-1.0,2.5999999046325684,0.0,0.5,0.0,0.07999999821186066,0.0,0.33000001311302185,1.0,0.03999999910593033,ramp_up_trot_robustness,ramp_up,2.0,trotting,1000,0.6977822780609131,0.6977822780609131,1.5281360149383545,0.47340673208236694,0.16630417108535767,0.36346542835235596,1.2321643829345703,0.16630417108535767,0.0543665736913681,0.31271788477897644,0.2587963342666626,0.7475948333740234,1.2277703285217285,0.6495394706726074,0.8189086318016052,0.36346542835235596,0.26171520352363586,0.008495461195707321,0.006369222886860371,0.4302203953266144,0.07968579232692719,276.88836669921875,189.94552612304688,33.769142150878906,67.23889923095703,436.491455078125,0.09563514590263367,0.05166667327284813,0.664463222026825,2.2352068424224854,0.9960000514984131,0.03056272678077221,0.04000015929341316,2.618480682373047,0.5,0.08000031858682632,0.33000147342681885,0.03815143182873726,0.647667407989502,0.49013668298721313,0.8119382858276367,0.42498743534088135,0.40982165932655334,0.6507584452629089,0.3088276982307434,0.44711625576019287,0.6814316511154175,0.45906901359558105,0.5,1.0,0.9729304313659668,0.24168381094932556,0.33228421211242676,1.0,0.030000001192092896,0.005000000353902578,0.02500000223517418,0.996,0.6671317226915474,1.4980599190934092,0.23316640772497246,0.5087202907951113,1.108047981146001,0.9049357058938525,0.5115810820619111,0.12192081070337292,0.15281363390386105,0.047187162563204765,181.19353512546363,0.4080131947994232,0.2668493092060089,0.7428258061408997,0.09832313656806946,0.20316925644874573,0.4229755997657776,0.5706119537353516,0.7723377346992493,0.9729304313659668,0.9749999977648258,0.5933715255978779,"progress_score,survival_score,orientation_score,slip_score,energy_score,impact_score"
trotting,1,action_space,-1.0,2.5999999046325684,0.0,0.5,0.0,0.07999999821186066,1.0,0.3700000047683716,0.0,0.0,ramp_up_trot_robustness,ramp_up,2.0,trotting,1000,0.6862813234329224,0.6862813234329224,1.4987049102783203,0.5036003589630127,0.16196313500404358,0.3627520203590393,1.5059657096862793,0.16196313500404358,0.05649774894118309,0.2718852162361145,0.23815709352493286,0.7327419519424438,1.1033122539520264,0.612179160118103,0.673880934715271,0.3627520203590393,0.2540090084075928,0.008521899580955505,0.005405955947935581,0.4364331364631653,0.05311458557844162,269.55792236328125,191.41943359375,33.79901123046875,68.11815643310547,219.51036071777344,0.09495389461517334,0.05741667002439499,0.6660014390945435,2.197201728820801,1.0080000162124634,0.029974088072776794,0.04000015929341316,2.6171882152557373,0.5,0.08000031858682632,0.3682803213596344,0.0,0.6108711957931519,0.47884324193000793,0.8184878826141357,0.4367865025997162,0.3925263583660126,0.6385270357131958,0.24019551277160645,0.5536606907844543,0.6804988980293274,0.4460568428039551,0.5,1.0,0.97479248046875,0.2389144003391266,0.3228084444999695,1.0,0.029000001028180122,0.00800000037997961,0.021000001579523087,1.008,0.6607157389322916,1.4764022323683716,0.23769255129511965,0.48801341531246134,1.0503867163821268,0.8209025123090262,0.503993063848693,0.11801633585606311,0.14987044036388397,0.05013035610318184,179.86057196090883,0.3626006245613098,0.2682354152202606,0.7568750381469727,0.07165296375751495,0.3456627428531647,0.4177524447441101,0.5798760652542114,0.7504491806030273,0.97479248046875,0.9789999984204769,0.6037883546489936,"progress_score,survival_score,orientation_score,slip_score,energy_score,impact_score"
trotting,1,action_space,-1.0,2.5999999046325684,0.0,0.5,0.0,0.07999999821186066,1.0,0.3700000047683716,1.0,0.03999999910593033,ramp_up_trot_robustness,ramp_up,2.0,trotting,1000,0.6757615804672241,0.6757615804672241,1.503663420677185,0.4975234866142273,0.16708332300186157,0.3864385485649109,1.4409668445587158,0.16708332300186157,0.06994637846946716,0.3031347393989563,0.2555120587348938,0.7617733478546143,1.3032028675079346,0.6417073011398315,0.7772733569145203,0.3864385485649109,0.31912004947662354,0.008312050253152847,0.007145035080611706,0.43896743655204773,0.06140223890542984,274.3758544921875,189.9072265625,33.989078521728516,68.06669616699219,508.8448486328125,0.09738484770059586,0.056000009179115295,0.6360645294189453,2.2069292068481445,0.9990000128746033,0.03007325530052185,0.04000015929341316,2.617994785308838,0.5,0.08000031858682632,0.36819982528686523,0.0382000207901001,0.6384100317955017,0.47989389300346375,0.8128936290740967,0.4342186450958252,0.40596213936805725,0.636676549911499,0.28727537393569946,0.4672257900238037,0.6802020072937012,0.4506760239601135,0.5,1.0,0.9645942449569702,0.12600693106651306,0.22746601700782776,1.0,0.030000001192092896,0.003000000026077032,0.027000000700354576,0.999,0.6367012153755318,1.4863169558244622,0.2644737765251352,0.505482006341367,1.1415791113663278,0.8816310775571153,0.5649071157957063,0.12432652707191878,0.15036627650260925,0.04963451996445656,182.4715895320646,0.3715326488018036,0.22461947798728943,0.734076738357544,0.05843184143304825,0.2928646504878998,0.41564038395881653,0.5756332278251648,0.75578373670578,0.9645942449569702,0.9729999992996454,0.5915671882147971,"progress_score,survival_score,orientation_score,slip_score,energy_score,impact_score"
trotting,1,action_space,0.0,3.0,0.0,0.5,-1.0,0.04999999701976776,-1.0,0.2900000214576721,0.0,0.0,ramp_up_trot_robustness,ramp_up,2.0,trotting,1000,0.6985021233558655,0.6985021233558655,1.5625207424163818,0.4458252489566803,0.16755983233451843,0.32925471663475037,1.4206132888793945,0.16755983233451843,0.06760372966527939,0.281680703163147,0.23473942279815674,0.7695794701576233,1.3406975269317627,0.5507911443710327,0.6747051477432251,0.32925471663475037,0.2285481095314026,0.007536657154560089,0.005788847804069519,0.4456573724746704,0.048338353633880615,280.26397705078125,194.5493927001953,34.145362854003906,68.75961303710938,241.45416259765625,0.08719989657402039,0.04975000396370888,0.7657122015953064,2.3956987857818604,1.1349999904632568,0.03125039488077164,0.04000015929341316,3.000000238418579,0.5,0.05129668861627579,0.2917288541793823,0.0,0.6744954586029053,0.525495707988739,0.8191871643066406,0.504279375076294,0.39103949069976807,0.6818437576293945,0.2767780125141144,0.5093606114387512,0.6759291887283325,0.45100516080856323,0.14120885729789734,1.0,0.9751112461090088,0.2389538586139679,0.3264208734035492,1.0,0.029000001028180122,0.007000000216066837,0.02199999988079071,1.135,0.6746362627340309,1.4528412783744404,0.26000717233430193,0.484499146333775,1.1578849368273874,0.8214043752885817,0.4780670554759056,0.11543615100404903,0.15625197440385818,0.043748822063207626,179.3665641950859,0.45156291127204895,0.3382105529308319,0.76604825258255,0.06249380111694336,0.3803105652332306,0.41011619567871094,0.5899680256843567,0.7797749042510986,0.9751112461090088,0.9780000001192093,0.6351821586871759,"progress_score,survival_score,orientation_score,slip_score,energy_score,impact_score"
trotting,1,action_space,0.0,3.0,0.0,0.5,-1.0,0.04999999701976776,1.0,0.3700000047683716,1.0,0.03999999910593033,ramp_up_trot_robustness,ramp_up,2.0,trotting,1000,0.6835196614265442,0.6835196614265442,1.4997535943984985,0.5021611452102661,0.14335870742797852,0.3416295647621155,1.3042755126953125,0.14335870742797852,0.04806451499462128,0.31266534328460693,0.28082937002182007,0.6931223273277283,1.1772632598876953,0.5867698788642883,0.787510097026825,0.3416295647621155,0.22410178184509277,0.0067618838511407375,0.011386224068701267,0.4678785502910614,0.05691761523485184,277.9942626953125,195.56051635742188,33.0279426574707,65.00684356689453,379.00994873046875,0.08981677889823914,0.05800000578165054,0.6439696550369263,1.9187326431274414,1.1130000352859497,0.029995068907737732,0.04000015929341316,3.000000238418579,0.5,0.051433973014354706,0.36808785796165466,0.03808804601430893,0.650334358215332,0.5094681978225708,0.8302062749862671,0.49172353744506836,0.44308027625083923,0.6686301231384277,0.3214944005012512,0.4755733609199524,0.6795941591262817,0.4341418147087097,0.1429244875907898,1.0,0.9622615575790405,0.12826405465602875,0.23559990525245667,0.9996000528335571,0.03200000151991844,0.004000000189989805,0.02800000086426735,1.113,0.5785890975088444,1.3129846612162157,0.21923620821985879,0.529933363756067,1.0850176311414002,0.8874176564768277,0.473393897135454,0.13471491350196535,0.14997534453868866,0.05002545192837715,185.35995761810912,0.3647061586380005,0.3112659454345703,0.6956127285957336,0.10377129912376404,0.3203464448451996,0.3922887444496155,0.6498705148696899,0.7482635378837585,0.9622615575790405,0.9719999991357327,0.592474983097651,"progress_score,survival_score,orientation_score,slip_score,energy_score,impact_score"
trotting,1,action_space,0.0,3.0,0.0,0.5,0.0,0.07999999821186066,-1.0,0.2900000214576721,-1.0,-0.03999999910593033,ramp_up_trot_robustness,ramp_up,2.0,trotting,1000,0.6916455626487732,0.6916455626487732,1.5195536613464355,0.48873138427734375,0.18254998326301575,0.35657840967178345,1.3687310218811035,0.18254998326301575,0.08650197088718414,0.2888944745063782,0.24971750378608704,0.7384141683578491,1.3707408905029297,0.5615699291229248,0.6654378175735474,0.35657840967178345,0.27980899810791016,0.009225447662174702,0.010644126683473587,0.48216700553894043,0.060215555131435394,309.85272216796875,229.92996215820312,33.1505126953125,66.99766540527344,261.0820617675781,0.09618321061134338,0.04183333367109299,0.7254118919372559,2.3764166831970215,1.128000020980835,0.030391082167625427,0.04000015929341316,3.000000238418579,0.5,0.08000031858682632,0.2918235659599304,-0.038176245987415314,0.6543593406677246,0.5003005266189575,0.7872650623321533,0.49919354915618896,0.41192951798439026,0.6585299968719482,0.2820565104484558,0.5121232271194458,0.6652942895889282,0.4254046678543091,0.5,1.0,0.9732705354690552,0.24115632474422455,0.3303857445716858,0.9998000264167786,0.03100000135600567,0.006000000052154064,0.02500000037252903,1.128,0.6430956252077793,1.4514656166136932,0.29411217398670214,0.4997174239368556,1.170786441031382,0.8157437205235155,0.5289697516001366,0.1409594776723023,0.15195541083812714,0.048045385628938675,203.9103521315704,0.38464537262916565,0.2804158329963684,0.6720708608627319,0.045104630291461945,0.29989850521087646,0.3812370002269745,0.5905575752258301,0.8112599849700928,0.9732705354690552,0.974999999627471,0.5856710503307673,"progress_score,survival_score,orientation_score,slip_score,energy_score,impact_score"
trotting,1,action_space,0.0,3.0,0.0,0.5,1.0,0.10999999940395355,-1.0,0.2900000214576721,-1.0,-0.03999999910593033,ramp_up_trot_robustness,ramp_up,2.0,trotting,1000,0.680923581123352,0.680923581123352,1.579721450805664,0.42851558327674866,0.1502927839756012,0.3644179701805115,1.4539132118225098,0.1502927839756012,0.05743891000747681,0.28100019693374634,0.2548057734966278,0.6960729360580444,1.0312166213989258,0.5258519649505615,0.5883932709693909,0.3644179701805115,0.2638663053512573,0.009421956725418568,0.006103360094130039,0.44649240374565125,0.05500677973031998,303.67333984375,217.77777099609375,34.10552215576172,69.47808074951172,384.13323974609375,0.10073065012693405,0.03999999910593033,0.8087486028671265,2.693880558013916,1.1349999904632568,0.031594421714544296,0.04000015929341316,3.000000238418579,0.5,0.1086500883102417,0.29180002212524414,-0.038199782371520996,0.6988123655319214,0.4924008250236511,0.7882359027862549,0.5280634164810181,0.4117119610309601,0.6505237817764282,0.28089457750320435,0.5380235314369202,0.6844133138656616,0.45328256487846375,0.8581231832504272,1.0,0.9645941257476807,0.12600946426391602,0.2274831235408783,1.0,0.030000001192092896,0.00800000037997961,0.02199999988079071,1.135,0.7125537754680616,1.5406047130983747,0.2396641608740798,0.5047828973891922,1.0154883659594165,0.7670679702408326,0.5136791852423624,0.12460062929033949,0.15797210857272148,0.04202868789434433,192.23220631009056,0.4797441065311432,0.26500552892684937,0.7330756783485413,0.07407394796609879,0.3328259587287903,0.4094318449497223,0.5524647235870361,0.8187307715415955,0.9645941257476807,0.9780000001192093,0.6251299037383153,"progress_score,survival_score,orientation_score,slip_score,energy_score,impact_score"
trotting,1,action_space,0.0,3.0,0.0,0.5,1.0,0.10999999940395355,-1.0,0.2900000214576721,1.0,0.03999999910593033,ramp_up_trot_robustness,ramp_up,2.0,trotting,1000,0.6918110251426697,0.6918110251426697,1.571488618850708,0.4355257749557495,0.13936886191368103,0.3193293809890747,1.2970056533813477,0.13936886191368103,0.041607361286878586,0.31385624408721924,0.2587680220603943,0.674345850944519,0.9488729238510132,0.5403175354003906,0.65497225522995,0.3193293809890747,0.19555112719535828,0.0068483734503388405,0.00495649129152298,0.43631798028945923,0.057049766182899475,289.0040283203125,202.16018676757812,33.97842025756836,68.84043884277344,481.8009033203125,0.09835124015808105,0.04616667330265045,0.8019312620162964,2.7154440879821777,1.130000114440918,0.03142976388335228,0.04000015929341316,3.000000238418579,0.5,0.10865059494972229,0.2917993664741516,0.03820048272609711,0.6941655874252319,0.5237868428230286,0.8450477123260498,0.5071715116500854,0.43239739537239075,0.6827855110168457,0.33051472902297974,0.4435657858848572,0.6875499486923218,0.454433411359787,0.858129620552063,1.0,0.9645943641662598,0.12600193917751312,0.22743096947669983,1.0,0.030000001192092896,0.006000000052154064,0.024000000208616257,1.13,0.7096736941717368,1.550176652124893,0.2039788255846145,0.5086924631448694,0.9741010850271203,0.809303561854234,0.442211631682567,0.10865019439403605,0.1571488194167614,0.04285197705030441,183.90462702279868,0.46826034784317017,0.3606986105442047,0.7897038459777832,0.11893802136182785,0.3195008635520935,0.4178486764431,0.5483936667442322,0.7938717603683472,0.9645943641662598,0.9759999997913837,0.6341952007168379,"progress_score,survival_score,orientation_score,slip_score,energy_score,impact_score"
trotting,1,action_space,0.0,3.0,0.0,0.5,1.0,0.10999999940395355,1.0,0.3700000047683716,-1.0,-0.03999999910593033,ramp_up_trot_robustness,ramp_up,2.0,trotting,1000,0.6716924905776978,0.6716924905776978,1.4869141578674316,0.5158165097236633,0.15682169795036316,0.37018072605133057,1.3907575607299805,0.15682169795036316,0.05517730116844177,0.28688356280326843,0.24664965271949768,0.7161846160888672,1.1959854364395142,0.5689443945884705,0.6707772016525269,0.37018072605133057,0.28195902705192566,0.009561664424836636,0.006409585475921631,0.4953489601612091,0.06372690200805664,307.0330505371094,228.48977661132812,33.23492431640625,66.92465209960938,410.56695556640625,0.10258567333221436,0.0507500022649765,0.7160921692848206,2.3368966579437256,1.1380000114440918,0.029738297685980797,0.04000015929341316,3.000000238418579,0.5,0.10869525372982025,0.3682597875595093,-0.038259994238615036,0.6329278349876404,0.4866783618927002,0.7879498600959778,0.4937867522239685,0.4237685799598694,0.640066385269165,0.28929150104522705,0.5156806707382202,0.6721336841583252,0.41748324036598206,0.858687698841095,1.0,0.965774416923523,0.12483084201812744,0.22290919721126556,1.0,0.029000001028180122,0.009000000543892384,0.020000001415610313,1.138,0.6292549763496814,1.43300797247858,0.2348984912008627,0.49663835204250756,1.0936111907069688,0.8190098910590317,0.5309981422302018,0.1263774105635903,0.14869148842990398,0.05130930803716183,206.4900982431048,0.34498074650764465,0.25402116775512695,0.726566731929779,0.0825539156794548,0.2795600891113281,0.37131744623184204,0.5984705686569214,0.7758857011795044,0.965774416923523,0.9799999985843897,0.5826855264604092,"progress_score,survival_score,orientation_score,slip_score,energy_score,impact_score"
trotting,1,action_space,0.0,3.0,0.0,0.5,1.0,0.10999999940395355,1.0,0.3700000047683716,0.0,0.0,ramp_up_trot_robustness,ramp_up,2.0,trotting,1000,0.6976248025894165,0.6976248025894165,1.527966022491455,0.47710415720939636,0.15360024571418762,0.384296715259552,1.379840612411499,0.15360024571418762,0.06063614785671234,0.29744401574134827,0.2571394741535187,0.7390519380569458,1.328256607055664,0.5797932147979736,0.8077319860458374,0.384296715259552,0.31983792781829834,0.0087639931589365,0.00870451983064413,0.47972649335861206,0.062064122408628464,303.0653076171875,216.11151123046875,33.96021270751953,68.48353576660156,337.91302490234375,0.1030227541923523,0.04933334141969681,0.8004052639007568,2.8710403442382812,1.1320000886917114,0.030559305101633072,0.04000015929341316,3.000000238418579,0.5,0.10864342749118805,0.3681906759738922,0.0,0.6655322313308716,0.4794605076313019,0.8143177032470703,0.4899570345878601,0.42294633388519287,0.6395347118377686,0.2930021286010742,0.5009902715682983,0.6783572435379028,0.4257993698120117,0.8580399751663208,1.0,0.9737660884857178,0.24073942005634308,0.3307984173297882,0.9998000264167786,0.03100000135600567,0.009999999776482582,0.021000001579523087,1.132,0.7070717963228799,1.5925622961569101,0.24624408187144792,0.5070892171536668,1.152500154904833,0.8987391089998462,0.5655421538827131,0.13216850225973142,0.15279652550816536,0.04720427095890045,198.3455804357602,0.4023175835609436,0.22835823893547058,0.705132007598877,0.07482796162366867,0.2890133261680603,0.3831023871898651,0.5304319262504578,0.7814010977745056,0.9737660884857178,0.9789999984204769,0.5900536112678357,"progress_score,survival_score,orientation_score,slip_score,energy_score,impact_score"
trotting,1,action_space,1.0,3.4000000953674316,0.0,0.5,-1.0,0.04999999701976776,-1.0,0.2900000214576721,1.0,0.03999999910593033,ramp_up_trot_robustness,ramp_up,2.0,trotting,1000,0.6730409264564514,0.6730409264564514,1.557329535484314,0.4822627604007721,0.1581990122795105,0.339156836271286,1.222165822982788,0.1581990122795105,0.053949713706970215,0.3066750168800354,0.2685962915420532,0.7296159267425537,1.1518877744674683,0.5552590489387512,0.8164648413658142,0.339156836271286,0.28692084550857544,0.009328577667474747,0.006206001155078411,0.47573864459991455,0.06504282355308533,290.4318542480469,202.97286987304688,33.63949966430664,66.81416320800781,387.6894836425781,0.08726838231086731,0.044833339750766754,0.8916131854057312,2.8636529445648193,1.2650001049041748,0.031146585941314697,0.04000015929341316,3.3809468746185303,0.5,0.05142956227064133,0.29190593957901,0.0380939245223999,0.6461482048034668,0.553102970123291,0.8057644963264465,0.5561075210571289,0.39131873846054077,0.6976326107978821,0.33743971586227417,0.4817855954170227,0.6666780710220337,0.4302458167076111,0.14286936819553375,1.0,0.9549329280853271,0.07204185426235199,0.18727226555347443,1.0,0.03100000135600567,0.010999999940395355,0.020000001415610313,1.265,0.7048325369009387,1.5045787382092517,0.2322707766960153,0.518262763028614,1.0732603479433442,0.9035844406395089,0.5356499281327082,0.12463779050734636,0.1557329297065735,0.044267866760492325,186.49351189356688,0.39443162083625793,0.3165501654148102,0.7329398989677429,0.10014259815216064,0.2722984850406647,0.3861701190471649,0.567826509475708,0.7991818785667419,0.9549329280853271,0.9799999985843897,0.5971612766958201,"progress_score,survival_score,orientation_score,slip_score,energy_score,impact_score"
trotting,1,action_space,1.0,3.4000000953674316,0.0,0.5,-1.0,0.04999999701976776,0.0,0.33000001311302185,-1.0,-0.03999999910593033,ramp_up_trot_robustness,ramp_up,2.0,trotting,1000,0.6721044778823853,0.6721044778823853,1.5110957622528076,0.5297354459762573,0.18024396896362305,0.36035531759262085,1.2873687744140625,0.18024396896362305,0.07616707682609558,0.2935834527015686,0.24988940358161926,0.8303676843643188,1.7407387495040894,0.47908931970596313,0.5843831300735474,0.36035531759262085,0.33650296926498413,0.010017361491918564,0.013188043609261513,0.4773971438407898,0.0645274668931961,305.6377258300781,215.71041870117188,32.96879959106445,65.83485412597656,348.0166931152344,0.08880898356437683,0.04475000500679016,0.7596735954284668,2.4116835594177246,1.24399995803833,0.03022189810872078,0.04000015929341316,3.382160186767578,0.5,0.05133853107690811,0.33000147342681885,-0.0382152795791626,0.6335917711257935,0.5337070226669312,0.7737007141113281,0.5855847597122192,0.3838561773300171,0.6819900274276733,0.2949879765510559,0.500272274017334,0.667290210723877,0.4288582503795624,0.14173156023025513,1.0,0.9647883176803589,0.12577670812606812,0.22534677386283875,0.9998000264167786,0.030000001192092896,0.005000000353902578,0.02500000223517418,1.244,0.6106700835887259,1.3923549858248963,0.27598383435646295,0.4998893913473452,1.3193705883883002,0.7644495601892562,0.5800887598161028,0.15233320419783758,0.1511094905436039,0.048891305923461914,202.2623141861109,0.3254720866680145,0.27292463183403015,0.6286956071853638,0.06016223505139351,0.2751196324825287,0.3848913013935089,0.615904688835144,0.7995149493217468,0.9647883176803589,0.9749999977648258,0.5611541238732828,"progress_score,survival_score,orientation_score,slip_score,energy_score,impact_score"
trotting,1,action_space,1.0,3.4000000953674316,0.0,0.5,-1.0,0.04999999701976776,0.0,0.33000001311302185,1.0,0.03999999910593033,ramp_up_trot_robustness,ramp_up,2.0,trotting,1000,0.6845938563346863,0.6845938563346863,1.5246293544769287,0.5018870830535889,0.16143852472305298,0.3344757556915283,0.9573157429695129,0.16143852472305298,0.05729062110185623,0.3517940938472748,0.299172043800354,0.7820252776145935,1.2499516010284424,0.5258656740188599,0.6745651960372925,0.3344757556915283,0.23639287054538727,0.010125739499926567,0.006141860503703356,0.48415690660476685,0.07355966418981552,298.41278076171875,211.5714111328125,33.483314514160156,66.38546752929688,316.85430908203125,0.08630022406578064,0.04891667142510414,0.8277064561843872,2.6589858531951904,1.2590000629425049,0.03049258328974247,0.04000015929341316,3.380884885787964,0.5,0.05143415182828903,0.33000147342681885,0.03808777779340744,0.6174274682998657,0.5241652727127075,0.8068008422851562,0.5638903379440308,0.3743458390235901,0.6826832294464111,0.41335344314575195,0.3953942656517029,0.6647225618362427,0.4250704050064087,0.142926886677742,1.0,0.9622615575790405,0.12826687097549438,0.23561882972717285,1.0,0.03100000135600567,0.009999999776482582,0.021000001579523087,1.259,0.6574316289900218,1.4532661141735344,0.23935459281546329,0.5469662181527796,1.118012343862286,0.8213191803661305,0.4862024995260589,0.12754450205175416,0.15246291644871235,0.04753788001835346,195.72808295042861,0.36510783433914185,0.32669106125831604,0.722273051738739,0.1220739558339119,0.22965127229690552,0.3797227740287781,0.5897859334945679,0.7830306887626648,0.9622615575790405,0.9789999984204769,0.583305533306721,"progress_score,survival_score,orientation_score,slip_score,energy_score,impact_score"
trotting,1,action_space,1.0,3.4000000953674316,0.0,0.5,-1.0,0.04999999701976776,1.0,0.3700000047683716,0.0,0.0,ramp_up_trot_robustness,ramp_up,2.0,trotting,1000,0.6751705408096313,0.6751705408096313,1.5558147430419922,0.472412109375,0.16367222368717194,0.33315980434417725,1.5597686767578125,0.16367222368717194,0.06316930800676346,0.2926361560821533,0.2585509419441223,0.7239623069763184,1.1931966543197632,0.4629957675933838,0.486433744430542,0.33315980434417725,0.22113683819770813,0.006170164328068495,0.006463881116360426,0.4723670482635498,0.05278593301773071,294.21795654296875,208.09915161132812,33.32696533203125,66.40389251708984,500.2719421386719,0.08669357001781464,0.04750000685453415,0.8477264642715454,2.6386165618896484,1.261000156402588,0.0311163030564785,0.04000015929341316,3.3818087577819824,0.5,0.05136489495635033,0.3681798577308655,0.0,0.6549990177154541,0.5236941576004028,0.8288877010345459,0.5943918228149414,0.41742318868637085,0.6827350854873657,0.22851553559303284,0.5101344585418701,0.6779483556747437,0.4332049489021301,0.14206135272979736,1.0,0.9643900394439697,0.12629061937332153,0.23006588220596313,1.0,0.030000001192092896,0.0010000000474974513,0.029000001028180122,1.261,0.6722652184216396,1.4465404750020963,0.251335051289635,0.5084790476943197,1.0923354129203005,0.6974480227447362,0.4702518880320505,0.11240126976341913,0.1555815152823925,0.04441928118467331,189.10860554496472,0.4095514118671417,0.32957392930984497,0.7767156958580017,0.05941818654537201,0.3479422926902771,0.38878294825553894,0.5926686525344849,0.7885968685150146,0.9643900394439697,0.9709999989718199,0.6185799182798618,"progress_score,survival_score,orientation_score,slip_score,energy_score,impact_score"
trotting,1,action_space,1.0,3.4000000953674316,0.0,0.5,0.0,0.07999999821186066,0.0,0.33000001311302185,0.0,0.0,ramp_up_trot_robustness,ramp_up,2.0,trotting,1000,0.7364166975021362,0.7364166975021362,1.6004180908203125,0.44888654351234436,0.14389465749263763,0.3499656915664673,1.4190994501113892,0.14389465749263763,0.04981867969036102,0.2909184992313385,0.24681031703948975,0.6836326718330383,0.9861882328987122,0.4629881978034973,0.5580300092697144,0.3499656915664673,0.28378748893737793,0.007248068228363991,0.005385303869843483,0.4761234521865845,0.04847901314496994,307.725341796875,219.1494903564453,33.03850555419922,65.47125244140625,305.0343017578125,0.09231846034526825,0.044083334505558014,0.9097247123718262,3.0036847591400146,1.2730000019073486,0.03200835734605789,0.04000015929341316,3.381613254547119,0.5,0.08000031858682632,0.33000147342681885,0.0,0.6778290271759033,0.5309163928031921,0.8241934776306152,0.5993920564651489,0.4269754886627197,0.6796738505363464,0.2749752402305603,0.5047359466552734,0.6670820713043213,0.4299808144569397,0.5,1.0,0.9849698543548584,0.48309525847435,0.546138346195221,1.0,0.03100000135600567,0.007000000216066837,0.024000000208616257,1.273,0.7146305344934456,1.5360769064789146,0.22320098496727345,0.4968000775357123,0.9930701047250955,0.747014062297166,0.5327170815145483,0.11239827444497301,0.16004178673028946,0.03995900973677635,192.27809505649043,0.44664260745048523,0.2938282787799835,0.7767261862754822,0.08932507783174515,0.3792421817779541,0.385873019695282,0.5543920993804932,0.8021844625473022,0.9849698543548584,0.9759999997913837,0.6293349233575357,"progress_score,survival_score,orientation_score,slip_score,energy_score,impact_score"
trotting,1,action_space,1.0,3.4000000953674316,0.0,0.5,0.0,0.07999999821186066,1.0,0.3700000047683716,1.0,0.03999999910593033,ramp_up_trot_robustness,ramp_up,2.0,trotting,1000,0.6760824918746948,0.6760824918746948,1.526453971862793,0.49111080169677734,0.146945059299469,0.3394244313240051,1.4727766513824463,0.146945059299469,0.05158145725727081,0.30845731496810913,0.25310736894607544,0.7203666567802429,1.3496692180633545,0.4640469551086426,0.5569396018981934,0.3394244313240051,0.23914259672164917,0.007020778022706509,0.010370001196861267,0.5130563378334045,0.0749044120311737,315.6039733886719,231.845947265625,33.47007751464844,66.6781997680664,396.08990478515625,0.08976287394762039,0.049083344638347626,0.8633736371994019,2.7150559425354004,1.2699999809265137,0.03052905760705471,0.04000015929341316,3.383131980895996,0.5,0.08000031858682632,0.36831218004226685,0.0383123904466629,0.6487497687339783,0.5149478912353516,0.8302984237670898,0.6095618009567261,0.43233734369277954,0.6750316023826599,0.2793380320072174,0.463085412979126,0.6641077995300293,0.4086996912956238,0.5,1.0,0.9669357538223267,0.12374289333820343,0.21917378902435303,1.0,0.02800000086426735,0.008999999612569809,0.01900000125169754,1.27,0.6798216812253937,1.462135118776997,0.22711551522797999,0.5030977727500644,1.1617526492603125,0.7462838614751047,0.48902208203888825,0.13187410367304028,0.15264528803527355,0.04735550843179226,206.75629871991993,0.3810749053955078,0.3159758448600769,0.7062290906906128,0.081724151968956,0.22355714440345764,0.3583974540233612,0.5859857797622681,0.7823784351348877,0.9669357538223267,0.9809999987483025,0.5819553583860398,"progress_score,survival_score,orientation_score,slip_score,energy_score,impact_score"
trotting,1,action_space,1.0,3.4000000953674316,0.0,0.5,1.0,0.10999999940395355,-1.0,0.2900000214576721,-1.0,-0.03999999910593033,ramp_up_trot_robustness,ramp_up,2.0,trotting,1000,0.6660356521606445,0.6660356521606445,1.5698202848434448,0.4663692116737366,0.1775074005126953,0.3269146680831909,1.3886487483978271,0.1775074005126953,0.07145107537508011,0.28364312648773193,0.23757949471473694,0.7645553946495056,1.2527480125427246,0.4926910996437073,0.6155550479888916,0.3269146680831909,0.22577643394470215,0.008981779217720032,0.005463278852403164,0.485084593296051,0.048130251467227936,315.6304931640625,230.54461669921875,33.77546691894531,67.3646240234375,503.03265380859375,0.09690819680690765,0.037666670978069305,0.9567743539810181,3.272610664367676,1.2790000438690186,0.031396396458148956,0.04000015929341316,3.382004737854004,0.5,0.10865004360675812,0.2918000817298889,-0.03819974511861801,0.6492262482643127,0.524311900138855,0.8024705648422241,0.5694639086723328,0.40805745124816895,0.6825594902038574,0.2683420181274414,0.5130959749221802,0.675285816192627,0.4198865294456482,0.8581228256225586,1.0,0.957128643989563,0.0705314427614212,0.1776084303855896,1.0,0.030000001192092896,0.006000000052154064,0.024000000208616257,1.279,0.748064340885213,1.5996018356472461,0.267303339625752,0.487421270273197,1.11926226262781,0.7845731629293036,0.47515937741425474,0.12018759532548771,0.15698198229074478,0.04301881417632103,201.06154584156093,0.418951153755188,0.34344372153282166,0.7490862607955933,0.05974496528506279,0.3818967342376709,0.3790189027786255,0.5274603962898254,0.8283385038375854,0.957128643989563,0.9759999997913837,0.6172685208610998,"progress_score,survival_score,orientation_score,slip_score,energy_score,impact_score"
trotting,1,action_space,1.0,3.4000000953674316,0.0,0.5,1.0,0.10999999940395355,1.0,0.3700000047683716,0.0,0.0,ramp_up_trot_robustness,ramp_up,2.0,trotting,1000,0.6836049556732178,0.6836049556732178,1.5255775451660156,0.487684965133667,0.1540975421667099,0.3213897943496704,1.3030664920806885,0.1540975421667099,0.058557529002428055,0.30887284874916077,0.26642367243766785,0.6960716247558594,1.0488005876541138,0.49701863527297974,0.7537554502487183,0.3213897943496704,0.21227915585041046,0.009515190497040749,0.005404658615589142,0.5182486772537231,0.04494427517056465,330.066162109375,242.71392822265625,33.72878646850586,67.13763427734375,406.22833251953125,0.0993841141462326,0.03958334028720856,0.9423366785049438,3.2077579498291016,1.25600004196167,0.030511535704135895,0.04000015929341316,3.3814539909362793,0.5,0.10860875248908997,0.3681444525718689,0.0,0.6510717868804932,0.5287732481956482,0.8250287771224976,0.583526074886322,0.4321867823600769,0.6840807199478149,0.33063918352127075,0.46809184551239014,0.6740446090698242,0.4027649164199829,0.8576065301895142,1.0,0.963424026966095,0.1271296739578247,0.23154297471046448,1.0,0.03100000135600567,0.004999999888241291,0.026000000536441803,1.256,0.7502679521111166,1.5981074128311463,0.24198662980096247,0.5161624477213234,1.02410965606917,0.868190906568779,0.4607376214836493,0.1221468342308956,0.15255767852067947,0.04744311794638634,216.35489009079294,0.38622063398361206,0.3559681475162506,0.7420067191123962,0.08422890305519104,0.40702304244041443,0.3546948730945587,0.5280909538269043,0.8204382061958313,0.963424026966095,0.9739999994635582,0.6089649437329707,"progress_score,survival_score,orientation_score,slip_score,energy_score,impact_score"
bounding,2,action_space,-1.0,2.5999999046325684,0.0,0.5,0.0,0.11999999731779099,0.0,0.3799999952316284,-1.0,-0.03999999910593033,ramp_up_trot_robustness,ramp_up,2.0,trotting,1000,0.6257659196853638,0.6257659196853638,1.403406023979187,0.6305462121963501,0.16347694396972656,0.36157429218292236,1.3872721195220947,0.16347694396972656,0.05006890743970871,0.33766114711761475,0.30589014291763306,0.8067459464073181,1.3097937107086182,2.121405839920044,6.563943862915039,0.36157429218292236,0.2624906301498413,0.03826442360877991,0.007953737862408161,0.5351581573486328,0.09289084374904633,333.8590087890625,235.748046875,34.657615661621094,66.9077377319336,668.2796020507812,0.11741466820240021,0.04775000736117363,0.8261878490447998,3.1872200965881348,1.0010000467300415,0.02806813269853592,0.04000015929341316,2.617316961288452,0.5,0.11999969929456711,0.3800007998943329,-0.03826776519417763,0.4583250880241394,0.4813789129257202,0.5402258634567261,0.12376450002193451,0.37277671694755554,0.6474564671516418,0.2857399582862854,0.4457293152809143,0.5443137884140015,0.392578661441803,1.0,0.9749248623847961,0.9605975151062012,0.23916597664356232,0.3242633640766144,0.9998000264167786,0.029000001028180122,0.012000000104308128,0.017000000923871994,1.001,0.8253624427330482,1.7843867794469574,0.2237608264189885,0.5530733612439068,1.1444621927825394,2.56201948917549,0.5123383941789267,0.2149840958563867,0.1403406634926796,0.059660132974386215,237.8919593365047,0.20385341346263885,0.27053341269493103,0.3967839777469635,0.09175345301628113,0.15601284801959991,0.34290003776550293,0.4511258006095886,0.787611722946167,0.9605975151062012,0.982999999076128,0.4612410498353151,"progress_score,survival_score,orientation_score,slip_score,energy_score,impact_score"
pacing,3,action_space,0.0,2.5,0.0,0.5,-1.0,0.08999999612569809,1.0,0.3799999952316284,-1.0,-0.03999999910593033,ramp_up_trot_robustness,ramp_up,2.0,trotting,1000,0.6367934942245483,0.6367934942245483,1.4908549785614014,0.5346860885620117,0.23385509848594666,0.3731182813644409,1.3916704654693604,0.23385509848594666,0.0840015560388565,0.2986525893211365,0.2683270573616028,1.0141750574111938,1.7661941051483154,0.48607534170150757,0.6291413307189941,0.3731182813644409,0.3063334822654724,0.009227490052580833,0.0073979878798127174,0.46673524379730225,0.06894975155591965,284.36993408203125,197.8504638671875,34.30401611328125,70.31477355957031,447.4834899902344,0.10481540858745575,0.03716667369008064,0.5567609667778015,1.8266878128051758,0.9510000348091125,0.029817108064889908,0.04000015929341316,2.5,0.5,0.09129603207111359,0.3800007998943329,-0.03827189654111862,0.5888994932174683,0.48377496004104614,0.7634128332138062,0.5638906955718994,0.28418341279029846,0.6454524993896484,0.2243904173374176,0.509025514125824,0.5347046256065369,0.4314495325088501,0.6412009000778198,0.9749249219894409,0.9559862613677979,0.12467841804027557,0.22117161750793457,0.9998000264167786,0.029000001028180122,0.004000000189989805,0.02500000037252903,0.951,0.5854479351504994,1.385931925433375,0.28983021933341685,0.5180029511128318,1.3289823569740553,0.7931842980789484,0.5534740122765227,0.12893982291128506,0.14908554032444954,0.05091525614261627,190.7428543830827,0.3186835050582886,0.24853475391864777,0.7171218395233154,0.046342235058546066,0.2518315017223358,0.3931867778301239,0.6186585426330566,0.830411970615387,0.9559862613677979,0.974999999627471,0.5721757500790633,"progress_score,survival_score,orientation_score,slip_score,energy_score,impact_score"
pacing,3,action_space,0.0,2.5,0.0,0.5,1.0,0.11999999731779099,1.0,0.3799999952316284,0.0,0.0,ramp_up_trot_robustness,ramp_up,2.0,trotting,1000,0.6571235656738281,0.6571235656738281,1.527564525604248,0.49816858768463135,0.2630118727684021,0.39203566312789917,1.2256401777267456,0.2630118727684021,0.11242267489433289,0.3264292776584625,0.2982494533061981,1.0150812864303589,1.8256359100341797,0.4934222400188446,0.5883411765098572,0.39203566312789917,0.37838828563690186,0.00946416798979044,0.009567290544509888,0.4686950445175171,0.08744388818740845,305.1803894042969,218.6145477294922,33.48991394042969,69.99846649169922,575.0404663085938,0.11257865279912949,0.04800000786781311,0.5395317077636719,1.8915812969207764,0.9510000348091125,0.03055129572749138,0.04000015929341316,2.5,0.5,0.11999969929456711,0.3800007998943329,0.0,0.6018165349960327,0.4864048957824707,0.7523909211158752,0.5611492395401001,0.26828765869140625,0.6425246000289917,0.23754581809043884,0.46051517128944397,0.5357686281204224,0.43924498558044434,1.0,0.9749249219894409,0.9602205753326416,0.23993781208992004,0.3282092213630676,1.0,0.029000001028180122,0.007000000216066837,0.02199999988079071,0.951,0.5673308267202287,1.4103348816018884,0.33529490734923617,0.5461221963134241,1.351160948974688,0.767034012616036,0.6151327382255816,0.13795455242325397,0.1527564786374569,0.04724431782960892,199.7823229650995,0.370579332113266,0.21504250168800354,0.6834312677383423,0.030989907681941986,0.1739690750837326,0.39164867997169495,0.6081941723823547,0.7866278290748596,0.9602205753326416,0.9780000001192093,0.5681449434696099,"progress_score,survival_score,orientation_score,slip_score,energy_score,impact_score"
pacing,3,action_space,1.0,2.9000000953674316,0.0,0.5,0.0,0.11999999731779099,1.0,0.3799999952316284,0.0,0.0,ramp_up_trot_robustness,ramp_up,2.0,trotting,1000,0.663180947303772,0.663180947303772,1.539124608039856,0.4947611689567566,0.22498981654644012,0.36286550760269165,1.386407732963562,0.22498981654644012,0.0831194818019867,0.3148672580718994,0.2872471213340759,1.1458048820495605,2.1511542797088623,0.5597997903823853,1.0027210712432861,0.36286550760269165,0.26881730556488037,0.008400695398449898,0.007826954126358032,0.47508013248443604,0.07591278105974197,314.864013671875,226.46844482421875,34.228431701660156,69.63392639160156,597.7139282226562,0.10722163319587708,0.033916667103767395,0.80637526512146,2.7864909172058105,1.0980000495910645,0.030782490968704224,0.04000015929341316,2.882136583328247,0.5,0.11999969929456711,0.3800007998943329,0.0,0.6171712279319763,0.4761033058166504,0.7831144332885742,0.5540013313293457,0.2502325773239136,0.642837405204773,0.23304635286331177,0.4888106882572174,0.5524110198020935,0.4337747097015381,1.0,0.9740602374076843,0.9592708349227905,0.2403598427772522,0.3277502655982971,1.0,0.030000001192092896,0.008999999612569809,0.021000001579523087,1.098,0.7344036276006091,1.5930434844670052,0.28830449493892163,0.5359544022900418,1.4666813831602494,1.0013596113501313,0.5184759450204806,0.12738779189862712,0.15391245484352112,0.04608834162354469,204.57343871128694,0.3756285607814789,0.2680146098136902,0.7228503823280334,0.04741591215133667,0.21909373998641968,0.3866790533065796,0.5302286744117737,0.844016432762146,0.9592708349227905,0.9789999984204769,0.579213787920964,"progress_score,survival_score,orientation_score,slip_score,energy_score,impact_score"
