gait,gait_id,grid_mode,frequency_residual,frequency,duration_residual,duration,footswing_height_residual,footswing_height,stance_width_residual,stance_width,body_pitch_residual,body_pitch,task_id,condition,cmd_vx,target_gait,samples,reward_mean,weighted_metric_reward_mean,measured_vx_mean,vx_abs_error_mean,vy_abs_mean,yaw_abs_mean,lateral_offset_abs_mean,lateral_vel_abs_mean,lateral_vel_sq_mean,base_z_vel_abs_mean,base_z_vel_sq_mean,roll_rate_abs_mean,roll_rate_sq_mean,pitch_rate_abs_mean,pitch_rate_sq_mean,yaw_rate_abs_mean,yaw_rate_sq_mean,gravity_x_sq_mean,gravity_y_sq_mean,torque_penalty_mean,slip_penalty_mean,mechanical_power_abs_mean,positive_mechanical_power_mean,contact_force_mean_mean,stance_contact_force_mean_mean,peak_contact_force_mean,swing_foot_clearance_mean_mean,scuffing_ratio_mean,foot_impact_vel_sum_mean,foot_impact_vel_sq_sum_mean,foot_impact_count_mean,forward_distance_mean,target_forward_distance_mean,actual_frequency_mean,actual_duration_mean,actual_footswing_height_mean,actual_stance_width_mean,actual_body_pitch_mean,score_progress,score_yaw_tracking,score_orientation,score_pitch_rate,score_roll_rate,score_yaw_rate,score_lateral_drift,score_vertical_bounce,score_slip,score_energy,score_clearance,score_gait_stability,score_action_smoothness,score_action_magnitude,score_action_boundary_margin,score_survival,done_rate,edge_reset_rate,fall_rate,foot_impact_rate,foot_impact_vel_mean,foot_impact_vel_rms,lateral_vel_rms,base_z_vel_rms,roll_rate_rms,pitch_rate_rms,yaw_rate_rms,orientation_rms,forward_distance_ratio,progress_deficit,transport_cost_proxy,progress_score,yaw_score,orientation_score,lateral_score,slip_score,energy_score,impact_score,scuffing_score,smoothness_score,survival_score,neutral_score
pronking,0,action_space,-1.0,2.5999999046325684,0.0,0.5,-1.0,0.04999999701976776,-1.0,0.2900000214576721,-1.0,-0.03999999910593033,rough_slope_trot_robustness,rough_slope,1.5,trotting,1000,0.6381453275680542,0.6381453275680542,1.0916876792907715,0.47642236948013306,0.15870234370231628,0.3869945704936981,1.1350951194763184,0.15870234370231628,0.0540977418422699,0.47867900133132935,0.33731430768966675,0.7959308624267578,1.5754082202911377,0.8494685888290405,1.5049540996551514,0.3869945704936981,0.4208468198776245,0.036220185458660126,0.013126004487276077,0.4346449375152588,0.07955137640237808,240.05076599121094,163.97315979003906,33.12932586669922,42.094268798828125,535.5270385742188,0.06115327030420303,0.0741666704416275,0.6098225116729736,2.077047824859619,0.9620000123977661,0.021833747625350952,0.029999924823641777,2.6132030487060547,0.5,0.05099068954586983,0.2913209795951843,-0.038679055869579315,0.6085987091064453,0.5419164896011353,0.6024261713027954,0.378806471824646,0.4147472083568573,0.6821950674057007,0.3728952407836914,0.23280322551727295,0.7603549957275391,0.5320624113082886,0.1373843401670456,0.9809775352478027,0.9633168578147888,0.06259839236736298,0.14115731418132782,1.0,0.02200000174343586,0.005000000353902578,0.017000000923871994,0.962,0.6339111328125,1.4693852956281364,0.23258921265241408,0.5807876614475094,1.2551526681209493,1.2267657069119398,0.6487270765719776,0.2221400232869714,0.10916873812675476,0.040830885991454124,219.88959896218935,0.4033651351928711,0.2236555814743042,0.37272149324417114,0.10892996937036514,0.2037161886692047,0.41924917697906494,0.5828803777694702,0.6901589632034302,0.9633168578147888,0.982999999076128,0.5043999782126201
pronking,0,action_space,-1.0,2.5999999046325684,0.0,0.5,-1.0,0.04999999701976776,-1.0,0.2900000214576721,0.0,0.0,rough_slope_trot_robustness,rough_slope,1.5,trotting,1000,0.6392768621444702,0.6392768621444702,1.0809701681137085,0.49389705061912537,0.16055086255073547,0.4084240198135376,1.2399179935455322,0.16055086255073547,0.05189869552850723,0.4758646488189697,0.34141963720321655,1.0039381980895996,2.6257240772247314,0.9549229145050049,1.7681437730789185,0.4084240198135376,0.4117562174797058,0.035082705318927765,0.027930499985814095,0.47918471693992615,0.1135842427611351,264.20379638671875,179.54852294921875,32.21024703979492,43.47179412841797,396.56463623046875,0.06853819638490677,0.07308334112167358,0.5920227766036987,1.9493786096572876,0.943000078201294,0.021619394421577454,0.029999924823641777,2.6141343116760254,0.5,0.051060594618320465,0.2914140522480011,0.0,0.5813425779342651,0.49669748544692993,0.6290227174758911,0.3437291383743286,0.3750247359275818,0.6435725688934326,0.3679187595844269,0.2405383586883545,0.7439727783203125,0.510805606842041,0.1382581889629364,0.9792481660842896,0.9636653661727905,0.11862184852361679,0.19646665453910828,0.9990000128746033,0.024000000208616257,0.003000000026077032,0.021000001579523087,0.943,0.6278077466363998,1.437779312333532,0.22781285198273435,0.5843112502795206,1.6204086142775012,1.329715673773502,0.6416823337756041,0.2510243121786052,0.10809697210788727,0.04190265201032162,244.41358714621518,0.376914381980896,0.18860474228858948,0.28357911109924316,0.1025000587105751,0.1031382605433464,0.3835177421569824,0.5964246988296509,0.6939074397087097,0.9636653661727905,0.9789999984204769,0.4664691063134294
pronking,0,action_space,-1.0,2.5999999046325684,0.0,0.5,-1.0,0.04999999701976776,-1.0,0.2900000214576721,1.0,0.03999999910593033,rough_slope_trot_robustness,rough_slope,1.5,trotting,1000,0.6193656325340271,0.6193656325340271,1.1106605529785156,0.5334193706512451,0.18722662329673767,0.407648503780365,1.5665998458862305,0.18722662329673767,0.07774661481380463,0.5173038244247437,0.4094231128692627,0.9668720960617065,2.6267893314361572,1.0500457286834717,2.3166046142578125,0.407648503780365,0.3920116126537323,0.05687594786286354,0.015076586976647377,0.44963228702545166,0.09660029411315918,263.75433349609375,182.04922485351562,32.006813049316406,44.58386993408203,517.3526000976562,0.0726124495267868,0.08266667276620865,0.6261840462684631,2.1025147438049316,0.9590000510215759,0.022213231772184372,0.029999924823641777,2.6153321266174316,0.5,0.0511503592133522,0.29153382778167725,0.03846615552902222,0.5406934022903442,0.49213212728500366,0.6110126376152039,0.3265298008918762,0.38251298666000366,0.6409111022949219,0.28214025497436523,0.22056373953819275,0.7461917400360107,0.5238379240036011,0.1393800973892212,0.9766542315483093,0.9560953974723816,0.0666927695274353,0.1544225811958313,0.9988000392913818,0.027000000700354576,0.0020000000949949026,0.02500000223517418,0.959,0.6529551835204315,1.4806765949277867,0.27883079961475676,0.639861792006104,1.6207372802018707,1.5220396230906121,0.6261083074466688,0.26823969661388847,0.11106615886092186,0.038933465257287025,237.47519688960787,0.32041287422180176,0.1898021399974823,0.23715278506278992,0.04408956319093704,0.14485734701156616,0.4068687856197357,0.5780466198921204,0.6614417433738708,0.9560953974723816,0.9749999977648258,0.44100324397808627
pronking,0,action_space,-1.0,2.5999999046325684,0.0,0.5,-1.0,0.04999999701976776,0.0,0.33000001311302185,-1.0,-0.03999999910593033,rough_slope_trot_robustness,rough_slope,1.5,trotting,1000,0.6214137077331543,0.6214137077331543,1.0078487396240234,0.6062841415405273,0.189134880900383,0.5113882422447205,1.1966352462768555,0.189134880900383,0.09268909692764282,0.5113528966903687,0.40032294392585754,1.1432756185531616,3.9985194206237793,1.100205659866333,2.531956195831299,0.5113882422447205,0.7582396268844604,0.060577910393476486,0.034255266189575195,0.5295357704162598,0.12401099503040314,320.5383605957031,223.72283935546875,31.90334701538086,44.68730545043945,580.5526123046875,0.08238470554351807,0.08050000667572021,0.726370096206665,2.503248453140259,0.9290000200271606,0.020156988874077797,0.029999924823641777,2.614734411239624,0.5,0.05110551789402962,0.33000147342681885,-0.038525938987731934,0.5158057808876038,0.47709983587265015,0.5439068078994751,0.3374567925930023,0.376828134059906,0.614654541015625,0.37336528301239014,0.23096507787704468,0.7357745170593262,0.4857287108898163,0.13881951570510864,0.9783835411071777,0.9621449708938599,0.11979681253433228,0.20101583003997803,0.9988000392913818,0.02500000037252903,0.003000000026077032,0.02199999988079071,0.929,0.7818838064072592,1.6415121710688252,0.30444884123222216,0.6327107901133483,1.999629820897803,1.5912121781306536,0.8707695601503652,0.3079499579201979,0.10078494437038898,0.0492146797478199,318.042130722195,0.22985148429870605,0.07315467298030853,0.1500684767961502,0.047339171171188354,0.08372481912374496,0.34677761793136597,0.5098490715026855,0.6686463356018066,0.9621449708938599,0.9780000001192093,0.390967905129257
pronking,0,action_space,-1.0,2.5999999046325684,0.0,0.5,-1.0,0.04999999701976776,0.0,0.33000001311302185,0.0,0.0,rough_slope_trot_robustness,rough_slope,1.5,trotting,1000,0.6540312767028809,0.6540312767028809,1.1247330904006958,0.48102790117263794,0.15021683275699615,0.39450541138648987,1.5378282070159912,0.15021683275699615,0.05374607816338539,0.4744015038013458,0.3282616138458252,0.8778207302093506,2.1244149208068848,0.9291417598724365,1.693281888961792,0.39450541138648987,0.3978632390499115,0.035751018673181534,0.023995429277420044,0.49370265007019043,0.09884302318096161,287.5198059082031,198.2113037109375,32.37440490722656,41.75741958618164,392.0966796875,0.0702909454703331,0.0625,0.6454778909683228,2.168168067932129,0.9610000848770142,0.022494670003652573,0.029999924823641777,2.613191604614258,0.5,0.05098992586135864,0.33000147342681885,0.0,0.5831432342529297,0.5049740076065063,0.6028565168380737,0.3454155921936035,0.4062308073043823,0.6533359885215759,0.3474843204021454,0.23984798789024353,0.7530117034912109,0.5103267431259155,0.1373746395111084,0.9809775352478027,0.9700944423675537,0.23026973009109497,0.29555219411849976,0.9994000196456909,0.02200000174343586,0.0010000000474974513,0.021000001579523087,0.961,0.6716731584531087,1.5020513093953187,0.23183200418273875,0.5729411958009524,1.4575372793883814,1.3012616527669567,0.6307640121708843,0.24443086538038025,0.11247335001826286,0.03752627409994602,255.63381068994042,0.3963128626346588,0.21090547740459442,0.3027254343032837,0.07333261519670486,0.13850338757038116,0.3725420832633972,0.568906307220459,0.7316156029701233,0.9700944423675537,0.9789999984204769,0.4746149913652948
pronking,0,action_space,-1.0,2.5999999046325684,0.0,0.5,-1.0,0.04999999701976776,0.0,0.33000001311302185,1.0,0.03999999910593033,rough_slope_trot_robustness,rough_slope,1.5,trotting,1000,0.6688036918640137,0.6688036918640137,1.133624792098999,0.4254257082939148,0.13089480996131897,0.3422934412956238,1.217511773109436,0.13089480996131897,0.03270021080970764,0.4788932800292969,0.33493900299072266,0.7284665703773499,1.2269458770751953,0.8890666961669922,1.579866886138916,0.3422934412956238,0.25829556584358215,0.02132999151945114,0.006442238576710224,0.4310920834541321,0.06293964385986328,219.75613403320312,145.71514892578125,33.87023162841797,43.097450256347656,965.8138427734375,0.054961271584033966,0.07433333247900009,0.5684589743614197,1.8418513536453247,0.9930000305175781,0.022672489285469055,0.029999924823641777,2.6132707595825195,0.5,0.05099576711654663,0.33000147342681885,0.038672275841236115,0.6420581340789795,0.5310317277908325,0.7140683531761169,0.3588317334651947,0.4419664740562439,0.6834692358970642,0.41501355171203613,0.22780750691890717,0.7649179100990295,0.5339785218238831,0.13744774460792542,0.9809775352478027,0.9665254354476929,0.11668935418128967,0.19196493923664093,1.0,0.02200000174343586,0.0020000000949949026,0.020000001415610313,0.993,0.5724662481117825,1.3619233328315334,0.18083199608948533,0.5787391493503119,1.1076758899042605,1.2569275580314547,0.5082278680312426,0.1666500227907616,0.11336244642734528,0.03663717769086361,193.85261822503605,0.4848342835903168,0.3098558783531189,0.5738170742988586,0.1538901925086975,0.2839966416358948,0.422238826751709,0.6289466619491577,0.6895840764045715,0.9665254354476929,0.9799999985843897,0.5809222954864565
pronking,0,action_space,-1.0,2.5999999046325684,0.0,0.5,-1.0,0.04999999701976776,1.0,0.3700000047683716,-1.0,-0.03999999910593033,rough_slope_trot_robustness,rough_slope,1.5,trotting,1000,0.6386673450469971,0.6386673450469971,1.1268494129180908,0.45970022678375244,0.152917742729187,0.4147818982601166,1.548409342765808,0.152917742729187,0.06102051958441734,0.48772621154785156,0.35035449266433716,0.8262737393379211,2.748016834259033,0.858109176158905,1.573552131652832,0.4147818982601166,0.5441550016403198,0.039000507444143295,0.017673948779702187,0.45928892493247986,0.08364284038543701,256.58917236328125,177.6099395751953,32.56078338623047,41.881629943847656,604.67529296875,0.06370712071657181,0.08058333396911621,0.6046477556228638,2.0963425636291504,0.9570000171661377,0.022536978125572205,0.029999924823641777,2.6132030487060547,0.5,0.050990741699934006,0.3686785399913788,-0.038678959012031555,0.6145709156990051,0.5285792946815491,0.611692488193512,0.38332176208496094,0.43894362449645996,0.6712896823883057,0.3251456022262573,0.22182193398475647,0.7697386741638184,0.5219442844390869,0.13738495111465454,0.9809775352478027,0.9633158445358276,0.06259899586439133,0.14116866886615753,0.9998000264167786,0.02200000174343586,0.003000000026077032,0.01900000125169754,0.957,0.6318158475582876,1.4800457960157667,0.2470233178961398,0.5919075034702104,1.6577143403671917,1.254413062612484,0.7376686259021186,0.23806397506520277,0.11268489062786102,0.03731473349034786,227.70493503547877,0.42942970991134644,0.1789873242378235,0.3219081163406372,0.06273600459098816,0.18771004676818848,0.39908620715141296,0.5783165693283081,0.6683678030967712,0.9633158445358276,0.9809999987483025,0.492749050651726
pronking,0,action_space,-1.0,2.5999999046325684,0.0,0.5,-1.0,0.04999999701976776,1.0,0.3700000047683716,0.0,0.0,rough_slope_trot_robustness,rough_slope,1.5,trotting,1000,0.6527830362319946,0.6527830362319946,1.1553781032562256,0.45693153142929077,0.15062573552131653,0.3737565279006958,1.4300907850265503,0.15062573552131653,0.05603531375527382,0.5005394816398621,0.3672108054161072,0.8093346953392029,2.286404609680176,0.9257861375808716,1.7314927577972412,0.3737565279006958,0.3327692747116089,0.041756290942430496,0.01390858180820942,0.43943145871162415,0.06948357820510864,241.60641479492188,163.32110595703125,32.64283752441406,41.77753448486328,310.24176025390625,0.0657147616147995,0.06750000268220901,0.5348728895187378,1.699834942817688,0.9510000348091125,0.023107565939426422,0.029999924823641777,2.613271713256836,0.5,0.05099586769938469,0.3686717748641968,0.0,0.6102573871612549,0.5040419697761536,0.6444717645645142,0.3653814196586609,0.43662765622138977,0.6577730178833008,0.37192729115486145,0.21899457275867462,0.7695374488830566,0.5297560691833496,0.13744895160198212,0.9809775352478027,0.9665254354476929,0.11669076234102249,0.19197452068328857,0.9998000264167786,0.02200000174343586,0.004000000189989805,0.018000001087784767,0.951,0.5624320334064472,1.336943655282367,0.23671779349105512,0.6059792120329766,1.5120861779938919,1.3158619828071791,0.576861573266593,0.23593404322106615,0.11553782969713211,0.034461794421076775,209.1145869166099,0.4338112771511078,0.24735285341739655,0.3284740447998047,0.07801946252584457,0.24915711581707,0.4152548313140869,0.6396369338035583,0.7135519981384277,0.9665254354476929,0.9819999989122152,0.5090740153467969
pronking,0,action_space,-1.0,2.5999999046325684,0.0,0.5,-1.0,0.04999999701976776,1.0,0.3700000047683716,1.0,0.03999999910593033,rough_slope_trot_robustness,rough_slope,1.5,trotting,1000,0.6557145118713379,0.6557145118713379,1.1745514869689941,0.4358752369880676,0.13183553516864777,0.37684547901153564,1.376129150390625,0.13183553516864777,0.04216594621539116,0.49814319610595703,0.36234480142593384,0.7643004059791565,1.5291643142700195,0.8554141521453857,1.4683399200439453,0.37684547901153564,0.4532892107963562,0.02904093824326992,0.013917758129537106,0.4535858631134033,0.07801497727632523,242.971923828125,163.59054565429688,33.03543472290039,42.167091369628906,538.1448974609375,0.060765475034713745,0.07208333909511566,0.6148831844329834,2.0213680267333984,0.9810000658035278,0.0234910249710083,0.029999924823641777,2.6148643493652344,0.5,0.0511152446269989,0.36851269006729126,0.038512974977493286,0.6370339393615723,0.5240160226821899,0.6997261643409729,0.3762262463569641,0.43645381927490234,0.6810205578804016,0.3780938386917114,0.2171679139137268,0.7647044658660889,0.5249745845794678,0.13894087076187134,0.9783835411071777,0.9584164023399353,0.06546273827552795,0.15310809016227722,0.9994000196456909,0.02500000037252903,0.003000000026077032,0.02199999988079071,0.981,0.6267922311018731,1.4354503674146242,0.20534348349872503,0.6019508297410461,1.236593835610553,1.211750766471367,0.6732675625606481,0.20726479771733314,0.1174551248550415,0.03254449926316738,206.86357858617993,0.4676903188228607,0.24168378114700317,0.4235117733478546,0.10866906493902206,0.21007314324378967,0.4036642909049988,0.597423255443573,0.6973856687545776,0.9584164023399353,0.9780000001192093,0.5301092443497558
pronking,0,action_space,-1.0,2.5999999046325684,0.0,0.5,0.0,0.07999999821186066,-1.0,0.2900000214576721,-1.0,-0.03999999910593033,rough_slope_trot_robustness,rough_slope,1.5,trotting,1000,0.6534233093261719,0.6534233093261719,1.1465628147125244,0.44807159900665283,0.15164948999881744,0.3748584985733032,1.1381347179412842,0.15164948999881744,0.04982874169945717,0.47959139943122864,0.33990728855133057,0.8249390125274658,1.764373779296875,0.8609006404876709,1.598122239112854,0.3748584985733032,0.3761026859283447,0.04047936573624611,0.012599946931004524,0.4443681240081787,0.06033913046121597,264.27276611328125,186.27369689941406,32.43647384643555,41.494747161865234,530.2804565429688,0.06683164834976196,0.07391667366027832,0.5891726016998291,2.093860149383545,0.9600000381469727,0.022931255400180817,0.029999924823641777,2.6138124465942383,0.5,0.08000031858682632,0.2913817763328552,-0.038618139922618866,0.6122613549232483,0.5239774584770203,0.621282696723938,0.38680076599121094,0.4124961793422699,0.6762871742248535,0.4169043302536011,0.2317453771829605,0.7758516073226929,0.5300379991531372,0.5,0.9801129102706909,0.965031623840332,0.11779388040304184,0.19571413099765778,0.9996000528335571,0.023000001907348633,0.004000000189989805,0.01900000125169754,0.96,0.6137214024861654,1.4768563006865645,0.22322352407274904,0.583015684652935,1.3282973233793987,1.2641685960000961,0.6132721140964627,0.23038948037454018,0.11465627700090408,0.0353433471173048,230.4913108310964,0.44795045256614685,0.24532070755958557,0.34590667486190796,0.11827893555164337,0.2991582453250885,0.41117504239082336,0.5796816945075989,0.6910221576690674,0.965031623840332,0.9809999987483025,0.5224727717669387
pronking,0,action_space,-1.0,2.5999999046325684,0.0,0.5,0.0,0.07999999821186066,-1.0,0.2900000214576721,0.0,0.0,rough_slope_trot_robustness,rough_slope,1.5,trotting,1000,0.665533185005188,0.665533185005188,1.1343404054641724,0.47209632396698,0.16106466948986053,0.3779464066028595,1.198438286781311,0.16106466948986053,0.06046520918607712,0.4960862994194031,0.3799664378166199,0.970295786857605,2.566514492034912,0.9178518056869507,1.8397247791290283,0.3779464066028595,0.3918880224227905,0.04529242217540741,0.017189767211675644,0.45059290528297424,0.06128434091806412,269.455810546875,184.81300354003906,31.9820556640625,41.5714111328125,349.6238708496094,0.07449483126401901,0.06783334910869598,0.6592250466346741,2.4130241870880127,0.9580000638961792,0.02268681302666664,0.029999924823641777,2.615316867828369,0.5,0.08000031858682632,0.2915322184562683,0.0,0.6178150177001953,0.508691668510437,0.6294460296630859,0.36657780408859253,0.37251612544059753,0.667994499206543,0.4031293988227844,0.22928939759731293,0.7697592377662659,0.5259155631065369,0.5,0.9775188565254211,0.9647603034973145,0.2349453717470169,0.30866169929504395,0.9989999532699585,0.026000000536441803,0.0,0.026000000536441803,0.958,0.6881262793172626,1.5870772252066287,0.2458967449684463,0.6164141771703664,1.602034485282671,1.3563645450722415,0.6260096025004652,0.249964376236061,0.1134340651333332,0.03656555898487568,237.5440469623522,0.41004031896591187,0.23968377709388733,0.28660687804222107,0.09001827985048294,0.2935560345649719,0.40608784556388855,0.5327497124671936,0.7123636603355408,0.9647603034973145,0.9739999994635582,0.49314847431684794
pronking,0,action_space,-1.0,2.5999999046325684,0.0,0.5,0.0,0.07999999821186066,-1.0,0.2900000214576721,1.0,0.03999999910593033,rough_slope_trot_robustness,rough_slope,1.5,trotting,1000,0.6567979454994202,0.6567979454994202,1.1473486423492432,0.45535117387771606,0.1379971206188202,0.3596200942993164,1.359893560409546,0.1379971206188202,0.04548298940062523,0.48013487458229065,0.33814823627471924,0.8917380571365356,2.0135421752929688,0.9141601324081421,1.8108505010604858,0.3596200942993164,0.41600102186203003,0.03834996744990349,0.020293382927775383,0.45961615443229675,0.08348175138235092,273.0845947265625,190.96963500976562,32.64897918701172,42.538848876953125,425.9023742675781,0.0691685825586319,0.07625000178813934,0.7317067980766296,2.710470676422119,0.9760000705718994,0.02294698730111122,0.029999924823641777,2.613790988922119,0.5,0.08000031858682632,0.29137974977493286,0.03862021118402481,0.6255388259887695,0.5600976347923279,0.6778271794319153,0.35892361402511597,0.395656943321228,0.7008535861968994,0.3873434364795685,0.2276380956172943,0.7578263282775879,0.5239423513412476,0.5,0.9801129102706909,0.9650329351425171,0.11777099967002869,0.19554632902145386,0.9996000528335571,0.023000001907348633,0.004999999888241291,0.018000001087784767,0.976,0.7496995769563268,1.6664698083236622,0.21326741288960493,0.5815051472469691,1.4189933668953385,1.3456784538144637,0.644981412028308,0.24216389156453294,0.1147349365055561,0.03526468761265278,238.01361212003584,0.4363202452659607,0.2743731737136841,0.30947837233543396,0.10335832834243774,0.18831577897071838,0.39882510900497437,0.4994337260723114,0.6830071210861206,0.9650329351425171,0.9819999989122152,0.4913570134851494
pronking,0,action_space,-1.0,2.5999999046325684,0.0,0.5,0.0,0.07999999821186066,0.0,0.33000001311302185,-1.0,-0.03999999910593033,rough_slope_trot_robustness,rough_slope,1.5,trotting,1000,0.656801700592041,0.656801700592041,1.1626570224761963,0.44806116819381714,0.15466518700122833,0.3694853186607361,1.4818811416625977,0.15466518700122833,0.05875840783119202,0.47671669721603394,0.3351116478443146,0.9236961603164673,2.7473349571228027,0.8898051977157593,1.6313735246658325,0.3694853186607361,0.39382636547088623,0.04224298149347305,0.01721780374646187,0.4593410789966583,0.08000707626342773,263.32720947265625,182.34820556640625,32.856361389160156,42.89488220214844,396.5645751953125,0.06499262899160385,0.08499999344348907,0.6530889272689819,2.2781786918640137,0.972000002861023,0.02325313538312912,0.029999924823641777,2.613797664642334,0.5,0.08000031858682632,0.33000147342681885,-0.0386195108294487,0.61346036195755,0.5302313566207886,0.5873265266418457,0.36905908584594727,0.40445995330810547,0.6747375726699829,0.3575691282749176,0.23644378781318665,0.7509267330169678,0.5127981901168823,0.5,0.9801129102706909,0.9687349200248718,0.23156844079494476,0.2998707890510559,0.9998000264167786,0.023000001907348633,0.0010000000474974513,0.02199999988079071,0.972,0.6719021267361112,1.530949054342655,0.24240133628177882,0.5788882861522718,1.6575086597429296,1.2772523339833177,0.6275558664142071,0.24384582268297098,0.1162656769156456,0.033733947202563286,226.48743729412902,0.44796720147132874,0.2553311586380005,0.30445995926856995,0.07015492767095566,0.2018679529428482,0.39904457330703735,0.556576132774353,0.6537697911262512,0.9687349200248718,0.9780000001192093,0.4941198504284809
pronking,0,action_space,-1.0,2.5999999046325684,0.0,0.5,0.0,0.07999999821186066,0.0,0.33000001311302185,0.0,0.0,rough_slope_trot_robustness,rough_slope,1.5,trotting,1000,0.7052140235900879,0.7052140235900879,1.158205509185791,0.45644357800483704,0.15082573890686035,0.3928838074207306,1.2194277048110962,0.15082573890686035,0.0639551654458046,0.496926486492157,0.36512428522109985,0.9068691730499268,2.8484528064727783,0.9265881776809692,1.8000469207763672,0.3928838074207306,0.44616270065307617,0.03795253485441208,0.01527539361268282,0.45525431632995605,0.08882511407136917,261.4226379394531,178.51419067382812,32.837642669677734,42.68327713012695,342.6182556152344,0.06658443808555603,0.06883334368467331,0.7232368588447571,2.5676040649414062,0.972000002861023,0.023164112120866776,0.029999924823641777,2.6144447326660156,0.5,0.08000031858682632,0.33000147342681885,0.0,0.6227144002914429,0.5248873829841614,0.6553022861480713,0.3536263704299927,0.427457332611084,0.6738212704658508,0.39767158031463623,0.22009900212287903,0.7566392421722412,0.5224058628082275,0.5,0.9792482256889343,0.971599280834198,0.47586748003959656,0.5254314541816711,0.9994000196456909,0.024000000208616257,0.003000000026077032,0.021000001579523087,0.972,0.7440707987718621,1.6252900987987786,0.25289358522074973,0.6042551491059881,1.6877360002301243,1.3416582727268398,0.6679541156794201,0.23071178658034552,0.11582056060433388,0.03417906351387501,225.7135161817967,0.4345853328704834,0.21361567080020905,0.34488004446029663,0.08220566064119339,0.16922903060913086,0.4023195505142212,0.5166487693786621,0.7088107466697693,0.971599280834198,0.9789999984204769,0.49353836927759026
pronking,0,action_space,-1.0,2.5999999046325684,0.0,0.5,0.0,0.07999999821186066,0.0,0.33000001311302185,1.0,0.03999999910593033,rough_slope_trot_robustness,rough_slope,1.5,trotting,1000,0.6783461570739746,0.6783461570739746,1.1876320838928223,0.4154547452926636,0.12764739990234375,0.3093540370464325,1.446246862411499,0.12764739990234375,0.03411596268415451,0.4865027666091919,0.34952712059020996,0.8208763599395752,1.5554615259170532,0.8829079866409302,1.6374199390411377,0.3093540370464325,0.2247370332479477,0.025978749617934227,0.007099765352904797,0.43291014432907104,0.067829430103302,232.45068359375,154.21429443359375,33.56184387207031,42.29921340942383,197.82725524902344,0.05986256152391434,0.07558333873748779,0.696783721446991,2.461604595184326,1.00600004196167,0.023752650246024132,0.029999924823641777,2.61372447013855,0.5,0.08000031858682632,0.33000147342681885,0.038626909255981445,0.6442674398422241,0.5551894307136536,0.7042666673660278,0.36719393730163574,0.418349027633667,0.7149859666824341,0.36740392446517944,0.22290834784507751,0.7625993490219116,0.5334268808364868,0.5,0.9801128506660461,0.9687685966491699,0.23143695294857025,0.2988496720790863,1.0,0.023000001907348633,0.004999999888241291,0.018000001087784767,1.006,0.6926279238630716,1.5642642717188864,0.18470506945981344,0.5912081871813092,1.2471814326380317,1.279617106419392,0.4740643766915499,0.1818749982016193,0.11876325123012066,0.031236372888088226,195.7261737421431,0.5013701915740967,0.3840436041355133,0.5160403251647949,0.11900782585144043,0.257537841796875,0.42070630192756653,0.5424113273620605,0.685287594795227,0.9687685966491699,0.9819999989122152,0.561115341653165
pronking,0,action_space,-1.0,2.5999999046325684,0.0,0.5,0.0,0.07999999821186066,1.0,0.3700000047683716,-1.0,-0.03999999910593033,rough_slope_trot_robustness,rough_slope,1.5,trotting,1000,0.6514462828636169,0.6514462828636169,1.156785488128662,0.44701123237609863,0.12615802884101868,0.3445967435836792,1.452406406402588,0.12615802884101868,0.034149419516325,0.5092002153396606,0.3826604187488556,0.7859007716178894,1.6093602180480957,0.8955543041229248,1.9013535976409912,0.3445967435836792,0.31649866700172424,0.03750085085630417,0.011807420291006565,0.46130532026290894,0.0642930343747139,262.3236999511719,184.74301147460938,33.1655158996582,41.962974548339844,266.95263671875,0.06520518660545349,0.07091667503118515,0.7115762829780579,2.4791452884674072,0.9800000190734863,0.023135710507631302,0.029999924823641777,2.6147000789642334,0.5,0.08000031858682632,0.36852896213531494,-0.03852929174900055,0.6304345726966858,0.5441371202468872,0.627368688583374,0.3850110173225403,0.43016156554222107,0.6932313442230225,0.3419877290725708,0.2200794368982315,0.7684329748153687,0.5172572135925293,0.5,0.9792481660842896,0.963036835193634,0.11946266144514084,0.20289494097232819,0.9990000128746033,0.024000000208616257,0.007000000216066837,0.017000000923871994,0.98,0.7260982591278698,1.5905155817684449,0.18479561552246038,0.6185955211192978,1.2686056195871496,1.3788957892607372,0.5625821424483044,0.22205465801759425,0.11567855253815651,0.034321071580052376,226.76952870106823,0.44965431094169617,0.3049921989440918,0.373004287481308,0.11819791793823242,0.27641257643699646,0.3974800109863281,0.5312965512275696,0.7014656066894531,0.963036835193634,0.982999999076128,0.5225662336145577
pronking,0,action_space,-1.0,2.5999999046325684,0.0,0.5,0.0,0.07999999821186066,1.0,0.3700000047683716,0.0,0.0,rough_slope_trot_robustness,rough_slope,1.5,trotting,1000,0.6649535298347473,0.6649535298347473,1.1800332069396973,0.4591343402862549,0.14528855681419373,0.39205998182296753,1.4815459251403809,0.14528855681419373,0.04845600202679634,0.4924594759941101,0.3638368248939514,0.8233283758163452,1.9518227577209473,0.9477843046188354,1.8375871181488037,0.39205998182296753,0.4644352197647095,0.03831668198108673,0.013583900406956673,0.4640350937843323,0.0820661336183548,270.6007385253906,186.1774444580078,32.673728942871094,42.55998229980469,340.75653076171875,0.06935330480337143,0.07466667145490646,0.7246716022491455,2.5454812049865723,0.9720000624656677,0.023600678890943527,0.029999924823641777,2.614266872406006,0.5,0.08000031858682632,0.36857229471206665,0.0,0.5975972414016724,0.5217971801757812,0.637413501739502,0.35941043496131897,0.44316303730010986,0.672765851020813,0.3307744860649109,0.2331647276878357,0.7744096517562866,0.513666033744812,0.5,0.9792481660842896,0.9674268960952759,0.2326274812221527,0.30224645137786865,0.9994000196456909,0.024000000208616257,0.003000000026077032,0.021000001579523087,0.972,0.7455468197418339,1.618273020525953,0.22012724053782246,0.6031888799488527,1.3970765038898003,1.3555763048050093,0.6814948420675754,0.22781699319419393,0.11800339445471764,0.03199622966349125,229.31620647114468,0.4303237795829773,0.21500149369239807,0.3541581630706787,0.0862361416220665,0.1937236487865448,0.39531585574150085,0.5195969343185425,0.6884356737136841,0.9674268960952759,0.9789999984204769,0.49820145709734215
pronking,0,action_space,-1.0,2.5999999046325684,0.0,0.5,0.0,0.07999999821186066,1.0,0.3700000047683716,1.0,0.03999999910593033,rough_slope_trot_robustness,rough_slope,1.5,trotting,1000,0.6750612258911133,0.6750612258911133,1.2120863199234009,0.37952083349227905,0.11670544743537903,0.31899869441986084,1.4771983623504639,0.11670544743537903,0.030990852043032646,0.49108684062957764,0.3537105619907379,0.6905888319015503,1.0052523612976074,0.8278504014015198,1.4960882663726807,0.31899869441986084,0.24322524666786194,0.021240701898932457,0.004749170038849115,0.44169628620147705,0.06471969187259674,232.5977020263672,154.61453247070312,33.73614501953125,41.66999816894531,221.09140014648438,0.05602411925792694,0.07316666841506958,0.7883987426757812,2.894775867462158,1.0010000467300415,0.024241721257567406,0.029999924823641777,2.6137776374816895,0.5,0.08000031858682632,0.36862120032310486,0.03862157464027405,0.6886340975761414,0.5501381754875183,0.7516778707504272,0.3859112560749054,0.43652844429016113,0.7026016712188721,0.3634764552116394,0.22139069437980652,0.7711160778999329,0.5314429402351379,0.5,0.9801128506660461,0.9650342464447021,0.11775565892457962,0.1954295039176941,1.0,0.023000001907348633,0.004999999888241291,0.018000001087784767,1.001,0.787611070570055,1.7005540258725504,0.17604218824768297,0.5947357076809311,1.0026227412629376,1.2231468703196198,0.4931787167628607,0.16121374611918665,0.12120860628783703,0.028791017830371857,191.89862817779056,0.5620613694190979,0.36146077513694763,0.5946409702301025,0.12282246351242065,0.27406394481658936,0.41337811946868896,0.4853082597255707,0.6936184167861938,0.9650342464447021,0.9819999989122152,0.5898221004754305
pronking,0,action_space,-1.0,2.5999999046325684,0.0,0.5,1.0,0.10999999940395355,-1.0,0.2900000214576721,-1.0,-0.03999999910593033,rough_slope_trot_robustness,rough_slope,1.5,trotting,1000,0.619796097278595,0.619796097278595,1.1209831237792969,0.505844235420227,0.17518511414527893,0.4572913646697998,1.4689563512802124,0.17518511414527893,0.07140669226646423,0.4859223961830139,0.3634539246559143,1.110856056213379,3.3609671592712402,0.9590027928352356,1.9721134901046753,0.4572913646697998,0.6989643573760986,0.050882913172245026,0.03414757549762726,0.5105153322219849,0.11033681035041809,311.40289306640625,223.04312133789062,31.339561462402344,40.668113708496094,691.289306640625,0.08140449225902557,0.06400001049041748,0.6513638496398926,2.393153190612793,0.9450000524520874,0.02241966500878334,0.029999924823641777,2.6143875122070312,0.5,0.10892066359519958,0.29143935441970825,-0.03856050968170166,0.5994781255722046,0.48952579498291016,0.5558876991271973,0.3498361110687256,0.3690298795700073,0.6329466700553894,0.3065214455127716,0.23813551664352417,0.7523995637893677,0.4996315836906433,0.8615046739578247,0.9783835411071777,0.9588884115219116,0.06504642963409424,0.14709869027137756,0.999000072479248,0.02500000037252903,0.004000000189989805,0.021000001579523087,0.945,0.6892738947792659,1.591363207848016,0.2672203066132217,0.6028713997660814,1.8332940733202734,1.4043195826109793,0.8360408825985118,0.29159987769179924,0.1120983250439167,0.03790129907429218,277.79445244147706,0.3593302071094513,0.12354449927806854,0.1825721561908722,0.05518355965614319,0.11005928367376328,0.3602234721183777,0.530938446521759,0.7261490225791931,0.9588884115219116,0.9789999984204769,0.4339905208662937
pronking,0,action_space,-1.0,2.5999999046325684,0.0,0.5,1.0,0.10999999940395355,-1.0,0.2900000214576721,0.0,0.0,rough_slope_trot_robustness,rough_slope,1.5,trotting,1000,0.6475306153297424,0.6475306153297424,1.14231276512146,0.4574142396450043,0.13734571635723114,0.3867138624191284,1.5104949474334717,0.13734571635723114,0.044895853847265244,0.490066796541214,0.3593319058418274,0.9535471200942993,2.3112263679504395,0.9337124824523926,1.7556124925613403,0.3867138624191284,0.4297808110713959,0.04079936444759369,0.020945807918906212,0.48277801275253296,0.06537195295095444,282.4717102050781,198.04527282714844,32.73267364501953,41.902069091796875,299.9118347167969,0.07249853760004044,0.07275000959634781,0.6693426370620728,2.4412636756896973,0.974000096321106,0.022846264764666557,0.029999924823641777,2.6135826110839844,0.5,0.10898102819919586,0.29135894775390625,0.0,0.6322569251060486,0.530418872833252,0.65601646900177,0.34873655438423157,0.3787328898906708,0.6733261942863464,0.3288213610649109,0.2307390570640564,0.7575526237487793,0.5089102983474731,0.8622595071792603,0.9801128506660461,0.9652382135391235,0.11747700721025467,0.1928650289773941,0.9998000264167786,0.023000001907348633,0.004000000189989805,0.01900000125169754,0.974,0.6872100516755968,1.583171065917156,0.21188641732604108,0.5994429963239435,1.5202718072602805,1.3249952802034204,0.6555767011352645,0.24848575888066482,0.11423132382333279,0.0357683002948761,247.28053369432797,0.4330460727214813,0.22414186596870422,0.2908628284931183,0.08995803445577621,0.2705119252204895,0.3807714283466339,0.5344015955924988,0.695064902305603,0.9652382135391235,0.9809999987483025,0.49834951601530375
pronking,0,action_space,-1.0,2.5999999046325684,0.0,0.5,1.0,0.10999999940395355,-1.0,0.2900000214576721,1.0,0.03999999910593033,rough_slope_trot_robustness,rough_slope,1.5,trotting,1000,0.6471957564353943,0.6471957564353943,1.1780974864959717,0.43861252069473267,0.13644538819789886,0.33633852005004883,1.4872329235076904,0.13644538819789886,0.03607676923274994,0.47716569900512695,0.3439868688583374,0.8970743417739868,2.0291895866394043,0.9330911636352539,1.6527496576309204,0.33633852005004883,0.29662027955055237,0.040520913898944855,0.014102190732955933,0.4685676097869873,0.09888316690921783,285.30706787109375,199.6219940185547,32.13517761230469,41.21284484863281,413.90521240234375,0.07243337482213974,0.07125000655651093,0.6782536506652832,2.493360996246338,0.9580000638961792,0.023561950773000717,0.029999924823641777,2.61322021484375,0.5,0.10900815576314926,0.2913227081298828,0.03867722302675247,0.6172775626182556,0.5472246408462524,0.675409197807312,0.347750723361969,0.4089248776435852,0.694821834564209,0.35140150785446167,0.23500169813632965,0.7715202569961548,0.5141627788543701,0.8625988960266113,0.980977475643158,0.9633126258850098,0.06261087954044342,0.14127635955810547,0.9996000528335571,0.02200000174343586,0.006000000052154064,0.01600000075995922,0.958,0.7079892088824373,1.613280233091598,0.18993885656376353,0.5865039376324233,1.424496257151771,1.2855931151149342,0.5446285702665188,0.23371586303009215,0.11780975386500359,0.0321898702532053,242.1761111804811,0.46323361992836,0.3226342499256134,0.33538973331451416,0.10983584076166153,0.13839223980903625,0.3917485177516937,0.5216970443725586,0.700297474861145,0.9633126258850098,0.9839999992400408,0.49894928275362443
pronking,0,action_space,-1.0,2.5999999046325684,0.0,0.5,1.0,0.10999999940395355,0.0,0.33000001311302185,-1.0,-0.03999999910593033,rough_slope_trot_robustness,rough_slope,1.5,trotting,1000,0.6508920192718506,0.6508920192718506,1.1635863780975342,0.4380331039428711,0.14128802716732025,0.364296555519104,1.4961217641830444,0.14128802716732025,0.0422218032181263,0.5214035511016846,0.4130268394947052,0.7932445406913757,1.5020666122436523,0.9407695531845093,2.0149738788604736,0.364296555519104,0.4169934391975403,0.0513509139418602,0.013722416013479233,0.45196759700775146,0.05525095760822296,270.63720703125,189.92822265625,32.223114013671875,40.33574676513672,427.8212890625,0.0728604644536972,0.07883333414793015,0.7207304239273071,2.70919132232666,0.9750000238418579,0.023271717131137848,0.029999924823641777,2.6149063110351562,0.5,0.10888177156448364,0.33000147342681885,-0.03850869834423065,0.6412893533706665,0.5305581092834473,0.6248104572296143,0.36681294441223145,0.41440561413764954,0.6877522468566895,0.3414476811885834,0.21746620535850525,0.7740256786346436,0.5176248550415039,0.86101895570755,0.9775189161300659,0.9612768292427063,0.12027008831501007,0.2011701762676239,0.9990000128746033,0.026000000536441803,0.0020000000949949026,0.024000000208616257,0.975,0.7392106119791667,1.666930668193522,0.20547944719150452,0.6426716420495814,1.2255882719101274,1.4194977558490445,0.6457502916743749,0.2550947470163575,0.11635858565568924,0.033641038462519646,232.58884095372647,0.4641757607460022,0.2652401030063629,0.27213239669799805,0.09627392143011093,0.3312045633792877,0.4049728810787201,0.4992419183254242,0.6742416620254517,0.9612768292427063,0.9759999997913837,0.5070473189024549
pronking,0,action_space,-1.0,2.5999999046325684,0.0,0.5,1.0,0.10999999940395355,0.0,0.33000001311302185,0.0,0.0,rough_slope_trot_robustness,rough_slope,1.5,trotting,1000,0.6592336893081665,0.6592336893081665,1.2407208681106567,0.4590121805667877,0.13356342911720276,0.34069252014160156,1.215840458869934,0.13356342911720276,0.037155553698539734,0.47208601236343384,0.33714449405670166,0.8854816555976868,1.8504754304885864,0.9129717350006104,1.6680707931518555,0.34069252014160156,0.27079933881759644,0.04255036637187004,0.011664535850286484,0.45040035247802734,0.12372277677059174,265.69091796875,179.10684204101562,33.566917419433594,44.39527893066406,697.7987060546875,0.07053267955780029,0.06608334183692932,0.783744215965271,2.865102529525757,0.9830000400543213,0.024814408272504807,0.029999924823641777,2.614265203475952,0.5,0.10892987251281738,0.33000147342681885,0.0,0.5977208614349365,0.5390336513519287,0.6114577054977417,0.35059109330177307,0.38287353515625,0.6911428570747375,0.4039056897163391,0.23998716473579407,0.7403607368469238,0.5149993896484375,0.8616202473640442,0.9792481660842896,0.9674269556999207,0.2326240837574005,0.302223265171051,0.9995999932289124,0.024000000208616257,0.005000000353902578,0.01900000125169754,0.983,0.7972982722890705,1.7072350794614501,0.19275775911371176,0.5806414505154637,1.3603218113698634,1.2915381500954028,0.5203838379673186,0.23284093759937605,0.12407204136252403,0.025927582755684853,214.14237867485735,0.43051689863204956,0.3132624626159668,0.33813905715942383,0.14100618660449982,0.08420882374048233,0.4062442481517792,0.48255378007888794,0.7186242341995239,0.9674269556999207,0.9809999987483025,0.4845302189259153
pronking,0,action_space,-1.0,2.5999999046325684,0.0,0.5,1.0,0.10999999940395355,0.0,0.33000001311302185,1.0,0.03999999910593033,rough_slope_trot_robustness,rough_slope,1.5,trotting,1000,0.6697657108306885,0.6697657108306885,1.2021050453186035,0.3881247937679291,0.127916157245636,0.33276820182800293,1.4408676624298096,0.127916157245636,0.03443635255098343,0.49602261185646057,0.3697352409362793,0.8237379789352417,1.5282536745071411,0.8045599460601807,1.339186429977417,0.33276820182800293,0.26567065715789795,0.021391484886407852,0.00996393896639347,0.450836181640625,0.060657866299152374,259.6402587890625,184.06085205078125,32.50049591064453,40.53981018066406,268.0490417480469,0.06240066885948181,0.06658333539962769,0.6489382982254028,2.406601667404175,0.999000072479248,0.02404210716485977,0.029999924823641777,2.6153812408447266,0.5,0.10884615033864975,0.33000147342681885,0.038461215794086456,0.6854512691497803,0.5421949625015259,0.7476550936698914,0.3834957480430603,0.3933016061782837,0.6992781162261963,0.35722196102142334,0.22344142198562622,0.7650238275527954,0.5227222442626953,0.8605736494064331,0.9775189161300659,0.9605761766433716,0.12103975564241409,0.20640629529953003,0.9994000196456909,0.026000000536441803,0.007000000216066837,0.01900000125169754,0.999,0.6495878813383696,1.5520987639557842,0.1855703439426231,0.6080585834738946,1.2362255758991323,1.1572322281968372,0.5154324952483089,0.1770746279194208,0.12021053582429886,0.029789088293910027,215.9879952256984,0.5474066138267517,0.33043453097343445,0.534134030342102,0.11888545751571655,0.29725727438926697,0.4058902859687805,0.5475767254829407,0.7168298959732056,0.9605761766433716,0.9809999987483025,0.5808798619791081
pronking,0,action_space,-1.0,2.5999999046325684,0.0,0.5,1.0,0.10999999940395355,1.0,0.3700000047683716,-1.0,-0.03999999910593033,rough_slope_trot_robustness,rough_slope,1.5,trotting,1000,0.6410689353942871,0.6410689353942871,1.1668391227722168,0.45953482389450073,0.13951416313648224,0.35509103536605835,1.2329702377319336,0.13951416313648224,0.04318524897098541,0.4871763586997986,0.34733855724334717,0.8759493827819824,1.8984712362289429,0.897636890411377,1.6981223821640015,0.35509103536605835,0.2934856414794922,0.04370000958442688,0.00762755423784256,0.45151418447494507,0.08819609880447388,255.39068603515625,174.35400390625,33.27293395996094,44.04627990722656,498.30438232421875,0.06777945905923843,0.0793333351612091,0.6289850473403931,2.140449047088623,0.9970000386238098,0.023336801677942276,0.029999924823641777,2.6132025718688965,0.5,0.1090095192193985,0.3686785101890564,-0.03867901489138603,0.6180897355079651,0.5087546706199646,0.6240702867507935,0.37172621488571167,0.4033362865447998,0.6680854558944702,0.40894052386283875,0.22718381881713867,0.7465441226959229,0.5150272846221924,0.8626158237457275,0.980977475643158,0.963316798210144,0.06259839236736298,0.1411573737859726,1.0,0.021000001579523087,0.004000000189989805,0.017000000923871994,0.997,0.630877618206181,1.4652268232393217,0.20781060841782215,0.5893543562606008,1.3778502227125207,1.3031202485434725,0.5417431508376384,0.22655587351086143,0.11668400838971138,0.033315615728497505,218.87394847405375,0.429690957069397,0.2833998501300812,0.3582403063774109,0.1228642538189888,0.1713714301586151,0.4053402841091156,0.5846613645553589,0.6725581884384155,0.963316798210144,0.982999999076128,0.5051049599914175
pronking,0,action_space,-1.0,2.5999999046325684,0.0,0.5,1.0,0.10999999940395355,1.0,0.3700000047683716,0.0,0.0,rough_slope_trot_robustness,rough_slope,1.5,trotting,1000,0.6717551946640015,0.6717551946640015,1.1818467378616333,0.40476059913635254,0.11751730740070343,0.32021671533584595,1.343343734741211,0.11751730740070343,0.02984410524368286,0.48985910415649414,0.3534952998161316,0.7347420454025269,1.364938497543335,0.8442505598068237,1.498647928237915,0.32021671533584595,0.227852463722229,0.032291099429130554,0.005169454030692577,0.44234317541122437,0.07836605608463287,242.58627319335938,163.16885375976562,34.74142074584961,42.74986267089844,371.7123718261719,0.061125483363866806,0.07116667181253433,0.7403168678283691,2.6678690910339355,1.0130000114440918,0.02363693155348301,0.029999924823641777,2.61379337310791,0.5,0.10896525532007217,0.3686196208000183,0.0,0.6712733507156372,0.5555422306060791,0.703762412071228,0.38535112142562866,0.4372975826263428,0.7083244919776917,0.4225820004940033,0.22400057315826416,0.7651383280754089,0.5243834257125854,0.8620626330375671,0.9801129102706909,0.9650329351425171,0.11777284741401672,0.19555902481079102,1.0,0.023000001907348633,0.003000000026077032,0.020000001415610313,1.013,0.7308162828541461,1.6228468583302307,0.1727544651917364,0.594554707168425,1.1683058236366601,1.2241927659637248,0.47733894008579375,0.19354728998315407,0.11818465776741505,0.03181496635079384,205.26034842071084,0.5192735195159912,0.35865747928619385,0.4727393686771393,0.14367149770259857,0.20860326290130615,0.41284364461898804,0.5176748037338257,0.7005893588066101,0.9650329351425171,0.9799999985843897,0.5508130589794172
pronking,0,action_space,-1.0,2.5999999046325684,0.0,0.5,1.0,0.10999999940395355,1.0,0.3700000047683716,1.0,0.03999999910593033,rough_slope_trot_robustness,rough_slope,1.5,trotting,1000,0.6414512395858765,0.6414512395858765,1.2153360843658447,0.45513302087783813,0.1357933133840561,0.38535547256469727,1.6449816226959229,0.1357933133840561,0.04682055115699768,0.4966716468334198,0.36949703097343445,0.8905977010726929,2.190683126449585,0.9717003107070923,1.9338188171386719,0.38535547256469727,0.38029786944389343,0.0421934500336647,0.010228170081973076,0.45540595054626465,0.07649948447942734,268.2109375,180.06625366210938,33.05561828613281,42.962738037109375,586.9425659179688,0.07231312990188599,0.06608334183692932,0.7201323509216309,2.7031025886535645,0.9940000772476196,0.024306708946824074,0.029999924823641777,2.6142685413360596,0.5,0.1089296042919159,0.3685721755027771,0.03857245296239853,0.6067601442337036,0.5076211094856262,0.6699401140213013,0.34938275814056396,0.40681809186935425,0.666761577129364,0.3404008150100708,0.22217950224876404,0.7541433572769165,0.5169632434844971,0.8616166710853577,0.9792481660842896,0.9600836038589478,0.06447398662567139,0.14857205748558044,0.9996000528335571,0.024000000208616257,0.004000000189989805,0.020000001415610313,0.994,0.7244791994152414,1.6490661155280575,0.21638057019288418,0.6078626744367798,1.4800956477368565,1.3906181421003654,0.6166829569915918,0.22895768193191898,0.12153354473412037,0.028466079384088516,220.68869751361896,0.4366670548915863,0.22650495171546936,0.35048675537109375,0.07566854357719421,0.21653789281845093,0.40219753980636597,0.5066905617713928,0.7186242341995239,0.9600836038589478,0.9799999985843897,0.5002827417889708
pronking,0,action_space,0.0,3.0,0.0,0.5,-1.0,0.04999999701976776,-1.0,0.2900000214576721,-1.0,-0.03999999910593033,rough_slope_trot_robustness,rough_slope,1.5,trotting,1000,0.665392279624939,0.665392279624939,1.1493579149246216,0.42200997471809387,0.13229665160179138,0.306648313999176,1.0924575328826904,0.13229665160179138,0.031350042670965195,0.4412418007850647,0.3017117381095886,0.6668416261672974,0.9783910512924194,0.8087872266769409,1.300465703010559,0.306648313999176,0.19185154139995575,0.029208790510892868,0.0040688286535441875,0.39550089836120605,0.06149422749876976,207.50843811035156,135.5311737060547,33.73514175415039,42.07635498046875,489.7603454589844,0.05519331246614456,0.08374999463558197,0.660797119140625,2.096550464630127,1.128000020980835,0.022987142205238342,0.029999924823641777,3.000000238418579,0.5,0.05106373131275177,0.29141825437545776,-0.03858163207769394,0.6346070766448975,0.5609902143478394,0.6370599269866943,0.38096362352371216,0.45470112562179565,0.7123981714248657,0.4361724853515625,0.2535957396030426,0.7878143191337585,0.5552436113357544,0.1382974088191986,0.9792481660842896,0.9637181758880615,0.11864680051803589,0.1973779797554016,1.0,0.024000000208616257,0.0010000000474974513,0.023000001907348633,1.128,0.5858129947743518,1.363320900135161,0.1770594325952876,0.5492829308376409,0.989136518025909,1.140379631092453,0.4380086088194566,0.18242154249001694,0.11493571102619171,0.035063913092017174,180.5429235017367,0.49048054218292236,0.39049822092056274,0.5139895081520081,0.17916317284107208,0.29232633113861084,0.45339035987854004,0.6283481121063232,0.6578686237335205,0.9637181758880615,0.9769999980926514,0.5733789683956849
pronking,0,action_space,0.0,3.0,0.0,0.5,-1.0,0.04999999701976776,-1.0,0.2900000214576721,0.0,0.0,rough_slope_trot_robustness,rough_slope,1.5,trotting,1000,0.6844089031219482,0.6844089031219482,1.156008005142212,0.401797354221344,0.1383821964263916,0.31915104389190674,1.3508321046829224,0.1383821964263916,0.0368080660700798,0.4430203437805176,0.29956889152526855,0.6865363121032715,0.982886791229248,0.8393633365631104,1.3989403247833252,0.31915104389190674,0.21882374584674835,0.026379402726888657,0.0050468845292925835,0.40206483006477356,0.053506605327129364,216.08737182617188,144.70167541503906,33.64293670654297,40.89015197753906,307.8683776855469,0.05495940148830414,0.06958333402872086,0.6911904215812683,2.2039525508880615,1.130000114440918,0.02312016487121582,0.029999924823641777,3.000000238418579,0.5,0.05103194713592529,0.2913759648799896,0.0,0.6455888748168945,0.5466713905334473,0.7134363055229187,0.37214696407318115,0.45344895124435425,0.696725606918335,0.37695208191871643,0.2537422776222229,0.7746431827545166,0.554434597492218,0.1378997564315796,0.9801128506660461,0.9687509536743164,0.23148933053016663,0.2991670072078705,0.9996000528335571,0.023000001907348633,0.003000000026077032,0.019999999552965164,1.13,0.6116728926126935,1.3965673443891884,0.19185428342906446,0.5473288696252634,0.9914064712464046,1.1827680773437053,0.4677860043297024,0.17727460973354656,0.1156008243560791,0.034398799762129784,186.92549780361497,0.5242615938186646,0.36110955476760864,0.5333775877952576,0.12405956536531448,0.34296318888664246,0.44747722148895264,0.6140984296798706,0.7061577439308167,0.9687509536743164,0.9800000004470348,0.5859206983525502
pronking,0,action_space,0.0,3.0,0.0,0.5,-1.0,0.04999999701976776,-1.0,0.2900000214576721,1.0,0.03999999910593033,rough_slope_trot_robustness,rough_slope,1.5,trotting,1000,0.6607136726379395,0.6607136726379395,1.2137700319290161,0.39278560876846313,0.14628499746322632,0.32847967743873596,1.5081441402435303,0.14628499746322632,0.04530628025531769,0.4419134855270386,0.29827892780303955,0.7535948753356934,1.4470129013061523,0.8807313442230225,1.4868602752685547,0.32847967743873596,0.24924498796463013,0.029885180294513702,0.011094913817942142,0.4166898727416992,0.0658886507153511,238.1815185546875,155.2731475830078,33.786231994628906,43.84739685058594,574.985107421875,0.05812722444534302,0.08433333039283752,0.7561867237091064,2.5043673515319824,1.124000072479248,0.024275410920381546,0.029999924823641777,3.000000238418579,0.5,0.05099203810095787,0.29132264852523804,0.03867722302675247,0.6386218070983887,0.5526003837585449,0.6932446956634521,0.3584412932395935,0.43573176860809326,0.7007411122322083,0.3346116244792938,0.2544775903224945,0.7757235765457153,0.5485925078392029,0.13740122318267822,0.9809775352478027,0.9665496349334717,0.11662818491458893,0.1912543773651123,0.9998000264167786,0.02200000174343586,0.00800000037997961,0.014000000432133675,1.124,0.6727639194909364,1.4926770201178485,0.21285271963335983,0.5461491809048509,1.202918493209807,1.219368801990831,0.4992444170590495,0.20243540725983644,0.12137705460190773,0.028622569516301155,196.2328219425151,0.5394948124885559,0.33993902802467346,0.4406070411205292,0.08943262696266174,0.2677308917045593,0.4345780313014984,0.5729131102561951,0.6559526920318604,0.9665496349334717,0.9859999995678663,0.5565440489077254
pronking,0,action_space,0.0,3.0,0.0,0.5,-1.0,0.04999999701976776,0.0,0.33000001311302185,-1.0,-0.03999999910593033,rough_slope_trot_robustness,rough_slope,1.5,trotting,1000,0.6736353635787964,0.6736353635787964,1.237778902053833,0.3832347095012665,0.135983407497406,0.30510640144348145,1.3482775688171387,0.135983407497406,0.03686979413032532,0.4517815411090851,0.3282521963119507,0.750839114189148,1.5107014179229736,0.8397930860519409,1.40689218044281,0.30510640144348145,0.2219877392053604,0.03911823406815529,0.008541388437151909,0.41089344024658203,0.05672965943813324,233.9713592529297,158.01158142089844,33.19696044921875,41.70655822753906,372.4465026855469,0.05922531336545944,0.08183333277702332,0.7087291479110718,2.3407106399536133,1.127000093460083,0.024755578488111496,0.029999924823641777,3.000000238418579,0.5,0.05111522972583771,0.33000147342681885,-0.03851298987865448,0.6610524654388428,0.5661332011222839,0.616524875164032,0.3744635581970215,0.4361007809638977,0.7187168598175049,0.36981040239334106,0.2532128095626831,0.7782118320465088,0.5442709922790527,0.13894090056419373,0.9783835411071777,0.9660676121711731,0.23391133546829224,0.30646413564682007,0.9996000528335571,0.02500000037252903,0.007000000216066837,0.018000001087784767,1.127,0.6288634658177129,1.441158969061756,0.1920150882882002,0.572932977155226,1.2291059425138964,1.186124858707046,0.47115574835224117,0.21831083918419442,0.12377789244055748,0.026221731677651405,189.02516343161415,0.555728554725647,0.39419910311698914,0.38550832867622375,0.12422344833612442,0.3215528726577759,0.43964534997940063,0.5949756503105164,0.6642035245895386,0.9660676121711731,0.9819999989122152,0.5606570191877455
pronking,0,action_space,0.0,3.0,0.0,0.5,-1.0,0.04999999701976776,0.0,0.33000001311302185,0.0,0.0,rough_slope_trot_robustness,rough_slope,1.5,trotting,1000,0.7206013798713684,0.7206013798713684,1.241699457168579,0.3724892735481262,0.1296258568763733,0.2972809970378876,1.467591643333435,0.1296258568763733,0.0387825183570385,0.4495813846588135,0.30814048647880554,0.6946108341217041,1.394242763519287,0.7754894495010376,1.1821407079696655,0.2972809970378876,0.20648834109306335,0.026420801877975464,0.006838370114564896,0.4062384366989136,0.04568934813141823,226.8330078125,150.90673828125,33.53821563720703,40.193424224853516,530.7579956054688,0.05619952082633972,0.06716667115688324,0.765345573425293,2.5065042972564697,1.1470000743865967,0.024833988398313522,0.029999924823641777,3.000000238418579,0.5,0.0510786809027195,0.33000147342681885,0.0,0.670920193195343,0.5812304615974426,0.691985011100769,0.38717949390411377,0.4783267080783844,0.7330012321472168,0.35319894552230835,0.2495531141757965,0.7869737148284912,0.55386883020401,0.1384841501712799,0.9792481660842896,0.9716161489486694,0.4757413864135742,0.5246927738189697,0.9998000264167786,0.024000000208616257,0.004000000189989805,0.020000001415610313,1.147,0.6672585711026047,1.478265716827387,0.19693277623858985,0.5551040321226334,1.180780573823641,1.0872629433442793,0.4544098822572671,0.18237097354716392,0.12416994199156761,0.025829682126641273,182.67947731067105,0.574076235294342,0.41322627663612366,0.5141792297363281,0.10611392557621002,0.40100276470184326,0.443757563829422,0.5790783762931824,0.7147421836853027,0.9716161489486694,0.9799999985843897,0.5973735735016434
pronking,0,action_space,0.0,3.0,0.0,0.5,-1.0,0.04999999701976776,0.0,0.33000001311302185,1.0,0.03999999910593033,rough_slope_trot_robustness,rough_slope,1.5,trotting,1000,0.6634618639945984,0.6634618639945984,1.1400235891342163,0.48907414078712463,0.1553044468164444,0.39392614364624023,1.3325960636138916,0.1553044468164444,0.05807093530893326,0.45542067289352417,0.3374060392379761,0.9243544340133667,2.766735792160034,0.9780213832855225,1.8473491668701172,0.39392614364624023,0.44111430644989014,0.039432987570762634,0.02364303357899189,0.4659522771835327,0.07908608019351959,268.5903625488281,186.21902465820312,32.51141357421875,43.42010498046875,585.995849609375,0.06717026978731155,0.06733334064483643,0.7235502004623413,2.421313762664795,1.0830000638961792,0.022800490260124207,0.029999924823641777,3.000000238418579,0.5,0.0511283352971077,0.33000147342681885,0.038495518267154694,0.5848473906517029,0.5125617980957031,0.6536554098129272,0.335448294878006,0.4148620069026947,0.6639491319656372,0.3751664161682129,0.2629571259021759,0.7480913400650024,0.5216180086135864,0.1391047090291977,0.9775189161300659,0.9649337530136108,0.23443147540092468,0.3050903379917145,0.9989999532699585,0.026000000536441803,0.0020000000949949026,0.024000000208616257,1.083,0.6680980340705794,1.4952414409100383,0.24097911799351673,0.5808666277537178,1.6633507724349768,1.3591722359105622,0.6641643670431967,0.25114940005852,0.11400245130062103,0.03599717281758785,235.60070608083416,0.38413006067276,0.21187090873718262,0.28322309255599976,0.08257777243852615,0.20562081038951874,0.3938029706478119,0.5718167424201965,0.7141468524932861,0.9649337530136108,0.9759999997913837,0.47708686147081225
pronking,0,action_space,0.0,3.0,0.0,0.5,-1.0,0.04999999701976776,1.0,0.3700000047683716,-1.0,-0.03999999910593033,rough_slope_trot_robustness,rough_slope,1.5,trotting,1000,0.6614103317260742,0.6614103317260742,1.2265610694885254,0.4097607731819153,0.1282036006450653,0.30104178190231323,1.3302401304244995,0.1282036006450653,0.03601660579442978,0.4456837773323059,0.30438369512557983,0.6707728505134583,1.0298012495040894,0.7834020853042603,1.2255122661590576,0.30104178190231323,0.17882272601127625,0.029101625084877014,0.005954407155513763,0.4136624336242676,0.08750376105308533,216.0194091796875,140.44662475585938,33.49333953857422,40.852622985839844,381.7079162597656,0.05442231148481369,0.07708333432674408,0.7339318990707397,2.4691388607025146,1.1349999904632568,0.024531230330467224,0.029999924823641777,3.000000238418579,0.5,0.051115185022354126,0.3685126304626465,-0.03851303830742836,0.6493765115737915,0.548430323600769,0.6424038410186768,0.3852769434452057,0.46464818716049194,0.7100883722305298,0.387678861618042,0.25492146611213684,0.7637661695480347,0.5467995405197144,0.1389404535293579,0.9783835411071777,0.9620686769485474,0.11996059119701385,0.20284205675125122,0.9998000264167786,0.02500000037252903,0.004000000189989805,0.021000001579523087,1.135,0.646636021819934,1.4749415494653364,0.18978041467556597,0.5517097924865751,1.014791234443858,1.1070285751321225,0.4228743619696945,0.18723256191269397,0.12265615165233612,0.027343472465872765,176.11794027489177,0.510882556438446,0.4040318429470062,0.4960291385650635,0.12866127490997314,0.17376087605953217,0.4372173249721527,0.58050137758255,0.6801671385765076,0.9620686769485474,0.9789999984204769,0.5511280119811234
pronking,0,action_space,0.0,3.0,0.0,0.5,-1.0,0.04999999701976776,1.0,0.3700000047683716,0.0,0.0,rough_slope_trot_robustness,rough_slope,1.5,trotting,1000,0.691085696220398,0.691085696220398,1.2332544326782227,0.36465346813201904,0.12176692485809326,0.28055375814437866,1.3848192691802979,0.12176692485809326,0.03077618032693863,0.44249480962753296,0.2979166805744171,0.6551055312156677,0.8756436109542847,0.764757513999939,1.1248360872268677,0.28055375814437866,0.1858089119195938,0.022302888333797455,0.004014696925878525,0.42024746537208557,0.07305610179901123,222.44009399414062,148.48977661132812,34.23656463623047,42.314453125,564.9952392578125,0.05269257724285126,0.05950000882148743,0.7812368869781494,2.582547664642334,1.1400001049041748,0.024665087461471558,0.029999924823641777,3.000000238418579,0.5,0.05103541165590286,0.36861902475357056,0.0,0.679020881652832,0.5980613827705383,0.7089930176734924,0.3879191279411316,0.4638633728027344,0.744664192199707,0.39195677638053894,0.25184792280197144,0.7747905254364014,0.5474545359611511,0.13794317841529846,0.9801129102706909,0.9687349796295166,0.23156990110874176,0.2998809218406677,1.0,0.023000001907348633,0.004000000189989805,0.01900000125169754,1.14,0.6852954529879386,1.5051220628011939,0.17543141203028217,0.5458174425340556,0.9357583079803699,1.0605828997428102,0.4310555786897947,0.1622269560204961,0.12332543730735779,0.026674186810851097,180.36837176500063,0.5874943733215332,0.4551609754562378,0.5907562971115112,0.13528889417648315,0.23197583854198456,0.43149691820144653,0.5675944089889526,0.7426725625991821,0.9687349796295166,0.9809999987483025,0.5960037465158262
pronking,0,action_space,0.0,3.0,0.0,0.5,-1.0,0.04999999701976776,1.0,0.3700000047683716,1.0,0.03999999910593033,rough_slope_trot_robustness,rough_slope,1.5,trotting,1000,0.6677918434143066,0.6677918434143066,1.2022289037704468,0.37366658449172974,0.14342699944972992,0.33627617359161377,1.6343865394592285,0.14342699944972992,0.04243383929133415,0.45082443952560425,0.3115943968296051,0.7440840601921082,1.5368492603302002,0.8178504109382629,1.2691313028335571,0.33627617359161377,0.2351664900779724,0.021488644182682037,0.012790589593350887,0.42033231258392334,0.0869516134262085,232.83680725097656,156.88528442382812,33.37494659423828,41.86271286010742,366.3633117675781,0.056397560983896255,0.0754166692495346,0.7797075510025024,2.522757053375244,1.1190000772476196,0.024044575169682503,0.029999924823641777,3.000000238418579,0.5,0.051060423254966736,0.3685857355594635,0.03858606517314911,0.6581723690032959,0.5177242159843445,0.7308048009872437,0.367292195558548,0.4745655953884125,0.677530825138092,0.3015333414077759,0.2502392828464508,0.7830252647399902,0.5454308986663818,0.13825595378875732,0.9792481660842896,0.9636654257774353,0.11861921846866608,0.1964491456747055,0.9994000196456909,0.024000000208616257,0.006000000052154064,0.018000001087784767,1.119,0.6967895616901251,1.5014907206559145,0.20599475549473134,0.5582064105952251,1.2396972454313997,1.1265572789847649,0.4849396767413164,0.1851465197513389,0.12022287584841251,0.02977674826979637,193.6709444605354,0.572062611579895,0.32276955246925354,0.5037955641746521,0.08348709344863892,0.17569033801555634,0.43142369389533997,0.5691457986831665,0.6858589053153992,0.9636654257774353,0.9819999989122152,0.5626919680324041
pronking,0,action_space,0.0,3.0,0.0,0.5,0.0,0.07999999821186066,-1.0,0.2900000214576721,-1.0,-0.03999999910593033,rough_slope_trot_robustness,rough_slope,1.5,trotting,1000,0.6589813232421875,0.6589813232421875,1.1658482551574707,0.45618993043899536,0.14726781845092773,0.35391178727149963,1.4643176794052124,0.14726781845092773,0.06089065968990326,0.4546629786491394,0.32569634914398193,0.8928060531616211,2.0755019187927246,0.9496936798095703,1.8229259252548218,0.35391178727149963,0.4186115860939026,0.04799368232488632,0.015088837593793869,0.44248560070991516,0.09849929809570312,263.6005554199219,180.8824005126953,32.69911193847656,41.591705322265625,515.7382202148438,0.06683357805013657,0.07258333265781403,0.7765027284622192,2.812673807144165,1.1010000705718994,0.02331695519387722,0.029999924823641777,3.000000238418579,0.5,0.08000031858682632,0.29143887758255005,-0.038561031222343445,0.6179158687591553,0.5361123085021973,0.6069678068161011,0.342393696308136,0.38688796758651733,0.6877516508102417,0.3614893853664398,0.2584909200668335,0.7510632276535034,0.5259603261947632,0.5,0.9792481660842896,0.9673759937286377,0.23283323645591736,0.30395644903182983,0.9995999932289124,0.024000000208616257,0.003000000026077032,0.021000001579523087,1.101,0.7052703774267711,1.5983284377266127,0.24676032843612294,0.5706981243564604,1.4406602371110007,1.3501577408787544,0.647001998523886,0.25116233777913477,0.1165847759693861,0.033414848148822784,226.10194273037484,0.4349879026412964,0.28577926754951477,0.28318625688552856,0.06841721385717392,0.1394588202238083,0.4127260446548462,0.527997612953186,0.6956444382667542,0.9673759937286377,0.9789999984204769,0.4768353953565422
pronking,0,action_space,0.0,3.0,0.0,0.5,0.0,0.07999999821186066,-1.0,0.2900000214576721,0.0,0.0,rough_slope_trot_robustness,rough_slope,1.5,trotting,1000,0.7391979694366455,0.7391979694366455,1.1843421459197998,0.3603202998638153,0.1248219907283783,0.2647014856338501,1.0013816356658936,0.1248219907283783,0.02568945288658142,0.4467601776123047,0.2979898452758789,0.6189804077148438,0.7964664101600647,0.7416807413101196,1.1352952718734741,0.2647014856338501,0.1379198133945465,0.016107553616166115,0.003932946361601353,0.3903345763683319,0.04088178649544716,209.19505310058594,139.22109985351562,34.44091033935547,41.530914306640625,461.1177673339844,0.05211682617664337,0.07508333027362823,0.8038206100463867,2.752187967300415,1.1500000953674316,0.02368684858083725,0.029999924823641777,3.000000238418579,0.5,0.08000031858682632,0.29141613841056824,0.0,0.6984992027282715,0.5826477408409119,0.7450323700904846,0.4084635376930237,0.47240468859672546,0.74378502368927,0.45124393701553345,0.2464730441570282,0.8002642393112183,0.5616909861564636,0.5,0.9801128506660461,0.9726074934005737,0.4753446578979492,0.5243704319000244,1.0,0.023000001907348633,0.006000000052154064,0.017000000923871994,1.15,0.6989743970788044,1.5469993362414614,0.16027929650014508,0.545884461471362,0.8924496681382456,1.065502356578095,0.3713755691945103,0.1415644728657846,0.11843424290418625,0.031565381214022636,176.6339683353226,0.5949232578277588,0.4962533116340637,0.6697773337364197,0.2197706699371338,0.44147419929504395,0.458099365234375,0.5497444868087769,0.6870030164718628,0.9726074934005737,0.982999999076128,0.649169847565262
pronking,0,action_space,0.0,3.0,0.0,0.5,0.0,0.07999999821186066,-1.0,0.2900000214576721,1.0,0.03999999910593033,rough_slope_trot_robustness,rough_slope,1.5,trotting,1000,0.7038281559944153,0.7038281559944153,1.199812650680542,0.3397946059703827,0.12449713051319122,0.2635761499404907,1.5479769706726074,0.12449713051319122,0.028775613754987717,0.4464980959892273,0.3058467507362366,0.6296650171279907,0.9125086069107056,0.7245277166366577,1.0272417068481445,0.2635761499404907,0.14775699377059937,0.012718332931399345,0.004237696528434753,0.3946663737297058,0.05747734755277634,214.99676513671875,146.2900848388672,33.463592529296875,41.96149444580078,319.983154296875,0.05454740300774574,0.08125001192092896,0.7406677007675171,2.497201442718506,1.1549999713897705,0.02399624139070511,0.029999924823641777,3.000000238418579,0.5,0.08000031858682632,0.29136765003204346,0.038632240146398544,0.7075564861297607,0.5954439043998718,0.7913818359375,0.40259504318237305,0.4790472388267517,0.7479283213615417,0.34202635288238525,0.24723833799362183,0.7977569103240967,0.5586725473403931,0.5,0.9801129102706909,0.9687603712081909,0.231353759765625,0.29813939332962036,1.0,0.023000001907348633,0.003000000026077032,0.020000001415610313,1.155,0.641270704393263,1.4704009441945798,0.16963376360556207,0.5530341316195924,0.9552531637794798,1.0135293320117305,0.38439171917537374,0.13021531960500693,0.11998120695352554,0.030018417164683342,179.19194718839736,0.630122184753418,0.4992122948169708,0.712396502494812,0.11961355060338974,0.3167802393436432,0.45414772629737854,0.5824454426765442,0.6661435961723328,0.9687603712081909,0.9799999985843897,0.6403300637673391
pronking,0,action_space,0.0,3.0,0.0,0.5,0.0,0.07999999821186066,0.0,0.33000001311302185,-1.0,-0.03999999910593033,rough_slope_trot_robustness,rough_slope,1.5,trotting,1000,0.703036904335022,0.703036904335022,1.211235523223877,0.39912089705467224,0.14023417234420776,0.3308303952217102,1.6151820421218872,0.14023417234420776,0.04829969257116318,0.44555556774139404,0.302185595035553,0.7110556364059448,1.2772493362426758,0.8206738233566284,1.291745662689209,0.3308303952217102,0.27290576696395874,0.03432942181825638,0.009913062676787376,0.4136340916156769,0.072829470038414,236.25830078125,160.01751708984375,32.99299621582031,40.672760009765625,242.35305786132812,0.057233087718486786,0.09066667407751083,0.7931181192398071,2.779715061187744,1.1319999694824219,0.024224720895290375,0.029999924823641777,3.000000238418579,0.5,0.08000031858682632,0.33000147342681885,-0.03856098651885986,0.6519805788993835,0.5494121313095093,0.6339073777198792,0.37247413396835327,0.44115033745765686,0.7029670476913452,0.3279881477355957,0.2561236023902893,0.7665413618087769,0.5403033494949341,0.5,0.9792481660842896,0.9716158509254456,0.4757543206214905,0.5247809886932373,1.0,0.023000001907348633,0.004000000189989805,0.01900000125169754,1.132,0.7006343127139466,1.5670286211649174,0.21977191033242438,0.5497141029985978,1.1301545629880347,1.136549894500549,0.5224038351351938,0.21033897521630116,0.12112360447645187,0.02887601964175701,195.05562398996906,0.528776228427887,0.33471107482910156,0.41277623176574707,0.07568496465682983,0.23302967846393585,0.4372421205043793,0.5412387847900391,0.6355062127113342,0.9716158509254456,0.9809999987483025,0.539099815644716
pronking,0,action_space,0.0,3.0,0.0,0.5,0.0,0.07999999821186066,0.0,0.33000001311302185,0.0,0.0,rough_slope_trot_robustness,rough_slope,1.5,trotting,1000,0.7994885444641113,0.7994885444641113,1.233025312423706,0.3486630916595459,0.11596081405878067,0.27664613723754883,1.4306384325027466,0.11596081405878067,0.027347853407263756,0.44320088624954224,0.297111451625824,0.677649974822998,1.0042134523391724,0.7741908431053162,1.2057256698608398,0.27664613723754883,0.15488854050636292,0.018709924072027206,0.0029515186324715614,0.39804312586784363,0.0701969638466835,222.01559448242188,147.90631103515625,33.81462860107422,42.12055969238281,236.3959197998047,0.052819475531578064,0.07183333486318588,0.827813982963562,2.8493611812591553,1.1579999923706055,0.024660492315888405,0.029999924823641777,3.000000238418579,0.5,0.08000031858682632,0.33000147342681885,0.0,0.6906924843788147,0.5849025845527649,0.7299025654792786,0.3940661549568176,0.4658516049385071,0.7420563101768494,0.390114963054657,0.2541196942329407,0.7775600552558899,0.5518776178359985,0.5,0.9792481660842896,0.9762819409370422,1.0,1.0,1.0,0.024000000208616257,0.003000000026077032,0.021000001579523087,1.158,0.7148652546146373,1.5686262000320286,0.16537186401339182,0.5450793076478174,1.0021045116848704,1.098055403821155,0.3935588145453776,0.14717826845189735,0.12330246157944202,0.02669716253876686,180.05761296661066,0.6149195432662964,0.46518000960350037,0.6484121084213257,0.13840162754058838,0.24562746286392212,0.4510909616947174,0.5405613780021667,0.6982579827308655,0.9762819409370422,0.9789999984204769,0.6136977356907569
pronking,0,action_space,0.0,3.0,0.0,0.5,0.0,0.07999999821186066,0.0,0.33000001311302185,1.0,0.03999999910593033,rough_slope_trot_robustness,rough_slope,1.5,trotting,1000,0.6953587532043457,0.6953587532043457,1.0931134223937988,0.5110576152801514,0.17209242284297943,0.43268531560897827,1.3674484491348267,0.17209242284297943,0.08241872489452362,0.4676392674446106,0.34912025928497314,1.04324209690094,3.47660493850708,0.9640004634857178,1.8962547779083252,0.43268531560897827,0.6085144877433777,0.04809288680553436,0.038537196815013885,0.5052320957183838,0.09720950573682785,305.96917724609375,220.4779052734375,30.87187385559082,40.80253601074219,377.4383544921875,0.08102336525917053,0.06324999779462814,0.7417435646057129,2.6880507469177246,1.040000081062317,0.021862279623746872,0.029999924823641777,3.000000238418579,0.5,0.08000031858682632,0.33000147342681885,0.038679834455251694,0.5884978771209717,0.5151932835578918,0.6509339809417725,0.3460160195827484,0.39638862013816833,0.6601271629333496,0.34860700368881226,0.25011444091796875,0.7682688236236572,0.5000209212303162,0.5,0.9809775352478027,0.9739811420440674,0.4735714793205261,0.518623948097229,0.9996000528335571,0.02200000174343586,0.003000000026077032,0.01900000125169754,1.04,0.7132149329552284,1.60768909081961,0.28708661566594085,0.5908639938978962,1.864565616573222,1.377045670233317,0.7800733861268295,0.2943298891049773,0.10931139811873436,0.040688225999474525,279.9061570171325,0.3517904579639435,0.15379022061824799,0.17682377994060516,0.04900549352169037,0.14310306310653687,0.3640499413013458,0.5240511298179626,0.7288771867752075,0.9739811420440674,0.9809999987483025,0.4348409887599318
pronking,0,action_space,0.0,3.0,0.0,0.5,0.0,0.07999999821186066,1.0,0.3700000047683716,-1.0,-0.03999999910593033,rough_slope_trot_robustness,rough_slope,1.5,trotting,1000,0.6803854703903198,0.6803854703903198,1.2420783042907715,0.35501334071159363,0.13892747461795807,0.328892320394516,1.5226444005966187,0.13892747461795807,0.0430622436106205,0.4410911798477173,0.30581212043762207,0.6817559003829956,1.2272026538848877,0.775946855545044,1.1782701015472412,0.328892320394516,0.2683616280555725,0.026716191321611404,0.006050068885087967,0.41680923104286194,0.06297171115875244,227.95928955078125,152.81031799316406,33.12135314941406,40.66123962402344,499.2906799316406,0.057248104363679886,0.07391667366027832,0.8192058801651001,2.877847194671631,1.1290000677108765,0.02484157681465149,0.029999924823641777,3.000000238418579,0.5,0.08000031858682632,0.3686205744743347,-0.038621027022600174,0.6860092878341675,0.5416554808616638,0.6665048003196716,0.38913917541503906,0.45654910802841187,0.6975264549255371,0.34460046887397766,0.25889283418655396,0.7747503519058228,0.5414347648620605,0.5,0.9801129102706909,0.9687354564666748,0.23154371976852417,0.2997002601623535,1.0,0.023000001907348633,0.00800000037997961,0.015000000596046448,1.129,0.7256030208563995,1.596566058140401,0.2075144419326532,0.5530028213649747,1.1077917917573175,1.0854815067734878,0.5180363192437114,0.1810145303744961,0.12420788407325745,0.02579174004495144,183.53053005055614,0.6040260791778564,0.3390181362628937,0.5192731618881226,0.09219133108854294,0.28381454944610596,0.43447431921958923,0.5287414193153381,0.6910221576690674,0.9687354564666748,0.9849999994039536,0.586591448438795
pronking,0,action_space,0.0,3.0,0.0,0.5,0.0,0.07999999821186066,1.0,0.3700000047683716,0.0,0.0,rough_slope_trot_robustness,rough_slope,1.5,trotting,1000,0.7172940969467163,0.7172940969467163,1.2231006622314453,0.3890218138694763,0.12538784742355347,0.3003465533256531,1.4398844242095947,0.12538784742355347,0.04501347243785858,0.44841617345809937,0.302988201379776,0.7069941163063049,1.4867719411849976,0.860318124294281,1.4745550155639648,0.3003465533256531,0.22728386521339417,0.02938428893685341,0.007847778499126434,0.4252626299858093,0.06452740728855133,236.32542419433594,160.0919189453125,33.4791145324707,41.331214904785156,288.5372619628906,0.059664905071258545,0.0728333368897438,0.7742635011672974,2.7493581771850586,1.1449999809265137,0.024462006986141205,0.029999924823641777,3.000000238418579,0.5,0.08000031858682632,0.3686196208000183,0.0,0.6555910110473633,0.5723047852516174,0.698413610458374,0.3800649642944336,0.46973496675491333,0.7244967222213745,0.3650308847427368,0.25004205107688904,0.7675643563270569,0.5393642783164978,0.5,0.9801129102706909,0.9727984666824341,0.47467124462127686,0.5217583775520325,1.0,0.023000001907348633,0.006000000052154064,0.017000000923871994,1.145,0.6762126006413756,1.549576122995566,0.2121637868201324,0.5504436405117021,1.2193325802196042,1.2143125691369439,0.476742976050402,0.19295612826748945,0.12231003493070602,0.02768958918750286,193.21829469307937,0.5458823442459106,0.4057246446609497,0.4749045968055725,0.09631281346082687,0.27511996030807495,0.42719048261642456,0.5486488938331604,0.694775402545929,0.9727984666824341,0.982999999076128,0.564136811973233
pronking,0,action_space,0.0,3.0,0.0,0.5,0.0,0.07999999821186066,1.0,0.3700000047683716,1.0,0.03999999910593033,rough_slope_trot_robustness,rough_slope,1.5,trotting,1000,0.6843367218971252,0.6843367218971252,1.225121021270752,0.40962886810302734,0.12997108697891235,0.31651538610458374,1.276793360710144,0.12997108697891235,0.035613253712654114,0.44360029697418213,0.29177922010421753,0.710701584815979,1.0729683637619019,0.8177263736724854,1.2899796962738037,0.31651538610458374,0.20961973071098328,0.02777669206261635,0.0061989231035113335,0.4172983169555664,0.06831194460391998,225.85153198242188,148.7843017578125,34.39459228515625,42.69512176513672,449.9616394042969,0.060305386781692505,0.06258334219455719,0.7979162931442261,2.731233596801758,1.1570000648498535,0.024502426385879517,0.029999924823641777,3.000000238418579,0.5,0.08000031858682632,0.36861807107925415,0.03861835598945618,0.6387597322463989,0.5416886806488037,0.7130084037780762,0.367522656917572,0.45137548446655273,0.6979602575302124,0.4038289785385132,0.24571356177330017,0.7636192440986633,0.5418297052383423,0.5,0.9801129102706909,0.9687342643737793,0.23158732056617737,0.30000725388526917,1.0,0.023000001907348633,0.009000000543892384,0.014000000432133675,1.157,0.6896424025632022,1.5364298204899691,0.18871474164106553,0.5401659190510056,1.035841862333195,1.1357727309078185,0.4578424736860739,0.18432475462109718,0.12251213192939758,0.027487492188811302,184.35038503229524,0.5111034512519836,0.3672105669975281,0.5068641304969788,0.13682419061660767,0.2550644874572754,0.434049516916275,0.5542418360710144,0.7313108444213867,0.9687342643737793,0.9859999995678663,0.5649904164632684
pronking,0,action_space,0.0,3.0,0.0,0.5,1.0,0.10999999940395355,-1.0,0.2900000214576721,-1.0,-0.03999999910593033,rough_slope_trot_robustness,rough_slope,1.5,trotting,1000,0.6464979648590088,0.6464979648590088,1.232618808746338,0.4011414647102356,0.1409328281879425,0.322929710149765,1.4341614246368408,0.1409328281879425,0.03946938365697861,0.44396793842315674,0.3058212995529175,0.7783076763153076,1.4914400577545166,0.85562664270401,1.4847407341003418,0.322929710149765,0.21703636646270752,0.04142692685127258,0.00679463054984808,0.4139431118965149,0.0656871348619461,252.74093627929688,169.65185546875,32.68707275390625,40.99787902832031,357.8785705566406,0.06426459550857544,0.06658335030078888,0.8845345973968506,3.2501134872436523,1.1349999904632568,0.02465236932039261,0.029999924823641777,3.000000238418579,0.5,0.1089639887213707,0.2913816571235657,-0.0386182963848114,0.6433414220809937,0.5242918133735657,0.6054403781890869,0.36539655923843384,0.4163625240325928,0.6879374384880066,0.3505082130432129,0.25879812240600586,0.7505172491073608,0.5349268317222595,0.8620465397834778,0.9801129102706909,0.965031623840332,0.11779206991195679,0.19570165872573853,0.9998000264167786,0.023000001907348633,0.003000000026077032,0.020000001415610313,1.135,0.7793255910999449,1.6921985494074685,0.1986690304425393,0.5530111206412738,1.2212452897573511,1.2184993779646922,0.4658716201516331,0.219594074148463,0.12326184660196304,0.026737777516245842,205.04387446136136,0.5253671407699585,0.35245370864868164,0.38119998574256897,0.10822432488203049,0.2688121199607849,0.4369719624519348,0.4887598752975464,0.7168298959732056,0.965031623840332,0.9799999985843897,0.5364779403531237
pronking,0,action_space,0.0,3.0,0.0,0.5,1.0,0.10999999940395355,-1.0,0.2900000214576721,0.0,0.0,rough_slope_trot_robustness,rough_slope,1.5,trotting,1000,0.681460976600647,0.681460976600647,1.2118048667907715,0.395308256149292,0.1315174400806427,0.3026811480522156,1.3813823461532593,0.1315174400806427,0.03814437985420227,0.4499785006046295,0.316602885723114,0.7183430790901184,1.191346526145935,0.81547611951828,1.4047843217849731,0.3026811480522156,0.2239094227552414,0.029080834239721298,0.006254859268665314,0.40609943866729736,0.04691586643457413,245.20233154296875,167.26417541503906,32.51313781738281,40.48160171508789,295.2474670410156,0.06230466812849045,0.05483333766460419,0.827430248260498,3.1170334815979004,1.124000072479248,0.024236083030700684,0.029999924823641777,3.000000238418579,0.5,0.10888954997062683,0.2914808690547943,0.0,0.663445234298706,0.5530030131340027,0.6964518427848816,0.3831687569618225,0.42298179864883423,0.7141061425209045,0.3726709187030792,0.2523215413093567,0.7703405618667603,0.5439941883087158,0.8611162304878235,0.9783835411071777,0.9661545157432556,0.2337809056043625,0.30596011877059937,0.9998000264167786,0.02500000037252903,0.003000000026077032,0.02200000174343586,1.124,0.7361478432217526,1.6652811212358896,0.1953058623139671,0.5626747601617776,1.0914882162194584,1.1852359772572605,0.47319068329294206,0.18797790696884198,0.12118041515350342,0.028819208964705467,202.3447324422283,0.5352215766906738,0.4000527858734131,0.49326246976852417,0.11715353280305862,0.3912856876850128,0.44388094544410706,0.49992844462394714,0.7602053284645081,0.9661545157432556,0.9779999982565641,0.5781927994011264
pronking,0,action_space,0.0,3.0,0.0,0.5,1.0,0.10999999940395355,-1.0,0.2900000214576721,1.0,0.03999999910593033,rough_slope_trot_robustness,rough_slope,1.5,trotting,1000,0.6796755790710449,0.6796755790710449,1.2244288921356201,0.34665927290916443,0.11684480309486389,0.24664568901062012,1.5252232551574707,0.11684480309486389,0.02565709874033928,0.4392438530921936,0.3036358952522278,0.6702889204025269,0.8907339572906494,0.7704975008964539,1.086061716079712,0.24664568901062012,0.11243532598018646,0.01573006995022297,0.0033231363631784916,0.3968285322189331,0.047952067106962204,229.4508056640625,158.5916748046875,33.235633850097656,40.12030792236328,321.361083984375,0.05615924298763275,0.07516667246818542,0.7569220066070557,2.6838607788085938,1.1420000791549683,0.024488579481840134,0.029999924823641777,3.000000238418579,0.5,0.10892026126384735,0.29143989086151123,0.03856002539396286,0.6972789764404297,0.6038341522216797,0.7697223424911499,0.3844413757324219,0.4436383545398712,0.7590698003768921,0.3522787392139435,0.25455331802368164,0.7703077793121338,0.5510334968566895,0.8615001440048218,0.9792482256889343,0.9635125994682312,0.11894923448562622,0.2001175433397293,1.0,0.024000000208616257,0.003000000026077032,0.021000001579523087,1.142,0.6628038503242666,1.5330167686385177,0.1601783341789372,0.5510316644733112,0.943787029626202,1.0421428482121402,0.33531377242843224,0.13803335217765836,0.12244289740920067,0.027556726709008217,187.39414525237132,0.6183562278747559,0.5442530512809753,0.6831340789794922,0.13024146854877472,0.3832601308822632,0.45218807458877563,0.5556953549385071,0.6867167353630066,0.9635125994682312,0.9789999984204769,0.6396109616678013
pronking,0,action_space,0.0,3.0,0.0,0.5,1.0,0.10999999940395355,0.0,0.33000001311302185,-1.0,-0.03999999910593033,rough_slope_trot_robustness,rough_slope,1.5,trotting,1000,0.6756081581115723,0.6756081581115723,1.2126203775405884,0.396605908870697,0.13139164447784424,0.3367132842540741,1.290297508239746,0.13139164447784424,0.03743445873260498,0.4540024995803833,0.32721006870269775,0.8486679792404175,2.023155689239502,0.8194864392280579,1.3002910614013672,0.3367132842540741,0.2844882607460022,0.03626059740781784,0.013798117637634277,0.44841498136520386,0.07487186789512634,265.7950439453125,184.38528442382812,31.92464828491211,40.08527374267578,260.75482177734375,0.06537646055221558,0.07783333957195282,0.9573791027069092,3.7171640396118164,1.1080000400543213,0.02425241656601429,0.029999924823641777,3.000000238418579,0.5,0.10892028361558914,0.33000147342681885,-0.03856005147099495,0.6725456714630127,0.5472870469093323,0.6427940130233765,0.3671785593032837,0.4104129672050476,0.7028336524963379,0.4083743989467621,0.2598905563354492,0.7553471326828003,0.522836446762085,0.8615002632141113,0.9792481660842896,0.9673757553100586,0.2328493744134903,0.30406811833381653,0.9998000264167786,0.024000000208616257,0.005000000353902578,0.01900000125169754,1.108,0.8640604948739282,1.8316225625501013,0.1934798664786726,0.5720227868736505,1.4223767747117857,1.140303056823653,0.5333744095342429,0.22373805006179015,0.12126208283007145,0.028737541288137436,219.1906460325139,0.5330260396003723,0.3218214809894562,0.3674476742744446,0.13016054034233093,0.22370269894599915,0.40786054730415344,0.4322676658630371,0.6776213049888611,0.9673757553100586,0.9809999987483025,0.5284978084658322
pronking,0,action_space,0.0,3.0,0.0,0.5,1.0,0.10999999940395355,0.0,0.33000001311302185,0.0,0.0,rough_slope_trot_robustness,rough_slope,1.5,trotting,1000,0.7221970558166504,0.7221970558166504,1.2401890754699707,0.37619468569755554,0.13096505403518677,0.3405856192111969,1.1081805229187012,0.13096505403518677,0.047251734882593155,0.44946759939193726,0.3278047442436218,0.7184513807296753,1.1977256536483765,0.828298032283783,1.3128676414489746,0.3405856192111969,0.30199775099754333,0.029663776978850365,0.007857158780097961,0.43120622634887695,0.06309156119823456,247.95907592773438,167.5958251953125,33.2188720703125,41.71691131591797,658.7047119140625,0.06437680870294571,0.07950000464916229,0.8505192995071411,3.289715528488159,1.130000114440918,0.024803776293992996,0.029999924823641777,3.000000238418579,0.5,0.10887651145458221,0.33000147342681885,0.0,0.6625984907150269,0.5448648929595947,0.691592812538147,0.3727951645851135,0.4446773827075958,0.6981909275054932,0.45351967215538025,0.26077181100845337,0.769972026348114,0.5301437377929688,0.8609532713890076,0.9783835411071777,0.9704334735870361,0.4768434762954712,0.5278427600860596,1.0,0.02500000037252903,0.0020000000949949026,0.023000001907348633,1.13,0.7526719354950221,1.7062392875040548,0.2173746417653015,0.5725423514846931,1.0944065303388757,1.1458043643872957,0.5495432203180596,0.19370321566496598,0.12401888146996498,0.025980742648243904,199.9365103532863,0.5677410960197449,0.31349068880081177,0.47216880321502686,0.12832164764404297,0.2831350564956665,0.4221424460411072,0.48296400904655457,0.6719979047775269,0.9704334735870361,0.9769999980926514,0.5672975727602055
pronking,0,action_space,0.0,3.0,0.0,0.5,1.0,0.10999999940395355,0.0,0.33000001311302185,1.0,0.03999999910593033,rough_slope_trot_robustness,rough_slope,1.5,trotting,1000,0.709265410900116,0.709265410900116,1.2394182682037354,0.32048869132995605,0.10261036455631256,0.25530165433883667,1.3858680725097656,0.10261036455631256,0.019496861845254898,0.44598251581192017,0.3051469624042511,0.6537706851959229,0.8223695755004883,0.7193304896354675,1.0074996948242188,0.25530165433883667,0.11670103669166565,0.011340118944644928,0.0027305888943374157,0.41362661123275757,0.05338253080844879,231.70556640625,157.1279296875,33.77591323852539,39.66510772705078,282.41552734375,0.05516783148050308,0.06458333879709244,0.856671929359436,3.189544916152954,1.1490000486373901,0.024788375943899155,0.029999924823641777,3.000000238418579,0.5,0.10890224575996399,0.33000147342681885,0.03853600099682808,0.7348045706748962,0.5870460271835327,0.8055548667907715,0.4020758867263794,0.4639359712600708,0.7482463121414185,0.3898085951805115,0.24692615866661072,0.7820417881011963,0.5450111627578735,0.8612749576568604,0.9783835411071777,0.9663815498352051,0.23342224955558777,0.3048707842826843,1.0,0.02500000037252903,0.006000000052154064,0.01900000125169754,1.149,0.7455804491167591,1.6661125942044193,0.13963116358913183,0.552401088344557,0.9068459491559128,1.0037428429753403,0.34161533439186487,0.11862001449579385,0.12394187971949577,0.026057744398713112,186.94703180553918,0.6630850434303284,0.5211125016212463,0.7547156810760498,0.16934700310230255,0.3438153564929962,0.43724867701530457,0.4995823800563812,0.7240341901779175,0.9663815498352051,0.9809999987483025,0.6600935192484605
pronking,0,action_space,0.0,3.0,0.0,0.5,1.0,0.10999999940395355,1.0,0.3700000047683716,-1.0,-0.03999999910593033,rough_slope_trot_robustness,rough_slope,1.5,trotting,1000,0.640421986579895,0.640421986579895,1.2455977201461792,0.4263339638710022,0.14850930869579315,0.3793712258338928,1.510768175125122,0.14850930869579315,0.05233151838183403,0.4532972276210785,0.3293139934539795,0.9285594820976257,2.8916587829589844,0.9202945828437805,1.7552785873413086,0.3793712258338928,0.34815090894699097,0.04354646056890488,0.018477754667401314,0.47348397970199585,0.08538515865802765,294.24005126953125,206.58071899414062,31.759666442871094,40.12846374511719,440.95947265625,0.07329127192497253,0.07091666758060455,0.864932656288147,3.2484724521636963,1.100000023841858,0.02491196244955063,0.029999924823641777,3.000000238418579,0.5,0.1089107096195221,0.3685470223426819,-0.03854727745056152,0.6248329877853394,0.5096538066864014,0.5943048596382141,0.3500233292579651,0.38220417499542236,0.6645045280456543,0.3504699766635895,0.2662493586540222,0.7499861717224121,0.5076122879981995,0.8613806962966919,0.9792482256889343,0.9634362459182739,0.1191113144159317,0.20193225145339966,1.0,0.024000000208616257,0.004000000189989805,0.020000001415610313,1.1,0.7863023792613636,1.718475055488216,0.2287608322721222,0.5738588619634444,1.7004878073538148,1.324869271792998,0.5900431415981301,0.24904661257745744,0.12455981224775314,0.025439811870455742,236.22398027109443,0.48333629965782166,0.23711137473583221,0.2892440855503082,0.07750610262155533,0.1812817007303238,0.38791540265083313,0.4779309034347534,0.7014656662940979,0.9634362459182739,0.9799999985843897,0.49291098676621914
pronking,0,action_space,0.0,3.0,0.0,0.5,1.0,0.10999999940395355,1.0,0.3700000047683716,0.0,0.0,rough_slope_trot_robustness,rough_slope,1.5,trotting,1000,0.6793547868728638,0.6793547868728638,1.2501704692840576,0.37243109941482544,0.13171598315238953,0.3316570520401001,1.562657117843628,0.13171598315238953,0.04802675545215607,0.4546796679496765,0.3157520294189453,0.7696704864501953,1.4969806671142578,0.8036933541297913,1.306147813796997,0.3316570520401001,0.3446604609489441,0.032789722084999084,0.010012833401560783,0.44141918420791626,0.06650585681200027,247.9235382080078,167.13150024414062,33.726768493652344,42.13042449951172,715.4833374023438,0.06299905478954315,0.07075001299381256,0.8355599641799927,3.1583423614501953,1.1380000114440918,0.025003399699926376,0.029999924823641777,3.000000238418579,0.5,0.10896527022123337,0.36861979961395264,0.0,0.6814857721328735,0.564148485660553,0.6902426481246948,0.37951308488845825,0.42782193422317505,0.7151892185211182,0.3468054533004761,0.2535339593887329,0.7583390474319458,0.5245699882507324,0.8620625734329224,0.9801129102706909,0.9687350988388062,0.23155999183654785,0.29981327056884766,1.0,0.023000001907348633,0.007000000216066837,0.01600000075995922,1.138,0.7342354450996814,1.66593658779335,0.2191500751817258,0.5619181696821569,1.2235116129870847,1.1428682399108818,0.587077900238924,0.20688778476884484,0.12501699849963188,0.024982625618577003,198.31178571190185,0.5741757750511169,0.3328830599784851,0.4248364269733429,0.08020317554473877,0.26444628834724426,0.41360726952552795,0.4996556341648102,0.7020504474639893,0.9687350988388062,0.9839999992400408,0.5548957473549403
pronking,0,action_space,0.0,3.0,0.0,0.5,1.0,0.10999999940395355,1.0,0.3700000047683716,1.0,0.03999999910593033,rough_slope_trot_robustness,rough_slope,1.5,trotting,1000,0.6469069719314575,0.6469069719314575,1.2294363975524902,0.44077426195144653,0.157091423869133,0.42360758781433105,1.400692343711853,0.157091423869133,0.06837452948093414,0.44753408432006836,0.3207140564918518,0.9267271161079407,2.3483986854553223,0.9506031274795532,1.771268606185913,0.42360758781433105,0.4997723698616028,0.04971266910433769,0.02995580993592739,0.503619909286499,0.09936118125915527,300.8537292480469,213.979736328125,31.959861755371094,41.792259216308594,670.5125732421875,0.07776304334402084,0.06333333998918533,0.8486002683639526,3.2994167804718018,1.0780000686645508,0.024588709697127342,0.029999924823641777,3.000000238418579,0.5,0.10888496041297913,0.36851269006729126,0.03851296007633209,0.6033272743225098,0.4903065264225006,0.6423180103302002,0.3395364582538605,0.38978439569473267,0.6439064741134644,0.4002440571784973,0.268975168466568,0.7405065298080444,0.49351125955581665,0.8610590696334839,0.9783835411071777,0.9620686769485474,0.11996124684810638,0.20284612476825714,0.9994000196456909,0.02500000037252903,0.003000000026077032,0.02199999988079071,1.078,0.7871987762168078,1.7494808410700313,0.261485237596569,0.5663162159887811,1.5324485914559491,1.3308901555672854,0.7069458040483746,0.2822560522650756,0.12294354848563671,0.027056075632572174,244.7086566226392,0.4597245454788208,0.1662215292453766,0.20323961973190308,0.06277596205472946,0.13707546889781952,0.3652256727218628,0.46525445580482483,0.7285735607147217,0.9620686769485474,0.9780000001192093,0.4616167208081798
pronking,0,action_space,1.0,3.4000000953674316,0.0,0.5,-1.0,0.04999999701976776,-1.0,0.2900000214576721,-1.0,-0.03999999910593033,rough_slope_trot_robustness,rough_slope,1.5,trotting,1000,0.6363755464553833,0.6363755464553833,1.154600739479065,0.44144296646118164,0.14157365262508392,0.34129106998443604,1.3875749111175537,0.14157365262508392,0.0402393639087677,0.3868474066257477,0.24569959938526154,0.9665796160697937,2.407993793487549,0.9190830588340759,1.5648924112319946,0.34129106998443604,0.25640416145324707,0.028230231255292892,0.019128821790218353,0.44426393508911133,0.07344304025173187,254.77980041503906,176.33413696289062,32.44050216674805,41.472496032714844,394.6867370605469,0.0592198520898819,0.07666666805744171,0.8128337860107422,2.6361942291259766,1.2300000190734863,0.023092010989785194,0.029999924823641777,3.3862099647521973,0.5,0.05103495344519615,0.2913799285888672,-0.03862001746892929,0.615156352519989,0.5325378179550171,0.6281017065048218,0.3317781686782837,0.3825305700302124,0.6853446960449219,0.35822004079818726,0.309751033782959,0.7464607357978821,0.5268151760101318,0.1379375457763672,0.9801128506660461,0.961650013923645,0.0635840892791748,0.1456701159477234,0.9998000264167786,0.023000001907348633,0.007000000216066837,0.01600000075995922,1.23,0.6608404392149391,1.4639832753876791,0.20059751720489388,0.4956809451504683,1.5517711794873459,1.250956598460552,0.5063636652182373,0.21762135245768335,0.11546005494892597,0.03453956916928291,220.664851236793,0.458640992641449,0.3119862973690033,0.38783276081085205,0.1116526797413826,0.2301875501871109,0.411260724067688,0.5851940512657166,0.6815856695175171,0.961650013923645,0.9839999992400408,0.5246591639557951
pronking,0,action_space,1.0,3.4000000953674316,0.0,0.5,-1.0,0.04999999701976776,-1.0,0.2900000214576721,0.0,0.0,rough_slope_trot_robustness,rough_slope,1.5,trotting,1000,0.6377535462379456,0.6377535462379456,1.1666381359100342,0.4689808189868927,0.1482422947883606,0.3677021861076355,1.5511529445648193,0.1482422947883606,0.050297316163778305,0.41166210174560547,0.2830543518066406,0.8795385360717773,1.9616976976394653,0.9636390805244446,1.6937156915664673,0.3677021861076355,0.2980244755744934,0.04067590832710266,0.016637831926345825,0.44750216603279114,0.09545345604419708,262.09967041015625,181.6649627685547,32.069435119628906,41.43177032470703,445.179443359375,0.06500523537397385,0.07358333468437195,0.7706037759780884,2.5217833518981934,1.2010000944137573,0.023332763463258743,0.029999924823641777,3.3854029178619385,0.5,0.05109544098377228,0.2914605736732483,0.0,0.5856373310089111,0.49831926822662354,0.6271681189537048,0.31436237692832947,0.38738149404525757,0.6589393615722656,0.3297231197357178,0.2946721315383911,0.7416501045227051,0.5238458514213562,0.13869336247444153,0.9792482256889343,0.9633073806762695,0.11924108117818832,0.2027842104434967,0.9994000196456909,0.024000000208616257,0.007000000216066837,0.017000000923871994,1.201,0.6416350530645035,1.4490466598487495,0.2242706315231183,0.5320285253693082,1.4006061893478357,1.3014283274796454,0.5459161799896514,0.2394028827174988,0.11666381731629372,0.03333580680191517,224.66235445467058,0.4148775041103363,0.2587096095085144,0.3178184926509857,0.07752930372953415,0.1482183039188385,0.4086058437824249,0.591594398021698,0.6921748518943787,0.9633073806762695,0.982999999076128,0.4862560776895599
pronking,0,action_space,1.0,3.4000000953674316,0.0,0.5,-1.0,0.04999999701976776,-1.0,0.2900000214576721,1.0,0.03999999910593033,rough_slope_trot_robustness,rough_slope,1.5,trotting,1000,0.6534081697463989,0.6534081697463989,1.184598445892334,0.37831413745880127,0.12913742661476135,0.31508398056030273,1.6869499683380127,0.12913742661476135,0.030659407377243042,0.38677680492401123,0.24537864327430725,0.7974226474761963,1.5429129600524902,0.8789286613464355,1.4918756484985352,0.31508398056030273,0.19860756397247314,0.01861507073044777,0.006511680781841278,0.41471314430236816,0.0862869918346405,225.3037109375,155.58541870117188,33.197540283203125,41.561378479003906,479.3045654296875,0.05187370628118515,0.06483334302902222,0.7003529667854309,2.193178176879883,1.251000165939331,0.02369198575615883,0.029999924823641777,3.386593818664551,0.5,0.051006123423576355,0.2913414239883423,0.03865845501422882,0.6573587656021118,0.542326807975769,0.7458230257034302,0.3320482075214386,0.41065776348114014,0.698354184627533,0.29638004302978516,0.2969776391983032,0.7529367208480835,0.5424689054489136,0.13757723569869995,0.9809775352478027,0.9630478620529175,0.062796451151371,0.1437501460313797,1.0,0.02200000174343586,0.006000000052154064,0.01600000075995922,1.251,0.5598344566534272,1.3240618833407174,0.17509827919555077,0.49535708662974354,1.242140475168767,1.2214236154989535,0.44565408555568425,0.15851419971816105,0.11845992878079414,0.03153969533741474,190.19416386941424,0.5641210675239563,0.37054547667503357,0.6049950122833252,0.10024500638246536,0.1780412793159485,0.43629953265190125,0.6451418995857239,0.7231296896934509,0.9630478620529175,0.9839999992400408,0.5883840358767071
pronking,0,action_space,1.0,3.4000000953674316,0.0,0.5,-1.0,0.04999999701976776,0.0,0.33000001311302185,-1.0,-0.03999999910593033,rough_slope_trot_robustness,rough_slope,1.5,trotting,1000,0.6566625833511353,0.6566625833511353,1.1991839408874512,0.38945794105529785,0.12224326282739639,0.3288993239402771,1.340017557144165,0.12224326282739639,0.03083237260580063,0.39661717414855957,0.2741680145263672,0.7534831762313843,1.369391918182373,0.888511061668396,1.501835584640503,0.3288993239402771,0.2502099871635437,0.03989570960402489,0.005951656959950924,0.4245993494987488,0.09294599294662476,228.7005615234375,156.69845581054688,32.54055404663086,40.219810485839844,377.8816833496094,0.055846408009529114,0.0807500034570694,0.675313413143158,2.0781095027923584,1.2369999885559082,0.023983679711818695,0.029999924823641777,3.385611057281494,0.5,0.051079802215099335,0.33000147342681885,-0.03856022655963898,0.6540484428405762,0.5543586611747742,0.642646312713623,0.3434954285621643,0.4082792401313782,0.7000086307525635,0.40348631143569946,0.30497467517852783,0.7472816109657288,0.532148003578186,0.13849791884422302,0.9792482256889343,0.9635125994682312,0.11894693970680237,0.20010197162628174,1.0,0.024000000208616257,0.004000000189989805,0.020000001415610313,1.237,0.5459283383121969,1.296132352182247,0.17559149354624395,0.5236105561639941,1.1702102025629297,1.2254940165665857,0.5002099430874437,0.21411998170179217,0.11991839855909348,0.03008122555911541,190.7134958413374,0.5451414585113525,0.3390025496482849,0.3997374475002289,0.14132896065711975,0.15584087371826172,0.4277575612068176,0.657053530216217,0.6678110361099243,0.9635125994682312,0.9799999985843897,0.5445120527752136
pronking,0,action_space,1.0,3.4000000953674316,0.0,0.5,-1.0,0.04999999701976776,0.0,0.33000001311302185,0.0,0.0,rough_slope_trot_robustness,rough_slope,1.5,trotting,1000,0.6680538654327393,0.6680538654327393,1.2221879959106445,0.4293580949306488,0.14154952764511108,0.34193068742752075,1.4257845878601074,0.14154952764511108,0.0458977073431015,0.40802106261253357,0.2807786464691162,0.8208355903625488,1.725879430770874,0.9099060893058777,1.5661170482635498,0.34193068742752075,0.28465041518211365,0.03769948333501816,0.011647072620689869,0.41961222887039185,0.08232323080301285,242.85829162597656,165.57359313964844,32.762489318847656,42.16698455810547,487.9250183105469,0.06044420972466469,0.06716667115688324,0.797843873500824,2.5600085258483887,1.2239999771118164,0.02444375678896904,0.029999924823641777,3.385265588760376,0.5,0.051105692982673645,0.33000147342681885,0.0,0.6079206466674805,0.5366988182067871,0.657159149646759,0.3294806480407715,0.4180327355861664,0.6939084529876709,0.3663197159767151,0.290332555770874,0.7593088150024414,0.5396400690078735,0.13882185518741608,0.9783835411071777,0.9661188125610352,0.2336876392364502,0.30462977290153503,0.9996000528335571,0.026000000536441803,0.007000000216066837,0.01900000125169754,1.224,0.6518332288156148,1.446205396773876,0.21423750218647877,0.5298855031694264,1.3137273045692832,1.2514459829587332,0.5335263959562954,0.22214084711215995,0.1222187839448452,0.027780840173363686,198.70780308640192,0.4783591330051422,0.31062591075897217,0.3727187514305115,0.09596816450357437,0.19273008406162262,0.43204545974731445,0.5928122401237488,0.7147421836853027,0.9661188125610352,0.9809999987483025,0.5194783289181559
pronking,0,action_space,1.0,3.4000000953674316,0.0,0.5,-1.0,0.04999999701976776,0.0,0.33000001311302185,1.0,0.03999999910593033,rough_slope_trot_robustness,rough_slope,1.5,trotting,1000,0.6658604145050049,0.6658604145050049,1.188758134841919,0.409428209066391,0.12728218734264374,0.3362710177898407,1.4756790399551392,0.12728218734264374,0.03684109449386597,0.3993481993675232,0.2584816515445709,0.7700570225715637,1.394287109375,0.871163010597229,1.4193189144134521,0.3362710177898407,0.26514309644699097,0.02090984396636486,0.006664044223725796,0.42134448885917664,0.09589783847332001,230.208984375,156.93875122070312,33.43865966796875,41.89952850341797,329.111328125,0.05445942282676697,0.060833342373371124,0.8488439917564392,2.6860296726226807,1.2420001029968262,0.023775160312652588,0.029999924823641777,3.386216163635254,0.5,0.051034457981586456,0.33000147342681885,0.03862068057060242,0.634952962398529,0.5341023802757263,0.7388853430747986,0.33492404222488403,0.43718549609184265,0.688159167766571,0.36573636531829834,0.29775020480155945,0.7555097341537476,0.5414688587188721,0.13793134689331055,0.9801129102706909,0.9650333523750305,0.11776573956012726,0.1955069601535797,1.0,0.02200000174343586,0.007000000216066837,0.015000000596046448,1.242,0.6834492706446256,1.4706001111138514,0.19194034097569476,0.5084109081683544,1.1807993518693174,1.1913517173418822,0.5149204758474759,0.16605387134930236,0.11887580156326294,0.031123822554945946,193.65502336235386,0.5114395618438721,0.3227807283401489,0.576097846031189,0.10942662507295609,0.1469068080186844,0.4305512309074402,0.5823601484298706,0.7377378940582275,0.9650333523750305,0.9849999994039536,0.5632060738770586
pronking,0,action_space,1.0,3.4000000953674316,0.0,0.5,-1.0,0.04999999701976776,1.0,0.3700000047683716,-1.0,-0.03999999910593033,rough_slope_trot_robustness,rough_slope,1.5,trotting,1000,0.6377205848693848,0.6377205848693848,1.171491026878357,0.46297723054885864,0.15049025416374207,0.3796599507331848,1.2396864891052246,0.15049025416374207,0.052011288702487946,0.3940121829509735,0.26294079422950745,0.871811032295227,2.5335233211517334,0.9084590673446655,1.5353686809539795,0.3796599507331848,0.3660326600074768,0.040485285222530365,0.02175210602581501,0.46011990308761597,0.10219781845808029,272.9105224609375,193.40689086914062,31.628971099853516,42.151580810546875,405.7796936035156,0.06586433947086334,0.07866667211055756,0.6830565333366394,2.31535005569458,1.2120001316070557,0.02342982217669487,0.029999924823641777,3.3856868743896484,0.5,0.051074136048555374,0.36856740713119507,-0.03856777772307396,0.6081422567367554,0.5013341903686523,0.6047039031982422,0.3294551968574524,0.40742000937461853,0.6633330583572388,0.3973054587841034,0.30291199684143066,0.7507568597793579,0.5180867314338684,0.13842716813087463,0.9792482256889343,0.9600197076797485,0.06451839208602905,0.14944958686828613,0.9994000196456909,0.024000000208616257,0.0020000000949949026,0.02200000174343586,1.212,0.5635779856061778,1.3821558033075911,0.22805983579422298,0.5127775289826061,1.5917045332447015,1.2390999479275187,0.605006330551571,0.24947422962772203,0.11714911088347435,0.032850513234734535,232.95997681532003,0.4242672622203827,0.2365923374891281,0.2880135178565979,0.10229318588972092,0.12951529026031494,0.3984234929084778,0.6202772855758667,0.6748037338256836,0.9600197076797485,0.9779999982565641,0.48331445092825515
pronking,0,action_space,1.0,3.4000000953674316,0.0,0.5,-1.0,0.04999999701976776,1.0,0.3700000047683716,0.0,0.0,rough_slope_trot_robustness,rough_slope,1.5,trotting,1000,0.6546300649642944,0.6546300649642944,1.2172901630401611,0.40828800201416016,0.1450604498386383,0.36788874864578247,1.5818692445755005,0.1450604498386383,0.05023346468806267,0.4074282646179199,0.27512961626052856,0.8210300207138062,1.716274380683899,0.8965311050415039,1.5907020568847656,0.36788874864578247,0.38872095942497253,0.035072896629571915,0.016082806512713432,0.43755120038986206,0.0984901487827301,256.35589599609375,178.79766845703125,32.88206481933594,41.24466323852539,475.755126953125,0.061103455722332,0.06808333843946457,0.9240983128547668,3.0476367473602295,1.2350001335144043,0.02434578910470009,0.029999924823641777,3.386202812194824,0.5,0.05103543400764465,0.368618905544281,0.0,0.6339778900146484,0.5343414545059204,0.680458664894104,0.344669371843338,0.42746078968048096,0.6892760992050171,0.32875391840934753,0.29717808961868286,0.7540324926376343,0.5297755002975464,0.13794371485710144,0.9801129102706909,0.9650321006774902,0.11778044700622559,0.19561931490898132,1.0,0.023000001907348633,0.006000000052154064,0.017000000923871994,1.235,0.7482577057502531,1.570898481593793,0.22412823268848275,0.5245279937815793,1.310066555822222,1.261230374231752,0.6234749068125938,0.22617626564758148,0.12172894552350044,0.028270678594708443,210.59555377975727,0.5133505463600159,0.2583548426628113,0.3594737648963928,0.07528016716241837,0.13948433101177216,0.41681933403015137,0.5395982265472412,0.7114737629890442,0.9650321006774902,0.982999999076128,0.5129933167052896
pronking,0,action_space,1.0,3.4000000953674316,0.0,0.5,-1.0,0.04999999701976776,1.0,0.3700000047683716,1.0,0.03999999910593033,rough_slope_trot_robustness,rough_slope,1.5,trotting,1000,0.677452564239502,0.677452564239502,1.252974510192871,0.3385343551635742,0.10491323471069336,0.26678717136383057,1.3831491470336914,0.10491323471069336,0.020287873223423958,0.39436131715774536,0.2555845081806183,0.6439566612243652,0.934927225112915,0.8515379428863525,1.3710383176803589,0.26678717136383057,0.1379796415567398,0.016704745590686798,0.003180613275617361,0.4090098738670349,0.05081133916974068,216.312744140625,144.2106475830078,33.1673583984375,39.63070297241211,260.1367492675781,0.05104709044098854,0.06833333522081375,0.731462299823761,2.404245615005493,1.2750000953674316,0.02505948767066002,0.029999924823641777,3.385608196258545,0.5,0.05107996612787247,0.3685597777366638,0.038560010492801666,0.7069329023361206,0.5877597332000732,0.7690720558166504,0.33877235651016235,0.4547448754310608,0.7423123121261597,0.4028262495994568,0.29588913917541504,0.770179808139801,0.5506108999252319,0.13849985599517822,0.9792482256889343,0.9599826335906982,0.06457620859146118,0.15023036301136017,1.0,0.024000000208616257,0.005000000353902578,0.01900000125169754,1.275,0.5736959060968138,1.3732016704834826,0.14243550548730452,0.5055536649858433,0.9669163485601612,1.1709134543937731,0.3714561098659434,0.14101545612557567,0.1252974383533001,0.02470218576490879,172.63938123316478,0.6322805881500244,0.49078261852264404,0.6718587279319763,0.1671428233385086,0.3619581162929535,0.44130468368530273,0.6241149306297302,0.7105849981307983,0.9599826335906982,0.9809999987483025,0.6467924984662157
pronking,0,action_space,1.0,3.4000000953674316,0.0,0.5,0.0,0.07999999821186066,-1.0,0.2900000214576721,-1.0,-0.03999999910593033,rough_slope_trot_robustness,rough_slope,1.5,trotting,1000,0.6586291193962097,0.6586291193962097,1.2013194561004639,0.35184991359710693,0.12498193979263306,0.30746984481811523,1.5597559213638306,0.12498193979263306,0.030552057549357414,0.38345640897750854,0.25035378336906433,0.7818620204925537,1.4945719242095947,0.7947753667831421,1.1578160524368286,0.30746984481811523,0.21338817477226257,0.022778822109103203,0.004370853304862976,0.4250008463859558,0.08252822607755661,235.22117614746094,165.10433959960938,33.06745910644531,40.556678771972656,465.6009216308594,0.05287294089794159,0.06025000661611557,0.8742091655731201,3.047189712524414,1.253000020980835,0.02402639389038086,0.029999924823641777,3.386791467666626,0.5,0.08000031858682632,0.29132169485092163,-0.03867822140455246,0.6964167356491089,0.568219780921936,0.6880396604537964,0.35208117961883545,0.3933742642402649,0.7168411016464233,0.33007097244262695,0.31255197525024414,0.7428420782089233,0.5294075012207031,0.5,0.9809775352478027,0.9665518999099731,0.11661675572395325,0.19115039706230164,1.0,0.02200000174343586,0.003000000026077032,0.01900000125169754,1.253,0.6976928223825319,1.559459831666147,0.1747914687545059,0.5003536582948748,1.2225268603223385,1.0760186115661887,0.461939579135911,0.1647715855782367,0.1201319694519043,0.02986765466630459,195.80235294864806,0.609453022480011,0.3885330557823181,0.5810064077377319,0.11408664286136627,0.1919415146112442,0.427414208650589,0.5444502234458923,0.7398927211761475,0.9665518999099731,0.9809999987483025,0.5902580250250666
pronking,0,action_space,1.0,3.4000000953674316,0.0,0.5,0.0,0.07999999821186066,-1.0,0.2900000214576721,0.0,0.0,rough_slope_trot_robustness,rough_slope,1.5,trotting,1000,0.6697030067443848,0.6697030067443848,1.2163386344909668,0.3869180381298065,0.13062784075737,0.330314040184021,1.6445376873016357,0.13062784075737,0.03526332974433899,0.39011698961257935,0.24480119347572327,0.7756752371788025,1.3536615371704102,0.8838068246841431,1.4067535400390625,0.330314040184021,0.25876784324645996,0.02756280079483986,0.0071412790566682816,0.4228411912918091,0.06556911766529083,244.90054321289062,168.50381469726562,33.48291015625,42.56929016113281,306.7818603515625,0.05512133985757828,0.06975000351667404,0.9030462503433228,3.1172995567321777,1.2710000276565552,0.024326784536242485,0.029999924823641777,3.386322498321533,0.5,0.08000031858682632,0.29136860370635986,0.0,0.6540758013725281,0.5457968711853027,0.6783616542816162,0.335008442401886,0.4114799499511719,0.7005176544189453,0.31565967202186584,0.3002006411552429,0.7520007491111755,0.5371149778366089,0.5,0.9801129102706909,0.9687854051589966,0.2313593626022339,0.29814469814300537,0.9998000264167786,0.023000001907348633,0.004000000189989805,0.01900000125169754,1.271,0.7105005055689417,1.5660891973804527,0.18778532888471078,0.49477388115756804,1.1634696116231014,1.1860664146830322,0.5086922873864513,0.1862903106753224,0.12163392268121243,0.02836570143699646,201.3424027391686,0.549458384513855,0.33585572242736816,0.4995329976081848,0.09538781642913818,0.26944735646247864,0.4292643368244171,0.5416372418403625,0.7055695056915283,0.9687854051589966,0.9809999987483025,0.5680132653368147
pronking,0,action_space,1.0,3.4000000953674316,0.0,0.5,0.0,0.07999999821186066,-1.0,0.2900000214576721,1.0,0.03999999910593033,rough_slope_trot_robustness,rough_slope,1.5,trotting,1000,0.6686447262763977,0.6686447262763977,1.1831133365631104,0.4021660089492798,0.13444861769676208,0.3341262638568878,1.2056338787078857,0.13444861769676208,0.037338171154260635,0.41400808095932007,0.2904894948005676,0.8199814558029175,1.660954236984253,0.8989982604980469,1.47843337059021,0.3341262638568878,0.24923482537269592,0.029641250148415565,0.012652239762246609,0.45561254024505615,0.05975969135761261,276.9473571777344,198.59170532226562,31.633758544921875,39.49183654785156,582.7387084960938,0.06251150369644165,0.07275000214576721,0.8267433643341064,2.817983388900757,1.218000054359436,0.023662269115447998,0.029999924823641777,3.3851284980773926,0.5,0.08000031858682632,0.29148799180984497,0.03851199895143509,0.6496268510818481,0.5428266525268555,0.7231190204620361,0.33268502354621887,0.4030918776988983,0.6973172426223755,0.4169342517852783,0.29705721139907837,0.7651292681694031,0.5226351618766785,0.5,0.9783835411071777,0.9620682001113892,0.11997219175100327,0.20292454957962036,0.9995999932289124,0.02500000037252903,0.006000000052154064,0.01900000125169754,1.218,0.6787711708807984,1.52105728677559,0.19323087526133248,0.5389707736051813,1.2887801352380681,1.2159084548559607,0.4992342389827604,0.20565381083428086,0.11831134557723999,0.031688278540968895,234.0835392678893,0.5236404538154602,0.3274553418159485,0.4291839003562927,0.1419333964586258,0.3026452958583832,0.40203139185905457,0.5607927441596985,0.6950649619102478,0.9620682001113892,0.9809999987483025,0.5585417171057903
pronking,0,action_space,1.0,3.4000000953674316,0.0,0.5,0.0,0.07999999821186066,0.0,0.33000001311302185,-1.0,-0.03999999910593033,rough_slope_trot_robustness,rough_slope,1.5,trotting,1000,0.6783867478370667,0.6783867478370667,1.2312434911727905,0.3663777709007263,0.1111026182770729,0.2797677516937256,1.435032606124878,0.1111026182770729,0.022122520953416824,0.3920093774795532,0.2639499604701996,0.7366704940795898,1.1479690074920654,0.8254163861274719,1.3291075229644775,0.2797677516937256,0.16594386100769043,0.029751896858215332,0.004691984970122576,0.4184795022010803,0.06498725712299347,233.82846069335938,161.37344360351562,32.88966369628906,40.23394775390625,288.284423828125,0.05460941046476364,0.07366667687892914,0.8220872282981873,2.797060489654541,1.255000114440918,0.024624867364764214,0.029999924823641777,3.386212110519409,0.5,0.08000031858682632,0.33000147342681885,-0.038620248436927795,0.67752605676651,0.5818042755126953,0.6691974401473999,0.3567993640899658,0.41098552942276,0.7364405989646912,0.38768988847732544,0.3093719482421875,0.7543504238128662,0.5361604690551758,0.5,0.9801129102706909,0.9687350988388062,0.23155643045902252,0.29978927969932556,1.0,0.023000001907348633,0.0010000000474974513,0.02199999988079071,1.255,0.6550495284487052,1.492894337683031,0.14873641434906526,0.5137606061875507,1.0714331558674417,1.1528692566655065,0.4073620760548169,0.18559062968894174,0.12312433682382107,0.026875287294387817,189.91244410204504,0.5845396518707275,0.4571700096130371,0.5021393299102783,0.15297465026378632,0.27260127663612366,0.4330253601074219,0.5728201866149902,0.6918864846229553,0.9687350988388062,0.9780000001192093,0.5845751919244466
pronking,0,action_space,1.0,3.4000000953674316,0.0,0.5,0.0,0.07999999821186066,0.0,0.33000001311302185,0.0,0.0,rough_slope_trot_robustness,rough_slope,1.5,trotting,1000,0.7237150073051453,0.7237150073051453,1.2809455394744873,0.3229144215583801,0.11276589334011078,0.29115334153175354,1.4457335472106934,0.11276589334011078,0.02664920873939991,0.3898383378982544,0.24764326214790344,0.7083597183227539,1.2545232772827148,0.7758173942565918,1.0801442861557007,0.29115334153175354,0.17366564273834229,0.02052416279911995,0.0033281869255006313,0.41039448976516724,0.06034727394580841,231.67572021484375,157.80442810058594,34.02581024169922,41.14585876464844,391.8943176269531,0.05253753066062927,0.054750002920627594,0.9683811664581299,3.4229836463928223,1.2730000019073486,0.02561889961361885,0.029999924823641777,3.3862032890319824,0.5,0.08000031858682632,0.33000147342681885,0.0,0.7097138166427612,0.5640507936477661,0.736162543296814,0.3507038652896881,0.4408530592918396,0.7255653142929077,0.36102381348609924,0.30092886090278625,0.7610923647880554,0.5421319007873535,0.5,0.9801127910614014,0.9727983474731445,0.47468072175979614,0.5218217372894287,1.0,0.023000001907348633,0.00800000037997961,0.015000000596046448,1.273,0.7607079061671495,1.6397899110971015,0.16324585366679276,0.49763768159967897,1.1200550331491372,1.0392999019319211,0.41673209948160017,0.15444205944178735,0.12809449806809425,0.02190512605011463,180.86305239010363,0.658958375453949,0.4283979833126068,0.6206133365631104,0.13824640214443207,0.299109548330307,0.440084308385849,0.5105698704719543,0.760522186756134,0.9727983474731445,0.9849999994039536,0.625267984835725
pronking,0,action_space,1.0,3.4000000953674316,0.0,0.5,0.0,0.07999999821186066,0.0,0.33000001311302185,1.0,0.03999999910593033,rough_slope_trot_robustness,rough_slope,1.5,trotting,1000,0.6634738445281982,0.6634738445281982,1.1616344451904297,0.46252477169036865,0.1470281481742859,0.38801097869873047,1.551449179649353,0.1470281481742859,0.054107602685689926,0.40839916467666626,0.29071202874183655,0.9466120004653931,2.3801612854003906,0.953020453453064,1.8016327619552612,0.38801097869873047,0.428407222032547,0.038824014365673065,0.019713997840881348,0.47714143991470337,0.09020459651947021,289.5711669921875,208.6637725830078,31.227632522583008,40.56079864501953,620.6888427734375,0.07145162671804428,0.06333333253860474,0.7742869853973389,2.6453030109405518,1.180999994277954,0.023232683539390564,0.029999924823641777,3.3856167793273926,0.5,0.08000031858682632,0.33000147342681885,0.03856077045202255,0.6102135181427002,0.5091763138771057,0.6885098218917847,0.3132544457912445,0.3709586262702942,0.6640719175338745,0.3449786305427551,0.30352282524108887,0.7413045167922974,0.5045868158340454,0.5,0.9792482256889343,0.9673764705657959,0.23283779621124268,0.3039810061454773,0.9994000196456909,0.024000000208616257,0.003000000026077032,0.021000001579523087,1.181,0.6556198029675593,1.4966241250553574,0.23261040966751664,0.5391771775046089,1.542777134067131,1.342249143026458,0.6545282438768758,0.24194630025390843,0.11616341769695282,0.033836206421256065,249.27908103200002,0.4249785244464874,0.22190071642398834,0.3101310729980469,0.07181935757398605,0.16462388634681702,0.3850882053375244,0.5712257027626038,0.7285735607147217,0.9673764705657959,0.9789999984204769,0.48629607554329074
pronking,0,action_space,1.0,3.4000000953674316,0.0,0.5,0.0,0.07999999821186066,1.0,0.3700000047683716,-1.0,-0.03999999910593033,rough_slope_trot_robustness,rough_slope,1.5,trotting,1000,0.6787643432617188,0.6787643432617188,1.2395198345184326,0.3463013172149658,0.10639676451683044,0.27838876843452454,1.4799411296844482,0.10639676451683044,0.02346356026828289,0.3910459876060486,0.24965360760688782,0.5952423214912415,0.8061487078666687,0.776980996131897,1.1370174884796143,0.27838876843452454,0.15099139511585236,0.021862469613552094,0.003641556017100811,0.4050910174846649,0.053533487021923065,218.74346923828125,151.53298950195312,33.65873718261719,39.11552429199219,310.7895202636719,0.05177272856235504,0.07766667008399963,0.8412467241287231,2.864525318145752,1.2750000953674316,0.02479039691388607,0.029999924823641777,3.385369300842285,0.5,0.08000031858682632,0.36853569746017456,-0.03853604197502136,0.7159740924835205,0.569077730178833,0.7034944891929626,0.3705357015132904,0.4801309108734131,0.7324078679084778,0.37622761726379395,0.30268925428390503,0.7818751335144043,0.543826162815094,0.5,0.9783835411071777,0.9625166654586792,0.11953948438167572,0.2010258138179779,1.0,0.02500000037252903,0.006000000052154064,0.01900000125169754,1.275,0.6598013365502451,1.4988950561662113,0.1531781977576538,0.4996534875360001,0.8978578439077473,1.066310221501986,0.388576112384501,0.1596997984677905,0.12395198456943035,0.026047639548778534,176.474359785671,0.6189700365066528,0.4607023596763611,0.6004472374916077,0.14238618314266205,0.34277886152267456,0.44477710127830505,0.5702550411224365,0.6781862378120422,0.9625166654586792,0.9809999987483025,0.6208726642163177
pronking,0,action_space,1.0,3.4000000953674316,0.0,0.5,0.0,0.07999999821186066,1.0,0.3700000047683716,0.0,0.0,rough_slope_trot_robustness,rough_slope,1.5,trotting,1000,0.6923019886016846,0.6923019886016846,1.2766761779785156,0.3544732630252838,0.11531934142112732,0.30391472578048706,1.348933219909668,0.11531934142112732,0.025448612868785858,0.3995358347892761,0.2545122802257538,0.6767470240592957,1.0385124683380127,0.8670988082885742,1.428133487701416,0.30391472578048706,0.2104293555021286,0.02359156683087349,0.002969452179968357,0.39810365438461304,0.05042475461959839,217.66708374023438,144.50320434570312,33.05363464355469,40.47588348388672,250.57273864746094,0.0547855943441391,0.06875000894069672,0.856942892074585,2.7886860370635986,1.2799999713897705,0.025533519685268402,0.029999924823641777,3.385824680328369,0.5,0.08000031858682632,0.36858129501342773,0.0,0.6757540106773376,0.5608192682266235,0.7252261638641357,0.3432547450065613,0.45334529876708984,0.7202661633491516,0.40655413269996643,0.29570263624191284,0.7773414254188538,0.546974778175354,0.5,0.9792482256889343,0.9675149917602539,0.23245024681091309,0.3014138340950012,1.0,0.024000000208616257,0.007000000216066837,0.017000000923871994,1.28,0.6694866180419922,1.476028781889371,0.1595262137355045,0.5044921012520948,1.0190743193398668,1.1950453914816022,0.45872579554907156,0.16297551659940165,0.127667598426342,0.022332025691866875,170.49514003221054,0.6049525737762451,0.39707043766975403,0.5878871083259583,0.15599903464317322,0.36476752161979675,0.45103636384010315,0.580035924911499,0.7091061472892761,0.9675149917602539,0.982999999076128,0.6205697375300683
pronking,0,action_space,1.0,3.4000000953674316,0.0,0.5,0.0,0.07999999821186066,1.0,0.3700000047683716,1.0,0.03999999910593033,rough_slope_trot_robustness,rough_slope,1.5,trotting,1000,0.6646880507469177,0.6646880507469177,1.2292003631591797,0.40690404176712036,0.1273273229598999,0.32020992040634155,1.4906015396118164,0.1273273229598999,0.0370418056845665,0.40134328603744507,0.2670566439628601,0.7690969705581665,1.5042622089385986,0.8769187331199646,1.3974649906158447,0.32020992040634155,0.24002572894096375,0.023468781262636185,0.008558060973882675,0.42525094747543335,0.07176446914672852,246.1744384765625,169.0389404296875,32.43610382080078,40.218536376953125,378.80633544921875,0.059811435639858246,0.055416665971279144,0.9513300657272339,3.4002861976623535,1.2470000982284546,0.02458399161696434,0.029999924823641777,3.3856372833251953,0.5,0.08000031858682632,0.3685624599456787,0.03856281936168671,0.6436238288879395,0.546676516532898,0.7150033712387085,0.31590455770492554,0.43467822670936584,0.7024426460266113,0.3604361414909363,0.2910209894180298,0.7626793384552002,0.5367519855499268,0.5,0.9792482256889343,0.9635162353515625,0.11891782283782959,0.1998654305934906,0.9998000264167786,0.024000000208616257,0.0060000005178153515,0.018000001087784767,1.247,0.7628949126340717,1.6512943305346974,0.19246247864081586,0.5167752354388319,1.226483676588726,1.182144234269171,0.489924207343303,0.17896044880508893,0.1229199580848217,0.027079666033387184,200.27201899279237,0.5156723856925964,0.358673095703125,0.5270094275474548,0.10737395286560059,0.23804646730422974,0.42720046639442444,0.5057598948478699,0.7579913139343262,0.9635162353515625,0.9819999989122152,0.5604671066332805
pronking,0,action_space,1.0,3.4000000953674316,0.0,0.5,1.0,0.10999999940395355,-1.0,0.2900000214576721,-1.0,-0.03999999910593033,rough_slope_trot_robustness,rough_slope,1.5,trotting,1000,0.6520565748214722,0.6520565748214722,1.2105796337127686,0.36003702878952026,0.11559822410345078,0.3000470995903015,1.5999785661697388,0.11559822410345078,0.026560593396425247,0.3766402006149292,0.24294477701187134,0.7475043535232544,1.166278600692749,0.7794321179389954,1.0728588104248047,0.3000470995903015,0.18892459571361542,0.0232549961656332,0.004332462325692177,0.41798537969589233,0.05950922146439552,232.91586303710938,164.59402465820312,32.70337677001953,40.69184875488281,313.0126647949219,0.0540054589509964,0.06583333760499954,0.8315843939781189,2.7897114753723145,1.2690000534057617,0.024211598560214043,0.029999924823641777,3.3868064880371094,0.5,0.10901005566120148,0.2913200855255127,-0.03867974132299423,0.695054292678833,0.5621426105499268,0.6777379512786865,0.35678619146347046,0.4105057120323181,0.7165196537971497,0.32062244415283203,0.31526896357536316,0.7592527866363525,0.531862735748291,0.8626224398612976,0.9809775352478027,0.9633173942565918,0.06259363889694214,0.14112135767936707,1.0,0.02200000174343586,0.005000000353902578,0.017000000923871994,1.269,0.6553068168525906,1.4826847801984187,0.1629742108323438,0.492894285838121,1.0799437951545205,1.0357889796791646,0.43465457056565665,0.16609472746395468,0.12105799280107021,0.028941631317138672,192.40028210516945,0.5954090356826782,0.40645477175712585,0.5759415030479431,0.11869589984416962,0.30416515469551086,0.4334535002708435,0.5771872401237488,0.7195230722427368,0.9633173942565918,0.982999999076128,0.6038636857349622
pronking,0,action_space,1.0,3.4000000953674316,0.0,0.5,1.0,0.10999999940395355,-1.0,0.2900000214576721,0.0,0.0,rough_slope_trot_robustness,rough_slope,1.5,trotting,1000,0.6558400392532349,0.6558400392532349,1.2285165786743164,0.39265161752700806,0.13943886756896973,0.33844637870788574,1.2780497074127197,0.13943886756896973,0.04300864785909653,0.39842689037323,0.26252466440200806,0.7832654714584351,1.265289306640625,0.9280791282653809,1.6629153490066528,0.33844637870788574,0.21777001023292542,0.031752485781908035,0.00484662177041173,0.4186842441558838,0.0680885836482048,249.78997802734375,169.81161499023438,32.91228485107422,41.786102294921875,377.35711669921875,0.05991598218679428,0.05666666850447655,0.8486045598983765,2.9820427894592285,1.2540000677108765,0.024570345878601074,0.029999924823641777,3.385054588317871,0.5,0.10887863487005234,0.29149535298347473,0.0,0.6346790194511414,0.5012351870536804,0.6731498837471008,0.3160436451435089,0.39192551374435425,0.6684927940368652,0.40180307626724243,0.3082221746444702,0.7493308782577515,0.52631676197052,0.8609796762466431,0.9783835411071777,0.9619972705841064,0.12007535248994827,0.20428383350372314,1.0,0.02500000037252903,0.003000000026077032,0.02199999988079071,1.254,0.6767180958433014,1.5420844663258213,0.20738526432487078,0.5123716077243236,1.1248507930568503,1.2895407512004624,0.4666583442229716,0.19130893223349443,0.12285172939300537,0.027147894725203514,203.3265015413063,0.5397219657897949,0.3180777132511139,0.48095470666885376,0.11786413937807083,0.2562064528465271,0.4328480660915375,0.5518350005149841,0.7532686591148376,0.9619972705841064,0.9780000001192093,0.5625456399039219
pronking,0,action_space,1.0,3.4000000953674316,0.0,0.5,1.0,0.10999999940395355,-1.0,0.2900000214576721,1.0,0.03999999910593033,rough_slope_trot_robustness,rough_slope,1.5,trotting,1000,0.674544095993042,0.674544095993042,1.29436457157135,0.3129880130290985,0.10684283077716827,0.2570410966873169,1.5390782356262207,0.10684283077716827,0.02192896045744419,0.3936861455440521,0.26527470350265503,0.695898175239563,0.957374095916748,0.7699648141860962,1.049562931060791,0.2570410966873169,0.12156294286251068,0.01588563434779644,0.0030673525761812925,0.3962929844856262,0.03839796781539917,224.94692993164062,154.20452880859375,32.862022399902344,39.18956756591797,312.7047119140625,0.054539311677217484,0.07308334112167358,0.7222212553024292,2.4434354305267334,1.287000060081482,0.02588728442788124,0.029999924823641777,3.3856613636016846,0.5,0.10892416536808014,0.291434645652771,0.03856521099805832,0.735130786895752,0.5841805934906006,0.7694152593612671,0.3459013104438782,0.4247128367424011,0.7468293309211731,0.3551427721977234,0.2902628183364868,0.7758767604827881,0.5469541549682617,0.8615487813949585,0.9792482256889343,0.9600468277931213,0.06452849507331848,0.14932900667190552,1.0,0.024000000208616257,0.004000000189989805,0.020000001415610313,1.287,0.561166474313447,1.3778792141460507,0.1480843018602721,0.5150482535672314,0.978454953442798,1.024481786593003,0.3486587771195653,0.13766984754832023,0.1294364221394062,0.02056320197880268,173.78946772203176,0.6758081912994385,0.5164890289306641,0.6845047473907471,0.13839305937290192,0.46395888924598694,0.45267269015312195,0.6221103668212891,0.6939074397087097,0.9600468277931213,0.9799999985843897,0.6695974187827425
pronking,0,action_space,1.0,3.4000000953674316,0.0,0.5,1.0,0.10999999940395355,0.0,0.33000001311302185,-1.0,-0.03999999910593033,rough_slope_trot_robustness,rough_slope,1.5,trotting,1000,0.6560412645339966,0.6560412645339966,1.2416207790374756,0.3750312626361847,0.11483355611562729,0.30521923303604126,1.611731767654419,0.11483355611562729,0.029056604951620102,0.3796314001083374,0.25084665417671204,0.7791409492492676,1.6884711980819702,0.8868163824081421,1.5210351943969727,0.30521923303604126,0.22706621885299683,0.03695050999522209,0.006472398526966572,0.43376219272613525,0.07174324989318848,259.00341796875,182.76617431640625,32.07868576049805,39.61363983154297,285.89385986328125,0.059134215116500854,0.07233333587646484,0.897977352142334,3.2629432678222656,1.2400000095367432,0.024832431226968765,0.029999924823641777,3.3862080574035645,0.5,0.10896515846252441,0.33000147342681885,-0.038619883358478546,0.6755944490432739,0.5646828413009644,0.6599348783493042,0.3380011320114136,0.4147850275039673,0.7228332757949829,0.32694992423057556,0.315909206867218,0.7538384199142456,0.5246489644050598,0.8620612621307373,0.9801129102706909,0.9650329351425171,0.11777451634407043,0.19557011127471924,0.9998000264167786,0.023000001907348633,0.004999999888241291,0.018000001087784767,1.24,0.7241752378402218,1.6221608237447476,0.17045998049870856,0.5008459385646569,1.2994118662233196,1.2333025559030406,0.4765146575426582,0.2083816415190855,0.12416215613484383,0.02583746798336506,208.60106591445225,0.5697293877601624,0.3939277231693268,0.4195980131626129,0.11159668117761612,0.23814751207828522,0.41999000310897827,0.5179629921913147,0.6965144872665405,0.9650329351425171,0.9819999989122152,0.5533310879806155
pronking,0,action_space,1.0,3.4000000953674316,0.0,0.5,1.0,0.10999999940395355,0.0,0.33000001311302185,0.0,0.0,rough_slope_trot_robustness,rough_slope,1.5,trotting,1000,0.6917796730995178,0.6917796730995178,1.2603578567504883,0.3474501371383667,0.12294097244739532,0.28750738501548767,1.4434384107589722,0.12294097244739532,0.033402204513549805,0.3990097939968109,0.2653226852416992,0.70433509349823,1.1211493015289307,0.8580443263053894,1.3291927576065063,0.28750738501548767,0.20074914395809174,0.02090214379131794,0.004836353939026594,0.4058331847190857,0.04589952528476715,237.7454071044922,163.05062866210938,33.319664001464844,40.97589874267578,251.59054565429688,0.055768758058547974,0.06566667556762695,0.9384753704071045,3.263430595397949,1.2710000276565552,0.025207150727510452,0.029999924823641777,3.385606050491333,0.5,0.10892003774642944,0.33000147342681885,0.0,0.6938217878341675,0.5783953666687012,0.7297501564025879,0.33762335777282715,0.4314629137516022,0.7362553477287292,0.3849603533744812,0.30227601528167725,0.7761691808700562,0.5404510498046875,0.8614974617958069,0.9792482256889343,0.9673757553100586,0.23285433650016785,0.30410152673721313,1.0,0.024000000208616257,0.00800000037997961,0.01600000075995922,1.271,0.7383755639629229,1.6023758363239793,0.18276270000618236,0.5150948313094388,1.0588433791307055,1.152906222381728,0.4480503810489304,0.16043222160882936,0.12603575363755226,0.023963870480656624,188.63325668271563,0.6169999241828918,0.4375322163105011,0.5976380705833435,0.12105835229158401,0.39932066202163696,0.44411739706993103,0.5262904167175293,0.7201229333877563,0.9673757553100586,0.9839999992400408,0.6229433579076278
pronking,0,action_space,1.0,3.4000000953674316,0.0,0.5,1.0,0.10999999940395355,0.0,0.33000001311302185,1.0,0.03999999910593033,rough_slope_trot_robustness,rough_slope,1.5,trotting,1000,0.6821390986442566,0.6821390986442566,1.2241740226745605,0.3443344235420227,0.10224179923534393,0.2754323482513428,1.6752891540527344,0.10224179923534393,0.019934630021452904,0.388533353805542,0.250754177570343,0.6731762886047363,0.944453239440918,0.8620752096176147,1.412248969078064,0.2754323482513428,0.16462501883506775,0.015143359079957008,0.002752996515482664,0.41187721490859985,0.06726309657096863,237.4349365234375,165.6719207763672,33.00705337524414,39.96365737915039,335.48138427734375,0.052936356514692307,0.07500000298023224,0.9273210167884827,3.2927379608154297,1.2660000324249268,0.024483488872647285,0.029999924823641777,3.3856191635131836,0.5,0.10892103612422943,0.33000147342681885,0.03856104612350464,0.7186164259910583,0.5970151424407959,0.7852699756622314,0.3379649221897125,0.4509149193763733,0.7485257387161255,0.3246486485004425,0.3026149272918701,0.7724285125732422,0.5365802049636841,0.8615096807479858,0.9792482256889343,0.9635130763053894,0.11893802881240845,0.20003779232501984,1.0,0.024000000208616257,0.003000000026077032,0.021000001579523087,1.266,0.7324809817152942,1.6127302101166907,0.14119004930041246,0.5007536096428492,0.9718298407853702,1.1883808182052014,0.4057400877841229,0.13377726112998303,0.12241744436323643,0.027582179754972458,193.95521561933862,0.6223424673080444,0.4683076739311218,0.6991240382194519,0.12568433582782745,0.2604714632034302,0.43878117203712463,0.5219284892082214,0.687289297580719,0.9635130763053894,0.9789999984204769,0.6248533778676861
pronking,0,action_space,1.0,3.4000000953674316,0.0,0.5,1.0,0.10999999940395355,1.0,0.3700000047683716,-1.0,-0.03999999910593033,rough_slope_trot_robustness,rough_slope,1.5,trotting,1000,0.6659365892410278,0.6659365892410278,1.2822859287261963,0.32724320888519287,0.11162131279706955,0.2815088629722595,1.4544799327850342,0.11162131279706955,0.023726804181933403,0.3788931369781494,0.24572676420211792,0.6646456122398376,0.8533121943473816,0.8264430165290833,1.3196749687194824,0.2815088629722595,0.17296898365020752,0.023477677255868912,0.0029775165021419525,0.41118431091308594,0.05100671947002411,237.47470092773438,165.43704223632812,32.529239654541016,39.698944091796875,351.74420166015625,0.05415079742670059,0.06558333337306976,0.8491582870483398,3.1312975883483887,1.290000081062317,0.025645725429058075,0.029999924823641777,3.385608673095703,0.5,0.10892024636268616,0.36855974793434143,-0.03856002911925316,0.7198949456214905,0.5772371292114258,0.6859582662582397,0.3633032739162445,0.4424768388271332,0.7330697774887085,0.38498175144195557,0.31024643778800964,0.7711490392684937,0.5330575704574585,0.8615001440048218,0.9792482256889343,0.9599826335906982,0.06457627564668655,0.15023061633110046,1.0,0.024000000208616257,0.003000000026077032,0.021000001579523087,1.29,0.6582621729651162,1.557999453503514,0.154035074518544,0.49570834590726626,0.9237489888207627,1.1487710688903523,0.4158953998906546,0.16265052646090902,0.12822862714529037,0.02177099697291851,185.19637126770797,0.6515817046165466,0.4527240991592407,0.5891326665878296,0.14529109001159668,0.3605464696884155,0.4393896758556366,0.5450702905654907,0.7204230427742004,0.9599826335906982,0.9789999984204769,0.6268237568438053
pronking,0,action_space,1.0,3.4000000953674316,0.0,0.5,1.0,0.10999999940395355,1.0,0.3700000047683716,0.0,0.0,rough_slope_trot_robustness,rough_slope,1.5,trotting,1000,0.6812516450881958,0.6812516450881958,1.2326760292053223,0.37257370352745056,0.1182757019996643,0.3135417699813843,1.2752866744995117,0.1182757019996643,0.03852167725563049,0.3978111445903778,0.2704586982727051,0.7672768831253052,1.9029309749603271,0.7835333347320557,1.2073111534118652,0.3135417699813843,0.3165838122367859,0.02227937802672386,0.010401088744401932,0.434215247631073,0.06254589557647705,246.19126892089844,171.37640380859375,32.93815612792969,39.22883605957031,395.6273193359375,0.058491334319114685,0.0793333426117897,0.9005561470985413,3.1793341636657715,1.2669999599456787,0.024653516709804535,0.029999924823641777,3.385058879852295,0.5,0.10887901484966278,0.36850473284721375,0.0,0.6910632848739624,0.5764615535736084,0.7469196319580078,0.3586498498916626,0.43546032905578613,0.7298794984817505,0.4247133433818817,0.3008546829223633,0.7735377550125122,0.5256524085998535,0.8609845638275146,0.9783835411071777,0.9620164632797241,0.1200639009475708,0.2039620280265808,0.9998000264167786,0.02500000037252903,0.007000000216066837,0.018000001087784767,1.267,0.7107782883256462,1.5840896948425096,0.1962693996924393,0.5200564375841387,1.3794676418678067,1.0987771172589396,0.5626578109622099,0.1807773956309964,0.12326758354902267,0.02673204056918621,199.72098352525947,0.5739318132400513,0.3741552531719208,0.5201649069786072,0.12928706407546997,0.28624191880226135,0.41960960626602173,0.534013032913208,0.6725581288337708,0.9620164632797241,0.9819999989122152,0.5834214090320625
pronking,0,action_space,1.0,3.4000000953674316,0.0,0.5,1.0,0.10999999940395355,1.0,0.3700000047683716,1.0,0.03999999910593033,rough_slope_trot_robustness,rough_slope,1.5,trotting,1000,0.6606264710426331,0.6606264710426331,1.2273056507110596,0.39219778776168823,0.11503775417804718,0.33087024092674255,1.6102631092071533,0.11503775417804718,0.03303472325205803,0.4017329812049866,0.2704394459724426,0.7618980407714844,1.452077865600586,0.9173182249069214,1.5875612497329712,0.33087024092674255,0.3201425075531006,0.02504769340157509,0.010502786375582218,0.44468384981155396,0.07127905637025833,249.6873779296875,172.13796997070312,32.48420333862305,40.07829284667969,371.22955322265625,0.06174250692129135,0.0690000057220459,0.9860664010047913,3.6382956504821777,1.2510000467300415,0.02454610913991928,0.029999924823641777,3.386219024658203,0.5,0.10896600782871246,0.36862054467201233,0.03862103074789047,0.6693828105926514,0.5553836822509766,0.7496562004089355,0.332885205745697,0.4227910339832306,0.7072614431381226,0.3315872251987457,0.3015140891075134,0.7626743912696838,0.5213025808334351,0.8620719909667969,0.9801129102706909,0.9616507291793823,0.06357743591070175,0.145621195435524,1.0,0.023000001907348633,0.006000000052154064,0.017000000923871994,1.251,0.7882224981733363,1.7053767547193408,0.18175456872402967,0.5200379274364925,1.205021935734195,1.2599846228160767,0.5658113710001775,0.18854834864606296,0.1227305456995964,0.02726907841861248,203.4435169307882,0.5404914617538452,0.33462288975715637,0.49114808440208435,0.10321331024169922,0.24036873877048492,0.4109154939651489,0.4833194315433502,0.708220362663269,0.9616507291793823,0.982999999076128,0.5579218235062926
trotting,1,action_space,-1.0,2.5999999046325684,0.0,0.5,-1.0,0.04999999701976776,-1.0,0.2900000214576721,-1.0,-0.03999999910593033,rough_slope_trot_robustness,rough_slope,1.5,trotting,1000,0.6188649535179138,0.6188649535179138,1.1135339736938477,0.44485968351364136,0.17468571662902832,0.44540661573410034,1.4777374267578125,0.17468571662902832,0.056387610733509064,0.23374567925930023,0.1377144455909729,0.9629817008972168,2.1509852409362793,0.78664231300354,1.2312219142913818,0.44540661573410034,0.5148557424545288,0.03858321160078049,0.013874001801013947,0.4746910333633423,0.12143944203853607,272.2516174316406,197.20701599121094,31.668338775634766,61.73249816894531,271.49407958984375,0.09397156536579132,0.07858334481716156,0.5879125595092773,1.7473342418670654,0.9530000686645508,0.022270675748586655,0.029999924823641777,2.612070083618164,0.5,0.05090576410293579,0.29120761156082153,-0.03879227116703987,0.60997474193573,0.4735986590385437,0.6049996614456177,0.3804463744163513,0.3448393940925598,0.6214447021484375,0.2837293744087219,0.5550022721290588,0.7184885740280151,0.45112109184265137,0.13632294535636902,1.0,0.9713820219039917,0.060665249824523926,0.13276833295822144,0.9995999932289124,0.020000001415610313,0.004000000189989805,0.01600000075995922,0.953,0.6169071737891855,1.3540713271419877,0.23746075619670098,0.371098970075333,1.4666237557520605,1.1096043954001722,0.7175344886864525,0.22903539770479678,0.11135337874293327,0.03864624537527561,244.4933193448239,0.4531189799308777,0.13753587007522583,0.35023733973503113,0.07386695593595505,0.08814352005720139,0.3869800865650177,0.632308840751648,0.6750849485397339,0.9713820219039917,0.9839999992400408,0.49636337857105234
trotting,1,action_space,-1.0,2.5999999046325684,0.0,0.5,-1.0,0.04999999701976776,-1.0,0.2900000214576721,0.0,0.0,rough_slope_trot_robustness,rough_slope,1.5,trotting,1000,0.6212890148162842,0.6212890148162842,1.0897634029388428,0.47211575508117676,0.1991485357284546,0.5073996186256409,1.390403389930725,0.1991485357284546,0.08879971504211426,0.23929914832115173,0.14204657077789307,0.9985934495925903,2.1501529216766357,0.8180502653121948,1.2341108322143555,0.5073996186256409,0.6838797330856323,0.041965220123529434,0.017417175695300102,0.45595845580101013,0.11823377013206482,235.2540740966797,165.17242431640625,33.09046173095703,64.77397918701172,437.8508605957031,0.09231743216514587,0.08316666632890701,0.5914243459701538,1.7784096002578735,0.9800000190734863,0.02179526910185814,0.029999924823641777,2.6129255294799805,0.5,0.05096989870071411,0.2912933826446533,0.0,0.57273268699646,0.457186222076416,0.6197666525840759,0.3507598638534546,0.326107382774353,0.6001673340797424,0.2968314290046692,0.5436268448829651,0.6971794366836548,0.4540344476699829,0.1371242254972458,1.0,0.9742897748947144,0.11622304469347,0.1873982548713684,0.9991999864578247,0.02200000174343586,0.004000000189989805,0.018000001087784767,0.98,0.6034942004145408,1.347109310227707,0.29799281038661696,0.3768906615689663,1.4663399747932386,1.1109054110113765,0.8269702129373417,0.2436850340477017,0.1089763455092907,0.04102327860891819,215.87628421201632,0.4100102484226227,0.0761885792016983,0.3049376606941223,0.0421551875770092,0.09397979080677032,0.40175336599349976,0.6352885961532593,0.6597902178764343,0.9742897748947144,0.9819999989122152,0.4743122598646503
trotting,1,action_space,-1.0,2.5999999046325684,0.0,0.5,-1.0,0.04999999701976776,-1.0,0.2900000214576721,1.0,0.03999999910593033,rough_slope_trot_robustness,rough_slope,1.5,trotting,1000,0.6465389728546143,0.6465389728546143,1.1635830402374268,0.3842190206050873,0.16200102865695953,0.43611687421798706,1.3846473693847656,0.16200102865695953,0.0508197620511055,0.22086003422737122,0.11897998303174973,0.8100012540817261,1.2715723514556885,0.7500027418136597,1.0744003057479858,0.43611687421798706,0.5079590082168579,0.015731079503893852,0.007700114045292139,0.40404218435287476,0.08920390903949738,205.77261352539062,140.4994354248047,33.790077209472656,65.41940307617188,381.2957458496094,0.08247864991426468,0.06800000369548798,0.548715353012085,1.5527855157852173,0.9950000047683716,0.023271659389138222,0.029999924823641777,2.6132102012634277,0.5,0.05099125951528549,0.29132169485092163,0.038678281009197235,0.6472634077072144,0.4968324303627014,0.7373687028884888,0.37523066997528076,0.3690924346446991,0.6428169012069702,0.33018678426742554,0.5643777847290039,0.7228262424468994,0.4787696301937103,0.13739126920700073,1.0,0.9685591459274292,0.0626034289598465,0.1411997675895691,0.9998000264167786,0.02200000174343586,0.005000000353902578,0.017000000923871994,0.995,0.551472695508794,1.24923510281337,0.2254323890906218,0.34493475184699746,1.1276401693162976,1.0365328290739209,0.7127124302387731,0.15307251075613149,0.11635829694569111,0.033641327172517776,176.8439435860144,0.5540518164634705,0.1492728739976883,0.6258629560470581,0.0906234085559845,0.1679518222808838,0.44571107625961304,0.6769573092460632,0.7117702960968018,0.9685591459274292,0.982999999076128,0.5896074875797096
trotting,1,action_space,-1.0,2.5999999046325684,0.0,0.5,-1.0,0.04999999701976776,0.0,0.33000001311302185,-1.0,-0.03999999910593033,rough_slope_trot_robustness,rough_slope,1.5,trotting,1000,0.6254680752754211,0.6254680752754211,1.1887284517288208,0.39956048130989075,0.1710526943206787,0.44143015146255493,1.5548291206359863,0.1710526943206787,0.053292032331228256,0.22600895166397095,0.1317882537841797,0.8328590989112854,1.333652138710022,0.7481458783149719,1.0005912780761719,0.44143015146255493,0.41050052642822266,0.032078154385089874,0.006913137622177601,0.4129732847213745,0.11621356010437012,206.59796142578125,135.82655334472656,33.37075424194336,64.15349578857422,390.2460632324219,0.0877625048160553,0.07083334028720856,0.5558479428291321,1.640714168548584,0.9910000562667847,0.02377457357943058,0.029999924823641777,2.6131954193115234,0.5,0.05099010840058327,0.33000147342681885,-0.03867980092763901,0.6203255653381348,0.4461953639984131,0.6046605110168457,0.369634211063385,0.36193928122520447,0.6037222146987915,0.27612555027008057,0.5609575510025024,0.6956340074539185,0.47255682945251465,0.13737702369689941,1.0,0.9740357398986816,0.11659906804561615,0.19101762771606445,1.0,0.02200000174343586,0.0020000000949949026,0.020000001415610313,0.991,0.5608959640672301,1.2867068986821242,0.23085067106514603,0.36302651939518094,1.1548385769058904,1.0002955953497805,0.6407031500064774,0.19746212803286475,0.1188728678971529,0.031126756221055984,173.7974397141051,0.5280341506004333,0.14247256517410278,0.45848584175109863,0.07275411486625671,0.09785473346710205,0.4378203749656677,0.661064624786377,0.7017579674720764,0.9740357398986816,0.9799999985843897,0.5374711274512504
trotting,1,action_space,-1.0,2.5999999046325684,0.0,0.5,-1.0,0.04999999701976776,0.0,0.33000001311302185,0.0,0.0,rough_slope_trot_robustness,rough_slope,1.5,trotting,1000,0.6333103179931641,0.6333103179931641,1.1406941413879395,0.431957483291626,0.19622379541397095,0.472037672996521,1.4632089138031006,0.19622379541397095,0.06498173624277115,0.24390852451324463,0.13665559887886047,0.8907914757728577,1.5469627380371094,0.8346662521362305,1.2659227848052979,0.472037672996521,0.4616333842277527,0.02827621065080166,0.01063547283411026,0.43050697445869446,0.1191391870379448,218.4933319091797,145.77066040039062,33.68048858642578,64.73160552978516,543.3475952148438,0.0886608362197876,0.06783334165811539,0.575188159942627,1.6862473487854004,0.9820000529289246,0.02281387895345688,0.029999924823641777,2.61317777633667,0.5,0.0509888157248497,0.33000147342681885,0.0,0.583289623260498,0.4287683367729187,0.617821216583252,0.35709184408187866,0.34151315689086914,0.578184962272644,0.28123098611831665,0.5103945732116699,0.6616227626800537,0.46643373370170593,0.1373608112335205,1.0,0.9807725548744202,0.23024560511112213,0.2953796684741974,1.0,0.02200000174343586,0.006000000052154064,0.01600000075995922,0.982,0.5857312732704303,1.3104030390294747,0.2549151549884219,0.3696695806782869,1.2437695679011886,1.12513234101829,0.6794360781028284,0.1972604458195102,0.1140693947672844,0.03593022935092449,191.54418698366237,0.4740942716598511,0.10772262513637543,0.459216445684433,0.0631120502948761,0.09229330718517303,0.42273324728012085,0.6509717702865601,0.7123636603355408,0.9807725548744202,0.9839999992400408,0.5234819984945812
trotting,1,action_space,-1.0,2.5999999046325684,0.0,0.5,-1.0,0.04999999701976776,0.0,0.33000001311302185,1.0,0.03999999910593033,rough_slope_trot_robustness,rough_slope,1.5,trotting,1000,0.6400749087333679,0.6400749087333679,1.1598491668701172,0.38985157012939453,0.1581878662109375,0.43412870168685913,1.563468098640442,0.1581878662109375,0.04555157572031021,0.23678641021251678,0.1377735733985901,0.8460463285446167,1.3610453605651855,0.7492925524711609,1.0086174011230469,0.43412870168685913,0.4564724564552307,0.01766381226480007,0.006592301651835442,0.41311049461364746,0.10428935289382935,199.8572998046875,131.65293884277344,34.017494201660156,64.90788269042969,403.156005859375,0.08395002782344818,0.0677499994635582,0.6045512557029724,1.7367422580718994,1.0130000114440918,0.023196980357170105,0.029999924823641777,2.6136627197265625,0.5,0.05102520436048508,0.33000147342681885,0.03863302618265152,0.6337728500366211,0.4741857051849365,0.7195671796798706,0.3716868758201599,0.3564954996109009,0.6256518959999084,0.31497466564178467,0.5429731011390686,0.6578725576400757,0.47364604473114014,0.1378156989812851,1.0,0.9729318618774414,0.11760823428630829,0.19372716546058655,1.0,0.023000001907348633,0.004000000189989805,0.01900000125169754,1.013,0.5967929007858773,1.3093717126301951,0.213428151189833,0.37117862734617424,1.1666384875209568,1.004299457892439,0.6756274538939568,0.15574374439005734,0.11598490178585052,0.03401472233235836,172.3131813285753,0.5444729924201965,0.15187805891036987,0.6156219244003296,0.08420510590076447,0.12420932203531265,0.4377002418041229,0.6514115929603577,0.7126606106758118,0.9729318618774414,0.9809999987483025,0.5766794044328363
trotting,1,action_space,-1.0,2.5999999046325684,0.0,0.5,-1.0,0.04999999701976776,1.0,0.3700000047683716,-1.0,-0.03999999910593033,rough_slope_trot_robustness,rough_slope,1.5,trotting,1000,0.618472695350647,0.618472695350647,1.1148362159729004,0.4315551817417145,0.1701556146144867,0.46813976764678955,1.5390952825546265,0.1701556146144867,0.05127422511577606,0.2167825698852539,0.11836613714694977,0.8348009586334229,1.606234073638916,0.7866272926330566,1.2210713624954224,0.46813976764678955,0.4863169193267822,0.033294595777988434,0.009444015100598335,0.43566861748695374,0.11743666231632233,222.28045654296875,154.34445190429688,33.689903259277344,66.18887329101562,447.4679260253906,0.08646667003631592,0.0806666761636734,0.590589165687561,1.7405897378921509,0.9910000562667847,0.022296730428934097,0.029999924823641777,2.6125640869140625,0.5,0.05094282701611519,0.3687424063682556,-0.03874283656477928,0.6025534868240356,0.438789427280426,0.6358599662780762,0.3719712793827057,0.37480834126472473,0.589890718460083,0.3028556704521179,0.5771172046661377,0.6638586521148682,0.4648086428642273,0.13678620755672455,1.0,0.9699949026107788,0.06158033758401871,0.13637904822826385,1.0,0.021000001579523087,0.0020000000949949026,0.01900000125169754,0.991,0.5959526854976034,1.3252913544488878,0.22643812646234304,0.344043801204076,1.2673729023609885,1.1050209783055807,0.697364265880309,0.20673318765642532,0.11148365214467049,0.0385159719735384,199.38395735465772,0.4747535288333893,0.11174359917640686,0.42538008093833923,0.0769515186548233,0.09549005329608917,0.4183916747570038,0.6446167826652527,0.6680893301963806,0.9699949026107788,0.9809999987483025,0.5176297539943143
trotting,1,action_space,-1.0,2.5999999046325684,0.0,0.5,-1.0,0.04999999701976776,1.0,0.3700000047683716,0.0,0.0,rough_slope_trot_robustness,rough_slope,1.5,trotting,1000,0.622220516204834,0.622220516204834,1.0925403833389282,0.4551101326942444,0.17988470196723938,0.520005464553833,1.632581353187561,0.17988470196723938,0.05651343986392021,0.23102501034736633,0.12288238853216171,0.8533430695533752,1.4138262271881104,0.7465418577194214,0.985461413860321,0.520005464553833,0.577904462814331,0.02825145795941353,0.010199724696576595,0.47221606969833374,0.10420426726341248,265.3383483886719,186.6600799560547,32.584415435791016,62.62633514404297,328.9210510253906,0.09334468841552734,0.07075001299381256,0.5988671779632568,1.716036319732666,0.9660000801086426,0.02185080200433731,0.029999924823641777,2.6126701831817627,0.5,0.050950758159160614,0.3687317967414856,0.0,0.5734474658966064,0.4200456142425537,0.6598066091537476,0.372280091047287,0.3580264151096344,0.5646368265151978,0.25353941321372986,0.5445162057876587,0.6798457503318787,0.4563347399234772,0.13688528537750244,1.0,0.9751880168914795,0.11551308631896973,0.18740713596343994,0.9998000264167786,0.020000001415610313,0.003000000026077032,0.017000000923871994,0.966,0.6199453286749482,1.3328297139779481,0.23772555576529886,0.35054584369545977,1.1890442494659779,0.9927040917918698,0.7602002780940895,0.1960897311334536,0.10925401002168655,0.04074561409652233,242.86365285443048,0.4367034435272217,0.06693343073129654,0.4634653627872467,0.06311164051294327,0.12442085891962051,0.3889003396034241,0.6413956880569458,0.7020504474639893,0.9751880168914795,0.982999999076128,0.5187989810579702
trotting,1,action_space,-1.0,2.5999999046325684,0.0,0.5,-1.0,0.04999999701976776,1.0,0.3700000047683716,1.0,0.03999999910593033,rough_slope_trot_robustness,rough_slope,1.5,trotting,1000,0.6310265064239502,0.6310265064239502,1.1773301362991333,0.3841778039932251,0.16459032893180847,0.38661932945251465,1.5196192264556885,0.16459032893180847,0.04640121012926102,0.2414882779121399,0.1388440728187561,0.8072712421417236,1.2189505100250244,0.7402690649032593,0.9310450553894043,0.38661932945251465,0.31779220700263977,0.017673563212156296,0.005301311146467924,0.4055792987346649,0.1055125817656517,200.0081787109375,128.3342742919922,34.58098602294922,66.33908081054688,521.406005859375,0.08474110066890717,0.07575000077486038,0.6615679860115051,1.951232671737671,1.002000093460083,0.0235466118901968,0.029999924823641777,2.612610340118408,0.5,0.050946302711963654,0.3687378764152527,0.038738228380680084,0.639078676700592,0.4824664890766144,0.7148388624191284,0.37664327025413513,0.37270280718803406,0.6376528143882751,0.28173670172691345,0.5245803594589233,0.6613446474075317,0.47708117961883545,0.13682934641838074,1.0,0.9699882864952087,0.061611585319042206,0.13664138317108154,1.0,0.02200000174343586,0.007000000216066837,0.015000000596046448,1.002,0.6602474372543975,1.3954705263944323,0.21540940120909538,0.37261786433121546,1.1040609177146994,0.9649067599459568,0.5637306156336018,0.1515746494590181,0.117733059450984,0.032266564667224884,169.88283281327634,0.5541220307350159,0.22430579364299774,0.6316009759902954,0.08649717271327972,0.12120746076107025,0.4443429410457611,0.6145687103271484,0.6847167611122131,0.9699882864952087,0.9849999994039536,0.5805935095015325
trotting,1,action_space,-1.0,2.5999999046325684,0.0,0.5,0.0,0.07999999821186066,-1.0,0.2900000214576721,-1.0,-0.03999999910593033,rough_slope_trot_robustness,rough_slope,1.5,trotting,1000,0.6273795366287231,0.6273795366287231,1.1679607629776,0.3902558386325836,0.18215340375900269,0.46216273307800293,1.6001089811325073,0.18215340375900269,0.07236291468143463,0.23271378874778748,0.13442426919937134,0.970135509967804,2.546591281890869,0.7743074893951416,1.0988575220108032,0.46216273307800293,0.6330570578575134,0.02940353751182556,0.015362291596829891,0.4387504756450653,0.10402810573577881,237.7725830078125,165.14735412597656,33.727516174316406,65.98406982421875,538.5484619140625,0.09258581697940826,0.0690000057220459,0.6043992042541504,1.9061100482940674,0.9960000514984131,0.023359224200248718,0.029999924823641777,2.6134085655212402,0.5,0.08000031858682632,0.2913414239883423,-0.03865842521190643,0.6339698433876038,0.48071855306625366,0.6317496299743652,0.36439886689186096,0.34759095311164856,0.6277890205383301,0.28299257159233093,0.5508697032928467,0.6672937870025635,0.46054917573928833,0.5,1.0,0.9738302826881409,0.1168990209698677,0.1937406361103058,1.0,0.023000001907348633,0.006000000052154064,0.017000000923871994,0.996,0.6068264758251757,1.383388971162376,0.2690035588638831,0.3666391539366347,1.5958042743052385,1.0482640516638941,0.795648828226067,0.21157936834354962,0.11679612100124359,0.033203503116965294,203.57925586612592,0.5437865853309631,0.11813303083181381,0.4084782600402832,0.047483768314123154,0.1248600035905838,0.41582077741622925,0.6197486519813538,0.708220362663269,0.9738302826881409,0.982999999076128,0.5302966560580228
trotting,1,action_space,-1.0,2.5999999046325684,0.0,0.5,0.0,0.07999999821186066,-1.0,0.2900000214576721,0.0,0.0,rough_slope_trot_robustness,rough_slope,1.5,trotting,1000,0.6734029054641724,0.6734029054641724,1.1707452535629272,0.3609393239021301,0.15175268054008484,0.3483029007911682,1.4459344148635864,0.15175268054008484,0.041115906089544296,0.19297143816947937,0.10344035178422928,0.7595964670181274,1.2144335508346558,0.6694663763046265,0.8518955111503601,0.3483029007911682,0.28894445300102234,0.015636473894119263,0.007040848955512047,0.4081409275531769,0.08053000271320343,204.84527587890625,141.79989624023438,34.31406021118164,66.73582458496094,652.6884155273438,0.08678823709487915,0.06783333420753479,0.6298953294754028,1.9021228551864624,1.0040000677108765,0.023414907976984978,0.029999924823641777,2.6125926971435547,0.5,0.08000031858682632,0.2912598252296448,0.0,0.6894025802612305,0.527798056602478,0.7535372972488403,0.402851939201355,0.3975291848182678,0.6790605783462524,0.3168237507343292,0.6303344964981079,0.6819170117378235,0.4787757396697998,0.5,1.0,0.9816455841064453,0.22898048162460327,0.2912982106208801,1.0,0.021000001579523087,0.003000000026077032,0.018000001087784767,1.004,0.6273857815807085,1.3764245799307078,0.20277057500915732,0.32162144173582286,1.1020134077381527,0.922981858516385,0.537535536500632,0.15058991616184436,0.11707453988492489,0.032925084233284,174.9699819456888,0.5938616991043091,0.29725971817970276,0.6353708505630493,0.1034928634762764,0.19976772367954254,0.4420723021030426,0.6227337718009949,0.7123637199401855,0.9816455841064453,0.9819999989122152,0.6026231884760292
trotting,1,action_space,-1.0,2.5999999046325684,0.0,0.5,0.0,0.07999999821186066,-1.0,0.2900000214576721,1.0,0.03999999910593033,rough_slope_trot_robustness,rough_slope,1.5,trotting,1000,0.6456412076950073,0.6456412076950073,1.1790363788604736,0.3965321481227875,0.1660115122795105,0.3620133399963379,1.2938767671585083,0.1660115122795105,0.054100584238767624,0.24980026483535767,0.13783088326454163,0.8605220317840576,1.3634445667266846,0.7531900405883789,0.9872105121612549,0.3620133399963379,0.2864304482936859,0.025899793952703476,0.007818948477506638,0.40583837032318115,0.09278568625450134,214.748291015625,144.1330108642578,33.36152648925781,65.50426483154297,726.9878540039062,0.09283332526683807,0.055750004947185516,0.5770397186279297,1.7935521602630615,0.999000072479248,0.023580733686685562,0.029999924823641777,2.613809108734131,0.5,0.08000031858682632,0.2913815379142761,0.038618430495262146,0.6503878831863403,0.5061623454093933,0.7069783210754395,0.36989837884902954,0.35393452644348145,0.6593295335769653,0.345797598361969,0.5047545433044434,0.6738849878311157,0.4777119755744934,0.5,1.0,0.9728542566299438,0.1177906021475792,0.195691779255867,1.0,0.023000001907348633,0.007000000216066837,0.01600000075995922,0.999,0.5776172901417042,1.3399057696326755,0.23259532290819526,0.37125581916589756,1.1676662908240028,0.9935846779018157,0.5351919733083502,0.18362663867263407,0.11790366843342781,0.032095955684781075,182.13881680493776,0.5331507921218872,0.2696753144264221,0.5094748139381409,0.09293189644813538,0.1563413143157959,0.44411277770996094,0.6383702158927917,0.7567290663719177,0.9728542566299438,0.9839999992400408,0.5581257348193934
trotting,1,action_space,-1.0,2.5999999046325684,0.0,0.5,0.0,0.07999999821186066,0.0,0.33000001311302185,-1.0,-0.03999999910593033,rough_slope_trot_robustness,rough_slope,1.5,trotting,1000,0.6577165126800537,0.6577165126800537,1.1785848140716553,0.37407636642456055,0.14685779809951782,0.3673136830329895,1.6211423873901367,0.14685779809951782,0.04027368500828743,0.20923948287963867,0.12297046184539795,0.7975329160690308,1.3524165153503418,0.6877528429031372,0.8939951658248901,0.3673136830329895,0.33015042543411255,0.023185938596725464,0.0064348578453063965,0.41345667839050293,0.09091749042272568,213.65347290039062,145.45193481445312,33.98138427734375,65.63873291015625,463.8807067871094,0.08872197568416595,0.06091667711734772,0.6445107460021973,1.9227144718170166,0.9990000128746033,0.023571688681840897,0.029999924823641777,2.613194465637207,0.5,0.08000031858682632,0.33000147342681885,-0.03867989405989647,0.6669800281524658,0.5137884020805359,0.6721830368041992,0.4070301651954651,0.39247071743011475,0.665900707244873,0.296284019947052,0.60779869556427,0.6714324951171875,0.47278258204460144,0.5,1.0,0.9807716608047485,0.2302725613117218,0.2955712378025055,1.0,0.02200000174343586,0.004000000189989805,0.018000001087784767,0.999,0.6451558980855856,1.3873135890861925,0.20068304614064295,0.350671444297077,1.1629344415530662,0.9455131759128955,0.574587178271594,0.17210693316084585,0.11785844340920448,0.0321411807090044,181.27967571742442,0.5713618993759155,0.25944942235946655,0.552989661693573,0.08833523839712143,0.16229334473609924,0.437397301197052,0.6180661916732788,0.7374305725097656,0.9807716608047485,0.9819999989122152,0.5742013869120887
trotting,1,action_space,-1.0,2.5999999046325684,0.0,0.5,0.0,0.07999999821186066,0.0,0.33000001311302185,0.0,0.0,rough_slope_trot_robustness,rough_slope,1.5,trotting,1000,0.68639075756073,0.68639075756073,1.2019920349121094,0.3962714672088623,0.1709165871143341,0.39919835329055786,1.4434399604797363,0.1709165871143341,0.05401275306940079,0.2523399591445923,0.15733835101127625,0.9058462381362915,1.7709710597991943,0.7223100662231445,0.9359793663024902,0.39919835329055786,0.36468714475631714,0.029234975576400757,0.012329578399658203,0.42817553877830505,0.0816752016544342,238.575439453125,160.65090942382812,32.72957229614258,64.6412353515625,499.6905822753906,0.09582642465829849,0.06783334910869598,0.7033909559249878,2.2598180770874023,0.9880000352859497,0.02403983846306801,0.029999924823641777,2.6148624420166016,0.5,0.08000031858682632,0.33000147342681885,0.0,0.6385085582733154,0.49184298515319824,0.6592031717300415,0.38495901226997375,0.3574400246143341,0.6417492628097534,0.3116178512573242,0.5234769582748413,0.6803539991378784,0.47072863578796387,0.5,1.0,0.9877724647521973,0.4766342341899872,0.5265399217605591,0.9995999932289124,0.02500000037252903,0.006000000052154064,0.01900000125169754,0.988,0.7119341398540296,1.5123707544184453,0.23240643938884478,0.396658985794191,1.3307783661448642,0.9674602660070801,0.6038933223312849,0.20387386781061215,0.12019919231534004,0.029800431802868843,198.48337802884845,0.5335917472839355,0.20319417119026184,0.43548667430877686,0.08016286045312881,0.19524423778057098,0.4247089922428131,0.5644991993904114,0.7123636603355408,0.9877724647521973,0.9809999987483025,0.5417525368301492
trotting,1,action_space,-1.0,2.5999999046325684,0.0,0.5,0.0,0.07999999821186066,0.0,0.33000001311302185,1.0,0.03999999910593033,rough_slope_trot_robustness,rough_slope,1.5,trotting,1000,0.6647607088088989,0.6647607088088989,1.1954460144042969,0.36599475145339966,0.15916851162910461,0.4046889543533325,1.6696035861968994,0.15916851162910461,0.04969537630677223,0.2278348207473755,0.12710076570510864,0.7639819383621216,1.0844470262527466,0.7093044519424438,0.90056312084198,0.4046889543533325,0.44938206672668457,0.017075322568416595,0.006487847305834293,0.41232508420944214,0.08512158691883087,211.27114868164062,141.07041931152344,33.84550476074219,66.52794647216797,533.2261962890625,0.08808416873216629,0.06916667520999908,0.6732327938079834,2.045581817626953,1.005000114440918,0.02390892803668976,0.029999924823641777,2.613198757171631,0.5,0.08000031858682632,0.33000147342681885,0.03867940604686737,0.6692357063293457,0.5187692642211914,0.7419898509979248,0.3838004171848297,0.38291609287261963,0.6629848480224609,0.2720746099948883,0.5495872497558594,0.6785023212432861,0.476958304643631,0.5,1.0,0.980771541595459,0.23028017580509186,0.2956234812736511,1.0,0.02200000174343586,0.004999999888241291,0.017000000923871994,1.005,0.6698833712297886,1.4266761241756696,0.22292459780556348,0.3565119432853669,1.0413678630785312,0.9489800423833896,0.6703596547575671,0.15350299630382103,0.11954464018344879,0.030454983934760094,176.72997871586801,0.5851958990097046,0.19442057609558105,0.6242131590843201,0.06970306485891342,0.182239830493927,0.43838831782341003,0.6011858582496643,0.7076303958892822,0.980771541595459,0.982999999076128,0.5913509955923809
trotting,1,action_space,-1.0,2.5999999046325684,0.0,0.5,0.0,0.07999999821186066,1.0,0.3700000047683716,-1.0,-0.03999999910593033,rough_slope_trot_robustness,rough_slope,1.5,trotting,1000,0.6379033327102661,0.6379033327102661,1.2293062210083008,0.3681867718696594,0.17749768495559692,0.3588065505027771,1.4992258548736572,0.17749768495559692,0.059394098818302155,0.2528950572013855,0.1537717580795288,0.7871626615524292,1.2062631845474243,0.7029132843017578,0.9022555351257324,0.3588065505027771,0.2641986012458801,0.030579332262277603,0.007765067741274834,0.3930288255214691,0.08597610890865326,219.83453369140625,145.10543823242188,33.30482482910156,66.91471862792969,531.8425903320312,0.09414807707071304,0.06433333456516266,0.642504870891571,1.9405276775360107,0.999000072479248,0.024586137384176254,0.029999924823641777,2.615218162536621,0.5,0.08000031858682632,0.36847713589668274,-0.0384775847196579,0.6636611819267273,0.5028038024902344,0.6397686004638672,0.38745152950286865,0.3771217465400696,0.6584743857383728,0.29192423820495605,0.5204289555549622,0.6837750673294067,0.48664402961730957,0.5,1.0,0.9695427417755127,0.1208234429359436,0.20385602116584778,0.9995999932289124,0.026000000536441803,0.004999999888241291,0.021000001579523087,0.999,0.6431479697470909,1.3937252447841266,0.2437090454174858,0.3921374224420934,1.0983001340924183,0.9498713255624324,0.5140025303885966,0.19581726176093986,0.12293068692088127,0.027068937197327614,178.82813080624754,0.5814408659934998,0.27598148584365845,0.4644562005996704,0.06807754933834076,0.179151713848114,0.45563754439353943,0.6153171062469482,0.7249398231506348,0.9695427417755127,0.9789999984204769,0.55823028460145
trotting,1,action_space,-1.0,2.5999999046325684,0.0,0.5,0.0,0.07999999821186066,1.0,0.3700000047683716,0.0,0.0,rough_slope_trot_robustness,rough_slope,1.5,trotting,1000,0.6656734347343445,0.6656734347343445,1.2185173034667969,0.3371509313583374,0.13690721988677979,0.35704436898231506,1.5996710062026978,0.13690721988677979,0.035037811845541,0.2298627495765686,0.13332855701446533,0.8402013778686523,1.426124095916748,0.6923130750656128,0.8274544477462769,0.35704436898231506,0.24904176592826843,0.021001890301704407,0.005843262188136578,0.40740615129470825,0.07567455619573593,210.9554443359375,139.72341918945312,33.310768127441406,65.48102569580078,518.6328735351562,0.09043383598327637,0.06975001096725464,0.5421687364578247,1.59145188331604,0.9920000433921814,0.02437034621834755,0.029999924823641777,2.6137871742248535,0.5,0.08000031858682632,0.36862027645111084,0.0,0.7012706995010376,0.4954937994480133,0.7082765698432922,0.3954519033432007,0.3796221613883972,0.6541373133659363,0.30342695116996765,0.5558474063873291,0.6772107481956482,0.47747719287872314,0.5,1.0,0.9798977375030518,0.2315502017736435,0.2997462749481201,1.0,0.023000001907348633,0.004000000189989805,0.01900000125169754,0.992,0.546541029407132,1.2666041977854234,0.18718389846763261,0.3651418313675733,1.1942043777832787,0.9096452318053874,0.4990408459517802,0.1638449037652407,0.12185173109173775,0.028147893026471138,173.12470141847746,0.6346490979194641,0.27948495745658875,0.5845558047294617,0.10021602362394333,0.22014008462429047,0.4427224099636078,0.6696021556854248,0.7055694460868835,0.9798977375030518,0.9809999987483025,0.6074100081857883
trotting,1,action_space,-1.0,2.5999999046325684,0.0,0.5,0.0,0.07999999821186066,1.0,0.3700000047683716,1.0,0.03999999910593033,rough_slope_trot_robustness,rough_slope,1.5,trotting,1000,0.6421858072280884,0.6421858072280884,1.1845285892486572,0.38116586208343506,0.16926243901252747,0.4008494019508362,1.6713201999664307,0.16926243901252747,0.05456787347793579,0.2469087392091751,0.15021121501922607,0.8009044528007507,1.241239309310913,0.7179096937179565,0.983259916305542,0.4008494019508362,0.3430357575416565,0.01944134011864662,0.006279275752604008,0.4094756245613098,0.08829449117183685,206.60594177246094,136.1060791015625,33.19707107543945,65.44342041015625,547.1813354492188,0.0910048857331276,0.0572500079870224,0.6083576679229736,1.8465592861175537,1.0090000629425049,0.023690588772296906,0.029999924823641777,2.614346981048584,0.5,0.08000031858682632,0.3685643672943115,0.03856468200683594,0.6545049548149109,0.4724903106689453,0.7165154814720154,0.38233059644699097,0.37438374757766724,0.6247751712799072,0.278995156288147,0.5257716178894043,0.6695178151130676,0.4736096262931824,0.5,1.0,0.9716854095458984,0.1188955157995224,0.19963520765304565,1.0,0.024000000208616257,0.0020000000949949026,0.02199999988079071,1.009,0.6029312844555252,1.352807602146636,0.23359767438469028,0.38757091611629746,1.1141091999040817,0.9915946330560397,0.5856925452331253,0.16037648166502042,0.11845294386148453,0.03154668025672436,174.4203927602207,0.559255063533783,0.20052778720855713,0.5978518128395081,0.06312251836061478,0.17103451490402222,0.4408937990665436,0.6328498721122742,0.7510747909545898,0.9716854095458984,0.9780000001192093,0.578604513093045
trotting,1,action_space,-1.0,2.5999999046325684,0.0,0.5,1.0,0.10999999940395355,-1.0,0.2900000214576721,-1.0,-0.03999999910593033,rough_slope_trot_robustness,rough_slope,1.5,trotting,1000,0.6356552839279175,0.6356552839279175,1.2153116464614868,0.33513695001602173,0.1661425232887268,0.34149861335754395,1.7309620380401611,0.1661425232887268,0.04972464591264725,0.20967131853103638,0.11760226637125015,0.7833723425865173,1.1780612468719482,0.691261887550354,0.8914884328842163,0.34149861335754395,0.26758646965026855,0.019658705219626427,0.006056999787688255,0.3899447023868561,0.07015371322631836,223.567138671875,155.96470642089844,33.306617736816406,65.66160583496094,299.9330749511719,0.09662686288356781,0.05608334392309189,0.5829007625579834,1.8245340585708618,1.003000020980835,0.024306239560246468,0.029999924823641777,2.613792896270752,0.5,0.10896528512239456,0.2913798689842224,-0.038620058447122574,0.6958171129226685,0.5307000279426575,0.6790890693664551,0.3953266143798828,0.3787842392921448,0.6831365823745728,0.23605617880821228,0.5928830504417419,0.6966143846511841,0.4860348701477051,0.862062931060791,1.0,0.9671319723129272,0.06358382105827332,0.1456684172153473,1.0,0.023000001907348633,0.005000000353902578,0.018000001087784767,1.003,0.5811572241283961,1.3487315171784868,0.22299023725860118,0.3429318684101117,1.085385298809574,0.944186651507114,0.5172876082512209,0.16036117050992948,0.12153119780123234,0.028468426316976547,183.9586902033032,0.6380956768989563,0.3115445077419281,0.5979105234146118,0.0655163824558258,0.24584002792835236,0.45845672488212585,0.6345944404602051,0.7554688453674316,0.9671319723129272,0.9819999989122152,0.6085510994062613
trotting,1,action_space,-1.0,2.5999999046325684,0.0,0.5,1.0,0.10999999940395355,-1.0,0.2900000214576721,0.0,0.0,rough_slope_trot_robustness,rough_slope,1.5,trotting,1000,0.6588113307952881,0.6588113307952881,1.2477335929870605,0.3251369595527649,0.15201938152313232,0.302537202835083,1.5625789165496826,0.15201938152313232,0.04038286581635475,0.21439433097839355,0.12092222273349762,0.8245179653167725,1.596973180770874,0.6710959672927856,0.8148502111434937,0.302537202835083,0.19580571353435516,0.01644251123070717,0.00644792290404439,0.39891570806503296,0.0710127204656601,227.0482177734375,157.42034912109375,33.31674575805664,66.06704711914062,257.11480712890625,0.09585399925708771,0.06608334183692932,0.6636478900909424,2.1103098392486572,1.0150001049041748,0.024954676628112793,0.029999924823641777,2.6142804622650146,0.5,0.10892871022224426,0.2914286255836487,0.0,0.7095432281494141,0.5742408037185669,0.7373019456863403,0.4133339524269104,0.3809763193130493,0.7233191728591919,0.29681646823883057,0.5853809118270874,0.6977393627166748,0.4865332245826721,0.8616054654121399,1.0,0.9717503786087036,0.1188039630651474,0.19842955470085144,1.0,0.024000000208616257,0.0020000000949949026,0.02200000174343586,1.015,0.653840223791564,1.4419163392416083,0.20095488502734823,0.3477387276871784,1.2637140423255864,0.9026905400764393,0.44249939382371495,0.15129584969440357,0.12477338314056396,0.02522624097764492,181.9685059772147,0.6551728248596191,0.40040144324302673,0.6326684951782227,0.09345865249633789,0.24165251851081848,0.45030441880226135,0.59465092420578,0.7186242341995239,0.9717503786087036,0.9779999982565641,0.6181656219261257
trotting,1,action_space,-1.0,2.5999999046325684,0.0,0.5,1.0,0.10999999940395355,-1.0,0.2900000214576721,1.0,0.03999999910593033,rough_slope_trot_robustness,rough_slope,1.5,trotting,1000,0.639701247215271,0.639701247215271,1.252497673034668,0.3401312828063965,0.1708294153213501,0.3853350877761841,1.2898049354553223,0.1708294153213501,0.05652054399251938,0.26185715198516846,0.149349182844162,0.8988616466522217,1.5264642238616943,0.719179630279541,0.9608727693557739,0.3853350877761841,0.398812472820282,0.02087734453380108,0.008236775174736977,0.3977143466472626,0.09997937828302383,227.53732299804688,152.4932861328125,33.49540710449219,66.26197814941406,449.16815185546875,0.09850302338600159,0.05400000512599945,0.5401065349578857,1.7086460590362549,0.999000072479248,0.025049958378076553,0.029999924823641777,2.6143646240234375,0.5,0.10892237722873688,0.2914370894432068,0.03856281936168671,0.6749610900878906,0.5237022638320923,0.6986000537872314,0.37849318981170654,0.345247358083725,0.6692270040512085,0.34579041600227356,0.4862790107727051,0.6758936047554016,0.4809749722480774,0.861526370048523,1.0,0.9657076597213745,0.06455710530281067,0.15006251633167267,1.0,0.024000000208616257,0.00800000037997961,0.01600000075995922,0.999,0.5406470924049049,1.3078059307275665,0.23774049716554263,0.38645721994052845,1.2355016081987487,0.980241179177744,0.6315160115312057,0.17062860167198832,0.12524979189038277,0.02474983222782612,181.66686285871356,0.6295455098152161,0.22654055058956146,0.558621883392334,0.08890242874622345,0.13539111614227295,0.4513876736164093,0.6520792841911316,0.7633794546127319,0.9657076597213745,0.9839999992400408,0.5883772950619459
trotting,1,action_space,-1.0,2.5999999046325684,0.0,0.5,1.0,0.10999999940395355,0.0,0.33000001311302185,-1.0,-0.03999999910593033,rough_slope_trot_robustness,rough_slope,1.5,trotting,1000,0.6326435804367065,0.6326435804367065,1.2406028509140015,0.3525520861148834,0.15886583924293518,0.37175044417381287,1.6876170635223389,0.15886583924293518,0.04749707877635956,0.22610625624656677,0.13299909234046936,0.9177756309509277,1.769127368927002,0.7560706734657288,1.0285217761993408,0.37175044417381287,0.3444710969924927,0.032214827835559845,0.008702006191015244,0.42157989740371704,0.08442801237106323,226.54376220703125,154.50180053710938,33.30355453491211,66.77949523925781,423.7379150390625,0.09871350228786469,0.05533333867788315,0.6633466482162476,2.1368789672851562,1.0049999952316284,0.024812057614326477,0.029999924823641777,2.613793134689331,0.5,0.10896526277065277,0.33000147342681885,-0.038620010018348694,0.6639546155929565,0.5174985527992249,0.6230099201202393,0.3742644786834717,0.3500090539455414,0.6694554090499878,0.2980688214302063,0.5682190656661987,0.6720977425575256,0.46466702222824097,0.8620626926422119,1.0,0.9728555679321289,0.11777298152446747,0.19555966556072235,1.0,0.023000001907348633,0.009000000543892384,0.014000000432133675,1.005,0.6600464474502488,1.458165857476593,0.21793824532733935,0.36469040615358855,1.3300854742936643,1.0141606264292362,0.586916601394519,0.20227909933202462,0.12406028807163239,0.0259393360465765,182.60780397217968,0.6082484126091003,0.2510799467563629,0.44116485118865967,0.07153569906949997,0.1847853809595108,0.43034854531288147,0.5876863598823547,0.7583072185516357,0.9728555679321289,0.9859999995678663,0.561112044575183
trotting,1,action_space,-1.0,2.5999999046325684,0.0,0.5,1.0,0.10999999940395355,0.0,0.33000001311302185,0.0,0.0,rough_slope_trot_robustness,rough_slope,1.5,trotting,1000,0.655530571937561,0.655530571937561,1.2258940935134888,0.36943119764328003,0.19451722502708435,0.39654648303985596,1.5212953090667725,0.19451722502708435,0.07796838134527206,0.2506764233112335,0.140807643532753,0.9111666083335876,1.9617356061935425,0.7534207105636597,1.063738465309143,0.39654648303985596,0.39208197593688965,0.022950099781155586,0.01134782750159502,0.4069705009460449,0.09134916961193085,244.0288543701172,167.39471435546875,32.89329528808594,66.15086364746094,413.9763488769531,0.10133657604455948,0.05191668123006821,0.6565477252006531,2.0136399269104004,1.0010000467300415,0.024517890065908432,0.029999924823641777,2.6143927574157715,0.5,0.10892028361558914,0.33000147342681885,0.0,0.6543769836425781,0.5080143809318542,0.6777642369270325,0.3934037983417511,0.3558310270309448,0.6555520296096802,0.2867811322212219,0.5040574073791504,0.684775710105896,0.4789224863052368,0.8615002632141113,1.0,0.9790236353874207,0.2328493446111679,0.3040679693222046,1.0,0.024000000208616257,0.006000000052154064,0.018000001087784767,1.001,0.655891837654533,1.4183188161742095,0.2792281886652421,0.3752434456892658,1.400619722192124,1.0313769753631032,0.6261644959089342,0.18519699587938948,0.12258945032954216,0.027410173788666725,199.0619382712868,0.5793099403381348,0.2075275480747223,0.5036072731018066,0.045928798615932465,0.16089819371700287,0.44310832023620605,0.6047700047492981,0.7713728547096252,0.9790236353874207,0.9819999989122152,0.5608151361934449
trotting,1,action_space,-1.0,2.5999999046325684,0.0,0.5,1.0,0.10999999940395355,0.0,0.33000001311302185,1.0,0.03999999910593033,rough_slope_trot_robustness,rough_slope,1.5,trotting,1000,0.6485418081283569,0.6485418081283569,1.2429866790771484,0.35509809851646423,0.1523733139038086,0.3338302969932556,1.551379680633545,0.1523733139038086,0.041811503469944,0.2609959840774536,0.14867009222507477,0.858610212802887,1.3975601196289062,0.7234535217285156,0.9399316906929016,0.3338302969932556,0.2545921802520752,0.02687767520546913,0.0076741743832826614,0.4075523018836975,0.07491409778594971,235.6315460205078,161.93051147460938,32.301124572753906,65.06999206542969,412.35089111328125,0.100117027759552,0.0663333386182785,0.6789308190345764,2.1086063385009766,1.0110000371932983,0.024859722703695297,0.029999924823641777,2.613798141479492,0.5,0.10896486043930054,0.33000147342681885,0.03861948847770691,0.6806175708770752,0.5349521636962891,0.7170653343200684,0.3922868072986603,0.359529972076416,0.6900741457939148,0.30154937505722046,0.48800230026245117,0.6809319853782654,0.4804075360298157,0.8620575666427612,1.0,0.9728553295135498,0.11777886748313904,0.195600688457489,1.0,0.023000001907348633,0.006000000052154064,0.017000000923871994,1.011,0.6715438042856702,1.4441827786989698,0.20447861372266782,0.3855776085628868,1.182184469373924,0.9695007430079162,0.5045712836181575,0.18588127820937694,0.12429861351847649,0.0257010105997324,189.5688425200596,0.6038807034492493,0.32810336351394653,0.5010561943054199,0.09184896945953369,0.22351384162902832,0.4425930380821228,0.5936793088912964,0.717726469039917,0.9728553295135498,0.982999999076128,0.5787371351922813
trotting,1,action_space,-1.0,2.5999999046325684,0.0,0.5,1.0,0.10999999940395355,1.0,0.3700000047683716,-1.0,-0.03999999910593033,rough_slope_trot_robustness,rough_slope,1.5,trotting,1000,0.6383535861968994,0.6383535861968994,1.2310841083526611,0.3624078333377838,0.16662797331809998,0.3751302659511566,1.3298189640045166,0.16662797331809998,0.054717592895030975,0.2337627112865448,0.13542287051677704,0.8151149749755859,1.3347628116607666,0.7118537425994873,0.983199417591095,0.3751302659511566,0.32891178131103516,0.02824362926185131,0.006994360126554966,0.4089422821998596,0.09577186405658722,236.39248657226562,161.99354553222656,33.114227294921875,66.60557556152344,387.2874755859375,0.10007266700267792,0.05341667681932449,0.6446971893310547,2.0895094871520996,1.0069999694824219,0.02462168037891388,0.029999924823641777,2.613795280456543,0.5,0.10896514356136322,0.36861947178840637,-0.038619861006736755,0.6720763444900513,0.5014411211013794,0.6596180200576782,0.40222421288490295,0.38423460721969604,0.6530252695083618,0.34580039978027344,0.551072895526886,0.6884161829948425,0.4750615954399109,0.8620610237121582,1.0,0.9671319723129272,0.06358513236045837,0.14567714929580688,1.0,0.023000001907348633,0.007000000216066837,0.01600000075995922,1.007,0.6402156341158763,1.4404806937549735,0.23391791914052026,0.3679984653728559,1.1553193548369067,0.9915641268173708,0.5735083097140224,0.18771784515172307,0.1231084018945694,0.026891222223639488,192.01976937919153,0.5913437604904175,0.2448211908340454,0.4942272901535034,0.08855152130126953,0.14727742969989777,0.4413643479347229,0.5952664613723755,0.7656092643737793,0.9671319723129272,0.9839999992400408,0.5644094184237092
trotting,1,action_space,-1.0,2.5999999046325684,0.0,0.5,1.0,0.10999999940395355,1.0,0.3700000047683716,0.0,0.0,rough_slope_trot_robustness,rough_slope,1.5,trotting,1000,0.6654424667358398,0.6654424667358398,1.2342838048934937,0.3114961087703705,0.1339736431837082,0.3002552390098572,1.6451854705810547,0.1339736431837082,0.03175080195069313,0.22765463590621948,0.13514113426208496,0.7056530714035034,0.925514817237854,0.6355037689208984,0.7365264892578125,0.3002552390098572,0.1825515478849411,0.012351563200354576,0.0036294509191066027,0.39880305528640747,0.07109689712524414,214.43392944335938,144.75575256347656,34.030094146728516,66.96919250488281,404.43505859375,0.09628668427467346,0.059000007808208466,0.7029476761817932,2.233698606491089,1.003000020980835,0.024685675278306007,0.029999924823641777,2.6137936115264893,0.5,0.108965203166008,0.3686196208000183,0.0,0.7317699193954468,0.5473570823669434,0.7757294178009033,0.426410973072052,0.4120163917541504,0.7013837695121765,0.27611586451530457,0.5628091096878052,0.6965529918670654,0.4817917048931122,0.8620617389678955,1.0,0.9728555083274841,0.11777390539646149,0.1955660730600357,1.0,0.023000001907348633,0.0010000000474974513,0.02200000174343586,1.003,0.7008450965462986,1.492319481219101,0.1781875471257549,0.36761547065117506,0.9620368065920628,0.8582112148287346,0.4272605152420957,0.12641603584775618,0.12342837639153004,0.02657124772667885,173.73146159190097,0.6783314347267151,0.4059472382068634,0.7264248132705688,0.10226360708475113,0.2412460446357727,0.45040589570999146,0.573065996170044,0.7445315718650818,0.9728555083274841,0.9779999982565641,0.6416083851731138
trotting,1,action_space,-1.0,2.5999999046325684,0.0,0.5,1.0,0.10999999940395355,1.0,0.3700000047683716,1.0,0.03999999910593033,rough_slope_trot_robustness,rough_slope,1.5,trotting,1000,0.6470059752464294,0.6470059752464294,1.2206556797027588,0.3482016324996948,0.14359498023986816,0.34285682439804077,1.4824821949005127,0.14359498023986816,0.04164999723434448,0.24165256321430206,0.14929096400737762,0.8543515801429749,1.795480489730835,0.7075840830802917,0.873947024345398,0.34285682439804077,0.2612847089767456,0.01722237467765808,0.012423914857208729,0.42291074991226196,0.07581328600645065,221.79425048828125,148.68280029296875,32.89722442626953,65.75504302978516,530.188720703125,0.09935282915830612,0.058083340525627136,0.6403887271881104,2.0291199684143066,1.003000020980835,0.02441311627626419,0.029999924823641777,2.6143910884857178,0.5,0.10892042517662048,0.36855989694595337,0.03856026381254196,0.6938744783401489,0.5115131139755249,0.7309178113937378,0.38374510407447815,0.3695850968360901,0.6679103970527649,0.3237655460834503,0.5402543544769287,0.6891951560974121,0.4673680067062378,0.8615022897720337,1.0,0.965703010559082,0.06457473337650299,0.15021997690200806,0.9998000264167786,0.024000000208616257,0.005000000353902578,0.01900000125169754,1.003,0.638473252118644,1.4223398753055554,0.20408330954378529,0.38638188881905117,1.339955405873955,0.9348513380989504,0.511160159809766,0.17218097901587973,0.12206558138132095,0.027934042736887932,181.70091220342354,0.6157110333442688,0.30866214632987976,0.5527077913284302,0.09871857613325119,0.2195301353931427,0.4292046129703522,0.6030454635620117,0.7479518055915833,0.965703010559082,0.9809999987483025,0.5920222727091689
trotting,1,action_space,0.0,3.0,0.0,0.5,-1.0,0.04999999701976776,-1.0,0.2900000214576721,-1.0,-0.03999999910593033,rough_slope_trot_robustness,rough_slope,1.5,trotting,1000,0.6234754323959351,0.6234754323959351,1.118086338043213,0.44337594509124756,0.19142696261405945,0.4677857756614685,1.3191792964935303,0.19142696261405945,0.06959022581577301,0.23356959223747253,0.1239473819732666,0.8947470784187317,1.797624111175537,0.7844702005386353,1.1628201007843018,0.4677857756614685,0.552424967288971,0.028851618990302086,0.01860753633081913,0.44276201725006104,0.08686789870262146,239.4396209716797,163.94088745117188,32.81877136230469,65.7210693359375,414.61767578125,0.08897276222705841,0.05966667830944061,0.640987753868103,1.848548173904419,1.0859999656677246,0.022361723706126213,0.029999924823641777,3.000000238418579,0.5,0.05100615695118904,0.2913416028022766,-0.03865840286016464,0.601850152015686,0.4652366042137146,0.6035065650939941,0.3709567189216614,0.3602530360221863,0.6123989820480347,0.31177568435668945,0.5336698293685913,0.6669928431510925,0.46430283784866333,0.13757765293121338,1.0,0.9738302826881409,0.11689934134483337,0.19374264776706696,0.9998000264167786,0.02200000174343586,0.00800000037997961,0.014000000432133675,1.086,0.5902281703211326,1.304669364528625,0.26379959404019754,0.3520616167281895,1.3407550526384515,1.0783413656093797,0.7432529631888264,0.21785122290481002,0.11180861853063107,0.03819100558757782,214.1512804733203,0.45551395416259766,0.11211442202329636,0.3870570659637451,0.06647138297557831,0.17598474025726318,0.41249796748161316,0.6534165143966675,0.7420538663864136,0.9738302826881409,0.9859999995678663,0.5168922130802744
trotting,1,action_space,0.0,3.0,0.0,0.5,-1.0,0.04999999701976776,-1.0,0.2900000214576721,0.0,0.0,rough_slope_trot_robustness,rough_slope,1.5,trotting,1000,0.6483715772628784,0.6483715772628784,1.1510260105133057,0.39476490020751953,0.1889934092760086,0.4245607852935791,1.586158037185669,0.1889934092760086,0.07341517508029938,0.23227867484092712,0.13245603442192078,0.8268924951553345,1.4724605083465576,0.7467392683029175,1.0542527437210083,0.4245607852935791,0.4056016206741333,0.021730663254857063,0.008901379071176052,0.4290054440498352,0.11091873794794083,216.76853942871094,147.679931640625,33.670875549316406,65.34634399414062,616.9052734375,0.08106681704521179,0.08741667866706848,0.6263324022293091,1.773129940032959,1.1190000772476196,0.02302052639424801,0.029999924823641777,3.000000238418579,0.5,0.05101678520441055,0.29135560989379883,0.0,0.6305203437805176,0.4718220829963684,0.6871030330657959,0.3866788148880005,0.37322527170181274,0.621719241142273,0.2625080347061157,0.5469464063644409,0.653996467590332,0.46613579988479614,0.13771039247512817,1.0,0.9804065227508545,0.2309841811656952,0.2989910840988159,1.0,0.02200000174343586,0.004999999888241291,0.017000000923871994,1.119,0.5597250548934596,1.2587956436912071,0.2709523483572331,0.3639450980875011,1.2134498375897365,1.0267681061081944,0.6368686055020559,0.17502011977493648,0.11510263197124004,0.03489699214696884,188.32636052424388,0.5361414551734924,0.164883092045784,0.5419178605079651,0.04714810475707054,0.10878577083349228,0.4240046441555023,0.6729114055633545,0.6459175944328308,0.9804065227508545,0.982999999076128,0.5561699165325416
trotting,1,action_space,0.0,3.0,0.0,0.5,-1.0,0.04999999701976776,-1.0,0.2900000214576721,1.0,0.03999999910593033,rough_slope_trot_robustness,rough_slope,1.5,trotting,1000,0.6407788395881653,0.6407788395881653,1.1467413902282715,0.3988305330276489,0.17460310459136963,0.4160345494747162,1.5050256252288818,0.17460310459136963,0.05473054200410843,0.23376132547855377,0.12920694053173065,0.7649400234222412,1.0650088787078857,0.7677205801010132,1.036635160446167,0.4160345494747162,0.3621213138103485,0.01596473716199398,0.006498614326119423,0.42073267698287964,0.11073070764541626,204.50344848632812,138.7052764892578,34.130699157714844,65.31204223632812,586.156005859375,0.08044394850730896,0.08116666972637177,0.6658540964126587,1.8011687994003296,1.123000144958496,0.022934839129447937,0.029999924823641777,3.000000238418579,0.5,0.051037177443504333,0.2913827896118164,0.03861704468727112,0.6089269518852234,0.46699967980384827,0.7356086373329163,0.37484443187713623,0.3937549889087677,0.6147501468658447,0.29131707549095154,0.5360994338989258,0.6610629558563232,0.4691225588321686,0.13796555995941162,1.0,0.972404956817627,0.11806748062372208,0.1937747746706009,1.0,0.024000000208616257,0.004999999888241291,0.01900000125169754,1.123,0.5929243677127393,1.266447869377998,0.2339455962485903,0.35945366952046914,1.0319926737665757,1.0181528178255792,0.6017651650023857,0.1498777885082156,0.11467419564723969,0.0353254284709692,178.3344093349761,0.5292664766311646,0.17713423073291779,0.6380956768989563,0.07430057972669601,0.10919564217329025,0.43107837438583374,0.669668436050415,0.6664212346076965,0.972404956817627,0.9809999987483025,0.5756965124685514
trotting,1,action_space,0.0,3.0,0.0,0.5,-1.0,0.04999999701976776,0.0,0.33000001311302185,-1.0,-0.03999999910593033,rough_slope_trot_robustness,rough_slope,1.5,trotting,1000,0.6528193950653076,0.6528193950653076,1.1689269542694092,0.3912884593009949,0.16448143124580383,0.392406165599823,1.4308311939239502,0.16448143124580383,0.05154532194137573,0.2375660240650177,0.1420520842075348,0.8870510458946228,2.133136749267578,0.726000189781189,1.024672031402588,0.392406165599823,0.3330135941505432,0.02814050391316414,0.010820441879332066,0.4289701581001282,0.09898015856742859,225.72103881835938,154.78321838378906,33.202667236328125,65.10099792480469,364.4857177734375,0.08372045308351517,0.08408333361148834,0.6765105724334717,1.9646925926208496,1.1230000257492065,0.023378543555736542,0.029999924823641777,3.000000238418579,0.5,0.05099105462431908,0.33000147342681885,-0.038678549230098724,0.6366940140724182,0.48026299476623535,0.6557210683822632,0.40745484828948975,0.38622182607650757,0.6309682130813599,0.3249523341655731,0.5467205047607422,0.6664609313011169,0.4699365496635437,0.13738885521888733,1.0,0.9807707071304321,0.23029455542564392,0.29572945833206177,1.0,0.02200000174343586,0.004000000189989805,0.018000001087784767,1.123,0.602413622481634,1.3226879668068425,0.2270359485662474,0.37689797586022505,1.460526189175524,1.0122608514620073,0.5770733005005024,0.1973852724812472,0.11689271777868271,0.033106906339526176,193.1010641802141,0.5420339703559875,0.21441839635372162,0.4587641954421997,0.08528662472963333,0.1381240338087082,0.42403456568717957,0.6457286477088928,0.6567730903625488,0.9807707071304321,0.9819999989122152,0.5469769861941275
trotting,1,action_space,0.0,3.0,0.0,0.5,-1.0,0.04999999701976776,0.0,0.33000001311302185,0.0,0.0,rough_slope_trot_robustness,rough_slope,1.5,trotting,1000,0.6929926872253418,0.6929926872253418,1.1408281326293945,0.40653061866760254,0.17162178456783295,0.4134255051612854,1.2493737936019897,0.17162178456783295,0.05755864083766937,0.22918063402175903,0.1245235800743103,0.7699865102767944,1.2688210010528564,0.7060467004776001,0.9015142321586609,0.4134255051612854,0.4052734971046448,0.01910143718123436,0.008456939831376076,0.4165468215942383,0.10988663136959076,209.1155548095703,140.89678955078125,33.638771057128906,65.10452270507812,549.5789794921875,0.08108365535736084,0.07533334195613861,0.587386965751648,1.6448793411254883,1.130000114440918,0.022816572338342667,0.029999924823641777,3.000000238418579,0.5,0.05094705522060394,0.33000147342681885,0.0,0.6250860095024109,0.4788939356803894,0.7088844180107117,0.39323753118515015,0.3893381953239441,0.6302833557128906,0.35099923610687256,0.5525050759315491,0.6589164733886719,0.4715767800807953,0.1368388533592224,1.0,0.9897060394287109,0.4725170433521271,0.5157983303070068,1.0,0.021000001579523087,0.004999999888241291,0.01600000075995922,1.13,0.5198114715846239,1.206501339363559,0.23991381960543534,0.3528789878617177,1.126419549303392,0.9494810330694663,0.6366109464222593,0.16600715952214362,0.11408286169171333,0.03591676242649555,183.301541072272,0.5162993669509888,0.18100936710834503,0.5762766003608704,0.09066838771104813,0.1110546663403511,0.43470239639282227,0.6949527859687805,0.6861447095870972,0.9897060394287109,0.9839999992400408,0.5648446748719403
trotting,1,action_space,0.0,3.0,0.0,0.5,-1.0,0.04999999701976776,0.0,0.33000001311302185,1.0,0.03999999910593033,rough_slope_trot_robustness,rough_slope,1.5,trotting,1000,0.6517258882522583,0.6517258882522583,1.1457576751708984,0.4129476547241211,0.17738598585128784,0.44241952896118164,1.4553585052490234,0.17738598585128784,0.05814941227436066,0.25593477487564087,0.14750143885612488,0.842056155204773,1.4823644161224365,0.7711094617843628,1.137437343597412,0.44241952896118164,0.45946866273880005,0.022672120481729507,0.010124633088707924,0.4155890643596649,0.09748239815235138,211.9165496826172,140.89718627929688,33.19124221801758,65.85432434082031,517.2392578125,0.08651436865329742,0.07000000774860382,0.6335851550102234,1.8044120073318481,1.125,0.022915145382285118,0.029999924823641777,3.000000238418579,0.5,0.050944939255714417,0.33000147342681885,0.03874002397060394,0.6205648183822632,0.45564863085746765,0.7022769451141357,0.3767622709274292,0.3702457845211029,0.6064372062683105,0.2919034957885742,0.4987204670906067,0.6666834354400635,0.4699707329273224,0.13681256771087646,1.0,0.9816456437110901,0.22898077964782715,0.29130005836486816,0.9998000264167786,0.021000001579523087,0.004000000189989805,0.017000000923871994,1.125,0.5631867947048611,1.2664602867781174,0.24114189240851672,0.3840591606199817,1.217523887290281,1.0665070762059725,0.6778411781079695,0.18109873983669084,0.11457572691142559,0.035423897206783295,184.95756500257198,0.5055526494979858,0.14123213291168213,0.5189566016197205,0.07292332500219345,0.14232417941093445,0.43553587794303894,0.6696631908416748,0.7046880722045898,0.9816456437110901,0.982999999076128,0.5513058032252286
trotting,1,action_space,0.0,3.0,0.0,0.5,-1.0,0.04999999701976776,1.0,0.3700000047683716,-1.0,-0.03999999910593033,rough_slope_trot_robustness,rough_slope,1.5,trotting,1000,0.6284960508346558,0.6284960508346558,1.1812089681625366,0.38682401180267334,0.17504113912582397,0.4117240905761719,1.6017875671386719,0.17504113912582397,0.05882711708545685,0.2312403917312622,0.12446454167366028,0.7359771132469177,1.0752615928649902,0.7357860803604126,1.0007158517837524,0.4117240905761719,0.3574444353580475,0.0280376635491848,0.00688514206558466,0.4202728271484375,0.1129237562417984,210.29388427734375,139.10951232910156,33.14690399169922,64.61433410644531,525.8952026367188,0.08502015471458435,0.06741666793823242,0.6082248687744141,1.6480072736740112,1.130000114440918,0.023624159395694733,0.029999924823641777,3.000000238418579,0.5,0.05098993331193924,0.36867958307266235,-0.03868003189563751,0.6364206671714783,0.4707391858100891,0.6343406438827515,0.40025490522384644,0.3993259370326996,0.6188653707504272,0.26501578092575073,0.53987717628479,0.6536277532577515,0.4671723544597626,0.13737495243549347,1.0,0.9740357398986816,0.11659663915634155,0.19100132584571838,1.0,0.02200000174343586,0.0060000005178153515,0.01600000075995922,1.13,0.5382520287437776,1.2076479011817582,0.24254302110235382,0.35279532547025094,1.0369482112743096,1.000357861859321,0.5978665698615766,0.1868764447830958,0.11812079697847366,0.03187882713973522,178.03275283667412,0.5496183037757874,0.18356850743293762,0.49735257029533386,0.062142208218574524,0.10450973361730576,0.4314750134944916,0.694472074508667,0.7138493657112122,0.9740357398986816,0.9839999992400408,0.5532633339692103
trotting,1,action_space,0.0,3.0,0.0,0.5,-1.0,0.04999999701976776,1.0,0.3700000047683716,0.0,0.0,rough_slope_trot_robustness,rough_slope,1.5,trotting,1000,0.6634306907653809,0.6634306907653809,1.1736563444137573,0.37320923805236816,0.14406895637512207,0.37049728631973267,1.4879441261291504,0.14406895637512207,0.03690314292907715,0.23947586119174957,0.14405089616775513,0.7274932861328125,1.0351203680038452,0.7290144562721252,0.9717071056365967,0.37049728631973267,0.2763515114784241,0.020311616361141205,0.004427483770996332,0.41704970598220825,0.09062256664037704,200.84933471679688,133.75148010253906,33.370216369628906,64.40061950683594,313.21502685546875,0.08162924647331238,0.09066666662693024,0.6202256083488464,1.6937947273254395,1.1349999904632568,0.02347312867641449,0.029999924823641777,3.000000238418579,0.5,0.051034942269325256,0.36861974000930786,0.0,0.6532611846923828,0.4816651940345764,0.7204544544219971,0.39352715015411377,0.4098074436187744,0.6425620317459106,0.3171762526035309,0.5374932289123535,0.6608447432518005,0.4678528308868408,0.1379372924566269,1.0,0.9798976182937622,0.23155972361564636,0.2998114228248596,1.0,0.023000001907348633,0.003000000026077032,0.020000001415610313,1.135,0.5464542607378855,1.2216096400001515,0.1921019076664184,0.37954037488487985,1.017408653395402,0.9857520507899523,0.5256914603438257,0.15728668135648846,0.11736564338207245,0.032633980736136436,171.13129892985953,0.5728447437286377,0.25342628359794617,0.609703779220581,0.10795865207910538,0.16325345635414124,0.4342654049396515,0.6886084079742432,0.635506272315979,0.9798976182937622,0.9799999985843897,0.5920527350941771
trotting,1,action_space,0.0,3.0,0.0,0.5,-1.0,0.04999999701976776,1.0,0.3700000047683716,1.0,0.03999999910593033,rough_slope_trot_robustness,rough_slope,1.5,trotting,1000,0.646345853805542,0.646345853805542,1.1879321336746216,0.3721446990966797,0.1515648365020752,0.36842966079711914,1.5617071390151978,0.1515648365020752,0.040827177464962006,0.2543065547943115,0.13940705358982086,0.7422884702682495,1.0362741947174072,0.7076326608657837,0.8680970072746277,0.36842966079711914,0.27565205097198486,0.015362227335572243,0.004867791198194027,0.4164910316467285,0.11777077615261078,207.31143188476562,136.41311645507812,33.39012145996094,64.38636779785156,604.9212036132812,0.08071095496416092,0.0845833271741867,0.6374320983886719,1.795929193496704,1.1349999904632568,0.023758644238114357,0.029999924823641777,3.000000238418579,0.5,0.050989970564842224,0.36867961287498474,0.03867998719215393,0.6629472374916077,0.4943521022796631,0.7464843392372131,0.3987656235694885,0.3836717903614044,0.6489004492759705,0.2967754006385803,0.4898248612880707,0.6485092639923096,0.4740738868713379,0.13737532496452332,1.0,0.9740357398986816,0.11659708619117737,0.19100433588027954,1.0,0.02200000174343586,0.005000000353902578,0.017000000923871994,1.135,0.561614102939152,1.2579015730698737,0.20205736181827674,0.3733725399514818,1.0179755373865362,0.931717235686143,0.5250257621983753,0.14223226966397698,0.11879322119057178,0.0312064029276371,174.51454170491266,0.5746657848358154,0.2573279142379761,0.6672434210777283,0.09271262586116791,0.09485407918691635,0.43475088477134705,0.6732900142669678,0.6551332473754883,0.9740357398986816,0.982999999076128,0.5930174644056119
trotting,1,action_space,0.0,3.0,0.0,0.5,0.0,0.07999999821186066,-1.0,0.2900000214576721,-1.0,-0.03999999910593033,rough_slope_trot_robustness,rough_slope,1.5,trotting,1000,0.6485145092010498,0.6485145092010498,1.203601598739624,0.3719865083694458,0.19006755948066711,0.4256393313407898,1.3900330066680908,0.19006755948066711,0.07050357758998871,0.23965896666049957,0.13187488913536072,0.8140734434127808,1.325723648071289,0.7336106300354004,1.0155038833618164,0.4256393313407898,0.4465891122817993,0.02999657392501831,0.009644690901041031,0.4236583113670349,0.10813334584236145,233.97842407226562,159.06857299804688,33.320045471191406,66.52207946777344,412.62689208984375,0.09079356491565704,0.06791667640209198,0.7171348333358765,2.2449793815612793,1.133000135421753,0.024072028696537018,0.029999924823641777,3.000000238418579,0.5,0.08000031858682632,0.29143965244293213,-0.03856029361486435,0.6395138502120972,0.47799909114837646,0.6303212642669678,0.40464743971824646,0.37535345554351807,0.6306411027908325,0.31189489364624023,0.5312054753303528,0.6650701761245728,0.47453072667121887,0.5,1.0,0.9790236949920654,0.2328455150127411,0.30404216051101685,1.0,0.024000000208616257,0.007000000216066837,0.017000000923871994,1.133,0.6329521320609003,1.407638816015175,0.26552509785327016,0.3631458235135862,1.1514007330513947,1.007722126065423,0.6682732317561427,0.19910114220179487,0.12036014348268509,0.029639480635523796,194.398565370203,0.5749363899230957,0.1633780598640442,0.4525643587112427,0.06080370023846626,0.11501798033714294,0.4285633862018585,0.6093504428863525,0.7120668888092041,0.9790236949920654,0.982999999076128,0.545798447375235
trotting,1,action_space,0.0,3.0,0.0,0.5,0.0,0.07999999821186066,-1.0,0.2900000214576721,0.0,0.0,rough_slope_trot_robustness,rough_slope,1.5,trotting,1000,0.6947298645973206,0.6947298645973206,1.1934995651245117,0.36997532844543457,0.17728620767593384,0.4082079529762268,1.4388492107391357,0.17728620767593384,0.055669769644737244,0.22765925526618958,0.12007109820842743,0.7515048980712891,1.111436128616333,0.6753478646278381,0.8841111660003662,0.4082079529762268,0.41158413887023926,0.0199645534157753,0.006947830319404602,0.4114075303077698,0.08408018946647644,226.33438110351562,157.107177734375,33.230812072753906,66.71971893310547,564.9442749023438,0.08973913639783859,0.06066667661070824,0.6283276081085205,1.8427083492279053,1.1290000677108765,0.023870006203651428,0.029999924823641777,3.000000238418579,0.5,0.08000031858682632,0.29137998819351196,0.0,0.6647852659225464,0.4828107953071594,0.7007236480712891,0.4057108759880066,0.39366817474365234,0.6357522010803223,0.28905779123306274,0.5403698086738586,0.681129515171051,0.4789541959762573,0.5,1.0,0.9887269735336304,0.4746709167957306,0.5217561721801758,1.0,0.023000001907348633,0.003000000026077032,0.019999999552965164,1.129,0.5565345568188109,1.2775599978744678,0.23594442066880336,0.3465127677422975,1.0542467114562573,0.9402718574967381,0.6415482358094668,0.16404994280760934,0.11935003101825714,0.030649593099951744,189.63926566651352,0.5783783793449402,0.18893781304359436,0.5837703347206116,0.07790659368038177,0.18607531487941742,0.4391935467720032,0.6649523377418518,0.73835289478302,0.9887269735336304,0.9800000004470348,0.5865280716434905
trotting,1,action_space,0.0,3.0,0.0,0.5,0.0,0.07999999821186066,-1.0,0.2900000214576721,1.0,0.03999999910593033,rough_slope_trot_robustness,rough_slope,1.5,trotting,1000,0.665091872215271,0.665091872215271,1.1830079555511475,0.38979148864746094,0.17003574967384338,0.3780241012573242,1.2960875034332275,0.17003574967384338,0.05546139180660248,0.2508562207221985,0.14215798676013947,0.7965978980064392,1.3535575866699219,0.7016762495040894,0.90202796459198,0.3780241012573242,0.33957064151763916,0.0189196914434433,0.007880685850977898,0.4164488911628723,0.07353757321834564,232.07275390625,160.96632385253906,32.59121322631836,65.54635620117188,483.83843994140625,0.08812391757965088,0.0675833448767662,0.6399718523025513,1.8639178276062012,1.125,0.02366015687584877,0.029999924823641777,3.000000238418579,0.5,0.08000031858682632,0.29136693477630615,0.03863299638032913,0.6498428583145142,0.514137864112854,0.7220473289489746,0.4042293429374695,0.3779865503311157,0.6628639101982117,0.3365493714809418,0.5099300146102905,0.6771715879440308,0.4792928099632263,0.5,1.0,0.979948878288269,0.231331929564476,0.29794979095458984,1.0,0.023000001907348633,0.00800000037997961,0.015000000596046448,1.125,0.5688638237847222,1.2871735528701378,0.23550242420536244,0.3770384420190327,1.1634249381330632,0.9497515278176603,0.5827269013162505,0.1637082077796382,0.11830078437924385,0.031698839738965034,196.17176099050866,0.5445749759674072,0.23954303562641144,0.5850794911384583,0.09023702889680862,0.22975274920463562,0.4347875416278839,0.6608661413192749,0.7132546901702881,0.979948878288269,0.9849999994039536,0.5868723204261379
trotting,1,action_space,0.0,3.0,0.0,0.5,0.0,0.07999999821186066,0.0,0.33000001311302185,-1.0,-0.03999999910593033,rough_slope_trot_robustness,rough_slope,1.5,trotting,1000,0.703467071056366,0.703467071056366,1.1822631359100342,0.3775252401828766,0.15387529134750366,0.37058353424072266,1.373767375946045,0.15387529134750366,0.046770479530096054,0.2279636263847351,0.1312737762928009,0.7510021924972534,1.3068028688430786,0.6990445256233215,1.0339877605438232,0.37058353424072266,0.350496381521225,0.022995218634605408,0.008820094168186188,0.43975067138671875,0.0626370906829834,248.59854125976562,174.42706298828125,32.785247802734375,66.12271881103516,575.8784790039062,0.09008747339248657,0.07633334398269653,0.7169108390808105,2.165947437286377,1.1119999885559082,0.02364525943994522,0.029999924823641777,3.000000238418579,0.5,0.08000031858682632,0.33000147342681885,-0.03856007009744644,0.678020715713501,0.525875985622406,0.679470419883728,0.4225129187107086,0.4093513488769531,0.6759238243103027,0.36107003688812256,0.5667468905448914,0.6914578080177307,0.46730393171310425,0.5,1.0,0.9882368445396423,0.4757707118988037,0.5248916149139404,0.9998000264167786,0.024000000208616257,0.005000000353902578,0.01900000125169754,1.112,0.6447039267999662,1.3956340149264077,0.21626483655485015,0.3623172315703476,1.1431547877881973,1.016851887220466,0.5920273486260791,0.17836847480087842,0.1182262971997261,0.03177332691848278,210.27344396424033,0.5654681921005249,0.25326433777809143,0.5292437076568604,0.09934298694133759,0.2857203185558319,0.41498979926109314,0.6144986152648926,0.6827225685119629,0.9882368445396423,0.9809999987483025,0.5850200421716037
trotting,1,action_space,0.0,3.0,0.0,0.5,0.0,0.07999999821186066,0.0,0.33000001311302185,0.0,0.0,rough_slope_trot_robustness,rough_slope,1.5,trotting,1000,0.7574106454849243,0.7574106454849243,1.1708183288574219,0.38930320739746094,0.1637662947177887,0.4174264371395111,1.4840238094329834,0.1637662947177887,0.05296315997838974,0.2572007179260254,0.14957110583782196,0.8706766366958618,1.6417840719223022,0.7877907752990723,1.2040328979492188,0.4174264371395111,0.3792988061904907,0.02836485207080841,0.009214909747242928,0.4206314980983734,0.09933532774448395,229.5511474609375,154.66604614257812,33.609527587890625,65.96916961669922,684.75341796875,0.09162722527980804,0.06675000488758087,0.7222728729248047,2.105584144592285,1.1319999694824219,0.023416364565491676,0.029999924823641777,3.000000238418579,0.5,0.08000031858682632,0.33000147342681885,0.0,0.6385277509689331,0.4651417136192322,0.6733024716377258,0.38178586959838867,0.3646749258041382,0.6210477352142334,0.3170003592967987,0.49482977390289307,0.6593743562698364,0.469493567943573,0.5,1.0,1.0,1.0,1.0,1.0,0.02199999988079071,0.007000000216066837,0.015000000596046448,1.132,0.6380502006611639,1.363838891988152,0.23013726334166257,0.3867442382735934,1.2813212212096943,1.097284328672026,0.6158723944052783,0.19385500204547557,0.11708182282745838,0.032917801290750504,196.06043209534639,0.545404314994812,0.1750911921262741,0.4716136157512665,0.07860758900642395,0.13714636862277985,0.4311656057834625,0.6281262040138245,0.7162328362464905,1.0,0.9849999994039536,0.5491110172710921
trotting,1,action_space,0.0,3.0,0.0,0.5,0.0,0.07999999821186066,0.0,0.33000001311302185,1.0,0.03999999910593033,rough_slope_trot_robustness,rough_slope,1.5,trotting,1000,0.6952899694442749,0.6952899694442749,1.213509202003479,0.35869428515434265,0.16421791911125183,0.36645716428756714,1.4274356365203857,0.16421791911125183,0.05028330534696579,0.2611417770385742,0.1528371274471283,0.7921025156974792,1.2453731298446655,0.6944977045059204,0.8703199625015259,0.36645716428756714,0.30362749099731445,0.017599355429410934,0.0068527525290846825,0.4193187952041626,0.10818414390087128,215.67156982421875,141.16796875,33.378273010253906,66.01217651367188,383.7176208496094,0.09011241793632507,0.06858333945274353,0.7130553722381592,2.095656394958496,1.1449999809265137,0.02427018992602825,0.029999924823641777,3.000000238418579,0.5,0.08000031858682632,0.33000147342681885,0.03868001326918602,0.6635991930961609,0.509769082069397,0.7215709686279297,0.39884084463119507,0.37874096632003784,0.6590336561203003,0.3043321967124939,0.4921756386756897,0.661240816116333,0.4685782790184021,0.5,1.0,0.9892171621322632,0.47356826066970825,0.5186017751693726,1.0,0.02199999988079071,0.00800000037997961,0.014000000432133675,1.145,0.6227557186476529,1.3528737809747473,0.22423939294193113,0.3909438929656381,1.1159628711765752,0.9329094074461496,0.5510240384931627,0.15637169807383822,0.12135094963014126,0.028648674488067627,177.72553308054802,0.5977119207382202,0.26108518242836,0.6132134795188904,0.0877641960978508,0.11490117013454437,0.43229907751083374,0.6328215003013611,0.7096973061561584,0.9892171621322632,0.9859999995678663,0.5880559148561013
trotting,1,action_space,0.0,3.0,0.0,0.5,0.0,0.07999999821186066,1.0,0.3700000047683716,-1.0,-0.03999999910593033,rough_slope_trot_robustness,rough_slope,1.5,trotting,1000,0.671709418296814,0.671709418296814,1.231501817703247,0.32772189378738403,0.13603512942790985,0.32099777460098267,1.4657273292541504,0.13603512942790985,0.03425952047109604,0.22409315407276154,0.13922575116157532,0.7327480316162109,1.1143898963928223,0.7000339031219482,0.8582785129547119,0.32099777460098267,0.2056950032711029,0.02227662317454815,0.00470056664198637,0.43350499868392944,0.08169396221637726,219.423828125,146.89646911621094,33.81721496582031,65.86247253417969,356.6278381347656,0.08834847062826157,0.07366666942834854,0.7919238805770874,2.3990345001220703,1.1490000486373901,0.024630043655633926,0.029999924823641777,3.000000238418579,0.5,0.08000031858682632,0.36855965852737427,-0.03856000304222107,0.710623025894165,0.532138466835022,0.6741310358047485,0.3947405219078064,0.427138090133667,0.6850543022155762,0.3605695366859436,0.575005054473877,0.6708965301513672,0.4587527811527252,0.5,1.0,0.9790236353874207,0.2328503429889679,0.3040744960308075,1.0,0.024000000208616257,0.003000000026077032,0.021000001579523087,1.149,0.6892287451044387,1.4449680606263993,0.1850932750563781,0.37312967070654585,1.0556466721364788,0.9264332209904349,0.45353611021737056,0.16424734340784486,0.12315021827816963,0.026849405840039253,178.1758053221763,0.650765061378479,0.35686570405960083,0.5830141305923462,0.11637730151414871,0.19517099857330322,0.42020609974861145,0.5933427214622498,0.6918864846229553,0.9790236353874207,0.9789999984204769,0.6037950662798004
trotting,1,action_space,0.0,3.0,0.0,0.5,0.0,0.07999999821186066,1.0,0.3700000047683716,0.0,0.0,rough_slope_trot_robustness,rough_slope,1.5,trotting,1000,0.6906970739364624,0.6906970739364624,1.1821229457855225,0.38302087783813477,0.16942355036735535,0.3883492946624756,1.4725680351257324,0.16942355036735535,0.05278495326638222,0.23695328831672668,0.12757985293865204,0.7715588808059692,1.0916664600372314,0.7198752164840698,0.9959887266159058,0.3883492946624756,0.3423985540866852,0.023383308202028275,0.0063780988566577435,0.4179379940032959,0.09028545767068863,217.58807373046875,145.20980834960938,33.58611297607422,67.25626373291016,404.8741455078125,0.08978834748268127,0.07250000536441803,0.7226963639259338,2.0913186073303223,1.121999979019165,0.02364245429635048,0.029999924823641777,3.000000238418579,0.5,0.08000031858682632,0.3686797022819519,0.0,0.6508255004882812,0.49204254150390625,0.694959282875061,0.3987357020378113,0.38174766302108765,0.6451386213302612,0.28764328360557556,0.5248243808746338,0.6745465993881226,0.4725297689437866,0.5,1.0,0.9892171025276184,0.47356778383255005,0.5185996890068054,1.0,0.02200000174343586,0.004999999888241291,0.017000000923871994,1.122,0.6441143396278967,1.365254673674099,0.2297497622770962,0.3571832204046714,1.0448284356951774,0.9979923479746254,0.5851483180243152,0.1725149473485878,0.1182122714817524,0.03178735263645649,184.06551916296758,0.5560928583145142,0.22131864726543427,0.551436722278595,0.0797971785068512,0.16435787081718445,0.43349456787109375,0.6275197863578796,0.6959342956542969,0.9892171025276184,0.982999999076128,0.5705365438602472
trotting,1,action_space,0.0,3.0,0.0,0.5,0.0,0.07999999821186066,1.0,0.3700000047683716,1.0,0.03999999910593033,rough_slope_trot_robustness,rough_slope,1.5,trotting,1000,0.6716612577438354,0.6716612577438354,1.2029988765716553,0.3499930500984192,0.13955143094062805,0.36414939165115356,1.7407400608062744,0.13955143094062805,0.035832904279232025,0.24332642555236816,0.14788416028022766,0.7278047800064087,1.0847432613372803,0.6564165353775024,0.7944961786270142,0.36414939165115356,0.2788581848144531,0.014891920611262321,0.004724304191768169,0.4249128997325897,0.08218784630298615,213.17124938964844,142.97763061523438,33.10087585449219,65.1324462890625,404.900146484375,0.08727674931287766,0.07341668009757996,0.6675969362258911,1.9323139190673828,1.13100004196167,0.024059977382421494,0.029999924823641777,3.000000238418579,0.5,0.08000031858682632,0.3685813248157501,0.03858170658349991,0.6910744309425354,0.4992852807044983,0.7603358030319214,0.41467323899269104,0.41146618127822876,0.6531237959861755,0.2740505337715149,0.5288882255554199,0.6791690587997437,0.4619941711425781,0.5,1.0,0.9791628122329712,0.2324482500553131,0.30140042304992676,0.9998000264167786,0.024000000208616257,0.0010000000474974513,0.023000001907348633,1.131,0.5902713738533377,1.3070961751158297,0.18929581157339964,0.38455709625519546,1.0415100870069767,0.8913451512332438,0.5280702460984269,0.14005793373825878,0.12029988691210747,0.029699737206101418,177.19987403242695,0.6126382946968079,0.26552459597587585,0.6754848957061768,0.0856575295329094,0.19325265288352966,0.42748939990997314,0.652381956577301,0.6927518844604492,0.9791628122329712,0.9769999980926514,0.6128876217101751
trotting,1,action_space,0.0,3.0,0.0,0.5,1.0,0.10999999940395355,-1.0,0.2900000214576721,-1.0,-0.03999999910593033,rough_slope_trot_robustness,rough_slope,1.5,trotting,1000,0.647581934928894,0.647581934928894,1.2316657304763794,0.35508784651756287,0.14796948432922363,0.31583571434020996,1.5669265985488892,0.14796948432922363,0.037556231021881104,0.23924793303012848,0.13489273190498352,0.7195199728012085,0.9197758436203003,0.6520712375640869,0.7809478044509888,0.31583571434020996,0.2132335901260376,0.02544802986085415,0.0045857783406972885,0.40077221393585205,0.0708584114909172,227.99130249023438,154.99066162109375,33.021697998046875,65.65931701660156,197.46511840820312,0.09639376401901245,0.05658333748579025,0.7452349662780762,2.267096757888794,1.1420000791549683,0.024633308872580528,0.029999924823641777,3.000000238418579,0.5,0.10896526277065277,0.2913799285888672,-0.038620010018348694,0.6844185590744019,0.5491541624069214,0.6647195219993591,0.41439390182495117,0.39881178736686707,0.7038570642471313,0.30586981773376465,0.524057149887085,0.6896798610687256,0.4854341745376587,0.8620624542236328,1.0,0.9728555679321289,0.11777321249246597,0.19556131958961487,1.0,0.023000001907348633,0.004999999888241291,0.018000001087784767,1.142,0.6525699862665554,1.4089707213412066,0.19379430079824614,0.3672774590210833,0.9590494479537018,0.8837125123313513,0.4617722275386834,0.17330264914752871,0.12316654436290264,0.026833079755306244,185.10809942081664,0.603898286819458,0.36879217624664307,0.54844069480896,0.09846527129411697,0.2423994541168213,0.4486355483531952,0.6087791919708252,0.7535825371742249,0.9728555679321289,0.9819999989122152,0.5920051609803187
trotting,1,action_space,0.0,3.0,0.0,0.5,1.0,0.10999999940395355,-1.0,0.2900000214576721,0.0,0.0,rough_slope_trot_robustness,rough_slope,1.5,trotting,1000,0.669838547706604,0.669838547706604,1.1361212730407715,0.41975700855255127,0.1778874695301056,0.4101489782333374,1.464015245437622,0.1778874695301056,0.07359778881072998,0.2520366311073303,0.14924368262290955,0.888109564781189,2.1818552017211914,0.7582966685295105,1.120051622390747,0.4101489782333374,0.5978574752807617,0.020699013024568558,0.024168770760297775,0.4454267621040344,0.07284918427467346,264.6230773925781,189.56631469726562,33.158531188964844,66.31692504882812,473.992919921875,0.09957290440797806,0.05475000664591789,0.6900678873062134,2.1173453330993652,1.121000051498413,0.02272242307662964,0.029999924823641777,3.000000238418579,0.5,0.10892610251903534,0.29143208265304565,0.0,0.6618345975875854,0.5257804989814758,0.7147655487060547,0.3990604281425476,0.39175230264663696,0.6747400760650635,0.3344213664531708,0.5271499156951904,0.6990398168563843,0.4697684645652771,0.8615731000900269,1.0,0.9790421724319458,0.23271727561950684,0.30297571420669556,1.0,0.024000000208616257,0.004000000189989805,0.020000001415610313,1.121,0.615582400618867,1.374336338043126,0.271289124018509,0.3863206991903353,1.477110422995245,1.0583249134319512,0.7732124386485009,0.21182016850353588,0.1136121153831482,0.03638750873506069,232.9179847890074,0.4942154288291931,0.1859603375196457,0.40764617919921875,0.05307915434241295,0.23293782770633698,0.4103054106235504,0.6236287355422974,0.7605221271514893,0.9790421724319458,0.9799999985843897,0.5326674416857332
trotting,1,action_space,0.0,3.0,0.0,0.5,1.0,0.10999999940395355,-1.0,0.2900000214576721,1.0,0.03999999910593033,rough_slope_trot_robustness,rough_slope,1.5,trotting,1000,0.6583765149116516,0.6583765149116516,1.2858774662017822,0.32198819518089294,0.1480625420808792,0.31521105766296387,1.42690110206604,0.1480625420808792,0.04053790867328644,0.2678315043449402,0.15882177650928497,0.7776680588722229,1.1658620834350586,0.6791197657585144,0.9098961353302002,0.31521105766296387,0.21185380220413208,0.01764708012342453,0.004949953407049179,0.39701616764068604,0.0668225884437561,229.87362670898438,152.81129455566406,33.167022705078125,66.97732543945312,400.0048522949219,0.09664548933506012,0.053666673600673676,0.8182443380355835,2.6101016998291016,1.1519999504089355,0.02571755275130272,0.029999924823641777,3.000000238418579,0.5,0.10892020165920258,0.291439950466156,0.0385599322617054,0.7078961133956909,0.5486080646514893,0.732159435749054,0.41695401072502136,0.3880236744880676,0.705377459526062,0.32453295588493347,0.4776909649372101,0.6827765703201294,0.48368480801582336,0.8614992499351501,1.0,0.9716753959655762,0.11895029246807098,0.20012477040290833,1.0,0.02500000037252903,0.003000000026077032,0.02200000174343586,1.152,0.7102815310160319,1.505228607850768,0.20134028080164793,0.3985244992585587,1.0797509358343056,0.9538847599842447,0.46027578928739243,0.150323097129063,0.1285877637565136,0.02141186036169529,178.7679096578182,0.6605347394943237,0.37024879455566406,0.6363919377326965,0.10670799016952515,0.2627764046192169,0.4520184397697449,0.567548930644989,0.7646528482437134,0.9716753959655762,0.9779999982565641,0.6225615389841168
trotting,1,action_space,0.0,3.0,0.0,0.5,1.0,0.10999999940395355,0.0,0.33000001311302185,-1.0,-0.03999999910593033,rough_slope_trot_robustness,rough_slope,1.5,trotting,1000,0.6696078777313232,0.6696078777313232,1.2589502334594727,0.3388932943344116,0.14651134610176086,0.3086743950843811,1.2689087390899658,0.14651134610176086,0.037428297102451324,0.23779639601707458,0.12429528683423996,0.7302403450012207,1.0230662822723389,0.663491427898407,0.7761077284812927,0.3086743950843811,0.1878984570503235,0.02523145079612732,0.004726852290332317,0.39538905024528503,0.07425962388515472,232.73538208007812,158.54180908203125,33.27764129638672,66.19735717773438,672.1497802734375,0.09522189199924469,0.07116667926311493,0.7322218418121338,2.325615406036377,1.1440000534057617,0.02517900988459587,0.029999924823641777,3.000000238418579,0.5,0.1089164987206459,0.33000147342681885,-0.03855500370264053,0.6983463168144226,0.5399158000946045,0.6563606262207031,0.4131600558757782,0.41174957156181335,0.6972770690917969,0.35369378328323364,0.5273431539535522,0.694169819355011,0.4837738871574402,0.8614530563354492,1.0,0.9790167808532715,0.23293322324752808,0.3047151267528534,1.0,0.024000000208616257,0.0010000000474974513,0.023000001907348633,1.144,0.6400540225155704,1.425791166205099,0.19346394264164918,0.35255536704784396,1.0114673906124403,0.8809697659291678,0.4334725562827749,0.17308467028151175,0.12589504942297935,0.02410457469522953,184.8646403127024,0.6316658854484558,0.3856601119041443,0.5492694973945618,0.13299089670181274,0.22645872831344604,0.45349180698394775,0.6015653014183044,0.7005892992019653,0.9790167808532715,0.9769999980926514,0.5984917016405809
trotting,1,action_space,0.0,3.0,0.0,0.5,1.0,0.10999999940395355,0.0,0.33000001311302185,0.0,0.0,rough_slope_trot_robustness,rough_slope,1.5,trotting,1000,0.7151079773902893,0.7151079773902893,1.2450034618377686,0.3152379095554352,0.12762947380542755,0.3114997446537018,1.4802227020263672,0.12762947380542755,0.027553003281354904,0.23528017103672028,0.13400809466838837,0.6853488683700562,0.9247949123382568,0.6689883470535278,0.8861126899719238,0.3114997446537018,0.18958190083503723,0.018742825835943222,0.004140503704547882,0.4054424464702606,0.060936108231544495,222.1826171875,150.96551513671875,32.70968246459961,65.10868835449219,347.0858154296875,0.09168409556150436,0.06941667199134827,0.6723300218582153,2.0339295864105225,1.1449999809265137,0.024900052696466446,0.029999924823641777,3.000000238418579,0.5,0.10892610251903534,0.33000147342681885,0.0,0.7154375910758972,0.5465763807296753,0.745567798614502,0.4248306155204773,0.4310838580131531,0.7007370591163635,0.3389088213443756,0.543852686882019,0.6847255229949951,0.4750215411186218,0.8615731000900269,1.0,0.9882460832595825,0.475629985332489,0.5239369869232178,1.0,0.024000000208616257,0.00800000037997961,0.01600000075995922,1.145,0.5871877345455786,1.332800657432912,0.16599097349360567,0.36607116066195156,0.961662577174685,0.9413355883912622,0.4354100375910473,0.1512723687277062,0.12450026348233223,0.025499360635876656,178.45943726094774,0.6719980835914612,0.3789614140987396,0.6327584385871887,0.13116717338562012,0.29560768604278564,0.4444645941257477,0.6414080858230591,0.7067463994026184,0.9882460832595825,0.9839999992400408,0.6378920624326718
trotting,1,action_space,0.0,3.0,0.0,0.5,1.0,0.10999999940395355,0.0,0.33000001311302185,1.0,0.03999999910593033,rough_slope_trot_robustness,rough_slope,1.5,trotting,1000,0.6840086579322815,0.6840086579322815,1.2476954460144043,0.31692153215408325,0.13665363192558289,0.3089071810245514,1.3770551681518555,0.13665363192558289,0.03312113508582115,0.2518279552459717,0.15128093957901,0.7167519927024841,0.9555213451385498,0.6500117182731628,0.7832503914833069,0.3089071810245514,0.20655038952827454,0.012135419994592667,0.004303725901991129,0.4027806520462036,0.08627181500196457,219.898681640625,148.19650268554688,33.41038513183594,66.28807067871094,437.79541015625,0.09379103779792786,0.05166667327284813,0.7773404121398926,2.434837818145752,1.1460001468658447,0.02495390549302101,0.029999924823641777,3.000000238418579,0.5,0.10892151296138763,0.33000147342681885,0.03856164962053299,0.7201887369155884,0.5485954284667969,0.7732641100883484,0.4262262284755707,0.4067443609237671,0.705085277557373,0.3349114656448364,0.5138580799102783,0.6909677386283875,0.47860902547836304,0.8615155220031738,1.0,0.9790244698524475,0.23282288014888763,0.30387985706329346,1.0,0.024000000208616257,0.004000000189989805,0.020000001415610313,1.146,0.6783074983127454,1.457614624383116,0.18199212918646002,0.3889485050479176,0.9775077212679958,0.8850143453545297,0.4544781507710514,0.12821523270104765,0.12476952746510506,0.02523009665310383,176.2438761342456,0.6691433191299438,0.38510608673095703,0.719799280166626,0.13009662926197052,0.17809532582759857,0.44683703780174255,0.5879225134849548,0.7723377346992493,0.9790244698524475,0.9799999985843897,0.6342487865568777
trotting,1,action_space,0.0,3.0,0.0,0.5,1.0,0.10999999940395355,1.0,0.3700000047683716,-1.0,-0.03999999910593033,rough_slope_trot_robustness,rough_slope,1.5,trotting,1000,0.6428736448287964,0.6428736448287964,1.2555726766586304,0.35480016469955444,0.15766996145248413,0.34424614906311035,1.4375635385513306,0.15766996145248413,0.049990568310022354,0.2583373785018921,0.15706494450569153,0.8095346689224243,1.290539026260376,0.7320227026939392,0.9833713173866272,0.34424614906311035,0.2642676830291748,0.030263736844062805,0.0058309584856033325,0.41693347692489624,0.08097541332244873,234.7496337890625,156.7261505126953,33.32662582397461,67.58429718017578,571.7734375,0.0996239185333252,0.05950000137090683,0.7857442498207092,2.5488014221191406,1.1430001258850098,0.02511146292090416,0.029999924823641777,3.000000238418579,0.5,0.10887713730335236,0.368502140045166,-0.03850249946117401,0.6714972257614136,0.518059253692627,0.637408971786499,0.386614590883255,0.39540258049964905,0.6776866912841797,0.3219984769821167,0.4983193278312683,0.6829203367233276,0.4693869352340698,0.8609607815742493,1.0,0.970501720905304,0.12009671330451965,0.20440039038658142,1.0,0.02500000037252903,0.007000000216066837,0.018000001087784767,1.143,0.687440246421834,1.4932924598160688,0.22358570685538545,0.39631419922290384,1.1360189374567555,0.9916508041577071,0.5140697258438536,0.18998603982836776,0.1255573146045208,0.024442309513688087,186.9661853535915,0.6043917536735535,0.3057296574115753,0.48583126068115234,0.08738996088504791,0.19799603521823883,0.434366375207901,0.5726500153541565,0.7426725625991821,0.970501720905304,0.9819999989122152,0.5703796127713041
trotting,1,action_space,0.0,3.0,0.0,0.5,1.0,0.10999999940395355,1.0,0.3700000047683716,0.0,0.0,rough_slope_trot_robustness,rough_slope,1.5,trotting,1000,0.6798502206802368,0.6798502206802368,1.2701201438903809,0.3143477439880371,0.13891929388046265,0.3062269985675812,1.4992461204528809,0.13891929388046265,0.03592897206544876,0.2453048825263977,0.14513880014419556,0.6925045251846313,0.9340921640396118,0.6538223028182983,0.7837108373641968,0.3062269985675812,0.19170251488685608,0.017576824873685837,0.004253708757460117,0.40688788890838623,0.06983128935098648,224.9894561767578,147.53900146484375,33.15985870361328,66.49055480957031,441.4810485839844,0.09679208695888519,0.054833341389894485,0.8069627285003662,2.552196502685547,1.152000069618225,0.02540239691734314,0.029999924823641777,3.000000238418579,0.5,0.10891267657279968,0.36854949593544006,0.0,0.7228856682777405,0.5511723756790161,0.735679566860199,0.4309823215007782,0.4256589114665985,0.7045469284057617,0.3184891939163208,0.5258275270462036,0.6911073923110962,0.47455769777297974,0.8614051342010498,1.0,0.9785662293434143,0.23317919671535492,0.30290281772613525,0.9998000264167786,0.02500000037252903,0.003000000026077032,0.02199999988079071,1.152,0.7004885143703885,1.4884381638445636,0.1895493921526755,0.38097086521700785,0.9664844354875105,0.8852744418338286,0.4378384575238407,0.14775159434383764,0.1270119845867157,0.022987639531493187,177.14029437216436,0.6735062599182129,0.3915078341960907,0.6462229490280151,0.10884551703929901,0.2474304437637329,0.4431815445423126,0.5747259259223938,0.7602053284645081,0.9785662293434143,0.9780000001192093,0.6262520410512623
trotting,1,action_space,0.0,3.0,0.0,0.5,1.0,0.10999999940395355,1.0,0.3700000047683716,1.0,0.03999999910593033,rough_slope_trot_robustness,rough_slope,1.5,trotting,1000,0.6598253846168518,0.6598253846168518,1.229261875152588,0.34087055921554565,0.140510693192482,0.33721840381622314,1.6490375995635986,0.140510693192482,0.03872363641858101,0.26898932456970215,0.16922496259212494,0.7512532472610474,1.2117441892623901,0.6450763940811157,0.7217321395874023,0.33721840381622314,0.2415885478258133,0.01318794209510088,0.008268375881016254,0.43139392137527466,0.05916895344853401,231.1347198486328,154.7718505859375,32.93214416503906,66.39884185791016,377.8285217285156,0.09648489952087402,0.05675000697374344,0.737686276435852,2.3246653079986572,1.1370000839233398,0.024585235863924026,0.029999924823641777,3.000000238418579,0.5,0.10891817510128021,0.3685569763183594,0.03855724260210991,0.7064026594161987,0.5241274833679199,0.7638180255889893,0.4350009560585022,0.398301362991333,0.6806899309158325,0.28505367040634155,0.48643118143081665,0.6899383068084717,0.4616154432296753,0.8614740371704102,1.0,0.9716717004776001,0.11898058652877808,0.20036952197551727,0.9998000264167786,0.024000000208616257,0.003000000026077032,0.021000001579523087,1.137,0.6488005437658037,1.4298812871498665,0.19678322189297798,0.4113696179740611,1.1007925278009432,0.8495481973304413,0.4915165794007495,0.14647975278555442,0.12292617931962013,0.027073444798588753,188.0272418112228,0.6282790303230286,0.32072776556015015,0.6510776877403259,0.08861002326011658,0.3062421679496765,0.4219840168952942,0.599811315536499,0.7529548406600952,0.9716717004776001,0.9789999984204769,0.6240203457051202
trotting,1,action_space,1.0,3.4000000953674316,0.0,0.5,-1.0,0.04999999701976776,-1.0,0.2900000214576721,-1.0,-0.03999999910593033,rough_slope_trot_robustness,rough_slope,1.5,trotting,1000,0.6154870986938477,0.6154870986938477,1.138644814491272,0.40659576654434204,0.17497804760932922,0.43877220153808594,1.6955044269561768,0.17497804760932922,0.05622169375419617,0.21986296772956848,0.12210074067115784,0.7695928812026978,1.180450677871704,0.7013769149780273,0.910790205001831,0.43877220153808594,0.4638899564743042,0.022903045639395714,0.010130638256669044,0.43657398223876953,0.12238199263811111,217.71261596679688,152.7139892578125,34.06114959716797,65.52726745605469,375.35992431640625,0.07776360213756561,0.08116668462753296,0.7435495853424072,2.1609835624694824,1.246999979019165,0.0227728970348835,0.029999924823641777,3.3868465423583984,0.5,0.05098722130060196,0.29131627082824707,-0.03868367522954941,0.6209064722061157,0.484432190656662,0.6486517190933228,0.40013396739959717,0.37392404675483704,0.6289124488830566,0.2298181653022766,0.5765382051467896,0.6470754146575928,0.4524650573730469,0.13734070956707,1.0,0.9686353206634521,0.06255178153514862,0.14011673629283905,1.0,0.02199999988079071,0.006000000052154064,0.01600000075995922,1.247,0.5962706981129712,1.3164139883193062,0.23711114219748544,0.34942916402492485,1.0864854706215377,0.9543532915025918,0.6810946751181544,0.18175170947219385,0.1138644851744175,0.03613513894379139,191.20327357224855,0.5161899328231812,0.14584505558013916,0.5165032744407654,0.05960962921380997,0.0864974856376648,0.4176347851753235,0.6484071612358093,0.6664211750030518,0.9686353206634521,0.9839999992400408,0.5434586261644175
trotting,1,action_space,1.0,3.4000000953674316,0.0,0.5,-1.0,0.04999999701976776,-1.0,0.2900000214576721,0.0,0.0,rough_slope_trot_robustness,rough_slope,1.5,trotting,1000,0.6429899334907532,0.6429899334907532,1.1766561269760132,0.37360626459121704,0.16870062053203583,0.3786846399307251,1.4525574445724487,0.16870062053203583,0.04999764263629913,0.2130674123764038,0.11509270966053009,0.7011421322822571,0.935793399810791,0.7158749103546143,0.8682993054389954,0.3786846399307251,0.31107017397880554,0.019933734089136124,0.005693398416042328,0.43127119541168213,0.12098194658756256,214.89144897460938,151.7166748046875,33.40948486328125,65.45581817626953,347.919677734375,0.07732498645782471,0.07799999415874481,0.6603550910949707,1.7572869062423706,1.2599999904632568,0.023533117026090622,0.029999924823641777,3.386209011077881,0.5,0.05103500559926033,0.29137998819351196,0.0,0.6542035341262817,0.4898947477340698,0.7082550525665283,0.3821156620979309,0.39574629068374634,0.6438083052635193,0.2947652339935303,0.5853856801986694,0.6580831408500671,0.45910537242889404,0.1379377394914627,1.0,0.9728555679321289,0.11777330935001373,0.19556185603141785,1.0,0.023000001907348633,0.006000000052154064,0.017000000923871994,1.26,0.5240913512214782,1.1809623682680905,0.2236015264623637,0.3392531645549236,0.9673641505714334,0.9318257913574808,0.5577366528916721,0.16008476662436827,0.11766558513045311,0.032334038987755775,182.62892959804395,0.5721657872200012,0.23834870755672455,0.5989706516265869,0.08607722818851471,0.08895373344421387,0.4220876097679138,0.7056273221969604,0.6770569086074829,0.9728555679321289,0.982999999076128,0.5796031012739007
trotting,1,action_space,1.0,3.4000000953674316,0.0,0.5,-1.0,0.04999999701976776,-1.0,0.2900000214576721,1.0,0.03999999910593033,rough_slope_trot_robustness,rough_slope,1.5,trotting,1000,0.6206659078598022,0.6206659078598022,1.1547894477844238,0.4273250102996826,0.18871009349822998,0.4367936849594116,1.5887287855148315,0.18871009349822998,0.07482580840587616,0.2715139091014862,0.17010918259620667,1.0174145698547363,2.6998066902160645,0.7626019716262817,1.1268267631530762,0.4367936849594116,0.4576020836830139,0.02619677595794201,0.019256234169006348,0.4460066258907318,0.10678255558013916,254.31411743164062,176.9420928955078,32.21318817138672,64.57868194580078,470.32464599609375,0.08835844695568085,0.06941667199134827,0.6597405672073364,1.8775945901870728,1.2280000448226929,0.023095786571502686,0.029999924823641777,3.3856215476989746,0.5,0.051079027354717255,0.29143863916397095,0.038561251014471054,0.61958909034729,0.46665307879447937,0.6719149351119995,0.3904300332069397,0.33031129837036133,0.6182169914245605,0.28925448656082153,0.492931604385376,0.655431866645813,0.4541715681552887,0.13848841190338135,1.0,0.9657036066055298,0.06456811726093292,0.1501716673374176,0.9998000264167786,0.024000000208616257,0.0020000000949949026,0.02200000174343586,1.228,0.5372480460797536,1.2365216273366324,0.27354306499320385,0.41244294465562953,1.6431088491685706,1.061520966892824,0.6764629211442515,0.21319711566282587,0.11547893285751343,0.03452069126069546,220.22552935478157,0.48170343041419983,0.14839357137680054,0.4029026925563812,0.04571883752942085,0.11816762387752533,0.4098298251628876,0.6823269128799438,0.7067463994026184,0.9657036066055298,0.9779999982565641,0.5162271526887229
trotting,1,action_space,1.0,3.4000000953674316,0.0,0.5,-1.0,0.04999999701976776,0.0,0.33000001311302185,-1.0,-0.03999999910593033,rough_slope_trot_robustness,rough_slope,1.5,trotting,1000,0.6271246671676636,0.6271246671676636,1.1575450897216797,0.3981817364692688,0.16532474756240845,0.4242281913757324,1.401426076889038,0.16532474756240845,0.04935150593519211,0.23977157473564148,0.1410190761089325,0.845921516418457,1.4901912212371826,0.7589931488037109,1.0192787647247314,0.4242281913757324,0.4353760778903961,0.029314618557691574,0.01371100265532732,0.4474591612815857,0.1105751171708107,227.03872680664062,156.50222778320312,33.6118049621582,65.02396392822266,505.0231628417969,0.08234049379825592,0.07341668009757996,0.7273352146148682,2.0226552486419678,1.2540000677108765,0.023150905966758728,0.029999924823641777,3.3866615295410156,0.5,0.05100104212760925,0.33000147342681885,-0.03866521269083023,0.6178820133209229,0.48172318935394287,0.6355158090591431,0.3878692388534546,0.3642317056655884,0.6266499757766724,0.31932616233825684,0.5405271053314209,0.6405668258666992,0.44654810428619385,0.1375139355659485,1.0,0.9738576412200928,0.11681731045246124,0.19285526871681213,0.9995999932289124,0.02199999988079071,0.003000000026077032,0.01900000125169754,1.254,0.5800120765892893,1.2700246231073409,0.22215198836650576,0.37552506721779905,1.220733886331162,1.0095933660265064,0.6598303402317872,0.20742618256386752,0.11575452983379364,0.034245094284415245,196.13812785576226,0.5303623676300049,0.16534921526908875,0.4229452908039093,0.09177125990390778,0.10953596979379654,0.40864098072052,0.668151319026947,0.6927518844604492,0.9738576412200928,0.9809999987483025,0.5352761621930098
trotting,1,action_space,1.0,3.4000000953674316,0.0,0.5,-1.0,0.04999999701976776,0.0,0.33000001311302185,0.0,0.0,rough_slope_trot_robustness,rough_slope,1.5,trotting,1000,0.6659119725227356,0.6659119725227356,1.1907143592834473,0.3611074686050415,0.14582473039627075,0.34748154878616333,1.528470516204834,0.14582473039627075,0.038376785814762115,0.21948054432868958,0.13476663827896118,0.7886548042297363,1.1453320980072021,0.6566154360771179,0.7914637923240662,0.34748154878616333,0.2698809504508972,0.014657320454716682,0.0054262662306427956,0.42849671840667725,0.09587313234806061,210.78805541992188,143.68789672851562,34.014095306396484,65.72864532470703,437.2061767578125,0.07635471224784851,0.08108333498239517,0.7054681777954102,1.9313273429870605,1.2790000438690186,0.023814283311367035,0.029999924823641777,3.3856966495513916,0.5,0.05107340216636658,0.33000147342681885,0.0,0.6763706207275391,0.5286680459976196,0.7423862218856812,0.4321896433830261,0.3959456980228424,0.6782679557800293,0.2890366315841675,0.5925530195236206,0.6540547609329224,0.456197053194046,0.1384182870388031,1.0,0.9790424704551697,0.23270215094089508,0.30287057161331177,1.0,0.024000000208616257,0.004999999888241291,0.01900000125169754,1.279,0.5515779043381059,1.228832390893132,0.1958999382714607,0.3671057589836493,1.0702018959089925,0.889642508159354,0.5195006741582702,0.14171657166809914,0.11907141655683517,0.03092820756137371,177.02655030277012,0.5935733914375305,0.298963338136673,0.6692003607749939,0.1006600558757782,0.1469794362783432,0.4244362711906433,0.6855682134628296,0.6666989326477051,0.9790424704551697,0.9809999987483025,0.6058584514417147
trotting,1,action_space,1.0,3.4000000953674316,0.0,0.5,-1.0,0.04999999701976776,0.0,0.33000001311302185,1.0,0.03999999910593033,rough_slope_trot_robustness,rough_slope,1.5,trotting,1000,0.6414309144020081,0.6414309144020081,1.2123820781707764,0.3796203136444092,0.16457895934581757,0.38834500312805176,1.3941481113433838,0.16457895934581757,0.04818286374211311,0.26582345366477966,0.15581142902374268,0.8212159872055054,1.3191413879394531,0.6894453167915344,0.9530249238014221,0.38834500312805176,0.32053783535957336,0.01951519213616848,0.007178215775638819,0.4254733920097351,0.11013974249362946,217.71800231933594,144.21096801757812,33.480690002441406,64.86888122558594,310.08636474609375,0.08194886147975922,0.061083339154720306,0.7208945155143738,1.9942973852157593,1.25,0.02424764074385166,0.029999924823641777,3.3856091499328613,0.5,0.05107995122671127,0.33000147342681885,0.03856004402041435,0.6354102492332458,0.48140132427215576,0.7148642539978027,0.41326606273651123,0.36314985156059265,0.630304753780365,0.32979488372802734,0.4784358739852905,0.6519705057144165,0.4607696235179901,0.138499915599823,1.0,0.9716753959655762,0.11894921958446503,0.2001175582408905,1.0,0.024000000208616257,0.007000000216066837,0.017000000923871994,1.25,0.576715576171875,1.2631064446930036,0.21950595377372595,0.3947295644156169,1.1485388055871046,0.9762299543659896,0.5661606091557178,0.16338117367618368,0.12123820371925831,0.028761420398950577,179.5787039741016,0.5618916153907776,0.2213260382413864,0.5863325595855713,0.09462765604257584,0.11049392074346542,0.4270104467868805,0.671085000038147,0.7368162870407104,0.9716753959655762,0.982999999076128,0.5761371435303437
trotting,1,action_space,1.0,3.4000000953674316,0.0,0.5,-1.0,0.04999999701976776,1.0,0.3700000047683716,-1.0,-0.03999999910593033,rough_slope_trot_robustness,rough_slope,1.5,trotting,1000,0.618033766746521,0.618033766746521,1.1800589561462402,0.3897840082645416,0.1776045560836792,0.42864519357681274,1.4106595516204834,0.1776045560836792,0.05895622819662094,0.2426142692565918,0.1389496624469757,0.8501451015472412,1.435560941696167,0.7389538288116455,1.0083096027374268,0.42864519357681274,0.4048629701137543,0.030710574239492416,0.00821299385279417,0.4398384690284729,0.1008838415145874,225.7948760986328,150.93959045410156,33.148231506347656,65.03872680664062,462.62030029296875,0.08545640856027603,0.06858333945274353,0.7366682887077332,2.0900659561157227,1.2540000677108765,0.023601168766617775,0.029999924823641777,3.3865609169006348,0.5,0.05100860446691513,0.36865469813346863,-0.03865514695644379,0.6346162557601929,0.4580620229244232,0.6161924600601196,0.3900749087333679,0.36275714635849,0.6086679697036743,0.3027421534061432,0.5216950178146362,0.6531862616539001,0.45370954275131226,0.13760823011398315,1.0,0.9678018689155579,0.06315610557794571,0.14210858941078186,1.0,0.023000001907348633,0.0010000000474974513,0.02199999988079071,1.254,0.5874547152237839,1.2910148073627754,0.24280903648056623,0.37275952361673564,1.1981489647352566,1.0041462058572082,0.636288433113281,0.1972905676718646,0.11800584383308887,0.03199378028512001,191.3420299236735,0.5445877313613892,0.1592361330986023,0.45910727977752686,0.07503623515367508,0.13296400010585785,0.4149169325828552,0.659231960773468,0.7096973061561584,0.9678018689155579,0.9780000001192093,0.545727342759308
trotting,1,action_space,1.0,3.4000000953674316,0.0,0.5,-1.0,0.04999999701976776,1.0,0.3700000047683716,0.0,0.0,rough_slope_trot_robustness,rough_slope,1.5,trotting,1000,0.6334111094474792,0.6334111094474792,1.1752249002456665,0.3840608596801758,0.17863741517066956,0.4432066082954407,1.4113917350769043,0.17863741517066956,0.05937238782644272,0.2443196177482605,0.1380966603755951,0.8671305179595947,1.5197079181671143,0.7380310297012329,1.010664701461792,0.4432066082954407,0.42357125878334045,0.023477885872125626,0.008517513982951641,0.43729710578918457,0.0915137529373169,224.54537963867188,152.35226440429688,33.525596618652344,66.2000732421875,242.02621459960938,0.08248231559991837,0.08008334040641785,0.7458199858665466,2.0123422145843506,1.2540000677108765,0.02350449003279209,0.029999924823641777,3.3862104415893555,0.5,0.051034897565841675,0.3686196804046631,0.0,0.6436882615089417,0.4563789963722229,0.6663317680358887,0.3992614150047302,0.36069566011428833,0.6071137189865112,0.312430739402771,0.5239746570587158,0.6505171060562134,0.4547572731971741,0.13793689012527466,1.0,0.9728555679321289,0.11777232587337494,0.19555532932281494,1.0,0.023000001907348633,0.006000000052154064,0.017000000923871994,1.254,0.594752748236892,1.2667828007985122,0.2436644984942261,0.3716135901384597,1.2327643400776622,1.0053182090571084,0.6508235235325629,0.17887257994191638,0.11752245016396046,0.03247717395424843,191.06587989391085,0.5543211698532104,0.14025108516216278,0.5273409485816956,0.07435981929302216,0.16036945581436157,0.4170311987400055,0.6695263981819153,0.6700407862663269,0.9728555679321289,0.982999999076128,0.5670276364605679
trotting,1,action_space,1.0,3.4000000953674316,0.0,0.5,-1.0,0.04999999701976776,1.0,0.3700000047683716,1.0,0.03999999910593033,rough_slope_trot_robustness,rough_slope,1.5,trotting,1000,0.6358797550201416,0.6358797550201416,1.1326289176940918,0.4098246097564697,0.14847420156002045,0.41097530722618103,1.5759897232055664,0.14847420156002045,0.03957667201757431,0.24236008524894714,0.14349624514579773,0.8223088383674622,1.5399229526519775,0.7303800582885742,1.0428009033203125,0.41097530722618103,0.37533944845199585,0.017662644386291504,0.006347660906612873,0.45192593336105347,0.09927666187286377,221.9482879638672,152.23623657226562,33.612998962402344,64.66870880126953,236.27191162109375,0.08046852052211761,0.07716667652130127,0.6596978902816772,1.7351157665252686,1.253000020980835,0.022652573883533478,0.029999924823641777,3.3864262104034424,0.5,0.05101870745420456,0.36864131689071655,0.038641683757305145,0.630691647529602,0.47736454010009766,0.7510912418365479,0.4001923203468323,0.38514333963394165,0.629089891910553,0.2832927703857422,0.5325857400894165,0.6603590250015259,0.44484764337539673,0.1377348005771637,1.0,0.967401385307312,0.06337901949882507,0.143026202917099,0.9998000264167786,0.02200000174343586,0.003000000026077032,0.01900000125169754,1.253,0.5264947134689246,1.17676213918009,0.19893886502534971,0.37880898239851407,1.2409363209496196,1.0211762351917089,0.612649531503939,0.1549525904685184,0.11326286941766739,0.036736754700541496,195.9585213626097,0.510775625705719,0.1847028285264969,0.6186558604240417,0.09371254593133926,0.13730737566947937,0.40500661730766296,0.7073764801025391,0.6798837780952454,0.967401385307312,0.9809999987483025,0.5757033640616819
trotting,1,action_space,1.0,3.4000000953674316,0.0,0.5,0.0,0.07999999821186066,-1.0,0.2900000214576721,-1.0,-0.03999999910593033,rough_slope_trot_robustness,rough_slope,1.5,trotting,1000,0.6466635465621948,0.6466635465621948,1.2080230712890625,0.3565653860569,0.15072527527809143,0.36290085315704346,1.400101900100708,0.15072527527809143,0.0415322408080101,0.23197883367538452,0.13308347761631012,0.797634482383728,1.6461766958236694,0.7006242275238037,0.9519281387329102,0.36290085315704346,0.303793728351593,0.02453826367855072,0.008926424197852612,0.44246920943260193,0.08621068298816681,244.705078125,175.36898803710938,32.97180938720703,65.69927978515625,217.0573272705078,0.08639181405305862,0.07883332669734955,0.8176214694976807,2.441927909851074,1.25,0.024160467088222504,0.029999924823641777,3.386192798614502,0.5,0.08000031858682632,0.29138147830963135,-0.03861834853887558,0.683414101600647,0.523154616355896,0.6591616272926331,0.4075542688369751,0.38987916707992554,0.6743898391723633,0.3329174518585205,0.5452840328216553,0.6832325458526611,0.4606923460960388,0.5,1.0,0.9728542566299438,0.11779157817363739,0.19569827616214752,0.9998000264167786,0.023000001907348633,0.007000000216066837,0.01600000075995922,1.25,0.65409716796875,1.3976917355053653,0.20379460446245898,0.3648060822084935,1.2830341756257584,0.9756680474079851,0.5511748618647199,0.18293356137243744,0.12080233544111252,0.029197288677096367,202.5665601434905,0.6013636589050293,0.2679458558559418,0.5120701193809509,0.10744816064834595,0.1783132255077362,0.4127395749092102,0.6136162281036377,0.6742416620254517,0.9728542566299438,0.9839999992400408,0.5775841620603674
trotting,1,action_space,1.0,3.4000000953674316,0.0,0.5,0.0,0.07999999821186066,-1.0,0.2900000214576721,0.0,0.0,rough_slope_trot_robustness,rough_slope,1.5,trotting,1000,0.6581849455833435,0.6581849455833435,1.2152806520462036,0.3622658848762512,0.17243054509162903,0.38429659605026245,1.5104451179504395,0.17243054509162903,0.06689731031656265,0.259757399559021,0.16488401591777802,0.9254796504974365,2.0892019271850586,0.7445495128631592,1.056504726409912,0.38429659605026245,0.40935179591178894,0.028169987723231316,0.014819491654634476,0.4337925314903259,0.06983356177806854,249.47308349609375,172.32325744628906,32.571754455566406,66.10382080078125,518.3111572265625,0.08951416611671448,0.0690000057220459,0.8023741245269775,2.4394168853759766,1.2569999694824219,0.02430562674999237,0.029999924823641777,3.385267734527588,0.5,0.08000031858682632,0.29147398471832275,0.0,0.6705084443092346,0.5297389030456543,0.6758856773376465,0.3967868685722351,0.3555314540863037,0.6770569086074829,0.30628642439842224,0.5121283531188965,0.6769931316375732,0.4602614641189575,0.5,1.0,0.9782520532608032,0.23368388414382935,0.30460479855537415,0.9996000528335571,0.02500000037252903,0.006000000052154064,0.01900000125169754,1.257,0.6383246980969073,1.3930777690716634,0.2586451436168146,0.40605912859801346,1.4454071838707108,1.0278641575665104,0.6398060611714999,0.20733904450890525,0.12152813374996185,0.028471490368247032,205.28022319457537,0.5915871262550354,0.2283584624528885,0.42325112223625183,0.05793745070695877,0.24741917848587036,0.4199645221233368,0.615594744682312,0.708220362663269,0.9782520532608032,0.9809999987483025,0.5609605288819263
trotting,1,action_space,1.0,3.4000000953674316,0.0,0.5,0.0,0.07999999821186066,-1.0,0.2900000214576721,1.0,0.03999999910593033,rough_slope_trot_robustness,rough_slope,1.5,trotting,1000,0.6611850261688232,0.6611850261688232,1.2580950260162354,0.323345422744751,0.14706626534461975,0.3269689977169037,1.3462421894073486,0.14706626534461975,0.038443803787231445,0.2345883548259735,0.13436897099018097,0.7929316163063049,1.278767704963684,0.648627519607544,0.8505617380142212,0.3269689977169037,0.2427341639995575,0.014533769339323044,0.005229228176176548,0.4159703254699707,0.09483425319194794,226.78378295898438,154.91671752929688,33.204532623291016,66.50300598144531,293.1332092285156,0.08419471234083176,0.07183333486318588,0.7215113043785095,2.098069906234741,1.2769999504089355,0.02516189217567444,0.029999924823641777,3.385643482208252,0.5,0.08000031858682632,0.29143649339675903,0.03856346756219864,0.7041279077529907,0.5498764514923096,0.7594865560531616,0.4371027946472168,0.3870234489440918,0.6983214020729065,0.3348613977432251,0.548236072063446,0.6752680540084839,0.46961551904678345,0.5,1.0,0.9716849327087402,0.11890900135040283,0.1997305154800415,1.0,0.024000000208616257,0.005000000353902578,0.01900000125169754,1.277,0.565004878988841,1.2817830377441686,0.1960709151996579,0.366563733871998,1.130826116148581,0.9222590406248242,0.4926805902403275,0.1405809287047841,0.1258094608783722,0.024190163239836693,180.25966105048235,0.6582246422767639,0.3433217406272888,0.6735049486160278,0.1206190213561058,0.15006524324417114,0.43520388007164,0.6631580591201782,0.6982579827308655,0.9716849327087402,0.9809999987483025,0.6230527982115744
trotting,1,action_space,1.0,3.4000000953674316,0.0,0.5,0.0,0.07999999821186066,0.0,0.33000001311302185,-1.0,-0.03999999910593033,rough_slope_trot_robustness,rough_slope,1.5,trotting,1000,0.6487579345703125,0.6487579345703125,1.2217464447021484,0.3722773492336273,0.16586938500404358,0.36422669887542725,1.4151387214660645,0.16586938500404358,0.050163865089416504,0.25368598103523254,0.14893101155757904,0.8839826583862305,1.5603523254394531,0.7204940915107727,0.9185887575149536,0.36422669887542725,0.2832695245742798,0.03280852735042572,0.009132802486419678,0.4336542785167694,0.0846831351518631,239.1255645751953,162.85751342773438,32.10792922973633,65.25791931152344,722.9003295898438,0.08767971396446228,0.07741665840148926,0.767212450504303,2.2282662391662598,1.2570000886917114,0.024434931576251984,0.029999924823641777,3.3852102756500244,0.5,0.08000031858682632,0.33000147342681885,-0.03852016478776932,0.6550019383430481,0.5056643486022949,0.6290119886398315,0.40633708238601685,0.35074907541275024,0.6639112234115601,0.2994954586029053,0.5099606513977051,0.6732832193374634,0.45936787128448486,0.5,1.0,0.9782192707061768,0.23378878831863403,0.30543702840805054,0.9994000196456909,0.02500000223517418,0.006000000052154064,0.01900000125169754,1.257,0.6103519509496818,1.33142249112209,0.22397291150810292,0.385915808898235,1.2491406347723435,0.9584303613278086,0.532230706155028,0.2047958247544256,0.12217465788125992,0.027824966236948967,195.7243793195503,0.5744388103485107,0.2653751075267792,0.43221738934516907,0.08906257897615433,0.1838449239730835,0.42008066177368164,0.6419970989227295,0.6790345311164856,0.9782192707061768,0.9809999987483025,0.5553170364154013
trotting,1,action_space,1.0,3.4000000953674316,0.0,0.5,0.0,0.07999999821186066,0.0,0.33000001311302185,0.0,0.0,rough_slope_trot_robustness,rough_slope,1.5,trotting,1000,0.6971169710159302,0.6971169710159302,1.2215254306793213,0.35478901863098145,0.1590566635131836,0.36229896545410156,1.5793980360031128,0.1590566635131836,0.04433094710111618,0.22687989473342896,0.12515750527381897,0.7700142860412598,1.1799933910369873,0.7015781998634338,0.871345043182373,0.36229896545410156,0.299736887216568,0.0184212327003479,0.006431594956666231,0.42073339223861694,0.07451608031988144,233.2537841796875,164.248779296875,33.51181411743164,67.27825927734375,579.4288940429688,0.08378086984157562,0.06424999982118607,0.7667644619941711,2.3009445667266846,1.2730000019073486,0.02443050779402256,0.029999924823641777,3.3858323097229004,0.5,0.08000031858682632,0.33000147342681885,0.0,0.6721210479736328,0.5107513070106506,0.7120165824890137,0.4051181972026825,0.39387473464012146,0.6656666994094849,0.2807455062866211,0.5531549453735352,0.6795390248298645,0.4720627963542938,0.5,1.0,0.9885356426239014,0.4753713309764862,0.524551272392273,1.0,0.023000001907348633,0.004999999888241291,0.018000001087784767,1.273,0.6023286758027298,1.3444320416010263,0.21054915602090687,0.3537760665644568,1.086275007093962,0.9334586456733759,0.5474823168071896,0.1576477962326595,0.1221525389701128,0.027847085148096085,190.95286788255333,0.6044108867645264,0.26911798119544983,0.608318567276001,0.0849224328994751,0.22530017793178558,0.4310777485370636,0.6364341378211975,0.7252418994903564,0.9885356426239014,0.9819999989122152,0.6020885050100715
trotting,1,action_space,1.0,3.4000000953674316,0.0,0.5,0.0,0.07999999821186066,0.0,0.33000001311302185,1.0,0.03999999910593033,rough_slope_trot_robustness,rough_slope,1.5,trotting,1000,0.6757052540779114,0.6757052540779114,1.2423508167266846,0.34729570150375366,0.1495421975851059,0.3661045730113983,1.3701577186584473,0.1495421975851059,0.041387882083654404,0.2384588122367859,0.13760164380073547,0.7662880420684814,1.1864190101623535,0.6344927549362183,0.7826333045959473,0.3661045730113983,0.339638352394104,0.015614740550518036,0.005596174858510494,0.4155811071395874,0.08027219772338867,224.1543426513672,153.75430297851562,33.16096496582031,66.1868896484375,245.4301300048828,0.08385775238275528,0.07699999958276749,0.7801142930984497,2.3503737449645996,1.2890000343322754,0.024847008287906647,0.029999924823641777,3.385608673095703,0.5,0.08000031858682632,0.33000147342681885,0.038560010492801666,0.6835645437240601,0.5312293171882629,0.7616884112358093,0.4403512477874756,0.381307989358902,0.6821291446685791,0.34443336725234985,0.5321348905563354,0.6800615787506104,0.4680470824241638,0.5,1.0,0.9790236353874207,0.232849583029747,0.304069846868515,1.0,0.024000000208616257,0.004999999888241291,0.01900000125169754,1.289,0.6052088889158262,1.3503365035592958,0.20344011915955615,0.37094695550810963,1.0892286308036314,0.8846656456514784,0.5827849967132853,0.14563967663047228,0.12423504143953323,0.02576458267867565,180.42757297971883,0.6172647476196289,0.261760413646698,0.6542810201644897,0.11103438585996628,0.20080038905143738,0.4355427920818329,0.6339075565338135,0.6804506182670593,0.9790236353874207,0.9809999987483025,0.613299967034867
trotting,1,action_space,1.0,3.4000000953674316,0.0,0.5,0.0,0.07999999821186066,1.0,0.3700000047683716,-1.0,-0.03999999910593033,rough_slope_trot_robustness,rough_slope,1.5,trotting,1000,0.6475914716720581,0.6475914716720581,1.234604001045227,0.34007471799850464,0.14291691780090332,0.32373565435409546,1.5101289749145508,0.14291691780090332,0.03762950375676155,0.2440992146730423,0.15330089628696442,0.7752870321273804,1.0755443572998047,0.646419882774353,0.7591160535812378,0.32373565435409546,0.21914216876029968,0.022650085389614105,0.00470269750803709,0.4274144470691681,0.07279221713542938,220.4939422607422,148.16351318359375,33.39665222167969,65.03567504882812,399.75628662109375,0.08580633997917175,0.06541667878627777,0.7799639701843262,2.3479156494140625,1.2799999713897705,0.024692080914974213,0.029999924823641777,3.3851399421691895,0.5,0.08000031858682632,0.3685128092765808,-0.03851309418678284,0.6945964097976685,0.5469444990158081,0.6765087246894836,0.4406321346759796,0.38163548707962036,0.6963366270065308,0.31771957874298096,0.53679358959198,0.6693153381347656,0.45228374004364014,0.5,1.0,0.9705715179443359,0.11995992809534073,0.20283755660057068,0.9998000264167786,0.02500000037252903,0.0010000000474974513,0.024000000208616257,1.28,0.6093467712402344,1.3543666437627975,0.19398325638250727,0.3915365835869803,1.0370845468426404,0.8712726631664957,0.4681262316515703,0.1653867676014354,0.12346040457487106,0.026539219543337822,178.59487096596965,0.6296424269676208,0.3506215810775757,0.5786510705947876,0.1040671244263649,0.23320336639881134,0.4253559708595276,0.6321824193000793,0.7210236191749573,0.9705715179443359,0.9759999997913837,0.603405427579817
trotting,1,action_space,1.0,3.4000000953674316,0.0,0.5,0.0,0.07999999821186066,1.0,0.3700000047683716,0.0,0.0,rough_slope_trot_robustness,rough_slope,1.5,trotting,1000,0.6691728830337524,0.6691728830337524,1.245779275894165,0.34025371074676514,0.1377948820590973,0.3242790400981903,1.4813120365142822,0.1377948820590973,0.03462034463882446,0.24915717542171478,0.14763057231903076,0.7715615034103394,1.1013360023498535,0.6402316093444824,0.7636861801147461,0.3242790400981903,0.20660001039505005,0.019527707248926163,0.004954852629452944,0.4199889302253723,0.07902268320322037,219.81808471679688,145.92547607421875,33.56787109375,66.40636444091797,489.3477478027344,0.08720459043979645,0.06008334457874298,0.7697994709014893,2.2132015228271484,1.2790000438690186,0.024915603920817375,0.029999924823641777,3.385610580444336,0.5,0.08000031858682632,0.3685598075389862,0.0,0.6931627988815308,0.5221322774887085,0.7145677208900452,0.4363090395927429,0.3802826404571533,0.6787407398223877,0.33350229263305664,0.5142489671707153,0.6760962009429932,0.4616459012031555,0.5,1.0,0.9790234565734863,0.23284684121608734,0.30405229330062866,1.0,0.024000000208616257,0.004000000189989805,0.020000001415610313,1.279,0.6018760269558737,1.3154525811926479,0.1860654310688164,0.38422724046979123,1.049445569026738,0.8738914006412617,0.45453273852941556,0.15646903808223245,0.12457801960408688,0.02542160451412201,176.45026608667993,0.6293357610702515,0.34938913583755493,0.6128401160240173,0.1137537881731987,0.20588168501853943,0.4317200779914856,0.6488174796104431,0.740509569644928,0.9790234565734863,0.9799999985843897,0.6096523679596813
trotting,1,action_space,1.0,3.4000000953674316,0.0,0.5,0.0,0.07999999821186066,1.0,0.3700000047683716,1.0,0.03999999910593033,rough_slope_trot_robustness,rough_slope,1.5,trotting,1000,0.6767564415931702,0.6767564415931702,1.2521984577178955,0.32289552688598633,0.12993794679641724,0.3243102431297302,1.0340415239334106,0.12993794679641724,0.03302529454231262,0.2394372671842575,0.14498655498027802,0.7432348132133484,1.1009494066238403,0.5951393842697144,0.701687216758728,0.3243102431297302,0.23317843675613403,0.010568903759121895,0.004249580204486847,0.4209045469760895,0.06292907893657684,216.98680114746094,147.7318115234375,33.733497619628906,66.0049819946289,390.99493408203125,0.08424663543701172,0.06791667640209198,0.7189449071884155,2.032207489013672,1.2850000858306885,0.02504396066069603,0.029999924823641777,3.3849925994873047,0.5,0.08000031858682632,0.3684980273246765,0.03849835693836212,0.7235844135284424,0.5454652309417725,0.7916184663772583,0.46261873841285706,0.4105568528175354,0.7005477547645569,0.4268673062324524,0.5445351004600525,0.674852728843689,0.4582393169403076,0.5,1.0,0.9704937934875488,0.12014400213956833,0.20481371879577637,1.0,0.02500000037252903,0.0020000000949949026,0.023000001907348633,1.285,0.5594902305751459,1.2575707777315666,0.18172862884617993,0.3807710007081396,1.049261362399207,0.8376677245535535,0.48288553173203896,0.12173119552361565,0.12521980330348015,0.024779820814728737,173.28467369534593,0.6589905619621277,0.3493184447288513,0.7435125112533569,0.18368233740329742,0.2840566337108612,0.4309302270412445,0.6734300851821899,0.7120668888092041,0.9704937934875488,0.9769999980926514,0.6609433316870739
trotting,1,action_space,1.0,3.4000000953674316,0.0,0.5,1.0,0.10999999940395355,-1.0,0.2900000214576721,-1.0,-0.03999999910593033,rough_slope_trot_robustness,rough_slope,1.5,trotting,1000,0.6407188773155212,0.6407188773155212,1.2401432991027832,0.35097455978393555,0.14508628845214844,0.2991487383842468,1.3265442848205566,0.14508628845214844,0.03714761883020401,0.2316451072692871,0.13414524495601654,0.797272264957428,1.1327272653579712,0.6461198329925537,0.7343213558197021,0.2991487383842468,0.18021352589130402,0.02267661690711975,0.00527167459949851,0.41304072737693787,0.07380581647157669,238.2479248046875,165.6005096435547,33.07475662231445,66.25165557861328,373.6549072265625,0.09297101199626923,0.050666674971580505,0.8335598707199097,2.536985158920288,1.28000009059906,0.024802863597869873,0.029999924823641777,3.3857474327087402,0.5,0.10893063247203827,0.2914259433746338,-0.03857385367155075,0.6913925409317017,0.5616366863250732,0.663680374622345,0.42666345834732056,0.36893630027770996,0.7105137705802917,0.34584301710128784,0.5453177094459534,0.6811785697937012,0.4651087522506714,0.8616297245025635,1.0,0.9659354090690613,0.06442935019731522,0.148369699716568,1.0,0.024000000208616257,0.004000000189989805,0.020000001415610313,1.28,0.6512186050415039,1.4078421840438438,0.1927371755272034,0.36625844011574193,1.0642966059130186,0.8569255252469156,0.42451563680423365,0.16717742523025728,0.12401431798934937,0.02598530612885952,192.11322189706198,0.6109546422958374,0.40864861011505127,0.5718001127243042,0.1262493133544922,0.22852347791194916,0.4377613067626953,0.6092631816864014,0.7762090563774109,0.9659354090690613,0.9799999985843897,0.5988911897140115
trotting,1,action_space,1.0,3.4000000953674316,0.0,0.5,1.0,0.10999999940395355,-1.0,0.2900000214576721,0.0,0.0,rough_slope_trot_robustness,rough_slope,1.5,trotting,1000,0.6478921175003052,0.6478921175003052,1.234264612197876,0.36374181509017944,0.14992013573646545,0.3290548324584961,1.4746603965759277,0.14992013573646545,0.04273314028978348,0.24929434061050415,0.14836189150810242,0.7918435335159302,1.278541922569275,0.7012425661087036,0.9205911159515381,0.3290548324584961,0.24016046524047852,0.02286301553249359,0.0061919549480080605,0.4208434224128723,0.07563246041536331,241.718017578125,168.72889709472656,32.8331298828125,65.93556213378906,571.8212890625,0.09058350324630737,0.05416667461395264,0.8526531457901001,2.6156225204467773,1.2720000743865967,0.024685293436050415,0.029999924823641777,3.384786367416382,0.5,0.10885854065418243,0.29152214527130127,0.0,0.6753181219100952,0.5368566513061523,0.6855446696281433,0.4195321202278137,0.3779958486557007,0.6913772821426392,0.32636258006095886,0.5153026580810547,0.6759673357009888,0.46335548162460327,0.86072838306427,1.0,0.9698406457901001,0.12069728970527649,0.2054460495710373,1.0,0.026000000536441803,0.006000000052154064,0.020000001415610313,1.272,0.6703247934017541,1.433982862863138,0.20671995619625957,0.385177740151352,1.1307262810111363,0.9594743956727235,0.4900616953409831,0.1704551861355402,0.12342646718025208,0.02657315693795681,195.83970502702303,0.5890569090843201,0.33865585923194885,0.5592831373214722,0.09736160933971405,0.2203255295753479,0.43098291754722595,0.5980525016784668,0.7627435922622681,0.9698406457901001,0.9799999985843897,0.5863773957090943
trotting,1,action_space,1.0,3.4000000953674316,0.0,0.5,1.0,0.10999999940395355,-1.0,0.2900000214576721,1.0,0.03999999910593033,rough_slope_trot_robustness,rough_slope,1.5,trotting,1000,0.6690734624862671,0.6690734624862671,1.266730785369873,0.29796403646469116,0.13355538249015808,0.28494691848754883,1.3504936695098877,0.13355538249015808,0.032742489129304886,0.21645909547805786,0.12568601965904236,0.6800212860107422,0.8976190090179443,0.609859049320221,0.7283343076705933,0.28494691848754883,0.18163207173347473,0.009729649871587753,0.003571182955056429,0.4184582233428955,0.07574617117643356,233.39892578125,165.12612915039062,33.27434539794922,66.09724426269531,358.4342041015625,0.08837538957595825,0.058333344757556915,0.8908013105392456,2.743722915649414,1.2970000505447388,0.025334611535072327,0.029999924823641777,3.385592222213745,0.5,0.10891899466514587,0.2914414405822754,0.038558341562747955,0.7410516738891602,0.5877768993377686,0.807133138179779,0.44897425174713135,0.4041922092437744,0.7388262152671814,0.35030120611190796,0.5895432233810425,0.6936506032943726,0.4667312800884247,0.8614844083786011,1.0,0.9657011032104492,0.06458759307861328,0.15031948685646057,1.0,0.024000000208616257,0.006000000052154064,0.018000001087784767,1.297,0.6868167074257903,1.4544544230255008,0.18094885777286598,0.3545222414165892,0.9474275745501312,0.8534250451390522,0.42618314341779723,0.11532923665161485,0.12667305767536163,0.023326566442847252,184.25298293599124,0.7010821104049683,0.443992555141449,0.7664263844490051,0.13461405038833618,0.21982501447200775,0.43304377794265747,0.5892766714096069,0.7470174431800842,0.9657011032104492,0.9819999989122152,0.6575976268045213
trotting,1,action_space,1.0,3.4000000953674316,0.0,0.5,1.0,0.10999999940395355,0.0,0.33000001311302185,-1.0,-0.03999999910593033,rough_slope_trot_robustness,rough_slope,1.5,trotting,1000,0.6631776094436646,0.6631776094436646,1.2542438507080078,0.3168834447860718,0.13362178206443787,0.2860575318336487,1.3345537185668945,0.13362178206443787,0.03353051096200943,0.23946836590766907,0.1438029557466507,0.7484400272369385,1.0885376930236816,0.6266371011734009,0.7038860321044922,0.2860575318336487,0.16906295716762543,0.020235352218151093,0.00395604595541954,0.4234687089920044,0.057968445122241974,238.75216674804688,166.25198364257812,33.28900909423828,66.12499237060547,350.1569519042969,0.09031742811203003,0.06341668218374252,0.8649126291275024,2.6782569885253906,1.2880001068115234,0.025084853172302246,0.029999924823641777,3.3850090503692627,0.5,0.10887525975704193,0.33000147342681885,-0.03850002586841583,0.7311255931854248,0.5705260038375854,0.689481258392334,0.4414357542991638,0.4016568660736084,0.726087212562561,0.369022011756897,0.5469343066215515,0.6981439590454102,0.4609018564224243,0.8609377145767212,1.0,0.9704951643943787,0.12012552469968796,0.2046758383512497,1.0,0.02500000037252903,0.004000000189989805,0.021000001579523087,1.288,0.6715159919691382,1.4420096925359498,0.18311338280423262,0.3792136017426731,1.0433300978231586,0.8389791607093064,0.41117266101678673,0.1555358420865449,0.12542426586151123,0.024575358256697655,190.35546127116646,0.6692079305648804,0.4411858320236206,0.61641925573349,0.1346382200717926,0.3136841058731079,0.428725928068161,0.5946109294891357,0.7282699942588806,0.9704951643943787,0.9789999984204769,0.6323556976490898
trotting,1,action_space,1.0,3.4000000953674316,0.0,0.5,1.0,0.10999999940395355,0.0,0.33000001311302185,0.0,0.0,rough_slope_trot_robustness,rough_slope,1.5,trotting,1000,0.6767690181732178,0.6767690181732178,1.258130431175232,0.32388442754745483,0.14545409381389618,0.29961079359054565,1.4558825492858887,0.14545409381389618,0.04093543067574501,0.24828605353832245,0.14300769567489624,0.7702525854110718,1.150646686553955,0.6429450511932373,0.7897155284881592,0.29961079359054565,0.19130803644657135,0.016404815018177032,0.004449790343642235,0.416425883769989,0.07517406344413757,238.3113250732422,165.15826416015625,33.04695510864258,65.5,300.7903137207031,0.09132000803947449,0.05116667598485947,0.8249145746231079,2.5243988037109375,1.2840001583099365,0.02516261488199234,0.029999924823641777,3.3850111961364746,0.5,0.10887539386749268,0.33000147342681885,0.0,0.7079148292541504,0.5667712688446045,0.7383225560188293,0.446769654750824,0.38767439126968384,0.7210866212844849,0.31600505113601685,0.5154421329498291,0.6946918964385986,0.468313604593277,0.8609393835067749,1.0,0.9781495332717896,0.2341364026069641,0.308307409286499,1.0,0.02500000037252903,0.003000000026077032,0.02199999988079071,1.284,0.6424568152501947,1.4021564738245875,0.20232506190718194,0.3781635832214628,1.072682006259989,0.8886593995947825,0.43738774153669574,0.14441123696520042,0.1258130744099617,0.024186549708247185,189.41702638146447,0.6573067307472229,0.4075195789337158,0.658960223197937,0.10283894091844559,0.2223547399044037,0.43480753898620605,0.6117016077041626,0.7742709517478943,0.9781495332717896,0.9780000001192093,0.6234301509041535
trotting,1,action_space,1.0,3.4000000953674316,0.0,0.5,1.0,0.10999999940395355,0.0,0.33000001311302185,1.0,0.03999999910593033,rough_slope_trot_robustness,rough_slope,1.5,trotting,1000,0.6703760623931885,0.6703760623931885,1.2431104183197021,0.32775360345840454,0.13515238463878632,0.2888981103897095,1.534854769706726,0.13515238463878632,0.03743754327297211,0.24152010679244995,0.14435522258281708,0.8084771633148193,1.5793867111206055,0.6370325088500977,0.7536985874176025,0.2888981103897095,0.1898113191127777,0.011844959110021591,0.007387872785329819,0.42828163504600525,0.07311472296714783,241.89447021484375,170.09829711914062,33.49225997924805,66.90049743652344,480.3690490722656,0.09013518691062927,0.05841667205095291,0.8730449676513672,2.6564910411834717,1.2820000648498535,0.024862218648195267,0.029999924823641777,3.3845396041870117,0.5,0.10884006321430206,0.33000147342681885,0.03845308721065521,0.7273344993591309,0.585249125957489,0.7866244316101074,0.4354870319366455,0.3995252251625061,0.7373965978622437,0.3125825822353363,0.5318580865859985,0.6969711780548096,0.46841028332710266,0.8604975938796997,1.0,0.9693913459777832,0.12113631516695023,0.20739613473415375,0.9998000264167786,0.026000000536441803,0.004999999888241291,0.021000001579523087,1.282,0.6810022791536662,1.4394949286113705,0.19348783753241988,0.3799410777776168,1.2567365321023358,0.8681581580666062,0.4356734087740239,0.13868248589981147,0.12431109324097633,0.02568853087723255,194.58808055185452,0.6507109999656677,0.4340388774871826,0.6806843280792236,0.10191607475280762,0.23170402646064758,0.4246188700199127,0.595689058303833,0.7467063069343567,0.9693913459777832,0.9789999984204769,0.6264983821464213
trotting,1,action_space,1.0,3.4000000953674316,0.0,0.5,1.0,0.10999999940395355,1.0,0.3700000047683716,-1.0,-0.03999999910593033,rough_slope_trot_robustness,rough_slope,1.5,trotting,1000,0.6442971229553223,0.6442971229553223,1.2743512392044067,0.3302344083786011,0.1441727578639984,0.29955098032951355,1.4395127296447754,0.1441727578639984,0.04187323525547981,0.24896936118602753,0.1510676145553589,0.772710382938385,1.2404050827026367,0.6234713792800903,0.7057726979255676,0.29955098032951355,0.19843749701976776,0.02570801042020321,0.005801226943731308,0.42659515142440796,0.0672369971871376,242.815673828125,167.17388916015625,33.053409576416016,67.34651184082031,546.2427978515625,0.09294646978378296,0.0585000142455101,0.8888329863548279,2.842604637145996,1.2910001277923584,0.025487026199698448,0.029999924823641777,3.384768486022949,0.5,0.10885725915431976,0.36847567558288574,-0.03847602754831314,0.7085900902748108,0.5675443410873413,0.6615229845046997,0.44839873909950256,0.3852653503417969,0.721586287021637,0.3315046429634094,0.5226269364356995,0.6910660862922668,0.45426270365715027,0.8607126474380493,1.0,0.963515043258667,0.06612707674503326,0.15575119853019714,1.0,0.026000000536441803,0.006000000052154064,0.020000001415610313,1.291,0.6884840796106458,1.4838674144379969,0.20462950729423118,0.38867417531315207,1.1137347452165784,0.8401027900950976,0.4454632386850432,0.17750841491020788,0.12743513099849224,0.022564493119716644,190.54061891109222,0.6464760899543762,0.4076656699180603,0.5324934124946594,0.10259382426738739,0.2606074810028076,0.426053524017334,0.5766811966896057,0.7463951706886292,0.963515043258667,0.9799999985843897,0.5991342390250219
trotting,1,action_space,1.0,3.4000000953674316,0.0,0.5,1.0,0.10999999940395355,1.0,0.3700000047683716,0.0,0.0,rough_slope_trot_robustness,rough_slope,1.5,trotting,1000,0.6555526852607727,0.6555526852607727,1.284386157989502,0.33476245403289795,0.14009690284729004,0.3113493323326111,1.5165185928344727,0.14009690284729004,0.035281598567962646,0.24328625202178955,0.1357545554637909,0.7565009593963623,1.1029202938079834,0.6411352157592773,0.8405338525772095,0.3113493323326111,0.2011924386024475,0.020107828080654144,0.004403315484523773,0.4260178208351135,0.08252033591270447,243.28173828125,168.2664794921875,32.71830368041992,66.7672348022461,369.88323974609375,0.09510600566864014,0.04850000888109207,0.7793459892272949,2.4381895065307617,1.2829999923706055,0.025687720626592636,0.029999924823641777,3.385011911392212,0.5,0.10887549072504044,0.3684999942779541,0.0,0.7002074718475342,0.5487188100814819,0.7144520282745361,0.44472959637641907,0.3888013958930969,0.7071559429168701,0.31584930419921875,0.5168591737747192,0.6861571073532104,0.4588926434516907,0.8609405755996704,1.0,0.9704952836036682,0.12012213468551636,0.20465154945850372,1.0,0.02500000037252903,0.004999999888241291,0.020000001415610313,1.283,0.6074403330207522,1.378543249642194,0.1878339654268169,0.3684488505393807,1.0502001208379208,0.9168063331899543,0.44854480110959655,0.1565603511914109,0.12843860313296318,0.021561020985245705,189.41479302616284,0.6387363076210022,0.3793165981769562,0.6124898791313171,0.10837578773498535,0.1919718086719513,0.42654573917388916,0.6218257546424866,0.784663736820221,0.9704952836036682,0.9799999985843897,0.6076375639164134
trotting,1,action_space,1.0,3.4000000953674316,0.0,0.5,1.0,0.10999999940395355,1.0,0.3700000047683716,1.0,0.03999999910593033,rough_slope_trot_robustness,rough_slope,1.5,trotting,1000,0.6591812372207642,0.6591812372207642,1.2493736743927002,0.3174910545349121,0.13349314033985138,0.30026742815971375,1.7208852767944336,0.13349314033985138,0.0321524441242218,0.24840179085731506,0.1600409746170044,0.8231114149093628,1.5564807653427124,0.6111083030700684,0.6979038715362549,0.30026742815971375,0.2271241545677185,0.01154314074665308,0.011884230189025402,0.44512784481048584,0.06467239558696747,248.8441619873047,176.78982543945312,32.71664047241211,66.00971984863281,384.748291015625,0.09417608380317688,0.05375001206994057,0.8322087526321411,2.4948782920837402,1.2740000486373901,0.02498747780919075,0.029999924823641777,3.385040760040283,0.5,0.10887764394283295,0.3685028553009033,0.038503192365169525,0.7354100942611694,0.5801191329956055,0.7783858776092529,0.45829278230667114,0.39945438504219055,0.7320253849029541,0.26728999614715576,0.5317487716674805,0.704548716545105,0.4518648386001587,0.8609671592712402,1.0,0.9642787575721741,0.06554701924324036,0.15460753440856934,0.9998000264167786,0.02500000037252903,0.003000000026077032,0.02199999988079071,1.274,0.6532250708276099,1.3993939083787295,0.1793110262204246,0.40005121499253615,1.2475899828640467,0.8354064109978178,0.47657544478048647,0.1530600239634062,0.12493738904595375,0.025062235072255135,199.17512837643525,0.6681769490242004,0.40591752529144287,0.6259108185768127,0.09404949843883514,0.2743232846260071,0.4105507731437683,0.6128863096237183,0.7643342614173889,0.9642787575721741,0.9780000001192093,0.6254724703337018
bounding,2,action_space,-1.0,2.5999999046325684,0.0,0.5,-1.0,0.08999999612569809,-1.0,0.3400000035762787,-1.0,-0.03999999910593033,rough_slope_trot_robustness,rough_slope,1.5,trotting,1000,0.5983600616455078,0.5983600616455078,1.1626195907592773,0.507459819316864,0.17165374755859375,0.38967835903167725,1.4267988204956055,0.17165374755859375,0.06168408319354057,0.29663679003715515,0.2037850022315979,0.8664714097976685,1.5822017192840576,1.859919786453247,5.142613410949707,0.38967835903167725,0.3502022922039032,0.06445509195327759,0.012643684633076191,0.4779148995876312,0.09170164912939072,281.39849853515625,196.31094360351562,32.937339782714844,63.77364730834961,388.6348876953125,0.10522551834583282,0.048083335161209106,0.6562743186950684,2.0887808799743652,0.9620000123977661,0.023252401500940323,0.029999924823641777,2.614668369293213,0.5,0.09110064804553986,0.34146660566329956,-0.03853248059749603,0.5201250910758972,0.4999304413795471,0.5055831074714661,0.1518532633781433,0.36605483293533325,0.6498035192489624,0.34120824933052063,0.48435673117637634,0.6673535704612732,0.44405397772789,0.63875812292099,0.9783835411071777,0.9585539102554321,0.06530735641717911,0.15070398151874542,0.9992000460624695,0.02500000037252903,0.006000000052154064,0.01900000125169754,0.962,0.6821978087236876,1.4735296987493716,0.24836280557591664,0.4514255223529103,1.2578560010128574,2.267733099584188,0.5917789217299846,0.2776666645212453,0.11626200750470161,0.03373761661350727,242.03832515103417,0.3569848835468292,0.21904189884662628,0.2139580100774765,0.06991461664438248,0.15976792573928833,0.384492963552475,0.5811058282852173,0.7863001823425293,0.9585539102554321,0.9809999987483025,0.45154767581506783
bounding,2,action_space,-1.0,2.5999999046325684,0.0,0.5,-1.0,0.08999999612569809,-1.0,0.3400000035762787,0.0,0.0,rough_slope_trot_robustness,rough_slope,1.5,trotting,1000,0.630146324634552,0.630146324634552,1.27384614944458,0.4035514295101166,0.12411068379878998,0.29737770557403564,1.5507359504699707,0.12411068379878998,0.027297232300043106,0.2610735595226288,0.16711655259132385,0.7154716849327087,0.9770421981811523,1.8165333271026611,4.934169769287109,0.29737770557403564,0.17812125384807587,0.035273704677820206,0.004186498001217842,0.44710594415664673,0.09694993495941162,257.59136962890625,173.22149658203125,33.946556091308594,64.08834075927734,384.52642822265625,0.0963449627161026,0.05191667377948761,0.6262317895889282,1.9738237857818604,0.9980000257492065,0.02547689899802208,0.029999924823641777,2.6151227951049805,0.5,0.09113463759422302,0.34151214361190796,0.0,0.6107351779937744,0.5540869235992432,0.5917943716049194,0.1482160985469818,0.3922731280326843,0.7141071557998657,0.33192598819732666,0.537951648235321,0.672406792640686,0.46165597438812256,0.6391834020614624,0.9783835411071777,0.9619159698486328,0.12028946727514267,0.20650285482406616,1.0,0.02500000037252903,0.00800000037997961,0.017000000923871994,0.998,0.6274867239361536,1.406335411289513,0.16521874076521437,0.40879891461612744,0.9884544492191597,2.2212991174731758,0.4220441373222425,0.1986459228855152,0.1273844949901104,0.022615129128098488,202.21544787117404,0.5213075876235962,0.41298872232437134,0.4542061686515808,0.12286358326673508,0.14384791254997253,0.4089297652244568,0.6099094152450562,0.77137291431427,0.9619159698486328,0.982999999076128,0.5437837362681565
bounding,2,action_space,-1.0,2.5999999046325684,0.0,0.5,-1.0,0.08999999612569809,-1.0,0.3400000035762787,1.0,0.03999999910593033,rough_slope_trot_robustness,rough_slope,1.5,trotting,1000,0.6137380599975586,0.6137380599975586,1.1873706579208374,0.46243923902511597,0.15164971351623535,0.3473942279815674,1.5139310359954834,0.15164971351623535,0.057359036058187485,0.2780853807926178,0.18764828145503998,0.8673362731933594,1.874112844467163,1.785188913345337,4.832583427429199,0.3473942279815674,0.29012331366539,0.03788869082927704,0.015285857021808624,0.4876864552497864,0.08764810860157013,275.17401123046875,187.2181396484375,33.44749450683594,64.71347045898438,682.3936767578125,0.10180559754371643,0.06000000238418579,0.64970862865448,2.159482479095459,0.9800000190734863,0.023747418075799942,0.029999924823641777,2.614314079284668,0.5,0.09107409417629242,0.3414311408996582,0.038567885756492615,0.5703104734420776,0.5271022319793701,0.5659016370773315,0.15320177376270294,0.37504249811172485,0.6815106868743896,0.3429013788700104,0.5180526971817017,0.6763113737106323,0.4424087405204773,0.6384262442588806,0.9792481660842896,0.960019588470459,0.06451775878667831,0.14944541454315186,0.9995999932289124,0.024000000208616257,0.004000000189989805,0.020000001415610313,0.98,0.6629679154376594,1.4844370959084738,0.239497465661304,0.4331838887297633,1.36898241203719,2.1983137691033097,0.5386309624087627,0.23059607076246044,0.11873709037899971,0.031262533739209175,231.7507253483223,0.4251130223274231,0.29914480447769165,0.3452484607696533,0.0698704943060875,0.17325997352600098,0.3770517110824585,0.5764374732971191,0.740818202495575,0.960019588470459,0.9799999985843897,0.4947962150173752
bounding,2,action_space,-1.0,2.5999999046325684,0.0,0.5,-1.0,0.08999999612569809,0.0,0.3799999952316284,-1.0,-0.03999999910593033,rough_slope_trot_robustness,rough_slope,1.5,trotting,1000,0.6135100722312927,0.6135100722312927,1.1392076015472412,0.5334895253181458,0.14513711631298065,0.35253477096557617,1.45703125,0.14513711631298065,0.04667731747031212,0.2963635325431824,0.20723876357078552,0.859685480594635,1.8856580257415771,1.8061531782150269,4.899570465087891,0.35253477096557617,0.3083222508430481,0.05559145659208298,0.01673717610538006,0.5241813063621521,0.10745973140001297,326.8094482421875,234.46157836914062,31.81577491760254,61.010826110839844,406.0357971191406,0.11125257611274719,0.053833335638046265,0.6017149686813354,1.9826619625091553,0.9430000185966492,0.022784147411584854,0.029999924823641777,2.6155107021331787,0.5,0.09116378426551819,0.3800007998943329,-0.03844830393791199,0.5231315493583679,0.5239270329475403,0.5275037884712219,0.15610340237617493,0.36609166860580444,0.6760361194610596,0.35599562525749207,0.4896307587623596,0.6871072053909302,0.43266886472702026,0.6395474672317505,0.9766542315483093,0.959414005279541,0.12158964574337006,0.20459707081317902,0.9989999532699585,0.027000000700354576,0.004000000189989805,0.023000001907348633,0.943,0.6380858598306601,1.4500015962379684,0.21604934036074286,0.4552348444163578,1.3731926397055794,2.2134973379446135,0.5552677289767955,0.26893983099842805,0.11392073705792427,0.036078887060284615,286.87435705162403,0.32031694054603577,0.28857287764549255,0.23537561297416687,0.09157677739858627,0.11657799780368805,0.35051119327545166,0.5911850333213806,0.7640159130096436,0.959414005279541,0.9769999980926514,0.44329813750166647
bounding,2,action_space,-1.0,2.5999999046325684,0.0,0.5,-1.0,0.08999999612569809,0.0,0.3799999952316284,0.0,0.0,rough_slope_trot_robustness,rough_slope,1.5,trotting,1000,0.6344132423400879,0.6344132423400879,1.2163712978363037,0.4469056725502014,0.1420484036207199,0.37949901819229126,1.444028615951538,0.1420484036207199,0.046991121023893356,0.2885148823261261,0.20565232634544373,0.8514326810836792,1.6882685422897339,1.8774352073669434,5.298531532287598,0.37949901819229126,0.37656375765800476,0.04988453909754753,0.010821351781487465,0.47357377409935,0.11926650255918503,270.31048583984375,186.70523071289062,32.916160583496094,63.67735290527344,460.69464111328125,0.10569314658641815,0.06158334016799927,0.5708775520324707,1.7922239303588867,0.9860000610351562,0.02432742342352867,0.029999924823641777,2.6146111488342285,0.5,0.09109629690647125,0.3800007998943329,0.0,0.5868933796882629,0.5145696997642517,0.5457988977432251,0.1496272087097168,0.37350428104400635,0.6678479909896851,0.35268062353134155,0.5040897130966187,0.6593998074531555,0.43801024556159973,0.6387037038803101,0.9783835411071777,0.9661699533462524,0.23346561193466187,0.30280810594558716,0.9994000196456909,0.02500000037252903,0.007000000216066837,0.018000001087784767,0.986,0.5789833300979336,1.3482103970821206,0.21677435508817308,0.453489058683276,1.2993338840689617,2.3018539337428856,0.6136479101716267,0.24638565477526284,0.12163711711764336,0.02836250700056553,222.226951853168,0.44982409477233887,0.2368815392255783,0.2969718873500824,0.09219484776258469,0.09205859899520874,0.3878457546234131,0.6348174214363098,0.7349765300750732,0.9661699533462524,0.9819999989122152,0.4871532088635783
bounding,2,action_space,-1.0,2.5999999046325684,0.0,0.5,-1.0,0.08999999612569809,0.0,0.3799999952316284,1.0,0.03999999910593033,rough_slope_trot_robustness,rough_slope,1.5,trotting,1000,0.6199216842651367,0.6199216842651367,1.1889877319335938,0.49737274646759033,0.1438358724117279,0.36918318271636963,1.1882542371749878,0.1438358724117279,0.04452340677380562,0.3072771430015564,0.2158290594816208,0.8356448411941528,1.6442954540252686,1.8734663724899292,5.187569618225098,0.36918318271636963,0.3047361969947815,0.049070555716753006,0.012601455673575401,0.48346030712127686,0.1091265007853508,274.155029296875,185.383544921875,34.15234375,65.29168701171875,581.4719848632812,0.1072579026222229,0.05491667613387108,0.6067057847976685,2.057786464691162,0.9830000400543213,0.02377975545823574,0.029999924823641777,2.615795373916626,0.5,0.09118513762950897,0.3800007998943329,0.03841982036828995,0.5317693948745728,0.49062758684158325,0.5417513251304626,0.14584356546401978,0.3838984966278076,0.6495224833488464,0.41573625802993774,0.4813925623893738,0.6717742681503296,0.4412436783313751,0.6398143172264099,0.9766541719436646,0.9591586589813232,0.12198229879140854,0.2083415538072586,0.9991999864578247,0.027000000700354576,0.007000000216066837,0.019999999552965164,0.983,0.6171981175093781,1.4468495880254466,0.21100570317838716,0.46457406242882393,1.2823008438058787,2.277623677920718,0.5520291631741764,0.24833850162696966,0.1188987772911787,0.031100846827030182,230.5785181240094,0.3717556297779083,0.25590160489082336,0.29128873348236084,0.12508991360664368,0.1127559021115303,0.3802521824836731,0.5925360918045044,0.7598886489868164,0.9591586589813232,0.9800000004470348,0.47041962021275574
bounding,2,action_space,-1.0,2.5999999046325684,0.0,0.5,-1.0,0.08999999612569809,1.0,0.3799999952316284,-1.0,-0.03999999910593033,rough_slope_trot_robustness,rough_slope,1.5,trotting,1000,0.601916491985321,0.601916491985321,1.231297254562378,0.45952874422073364,0.1729017198085785,0.4044657349586487,1.5151331424713135,0.1729017198085785,0.06494959443807602,0.30501896142959595,0.21039104461669922,0.8967798948287964,1.8592555522918701,1.8049787282943726,4.903818607330322,0.4044657349586487,0.406536340713501,0.059063270688056946,0.013935770839452744,0.48103803396224976,0.1043047308921814,285.702880859375,198.12716674804688,32.86793518066406,64.79835510253906,438.9107360839844,0.10473029315471649,0.059000007808208466,0.6572774648666382,2.174804210662842,0.9660000205039978,0.024625957012176514,0.029999924823641777,2.6147327423095703,0.5,0.09110545367002487,0.3800007998943329,-0.03852606564760208,0.5568004250526428,0.48741278052330017,0.5122437477111816,0.15416601300239563,0.36491936445236206,0.6387351751327515,0.3284963369369507,0.47503435611724854,0.6703880429267883,0.44161123037338257,0.6388182640075684,0.9783835411071777,0.9585176706314087,0.0653563067317009,0.15141990780830383,0.9996000528335571,0.02500000037252903,0.0020000000949949026,0.023000001907348633,0.966,0.6804114553005305,1.5004499667469493,0.2548521030677911,0.4586840357116206,1.3635452146122145,2.2144567296134556,0.6376020237683543,0.2701833479833827,0.12312978506088257,0.026869839057326317,232.03404360786806,0.4297005832195282,0.19477206468582153,0.2322407215833664,0.05995715409517288,0.12417112290859222,0.3820987939834595,0.5695905089378357,0.7445315718650818,0.9585176706314087,0.9769999980926514,0.46483608276436206
bounding,2,action_space,-1.0,2.5999999046325684,0.0,0.5,-1.0,0.08999999612569809,1.0,0.3799999952316284,0.0,0.0,rough_slope_trot_robustness,rough_slope,1.5,trotting,1000,0.6122231483459473,0.6122231483459473,1.2242242097854614,0.4496026337146759,0.14356321096420288,0.3504229784011841,1.7688124179840088,0.14356321096420288,0.04106082394719124,0.2917812466621399,0.20223863422870636,0.820019006729126,1.5988153219223022,1.8811942338943481,5.3291730880737305,0.3504229784011841,0.2535286247730255,0.04806070029735565,0.00787416286766529,0.46292662620544434,0.09481208771467209,268.8457336425781,181.13818359375,33.690643310546875,64.8817138671875,356.9091491699219,0.1030973494052887,0.05116667225956917,0.6629210710525513,2.171302080154419,0.9830000400543213,0.024484485387802124,0.029999924823641777,2.6154584884643555,0.5,0.09115990996360779,0.3800007998943329,0.0,0.5596201419830322,0.5042913556098938,0.5393006801605225,0.14171037077903748,0.38517358899116516,0.6646134853363037,0.2853677570819855,0.49701350927352905,0.6742534637451172,0.45172762870788574,0.6394988298416138,0.9766542911529541,0.9594625234603882,0.12151802331209183,0.20373082160949707,0.9989999532699585,0.027000000700354576,0.004999999888241291,0.02199999988079071,0.983,0.6743855752877035,1.48622087670615,0.20263470568288947,0.4497094998203911,1.2644426922254335,2.308500181519103,0.5035162606838288,0.2365055245972511,0.12242242693901062,0.027577197179198265,219.60498043874813,0.4454946219921112,0.29288870096206665,0.32670512795448303,0.07501786202192307,0.15013179183006287,0.3961932361125946,0.5756743550300598,0.7742710113525391,0.9594625234603882,0.9780000001192093,0.49288569351560196
bounding,2,action_space,-1.0,2.5999999046325684,0.0,0.5,-1.0,0.08999999612569809,1.0,0.3799999952316284,1.0,0.03999999910593033,rough_slope_trot_robustness,rough_slope,1.5,trotting,1000,0.6267905831336975,0.6267905831336975,1.2551803588867188,0.3737265467643738,0.12408620864152908,0.3061038851737976,1.290586233139038,0.12408620864152908,0.026518652215600014,0.2536698281764984,0.1630697399377823,0.7021839618682861,0.8709992170333862,1.8559443950653076,5.064361572265625,0.3061038851737976,0.19841617345809937,0.03000009059906006,0.004079279489815235,0.4547683000564575,0.10045091807842255,250.90618896484375,168.32919311523438,34.082054138183594,65.25555419921875,491.89898681640625,0.09650230407714844,0.0585833415389061,0.6367170810699463,2.0175671577453613,1.002000093460083,0.025103606283664703,0.029999924823641777,2.6143927574157715,0.5,0.0910799652338028,0.3800007998943329,0.03856002911925316,0.6403857469558716,0.5545363426208496,0.6077786684036255,0.14293910562992096,0.4013782739639282,0.7107586860656738,0.3977726697921753,0.5394339561462402,0.6204395294189453,0.45073235034942627,0.6384997963905334,0.9792481660842896,0.9599825739860535,0.06457626819610596,0.1502305567264557,1.0,0.024000000208616257,0.007000000216066837,0.017000000923871994,1.002,0.6354461487181886,1.4189926210360522,0.16284548570838558,0.40381894450085215,0.9332733881523604,2.250413644703041,0.4454393038990827,0.1846059860591614,0.12551803141832352,0.02448159269988537,199.89652259009597,0.5719600319862366,0.3918030858039856,0.5058134198188782,0.16187039017677307,0.13412025570869446,0.40271079540252686,0.604481041431427,0.7460842728614807,0.9599825739860535,0.982999999076128,0.5684349044765298
bounding,2,action_space,-1.0,2.5999999046325684,0.0,0.5,0.0,0.11999999731779099,-1.0,0.3400000035762787,-1.0,-0.03999999910593033,rough_slope_trot_robustness,rough_slope,1.5,trotting,1000,0.5906389951705933,0.5906389951705933,1.1989156007766724,0.4920714795589447,0.15942421555519104,0.3832414746284485,1.6294991970062256,0.15942421555519104,0.06012510880827904,0.30605605244636536,0.22239543497562408,0.9096677899360657,1.9201518297195435,1.8656017780303955,5.339752197265625,0.3832414746284485,0.38285088539123535,0.06766139715909958,0.015366771258413792,0.4889555275440216,0.10249339044094086,305.0516052246094,213.48739624023438,33.167266845703125,65.01626586914062,607.9268798828125,0.1181359589099884,0.04958333820104599,0.7337231636047363,2.5987040996551514,0.9530000686645508,0.02397831529378891,0.029999924823641777,2.613793134689331,0.5,0.11999969929456711,0.3413790464401245,-0.038620010018348694,0.5463626384735107,0.49234020709991455,0.5012574195861816,0.14804214239120483,0.3534417748451233,0.6485753059387207,0.28880465030670166,0.4768555760383606,0.570508599281311,0.4458429217338562,1.0,0.9801129102706909,0.9650329351425171,0.11777302622795105,0.19556012749671936,0.9998000264167786,0.023000001907348633,0.004000000189989805,0.01900000125169754,0.953,0.7699088609981637,1.6513227556091359,0.24520421857765629,0.47158820487330266,1.3856954318029426,2.3107903836708394,0.6187494528411603,0.2881460886729392,0.11989157646894455,0.030108047649264336,254.43959944052207,0.3796378970146179,0.23021532595157623,0.19003190100193024,0.05889486148953438,0.12875191867351532,0.3760959208011627,0.5057480335235596,0.780424952507019,0.9650329351425171,0.9809999987483025,0.44199182740167575
bounding,2,action_space,-1.0,2.5999999046325684,0.0,0.5,0.0,0.11999999731779099,-1.0,0.3400000035762787,0.0,0.0,rough_slope_trot_robustness,rough_slope,1.5,trotting,1000,0.6298280954360962,0.6298280954360962,1.2783761024475098,0.39395368099212646,0.13477829098701477,0.3082430958747864,1.5024844408035278,0.13477829098701477,0.03437260165810585,0.2629622220993042,0.1632564514875412,0.7626208066940308,1.1101415157318115,1.8307430744171143,5.034004211425781,0.3082430958747864,0.20337572693824768,0.03646901249885559,0.005007828585803509,0.4612569808959961,0.09184539318084717,269.20111083984375,182.12356567382812,33.843482971191406,65.90397644042969,349.5690002441406,0.1033322662115097,0.06491667032241821,0.6755626201629639,2.2590200901031494,0.9910000562667847,0.025567524135112762,0.029999924823641777,2.6143155097961426,0.5,0.11999969929456711,0.34143128991127014,0.0,0.6252719163894653,0.5508120656013489,0.5773000717163086,0.14773517847061157,0.39301079511642456,0.708356499671936,0.3365325927734375,0.5170007348060608,0.5454351902008057,0.4495552182197571,1.0,0.9792482256889343,0.9673943519592285,0.23271727561950684,0.30297577381134033,1.0,0.02500000037252903,0.003000000026077032,0.02200000174343586,0.991,0.6816978416096431,1.5098131811950253,0.1853984942174716,0.4040500606206379,1.0536325335389998,2.243658666425395,0.4509719802141234,0.20365863862026354,0.1278376206755638,0.022162003442645073,210.58052503050226,0.5375153422355652,0.38668763637542725,0.43625131249427795,0.11192386597394943,0.1593092679977417,0.39751842617988586,0.5655910968780518,0.7228284478187561,0.9673943519592285,0.9779999982565641,0.5407300645387486
bounding,2,action_space,-1.0,2.5999999046325684,0.0,0.5,0.0,0.11999999731779099,-1.0,0.3400000035762787,1.0,0.03999999910593033,rough_slope_trot_robustness,rough_slope,1.5,trotting,1000,0.6096357107162476,0.6096357107162476,1.1863691806793213,0.46675828099250793,0.13843658566474915,0.3422669768333435,1.3583946228027344,0.13843658566474915,0.03689104691147804,0.2981064021587372,0.21403692662715912,0.9389511942863464,2.2412383556365967,1.801606297492981,4.761262893676758,0.3422669768333435,0.2689666748046875,0.048696503043174744,0.016216013580560684,0.5081522464752197,0.08405375480651855,317.27215576171875,223.70962524414062,32.86305236816406,62.82463836669922,412.3125305175781,0.11191129684448242,0.05491667240858078,0.6943830251693726,2.346189022064209,0.9650000333786011,0.02372739464044571,0.029999924823641777,2.616291046142578,0.5,0.11999969929456711,0.34162890911102295,0.03837020695209503,0.5707014203071594,0.5319442749023438,0.5612917542457581,0.1414840817451477,0.36472976207733154,0.6871494054794312,0.374614417552948,0.5006376504898071,0.5642389059066772,0.4366416931152344,1.0,0.9757895469665527,0.9577687978744507,0.12300121784210205,0.21184664964675903,0.9990000128746033,0.02800000086426735,0.003000000026077032,0.02500000037252903,0.965,0.7195678078448834,1.559257483994381,0.19207042175066427,0.46264125045996396,1.4970766031291107,2.1820318269165457,0.5186199714672465,0.2547793488957365,0.11863697320222855,0.03136265091598034,267.4312186532417,0.418343186378479,0.3099120259284973,0.2730090618133545,0.12292074412107468,0.1861737072467804,0.3619299829006195,0.5445361137390137,0.7598886489868164,0.9577687978744507,0.974999999627471,0.48280390616702407
bounding,2,action_space,-1.0,2.5999999046325684,0.0,0.5,0.0,0.11999999731779099,0.0,0.3799999952316284,-1.0,-0.03999999910593033,rough_slope_trot_robustness,rough_slope,1.5,trotting,1000,0.6130397319793701,0.6130397319793701,1.1955124139785767,0.4704381227493286,0.1777612864971161,0.40760406851768494,1.2891528606414795,0.1777612864971161,0.08249519020318985,0.28304338455200195,0.1816522181034088,0.8625955581665039,1.7890883684158325,1.8112906217575073,4.986241340637207,0.40760406851768494,0.43627920746803284,0.05730629712343216,0.013086382299661636,0.46777576208114624,0.11275650560855865,275.3823547363281,187.6783447265625,33.79229736328125,65.71207427978516,708.6893310546875,0.11131522059440613,0.04716666787862778,0.7570518851280212,2.6292808055877686,0.9800000786781311,0.023910246789455414,0.029999924823641777,2.6143932342529297,0.5,0.11999969929456711,0.3800007998943329,-0.03856003284454346,0.539765477180481,0.49054497480392456,0.511103630065918,0.15664485096931458,0.3728335201740265,0.6431182622909546,0.3679315447807312,0.4905604124069214,0.5525805950164795,0.4455444812774658,1.0,0.9792481660842896,0.9673757553100586,0.23284949362277985,0.30406904220581055,1.0,0.024000000208616257,0.007000000216066837,0.017000000923871994,0.98,0.7725019182477678,1.6379681171421605,0.28721975942332006,0.4262067785751522,1.3375680799181149,2.2329893283751283,0.6605143506904546,0.26531618763862447,0.11955123394727707,0.030448390170931816,230.34671285417778,0.41261178255081177,0.1898709237575531,0.2446678727865219,0.052915625274181366,0.10485990345478058,0.39236941933631897,0.5113326907157898,0.7899122834205627,0.9673757553100586,0.982999999076128,0.45770549538888433
bounding,2,action_space,-1.0,2.5999999046325684,0.0,0.5,0.0,0.11999999731779099,0.0,0.3799999952316284,0.0,0.0,rough_slope_trot_robustness,rough_slope,1.5,trotting,1000,0.6534428000450134,0.6534428000450134,1.191357135772705,0.46169501543045044,0.14698916673660278,0.3722531795501709,1.2541708946228027,0.14698916673660278,0.04799380153417587,0.30064380168914795,0.2110767662525177,0.9197227954864502,1.964618444442749,1.8622137308120728,5.1590166091918945,0.3722531795501709,0.2965458035469055,0.053573887795209885,0.012883991003036499,0.48543232679367065,0.13284754753112793,297.9236755371094,209.8177947998047,32.73618698120117,63.87275695800781,548.4078369140625,0.11382856965065002,0.05808333680033684,0.6091787815093994,1.966328501701355,0.9590000510215759,0.023827141150832176,0.029999924823641777,2.614739418029785,0.5,0.11999969929456711,0.3800007998943329,0.0,0.5817725658416748,0.49447518587112427,0.5399032235145569,0.14447090029716492,0.3538472652435303,0.6535124778747559,0.3794100880622864,0.4930195212364197,0.553086519241333,0.4399343729019165,1.0,0.9783835411071777,0.9704844951629639,0.47640734910964966,0.5251162648200989,0.9994000196456909,0.02500000037252903,0.004000000189989805,0.021000001579523087,0.959,0.6352229749820777,1.4319198809662457,0.2190748765472113,0.4594309156473013,1.4016484739201727,2.2713468711739946,0.5445601927674346,0.2577942567208323,0.11913570575416088,0.030863918364048004,250.07083652030033,0.42628413438796997,0.25014254450798035,0.26470014452934265,0.10925759375095367,0.07016181945800781,0.3787553906440735,0.5989371538162231,0.747951865196228,0.9704844951629639,0.9789999984204769,0.4709734377500258
bounding,2,action_space,-1.0,2.5999999046325684,0.0,0.5,0.0,0.11999999731779099,0.0,0.3799999952316284,1.0,0.03999999910593033,rough_slope_trot_robustness,rough_slope,1.5,trotting,1000,0.6015063524246216,0.6015063524246216,1.1628336906433105,0.5249950289726257,0.1830771416425705,0.43651264905929565,1.6441866159439087,0.1830771416425705,0.08264347910881042,0.32634612917900085,0.231474369764328,1.0411627292633057,2.6908066272735596,1.8496828079223633,5.014191627502441,0.43651264905929565,0.4476390480995178,0.06667125970125198,0.021022049710154533,0.5248913764953613,0.10773108899593353,332.4735412597656,234.37828063964844,31.540279388427734,61.35348892211914,409.66949462890625,0.1250707358121872,0.041583336889743805,0.7071716785430908,2.4909443855285645,0.9120000600814819,0.02325667068362236,0.029999924823641777,2.6136910915374756,0.5,0.11999969929456711,0.3800007998943329,0.03863019496202469,0.5223945379257202,0.4645121097564697,0.4940287470817566,0.14776289463043213,0.3420320749282837,0.6170841455459595,0.2921423316001892,0.4534250497817993,0.5716547966003418,0.42972224950790405,1.0,0.9801127910614014,0.9687838554382324,0.23137803375720978,0.2982897162437439,0.9996000528335571,0.023000001907348633,0.0010000000474974513,0.02200000174343586,0.912,0.7754075569018983,1.6526640959271055,0.2874777888964823,0.4811178335546584,1.6403678329184463,2.239239073324338,0.6690583293701065,0.29613056142756783,0.1162833534181118,0.033716270700097084,285.9166740136609,0.33204689621925354,0.14875823259353638,0.17310339212417603,0.0369919054210186,0.11594703048467636,0.350013792514801,0.50518798828125,0.812274694442749,0.9687838554382324,0.9779999982565641,0.42256237458633755
bounding,2,action_space,-1.0,2.5999999046325684,0.0,0.5,0.0,0.11999999731779099,1.0,0.3799999952316284,-1.0,-0.03999999910593033,rough_slope_trot_robustness,rough_slope,1.5,trotting,1000,0.5984324216842651,0.5984324216842651,1.193993091583252,0.48308509588241577,0.16216135025024414,0.39310532808303833,1.3535337448120117,0.16216135025024414,0.058994799852371216,0.29041510820388794,0.1843578815460205,0.8609904050827026,1.7452480792999268,1.8309948444366455,5.111845970153809,0.39310532808303833,0.36297401785850525,0.052183348685503006,0.018765052780508995,0.48887157440185547,0.09771677851676941,285.3739929199219,200.98486328125,32.687965393066406,63.99114990234375,495.29925537109375,0.11067109555006027,0.054333336651325226,0.6481325626373291,2.1331677436828613,0.974000096321106,0.023879852145910263,0.029999924823641777,2.6142053604125977,0.5,0.11999969929456711,0.3800007998943329,-0.03857884556055069,0.5384892225265503,0.4910668134689331,0.5205012559890747,0.15380103886127472,0.3681336045265198,0.6452439427375793,0.37705153226852417,0.484113872051239,0.5527220368385315,0.4369436800479889,1.0,0.9792482256889343,0.9637144804000854,0.11867819726467133,0.1976301074028015,0.9995999932289124,0.024000000208616257,0.006000000052154064,0.018000001087784767,0.974,0.6654338484182495,1.4799021418854823,0.24288845145945334,0.429369166971757,1.3210783774250212,2.260939178782527,0.6024732507410643,0.2663614113681109,0.11939926072955132,0.03060036338865757,239.00807712506264,0.3931811451911926,0.21324405074119568,0.24196358025074005,0.07938628643751144,0.14165857434272766,0.37615907192230225,0.5783780217170715,0.7621082663536072,0.9637144804000854,0.9819999989122152,0.46434579524946845
bounding,2,action_space,-1.0,2.5999999046325684,0.0,0.5,0.0,0.11999999731779099,1.0,0.3799999952316284,0.0,0.0,rough_slope_trot_robustness,rough_slope,1.5,trotting,1000,0.6065535545349121,0.6065535545349121,1.1852006912231445,0.5079472064971924,0.1515783667564392,0.4165956974029541,1.6315855979919434,0.1515783667564392,0.05712544918060303,0.31178033351898193,0.2110103815793991,0.9427508115768433,2.6810710430145264,1.8998548984527588,5.414730072021484,0.4165956974029541,0.49504709243774414,0.06379295885562897,0.02493324503302574,0.5211985111236572,0.11134197562932968,316.9024353027344,226.21595764160156,31.996871948242188,62.19817352294922,504.8617858886719,0.12076592445373535,0.05808333307504654,0.6492905020713806,2.2494921684265137,0.9610000848770142,0.023704010993242264,0.029999924823641777,2.6132397651672363,0.5,0.11999969929456711,0.3800007998943329,0.0,0.5263086557388306,0.48205697536468506,0.49931371212005615,0.1461610496044159,0.36089181900024414,0.6335626244544983,0.3154330849647522,0.45279526710510254,0.5723978281021118,0.4292083978652954,1.0,0.9809775352478027,0.9700876474380493,0.2303476631641388,0.29615917801856995,0.9998000264167786,0.02200000174343586,0.004000000189989805,0.018000001087784767,0.961,0.675640507121488,1.5299616705393175,0.2390093077279691,0.45935866333334685,1.6373976435229551,2.3269572561655454,0.7035958303157746,0.29786944101175383,0.11852005496621132,0.031479569151997566,267.3829315570905,0.3562788963317871,0.1763085424900055,0.1695641279220581,0.06240595504641533,0.10786880552768707,0.35260847210884094,0.5569968819618225,0.747951865196228,0.9700876474380493,0.9819999989122152,0.43367634390137694
bounding,2,action_space,-1.0,2.5999999046325684,0.0,0.5,0.0,0.11999999731779099,1.0,0.3799999952316284,1.0,0.03999999910593033,rough_slope_trot_robustness,rough_slope,1.5,trotting,1000,0.6082431077957153,0.6082431077957153,1.24094557762146,0.41953396797180176,0.1386297196149826,0.33423882722854614,1.5516119003295898,0.1386297196149826,0.033955879509449005,0.28472137451171875,0.19191721081733704,0.7582981586456299,1.140149474143982,1.8217778205871582,4.95658016204834,0.33423882722854614,0.22441154718399048,0.039093807339668274,0.004769801162183285,0.4696994423866272,0.1342414766550064,270.8248291015625,187.62158203125,33.51180648803711,64.6876220703125,491.4502868652344,0.10544738173484802,0.052250009030103683,0.6928365230560303,2.3018107414245605,0.9800000190734863,0.02481890842318535,0.029999924823641777,2.6147818565368652,0.5,0.11999969929456711,0.3800007998943329,0.03852109611034393,0.591252326965332,0.5145652294158936,0.5754014253616333,0.14855438470840454,0.3916855752468109,0.6721793413162231,0.32417136430740356,0.499152809381485,0.5454757809638977,0.44336122274398804,1.0,0.9783835411071777,0.9620965719223022,0.11986460536718369,0.2018558233976364,0.9996000528335571,0.02500000223517418,0.007000000216066837,0.018000001087784767,0.98,0.7069760692362883,1.5325750462282193,0.18427121183041317,0.43808356602061327,1.0677778205900241,2.226337836458865,0.473720959198546,0.20943640682042738,0.12409454211592674,0.025905082002282143,218.24069804951216,0.49458563327789307,0.32720908522605896,0.41591590642929077,0.10745000839233398,0.06823282688856125,0.39086273312568665,0.5558834671974182,0.7700883150100708,0.9620965719223022,0.9819999989122152,0.5145082321802252
bounding,2,action_space,-1.0,2.5999999046325684,0.0,0.5,1.0,0.11999999731779099,-1.0,0.3400000035762787,-1.0,-0.03999999910593033,rough_slope_trot_robustness,rough_slope,1.5,trotting,1000,0.5813084244728088,0.5813084244728088,1.223407506942749,0.47220733761787415,0.18206796050071716,0.44166260957717896,1.4030596017837524,0.18206796050071716,0.07441222667694092,0.2954457402229309,0.19063842296600342,0.9764013290405273,2.634768486022949,1.8641440868377686,5.258726119995117,0.44166260957717896,0.4923616647720337,0.061369601637125015,0.012888972647488117,0.4800063371658325,0.09883067011833191,289.32086181640625,199.43670654296875,33.59955978393555,66.19490814208984,535.2549438476562,0.11212457716464996,0.047583334147930145,0.7594230771064758,2.746238946914673,0.968000054359436,0.024468161165714264,0.029999924823641777,2.613792896270752,0.5,0.11999969929456711,0.3413791060447693,-0.03862002491950989,0.540855884552002,0.46855446696281433,0.4877251088619232,0.15342475473880768,0.3486422300338745,0.6157791018486023,0.3361850678920746,0.4741632342338562,0.5519855618476868,0.4418022632598877,1.0,0.9801128506660461,0.961650013923645,0.06358397752046585,0.14566943049430847,1.0,0.023000001907348633,0.0020000000949949026,0.021000001579523087,0.968,0.7845279283760008,1.684346615825563,0.27278604560523423,0.4366216015796784,1.6231969954453924,2.2931912523806464,0.7016848756899593,0.27250426470903744,0.12234080582857132,0.027658818289637566,236.48772806651203,0.40986841917037964,0.1421804130077362,0.22646351158618927,0.05550378933548927,0.13853761553764343,0.3828880190849304,0.4920101761817932,0.7882683873176575,0.961650013923645,0.9789999984204769,0.45584265181892797
bounding,2,action_space,-1.0,2.5999999046325684,0.0,0.5,1.0,0.11999999731779099,-1.0,0.3400000035762787,0.0,0.0,rough_slope_trot_robustness,rough_slope,1.5,trotting,1000,0.593524694442749,0.593524694442749,1.196028709411621,0.48773181438446045,0.17504939436912537,0.394464910030365,1.5934433937072754,0.17504939436912537,0.06322027742862701,0.3282034397125244,0.24561384320259094,0.8924254775047302,1.6792514324188232,1.8382568359375,5.06081485748291,0.394464910030365,0.3471055030822754,0.07189629971981049,0.013869309797883034,0.49440860748291016,0.12897387146949768,309.76763916015625,218.0869140625,33.19652557373047,65.66749572753906,532.0504760742188,0.11656983941793442,0.05300000309944153,0.7388323545455933,2.576075792312622,0.9460000991821289,0.023920580744743347,0.029999924823641777,2.615856409072876,0.5,0.11999969929456711,0.3415854573249817,0.0,0.5464005470275879,0.4887741804122925,0.5184948444366455,0.14789117872714996,0.3539789915084839,0.6413629055023193,0.2983326017856598,0.4632788300514221,0.5657009482383728,0.43768244981765747,1.0,0.9766541719436646,0.9591323137283325,0.12205672264099121,0.20916874706745148,0.999000072479248,0.027000000700354576,0.0020000000949949026,0.02500000037252903,0.946,0.7810066336053119,1.6501892016559472,0.2514364282052762,0.4955944341925068,1.2958593412939627,2.249625492717157,0.5891566031899119,0.2928576608485657,0.11960290372371674,0.03039672039449215,258.9968256803338,0.3861500322818756,0.2109728902578354,0.17990753054618835,0.05739208310842514,0.07581362128257751,0.37201645970344543,0.5062214136123657,0.7672059535980225,0.9591323137283325,0.974999999627471,0.4328643878627765
bounding,2,action_space,-1.0,2.5999999046325684,0.0,0.5,1.0,0.11999999731779099,-1.0,0.3400000035762787,1.0,0.03999999910593033,rough_slope_trot_robustness,rough_slope,1.5,trotting,1000,0.5759356021881104,0.5759356021881104,1.2068614959716797,0.5150438547134399,0.17890189588069916,0.4514756202697754,1.6062891483306885,0.17890189588069916,0.07045434415340424,0.29855960607528687,0.20706209540367126,0.9524401426315308,2.03440260887146,1.859946846961975,5.20561408996582,0.4514756202697754,0.4675276279449463,0.06369760632514954,0.016341550275683403,0.5076632499694824,0.12836459279060364,311.14111328125,220.93798828125,32.853294372558594,63.94581604003906,863.7666625976562,0.11750085651874542,0.050416670739650726,0.6743075847625732,2.4751970767974854,0.9420000314712524,0.024137232452630997,0.029999924823641777,2.613792896270752,0.5,0.11999969929456711,0.3413791060447693,0.0386200025677681,0.5154169201850891,0.45079171657562256,0.5016760230064392,0.14738529920578003,0.3465777039527893,0.6009196639060974,0.2979539930820465,0.4797033369541168,0.5469931364059448,0.4284970760345459,1.0,0.9801127910614014,0.961650013923645,0.06358417123556137,0.145670548081398,0.9998000264167786,0.023000001907348633,0.006000000052154064,0.017000000923871994,0.942,0.7158254959527601,1.6209866400901387,0.26543237209015075,0.45504076235395796,1.426324860917547,2.281581488784878,0.6837599198146571,0.2829119237516032,0.12068616226315498,0.0293134618550539,257.81012512188994,0.34608161449432373,0.13024963438510895,0.20173847675323486,0.049027394503355026,0.07674310356378555,0.3622841238975525,0.5184563994407654,0.7771799564361572,0.961650013923645,0.982999999076128,0.4298352418761504
bounding,2,action_space,-1.0,2.5999999046325684,0.0,0.5,1.0,0.11999999731779099,0.0,0.3799999952316284,-1.0,-0.03999999910593033,rough_slope_trot_robustness,rough_slope,1.5,trotting,1000,0.6063226461410522,0.6063226461410522,1.164624810218811,0.47804898023605347,0.1356314718723297,0.3584229350090027,1.3097002506256104,0.1356314718723297,0.03309530019760132,0.2762495279312134,0.18397802114486694,0.8556532263755798,1.6952898502349854,1.7723082304000854,4.743188858032227,0.3584229350090027,0.26396045088768005,0.04569243639707565,0.014540105126798153,0.49989575147628784,0.09733134508132935,303.979248046875,214.30079650878906,33.15453338623047,63.84449768066406,324.4488830566406,0.1107289046049118,0.055250003933906555,0.6968052387237549,2.3741536140441895,0.9700000286102295,0.023292507976293564,0.029999924823641777,2.614246129989624,0.5,0.11999969929456711,0.3800007998943329,-0.038574688136577606,0.5621775388717651,0.509650707244873,0.5477717518806458,0.15701717138290405,0.36707866191864014,0.6686986684799194,0.3843603730201721,0.5147715210914612,0.5606838464736938,0.4368196129798889,1.0,0.9792482256889343,0.9635902643203735,0.11876600980758667,0.1981472223997116,0.9998000264167786,0.024000000208616257,0.0020000000949949026,0.02200000174343586,0.97,0.7183558513208763,1.564474589947119,0.18192113730295695,0.4289265917903283,1.302032968182828,2.1778863280787237,0.5137708155273907,0.24542318864335905,0.11646253988146782,0.033537084236741066,261.0104519323807,0.40086790919303894,0.2767418920993805,0.2997966408729553,0.1392330378293991,0.14275479316711426,0.36795616149902344,0.5423220992088318,0.7586232423782349,0.9635902643203735,0.9779999982565641,0.4805999299217212
bounding,2,action_space,-1.0,2.5999999046325684,0.0,0.5,1.0,0.11999999731779099,0.0,0.3799999952316284,0.0,0.0,rough_slope_trot_robustness,rough_slope,1.5,trotting,1000,0.6380341053009033,0.6380341053009033,1.25467050075531,0.3762556314468384,0.12488632649183273,0.2871556282043457,1.4329736232757568,0.12488632649183273,0.031053567305207253,0.2724141776561737,0.17830106616020203,0.7114194631576538,0.9594442248344421,1.8639711141586304,5.107967376708984,0.2871556282043457,0.17106524109840393,0.03454245254397392,0.004552400205284357,0.45319893956184387,0.11027026176452637,265.79656982421875,180.57879638671875,34.503684997558594,66.38817596435547,379.1739807128906,0.1060970276594162,0.04450000077486038,0.61469566822052,1.9971339702606201,0.9930000305175781,0.025093410164117813,0.029999924823641777,2.6151275634765625,0.5,0.11999969929456711,0.3800007998943329,0.0,0.6482597589492798,0.5575603246688843,0.5896885395050049,0.14326389133930206,0.4091643691062927,0.7161537408828735,0.35742273926734924,0.5186541080474854,0.5527471303939819,0.44719791412353516,1.0,0.9775189161300659,0.9650431871414185,0.23453375697135925,0.3076953887939453,0.9998000264167786,0.026000000536441803,0.004000000189989805,0.02200000174343586,0.993,0.6190288194116629,1.4181722031961563,0.17622022388252506,0.42225710907005704,0.9795122382259663,2.260081276571483,0.41360033981901406,0.1977241835215366,0.12546705082058907,0.02453257329761982,211.8457154003458,0.5676369667053223,0.43841755390167236,0.4575372040271759,0.1282152235507965,0.11020585894584656,0.40397676825523376,0.6048328876495361,0.8005149960517883,0.9650431871414185,0.9779999982565641,0.5499008979256216
bounding,2,action_space,-1.0,2.5999999046325684,0.0,0.5,1.0,0.11999999731779099,0.0,0.3799999952316284,1.0,0.03999999910593033,rough_slope_trot_robustness,rough_slope,1.5,trotting,1000,0.611823558807373,0.611823558807373,1.2366724014282227,0.43073198199272156,0.13811001181602478,0.33380722999572754,1.5807095766067505,0.13811001181602478,0.043452389538288116,0.275841623544693,0.18265575170516968,0.8465501070022583,1.7798327207565308,1.8317458629608154,5.01804256439209,0.33380722999572754,0.27232468128204346,0.03963750600814819,0.014245622791349888,0.4811449646949768,0.11260150372982025,286.6029052734375,198.08892822265625,33.751670837402344,64.88833618164062,583.0303955078125,0.10854771733283997,0.049500010907649994,0.7281062602996826,2.600916862487793,0.9770000576972961,0.024733446538448334,0.029999924823641777,2.6153249740600586,0.5,0.11999969929456711,0.3800007998943329,0.038466863334178925,0.5990065932273865,0.5464794635772705,0.5678703784942627,0.15037459135055542,0.38984447717666626,0.6967477798461914,0.3404252529144287,0.5164282321929932,0.5566312074661255,0.44017571210861206,1.0,0.9775189161300659,0.9606027603149414,0.12097040563821793,0.2056136429309845,0.9994000196456909,0.026000000536441803,0.004000000189989805,0.02199999988079071,0.977,0.7452468793980297,1.6316084421647776,0.2084523675526093,0.42738244197108716,1.3341037143927494,2.240098784516453,0.5218473735509679,0.23212739777867256,0.12366723269224167,0.026332391425967216,231.75329613763694,0.47610342502593994,0.3281538486480713,0.34039023518562317,0.08631452918052673,0.10518546402454376,0.3820171058177948,0.5139976739883423,0.7807501554489136,0.9606027603149414,0.9780000001192093,0.494053610845616
bounding,2,action_space,-1.0,2.5999999046325684,0.0,0.5,1.0,0.11999999731779099,1.0,0.3799999952316284,-1.0,-0.03999999910593033,rough_slope_trot_robustness,rough_slope,1.5,trotting,1000,0.5911484956741333,0.5911484956741333,1.1916301250457764,0.4747583866119385,0.15117183327674866,0.3827696144580841,1.537137746810913,0.15117183327674866,0.04894272983074188,0.2963216006755829,0.20747634768486023,0.8967348337173462,2.108290672302246,1.8805537223815918,5.460330963134766,0.3827696144580841,0.37798261642456055,0.06457419693470001,0.01607675477862358,0.4992403984069824,0.09335216879844666,305.0146484375,218.18746948242188,32.68890380859375,63.23670196533203,405.58465576171875,0.11749167740345001,0.051333341747522354,0.6600120663642883,2.275996446609497,0.9539999961853027,0.023832589387893677,0.029999924823641777,2.6137912273406982,0.5,0.11999969929456711,0.3800007998943329,-0.03862025588750839,0.5737196803092957,0.5082783699035645,0.511377215385437,0.14684373140335083,0.36191555857658386,0.6581161022186279,0.34390246868133545,0.48682701587677,0.5577232241630554,0.4297225773334503,1.0,0.9801129102706909,0.9616502523422241,0.06358255445957184,0.14565882086753845,0.9998000264167786,0.023000001907348633,0.0020000000949949026,0.021000001579523087,0.954,0.6918365030668566,1.5445841317970224,0.22123003826501925,0.45549571642866216,1.4519954105651458,2.3367351076094964,0.6148029086012529,0.28399111203226696,0.11916294693946838,0.0308366771787405,255.9641973013924,0.405926913022995,0.23104892671108246,0.19928506016731262,0.0807827040553093,0.1545800268650055,0.3684387505054474,0.5507716536521912,0.7736260294914246,0.9616502523422241,0.9789999984204769,0.458182637824824
bounding,2,action_space,-1.0,2.5999999046325684,0.0,0.5,1.0,0.11999999731779099,1.0,0.3799999952316284,0.0,0.0,rough_slope_trot_robustness,rough_slope,1.5,trotting,1000,0.5736358165740967,0.5736358165740967,1.0386762619018555,0.634008526802063,0.22760330140590668,0.5771768093109131,1.4534356594085693,0.22760330140590668,0.13806062936782837,0.35618865489959717,0.2862873375415802,1.2091107368469238,4.317681312561035,1.9057756662368774,5.511528015136719,0.5771768093109131,0.9709755182266235,0.09955395013093948,0.03209336847066879,0.546061635017395,0.1484864056110382,340.968505859375,250.8397216796875,30.59486961364746,61.436622619628906,850.9840698242188,0.13578200340270996,0.04383333399891853,0.5599604845046997,1.8393619060516357,0.893000066280365,0.02077353373169899,0.029999924823641777,2.613715410232544,0.5,0.11999969929456711,0.3800007998943329,0.0,0.45781761407852173,0.4172824025154114,0.4577357769012451,0.1490124762058258,0.3331267237663269,0.5661581158638,0.32301557064056396,0.4453889727592468,0.5601288080215454,0.4134341776371002,1.0,0.9801128506660461,0.9650607705116272,0.11768094450235367,0.19460062682628632,0.9991999864578247,0.023000001907348633,0.004000000189989805,0.01900000125169754,0.893,0.6270553742651176,1.43518489173599,0.3715651078449487,0.5350582562128915,2.077903104709417,2.347664374465975,0.9853809000719588,0.36283235605663433,0.10386766865849495,0.046131955459713936,328.27216560725935,0.20031438767910004,0.03574550524353981,0.07186639308929443,0.014777518808841705,0.05131726711988449,0.33550336956977844,0.597537100315094,0.8031878471374512,0.9650607705116272,0.9809999987483025,0.3674043838522937
bounding,2,action_space,-1.0,2.5999999046325684,0.0,0.5,1.0,0.11999999731779099,1.0,0.3799999952316284,1.0,0.03999999910593033,rough_slope_trot_robustness,rough_slope,1.5,trotting,1000,0.6168249845504761,0.6168249845504761,1.2719858884811401,0.378745973110199,0.12009620666503906,0.2943183183670044,1.4331812858581543,0.12009620666503906,0.027410276234149933,0.2718396782875061,0.1719704121351242,0.6818101406097412,0.9401907920837402,1.8881922960281372,5.2084126472473145,0.2943183183670044,0.16564635932445526,0.03564409911632538,0.004244823008775711,0.4486047327518463,0.09656508266925812,269.69677734375,186.83575439453125,33.942596435546875,65.96514129638672,443.31683349609375,0.1060391366481781,0.045333340764045715,0.6887263059616089,2.2559592723846436,1.0010000467300415,0.025439713150262833,0.029999924823641777,2.614891767501831,0.5,0.11999969929456711,0.3800007998943329,0.03851018100976944,0.6449615359306335,0.5533660054206848,0.5914524793624878,0.14021021127700806,0.4213773012161255,0.7122710943222046,0.36918938159942627,0.5197970271110535,0.5566394329071045,0.4549808204174042,1.0,0.9783835411071777,0.9584115743637085,0.06548190861940384,0.15327635407447815,0.9998000264167786,0.02500000037252903,0.006000000052154064,0.01900000125169754,1.001,0.6880382800792957,1.501234666197338,0.16556049116304872,0.4146931541937053,0.9696343599954265,2.2821946996799625,0.40699675591392037,0.1997221122587609,0.12719856575131416,0.022801058366894722,212.02812058378336,0.5633838772773743,0.42053282260894775,0.4503282904624939,0.13787789642810822,0.14495939016342163,0.40770578384399414,0.5692552328109741,0.7971864342689514,0.9584115743637085,0.9809999987483025,0.5515095705264493
bounding,2,action_space,0.0,3.0,0.0,0.5,-1.0,0.08999999612569809,-1.0,0.3400000035762787,-1.0,-0.03999999910593033,rough_slope_trot_robustness,rough_slope,1.5,trotting,1000,0.5953039526939392,0.5953039526939392,1.1682157516479492,0.4676550030708313,0.15688607096672058,0.42764395475387573,1.6427921056747437,0.15688607096672058,0.05168881639838219,0.28328731656074524,0.19240152835845947,0.924301266670227,2.3028106689453125,1.7671053409576416,4.542757511138916,0.42764395475387573,0.41928398609161377,0.05037299543619156,0.0260571651160717,0.5205743908882141,0.13188304007053375,309.7784423828125,217.7587890625,33.15855407714844,64.08016204833984,635.0325927734375,0.10592927038669586,0.06716667115688324,0.6832453012466431,2.1245908737182617,1.059999942779541,0.023364325985312462,0.029999924823641777,3.000000238418579,0.5,0.09098997712135315,0.3413189947605133,-0.0386800616979599,0.5636594295501709,0.45964378118515015,0.5396888852119446,0.1523735374212265,0.36412185430526733,0.6133059859275818,0.30374661087989807,0.4972468316555023,0.5493053197860718,0.43266013264656067,0.637374758720398,0.9809775352478027,0.9665533304214478,0.11659657955169678,0.19100093841552734,0.9998000264167786,0.02199999988079071,0.005000000353902578,0.017000000923871994,1.06,0.6445710380122347,1.4157438794632375,0.2273517459761024,0.4386359861644499,1.5175014559944622,2.1313745590906623,0.6475214174771471,0.2764600523624765,0.11682162992656231,0.033177994191646576,265.1722868364187,0.41694340109825134,0.1606072187423706,0.21683833003044128,0.06879883259534836,0.07152839750051498,0.3530488610267639,0.6058743596076965,0.7147421836853027,0.9665533304214478,0.982999999076128,0.4567447708625543
bounding,2,action_space,0.0,3.0,0.0,0.5,-1.0,0.08999999612569809,-1.0,0.3400000035762787,0.0,0.0,rough_slope_trot_robustness,rough_slope,1.5,trotting,1000,0.6301235556602478,0.6301235556602478,1.2152252197265625,0.43299978971481323,0.14761051535606384,0.39794325828552246,1.3057687282562256,0.14761051535606384,0.04221043735742569,0.265972375869751,0.16363608837127686,0.7759364247322083,1.4910976886749268,1.765620231628418,4.604054927825928,0.39794325828552246,0.39159685373306274,0.03587202727794647,0.009799058549106121,0.45715558528900146,0.10696655511856079,259.7774353027344,175.55648803710938,34.12049102783203,65.3499755859375,423.7542724609375,0.0972154289484024,0.04350000619888306,0.6932251453399658,2.0637950897216797,1.1070001125335693,0.024304497987031937,0.029999924823641777,3.000000238418579,0.5,0.09108062833547592,0.3414399325847626,0.0,0.5960993766784668,0.4792294502258301,0.6037057638168335,0.15273398160934448,0.39853304624557495,0.6421791315078735,0.3691093325614929,0.5105761289596558,0.5377222299575806,0.45103228092193604,0.6385080814361572,0.9792482256889343,0.9673754572868347,0.2328638732433319,0.3041691780090332,0.9998000264167786,0.024000000208616257,0.0020000000949949026,0.02199999988079071,1.107,0.62621960041215,1.3653986999298822,0.205451788401624,0.4045195772410488,1.2211051095933252,2.145706160644073,0.6257770000032462,0.21370794516594976,0.12152248993515968,0.028477134183049202,213.7689632224608,0.4723876714706421,0.20523731410503387,0.40114927291870117,0.11648678779602051,0.11773356795310974,0.40079259872436523,0.6274580955505371,0.8045275807380676,0.9673754572868347,0.9780000001192093,0.5174570742406344
bounding,2,action_space,0.0,3.0,0.0,0.5,-1.0,0.08999999612569809,-1.0,0.3400000035762787,1.0,0.03999999910593033,rough_slope_trot_robustness,rough_slope,1.5,trotting,1000,0.6120631098747253,0.6120631098747253,1.1852021217346191,0.43157240748405457,0.14490368962287903,0.3840278387069702,1.6098921298980713,0.14490368962287903,0.03851773217320442,0.2669808268547058,0.17117199301719666,0.8253675699234009,1.707993507385254,1.7974555492401123,4.843169212341309,0.3840278387069702,0.35514363646507263,0.0361701175570488,0.009700928814709187,0.4714975655078888,0.0828341692686081,270.4554443359375,185.26370239257812,33.28216552734375,65.33500671386719,390.7635803222656,0.09607549011707306,0.056416675448417664,0.6271055936813354,1.8674042224884033,1.1119999885559082,0.02370404079556465,0.029999924823641777,3.000000238418579,0.5,0.0910351574420929,0.3413792848587036,0.038619786500930786,0.6069506406784058,0.48391830921173096,0.6175034046173096,0.1500222086906433,0.39526259899139404,0.6453267335891724,0.29640883207321167,0.5114347338676453,0.5478805303573608,0.44620370864868164,0.6379395723342896,0.9801129102706909,0.9650328159332275,0.117775559425354,0.19557809829711914,0.9998000264167786,0.023000001907348633,0.004999999888241291,0.018000001087784767,1.112,0.5639438217492412,1.2958859136063452,0.19625934926317376,0.41372937171198837,1.3069022562476713,2.2007201576623294,0.5959392892443597,0.21417527021520946,0.11852020397782326,0.03147942014038563,228.19352022430456,0.47472530603408813,0.228830486536026,0.39954817295074463,0.09252773225307465,0.19077064096927643,0.38945960998535156,0.6571584939956665,0.7542107701301575,0.9650328159332275,0.9819999989122152,0.5277894581422995
bounding,2,action_space,0.0,3.0,0.0,0.5,-1.0,0.08999999612569809,0.0,0.3799999952316284,-1.0,-0.03999999910593033,rough_slope_trot_robustness,rough_slope,1.5,trotting,1000,0.6311742067337036,0.6311742067337036,1.2279340028762817,0.41452836990356445,0.13237115740776062,0.3402784466743469,1.4607133865356445,0.13237115740776062,0.032921623438596725,0.2707612216472626,0.18653179705142975,0.7361270189285278,1.0994131565093994,1.8426330089569092,4.903789043426514,0.3402784466743469,0.24080869555473328,0.04240615665912628,0.0059125288389623165,0.46550965309143066,0.1075776219367981,262.55462646484375,179.45150756835938,33.71484375,65.17253112792969,393.18572998046875,0.09782707691192627,0.05841667950153351,0.7608628273010254,2.4601898193359375,1.1160000562667847,0.02455868199467659,0.029999924823641777,3.000000238418579,0.5,0.09109890460968018,0.3800007998943329,-0.038534801453351974,0.6154220104217529,0.511225700378418,0.5783171653747559,0.14641883969306946,0.4232976734638214,0.6745301485061646,0.347709983587265,0.5254465341567993,0.546588659286499,0.44509875774383545,0.638736367225647,0.9783835411071777,0.9662069082260132,0.23350773751735687,0.3037789762020111,0.9996000528335571,0.02500000037252903,0.004999999888241291,0.020000001415610313,1.116,0.6817766962085573,1.4847461983994148,0.18144316861925863,0.4318932704400819,1.048529044189716,2.2144500543987244,0.4907226258842497,0.21981511662778927,0.12279340997338295,0.027206214144825935,213.8181904319307,0.5029144883155823,0.3141469955444336,0.3804602026939392,0.12013419717550278,0.1163034662604332,0.3941517472267151,0.5763052105903625,0.7467062473297119,0.9662069082260132,0.9799999985843897,0.5179605012465465
bounding,2,action_space,0.0,3.0,0.0,0.5,-1.0,0.08999999612569809,0.0,0.3799999952316284,0.0,0.0,rough_slope_trot_robustness,rough_slope,1.5,trotting,1000,0.6624455451965332,0.6624455451965332,1.230095624923706,0.412788450717926,0.14348532259464264,0.3940483033657074,1.4257960319519043,0.14348532259464264,0.04592674598097801,0.2706051766872406,0.17743152379989624,0.8075031042098999,1.6597216129302979,1.817486047744751,4.759670257568359,0.3940483033657074,0.36977916955947876,0.03801989182829857,0.013618553057312965,0.48039254546165466,0.10813441872596741,259.8359069824219,172.53372192382812,33.628318786621094,64.69120025634766,448.6778564453125,0.09796509146690369,0.053833335638046265,0.7547800540924072,2.4373767375946045,1.1110000610351562,0.024601925164461136,0.029999924823641777,3.000000238418579,0.5,0.09111016988754272,0.3800007998943329,0.0,0.6223948001861572,0.492192804813385,0.593944787979126,0.14715489745140076,0.38892805576324463,0.6483808755874634,0.3598850667476654,0.5098560452461243,0.5281426906585693,0.438573956489563,0.6388773918151855,0.9783835411071777,0.9704678654670715,0.47651225328445435,0.5257114171981812,0.9996000528335571,0.02500000037252903,0.004999999888241291,0.020000001415610313,1.111,0.6793699633635238,1.4811678514536404,0.21430526354006804,0.42122621452124304,1.2883018330074276,2.1816668530204972,0.6080947044330174,0.2272409401617841,0.12300962582230568,0.026989998295903206,211.23228285486962,0.5058186054229736,0.21166706085205078,0.3560198247432709,0.09591134637594223,0.11501551419496536,0.38259240984916687,0.5778363943099976,0.7640159130096436,0.9704678654670715,0.9799999985843897,0.5112060542757574
bounding,2,action_space,0.0,3.0,0.0,0.5,-1.0,0.08999999612569809,0.0,0.3799999952316284,1.0,0.03999999910593033,rough_slope_trot_robustness,rough_slope,1.5,trotting,1000,0.6270799040794373,0.6270799040794373,1.228654146194458,0.41591742634773254,0.14317502081394196,0.3885558843612671,1.5942466259002686,0.14317502081394196,0.03801912069320679,0.2873157858848572,0.19500744342803955,0.7318538427352905,1.1021229028701782,1.820775032043457,5.017045974731445,0.3885558843612671,0.3107413947582245,0.03677956759929657,0.006850139237940311,0.468849241733551,0.14764049649238586,253.33395385742188,167.57383728027344,33.72184753417969,64.95986938476562,315.59637451171875,0.09948806464672089,0.05375000461935997,0.7416319251060486,2.35762882232666,1.1100000143051147,0.02457307279109955,0.029999924823641777,3.000000238418579,0.5,0.09110555052757263,0.3800007998943329,0.03852591663599014,0.6204670667648315,0.4742058515548706,0.6140875816345215,0.15176346898078918,0.3983722925186157,0.6372959613800049,0.3089819550514221,0.49477338790893555,0.524613618850708,0.44596123695373535,0.6388196349143982,0.9783835411071777,0.9661188125610352,0.23368388414382935,0.3046049475669861,0.9994000196456909,0.02500000037252903,0.007000000216066837,0.017999999225139618,1.11,0.6681367891328829,1.4573913564096683,0.19498492427161335,0.441596471258591,1.0498204145805978,2.2398763302315254,0.5574418308292126,0.20887725303928353,0.12286536395549774,0.027134260162711143,206.18817316661458,0.5005993247032166,0.220963716506958,0.41786614060401917,0.09492871165275574,0.052192848175764084,0.39152792096138,0.5880181789398193,0.7643343210220337,0.9661188125610352,0.9820000007748604,0.5150030136696603
bounding,2,action_space,0.0,3.0,0.0,0.5,-1.0,0.08999999612569809,1.0,0.3799999952316284,-1.0,-0.03999999910593033,rough_slope_trot_robustness,rough_slope,1.5,trotting,1000,0.609897255897522,0.609897255897522,1.201977014541626,0.4397226572036743,0.13254055380821228,0.36418354511260986,1.451765775680542,0.13254055380821228,0.03325816988945007,0.27943387627601624,0.18728405237197876,0.7246365547180176,0.9946848154067993,1.771872878074646,4.62617301940918,0.36418354511260986,0.2666037678718567,0.04211067408323288,0.0054351263679564,0.4620347321033478,0.10595087707042694,254.07962036132812,170.1463165283203,33.2739372253418,63.445533752441406,332.24560546875,0.09710666537284851,0.05283333361148834,0.6970181465148926,2.2366409301757812,1.096000075340271,0.024039525538682938,0.029999924823641777,3.000000238418579,0.5,0.09112802892923355,0.3800007998943329,-0.03849595785140991,0.5977668762207031,0.49695587158203125,0.5799066424369812,0.14823362231254578,0.4063291549682617,0.6566447019577026,0.3455081582069397,0.49206483364105225,0.530356764793396,0.4449663758277893,0.6391005516052246,0.9775189161300659,0.9609593152999878,0.12053502351045609,0.20194099843502045,0.9994000196456909,0.026000000536441803,0.004000000189989805,0.02200000174343586,1.096,0.6359655004348198,1.4285414659780857,0.18236822609613243,0.4327632752117245,0.9973388668886816,2.150854020943583,0.5163368744064835,0.21804999530197033,0.12019762769341469,0.029801996424794197,211.38475801737474,0.4614303708076477,0.2654585540294647,0.3863869309425354,0.1204008087515831,0.12014960497617722,0.39690056443214417,0.6003859043121338,0.7678455710411072,0.9609593152999878,0.9779999982565641,0.510897140067659
bounding,2,action_space,0.0,3.0,0.0,0.5,-1.0,0.08999999612569809,1.0,0.3799999952316284,0.0,0.0,rough_slope_trot_robustness,rough_slope,1.5,trotting,1000,0.6389970779418945,0.6389970779418945,1.240800380706787,0.397033154964447,0.13641096651554108,0.3631875514984131,1.2532051801681519,0.13641096651554108,0.03603968024253845,0.2674862742424011,0.17758262157440186,0.7699483633041382,1.3021924495697021,1.7873399257659912,4.6709747314453125,0.3631875514984131,0.28271347284317017,0.036610182374715805,0.008029459044337273,0.45483362674713135,0.09336760640144348,263.92919921875,181.02880859375,33.323368072509766,64.76249694824219,487.5286560058594,0.09755168855190277,0.05308334529399872,0.6612887382507324,2.0052542686462402,1.1130001544952393,0.024816013872623444,0.029999924823641777,3.000000238418579,0.5,0.09108023345470428,0.3800007998943329,0.0,0.6304601430892944,0.49312475323677063,0.6285742521286011,0.15079566836357117,0.4025677442550659,0.6546033620834351,0.373958945274353,0.5214545726776123,0.5479996204376221,0.4493890404701233,0.6385031938552856,0.9792481660842896,0.967375636100769,0.23285546898841858,0.3041096031665802,0.9994000196456909,0.024000000208616257,0.0010000000474974513,0.023000001907348633,1.113,0.5941497720476752,1.3422614884276183,0.18984119743232356,0.42140553102018236,1.1411364728066937,2.1612437926909847,0.5317080710720594,0.21128095375365258,0.12408006936311722,0.025919554755091667,212.70883159175864,0.5323035717010498,0.2673886716365814,0.40951046347618103,0.13890030980110168,0.1545322984457016,0.4026581943035126,0.6373626589775085,0.766886293888092,0.967375636100769,0.9769999980926514,0.5408876310837897
bounding,2,action_space,0.0,3.0,0.0,0.5,-1.0,0.08999999612569809,1.0,0.3799999952316284,1.0,0.03999999910593033,rough_slope_trot_robustness,rough_slope,1.5,trotting,1000,0.6243082880973816,0.6243082880973816,1.2428112030029297,0.3949473202228546,0.13501307368278503,0.34786319732666016,1.4888057708740234,0.13501307368278503,0.03820815309882164,0.26501786708831787,0.1754167675971985,0.7080961465835571,0.9527738094329834,1.7564339637756348,4.557293891906738,0.34786319732666016,0.2752622961997986,0.031853485852479935,0.0074669113382697105,0.4612635374069214,0.07875090837478638,258.9666442871094,173.00836181640625,33.77618408203125,65.90077209472656,472.0843505859375,0.09962068498134613,0.05233334004878998,0.6465612053871155,2.081860065460205,1.1130000352859497,0.024856222793459892,0.029999924823641777,3.000000238418579,0.5,0.0910801887512207,0.3800007998943329,0.038559723645448685,0.647753119468689,0.5089699029922485,0.6418946981430054,0.1489308476448059,0.40439045429229736,0.6729158163070679,0.334818959236145,0.5260319709777832,0.5490772128105164,0.44698768854141235,0.6385025978088379,0.9792482256889343,0.9635125994682312,0.11895246803760529,0.20013952255249023,0.9998000264167786,0.024000000208616257,0.0020000000949949026,0.02199999988079071,1.113,0.580917481784872,1.3676600590388213,0.19546905918539037,0.41882784959598673,0.9761013315393968,2.1347819307617204,0.5246544540931666,0.19829371445093677,0.12428111396729946,0.025718510150909424,208.37166873084496,0.5358325839042664,0.2981710433959961,0.4554779529571533,0.1050867810845375,0.20700378715991974,0.397513210773468,0.6264893412590027,0.7697675228118896,0.9635125994682312,0.9780000001192093,0.5536886135998524
bounding,2,action_space,0.0,3.0,0.0,0.5,0.0,0.11999999731779099,-1.0,0.3400000035762787,-1.0,-0.03999999910593033,rough_slope_trot_robustness,rough_slope,1.5,trotting,1000,0.6331189870834351,0.6331189870834351,1.2257856130599976,0.3844367265701294,0.16262468695640564,0.3897864818572998,1.3184478282928467,0.16262468695640564,0.049391165375709534,0.25563517212867737,0.15765956044197083,0.7911390066146851,1.4162871837615967,1.784973382949829,4.690662860870361,0.3897864818572998,0.3115164637565613,0.038794953376054764,0.008898047730326653,0.4583079516887665,0.10415136069059372,272.68548583984375,187.5856475830078,33.754486083984375,66.74441528320312,570.85107421875,0.102867990732193,0.053500011563301086,0.7572033405303955,2.5068912506103516,1.1190000772476196,0.02451571449637413,0.029999924823641777,3.000000238418579,0.5,0.11999969929456711,0.34137919545173645,-0.038619883358478546,0.6458066701889038,0.47379711270332336,0.5933149456977844,0.15107831358909607,0.4013877511024475,0.6347240209579468,0.34856683015823364,0.527778685092926,0.5464316606521606,0.4504774808883667,1.0,0.9801129102706909,0.9687350988388062,0.23156198859214783,0.2998267412185669,1.0,0.023000001907348633,0.004999999888241291,0.018000001087784767,1.119,0.6766785595223135,1.4967618050496978,0.2222412323933377,0.3970636730323876,1.1900786460405028,2.1657938177191203,0.5581365995493947,0.21838727322438323,0.12257857248187065,0.027421051636338234,222.457730727581,0.5536811351776123,0.21885737776756287,0.38525107502937317,0.09963207691907883,0.12455260753631592,0.3998699486255646,0.5711668133735657,0.7652903199195862,0.9687350988388062,0.9819999989122152,0.5300453065061256
bounding,2,action_space,0.0,3.0,0.0,0.5,0.0,0.11999999731779099,-1.0,0.3400000035762787,0.0,0.0,rough_slope_trot_robustness,rough_slope,1.5,trotting,1000,0.6651934385299683,0.6651934385299683,1.2725751399993896,0.3999393880367279,0.15538433194160461,0.36638492345809937,1.2889347076416016,0.15538433194160461,0.05054199695587158,0.281055212020874,0.1838759183883667,0.7928581237792969,1.3898124694824219,1.7586896419525146,4.525360107421875,0.36638492345809937,0.28158408403396606,0.03776164352893829,0.00840033683925867,0.45309919118881226,0.08456575870513916,274.12908935546875,187.39984130859375,33.871002197265625,66.79855346679688,564.197265625,0.10538993775844574,0.0520833395421505,0.7585052251815796,2.4609789848327637,1.121999979019165,0.02545148879289627,0.029999924823641777,3.000000238418579,0.5,0.11999969929456711,0.34148675203323364,0.0,0.6118876338005066,0.48209717869758606,0.5941685438156128,0.15459969639778137,0.3886716663837433,0.6481921672821045,0.36909592151641846,0.49862566590309143,0.554672122001648,0.45991450548171997,1.0,0.9783835411071777,0.9704587459564209,0.4766460359096527,0.5266189575195312,0.9998000264167786,0.02500000037252903,0.00800000037997961,0.017000000923871994,1.122,0.6760295793121937,1.4810083402502943,0.22481547312378564,0.4288075540243743,1.1789030789180346,2.1272893802729036,0.5306449698564626,0.21485339273140874,0.12725744396448135,0.02274218015372753,215.41289055481644,0.527394711971283,0.2612234652042389,0.3972300887107849,0.10028143972158432,0.1842770129442215,0.4040573835372925,0.5779046416282654,0.7707303762435913,0.9704587459564209,0.982999999076128,0.5348171181976795
bounding,2,action_space,0.0,3.0,0.0,0.5,0.0,0.11999999731779099,-1.0,0.3400000035762787,1.0,0.03999999910593033,rough_slope_trot_robustness,rough_slope,1.5,trotting,1000,0.6441935300827026,0.6441935300827026,1.2272080183029175,0.3745109438896179,0.13740156590938568,0.34611567854881287,1.4154307842254639,0.13740156590938568,0.0325615257024765,0.23984043300151825,0.1458573341369629,0.7564275860786438,1.1919317245483398,1.707993507385254,4.249865531921387,0.34611567854881287,0.25393712520599365,0.025553710758686066,0.005458347033709288,0.4653578996658325,0.08543097972869873,270.5067443847656,189.81961059570312,34.752769470214844,68.3241958618164,408.473876953125,0.09723740816116333,0.06133333593606949,0.771363377571106,2.46474289894104,1.136000156402588,0.02454415336251259,0.029999924823641777,3.000000238418579,0.5,0.11999969929456711,0.34137898683547974,0.03862002491950989,0.6633856296539307,0.4998501241207123,0.6576133370399475,0.1570681929588318,0.4103943109512329,0.6632527112960815,0.3414781093597412,0.5533347129821777,0.5501447319984436,0.4498390555381775,1.0,0.9801128506660461,0.9687350988388062,0.23156005144119263,0.2998136281967163,1.0,0.023000001907348633,0.0020000000949949026,0.021000001579523087,1.136,0.6790170266594685,1.4729792423516999,0.18044812468539678,0.38191273104855106,1.0917562569311612,2.061520199251365,0.503921745121198,0.17610240711698222,0.12272076681256294,0.027278857305645943,220.42452489745318,0.5706188678741455,0.3018091022968292,0.537814736366272,0.1266077756881714,0.18111562728881836,0.3942714035511017,0.5813414454460144,0.7358958721160889,0.9687350988388062,0.9789999984204769,0.5743300834376561
bounding,2,action_space,0.0,3.0,0.0,0.5,0.0,0.11999999731779099,0.0,0.3799999952316284,-1.0,-0.03999999910593033,rough_slope_trot_robustness,rough_slope,1.5,trotting,1000,0.6567671895027161,0.6567671895027161,1.2347204685211182,0.43414396047592163,0.13441799581050873,0.3776565194129944,1.421400547027588,0.13441799581050873,0.03815244138240814,0.2815326750278473,0.1796974390745163,0.7678159475326538,1.334455966949463,1.8957690000534058,5.304864883422852,0.3776565194129944,0.298092246055603,0.04915478080511093,0.007325718645006418,0.45690757036209106,0.08548387885093689,268.99176025390625,183.75888061523438,32.836524963378906,64.56913757324219,474.7392883300781,0.10812492668628693,0.047166671603918076,0.7620540857315063,2.576422691345215,1.0910000801086426,0.024694398045539856,0.029999924823641777,3.000000238418579,0.5,0.11999969929456711,0.3800007998943329,-0.038512974977493286,0.591739296913147,0.47824472188949585,0.5443301796913147,0.147140234708786,0.40255507826805115,0.6394540071487427,0.3577542304992676,0.4897259771823883,0.5521349310874939,0.4471893906593323,1.0,0.9783835411071777,0.9704588651657104,0.4766356348991394,0.5265495777130127,0.9996000528335571,0.02500000037252903,0.004000000189989805,0.021000001579523087,1.091,0.6984913071615777,1.5367249936251801,0.19532649943724517,0.42390734727593044,1.1551865507135473,2.303229229456515,0.5459782468703337,0.23765626322509859,0.12347199022769928,0.026527633890509605,217.85640321982362,0.4705166816711426,0.24020934104919434,0.32315927743911743,0.11253967881202698,0.18092411756515503,0.4009914696216583,0.5541161894798279,0.7899122834205627,0.9704588651657104,0.9789999984204769,0.5049582757055759
bounding,2,action_space,0.0,3.0,0.0,0.5,0.0,0.11999999731779099,0.0,0.3799999952316284,0.0,0.0,rough_slope_trot_robustness,rough_slope,1.5,trotting,1000,0.744964063167572,0.744964063167572,1.2328526973724365,0.3873540461063385,0.12406081706285477,0.34774500131607056,1.5061060190200806,0.12406081706285477,0.028485581278800964,0.272396445274353,0.18418903648853302,0.6773529052734375,0.9527993202209473,1.8325796127319336,4.7809367179870605,0.34774500131607056,0.26355549693107605,0.03211001306772232,0.005388990044593811,0.4615463614463806,0.08566555380821228,264.69622802734375,181.50534057617188,33.425697326660156,64.1003189086914,472.4451599121094,0.10225069522857666,0.05633334070444107,0.8318021297454834,2.766003131866455,1.127000093460083,0.02465706691145897,0.029999924823641777,3.000000238418579,0.5,0.11999969929456711,0.3800007998943329,0.0,0.642551839351654,0.51188063621521,0.6226553916931152,0.14274197816848755,0.4225657880306244,0.6704977750778198,0.3483314514160156,0.5115945935249329,0.5570028424263,0.45066821575164795,1.0,0.9775189161300659,0.9743054509162903,1.0,1.0,0.9995999932289124,0.026000000536441803,0.004000000189989805,0.02199999988079071,1.127,0.7380675457173358,1.5666225008150156,0.1687767201920957,0.42917250201816637,0.976114399146405,2.1865353228308617,0.5133765644544714,0.19364659334033257,0.12328533455729485,0.02671428956091404,214.7022337636017,0.5487169027328491,0.29841628670692444,0.4723759591579437,0.12545381486415863,0.18026791512966156,0.39728844165802,0.5414110422134399,0.7545251250267029,0.9743054509162903,0.9780000001192093,0.5531040594766015
bounding,2,action_space,0.0,3.0,0.0,0.5,0.0,0.11999999731779099,0.0,0.3799999952316284,1.0,0.03999999910593033,rough_slope_trot_robustness,rough_slope,1.5,trotting,1000,0.6784111261367798,0.6784111261367798,1.2715535163879395,0.35952267050743103,0.13655097782611847,0.31957077980041504,1.5274698734283447,0.13655097782611847,0.033627159893512726,0.2744410037994385,0.1865130066871643,0.707146167755127,1.0308762788772583,1.7882599830627441,4.727927207946777,0.31957077980041504,0.197229266166687,0.029451951384544373,0.004784225486218929,0.4532991051673889,0.09446097910404205,270.7567138671875,186.23135375976562,33.98512649536133,66.29054260253906,382.37689208984375,0.10183495283126831,0.05908333510160446,0.7209817171096802,2.235816478729248,1.1260000467300415,0.0254310704767704,0.029999924823641777,3.000000238418579,0.5,0.11999969929456711,0.3800007998943329,0.038443420082330704,0.6682155132293701,0.5267019271850586,0.6475476026535034,0.1487809717655182,0.4141402244567871,0.6925550699234009,0.3237576484680176,0.5150080919265747,0.5616433620452881,0.4555901288986206,1.0,0.9775188565254211,0.9692515134811401,0.4779139757156372,0.530778169631958,1.0,0.026000000536441803,0.004000000189989805,0.02199999988079071,1.126,0.6403034542212478,1.4091229041549957,0.1833770975163276,0.43187151641103205,1.0153207763447265,2.174379729473851,0.4441050170474175,0.18503020529298264,0.127155352383852,0.02284427173435688,212.93379348776233,0.596291184425354,0.3601427674293518,0.5042296051979065,0.11080169677734375,0.15118975937366486,0.40389585494995117,0.6087139248847961,0.7442213892936707,0.9692515134811401,0.9780000001192093,0.5697179762156387
bounding,2,action_space,0.0,3.0,0.0,0.5,0.0,0.11999999731779099,1.0,0.3799999952316284,-1.0,-0.03999999910593033,rough_slope_trot_robustness,rough_slope,1.5,trotting,1000,0.6387686729431152,0.6387686729431152,1.2823889255523682,0.37326163053512573,0.1271773725748062,0.3160583972930908,1.5000381469726562,0.1271773725748062,0.030825357884168625,0.26975345611572266,0.17512887716293335,0.688792884349823,0.9506747722625732,1.7804508209228516,4.6823039054870605,0.3160583972930908,0.1895257532596588,0.03624239191412926,0.004447453655302525,0.4560503363609314,0.0780356377363205,266.3831787109375,178.91815185546875,33.767051696777344,65.60580444335938,506.5585021972656,0.10201908648014069,0.058666668832302094,0.7704560160636902,2.606419086456299,1.1340000629425049,0.02564777433872223,0.029999924823641777,3.000000238418579,0.5,0.11999969929456711,0.3800007998943329,-0.038412753492593765,0.6505326628684998,0.5251219272613525,0.6089997291564941,0.15154734253883362,0.42327114939689636,0.6840605735778809,0.339376837015152,0.5189136266708374,0.546417236328125,0.4470086097717285,1.0,0.9766541719436646,0.9634183645248413,0.2361462414264679,0.3121311664581299,0.9994000196456909,0.027000000700354576,0.004999999888241291,0.02199999988079071,1.134,0.6794144564835483,1.5160571905563054,0.17557151786143624,0.4184840225897918,0.97502552390313,2.163863190104,0.43534555615012177,0.2017172416265694,0.12823887169361115,0.02176075242459774,207.72417275531078,0.5727551579475403,0.36827361583709717,0.4431721568107605,0.12044703215360641,0.20998632907867432,0.40167954564094543,0.5629258751869202,0.7457734942436218,0.9634183645248413,0.9780000001192093,0.557832159494099
bounding,2,action_space,0.0,3.0,0.0,0.5,0.0,0.11999999731779099,1.0,0.3799999952316284,0.0,0.0,rough_slope_trot_robustness,rough_slope,1.5,trotting,1000,0.6568948030471802,0.6568948030471802,1.1926603317260742,0.4646300673484802,0.17886127531528473,0.41630077362060547,1.3536651134490967,0.17886127531528473,0.06996503472328186,0.3208615779876709,0.24732492864131927,0.9626132249832153,2.9732284545898438,1.8223204612731934,5.0025634765625,0.41630077362060547,0.43235623836517334,0.05356635898351669,0.01605236902832985,0.4962976574897766,0.1128498911857605,303.3615417480469,210.60787963867188,32.44035339355469,64.50932312011719,560.1859741210938,0.11486434191465378,0.05566667392849922,0.8183983564376831,2.7901113033294678,1.0910000801086426,0.02385321632027626,0.029999924823641777,3.000000238418579,0.5,0.11999969929456711,0.3800007998943329,0.0,0.5833699107170105,0.48167258501052856,0.565441370010376,0.1458691656589508,0.37939998507499695,0.6339343786239624,0.3452886939048767,0.4715760052204132,0.5609482526779175,0.43636417388916016,1.0,0.9749249219894409,0.965843141078949,0.4801219701766968,0.533679187297821,0.9986000061035156,0.029000001028180122,0.007000000216066837,0.02199999988079071,1.091,0.7501359444818401,1.5991837640683257,0.2645090446908798,0.49731773409091223,1.7243052092335172,2.236641114833245,0.6575380128670687,0.26385361095093346,0.1192660816013813,0.030733542516827583,254.35703165293322,0.42167332768440247,0.17674215137958527,0.2484845668077469,0.06373853981494904,0.10466423630714417,0.37061357498168945,0.5276367664337158,0.7570444345474243,0.965843141078949,0.9780000001192093,0.4614753015339375
bounding,2,action_space,0.0,3.0,0.0,0.5,0.0,0.11999999731779099,1.0,0.3799999952316284,1.0,0.03999999910593033,rough_slope_trot_robustness,rough_slope,1.5,trotting,1000,0.6564235091209412,0.6564235091209412,1.2807257175445557,0.3360646963119507,0.11870074272155762,0.3029981851577759,1.400324821472168,0.11870074272155762,0.02405466139316559,0.25941407680511475,0.17566882073879242,0.6640715599060059,0.9064807295799255,1.8124806880950928,4.79580545425415,0.3029981851577759,0.17269210517406464,0.02222404256463051,0.004258214961737394,0.44154149293899536,0.0950496718287468,255.87164306640625,172.6400146484375,34.154380798339844,65.91009521484375,493.6540832519531,0.09872005879878998,0.056000005453825,0.7945642471313477,2.590303421020508,1.1380000114440918,0.025614507496356964,0.029999924823641777,3.000000238418579,0.5,0.11999969929456711,0.3800007998943329,0.038460731506347656,0.7009045481681824,0.5357896685600281,0.672971248626709,0.14668165147304535,0.4423639178276062,0.7002733945846558,0.3736814856529236,0.5369753837585449,0.5472023487091064,0.4527400732040405,1.0,0.9775189161300659,0.9647269248962402,0.2350691556930542,0.3096303939819336,0.9996000528335571,0.026000000536441803,0.004999999888241291,0.021000001579523087,1.138,0.6982110799511204,1.508704452038078,0.15509565239930354,0.41912864461736854,0.9520928156329747,2.1899327510803044,0.41556239624641766,0.16273370126180964,0.12807253748178482,0.021927086636424065,199.78644885570876,0.6365082263946533,0.39928531646728516,0.5888139009475708,0.15237389504909515,0.1494200974702835,0.4135061204433441,0.5660644769668579,0.75578373670578,0.9647269248962402,0.9789999984204769,0.5975377773375887
bounding,2,action_space,0.0,3.0,0.0,0.5,1.0,0.11999999731779099,-1.0,0.3400000035762787,-1.0,-0.03999999910593033,rough_slope_trot_robustness,rough_slope,1.5,trotting,1000,0.6157030463218689,0.6157030463218689,1.266294002532959,0.4043358564376831,0.14727206528186798,0.3464658856391907,1.2994985580444336,0.14727206528186798,0.048307813704013824,0.2824366092681885,0.17877769470214844,0.732947587966919,1.0993715524673462,1.7730188369750977,4.7470011711120605,0.3464658856391907,0.23964664340019226,0.04614872485399246,0.007042253855615854,0.4568150043487549,0.12576821446418762,269.4385070800781,183.0818634033203,33.404640197753906,65.70796203613281,296.2725524902344,0.10513067245483398,0.05566667020320892,0.7459926009178162,2.561361789703369,1.1070001125335693,0.025325872004032135,0.029999924823641777,3.000000238418579,0.5,0.11999969929456711,0.34143948554992676,-0.03855970501899719,0.6159263849258423,0.5082437992095947,0.5637584924697876,0.14763332903385162,0.4127613306045532,0.6680963039398193,0.3870154619216919,0.4868288040161133,0.5429304838180542,0.4498142600059509,1.0,0.9792481660842896,0.963512659072876,0.11895272135734558,0.20014110207557678,1.0,0.024000000208616257,0.004000000189989805,0.020000001415610313,1.107,0.6738866790523373,1.5211135476389863,0.21979038583162328,0.4228211143050314,1.0485092047604285,2.178761384620184,0.4895371726439089,0.2306316949372057,0.12662936002016068,0.02337026409804821,212.77721172265063,0.5199878215789795,0.3010779619216919,0.34513503313064575,0.10376206785440445,0.08083347231149673,0.4010657072067261,0.5607687830924988,0.7570444345474243,0.963512659072876,0.9799999985843897,0.5076194926116028
bounding,2,action_space,0.0,3.0,0.0,0.5,1.0,0.11999999731779099,-1.0,0.3400000035762787,0.0,0.0,rough_slope_trot_robustness,rough_slope,1.5,trotting,1000,0.6329197883605957,0.6329197883605957,1.2513097524642944,0.3853904604911804,0.1455189287662506,0.398975133895874,1.542022943496704,0.1455189287662506,0.04331080615520477,0.2706654667854309,0.18267720937728882,0.8144710063934326,1.9832342863082886,1.7632114887237549,4.512479782104492,0.398975133895874,0.3436955213546753,0.04110138118267059,0.009876112453639507,0.46654847264289856,0.1136847585439682,278.7104187011719,193.04962158203125,33.53898620605469,65.53488159179688,608.3253784179688,0.10478830337524414,0.054833345115184784,0.7832344770431519,2.572418689727783,1.1050000190734863,0.02502620592713356,0.029999924823641777,3.000000238418579,0.5,0.11999969929456711,0.3414914011955261,0.0,0.6417886018753052,0.476939857006073,0.6015744209289551,0.15396106243133545,0.40406620502471924,0.6331617832183838,0.3199099600315094,0.5219656825065613,0.5530872941017151,0.44791555404663086,1.0,0.9783835411071777,0.966035008430481,0.2340071201324463,0.30723392963409424,0.9995999932289124,0.02500000037252903,0.006000000052154064,0.01900000125169754,1.105,0.7088094996111425,1.5257721733740004,0.20811248438093466,0.42740754482962606,1.4082735126062298,2.1242598198206575,0.5862555085921797,0.22578196038725082,0.1251310296356678,0.024868594482541084,222.734952838246,0.5520574450492859,0.20355652272701263,0.3607572913169861,0.089973583817482,0.10293111950159073,0.39333370327949524,0.5587823987007141,0.7602053284645081,0.966035008430481,0.9809999987483025,0.5198869107193069
bounding,2,action_space,0.0,3.0,0.0,0.5,1.0,0.11999999731779099,-1.0,0.3400000035762787,1.0,0.03999999910593033,rough_slope_trot_robustness,rough_slope,1.5,trotting,1000,0.6059654951095581,0.6059654951095581,1.1875406503677368,0.46865731477737427,0.16575956344604492,0.425130158662796,1.6459380388259888,0.16575956344604492,0.062251899391412735,0.28977644443511963,0.1875346153974533,0.9068147540092468,2.542240619659424,1.7570674419403076,4.5637640953063965,0.425130158662796,0.5272358655929565,0.04568003490567207,0.02685575559735298,0.4987773001194,0.09499125182628632,311.709228515625,220.81283569335938,32.013587951660156,64.08028411865234,568.6842041015625,0.11289148032665253,0.057499997317790985,0.7436823844909668,2.4444737434387207,1.058000087738037,0.023750822991132736,0.029999924823641777,3.000000238418579,0.5,0.11999969929456711,0.34142786264419556,0.0385713055729866,0.5929648280143738,0.4782519042491913,0.5774787664413452,0.15165160596370697,0.3878386616706848,0.6345963478088379,0.28717923164367676,0.4812934100627899,0.5616648197174072,0.4384331703186035,1.0,0.9792481660842896,0.9635876417160034,0.1188034638762474,0.1984262317419052,0.9994000196456909,0.024000000208616257,0.004000000189989805,0.020000001415610313,1.058,0.7029133383853674,1.5200218984134497,0.24950330537171794,0.4330526704656759,1.5944405350026145,2.1362968181660515,0.7261100919233643,0.2693246934520209,0.11875411495566368,0.031245509162545204,262.4829966191897,0.41538116335868835,0.16408734023571014,0.23440244793891907,0.055521998554468155,0.14959478378295898,0.3687801659107208,0.5612344145774841,0.7501365542411804,0.9635876417160034,0.9799999985843897,0.46498938855764116
bounding,2,action_space,0.0,3.0,0.0,0.5,1.0,0.11999999731779099,0.0,0.3799999952316284,-1.0,-0.03999999910593033,rough_slope_trot_robustness,rough_slope,1.5,trotting,1000,0.6256428956985474,0.6256428956985474,1.140838861465454,0.47529110312461853,0.15883998572826385,0.41137611865997314,1.577881932258606,0.15883998572826385,0.060440462082624435,0.28525054454803467,0.19001293182373047,0.9340239763259888,3.1199796199798584,1.7821037769317627,4.738682746887207,0.41137611865997314,0.39809486269950867,0.045824844390153885,0.022725369781255722,0.5450357794761658,0.10618267953395844,350.51446533203125,257.7952880859375,31.6766300201416,61.560340881347656,466.5033264160156,0.11537052690982819,0.05308333784341812,0.8114676475524902,2.8270981311798096,1.040000081062317,0.02281677909195423,0.029999924823641777,3.000000238418579,0.5,0.11999969929456711,0.3800007998943329,-0.03862149268388748,0.5985512733459473,0.4877006411552429,0.5616042613983154,0.1572282910346985,0.39804917573928833,0.6425253748893738,0.3221845030784607,0.4953356981277466,0.573276162147522,0.4218769073486328,1.0,0.9801129102706909,0.968735933303833,0.23153595626354218,0.29964131116867065,0.9998000264167786,0.023000001907348633,0.004000000189989805,0.01900000125169754,1.04,0.7802573570838341,1.648746069141885,0.2458464197067438,0.4359047279208273,1.766346404298958,2.176851567490812,0.6309475910878087,0.2618209582356035,0.11408389545977116,0.03591572865843773,307.2427466941134,0.4051060080528259,0.18409505486488342,0.25385189056396484,0.06162478029727936,0.11959387362003326,0.33619242906570435,0.5068243145942688,0.7668863534927368,0.968735933303833,0.9809999987483025,0.45977296092008285
bounding,2,action_space,0.0,3.0,0.0,0.5,1.0,0.11999999731779099,0.0,0.3799999952316284,0.0,0.0,rough_slope_trot_robustness,rough_slope,1.5,trotting,1000,0.6707545518875122,0.6707545518875122,1.2582578659057617,0.39082276821136475,0.14124268293380737,0.33694252371788025,1.3300981521606445,0.14124268293380737,0.03806563466787338,0.2847875952720642,0.18589577078819275,0.6733846068382263,0.9005767107009888,1.8195197582244873,4.889176368713379,0.33694252371788025,0.22962062060832977,0.039338618516922,0.0050298795104026794,0.45186761021614075,0.09734812378883362,262.3064880371094,176.4698028564453,33.971832275390625,66.62150573730469,659.4962768554688,0.10609021782875061,0.047833338379859924,0.8053715229034424,2.725051164627075,1.1100001335144043,0.025165162980556488,0.029999924823641777,3.000000238418579,0.5,0.11999969929456711,0.3800007998943329,0.0,0.6323405504226685,0.511113166809082,0.5974811315536499,0.14526891708374023,0.42425817251205444,0.673308789730072,0.368142694234848,0.47928380966186523,0.5498588681221008,0.4508879780769348,1.0,0.9783835411071777,0.9705036878585815,0.4764735698699951,0.5259996056556702,0.9998000264167786,0.02500000037252903,0.0060000005178153515,0.01900000125169754,1.11,0.7255598738386825,1.566844256387768,0.1951041636354114,0.4311563182746981,0.9489872026012726,2.211148201435937,0.4791874587343974,0.21063831092022334,0.12582581490278244,0.024173809215426445,208.46798986492888,0.5428242087364197,0.3213248550891876,0.41173720359802246,0.12351275235414505,0.14270688593387604,0.40505385398864746,0.5413169860839844,0.7872836589813232,0.9705036878585815,0.9809999987483025,0.5353769683524183
bounding,2,action_space,0.0,3.0,0.0,0.5,1.0,0.11999999731779099,0.0,0.3799999952316284,1.0,0.03999999910593033,rough_slope_trot_robustness,rough_slope,1.5,trotting,1000,0.6272076368331909,0.6272076368331909,1.215077519416809,0.4377736747264862,0.15318238735198975,0.3835364580154419,1.5233486890792847,0.15318238735198975,0.04575643688440323,0.29899442195892334,0.1982254683971405,0.8532007932662964,2.239410400390625,1.856172800064087,5.070981979370117,0.3835364580154419,0.32308274507522583,0.04977516084909439,0.019001463428139687,0.49900466203689575,0.11063255369663239,317.2299499511719,227.68597412109375,32.116172790527344,63.23731994628906,472.2543640136719,0.11279116570949554,0.04283333569765091,0.7020285725593567,2.351231336593628,1.065000057220459,0.024301553145051003,0.029999924823641777,3.000000238418579,0.5,0.11999969929456711,0.3800007998943329,0.03846045210957527,0.6065594553947449,0.4812002182006836,0.5805138945579529,0.14464029669761658,0.39642056822776794,0.6457897424697876,0.3179815709590912,0.4736534357070923,0.5619977712631226,0.43783169984817505,1.0,0.9775189161300659,0.9647173881530762,0.2350774109363556,0.3097771108150482,0.999000072479248,0.026000000536441803,0.003000000026077032,0.023000001907348633,1.065,0.6591817506602112,1.4858428003632926,0.21390754284130148,0.4452251884127183,1.4964659703416663,2.2518840954565396,0.5684036814405989,0.2622529776327317,0.12150776572525501,0.028491858392953873,261.077951720669,0.46459782123565674,0.2296951860189438,0.2527049779891968,0.08729365468025208,0.10941021889448166,0.36861249804496765,0.5758361220359802,0.8072138428688049,0.9647173881530762,0.9769999980926514,0.47848641382236234
bounding,2,action_space,0.0,3.0,0.0,0.5,1.0,0.11999999731779099,1.0,0.3799999952316284,-1.0,-0.03999999910593033,rough_slope_trot_robustness,rough_slope,1.5,trotting,1000,0.6003601551055908,0.6003601551055908,1.1999887228012085,0.44928479194641113,0.16503112018108368,0.41702520847320557,1.6069180965423584,0.16503112018108368,0.06386669725179672,0.2852247953414917,0.18306244909763336,0.8345198631286621,1.8015186786651611,1.8637616634368896,5.133242130279541,0.41702520847320557,0.4482821226119995,0.05797060579061508,0.01564677618443966,0.48652008175849915,0.12039349228143692,284.6535339355469,198.01522827148438,32.690284729003906,64.41752624511719,602.6578369140625,0.11107318848371506,0.052250005304813385,0.7892916798591614,2.703354835510254,1.0820000171661377,0.02399977669119835,0.029999924823641777,3.000000238418579,0.5,0.11999969929456711,0.3800007998943329,-0.03866708278656006,0.5888007283210754,0.48267191648483276,0.5402494072914124,0.1448994129896164,0.38705265522003174,0.6362760066986084,0.2993358075618744,0.4843747615814209,0.5497266054153442,0.43676504492759705,1.0,0.9809775352478027,0.9664769172668457,0.1167609840631485,0.19283123314380646,0.9998000264167786,0.02200000174343586,0.007000000216066837,0.015000000596046448,1.082,0.7294747005328673,1.5806578370903601,0.2527186127925617,0.4278579777188143,1.3422066452916857,2.26566593527809,0.6695387386940351,0.27132523283884735,0.11999888345599174,0.03000074066221714,237.21350753285614,0.4460040330886841,0.17567840218544006,0.2293863445520401,0.0558965802192688,0.09000682085752487,0.3779323101043701,0.5354650020599365,0.7700883746147156,0.9664769172668457,0.9849999994039536,0.4630714949024351
bounding,2,action_space,0.0,3.0,0.0,0.5,1.0,0.11999999731779099,1.0,0.3799999952316284,0.0,0.0,rough_slope_trot_robustness,rough_slope,1.5,trotting,1000,0.6001778841018677,0.6001778841018677,1.0076322555541992,0.6115816235542297,0.19134986400604248,0.5561120510101318,1.3930742740631104,0.19134986400604248,0.07703608274459839,0.30069833993911743,0.2100813090801239,1.257897138595581,4.574309349060059,1.8089752197265625,4.81911563873291,0.5561120510101318,0.7194712162017822,0.06435903906822205,0.048020295798778534,0.6303094625473022,0.12760619819164276,417.97943115234375,313.2545166015625,30.115816116333008,61.17240905761719,732.2540283203125,0.13057079911231995,0.04516667500138283,0.6648540496826172,2.230759859085083,0.9650000333786011,0.020152639597654343,0.029999924823641777,3.000000238418579,0.5,0.11999969929456711,0.3800007998943329,0.0,0.48878154158592224,0.39638590812683105,0.5079801082611084,0.15283861756324768,0.3293297290802002,0.5393521785736084,0.3292691707611084,0.4869590997695923,0.5772857666015625,0.38384339213371277,1.0,0.9801129102706909,0.9687930345535278,0.23125764727592468,0.2973673343658447,0.9989999532699585,0.023000001907348633,0.005000000353902578,0.018000001087784767,0.965,0.6889678796955958,1.5204170976764027,0.2775537474879386,0.4583462763895043,2.1387635093810764,2.195248423011143,0.8482164913521678,0.33523027140608974,0.10076319798827171,0.04923642612993717,414.8134687515084,0.22399573028087616,0.045383527874946594,0.10565388947725296,0.05319473147392273,0.07791599631309509,0.2834785282611847,0.5610658526420593,0.797851026058197,0.9687930345535278,0.9819999989122152,0.38508919136304604
bounding,2,action_space,0.0,3.0,0.0,0.5,1.0,0.11999999731779099,1.0,0.3799999952316284,1.0,0.03999999910593033,rough_slope_trot_robustness,rough_slope,1.5,trotting,1000,0.6232514381408691,0.6232514381408691,1.2674224376678467,0.3764241337776184,0.1330040693283081,0.31987464427948,1.4682188034057617,0.1330040693283081,0.030657000839710236,0.28167498111724854,0.190664604306221,0.7350872755050659,1.012113094329834,1.8247275352478027,4.729852676391602,0.31987464427948,0.1923450529575348,0.03187372535467148,0.005032192915678024,0.45269453525543213,0.0977795422077179,255.85714721679688,169.63330078125,33.54523468017578,65.71463012695312,259.8908996582031,0.10270950198173523,0.05633334070444107,0.7547656893730164,2.5209169387817383,1.126000165939331,0.025348450988531113,0.029999924823641777,3.000000238418579,0.5,0.11999969929456711,0.3800007998943329,0.038454119116067886,0.6407839059829712,0.5146046876907349,0.6211978197097778,0.1467469036579132,0.40562641620635986,0.6750044822692871,0.35036325454711914,0.5031574964523315,0.5507933497428894,0.4510437250137329,1.0,0.9775189161300659,0.9605488181114197,0.12112490832805634,0.20731498301029205,0.9998000264167786,0.026000000536441803,0.009999999776482582,0.01600000075995922,1.126,0.6703069493783304,1.4962703757899827,0.17509140709843599,0.43665158227838935,1.0060383165316489,2.174822447095763,0.43857160527961087,0.19210913114776587,0.12674225494265556,0.023257369175553322,201.87203541038252,0.5673490762710571,0.35944363474845886,0.4780125319957733,0.12476056069135666,0.14148086309432983,0.4043845236301422,0.5713768601417542,0.7545251250267029,0.9605488181114197,0.9839999992400408,0.5570032730894655
bounding,2,action_space,1.0,3.4000000953674316,0.0,0.5,-1.0,0.08999999612569809,-1.0,0.3400000035762787,-1.0,-0.03999999910593033,rough_slope_trot_robustness,rough_slope,1.5,trotting,1000,0.606825053691864,0.606825053691864,1.2101742029190063,0.4127659499645233,0.14119510352611542,0.38616830110549927,1.5450513362884521,0.14119510352611542,0.037546440958976746,0.2429446578025818,0.1492970585823059,0.7820264101028442,1.1472421884536743,1.6124731302261353,3.8587236404418945,0.38616830110549927,0.3213631808757782,0.03176584467291832,0.00598748866468668,0.4671855568885803,0.12023268640041351,255.87432861328125,170.29464721679688,34.628753662109375,67.83602142333984,468.6038513183594,0.08796609938144684,0.07566666603088379,0.8252271413803101,2.60086989402771,1.2510000467300415,0.024203479290008545,0.029999924823641777,3.3857412338256836,0.5,0.09107007831335068,0.34142589569091797,-0.038573235273361206,0.6380726099014282,0.4730008542537689,0.6180732250213623,0.1616217941045761,0.3807188868522644,0.6363548040390015,0.3287530541419983,0.5557245016098022,0.5303171873092651,0.44638940691947937,0.6383760571479797,0.9792481660842896,0.9600839614868164,0.06446889787912369,0.1485353410243988,1.0,0.024000000208616257,0.006000000052154064,0.018000001087784767,1.251,0.6596539662801009,1.4418850429709318,0.19376904024889205,0.3863897754629461,1.0710939213970334,1.9643634186274939,0.5668890375336061,0.19430217018243776,0.12101739645004272,0.02898222766816616,211.435946986887,0.5058561563491821,0.2250889539718628,0.46997925639152527,0.10066267102956772,0.09029675275087357,0.39283284544944763,0.5946643948554993,0.6850021481513977,0.9600839614868164,0.9819999989122152,0.5325880330055953
bounding,2,action_space,1.0,3.4000000953674316,0.0,0.5,-1.0,0.08999999612569809,-1.0,0.3400000035762787,0.0,0.0,rough_slope_trot_robustness,rough_slope,1.5,trotting,1000,0.6199167966842651,0.6199167966842651,1.268736720085144,0.3539813160896301,0.12920847535133362,0.34759628772735596,1.7153741121292114,0.12920847535133362,0.031116686761379242,0.2503717839717865,0.16207368671894073,0.7823212742805481,1.137988805770874,1.6314914226531982,3.8781652450561523,0.34759628772735596,0.23481357097625732,0.029835624620318413,0.005544745363295078,0.44876474142074585,0.10158389806747437,251.31607055664062,164.41607666015625,34.15838623046875,66.15875244140625,552.8951416015625,0.08760009706020355,0.0729166716337204,0.9269898533821106,3.0397772789001465,1.2599999904632568,0.02537473291158676,0.029999924823641777,3.3857240676879883,0.5,0.09107139706611633,0.34142762422561646,0.0,0.6697782278060913,0.4968339204788208,0.6509784460067749,0.16295841336250305,0.37944990396499634,0.6595641374588013,0.2859918475151062,0.5494265556335449,0.5389624834060669,0.4584393799304962,0.6383926868438721,0.9792481660842896,0.9635499715805054,0.11881379783153534,0.19874992966651917,0.9998000264167786,0.024000000208616257,0.007000000216066837,0.017000000923871994,1.26,0.7357061961340525,1.553229380235414,0.1763992255124133,0.4025837636057132,1.0667655814521173,1.969305777439388,0.48457566073447944,0.18809670380847585,0.1268736645579338,0.023125959560275078,198.08370529369952,0.6057965159416199,0.2987250089645386,0.49282193183898926,0.09654869884252548,0.13111533224582672,0.4075753390789032,0.547096312046051,0.6944859027862549,0.9635499715805054,0.982999999076128,0.5628380357827012
bounding,2,action_space,1.0,3.4000000953674316,0.0,0.5,-1.0,0.08999999612569809,-1.0,0.3400000035762787,1.0,0.03999999910593033,rough_slope_trot_robustness,rough_slope,1.5,trotting,1000,0.615198016166687,0.615198016166687,1.2391045093536377,0.3941882848739624,0.14552807807922363,0.36612778902053833,1.267486810684204,0.14552807807922363,0.0378333181142807,0.2590671181678772,0.1578841656446457,0.8026595115661621,1.3221341371536255,1.6093664169311523,3.8425230979919434,0.36612778902053833,0.26610299944877625,0.02976074442267418,0.006294658407568932,0.45328468084335327,0.1126457005739212,254.59483337402344,169.36468505859375,33.12390899658203,64.8179931640625,369.7183532714844,0.09118607640266418,0.061750009655952454,0.7147334218025208,2.1353952884674072,1.2310000658035278,0.0247820895165205,0.029999924823641777,3.3855810165405273,0.5,0.09108205884695053,0.3414419889450073,0.03855724632740021,0.6365174055099487,0.4882194399833679,0.6490776538848877,0.16350620985031128,0.37694650888442993,0.6477738618850708,0.3700532615184784,0.523045539855957,0.5389220118522644,0.4572603106498718,0.6385259628295898,0.9792482256889343,0.9599778056144714,0.06459526717662811,0.15039795637130737,1.0,0.024000000208616257,0.003000000026077032,0.021000001579523087,1.231,0.5806120214764419,1.3170738014994305,0.1945078870233305,0.39734640509843006,1.149840918194176,1.9602354700371951,0.5158517223473973,0.1898826027582388,0.1239104475826025,0.026089176535606384,205.46679594187694,0.5371178984642029,0.26171591877937317,0.48621320724487305,0.13210566341876984,0.10509254038333893,0.40390750765800476,0.6481255292892456,0.7343643307685852,0.9599778056144714,0.9789999984204769,0.5511805079877377
bounding,2,action_space,1.0,3.4000000953674316,0.0,0.5,-1.0,0.08999999612569809,0.0,0.3799999952316284,-1.0,-0.03999999910593033,rough_slope_trot_robustness,rough_slope,1.5,trotting,1000,0.6076821684837341,0.6076821684837341,1.2312355041503906,0.3948155641555786,0.1413743495941162,0.40162205696105957,1.7225967645645142,0.1413743495941162,0.03643793612718582,0.2499098777770996,0.15726763010025024,0.8124486207962036,1.5156750679016113,1.7439053058624268,4.4218525886535645,0.40162205696105957,0.30998215079307556,0.04138986021280289,0.005690911319106817,0.4720754027366638,0.10031608492136002,260.1683349609375,174.94345092773438,33.538658142089844,64.68682098388672,489.4751281738281,0.09184298664331436,0.05925000458955765,0.9471226334571838,3.056877851486206,1.252000093460083,0.024624716490507126,0.029999924823641777,3.3867998123168945,0.5,0.09099072217941284,0.3800007998943329,-0.03867901861667633,0.6311721801757812,0.44547826051712036,0.6003718376159668,0.1506931632757187,0.37771549820899963,0.6123331785202026,0.29039886593818665,0.5435049533843994,0.5364385843276978,0.44159382581710815,0.6373841762542725,0.9809775352478027,0.9665527939796448,0.11660752445459366,0.19107899069786072,1.0,0.02200000174343586,0.006000000052154064,0.01600000075995922,1.252,0.7564876666084265,1.5625605893803685,0.19088723406028446,0.39656983004289453,1.2311275595573399,2.1028201512857834,0.5567604069912618,0.21698103956776893,0.12312358245253563,0.026876041665673256,211.30671921328786,0.5360556244850159,0.1992882937192917,0.38999733328819275,0.08617670089006424,0.13448244333267212,0.3890097737312317,0.5431341528892517,0.7436015009880066,0.9665527939796448,0.9839999992400408,0.5253798688124669
bounding,2,action_space,1.0,3.4000000953674316,0.0,0.5,-1.0,0.08999999612569809,0.0,0.3799999952316284,0.0,0.0,rough_slope_trot_robustness,rough_slope,1.5,trotting,1000,0.6313084363937378,0.6313084363937378,1.267017126083374,0.3848273754119873,0.1497674584388733,0.3713880777359009,1.6358232498168945,0.1497674584388733,0.040318384766578674,0.2581340968608856,0.1709507405757904,0.7643218040466309,1.2171157598495483,1.6711506843566895,4.06337308883667,0.3713880777359009,0.28865593671798706,0.032584793865680695,0.006780607625842094,0.46252894401550293,0.08398208022117615,260.10845947265625,173.67584228515625,32.962249755859375,64.79840087890625,497.4422912597656,0.0935487151145935,0.05308334529399872,0.809186577796936,2.606598377227783,1.252000093460083,0.025340337306261063,0.029999924823641777,3.385582447052002,0.5,0.09108193218708038,0.3800007998943329,0.0,0.6439992189407349,0.48362818360328674,0.6284270882606506,0.15987306833267212,0.39597564935684204,0.6470551490783691,0.2908879518508911,0.5364700555801392,0.5353511571884155,0.450555682182312,0.6385244727134705,0.9792482256889343,0.9673733115196228,0.23289290070533752,0.30439096689224243,0.9998000264167786,0.024000000208616257,0.003000000026077032,0.021000001579523087,1.252,0.646315163316818,1.4428954916366408,0.20079438430040486,0.4134618973687786,1.103229694963632,2.015781012123259,0.5372670999772712,0.1984071608877129,0.1267016865313053,0.023297937586903572,205.29198391872427,0.553015947341919,0.2517569661140442,0.4550681710243225,0.08697009831666946,0.18644078075885773,0.39650845527648926,0.5942311882972717,0.766886293888092,0.9673733115196228,0.9789999984204769,0.5512057121254896
bounding,2,action_space,1.0,3.4000000953674316,0.0,0.5,-1.0,0.08999999612569809,0.0,0.3799999952316284,1.0,0.03999999910593033,rough_slope_trot_robustness,rough_slope,1.5,trotting,1000,0.6297172904014587,0.6297172904014587,1.2349820137023926,0.36506226658821106,0.12667693197727203,0.3679497241973877,1.414191484451294,0.12667693197727203,0.028996743261814117,0.2374466061592102,0.15263321995735168,0.7909093499183655,1.2741141319274902,1.6440808773040771,3.981750011444092,0.3679497241973877,0.3114062547683716,0.020227622240781784,0.005347126163542271,0.47061020135879517,0.0975206196308136,247.66036987304688,165.44091796875,34.46644973754883,66.12344360351562,510.2996520996094,0.08735810220241547,0.06399999558925629,0.8536200523376465,2.6684346199035645,1.2620000839233398,0.024699635803699493,0.029999924823641777,3.3851380348205566,0.5,0.09111525118350983,0.3800007998943329,0.03851298987865448,0.6708739995956421,0.49794840812683105,0.6881092190742493,0.161920964717865,0.38457047939300537,0.6593900322914124,0.36108407378196716,0.5672454833984375,0.5253859758377075,0.4426756501197815,0.6389408707618713,0.9783835411071777,0.9620686769485474,0.11996111273765564,0.20284539461135864,0.9995999932289124,0.02500000037252903,0.007000000216066837,0.018000001087784767,1.262,0.6764025317885797,1.454114422220469,0.1702843012782274,0.39068301723693044,1.128766641927148,1.995432286860191,0.5580378614111874,0.15992106929458685,0.12349817901849747,0.026501445099711418,200.53763303853944,0.5867937803268433,0.25823894143104553,0.5995985269546509,0.13613253831863403,0.14221541583538055,0.39015141129493713,0.5894224047660828,0.7261490225791931,0.9620686769485474,0.9819999989122152,0.5875604265418491
bounding,2,action_space,1.0,3.4000000953674316,0.0,0.5,-1.0,0.08999999612569809,1.0,0.3799999952316284,-1.0,-0.03999999910593033,rough_slope_trot_robustness,rough_slope,1.5,trotting,1000,0.5987002849578857,0.5987002849578857,1.2216911315917969,0.4307067394256592,0.14369897544384003,0.4007803201675415,1.5125620365142822,0.14369897544384003,0.03709099814295769,0.2689448595046997,0.16010574996471405,0.7996333241462708,1.404204249382019,1.6749199628829956,4.149702072143555,0.4007803201675415,0.3198692500591278,0.04502461850643158,0.007510357536375523,0.463603138923645,0.10059437900781631,259.58746337890625,172.99037170410156,33.60673522949219,65.7481689453125,455.8130798339844,0.09419603645801544,0.06725001335144043,0.8266069889068604,2.651188373565674,1.2080000638961792,0.024433836340904236,0.029999924823641777,3.3862075805664062,0.5,0.09103512763977051,0.3800007998943329,-0.03861980140209198,0.5999404191970825,0.4457692503929138,0.579652726650238,0.16039106249809265,0.3804767429828644,0.6109243631362915,0.3296273946762085,0.49198490381240845,0.5416925549507141,0.44603443145751953,0.6379393339157104,0.9801129102706909,0.961650013923645,0.06358539313077927,0.1456790268421173,1.0,0.023000001907348633,0.0020000000949949026,0.021000001579523087,1.208,0.6842772629087335,1.4814493049980417,0.19259023376837592,0.4001321656212033,1.184991244432641,2.0370817539174895,0.5655698454294816,0.22920509602276976,0.12216918170452118,0.027830442413687706,212.4820723227138,0.47614485025405884,0.20063887536525726,0.34969305992126465,0.10493838787078857,0.1337359994649887,0.3956575393676758,0.5777159333229065,0.7144443988800049,0.961650013923645,0.9789999984204769,0.5060717096846356
bounding,2,action_space,1.0,3.4000000953674316,0.0,0.5,-1.0,0.08999999612569809,1.0,0.3799999952316284,0.0,0.0,rough_slope_trot_robustness,rough_slope,1.5,trotting,1000,0.62459397315979,0.62459397315979,1.2387526035308838,0.37730008363723755,0.13955353200435638,0.3749176859855652,1.3365806341171265,0.13955353200435638,0.04165869951248169,0.2514706254005432,0.1617334634065628,0.722663402557373,0.9251610040664673,1.6620793342590332,4.0659332275390625,0.3749176859855652,0.30495399236679077,0.02842237427830696,0.005197213962674141,0.4669960141181946,0.0868450254201889,253.5328369140625,168.7265625,33.46446228027344,65.77397155761719,435.5300598144531,0.09119359403848648,0.06750001013278961,0.8394134044647217,2.63472843170166,1.2620000839233398,0.024775050580501556,0.029999924823641777,3.385138511657715,0.5,0.09111525118350983,0.3800007998943329,0.0,0.6628111600875854,0.4807194471359253,0.6456644535064697,0.15591242909431458,0.39384156465530396,0.6455371379852295,0.34884870052337646,0.5433348417282104,0.53865647315979,0.44773364067077637,0.6389409303665161,0.9783835411071777,0.9620687961578369,0.119961217045784,0.20284610986709595,0.9998000264167786,0.02500000037252903,0.007000000216066837,0.018000001087784767,1.262,0.6651453662031993,1.4449014211198494,0.20410462883649083,0.40216099190070986,0.961852901470109,2.0164159361448872,0.5522263959344852,0.183356451320866,0.12387525290250778,0.026124371215701103,204.66785392935125,0.5658527612686157,0.24521185457706451,0.5104861259460449,0.11420565098524094,0.17606525123119354,0.39298176765441895,0.5933712124824524,0.713551938533783,0.9620687961578369,0.9819999989122152,0.5674183599062657
bounding,2,action_space,1.0,3.4000000953674316,0.0,0.5,-1.0,0.08999999612569809,1.0,0.3799999952316284,1.0,0.03999999910593033,rough_slope_trot_robustness,rough_slope,1.5,trotting,1000,0.6087347865104675,0.6087347865104675,1.2060885429382324,0.4023882746696472,0.14020377397537231,0.38880276679992676,1.3303780555725098,0.14020377397537231,0.03386012464761734,0.2647934556007385,0.1795264333486557,0.8151785135269165,1.2384512424468994,1.7197120189666748,4.417537689208984,0.38880276679992676,0.28157806396484375,0.0314597487449646,0.006835801526904106,0.4917885661125183,0.11209932714700699,264.7986145019531,176.89532470703125,33.581748962402344,64.83080291748047,432.4911804199219,0.0921175554394722,0.06458333134651184,0.8146775960922241,2.5567171573638916,1.2310000658035278,0.02412176877260208,0.029999924823641777,3.38442325592041,0.5,0.09116891026496887,0.3800007998943329,0.038441453129053116,0.6310782432556152,0.45069777965545654,0.641185462474823,0.15463104844093323,0.35630470514297485,0.6155623197555542,0.36478191614151,0.5335932970046997,0.5231814980506897,0.43158939480781555,0.639611542224884,0.9775189161300659,0.9562795162200928,0.06668713688850403,0.1579832285642624,0.9991999864578247,0.026000000536441803,0.006000000052154064,0.020000001415610313,1.231,0.6618014226397492,1.441160355054569,0.1840112079402158,0.4237055974950717,1.112857242617803,2.101793921679522,0.5306392974185419,0.19569248905328152,0.1206088438630104,0.02939078025519848,219.5515545292053,0.5232660174369812,0.22054004669189453,0.46491020917892456,0.13431325554847717,0.10624723136425018,0.37397095561027527,0.5949750542640686,0.7240341901779175,0.9562795162200928,0.9799999985843897,0.5408459875340524
bounding,2,action_space,1.0,3.4000000953674316,0.0,0.5,0.0,0.11999999731779099,-1.0,0.3400000035762787,-1.0,-0.03999999910593033,rough_slope_trot_robustness,rough_slope,1.5,trotting,1000,0.6173691749572754,0.6173691749572754,1.2292215824127197,0.3996300995349884,0.13652271032333374,0.38677847385406494,1.4108604192733765,0.13652271032333374,0.03537878394126892,0.2549322545528412,0.16114260256290436,0.8991641998291016,1.984919786453247,1.6745502948760986,4.07607889175415,0.38677847385406494,0.3568335473537445,0.03933081030845642,0.016185563057661057,0.5086032748222351,0.1244923323392868,311.78448486328125,216.78134155273438,32.98329544067383,63.501888275146484,523.009765625,0.10676766186952591,0.05250000208616257,0.9233951568603516,3.1314878463745117,1.2120001316070557,0.0245844516903162,0.029999924823641777,3.3856091499328613,0.5,0.11999969929456711,0.3414391279220581,-0.03856003284454346,0.6458561420440674,0.47277724742889404,0.5963228940963745,0.16297078132629395,0.3738919794559479,0.6405965089797974,0.3646205961704254,0.5356749296188354,0.5494223833084106,0.4326332211494446,1.0,0.9792481660842896,0.963512659072876,0.11894921958446503,0.2001175433397293,0.9996000528335571,0.024000000208616257,0.006000000052154064,0.018000001087784767,1.212,0.7618770788211634,1.6074003243683561,0.1880924877321498,0.40142571238387853,1.408871813350401,2.018930135431672,0.5973554614747776,0.2356191277594361,0.122922258451581,0.027077365666627884,253.64384202505602,0.5279166102409363,0.22402988374233246,0.3294510543346405,0.12021949142217636,0.08292267471551895,0.36160364747047424,0.5241727828979492,0.7691263556480408,0.963512659072876,0.9819999989122152,0.5065277811924094
bounding,2,action_space,1.0,3.4000000953674316,0.0,0.5,0.0,0.11999999731779099,-1.0,0.3400000035762787,0.0,0.0,rough_slope_trot_robustness,rough_slope,1.5,trotting,1000,0.6562025547027588,0.6562025547027588,1.2537870407104492,0.3385716676712036,0.11213923990726471,0.3173229992389679,1.3758594989776611,0.11213923990726471,0.023950260132551193,0.22973152995109558,0.15354441106319427,0.7135273218154907,0.9578342437744141,1.6125340461730957,3.890998363494873,0.3173229992389679,0.21408961713314056,0.020785963162779808,0.004178888164460659,0.4691787660121918,0.08196792006492615,267.0056457519531,186.9585418701172,33.4738883972168,65.76284790039062,440.43548583984375,0.0945664793252945,0.061083339154720306,0.7535088062286377,2.434309959411621,1.2730000019073486,0.025075750425457954,0.029999924823641777,3.3848981857299805,0.5,0.11999969929456711,0.34151017665863037,0.0,0.7047187089920044,0.5241978168487549,0.6912461519241333,0.1620604693889618,0.39994120597839355,0.6925230026245117,0.3912023901939392,0.5907158851623535,0.5447759628295898,0.4473295509815216,1.0,0.9775189161300659,0.9650733470916748,0.23448482155799866,0.30727076530456543,0.9998000264167786,0.026000000536441803,0.0010000000474974513,0.02500000037252903,1.273,0.5919157808817753,1.3828457681089623,0.15475871585326365,0.39184743340131023,0.9786900652271965,1.97256137128731,0.46269819227347386,0.1580026940505777,0.12537875212728977,0.024620871990919113,212.95932808545888,0.6322166919708252,0.3653356432914734,0.606957197189331,0.15647411346435547,0.19410453736782074,0.3912699520587921,0.6199815273284912,0.7368162870407104,0.9650733470916748,0.974999999627471,0.6089079516302598
bounding,2,action_space,1.0,3.4000000953674316,0.0,0.5,0.0,0.11999999731779099,-1.0,0.3400000035762787,1.0,0.03999999910593033,rough_slope_trot_robustness,rough_slope,1.5,trotting,1000,0.6465892791748047,0.6465892791748047,1.289571762084961,0.30118733644485474,0.11722005158662796,0.3043177127838135,1.3923208713531494,0.11722005158662796,0.02340592071413994,0.23399469256401062,0.15010972321033478,0.7016245722770691,0.8680037260055542,1.6580606698989868,4.002259254455566,0.3043177127838135,0.17655961215496063,0.016254600137472153,0.004110835492610931,0.45448267459869385,0.08019794523715973,260.63189697265625,176.4905242919922,34.084495544433594,66.74897766113281,365.6806945800781,0.09307408332824707,0.056916676461696625,0.917202889919281,3.0542144775390625,1.2929999828338623,0.025791440159082413,0.029999924823641777,3.385608196258545,0.5,0.11999969929456711,0.34143930673599243,0.03855997323989868,0.7314984798431396,0.5345070958137512,0.7232123017311096,0.15743330121040344,0.4018206000328064,0.7025916576385498,0.3838084638118744,0.5660133361816406,0.5422837734222412,0.45310747623443604,1.0,0.9792481660842896,0.9635125994682312,0.11894970387220383,0.20012062788009644,1.0,0.024000000208616257,0.006000000052154064,0.018000001087784767,1.293,0.7093603100227185,1.5369172838536755,0.15298993664336205,0.3874399607814542,0.931667175554422,2.000564733882802,0.4201899715068895,0.14270751777703614,0.12895720079541206,0.02104242332279682,202.10732324913067,0.6956871151924133,0.39609837532043457,0.665438711643219,0.1556042581796646,0.20109881460666656,0.40294089913368225,0.5540342926979065,0.7523276209831238,0.9635125994682312,0.9819999989122152,0.6338150315967046
bounding,2,action_space,1.0,3.4000000953674316,0.0,0.5,0.0,0.11999999731779099,0.0,0.3799999952316284,-1.0,-0.03999999910593033,rough_slope_trot_robustness,rough_slope,1.5,trotting,1000,0.6444005966186523,0.6444005966186523,1.246816873550415,0.372585266828537,0.12183349579572678,0.34710693359375,1.423621654510498,0.12183349579572678,0.02745095267891884,0.23543480038642883,0.15223418176174164,0.7151837348937988,0.9705864787101746,1.6542888879776,4.054278373718262,0.34710693359375,0.22906766831874847,0.026226244866847992,0.00445516686886549,0.4777541756629944,0.10237748920917511,269.4793701171875,186.98446655273438,34.32600402832031,66.31106567382812,380.86602783203125,0.09623141586780548,0.06300000846385956,0.9848095178604126,3.362396478652954,1.2620000839233398,0.024936340749263763,0.029999924823641777,3.3850088119506836,0.5,0.11999969929456711,0.3800007998943329,-0.03850004822015762,0.662523090839386,0.4979795813560486,0.6462106704711914,0.15656661987304688,0.40611618757247925,0.6651501655578613,0.36299145221710205,0.5671697854995728,0.5484681129455566,0.43687987327575684,1.0,0.9783835411071777,0.966016411781311,0.23413904011249542,0.3083251714706421,0.9998000264167786,0.02500000037252903,0.003000000026077032,0.02199999988079071,1.262,0.7803561396530805,1.632280468556462,0.16568329028275253,0.3901719899758844,0.9851834746432638,2.013523869666874,0.47861014230660476,0.17516110223366796,0.12468170374631882,0.025317920371890068,216.13388127305538,0.5739120244979858,0.29974228143692017,0.5413830280303955,0.13908907771110535,0.12905073165893555,0.38461658358573914,0.513715922832489,0.7297888398170471,0.966016411781311,0.9780000001192093,0.5655652817926908
bounding,2,action_space,1.0,3.4000000953674316,0.0,0.5,0.0,0.11999999731779099,0.0,0.3799999952316284,0.0,0.0,rough_slope_trot_robustness,rough_slope,1.5,trotting,1000,0.6643470525741577,0.6643470525741577,1.239376425743103,0.409165620803833,0.14505338668823242,0.41064387559890747,1.5330078601837158,0.14505338668823242,0.049770768731832504,0.2925363779067993,0.21169573068618774,0.9317045211791992,2.5407979488372803,1.6973309516906738,4.324329853057861,0.41064387559890747,0.36810481548309326,0.035851817578077316,0.02269306592643261,0.5120000243186951,0.10897443443536758,302.63134765625,208.64556884765625,32.411720275878906,64.27680969238281,396.6074523925781,0.1075485348701477,0.04858333617448807,0.8448724746704102,2.9446604251861572,1.2070000171661377,0.02478751726448536,0.029999924823641777,3.3841445446014404,0.5,0.11999969929456711,0.3800007998943329,0.0,0.6459880471229553,0.4649966359138489,0.6037575602531433,0.15657001733779907,0.37155380845069885,0.6265697479248047,0.3334659934043884,0.5060820579528809,0.5483617782592773,0.42344313859939575,1.0,0.9766542911529541,0.9681284427642822,0.4784621596336365,0.5304040312767029,0.9994000196456909,0.027000000700354576,0.003000000026077032,0.024000000208616257,1.207,0.6999771636482498,1.5619385901114053,0.22309363220816614,0.4601040433273628,1.59398806420791,2.0795023089811324,0.6067164209769612,0.24196049988481574,0.1239375863224268,0.02606203779578209,244.18033244000011,0.5118795037269592,0.18520648777484894,0.31008845567703247,0.07978471368551254,0.1130993515253067,0.35915541648864746,0.5433981418609619,0.7843368649482727,0.9681284427642822,0.9759999997913837,0.4983081556856632
bounding,2,action_space,1.0,3.4000000953674316,0.0,0.5,0.0,0.11999999731779099,0.0,0.3799999952316284,1.0,0.03999999910593033,rough_slope_trot_robustness,rough_slope,1.5,trotting,1000,0.6526108384132385,0.6526108384132385,1.2611173391342163,0.3495122790336609,0.12795425951480865,0.3387302756309509,1.5313072204589844,0.12795425951480865,0.03021268919110298,0.25366926193237305,0.1721356064081192,0.7349907755851746,1.014911413192749,1.6530778408050537,3.9817185401916504,0.3387302756309509,0.276139497756958,0.024629971012473106,0.004833848215639591,0.45986393094062805,0.10282410681247711,268.5473327636719,182.47824096679688,33.53429412841797,65.28370666503906,539.8045654296875,0.09771649539470673,0.053000010550022125,0.9110473394393921,3.0756967067718506,1.2720000743865967,0.025222361087799072,0.029999924823641777,3.3845558166503906,0.5,0.11999969929456711,0.3800007998943329,0.038454651832580566,0.6947365999221802,0.527482271194458,0.6856809854507446,0.15711385011672974,0.40577566623687744,0.6826722621917725,0.3501403331756592,0.5448072552680969,0.5496883392333984,0.4476137161254883,1.0,0.9775189161300659,0.9647090435028076,0.23517358303070068,0.3105265498161316,0.9998000264167786,0.026000000536441803,0.003000000026077032,0.023000001907348633,1.272,0.7162321558538473,1.5549921578963992,0.1738179771804487,0.41489228289776514,1.0074281181269207,1.9954244010214093,0.5254897694122674,0.17165028175949115,0.12611180543899536,0.023887818679213524,212.94396994655176,0.6134629845619202,0.3174667954444885,0.5547285676002502,0.11817827820777893,0.12790313363075256,0.39862751960754395,0.546347439289093,0.7672058939933777,0.9647090435028076,0.9769999980926514,0.5770981178471917
bounding,2,action_space,1.0,3.4000000953674316,0.0,0.5,0.0,0.11999999731779099,1.0,0.3799999952316284,-1.0,-0.03999999910593033,rough_slope_trot_robustness,rough_slope,1.5,trotting,1000,0.611758291721344,0.611758291721344,1.2279841899871826,0.41771501302719116,0.1433853805065155,0.3664066791534424,1.359580159187317,0.1433853805065155,0.03931967914104462,0.2634238302707672,0.16596296429634094,0.8595595359802246,1.7403416633605957,1.6816744804382324,4.217730522155762,0.3664066791534424,0.2776182293891907,0.045273467898368835,0.012418682686984539,0.47814470529556274,0.09478463232517242,285.40631103515625,198.25262451171875,32.57026672363281,64.41162872314453,353.54327392578125,0.10347069799900055,0.05775001272559166,0.816879391670227,2.7747421264648438,1.2330000400543213,0.024559665471315384,0.029999924823641777,3.385167121887207,0.5,0.11999969929456711,0.3800007998943329,-0.03851577639579773,0.6173093914985657,0.48630252480506897,0.5712166428565979,0.1580493152141571,0.3854483962059021,0.6438106894493103,0.3582628071308136,0.5193862915039062,0.5443039536476135,0.439250111579895,1.0,0.9783835411071777,0.9620722532272339,0.11992977559566498,0.20259377360343933,0.9998000264167786,0.02500000037252903,0.0010000000474974513,0.024000000208616257,1.233,0.6625137019718167,1.5001330537096091,0.19829190387165235,0.40738552293416236,1.3192200966330812,2.053711401866329,0.5268948940625546,0.24019190366320298,0.12279832735657692,0.027201296761631966,232.41855502890087,0.49760767817497253,0.2611818015575409,0.31542226672172546,0.11695410311222076,0.1502142697572708,0.3843162953853607,0.5697259902954102,0.7491994500160217,0.9620722532272339,0.9759999997913837,0.5065089168125078
bounding,2,action_space,1.0,3.4000000953674316,0.0,0.5,0.0,0.11999999731779099,1.0,0.3799999952316284,0.0,0.0,rough_slope_trot_robustness,rough_slope,1.5,trotting,1000,0.6485892534255981,0.6485892534255981,1.2562332153320312,0.35272443294525146,0.12706291675567627,0.3499112129211426,1.405845284461975,0.12706291675567627,0.02955404855310917,0.237232968211174,0.15553490817546844,0.7132251262664795,1.0374975204467773,1.6848280429840088,4.151568412780762,0.3499112129211426,0.2452772557735443,0.02264057844877243,0.0046518342569470406,0.4780791401863098,0.07874855399131775,263.9067077636719,180.58526611328125,34.20845031738281,66.7350845336914,285.14654541015625,0.09680324792861938,0.05516666918992996,0.9300886392593384,3.2818760871887207,1.2620000839233398,0.02512466534972191,0.029999924823641777,3.3852529525756836,0.5,0.11999969929456711,0.3800007998943329,0.0,0.6880040764808655,0.4884939193725586,0.6802786588668823,0.15837877988815308,0.3988420367240906,0.6566198468208313,0.3551453649997711,0.5729324817657471,0.5398006439208984,0.4355001449584961,1.0,0.9792482256889343,0.9670106172561646,0.2335611879825592,0.3074891269207001,0.9998000264167786,0.024000000208616257,0.004000000189989805,0.020000001415610313,1.262,0.7369957393398375,1.6126176357445992,0.17191290979187446,0.394379142672972,1.0185762222076349,2.037539794158819,0.4952547382646069,0.1652041546260852,0.12562332674860954,0.024376297369599342,210.07779808936152,0.6079527735710144,0.29394030570983887,0.5793501138687134,0.1357519030570984,0.20701353251934052,0.3843666911125183,0.5219758749008179,0.7589393854141235,0.9670106172561646,0.9799999985843897,0.5920977832651453
bounding,2,action_space,1.0,3.4000000953674316,0.0,0.5,0.0,0.11999999731779099,1.0,0.3799999952316284,1.0,0.03999999910593033,rough_slope_trot_robustness,rough_slope,1.5,trotting,1000,0.6331992745399475,0.6331992745399475,1.2485284805297852,0.3728979825973511,0.12783139944076538,0.33793556690216064,1.236088514328003,0.12783139944076538,0.02971118874847889,0.2538550794124603,0.1626986265182495,0.7127437591552734,0.8904753923416138,1.67374587059021,4.159916877746582,0.33793556690216064,0.21628892421722412,0.02244902215898037,0.004181793425232172,0.4668063223361969,0.09508433938026428,261.9363098144531,175.92123413085938,33.37950897216797,64.77098846435547,526.6348266601562,0.09836119413375854,0.05258334428071976,0.8650315999984741,2.9644854068756104,1.2670000791549683,0.02497057244181633,0.029999924823641777,3.38466739654541,0.5,0.11999969929456711,0.3800007998943329,0.03846590220928192,0.6691957712173462,0.4972383677959442,0.6761547327041626,0.1584853231906891,0.3849128484725952,0.6612895727157593,0.4031146466732025,0.542708158493042,0.537906289100647,0.44473153352737427,1.0,0.9775188565254211,0.9606247544288635,0.12097349762916565,0.20557653903961182,0.9996000528335571,0.026000000536441803,0.006000000052154064,0.020000001415610313,1.267,0.682739932234116,1.5296298388863379,0.17236933819121916,0.40335917805133614,0.9436500370061,2.0395874283164677,0.46506873063798226,0.1631895081928141,0.12485286220908165,0.025146761909127235,209.79602299765426,0.5733771324157715,0.31917858123779297,0.5870670080184937,0.16036348044872284,0.14931653439998627,0.393130898475647,0.5571382641792297,0.7688059210777283,0.9606247544288635,0.9799999985843897,0.5827441839991432
bounding,2,action_space,1.0,3.4000000953674316,0.0,0.5,1.0,0.11999999731779099,-1.0,0.3400000035762787,-1.0,-0.03999999910593033,rough_slope_trot_robustness,rough_slope,1.5,trotting,1000,0.5995115041732788,0.5995115041732788,1.1746267080307007,0.4340476095676422,0.13650454580783844,0.3993123173713684,1.5532338619232178,0.13650454580783844,0.0363118052482605,0.2608952224254608,0.17878589034080505,0.8570950031280518,1.5858560800552368,1.7269071340560913,4.364839553833008,0.3993123173713684,0.376165509223938,0.040023211389780045,0.014103671535849571,0.5061079859733582,0.1196180135011673,288.4270935058594,204.0081024169922,33.07859802246094,64.54328918457031,480.8338317871094,0.10186852514743805,0.06308333575725555,0.8797760605812073,2.959545135498047,1.2200000286102295,0.023492537438869476,0.029999924823641777,3.385183811187744,0.5,0.11999969929456711,0.3414815664291382,-0.03851750120520592,0.6169491410255432,0.4669623374938965,0.588578999042511,0.15089541673660278,0.3747718930244446,0.6259382367134094,0.3120802044868469,0.5405294895172119,0.532890796661377,0.4299430251121521,1.0,0.9783835411071777,0.9584298133850098,0.06543076783418655,0.15276867151260376,0.9995999932289124,0.02500000037252903,0.004000000189989805,0.021000001579523087,1.22,0.7211278696529201,1.557516129399681,0.19055656705624316,0.4228308058086651,1.2593077781286182,2.089219843346556,0.6133233317133289,0.23265184917732679,0.11746268719434738,0.032536936923861504,245.54787621798303,0.4706740975379944,0.20300933718681335,0.33873483538627625,0.10233843326568604,0.09141367673873901,0.3634127676486969,0.5452754497528076,0.7294848561286926,0.9584298133850098,0.9789999984204769,0.4946365491732171
bounding,2,action_space,1.0,3.4000000953674316,0.0,0.5,1.0,0.11999999731779099,-1.0,0.3400000035762787,0.0,0.0,rough_slope_trot_robustness,rough_slope,1.5,trotting,1000,0.6157921552658081,0.6157921552658081,1.214994192123413,0.3933298587799072,0.14188984036445618,0.3986330032348633,1.5319292545318604,0.14188984036445618,0.04508525878190994,0.26270896196365356,0.18269570171833038,0.8679758310317993,1.7336280345916748,1.6676175594329834,4.03626823425293,0.3986330032348633,0.36220887303352356,0.03055950067937374,0.01322221290320158,0.48851609230041504,0.12977533042430878,276.8621826171875,188.19183349609375,33.304527282714844,64.88748931884766,420.7069091796875,0.10129711031913757,0.05183333903551102,0.8886650800704956,2.9806811809539795,1.2200000286102295,0.02429988794028759,0.029999924823641777,3.3847460746765137,0.5,0.11999969929456711,0.34152543544769287,0.0,0.6473853588104248,0.47126179933547974,0.6278129816055298,0.15243369340896606,0.36623242497444153,0.6320637464523315,0.3331785798072815,0.5391348600387573,0.528846025466919,0.4353484511375427,1.0,0.9775188565254211,0.9606525301933289,0.12088022381067276,0.2046089470386505,0.9994000196456909,0.026000000536441803,0.0020000000949949026,0.024000000208616257,1.22,0.7284139664446722,1.563067903967358,0.21233289613696213,0.42742917742981745,1.3166730932891713,2.009046598327906,0.6018379125923553,0.20924080286257582,0.12149943970143795,0.028500184416770935,227.87119840739553,0.5385723114013672,0.20411275327205658,0.4165976941585541,0.0877174437046051,0.07460806518793106,0.3764266073703766,0.5429189205169678,0.7716943621635437,0.9606525301933289,0.9759999997913837,0.5213905502306788
bounding,2,action_space,1.0,3.4000000953674316,0.0,0.5,1.0,0.11999999731779099,-1.0,0.3400000035762787,1.0,0.03999999910593033,rough_slope_trot_robustness,rough_slope,1.5,trotting,1000,0.6309143304824829,0.6309143304824829,1.2138869762420654,0.37927424907684326,0.12824788689613342,0.3354211449623108,1.2417266368865967,0.12824788689613342,0.030209586024284363,0.23476698994636536,0.15309257805347443,0.7925176620483398,1.604832410812378,1.6164731979370117,3.8287086486816406,0.3354211449623108,0.2448616325855255,0.019619032740592957,0.009455051273107529,0.4705691933631897,0.09334085136651993,276.8226623535156,194.74835205078125,33.433860778808594,64.72817993164062,521.9608764648438,0.09545281529426575,0.05141667276620865,0.8511747121810913,2.7601068019866943,1.2680001258850098,0.02427775040268898,0.029999924823641777,3.384796619415283,0.5,0.11999969929456711,0.3415203094482422,0.038478776812553406,0.6694455146789551,0.5102776288986206,0.696399450302124,0.16182178258895874,0.4005274474620819,0.6741108894348145,0.4038858711719513,0.5707991123199463,0.5486295819282532,0.44483721256256104,1.0,0.9775189161300659,0.9569514393806458,0.06624443084001541,0.1543082743883133,0.9994000196456909,0.026000000536441803,0.003000000026077032,0.023000001907348633,1.268,0.671273409004091,1.4753780164306427,0.1738090504671272,0.3912704666256762,1.2668198020288355,1.9567086264136622,0.4948349548945845,0.1705112430712429,0.1213887520134449,0.028610872104763985,228.04648848816174,0.5624821782112122,0.324628621339798,0.5590693950653076,0.1578802615404129,0.15461501479148865,0.39018338918685913,0.5803144574165344,0.773303747177124,0.9569514393806458,0.9769999980926514,0.5758090081967806
bounding,2,action_space,1.0,3.4000000953674316,0.0,0.5,1.0,0.11999999731779099,0.0,0.3799999952316284,-1.0,-0.03999999910593033,rough_slope_trot_robustness,rough_slope,1.5,trotting,1000,0.6025543808937073,0.6025543808937073,1.2796833515167236,0.39767956733703613,0.1461990475654602,0.39795809984207153,1.5979156494140625,0.1461990475654602,0.04013178497552872,0.2760712504386902,0.17039987444877625,0.7923876047134399,1.2658402919769287,1.7175886631011963,4.315549850463867,0.39795809984207153,0.30889928340911865,0.05292215198278427,0.007498333230614662,0.4785754084587097,0.1345030963420868,283.23455810546875,192.5384521484375,32.9569206237793,64.66767883300781,560.4862670898438,0.10408225655555725,0.04616667330265045,0.8682831525802612,2.91560435295105,1.2109999656677246,0.02559366077184677,0.029999924823641777,3.3856093883514404,0.5,0.11999969929456711,0.3800007998943329,-0.03856002911925316,0.6131993532180786,0.4541066586971283,0.5511003136634827,0.15643884241580963,0.3763740062713623,0.6142449378967285,0.3091106414794922,0.4789944589138031,0.5402266979217529,0.44092363119125366,1.0,0.9792481660842896,0.963512659072876,0.11894921958446503,0.20011761784553528,1.0,0.024000000208616257,0.00800000037997961,0.01600000075995922,1.211,0.7169968142773276,1.5516444615741296,0.20032919152117776,0.4127951967365612,1.1250956812542339,2.0773901536456427,0.5557870846008556,0.24580578759133995,0.12796830385923386,0.02203132025897503,221.33175192892026,0.5312108993530273,0.20521306991577148,0.2986719012260437,0.0906679555773735,0.06787672638893127,0.38398537039756775,0.5477697849273682,0.7938717603683472,0.963512659072876,0.9839999992400408,0.4982215069038304
bounding,2,action_space,1.0,3.4000000953674316,0.0,0.5,1.0,0.11999999731779099,0.0,0.3799999952316284,0.0,0.0,rough_slope_trot_robustness,rough_slope,1.5,trotting,1000,0.6340689659118652,0.6340689659118652,1.2375248670578003,0.40288132429122925,0.13607560098171234,0.39649832248687744,1.400442361831665,0.13607560098171234,0.034819573163986206,0.2794414162635803,0.19139480590820312,0.864924430847168,1.8852250576019287,1.6555300951004028,4.029832363128662,0.39649832248687744,0.35982534289360046,0.036383576691150665,0.013638798147439957,0.49297553300857544,0.11892871558666229,304.68841552734375,212.38134765625,32.65924835205078,64.33768463134766,511.1683044433594,0.10367890447378159,0.05250001326203346,0.8465373516082764,2.863138198852539,1.2120001316070557,0.024750497192144394,0.029999924823641777,3.3848323822021484,0.5,0.11999969929456711,0.3800007998943329,0.0,0.6369832754135132,0.46957167983055115,0.6081210970878601,0.15988506376743317,0.36872535943984985,0.6350407600402832,0.3603711724281311,0.5075470805168152,0.559505820274353,0.44129300117492676,1.0,0.9775188565254211,0.9648661017417908,0.23466888070106506,0.30696815252304077,0.9994000196456909,0.026000000536441803,0.004000000189989805,0.02199999988079071,1.212,0.6984631126076475,1.5369857624546308,0.1866000352732716,0.4374869208424443,1.373034980472795,2.007444236617461,0.599854434753633,0.2236568238140536,0.12375248596072197,0.026247138157486916,246.20791358458646,0.5224356651306152,0.20760683715343475,0.36771485209465027,0.12284477800130844,0.0926826149225235,0.3730842173099518,0.5540051460266113,0.769126296043396,0.9648661017417908,0.9780000001192093,0.5152523007832076
bounding,2,action_space,1.0,3.4000000953674316,0.0,0.5,1.0,0.11999999731779099,0.0,0.3799999952316284,1.0,0.03999999910593033,rough_slope_trot_robustness,rough_slope,1.5,trotting,1000,0.6272400617599487,0.6272400617599487,1.2781840562820435,0.3663106858730316,0.12744319438934326,0.3648800253868103,1.4105019569396973,0.12744319438934326,0.031202059239149094,0.2599581778049469,0.16686034202575684,0.7300949096679688,1.0761160850524902,1.7835125923156738,4.616413593292236,0.3648800253868103,0.2721192240715027,0.028316833078861237,0.005160995293408632,0.47531062364578247,0.08543050289154053,270.73468017578125,179.51345825195312,33.4960823059082,66.72479248046875,377.1639099121094,0.09960965812206268,0.05641666799783707,0.946954607963562,3.344099998474121,1.261000156402588,0.025563683360815048,0.029999924823641777,3.385608434677124,0.5,0.11999969929456711,0.3800007998943329,0.03855999559164047,0.6785810589790344,0.47809886932373047,0.6438614130020142,0.1569080650806427,0.39574530720710754,0.6470723152160645,0.3634623885154724,0.517219066619873,0.5394320487976074,0.4383285343647003,1.0,0.9792481660842896,0.963512659072876,0.11894956231117249,0.20011979341506958,1.0,0.024000000208616257,0.005000000353902578,0.01900000125169754,1.261,0.7509552171360775,1.6284786723482505,0.1766410463033694,0.4084854244960973,1.0373601520458025,2.148584090346998,0.5216504807545975,0.18296947388094514,0.12781841680407524,0.022181207314133644,211.81196780320428,0.5846545696258545,0.26411405205726624,0.5119355320930481,0.1307402104139328,0.18111735582351685,0.38650083541870117,0.5153104662895203,0.7542108297348022,0.963512659072876,0.9809999987483025,0.5691639839818604
bounding,2,action_space,1.0,3.4000000953674316,0.0,0.5,1.0,0.11999999731779099,1.0,0.3799999952316284,-1.0,-0.03999999910593033,rough_slope_trot_robustness,rough_slope,1.5,trotting,1000,0.604371964931488,0.604371964931488,1.2533648014068604,0.3929954767227173,0.1524539589881897,0.399263858795166,1.6829791069030762,0.1524539589881897,0.05189281329512596,0.2726467251777649,0.1768399178981781,0.7839980125427246,1.3434678316116333,1.6912715435028076,4.25252628326416,0.399263858795166,0.40385857224464417,0.04238676279783249,0.01205397304147482,0.45880454778671265,0.09510304778814316,279.99359130859375,191.43289184570312,32.62178039550781,65.38235473632812,393.7933044433594,0.10334458947181702,0.06750001013278961,0.8842846751213074,3.0362777709960938,1.2200000286102295,0.025067295879125595,0.029999924823641777,3.3857386112213135,0.5,0.11999969929456711,0.3800007998943329,-0.03857295215129852,0.6401313543319702,0.48496827483177185,0.5862370729446411,0.15098172426223755,0.39101019501686096,0.6409500241279602,0.29119402170181274,0.5034756064414978,0.5562487840652466,0.44690948724746704,1.0,0.9792481660842896,0.9600837826728821,0.06447070091962814,0.14854829013347626,0.9996000528335571,0.02500000037252903,0.003000000026077032,0.02199999988079071,1.22,0.724823498335041,1.5775778653069894,0.22779994138525575,0.42052338567335124,1.1590805975477432,2.0621654354741183,0.6354986799708117,0.23332538618698848,0.12533647939562798,0.02466314472258091,223.3935331471813,0.5391390323638916,0.2030879110097885,0.3366152346134186,0.06581974029541016,0.14926068484783173,0.39947301149368286,0.5367687344551086,0.713551938533783,0.9600837826728821,0.9780000001192093,0.513378151937535
bounding,2,action_space,1.0,3.4000000953674316,0.0,0.5,1.0,0.11999999731779099,1.0,0.3799999952316284,0.0,0.0,rough_slope_trot_robustness,rough_slope,1.5,trotting,1000,0.6096528768539429,0.6096528768539429,1.173520565032959,0.4436800479888916,0.15184545516967773,0.4271506667137146,1.5885167121887207,0.15184545516967773,0.0433158203959465,0.2621510624885559,0.1736137568950653,0.9425244331359863,2.171968936920166,1.6621439456939697,4.153231143951416,0.4271506667137146,0.3865080773830414,0.04015401750802994,0.012751619331538677,0.49492979049682617,0.10829754173755646,294.1017761230469,213.17984008789062,32.46363067626953,63.903648376464844,435.2010498046875,0.1028984934091568,0.06208333373069763,0.8983348608016968,3.0426111221313477,1.2280000448226929,0.023470401763916016,0.029999924823641777,3.386338233947754,0.5,0.11999969929456711,0.3800007998943329,0.0,0.6216511726379395,0.4586735963821411,0.6087313294410706,0.15945668518543243,0.359208345413208,0.6132428646087646,0.32124441862106323,0.5264891982078552,0.540773332118988,0.4363311529159546,1.0,0.9801129102706909,0.9651092886924744,0.11760933697223663,0.19373434782028198,0.9991999864578247,0.023000001907348633,0.004000000189989805,0.01900000125169754,1.228,0.7315430283934752,1.5740699233678477,0.2081245309807244,0.4166698415953155,1.473760135476654,2.0379477775329318,0.6216977379587619,0.23001225367264375,0.11735200881958008,0.03264761529862881,250.61493158817106,0.4550227224826813,0.161285862326622,0.3471102714538574,0.08587753027677536,0.11464088410139084,0.37162888050079346,0.5382543802261353,0.7331414222717285,0.9651092886924744,0.9809999987483025,0.49397057941869693
bounding,2,action_space,1.0,3.4000000953674316,0.0,0.5,1.0,0.11999999731779099,1.0,0.3799999952316284,1.0,0.03999999910593033,rough_slope_trot_robustness,rough_slope,1.5,trotting,1000,0.6263641119003296,0.6263641119003296,1.2405369281768799,0.38141244649887085,0.13204587996006012,0.3506816625595093,1.2301313877105713,0.13204587996006012,0.034179288893938065,0.25890928506851196,0.1695227175951004,0.7850425243377686,1.4028606414794922,1.675583004951477,4.143111228942871,0.3506816625595093,0.26343634724617004,0.029443029314279556,0.014519693329930305,0.4756236672401428,0.10115212202072144,282.302490234375,193.41864013671875,33.18057632446289,64.77542877197266,539.5798950195312,0.10110130161046982,0.05350000411272049,0.8159345388412476,2.756465435028076,1.2369999885559082,0.02481073886156082,0.029999924823641777,3.3841400146484375,0.5,0.11999969929456711,0.3800007998943329,0.038413118571043015,0.6700465679168701,0.4946191906929016,0.6623461246490479,0.15755096077919006,0.38760244846343994,0.6603142023086548,0.408073365688324,0.5273687839508057,0.5518810153007507,0.4409250020980835,1.0,0.9766541719436646,0.955219566822052,0.06728759407997131,0.15979355573654175,0.9994000196456909,0.027000000700354576,0.006000000052154064,0.021000001579523087,1.237,0.659607525689041,1.492764909557816,0.1848764151911705,0.4117313658140468,1.1844241813976495,2.035463394154479,0.5132605062209346,0.20967289439555573,0.12405369430780411,0.025945929810404778,227.56476153374402,0.5588345527648926,0.2923579812049866,0.41509225964546204,0.14753097295761108,0.13225248456001282,0.38625892996788025,0.5728755593299866,0.7652903199195862,0.955219566822052,0.9789999984204769,0.5425336347206644
pacing,3,action_space,-1.0,2.0999999046325684,0.0,0.5,-1.0,0.08999999612569809,-1.0,0.3400000035762787,-1.0,-0.03999999910593033,rough_slope_trot_robustness,rough_slope,1.5,trotting,1000,0.5986956357955933,0.5986956357955933,1.2615246772766113,0.3594508171081543,0.25406646728515625,0.42890459299087524,1.1786314249038696,0.25406646728515625,0.09693112969398499,0.25007644295692444,0.14397478103637695,1.0301997661590576,2.0887913703918457,0.6942520141601562,0.8136895895004272,0.42890459299087524,0.42338570952415466,0.017922542989253998,0.008809528313577175,0.4181479513645172,0.12142730504274368,217.46627807617188,147.5589599609375,34.09294891357422,67.31930541992188,430.2599792480469,0.09249787032604218,0.06408333778381348,0.48648661375045776,1.5268988609313965,0.8340000510215759,0.02523050084710121,0.029999924823641777,2.114978313446045,0.5,0.09112371504306793,0.3414974510669708,-0.03850172460079193,0.6334277987480164,0.45887717604637146,0.6791383028030396,0.38534119725227356,0.2819894254207611,0.6163336634635925,0.2606137990951538,0.5124005675315857,0.5181703567504883,0.4750155508518219,0.6390466690063477,0.9783835411071777,0.9583169221878052,0.06555727124214172,0.1547035276889801,1.0,0.02500000037252903,0.009000000543892384,0.01600000075995922,0.834,0.5833172695242244,1.353075669338262,0.3113376458027281,0.37944008886302055,1.4452651557385052,0.9020474430430072,0.6506809583230131,0.16349945352456433,0.12615250423550606,0.023847119882702827,172.38368935092072,0.5964143872261047,0.15888231992721558,0.5858793258666992,0.0442785881459713,0.08816491812467575,0.4333125948905945,0.6327350735664368,0.725846529006958,0.9583169221878052,0.9839999992400408,0.5737263433831304
pacing,3,action_space,-1.0,2.0999999046325684,0.0,0.5,-1.0,0.08999999612569809,-1.0,0.3400000035762787,0.0,0.0,rough_slope_trot_robustness,rough_slope,1.5,trotting,1000,0.5807181596755981,0.5807181596755981,1.1515891551971436,0.4678264856338501,0.2809391915798187,0.5368496179580688,1.633469820022583,0.2809391915798187,0.1242697685956955,0.28207892179489136,0.17921267449855804,1.2013897895812988,2.761890411376953,0.7599656581878662,1.1141016483306885,0.5368496179580688,0.7847952842712402,0.03088981658220291,0.027707114815711975,0.48201924562454224,0.16023725271224976,266.117431640625,188.14598083496094,32.65269470214844,66.34380340576172,460.40911865234375,0.10073713958263397,0.062083352357149124,0.5583535432815552,1.8567918539047241,0.8170000314712524,0.02303178608417511,0.029999924823641777,2.1147594451904297,0.5,0.0911073386669159,0.3414755165576935,0.0,0.5503172874450684,0.4242379665374756,0.6323152780532837,0.37571293115615845,0.25610560178756714,0.56605464220047,0.17920973896980286,0.48144766688346863,0.5112197399139404,0.45325708389282227,0.6388418078422546,0.9775189161300659,0.9613546133041382,0.12008458375930786,0.199184387922287,0.9988000392913818,0.026000000536441803,0.006000000052154064,0.020000001415610313,0.817,0.6834192357711139,1.5075459920181642,0.3525191747915218,0.4233351798499128,1.6618936221602612,1.0555101365362098,0.8858867220312314,0.24206803051604087,0.11515893042087555,0.034840693697333336,231.08712898140107,0.4166759252548218,0.0560184009373188,0.3097658157348633,0.01626296155154705,0.0405692420899868,0.38134968280792236,0.5665591955184937,0.7331413626670837,0.9613546133041382,0.9799999985843897,0.4620427099105559
pacing,3,action_space,-1.0,2.0999999046325684,0.0,0.5,-1.0,0.08999999612569809,-1.0,0.3400000035762787,1.0,0.03999999910593033,rough_slope_trot_robustness,rough_slope,1.5,trotting,1000,0.594235897064209,0.594235897064209,1.2222003936767578,0.41992950439453125,0.2779403626918793,0.4709470272064209,1.0687988996505737,0.2779403626918793,0.11795423924922943,0.2710980772972107,0.16869355738162994,1.0953607559204102,2.251037359237671,0.7379223704338074,1.0376983880996704,0.4709470272064209,0.5700391530990601,0.02279767021536827,0.011156308464705944,0.4343488812446594,0.1675446331501007,238.77667236328125,166.16326904296875,33.58304214477539,66.62989044189453,735.963623046875,0.09603698551654816,0.058583345264196396,0.5243310928344727,1.6506919860839844,0.818000078201294,0.02444400265812874,0.029999924823641777,2.1143696308135986,0.5,0.0910780280828476,0.341436505317688,0.03856261074542999,0.5909997224807739,0.443107545375824,0.6984715461730957,0.3909721374511719,0.2688504457473755,0.5947012901306152,0.25581052899360657,0.49049198627471924,0.5163345336914062,0.4682789444923401,0.6384756565093994,0.9792481660842896,0.9599874019622803,0.06455850601196289,0.15007203817367554,0.9998000264167786,0.024000000208616257,0.004000000189989805,0.020000001415610313,0.818,0.6409915093979217,1.4205494540003516,0.343444666939566,0.4107232126160268,1.500345746565661,1.0186748196061737,0.7550093728551057,0.1842660540633413,0.12222001329064369,0.027779610827565193,195.36622111940824,0.4939291775226593,0.10883623361587524,0.5070834755897522,0.032455556094646454,0.03505305200815201,0.4194974899291992,0.6038133502006531,0.7460842728614807,0.9599874019622803,0.9799999985843897,0.5227134081682093
pacing,3,action_space,-1.0,2.0999999046325684,0.0,0.5,-1.0,0.08999999612569809,0.0,0.3799999952316284,-1.0,-0.03999999910593033,rough_slope_trot_robustness,rough_slope,1.5,trotting,1000,0.585387647151947,0.585387647151947,1.2108412981033325,0.43201616406440735,0.2849458158016205,0.5372887849807739,1.2979283332824707,0.2849458158016205,0.12723998725414276,0.29469847679138184,0.18630428612232208,1.1936733722686768,2.9576680660247803,0.8082584142684937,1.166399359703064,0.5372887849807739,0.6660155057907104,0.030181653797626495,0.02143016830086708,0.4679828882217407,0.1480647325515747,253.07015991210938,175.74627685546875,34.0250244140625,68.1209945678711,472.9749450683594,0.0980260893702507,0.06183334439992905,0.5963387489318848,1.9410450458526611,0.8290000557899475,0.024216819554567337,0.029999924823641777,2.114987373352051,0.5,0.09112435579299927,0.3800007998943329,-0.038500845432281494,0.5758503079414368,0.4085371494293213,0.6015713214874268,0.3638684153556824,0.26668381690979004,0.5566003322601318,0.2341652810573578,0.46035128831863403,0.5130946636199951,0.4563172459602356,0.6390546560287476,0.9783835411071777,0.9619925022125244,0.12011651694774628,0.20461368560791016,0.9998000264167786,0.02500000037252903,0.003000000026077032,0.02199999988079071,0.829,0.7193470990557147,1.5301730248772185,0.3567071449440602,0.43162980217116853,1.7197872153335656,1.0799997035661926,0.81609773053888,0.22718235428504033,0.12108409777283669,0.0289155263453722,209.00357487683948,0.47399815917015076,0.05575476214289665,0.3562094271183014,0.021435044705867767,0.05175187438726425,0.39220690727233887,0.5569068193435669,0.7340583801269531,0.9619925022125244,0.9780000001192093,0.48564001937445844
pacing,3,action_space,-1.0,2.0999999046325684,0.0,0.5,-1.0,0.08999999612569809,0.0,0.3799999952316284,0.0,0.0,rough_slope_trot_robustness,rough_slope,1.5,trotting,1000,0.5913649797439575,0.5913649797439575,1.1769442558288574,0.5098466277122498,0.29693037271499634,0.562061071395874,1.274695873260498,0.29693037271499634,0.14840184152126312,0.3101261854171753,0.20201626420021057,1.3351432085037231,4.028997421264648,0.811985969543457,1.2848165035247803,0.562061071395874,0.8252837657928467,0.04244956374168396,0.0317513607442379,0.5042513608932495,0.17376628518104553,290.86529541015625,205.61013793945312,32.24367904663086,65.91468811035156,541.0426635742188,0.10731831938028336,0.07308334112167358,0.5303374528884888,1.8055338859558105,0.8100000619888306,0.02353888377547264,0.029999924823641777,2.1143956184387207,0.5,0.09107997268438339,0.3800007998943329,0.0,0.5017014145851135,0.41046711802482605,0.5875246524810791,0.35851651430130005,0.2539103925228119,0.5540693402290344,0.2332255244255066,0.44334810972213745,0.5206400156021118,0.4488624036312103,0.6384997963905334,0.9792482256889343,0.9673757553100586,0.2328495979309082,0.3040698170661926,0.9996000528335571,0.024000000208616257,0.00800000037997961,0.01600000075995922,0.81,0.654737533757716,1.493001704858975,0.3852295958532562,0.4494621944059484,2.0072362644354174,1.13349746516028,0.9084513007271477,0.2723984663795335,0.1176944188773632,0.03230520524084568,247.13599983145824,0.353534460067749,0.04246281459927559,0.226724773645401,0.014368276111781597,0.03095175512135029,0.3647647202014923,0.572774350643158,0.6939074397087097,0.9673757553100586,0.9839999992400408,0.43069509715822185
pacing,3,action_space,-1.0,2.0999999046325684,0.0,0.5,-1.0,0.08999999612569809,0.0,0.3799999952316284,1.0,0.03999999910593033,rough_slope_trot_robustness,rough_slope,1.5,trotting,1000,0.5754171013832092,0.5754171013832092,1.1050735712051392,0.5326305627822876,0.3002628684043884,0.583524227142334,1.541229486465454,0.3002628684043884,0.14751136302947998,0.3003399074077606,0.19885054230690002,1.4202500581741333,5.188650131225586,0.8947106599807739,1.4625091552734375,0.583524227142334,0.8547748327255249,0.03569450229406357,0.04540503770112991,0.5544750094413757,0.16482502222061157,333.5945129394531,248.38851928710938,31.118396759033203,62.996524810791016,315.4694519042969,0.11126331984996796,0.06391666829586029,0.5588594675064087,1.7912766933441162,0.7970000505447388,0.022101476788520813,0.029999924823641777,2.114816904067993,0.5,0.09111166000366211,0.3800007998943329,0.0385177880525589,0.501889705657959,0.4034068286418915,0.6081203818321228,0.33269423246383667,0.24229392409324646,0.5417861342430115,0.20429351925849915,0.4638693928718567,0.5271050930023193,0.4249066114425659,0.6388958692550659,0.9783835411071777,0.9620786905288696,0.1199059933423996,0.2023538053035736,0.999000072479248,0.02500000037252903,0.006000000052154064,0.01900000125169754,0.797,0.7012038859100533,1.4991744325066756,0.3840720805128641,0.44592661089791447,2.2778608673985303,1.2093424474785617,0.9245403359105133,0.2847798096691433,0.11050738394260406,0.03949224017560482,301.8753878763486,0.32149243354797363,0.033206645399332047,0.19750511646270752,0.011204306967556477,0.03701246902346611,0.3299051821231842,0.5701356530189514,0.7264516353607178,0.9620786905288696,0.9809999987483025,0.41684049916894816
pacing,3,action_space,-1.0,2.0999999046325684,0.0,0.5,-1.0,0.08999999612569809,1.0,0.3799999952316284,-1.0,-0.03999999910593033,rough_slope_trot_robustness,rough_slope,1.5,trotting,1000,0.5919885635375977,0.5919885635375977,1.2849494218826294,0.3780726194381714,0.27014660835266113,0.38544613122940063,1.4812471866607666,0.27014660835266113,0.11162020266056061,0.2750410735607147,0.1697213351726532,0.9935625195503235,1.7251667976379395,0.7298203706741333,0.956468939781189,0.38544613122940063,0.32755133509635925,0.02549199014902115,0.008084735833108425,0.43241065740585327,0.14009720087051392,234.64093017578125,159.6580810546875,33.70476531982422,68.59136962890625,262.0956115722656,0.09532126784324646,0.07533334195613861,0.5659828186035156,1.8906084299087524,0.8340000510215759,0.025698993355035782,0.029999924823641777,2.115582227706909,0.5,0.09116895496845245,0.3800007998943329,-0.03844137489795685,0.6155028939247131,0.4748973250389099,0.6484304666519165,0.38631248474121094,0.28795409202575684,0.6344413757324219,0.21844522655010223,0.48065826296806335,0.5268806219100952,0.4749178886413574,0.6396121382713318,0.9775189161300659,0.9566485285758972,0.06655177474021912,0.1592879295349121,1.0,0.026000000536441803,0.004000000189989805,0.02200000174343586,0.834,0.678636436553882,1.505628289083693,0.33409609794273354,0.4119724932233379,1.3134560508969988,0.9779923004713222,0.5723210070374486,0.18323953171226337,0.1284949667751789,0.021504657343029976,182.6071331523693,0.5645334720611572,0.22634673118591309,0.5109239220619202,0.02438831515610218,0.0606919601559639,0.4211267828941345,0.5673782229423523,0.6861447095870972,0.9566485285758972,0.9779999982565641,0.5397944543510675
pacing,3,action_space,-1.0,2.0999999046325684,0.0,0.5,-1.0,0.08999999612569809,1.0,0.3799999952316284,0.0,0.0,rough_slope_trot_robustness,rough_slope,1.5,trotting,1000,0.5704058408737183,0.5704058408737183,1.1396476030349731,0.5449327826499939,0.2832752764225006,0.5548288822174072,1.5716885328292847,0.2832752764225006,0.13684628903865814,0.30050867795944214,0.1925119161605835,1.406917691230774,4.58294153213501,0.8670011758804321,1.4087307453155518,0.5548288822174072,0.6839313507080078,0.03973281756043434,0.03144662082195282,0.5404475927352905,0.1340762972831726,336.4647216796875,243.14813232421875,30.9930362701416,63.37592315673828,440.2771911621094,0.11565797030925751,0.06191667914390564,0.5424876809120178,1.8126745223999023,0.7690000534057617,0.02279294654726982,0.029999924823641777,2.1138739585876465,0.5,0.09104079753160477,0.3800007998943329,0.0,0.4991765022277832,0.387613981962204,0.5515230894088745,0.35521429777145386,0.24784228205680847,0.5357905626296997,0.20409142971038818,0.4483901262283325,0.5477128624916077,0.4305945336818695,0.6380101442337036,0.9801129102706909,0.965005099773407,0.11786569654941559,0.1965232491493225,0.9991999864578247,0.023000001907348633,0.004999999888241291,0.018000001087784767,0.769,0.7054456058497237,1.5353123734068315,0.3699274104992196,0.4387617988847519,2.140780589442788,1.1868996357382338,0.8270014212249021,0.26679474954051696,0.1139647327363491,0.03603489138185978,295.23575602112,0.30488917231559753,0.04603511467576027,0.2408481240272522,0.013452177867293358,0.06845860928297043,0.33929166197776794,0.5547176599502563,0.7337525486946106,0.965005099773407,0.9819999989122152,0.42508577310333134
pacing,3,action_space,-1.0,2.0999999046325684,0.0,0.5,-1.0,0.08999999612569809,1.0,0.3799999952316284,1.0,0.03999999910593033,rough_slope_trot_robustness,rough_slope,1.5,trotting,1000,0.5726541876792908,0.5726541876792908,1.1970744132995605,0.472445011138916,0.3078422546386719,0.5475099682807922,1.5933282375335693,0.3078422546386719,0.17779991030693054,0.2951977550983429,0.19022734463214874,1.2381927967071533,3.561570167541504,0.8779101371765137,1.4840834140777588,0.5475099682807922,0.7434622049331665,0.033146440982818604,0.026688769459724426,0.48778045177459717,0.15209059417247772,286.745361328125,202.26670837402344,32.15748596191406,65.83355712890625,247.64691162109375,0.10491152852773666,0.05841667577624321,0.5943580865859985,2.008558750152588,0.7970000505447388,0.023941485211253166,0.029999924823641777,2.114933490753174,0.5,0.09112032502889633,0.3800007998943329,0.038506198674440384,0.5433512926101685,0.39420032501220703,0.6244245767593384,0.3472868800163269,0.2596607804298401,0.5424987077713013,0.1859932839870453,0.46097052097320557,0.517481803894043,0.44958236813545227,0.6390044689178467,0.9783835411071777,0.9583504796028137,0.06552129983901978,0.15409515798091888,0.9994000196456909,0.02500000037252903,0.005000000353902578,0.019999999552965164,0.797,0.7457440805853983,1.5874977500811471,0.42166326648989777,0.43615059856905936,1.887212274107368,1.2182296228863254,0.8622425441447241,0.2446123677219593,0.11970742605626583,0.030292198061943054,239.53845988383742,0.40950050950050354,0.049903128296136856,0.30218854546546936,0.005803313106298447,0.04774829372763634,0.37698084115982056,0.5325719714164734,0.7467062473297119,0.9583504796028137,0.9800000004470348,0.4564553508044858
pacing,3,action_space,-1.0,2.0999999046325684,0.0,0.5,0.0,0.11999999731779099,-1.0,0.3400000035762787,-1.0,-0.03999999910593033,rough_slope_trot_robustness,rough_slope,1.5,trotting,1000,0.5504473447799683,0.5504473447799683,1.0357798337936401,0.6814813613891602,0.32864654064178467,0.6430641412734985,1.5047192573547363,0.32864654064178467,0.19088764488697052,0.318955659866333,0.2072262465953827,1.5514857769012451,5.468842506408691,0.9651030898094177,1.7498902082443237,0.6430641412734985,0.874547004699707,0.06862588226795197,0.05743587762117386,0.6223851442337036,0.16291098296642303,419.43243408203125,321.704833984375,28.903427124023438,62.965824127197266,643.3388061523438,0.13220076262950897,0.055333346128463745,0.5575214624404907,2.0171544551849365,0.7170000076293945,0.020715605467557907,0.029999924823641777,2.114255428314209,0.5,0.11999969929456711,0.3414250612258911,-0.0385739803314209,0.4112171232700348,0.34904736280441284,0.48146986961364746,0.32781967520713806,0.2298591136932373,0.4871949553489685,0.20140516757965088,0.4322434961795807,0.5516932010650635,0.39587464928627014,1.0,0.9792482256889343,0.9635894298553467,0.11877398937940598,0.19821001589298248,0.9987999796867371,0.024000000208616257,0.0010000000474974513,0.023000001907348633,0.717,0.7775752068896008,1.677297045601673,0.4369069064308443,0.45522109638656105,2.33855564535221,1.3228341574983327,0.9351721791732831,0.3550517707167869,0.10357802733778954,0.04642159678041935,404.943618708834,0.15603618323802948,0.01599762588739395,0.0803602859377861,0.004880673252046108,0.03845680132508278,0.28800705075263977,0.49493375420570374,0.758307158946991,0.9635894298553467,0.9769999980926514,0.34805707525657986
pacing,3,action_space,-1.0,2.0999999046325684,0.0,0.5,0.0,0.11999999731779099,-1.0,0.3400000035762787,0.0,0.0,rough_slope_trot_robustness,rough_slope,1.5,trotting,1000,0.6297396421432495,0.6297396421432495,1.282679796218872,0.33500632643699646,0.25539231300354004,0.377010703086853,1.448996663093567,0.25539231300354004,0.10099458694458008,0.23743201792240143,0.142793208360672,0.9976555109024048,1.8415296077728271,0.6958162784576416,0.86161208152771,0.377010703086853,0.34641051292419434,0.013665158301591873,0.006969551555812359,0.4213201403617859,0.13890685141086578,230.34254455566406,158.04730224609375,33.673194885253906,67.39134216308594,229.55160522460938,0.09982717037200928,0.06166668236255646,0.6392894983291626,2.273380994796753,0.8220000267028809,0.025653593242168427,0.029999924823641777,2.114398717880249,0.5,0.11999969929456711,0.34143948554992676,0.0,0.6549053192138672,0.4992854595184326,0.7213740348815918,0.3902685046195984,0.3013954162597656,0.6551291942596436,0.22376839816570282,0.5510056614875793,0.5242656469345093,0.4753437042236328,1.0,0.9792482256889343,0.9673756957054138,0.2328547239303589,0.30410444736480713,1.0,0.024000000208616257,0.007000000216066837,0.017000000923871994,0.822,0.7777243658283911,1.6630304101925077,0.3177964552108473,0.37787988615520673,1.357029700401884,0.9282306187191359,0.5885664898073916,0.143647867569986,0.12826796621084213,0.021731657907366753,179.57914768337022,0.6383191347122192,0.2413829118013382,0.6618646383285522,0.03115164302289486,0.062154196202754974,0.43057218194007874,0.5008655786514282,0.7346703410148621,0.9673756957054138,0.982999999076128,0.5849052234307717
pacing,3,action_space,-1.0,2.0999999046325684,0.0,0.5,0.0,0.11999999731779099,-1.0,0.3400000035762787,1.0,0.03999999910593033,rough_slope_trot_robustness,rough_slope,1.5,trotting,1000,0.5767943859100342,0.5767943859100342,1.220355749130249,0.4695523679256439,0.2912907004356384,0.5573115944862366,1.4473741054534912,0.2912907004356384,0.13810354471206665,0.2858278751373291,0.175286665558815,1.2514408826828003,3.1052041053771973,0.8286827802658081,1.238163709640503,0.5573115944862366,0.786225438117981,0.04124420881271362,0.020408812910318375,0.4838707447052002,0.18133927881717682,282.8529052734375,200.7740478515625,32.69799041748047,67.254638671875,555.3311157226562,0.10682891309261322,0.06816667318344116,0.5467778444290161,1.7830801010131836,0.8260000348091125,0.024407122284173965,0.029999924823641777,2.1143174171447754,0.5,0.11999969929456711,0.34143131971359253,0.03856780380010605,0.5326070785522461,0.4006454646587372,0.6120963096618652,0.34660816192626953,0.24980467557907104,0.5495027899742126,0.19111523032188416,0.46455127000808716,0.5137652158737183,0.4556592106819153,1.0,0.9792482256889343,0.9635404348373413,0.11885647475719452,0.19915363192558289,0.9996000528335571,0.02500000037252903,0.006000000052154064,0.01900000125169754,0.826,0.6619586344203995,1.4692489879285455,0.37162285278500656,0.4186725039440911,1.7621589330639837,1.11272804837503,0.8866935423910456,0.2483002652496207,0.12203561142086983,0.027964012697339058,231.77905743880632,0.41398823261260986,0.04478141665458679,0.29139938950538635,0.014854609966278076,0.026601556688547134,0.3799401819705963,0.5829387307167053,0.711177408695221,0.9635404348373413,0.9809999987483025,0.4571358566417506
pacing,3,action_space,-1.0,2.0999999046325684,0.0,0.5,0.0,0.11999999731779099,0.0,0.3799999952316284,-1.0,-0.03999999910593033,rough_slope_trot_robustness,rough_slope,1.5,trotting,1000,0.61012202501297,0.61012202501297,1.2646427154541016,0.38586410880088806,0.2719622254371643,0.41868841648101807,1.5563291311264038,0.2719622254371643,0.11227685958147049,0.2762557864189148,0.1706281304359436,1.0956330299377441,2.0896925926208496,0.7013698816299438,0.8969323635101318,0.41868841648101807,0.4152403175830841,0.0260898619890213,0.008750664070248604,0.4516370892524719,0.10898171365261078,253.37672424316406,175.86349487304688,34.086456298828125,68.12024688720703,332.74395751953125,0.10445426404476166,0.05750000476837158,0.6343242526054382,2.2026684284210205,0.8180000185966492,0.02529284916818142,0.029999924823641777,2.114440441131592,0.5,0.11999969929456711,0.3800007998943329,-0.03855548053979874,0.5960497856140137,0.4681013226509094,0.6468772888183594,0.39510107040405273,0.27530503273010254,0.6215318441390991,0.19856083393096924,0.4781523048877716,0.5291891098022461,0.4692313075065613,1.0,0.9792482256889343,0.967369019985199,0.23292535543441772,0.3046621084213257,1.0,0.024000000208616257,0.005000000353902578,0.01900000125169754,0.818,0.7754574801344744,1.6409596963292785,0.335077393420491,0.41307158028112223,1.4455769065050983,0.9470651316092953,0.6443914319597088,0.18665617069700616,0.1264642458409071,0.02353537827730179,200.35439349538564,0.5512513518333435,0.17325341701507568,0.4981716573238373,0.0223290603607893,0.1130828708410263,0.40524065494537354,0.5100802779197693,0.7501365542411804,0.967369019985199,0.9809999987483025,0.537828444062095
pacing,3,action_space,-1.0,2.0999999046325684,0.0,0.5,0.0,0.11999999731779099,0.0,0.3799999952316284,0.0,0.0,rough_slope_trot_robustness,rough_slope,1.5,trotting,1000,0.6270865201950073,0.6270865201950073,1.2720613479614258,0.44151216745376587,0.27740421891212463,0.5021631717681885,1.6885337829589844,0.27740421891212463,0.11755654215812683,0.29476606845855713,0.18463382124900818,1.3056071996688843,3.414771556854248,0.7849396467208862,1.081291675567627,0.5021631717681885,0.5830526351928711,0.03452270105481148,0.015274511650204659,0.46826815605163574,0.13883744180202484,279.6241149902344,195.40171813964844,33.13512420654297,68.93798828125,689.9419555664062,0.10762372612953186,0.05258333683013916,0.5812370181083679,2.0020577907562256,0.8330000638961792,0.025441233068704605,0.029999924823641777,2.1149168014526367,0.5,0.11999969929456711,0.3800007998943329,0.0,0.5371683835983276,0.4138438105583191,0.6082336902618408,0.3649572432041168,0.24704113602638245,0.5621732473373413,0.18724742531776428,0.45803171396255493,0.5240497589111328,0.45835861563682556,1.0,0.9783835411071777,0.9704422950744629,0.47672945261001587,0.5270696878433228,0.9998000264167786,0.02500000037252903,0.00800000037997961,0.017000000923871994,0.833,0.6977635048159889,1.5503001836331969,0.3428651953146117,0.42969037835284163,1.847910051072359,1.039851756534376,0.7635788336464487,0.2231528908730876,0.12720616534352303,0.02279345877468586,219.8196772807798,0.45852887630462646,0.0803246721625328,0.36937448382377625,0.017603373154997826,0.06224052980542183,0.39198318123817444,0.5483411550521851,0.7688059210777283,0.9704422950744629,0.982999999076128,0.48630361935417904
pacing,3,action_space,-1.0,2.0999999046325684,0.0,0.5,0.0,0.11999999731779099,0.0,0.3799999952316284,1.0,0.03999999910593033,rough_slope_trot_robustness,rough_slope,1.5,trotting,1000,0.6175204515457153,0.6175204515457153,1.2699682712554932,0.3925970196723938,0.27599358558654785,0.40914785861968994,1.384961485862732,0.27599358558654785,0.12030212581157684,0.2714553773403168,0.16013741493225098,1.075241208076477,2.0200839042663574,0.7413166761398315,1.0350786447525024,0.40914785861968994,0.3726620674133301,0.01949271932244301,0.009776635095477104,0.44109493494033813,0.1385270059108734,246.23123168945312,168.13719177246094,33.33197784423828,68.17608642578125,390.9954833984375,0.10430661588907242,0.06949999928474426,0.6052529811859131,2.1284494400024414,0.8200000524520874,0.025399358943104744,0.029999924823641777,2.1150052547454834,0.5,0.11999969929456711,0.3800007998943329,0.038499027490615845,0.602698802947998,0.4593542814254761,0.6928616762161255,0.3768729567527771,0.2803548574447632,0.6164063215255737,0.2250923067331314,0.4869673550128937,0.5171597003936768,0.46926283836364746,1.0,0.9783835411071777,0.9660160541534424,0.2341555804014206,0.30843979120254517,1.0,0.02500000037252903,0.003000000026077032,0.02199999988079071,0.82,0.7381133288871952,1.6111082455761359,0.34684596842341536,0.40017173180054955,1.4212965574665821,1.0173881485217442,0.610460537146612,0.17108288756599857,0.12699679471552372,0.023002829402685165,193.88770354556058,0.5398145318031311,0.18749189376831055,0.5568902492523193,0.02257292903959751,0.06262816488742828,0.4138755798339844,0.5226112008094788,0.7064520120620728,0.9660160541534424,0.9780000001192093,0.5401307420903131
pacing,3,action_space,-1.0,2.0999999046325684,0.0,0.5,0.0,0.11999999731779099,1.0,0.3799999952316284,-1.0,-0.03999999910593033,rough_slope_trot_robustness,rough_slope,1.5,trotting,1000,0.5632725954055786,0.5632725954055786,1.098101258277893,0.5772711038589478,0.3257153630256653,0.563538670539856,1.5392804145812988,0.3257153630256653,0.1775621920824051,0.3252655267715454,0.22569511830806732,1.454343557357788,4.2836995124816895,0.9197958111763,1.5998461246490479,0.563538670539856,0.7377453446388245,0.04802583158016205,0.04539897292852402,0.5681530833244324,0.15549524128437042,361.01556396484375,266.18157958984375,30.932029724121094,64.21392822265625,475.27386474609375,0.12696677446365356,0.04475000500679016,0.5685403347015381,2.035349130630493,0.7850000262260437,0.02196202054619789,0.029999924823641777,2.1147689819335938,0.5,0.11999969929456711,0.3800007998943329,-0.03852265328168869,0.4716300964355469,0.3920503854751587,0.53354811668396,0.3303472697734833,0.23072482645511627,0.5363302826881409,0.19731038808822632,0.4112180471420288,0.5432286858558655,0.4192095696926117,1.0,0.9783835411071777,0.9621981978416443,0.11981192231178284,0.20185646414756775,0.9989999532699585,0.02500000037252903,0.0020000000949949026,0.023000001907348633,0.785,0.7242552155901671,1.610217820092954,0.42138129061742297,0.4750738030117713,2.069710006856441,1.264850238031779,0.858921035159126,0.30565471452062715,0.10981010273098946,0.04018952138721943,328.7634553219706,0.26369351148605347,0.041762422770261765,0.15435563027858734,0.006154792848974466,0.04460520297288895,0.3210025727748871,0.522986114025116,0.7995149493217468,0.9621981978416443,0.9769999980926514,0.3909478758608825
pacing,3,action_space,-1.0,2.0999999046325684,0.0,0.5,0.0,0.11999999731779099,1.0,0.3799999952316284,0.0,0.0,rough_slope_trot_robustness,rough_slope,1.5,trotting,1000,0.6016639471054077,0.6016639471054077,1.2721885442733765,0.4277665615081787,0.29340142011642456,0.49088114500045776,1.1657847166061401,0.29340142011642456,0.13878585398197174,0.29705631732940674,0.19333365559577942,1.2077302932739258,2.9802398681640625,0.775232195854187,1.1052093505859375,0.49088114500045776,0.5677303671836853,0.03450290113687515,0.016237976029515266,0.4706761837005615,0.14432546496391296,276.56695556640625,195.50363159179688,32.46577453613281,66.32891845703125,362.501220703125,0.10845626890659332,0.053916677832603455,0.6023819446563721,2.150343894958496,0.8170000314712524,0.025443777441978455,0.029999924823641777,2.1155166625976562,0.5,0.11999969929456711,0.3800007998943329,0.0,0.5489780902862549,0.43556272983551025,0.6137053966522217,0.3675137162208557,0.26186156272888184,0.5827304720878601,0.24725672602653503,0.446053147315979,0.5142349004745483,0.4534415006637573,1.0,0.9775189161300659,0.9646756649017334,0.23529431223869324,0.3114742636680603,0.9996000528335571,0.026000000536441803,0.004999999888241291,0.021000001579523087,0.817,0.7373096181246175,1.6223438889466215,0.37253973476928837,0.4396972317354061,1.7263371247134964,1.051289375284435,0.7534788432223464,0.22525735762986837,0.12721888720989227,0.022780736908316612,217.39462818726315,0.4809764623641968,0.0898473709821701,0.36246854066848755,0.019419027492403984,0.055770546197891235,0.3900999128818512,0.5178861021995544,0.7636975646018982,0.9646756649017334,0.9789999984204769,0.48654069202510936
pacing,3,action_space,-1.0,2.0999999046325684,0.0,0.5,0.0,0.11999999731779099,1.0,0.3799999952316284,1.0,0.03999999910593033,rough_slope_trot_robustness,rough_slope,1.5,trotting,1000,0.5947332382202148,0.5947332382202148,1.223482370376587,0.4505953788757324,0.28626930713653564,0.4786984324455261,1.2030880451202393,0.28626930713653564,0.12863892316818237,0.2833113670349121,0.18729045987129211,1.1302096843719482,2.7572860717773438,0.7908031940460205,1.1208264827728271,0.4786984324455261,0.5607272386550903,0.02794833853840828,0.0212473776191473,0.47727394104003906,0.1537901759147644,274.60406494140625,195.23654174804688,33.62232208251953,68.12818908691406,543.1184692382812,0.107944555580616,0.06533334404230118,0.6927199363708496,2.535979747772217,0.8330000638961792,0.024469630792737007,0.029999924823641777,2.1149182319641113,0.5,0.11999969929456711,0.3800007998943329,0.03850773721933365,0.5597472190856934,0.4410974383354187,0.6631881594657898,0.360531210899353,0.2812090516090393,0.5913372039794922,0.2305281162261963,0.4855165481567383,0.5264435410499573,0.4541286826133728,1.0,0.9783835411071777,0.9620201587677002,0.1200333908200264,0.20371583104133606,0.9998000264167786,0.02500000037252903,0.004000000189989805,0.021000001579523087,0.833,0.8315964569421519,1.7448189441555688,0.35866268717024685,0.4327706781556395,1.660507775283616,1.0586909288233404,0.748817226467908,0.22180107339135124,0.12234815396368504,0.02765147015452385,224.44464390351888,0.44390496611595154,0.1011124700307846,0.3738448917865753,0.02291722409427166,0.04615252837538719,0.38498616218566895,0.4671531021595001,0.72132408618927,0.9620201587677002,0.9789999984204769,0.47577093845527424
pacing,3,action_space,-1.0,2.0999999046325684,0.0,0.5,1.0,0.11999999731779099,-1.0,0.3400000035762787,-1.0,-0.03999999910593033,rough_slope_trot_robustness,rough_slope,1.5,trotting,1000,0.5569935441017151,0.5569935441017151,1.2426445484161377,0.4780229926109314,0.30923324823379517,0.545989990234375,1.5618921518325806,0.30923324823379517,0.16411882638931274,0.31043726205825806,0.20551392436027527,1.4043102264404297,4.264163017272949,0.8184382915496826,1.2072503566741943,0.545989990234375,0.6421396732330322,0.04381328076124191,0.027787573635578156,0.5065674185752869,0.17241865396499634,308.92449951171875,219.90362548828125,32.78316116333008,68.19148254394531,532.8472900390625,0.1114901602268219,0.0675833448767662,0.6685395240783691,2.4595189094543457,0.8170000314712524,0.024852890521287918,0.029999924823641777,2.1137940883636475,0.5,0.11999969929456711,0.34137898683547974,-0.03862006962299347,0.4991089701652527,0.3896813988685608,0.5428138971328735,0.3512119650840759,0.2444690763950348,0.5328015089035034,0.19723141193389893,0.44093531370162964,0.5152495503425598,0.44264692068099976,1.0,0.9801129102706909,0.9616500735282898,0.06358369439840317,0.14566758275032043,0.9998000264167786,0.023000001907348633,0.006000000052154064,0.017000000923871994,0.817,0.818285863869339,1.7350581910559122,0.4051158184881365,0.45333643617105746,2.064984992021237,1.0987494512736715,0.8013361799101749,0.26758335971584646,0.12426445260643959,0.025735171511769295,248.6024663331689,0.4009077548980713,0.05073949322104454,0.2388267070055008,0.007873372174799442,0.03179732710123062,0.3630790114402771,0.47113680839538574,0.7132546901702881,0.9616500735282898,0.982999999076128,0.4367813745415524
pacing,3,action_space,-1.0,2.0999999046325684,0.0,0.5,1.0,0.11999999731779099,-1.0,0.3400000035762787,0.0,0.0,rough_slope_trot_robustness,rough_slope,1.5,trotting,1000,0.5825364589691162,0.5825364589691162,1.1974496841430664,0.47611725330352783,0.29800286889076233,0.5157808065414429,1.2470805644989014,0.29800286889076233,0.14515434205532074,0.27850228548049927,0.1778802126646042,1.2521425485610962,3.4734396934509277,0.817642092704773,1.2217907905578613,0.5157808065414429,0.6832274198532104,0.029885685071349144,0.022769823670387268,0.49163633584976196,0.13456383347511292,288.81756591796875,208.39837646484375,32.34149932861328,66.08885192871094,490.4570617675781,0.11261731386184692,0.06683334708213806,0.5661872625350952,1.9009730815887451,0.8090000152587891,0.023949002847075462,0.029999924823641777,2.115334987640381,0.5,0.11999969929456711,0.3415331244468689,0.0,0.5376574397087097,0.423117458820343,0.603036642074585,0.35400962829589844,0.257171094417572,0.5723048448562622,0.23112335801124573,0.4665910601615906,0.5255845785140991,0.4465339779853821,1.0,0.9775189161300659,0.9606247544288635,0.1209721565246582,0.20556753873825073,0.9994000196456909,0.026000000536441803,0.003000000026077032,0.023000001907348633,0.809,0.699860637650649,1.5328996673058113,0.38099126243960074,0.4217584766956133,1.8637166344299574,1.1053464572512373,0.8265757193707123,0.22946788172146534,0.11974501423537731,0.030254609882831573,241.1939054663962,0.40383434295654297,0.06992735713720322,0.3488510847091675,0.01576177589595318,0.06779433786869049,0.37408483028411865,0.5557452440261841,0.7159343957901001,0.9606247544288635,0.9769999980926514,0.46874405541702324
pacing,3,action_space,-1.0,2.0999999046325684,0.0,0.5,1.0,0.11999999731779099,-1.0,0.3400000035762787,1.0,0.03999999910593033,rough_slope_trot_robustness,rough_slope,1.5,trotting,1000,0.5841172933578491,0.5841172933578491,1.2775055170059204,0.36947810649871826,0.28596410155296326,0.4679146409034729,1.7324824333190918,0.28596410155296326,0.13757631182670593,0.25960832834243774,0.14833642542362213,1.0863484144210815,2.1559102535247803,0.7743100523948669,1.004356861114502,0.4679146409034729,0.49311864376068115,0.019014732912182808,0.01238783448934555,0.43888723850250244,0.14097192883491516,249.9352264404297,174.21405029296875,32.908348083496094,66.83576202392578,288.505126953125,0.10378889739513397,0.05750001221895218,0.58478844165802,2.033576488494873,0.8240000605583191,0.025550108402967453,0.029999924823641777,2.113795280456543,0.5,0.11999969929456711,0.3413791060447693,0.03862002491950989,0.6108002662658691,0.41819071769714355,0.6612797379493713,0.3532162308692932,0.2726856768131256,0.5681933760643005,0.16044077277183533,0.4902464747428894,0.5238056182861328,0.4689454436302185,1.0,0.9801129102706909,0.961650013923645,0.06358401477336884,0.1456695795059204,0.9998000264167786,0.023000001907348633,0.004000000189989805,0.01900000125169754,0.824,0.7096947234811135,1.570965434236126,0.3709128089277936,0.38514468115712325,1.4683018264392305,1.0021760629323082,0.7022240694825841,0.17720769566113193,0.12775054201483727,0.02224908210337162,195.6431679654902,0.5792296528816223,0.11197930574417114,0.5336306691169739,0.011288071051239967,0.059639424085617065,0.4157070517539978,0.5395697951316833,0.7501365542411804,0.961650013923645,0.9809999987483025,0.5451992309015048
pacing,3,action_space,-1.0,2.0999999046325684,0.0,0.5,1.0,0.11999999731779099,0.0,0.3799999952316284,-1.0,-0.03999999910593033,rough_slope_trot_robustness,rough_slope,1.5,trotting,1000,0.5866138935089111,0.5866138935089111,1.2496554851531982,0.42585405707359314,0.28392642736434937,0.4725658595561981,1.4499746561050415,0.28392642736434937,0.13737350702285767,0.2858628034591675,0.17910616099834442,1.1191437244415283,2.4494285583496094,0.7566565275192261,1.0331664085388184,0.4725658595561981,0.54569411277771,0.02758021652698517,0.014772851020097733,0.45521634817123413,0.1553800106048584,256.95306396484375,178.25877380371094,33.56597900390625,67.21125793457031,477.5655212402344,0.10401999950408936,0.05283334106206894,0.6513032913208008,2.270625352859497,0.8300000429153442,0.024993110448122025,0.029999924823641777,2.114992141723633,0.5,0.11999969929456711,0.3800007998943329,-0.038500361144542694,0.5645741820335388,0.4479897618293762,0.6225696802139282,0.3713654577732086,0.2657167315483093,0.5938891172409058,0.2143269181251526,0.4565127491950989,0.5151593089103699,0.4598754346370697,1.0,0.9783835411071777,0.9619931578636169,0.12012174725532532,0.20464172959327698,1.0,0.02500000037252903,0.004000000189989805,0.021000001579523087,0.83,0.7847026778990964,1.6539930668626361,0.3706393220138112,0.42320935835392914,1.5650650332652665,1.0164479369543815,0.7387111159158971,0.20579860919618212,0.12496555224061012,0.025034071877598763,205.61912224419459,0.48412764072418213,0.10718651860952377,0.42867282032966614,0.01503394078463316,0.044708117842674255,0.4023500978946686,0.5046333074569702,0.7678455114364624,0.9619931578636169,0.9789999984204769,0.497564592741822
pacing,3,action_space,-1.0,2.0999999046325684,0.0,0.5,1.0,0.11999999731779099,0.0,0.3799999952316284,0.0,0.0,rough_slope_trot_robustness,rough_slope,1.5,trotting,1000,0.6028873920440674,0.6028873920440674,1.2472530603408813,0.4350458085536957,0.28582775592803955,0.4799279570579529,1.6009424924850464,0.28582775592803955,0.12909385561943054,0.2833491861820221,0.16991928219795227,1.1076562404632568,2.2596561908721924,0.7356947064399719,0.9598722457885742,0.4799279570579529,0.5521562695503235,0.027131114155054092,0.013149149715900421,0.44907549023628235,0.13864681124687195,248.9453125,171.1450958251953,33.61914825439453,69.08613586425781,487.8612060546875,0.1071842834353447,0.052833348512649536,0.6056338548660278,2.1102025508880615,0.8320000171661377,0.024945057928562164,0.029999924823641777,2.1141562461853027,0.5,0.11999969929456711,0.3800007998943329,0.0,0.5671517252922058,0.4263639450073242,0.659435510635376,0.3711194097995758,0.2572896480560303,0.5785492062568665,0.1754242181777954,0.46112674474716187,0.5198685526847839,0.4615823030471802,1.0,0.9801129102706909,0.9683699607849121,0.2322790026664734,0.3032827377319336,1.0,0.023000001907348633,0.004999999888241291,0.018000001087784767,0.832,0.7279253739577073,1.5925768278541348,0.3592963339910812,0.41221266622697594,1.5032152842730786,0.9797307006461389,0.7430721832704569,0.20069943664832374,0.12472528964281082,0.025274334475398064,199.59487005144075,0.46904367208480835,0.09992768615484238,0.44681739807128906,0.015255436301231384,0.06247827783226967,0.40732210874557495,0.5304257869720459,0.7678455114364624,0.9683699607849121,0.9819999989122152,0.5024210822425391
pacing,3,action_space,-1.0,2.0999999046325684,0.0,0.5,1.0,0.11999999731779099,0.0,0.3799999952316284,1.0,0.03999999910593033,rough_slope_trot_robustness,rough_slope,1.5,trotting,1000,0.5977654457092285,0.5977654457092285,1.2790858745574951,0.38680630922317505,0.28127777576446533,0.43818193674087524,1.5719902515411377,0.28127777576446533,0.12127749621868134,0.27693644165992737,0.17331475019454956,1.1255589723587036,2.4207875728607178,0.7622742056846619,1.0472533702850342,0.43818193674087524,0.4476720690727234,0.02368902415037155,0.010769612155854702,0.428879052400589,0.11848092824220657,238.37139892578125,159.5301971435547,33.408409118652344,67.82524108886719,423.0544738769531,0.10425486415624619,0.05958334356546402,0.6295840740203857,2.1479594707489014,0.8240000009536743,0.025581693276762962,0.029999924823641777,2.1141788959503174,0.5,0.11999969929456711,0.3800007998943329,0.03858162835240364,0.6020745038986206,0.4607164263725281,0.6861895322799683,0.36471229791641235,0.2733943462371826,0.6113674640655518,0.18696168065071106,0.47954297065734863,0.5259215831756592,0.47408798336982727,1.0,0.9792481660842896,0.9637181758880615,0.11864680051803589,0.19737789034843445,0.9998000264167786,0.024000000208616257,0.008999999612569809,0.015000000596046448,0.824,0.7640583816083889,1.6145423292175574,0.348249186960546,0.41631088166723385,1.5558880335232088,1.0233539809298804,0.6690830061156264,0.18563037549449243,0.1279084663838148,0.022091157734394073,186.36074689531443,0.5496484041213989,0.14660197496414185,0.5019911527633667,0.018360747024416924,0.09351637959480286,0.42411184310913086,0.5211659669876099,0.7423631548881531,0.9637181758880615,0.9849999994039536,0.5369923442210023
pacing,3,action_space,-1.0,2.0999999046325684,0.0,0.5,1.0,0.11999999731779099,1.0,0.3799999952316284,-1.0,-0.03999999910593033,rough_slope_trot_robustness,rough_slope,1.5,trotting,1000,0.5694815516471863,0.5694815516471863,1.2747154235839844,0.45333266258239746,0.29239290952682495,0.4947904944419861,1.6093961000442505,0.29239290952682495,0.13593098521232605,0.30057865381240845,0.19445070624351501,1.169860601425171,2.5690724849700928,0.7713121175765991,1.2192919254302979,0.4947904944419861,0.5036047697067261,0.03853040188550949,0.014480880461633205,0.46480369567871094,0.1728208363056183,277.05877685546875,195.37350463867188,32.999671936035156,68.32254028320312,540.7371826171875,0.11114281415939331,0.05083334073424339,0.615241527557373,2.141190767288208,0.831000030040741,0.0254942886531353,0.029999924823641777,2.114872455596924,0.5,0.11999969929456711,0.3800007998943329,-0.038512371480464935,0.5399796962738037,0.4039114713668823,0.5883255004882812,0.3868311643600464,0.25997549295425415,0.5544031262397766,0.19269058108329773,0.44993120431900024,0.5233423113822937,0.4554416537284851,1.0,0.9783835411071777,0.958416223526001,0.0654667466878891,0.15313634276390076,0.9998000264167786,0.02500000037252903,0.003000000026077032,0.02200000174343586,0.831,0.7403628352747067,1.6051926395738763,0.3686881951084494,0.44096565199969373,1.6028326440929799,1.1042155249000523,0.709651160575903,0.23024179105267292,0.1274714432656765,0.022528180852532387,217.34951325566573,0.43953320384025574,0.08645109832286835,0.3463776707649231,0.013193700462579727,0.0315425880253315,0.39470863342285156,0.525102972984314,0.7755625247955322,0.958416223526001,0.9779999982565641,0.4699178032184902
pacing,3,action_space,-1.0,2.0999999046325684,0.0,0.5,1.0,0.11999999731779099,1.0,0.3799999952316284,0.0,0.0,rough_slope_trot_robustness,rough_slope,1.5,trotting,1000,0.5773856043815613,0.5773856043815613,1.136354684829712,0.5083705186843872,0.2829819917678833,0.5191330909729004,1.4974370002746582,0.2829819917678833,0.1247197687625885,0.2847103476524353,0.173112154006958,1.3003880977630615,3.589719295501709,0.8177911043167114,1.205767035484314,0.5191330909729004,0.6184369921684265,0.03856998682022095,0.02524068020284176,0.5228445529937744,0.17900358140468597,303.8022766113281,219.22679138183594,32.53942108154297,65.724365234375,503.16937255859375,0.11428738385438919,0.060833338648080826,0.5848309993743896,2.086507558822632,0.8010000586509705,0.02272709831595421,0.029999924823641777,2.1131951808929443,0.5,0.11999969929456711,0.3800007998943329,0.0,0.5331106185913086,0.4014902114868164,0.6058281064033508,0.35402393341064453,0.25379228591918945,0.5480809211730957,0.18935346603393555,0.46885788440704346,0.5273094177246094,0.4339597821235657,1.0,0.9809775352478027,0.966553270816803,0.11659671366214752,0.19100168347358704,0.9994000196456909,0.02200000174343586,0.004000000189989805,0.018000001087784767,0.801,0.7301260844598548,1.6139635567434907,0.3531568614123029,0.41606748732261933,1.8946554556176458,1.0980742395140293,0.7864076501207414,0.25260773349813087,0.11363549157977104,0.03636413253843784,267.34810941255927,0.35566630959510803,0.06754294782876968,0.27909213304519653,0.01846584863960743,0.027873700484633446,0.35144954919815063,0.5214094519615173,0.7377378940582275,0.966553270816803,0.9819999989122152,0.4376564026369076
pacing,3,action_space,-1.0,2.0999999046325684,0.0,0.5,1.0,0.11999999731779099,1.0,0.3799999952316284,1.0,0.03999999910593033,rough_slope_trot_robustness,rough_slope,1.5,trotting,1000,0.5977212190628052,0.5977212190628052,1.3219597339630127,0.3798638582229614,0.26739510893821716,0.4032231569290161,1.3023834228515625,0.26739510893821716,0.10937198996543884,0.26686447858810425,0.16260191798210144,1.0597074031829834,2.0954418182373047,0.7048321962356567,0.833670973777771,0.4032231569290161,0.35017722845077515,0.01778537780046463,0.00966402143239975,0.4313589930534363,0.11750880628824234,250.203857421875,169.5054931640625,33.824127197265625,67.85627746582031,314.2969055175781,0.10512275248765945,0.05508333444595337,0.5895812511444092,2.0264246463775635,0.8210000395774841,0.026439189910888672,0.029999924823641777,2.115518093109131,0.5,0.11999969929456711,0.3800007998943329,0.038447778671979904,0.6077761650085449,0.46460315585136414,0.6906601190567017,0.3799905776977539,0.27944815158843994,0.6232290267944336,0.24729987978935242,0.48938941955566406,0.5277278423309326,0.46981823444366455,1.0,0.9775189161300659,0.9566848278045654,0.06650283932685852,0.15857137739658356,0.9998000264167786,0.026000000536441803,0.006000000052154064,0.020000001415610313,0.821,0.7181256720558008,1.5710631483213036,0.3307143631072573,0.4032392812984636,1.4475640981446398,0.9130558437345281,0.5917577447323991,0.1656786022178615,0.13219594955444336,0.017803674563765526,189.26738159550894,0.5614759922027588,0.1967366635799408,0.5775339603424072,0.030506260693073273,0.09535236656665802,0.4220134913921356,0.5395284295082092,0.7592557072639465,0.9566848278045654,0.9799999985843897,0.5561156991477076
pacing,3,action_space,0.0,2.5,0.0,0.5,-1.0,0.08999999612569809,-1.0,0.3400000035762787,-1.0,-0.03999999910593033,rough_slope_trot_robustness,rough_slope,1.5,trotting,1000,0.6135996580123901,0.6135996580123901,1.2963882684707642,0.31463661789894104,0.2395121455192566,0.3565483093261719,1.672539234161377,0.2395121455192566,0.08873429149389267,0.2234213948249817,0.12668687105178833,0.9028351306915283,1.468169927597046,0.6490755081176758,0.8533707857131958,0.3565483093261719,0.2795029878616333,0.01782410591840744,0.006644404027611017,0.4087636172771454,0.1005127876996994,219.73944091796875,144.73712158203125,34.64164352416992,68.95269775390625,226.905029296875,0.08832862973213196,0.0520000085234642,0.5989073514938354,1.8239690065383911,0.9640000462532043,0.025927774608135223,0.029999924823641777,2.5,0.5,0.09108003228902817,0.3414391875267029,-0.03855995088815689,0.6879268884658813,0.5141267776489258,0.6995971202850342,0.4313942492008209,0.286479115486145,0.6623001098632812,0.20674408972263336,0.5763550996780396,0.5328241586685181,0.4828348755836487,0.6385006308555603,0.9792482256889343,0.9635125994682312,0.11895006895065308,0.20012319087982178,1.0,0.024000000208616257,0.004000000189989805,0.020000001415610313,0.964,0.6212731832290586,1.3755304499785077,0.2978830164576233,0.35593099197988975,1.21168062111971,0.9237807021762231,0.5286804212959217,0.15642413479389444,0.12963887304067612,0.020360751077532768,169.50125688592982,0.6730169057846069,0.28047606348991394,0.6130123734474182,0.03183384984731674,0.13395440578460693,0.44152209162712097,0.6231169700622559,0.7710515260696411,0.9635125994682312,0.9799999985843897,0.6002538103218142
pacing,3,action_space,0.0,2.5,0.0,0.5,-1.0,0.08999999612569809,-1.0,0.3400000035762787,0.0,0.0,rough_slope_trot_robustness,rough_slope,1.5,trotting,1000,0.6245405673980713,0.6245405673980713,1.2457616329193115,0.3802666962146759,0.2387077808380127,0.4203941226005554,1.4994112253189087,0.2387077808380127,0.09091341495513916,0.254101037979126,0.15019652247428894,1.0921738147735596,2.7118659019470215,0.690941333770752,0.956101655960083,0.4203941226005554,0.45478856563568115,0.021382201462984085,0.014482371509075165,0.4281115233898163,0.10743725299835205,237.4039764404297,158.92724609375,33.48400115966797,66.94300079345703,534.839111328125,0.0930672362446785,0.06425000727176666,0.5022583603858948,1.565155029296875,0.9540000557899475,0.02491525188088417,0.029999924823641777,2.5,0.5,0.0910351350903511,0.3413792848587036,0.0,0.6279153823852539,0.49408742785453796,0.7107964158058167,0.4166790843009949,0.27626556158065796,0.6363927721977234,0.22318971157073975,0.5263165235519409,0.5360549688339233,0.4723382294178009,0.6379393339157104,0.9801129102706909,0.9687350988388062,0.23156335949897766,0.299835741519928,0.9998000264167786,0.024000000208616257,0.004000000189989805,0.020000001415610313,0.954,0.5264762382587297,1.280868346254593,0.30151851511165806,0.3875519609991529,1.6467743931537864,0.9778045080485582,0.6743801343720626,0.1893794417883294,0.12457625940442085,0.025423364713788033,190.56934341772785,0.5607887506484985,0.17079143226146698,0.4880724251270294,0.036236826330423355,0.1166304275393486,0.42476338148117065,0.6635468006134033,0.7252418994903564,0.9687350988388062,0.9799999985843897,0.5498581151232909
pacing,3,action_space,0.0,2.5,0.0,0.5,-1.0,0.08999999612569809,-1.0,0.3400000035762787,1.0,0.03999999910593033,rough_slope_trot_robustness,rough_slope,1.5,trotting,1000,0.6308063268661499,0.6308063268661499,1.2988709211349487,0.3238823711872101,0.22865375876426697,0.32553955912590027,1.3856030702590942,0.22865375876426697,0.07963947206735611,0.2448958158493042,0.14615975320339203,0.9393373727798462,1.3704273700714111,0.6058749556541443,0.6415778398513794,0.32553955912590027,0.24625438451766968,0.009706655517220497,0.00484381802380085,0.3891977071762085,0.0823451578617096,212.65870666503906,142.10523986816406,33.72024154663086,67.93515014648438,266.94207763671875,0.0866885781288147,0.059250012040138245,0.546352744102478,1.5997588634490967,0.9700000286102295,0.025977399200201035,0.029999924823641777,2.5,0.5,0.09116969257593155,0.34155887365341187,0.03844037652015686,0.6806786060333252,0.547896146774292,0.7902201414108276,0.4386671483516693,0.29637375473976135,0.6987982392311096,0.24977794289588928,0.5383421182632446,0.5401545763015747,0.48987656831741333,0.6396214962005615,0.9775188565254211,0.9604721069335938,0.1212979257106781,0.20920723676681519,1.0,0.026000000536441803,0.003000000026077032,0.023000001907348633,0.97,0.5632502919619845,1.284225784281287,0.28220466344012834,0.38230845295833055,1.170652540283158,0.8009855428479215,0.49624024878849726,0.1206253436928631,0.12988699600100517,0.020112628117203712,163.72582002160664,0.6573102474212646,0.3465389311313629,0.7475085854530334,0.05087454244494438,0.1926455795764923,0.45914214849472046,0.6621196866035461,0.7436015009880066,0.9604721069335938,0.9769999980926514,0.6345824179680724
pacing,3,action_space,0.0,2.5,0.0,0.5,-1.0,0.08999999612569809,0.0,0.3799999952316284,-1.0,-0.03999999910593033,rough_slope_trot_robustness,rough_slope,1.5,trotting,1000,0.6204637885093689,0.6204637885093689,1.3052937984466553,0.3540600836277008,0.24291358888149261,0.4143708050251007,1.426660180091858,0.24291358888149261,0.09767059981822968,0.27301129698753357,0.1684173345565796,0.9996267557144165,1.6851727962493896,0.6896262168884277,0.8813543319702148,0.4143708050251007,0.3915393352508545,0.021673887968063354,0.0077301617711782455,0.41607666015625,0.1040893942117691,241.569580078125,162.7765350341797,33.46440124511719,67.51556396484375,529.8909301757812,0.09294922649860382,0.062416672706604004,0.6188907623291016,1.8593233823776245,0.9660000801086426,0.026105882599949837,0.029999924823641777,2.5,0.5,0.09116386622190475,0.3800007998943329,-0.038448162376880646,0.6350424289703369,0.4704850912094116,0.6596606969833374,0.40675005316734314,0.27410370111465454,0.626501202583313,0.2411285787820816,0.48691660165786743,0.5369672179222107,0.48078516125679016,0.6395485997200012,0.9775189161300659,0.9646756649017334,0.23529091477394104,0.3114510774612427,0.9998000264167786,0.026000000536441803,0.006000000052154064,0.020000001415610313,0.966,0.6406736512115037,1.3873590959314264,0.31252295886579223,0.4103868108950135,1.298142055496774,0.9388047358051699,0.6257310406643213,0.1714760908676239,0.13052941299974918,0.0194702111184597,185.0691241815453,0.6056614518165588,0.17959848046302795,0.5553920865058899,0.03404499962925911,0.12470705807209015,0.4351113438606262,0.6180466413497925,0.7319205403327942,0.9646756649017334,0.9799999985843897,0.5716111998220809
pacing,3,action_space,0.0,2.5,0.0,0.5,-1.0,0.08999999612569809,0.0,0.3799999952316284,0.0,0.0,rough_slope_trot_robustness,rough_slope,1.5,trotting,1000,0.6637694239616394,0.6637694239616394,1.2651169300079346,0.3570484220981598,0.23705801367759705,0.37494826316833496,1.4389698505401611,0.23705801367759705,0.084825798869133,0.2358092963695526,0.1402410864830017,0.9764813184738159,1.5772762298583984,0.646020770072937,0.7273789644241333,0.37494826316833496,0.31147217750549316,0.013629254885017872,0.005911022424697876,0.4156986176967621,0.09783058613538742,219.38705444335938,148.4273681640625,33.7744140625,66.91551971435547,225.80657958984375,0.08730427175760269,0.06350001692771912,0.6157405376434326,1.7811155319213867,0.9760000705718994,0.02530233934521675,0.029999924823641777,2.5,0.5,0.09111478924751282,0.3800007998943329,0.0,0.6457939147949219,0.5006137490272522,0.744933009147644,0.42983901500701904,0.2721084952354431,0.6549018621444702,0.23619121313095093,0.5476334691047668,0.5258119106292725,0.478715181350708,0.6389351487159729,0.9783835411071777,0.9704588651657104,0.4766247868537903,0.5264761447906494,0.9998000264167786,0.02500000037252903,0.009000000543892384,0.01600000075995922,0.976,0.6308816378233862,1.3508935098838941,0.29124868904277146,0.37448776546504386,1.2558965840619196,0.8528651501990999,0.5580969248307082,0.13978654194777032,0.12651169672608376,0.02348792739212513,173.41247219099614,0.6005350351333618,0.24515564739704132,0.6765117049217224,0.043478623032569885,0.14133650064468384,0.43544045090675354,0.6336691379547119,0.7279666066169739,0.9704588651657104,0.9839999992400408,0.5995637614672121
pacing,3,action_space,0.0,2.5,0.0,0.5,-1.0,0.08999999612569809,0.0,0.3799999952316284,1.0,0.03999999910593033,rough_slope_trot_robustness,rough_slope,1.5,trotting,1000,0.6442022919654846,0.6442022919654846,1.2908308506011963,0.3045256733894348,0.24102729558944702,0.34678080677986145,1.5281651020050049,0.24102729558944702,0.08910311758518219,0.2375967800617218,0.13982541859149933,0.9515854120254517,1.4514976739883423,0.6106593608856201,0.6803232431411743,0.34678080677986145,0.2844238877296448,0.008370795287191868,0.005943373776972294,0.41704386472702026,0.08690999448299408,228.43408203125,157.3612060546875,34.251953125,68.50517272949219,359.3692321777344,0.08809574693441391,0.0754166692495346,0.6376833915710449,1.8410511016845703,0.9640000462532043,0.025816617533564568,0.029999924823641777,2.5,0.5,0.09103623032569885,0.3800007998943329,0.03861834853887558,0.6980553865432739,0.5349259376525879,0.7936383485794067,0.43036335706710815,0.28026100993156433,0.6884060502052307,0.2200290560722351,0.5437703132629395,0.5441097021102905,0.4837074875831604,0.6379530429840088,0.9801129102706909,0.9687342643737793,0.23158738017082214,0.300007700920105,1.0,0.024000000208616257,0.007000000216066837,0.017000000923871994,0.964,0.6614973139466092,1.3819565724897205,0.29850145323797367,0.37393237168169774,1.20478117265682,0.8248170967803555,0.5333140610650021,0.11964183659641874,0.12908308766782284,0.020916536450386047,176.9667047583022,0.6900829076766968,0.3004213571548462,0.7510497570037842,0.03650787100195885,0.17583663761615753,0.4342704713344574,0.6203626990318298,0.6858589053153992,0.9687342643737793,0.982999999076128,0.6381510725538981
pacing,3,action_space,0.0,2.5,0.0,0.5,-1.0,0.08999999612569809,1.0,0.3799999952316284,-1.0,-0.03999999910593033,rough_slope_trot_robustness,rough_slope,1.5,trotting,1000,0.611426591873169,0.611426591873169,1.2570966482162476,0.3675631582736969,0.230368509888649,0.3690173029899597,1.3926821947097778,0.230368509888649,0.08146049082279205,0.24464695155620575,0.14579251408576965,1.001566767692566,1.619775652885437,0.6945012807846069,0.8538707494735718,0.3690173029899597,0.3241046071052551,0.019631700590252876,0.006842675618827343,0.400119423866272,0.09150056540966034,207.9873046875,137.82501220703125,34.01933288574219,66.91445922851562,185.80892944335938,0.09238755702972412,0.046000003814697266,0.48399412631988525,1.4285107851028442,0.9580000638961792,0.02514195442199707,0.029999924823641777,2.5,0.5,0.09111525118350983,0.3800007998943329,-0.038512952625751495,0.6477536559104919,0.5010164380073547,0.6890470385551453,0.3957754373550415,0.2833251953125,0.657098650932312,0.24730020761489868,0.5401742458343506,0.5365899801254272,0.47904011607170105,0.6389409899711609,0.9783835411071777,0.9620687365531921,0.11996129155158997,0.20284652709960938,0.9998000264167786,0.02500000037252903,0.0020000000949949026,0.023000001907348633,0.958,0.5052130585672462,1.221121845592142,0.28541284277830253,0.38182785923210166,1.2727040712142934,0.9240512699377518,0.569301859390302,0.1627094840784649,0.12570977210998535,0.024289852008223534,165.45052839224635,0.5825089812278748,0.2562151551246643,0.5889067053794861,0.048708971589803696,0.1604117453098297,0.449221670627594,0.6888135671615601,0.7945336103439331,0.9620687365531921,0.9769999980926514,0.5828502535035737
pacing,3,action_space,0.0,2.5,0.0,0.5,-1.0,0.08999999612569809,1.0,0.3799999952316284,0.0,0.0,rough_slope_trot_robustness,rough_slope,1.5,trotting,1000,0.6100530624389648,0.6100530624389648,1.2080724239349365,0.45347172021865845,0.23767758905887604,0.44883817434310913,1.4789693355560303,0.23767758905887604,0.09104457497596741,0.2779412865638733,0.17522025108337402,1.199416160583496,2.674117088317871,0.7493897080421448,1.0834311246871948,0.44883817434310913,0.44632768630981445,0.025878842920064926,0.022785937413573265,0.480587363243103,0.10229596495628357,290.2334899902344,203.89901733398438,31.57278823852539,63.635162353515625,316.4434509277344,0.1072634756565094,0.041083335876464844,0.48667675256729126,1.5406770706176758,0.902999997138977,0.024161456152796745,0.029999924823641777,2.5,0.5,0.0910799652338028,0.3800007998943329,0.0,0.571745753288269,0.4361201822757721,0.6474151611328125,0.3889409601688385,0.25271672010421753,0.5834194421768188,0.22694148123264313,0.4915696680545807,0.5535712242126465,0.4559168517589569,0.6384997367858887,0.9792481660842896,0.9673756957054138,0.23284944891929626,0.30406850576400757,0.9996000528335571,0.024000000208616257,0.0010000000474974513,0.023000001907348633,0.903,0.5389554350083057,1.3062067531203276,0.3017359358378902,0.4185931808849423,1.635272787126928,1.0408799761198189,0.6680776050054473,0.2206009527033784,0.12080728076398373,0.02919234335422516,240.24510802496852,0.43931156396865845,0.13337945938110352,0.37783578038215637,0.036888305097818375,0.12926128506660461,0.382443368434906,0.6527611613273621,0.8143079280853271,0.9673756957054138,0.9769999980926514,0.49956144627771887
pacing,3,action_space,0.0,2.5,0.0,0.5,-1.0,0.08999999612569809,1.0,0.3799999952316284,1.0,0.03999999910593033,rough_slope_trot_robustness,rough_slope,1.5,trotting,1000,0.6178748607635498,0.6178748607635498,1.2502542734146118,0.3553926348686218,0.23067066073417664,0.37625065445899963,1.5053735971450806,0.23067066073417664,0.0824214369058609,0.2537184953689575,0.1510435789823532,0.971847653388977,1.5657429695129395,0.662716805934906,0.8361897468566895,0.37625065445899963,0.30642983317375183,0.013125870376825333,0.0061207180842757225,0.41187959909439087,0.11407323181629181,215.3493194580078,144.50540161132812,34.03140640258789,67.13520812988281,422.91552734375,0.09257298707962036,0.057583339512348175,0.5199388265609741,1.4917962551116943,0.9539999961853027,0.025005074217915535,0.029999924823641777,2.5,0.5,0.09112344682216644,0.3800007998943329,0.03850208967924118,0.6538441181182861,0.498878538608551,0.7632311582565308,0.4182233214378357,0.2791963219642639,0.6506094336509705,0.22894474864006042,0.5208784341812134,0.5240470170974731,0.4777666926383972,0.6390432119369507,0.9783835411071777,0.9619936943054199,0.1201028972864151,0.20450973510742188,1.0,0.02500000037252903,0.003000000026077032,0.02199999988079071,0.954,0.5450092051763954,1.2504909998563094,0.28709133896002664,0.38864325413205514,1.2512965154242777,0.9144341129117447,0.5535610473775696,0.13873207437756077,0.12502537108957767,0.02497425302863121,172.24441782539162,0.6033754348754883,0.24276883900165558,0.6804970502853394,0.0426894947886467,0.10213451087474823,0.4387790858745575,0.6764261722564697,0.749824047088623,0.9619936943054199,0.9780000001192093,0.5970158620100273
pacing,3,action_space,0.0,2.5,0.0,0.5,0.0,0.11999999731779099,-1.0,0.3400000035762787,-1.0,-0.03999999910593033,rough_slope_trot_robustness,rough_slope,1.5,trotting,1000,0.6386223435401917,0.6386223435401917,1.301410436630249,0.32833653688430786,0.21925435960292816,0.33266204595565796,1.319852590560913,0.21925435960292816,0.07163945585489273,0.2331429123878479,0.13393810391426086,0.9986637234687805,1.6986045837402344,0.6346552968025208,0.8320378661155701,0.33266204595565796,0.24299076199531555,0.016467267647385597,0.004769220482558012,0.40451592206954956,0.06840968132019043,224.22366333007812,151.2252655029297,34.09043884277344,68.3999252319336,470.5557556152344,0.09755963087081909,0.04700000584125519,0.6357070207595825,1.9962846040725708,0.968000054359436,0.026028215885162354,0.029999924823641777,2.5,0.5,0.11999969929456711,0.3415588140487671,-0.03844038024544716,0.6840833425521851,0.5386511087417603,0.7154282331466675,0.4385872483253479,0.2889699935913086,0.6912742853164673,0.2630292475223541,0.5536659359931946,0.5459561347961426,0.48804032802581787,1.0,0.9775188565254211,0.9646570682525635,0.23542317748069763,0.3125447630882263,1.0,0.026000000536441803,0.0020000000949949026,0.024000000208616257,0.968,0.6567221397210744,1.436063124428416,0.26765547977744214,0.36597555097883366,1.3033052534768033,0.9121610965808452,0.4929409315479042,0.14572744466964213,0.13014107942581177,0.019858544692397118,172.29281172099863,0.6497162580490112,0.33066803216934204,0.6539464592933655,0.0637592077255249,0.25456640124320984,0.4452889561653137,0.5971605181694031,0.790570855140686,0.9646570682525635,0.9759999997913837,0.6192846025683377
pacing,3,action_space,0.0,2.5,0.0,0.5,0.0,0.11999999731779099,-1.0,0.3400000035762787,0.0,0.0,rough_slope_trot_robustness,rough_slope,1.5,trotting,1000,0.6612444519996643,0.6612444519996643,1.2487825155258179,0.38913848996162415,0.24235141277313232,0.3860025107860565,1.2650136947631836,0.24235141277313232,0.09372402727603912,0.25809285044670105,0.1603437066078186,1.0514222383499146,2.355269193649292,0.7001585960388184,0.9558783769607544,0.3860025107860565,0.382161945104599,0.02183775044977665,0.022417867556214333,0.4540554881095886,0.1046488806605339,271.68243408203125,192.51211547851562,31.924789428710938,65.59528350830078,412.0323791503906,0.10344865918159485,0.06199999153614044,0.6353944540023804,2.0077402591705322,0.9350000619888306,0.024975653737783432,0.029999924823641777,2.5,0.5,0.11999969929456711,0.3415462374687195,0.0,0.6420609951019287,0.5026657581329346,0.6954410076141357,0.40825241804122925,0.27583158016204834,0.653723955154419,0.25331491231918335,0.5243383646011353,0.5423218607902527,0.4685421288013458,1.0,0.9775188565254211,0.9692760705947876,0.47773754596710205,0.5296980738639832,0.9994000196456909,0.026000000536441803,0.007000000216066837,0.01900000125169754,0.935,0.6795662130264037,1.4653722253031274,0.3061438016292983,0.4004294027763428,1.5346886308464307,0.9776903277422532,0.6181924822452947,0.21037019276977187,0.12487826868891716,0.025121355429291725,217.557845905326,0.5456840991973877,0.22537730634212494,0.41266781091690063,0.043304696679115295,0.12331940233707428,0.40328532457351685,0.5845991373062134,0.7334470152854919,0.9692760705947876,0.9809999987483025,0.5280915553632536
pacing,3,action_space,0.0,2.5,0.0,0.5,0.0,0.11999999731779099,-1.0,0.3400000035762787,1.0,0.03999999910593033,rough_slope_trot_robustness,rough_slope,1.5,trotting,1000,0.6257333755493164,0.6257333755493164,1.2665538787841797,0.38855892419815063,0.2473500519990921,0.4065033197402954,1.285172462463379,0.2473500519990921,0.09727658331394196,0.28360334038734436,0.18022941052913666,1.0679676532745361,2.087033271789551,0.7196140289306641,1.0286858081817627,0.4065033197402954,0.37367159128189087,0.01963265985250473,0.010524490848183632,0.44079139828681946,0.10947065055370331,264.09503173828125,182.62197875976562,32.277008056640625,66.36405944824219,310.19354248046875,0.103106290102005,0.05641668289899826,0.7283220291137695,2.407862663269043,0.9450000524520874,0.02533109113574028,0.029999924823641777,2.5,0.5,0.11999969929456711,0.341499000787735,0.038500238209962845,0.6188395023345947,0.493263840675354,0.7031794786453247,0.39756911993026733,0.2614569365978241,0.639924168586731,0.26075756549835205,0.4812118411064148,0.5412428379058838,0.4704599678516388,1.0,0.9783835411071777,0.966016411781311,0.23413583636283875,0.3083036541938782,0.9998000264167786,0.026000000536441803,0.007000000216066837,0.01900000125169754,0.945,0.7707111338458995,1.5962463590632716,0.31189194172652485,0.42453434552358266,1.4446568006933518,1.0142414940149918,0.6112868322497147,0.17365814320292716,0.1266554556787014,0.023344168439507484,208.51464447118317,0.5466687679290771,0.19158005714416504,0.5470893979072571,0.03952965885400772,0.11198245733976364,0.4141269028186798,0.5288763642311096,0.7542107701301575,0.966016411781311,0.9809999987483025,0.5493002951537308
pacing,3,action_space,0.0,2.5,0.0,0.5,0.0,0.11999999731779099,0.0,0.3799999952316284,-1.0,-0.03999999910593033,rough_slope_trot_robustness,rough_slope,1.5,trotting,1000,0.6712245941162109,0.6712245941162109,1.288152813911438,0.3110969662666321,0.2449699342250824,0.3281343877315521,1.5614957809448242,0.2449699342250824,0.092198446393013,0.22424441576004028,0.12856443226337433,0.9984191656112671,1.747657299041748,0.5940030813217163,0.6327354907989502,0.3281343877315521,0.2706461548805237,0.012098475359380245,0.006479676812887192,0.4322322905063629,0.10106907784938812,255.46002197265625,180.72540283203125,34.00450897216797,69.00796508789062,387.90576171875,0.0956866517663002,0.0664166808128357,0.8831199407577515,2.8806471824645996,0.971000075340271,0.025763072073459625,0.029999924823641777,2.5,0.5,0.11999969929456711,0.3800007998943329,-0.038560107350349426,0.6923881769180298,0.567477822303772,0.7434530258178711,0.4500368535518646,0.2740905284881592,0.7131134271621704,0.2077668011188507,0.5728471875190735,0.5504453182220459,0.4802877902984619,1.0,0.9792482256889343,0.9716157913208008,0.47577041387557983,0.5248889923095703,1.0,0.024000000208616257,0.006000000052154064,0.018000001087784767,0.971,0.9094952977157892,1.7224055020067728,0.30364197073694044,0.3585588267821256,1.3219899012631482,0.7954467240481604,0.5202366335433556,0.13630169541230014,0.12881536036729813,0.02118426375091076,198.3149974240707,0.679006040096283,0.3407106101512909,0.6896555423736572,0.03319139406085014,0.13247230648994446,0.4212770462036133,0.47631770372390747,0.7174274921417236,0.9716157913208008,0.9819999989122152,0.6076155864682636
pacing,3,action_space,0.0,2.5,0.0,0.5,0.0,0.11999999731779099,0.0,0.3799999952316284,0.0,0.0,rough_slope_trot_robustness,rough_slope,1.5,trotting,1000,0.7427413463592529,0.7427413463592529,1.273686170578003,0.33677980303764343,0.23341235518455505,0.3343023359775543,1.3924908638000488,0.23341235518455505,0.08372986316680908,0.2569226026535034,0.1559610664844513,0.9730135798454285,1.605780839920044,0.654126763343811,0.8204420804977417,0.3343023359775543,0.29140523076057434,0.013619724661111832,0.011692110449075699,0.42548444867134094,0.08334091305732727,244.11154174804688,167.32568359375,33.81169891357422,68.16981506347656,285.36004638671875,0.10090029984712601,0.04583333432674408,0.6810789108276367,2.1796875,0.9589999914169312,0.02547372132539749,0.029999924823641777,2.5,0.5,0.11999969929456711,0.3800007998943329,0.0,0.6735270023345947,0.5410090088844299,0.7380690574645996,0.4220779240131378,0.27389854192733765,0.6937394142150879,0.23882517218589783,0.5164787769317627,0.5624600648880005,0.4784206748008728,1.0,0.9775187969207764,0.9743054509162903,1.0,1.0,0.9995999932289124,0.026000000536441803,0.007000000216066837,0.01900000125169754,0.959,0.7101969952628063,1.5076058473726894,0.2893611293294403,0.39491906320719855,1.267194081394024,0.9057825790429741,0.5398196279875106,0.15909693620616183,0.12736860662698746,0.022631017491221428,191.6575270949737,0.6352843642234802,0.3270701766014099,0.6027597188949585,0.04655652493238449,0.18884697556495667,0.4270009994506836,0.566533625125885,0.795195996761322,0.9743054509162903,0.9809999987483025,0.5946066367783045
pacing,3,action_space,0.0,2.5,0.0,0.5,0.0,0.11999999731779099,0.0,0.3799999952316284,1.0,0.03999999910593033,rough_slope_trot_robustness,rough_slope,1.5,trotting,1000,0.6682153940200806,0.6682153940200806,1.290750503540039,0.34670066833496094,0.2391381412744522,0.37852180004119873,1.426343321800232,0.2391381412744522,0.08903627097606659,0.2650783061981201,0.16410627961158752,1.0235276222229004,1.8112766742706299,0.6765421032905579,0.8505498766899109,0.37852180004119873,0.36840498447418213,0.015306571498513222,0.015900637954473495,0.43671882152557373,0.08920281380414963,249.45083618164062,174.23898315429688,33.675384521484375,69.15046691894531,281.632568359375,0.10009227693080902,0.05750000476837158,0.6081090569496155,1.924332857131958,0.9580000638961792,0.025815004482865334,0.029999924823641777,2.5,0.5,0.11999969929456711,0.3800007998943329,0.03841480612754822,0.65711510181427,0.517828106880188,0.7459684610366821,0.4167622923851013,0.2725377678871155,0.6681076288223267,0.24450919032096863,0.517284631729126,0.5399930477142334,0.4707532525062561,1.0,0.9766541719436646,0.9681642055511475,0.47843533754348755,0.5307735204696655,0.9996000528335571,0.027000000700354576,0.003000000026077032,0.024000000208616257,0.958,0.6347693202391049,1.4172854628354854,0.2983894619051862,0.40510033277150925,1.34583679332623,0.9222526100206553,0.6069637423060641,0.17665562389289144,0.12907502241432667,0.020924601703882217,193.2603051461081,0.6182851791381836,0.23864276707172394,0.5357196927070618,0.040475085377693176,0.16795548796653748,0.41751381754875183,0.6052131652832031,0.7501365542411804,0.9681642055511475,0.9759999997913837,0.5751888157897875
pacing,3,action_space,0.0,2.5,0.0,0.5,0.0,0.11999999731779099,1.0,0.3799999952316284,-1.0,-0.03999999910593033,rough_slope_trot_robustness,rough_slope,1.5,trotting,1000,0.6269590258598328,0.6269590258598328,1.307032585144043,0.33054229617118835,0.23605012893676758,0.3430117070674896,1.598114252090454,0.23605012893676758,0.0859144926071167,0.24253186583518982,0.1449982225894928,1.0412204265594482,1.8797471523284912,0.6510196924209595,0.8018821477890015,0.3430117070674896,0.2547864019870758,0.02266795188188553,0.00838507991284132,0.423251211643219,0.09130248427391052,237.03094482421875,162.0670166015625,33.53804016113281,68.29241180419922,232.48117065429688,0.09949088096618652,0.05158334597945213,0.6576840877532959,2.1450717449188232,0.9580000638961792,0.026140648871660233,0.029999924823641777,2.5,0.5,0.11999969929456711,0.3800007998943329,-0.03855500370264053,0.6680217981338501,0.5232160091400146,0.6884222030639648,0.43006089329719543,0.27726078033447266,0.6744145154953003,0.20856860280036926,0.5426287055015564,0.5433759689331055,0.47614723443984985,1.0,0.9792482256889343,0.9673689603805542,0.2329331934452057,0.30471503734588623,1.0,0.024000000208616257,0.004000000189989805,0.020000001415610313,0.958,0.6865178309303236,1.4963670456425786,0.29311174082099933,0.380786321431709,1.3710387129211528,0.8954787254809583,0.5047637090630386,0.17621870444060939,0.13070324435830116,0.019296379759907722,181.35044796767366,0.645950198173523,0.3083344101905823,0.5373741984367371,0.03628306835889816,0.1610485017299652,0.4289124608039856,0.5713355541229248,0.7726595997810364,0.9673689603805542,0.9799999985843897,0.5795413664493121
pacing,3,action_space,0.0,2.5,0.0,0.5,0.0,0.11999999731779099,1.0,0.3799999952316284,0.0,0.0,rough_slope_trot_robustness,rough_slope,1.5,trotting,1000,0.6727275848388672,0.6727275848388672,1.3058518171310425,0.31696856021881104,0.23353442549705505,0.3287447690963745,1.4127271175384521,0.23353442549705505,0.0844065323472023,0.24326419830322266,0.1440196931362152,0.9570238590240479,1.556311845779419,0.6440927982330322,0.7944799661636353,0.3287447690963745,0.24153509736061096,0.012059805914759636,0.005800110753625631,0.420925498008728,0.09307141602039337,238.6549072265625,163.92672729492188,33.99361038208008,68.54920959472656,219.56126403808594,0.09591206908226013,0.07083334028720856,0.7446067333221436,2.3221616744995117,0.9760000705718994,0.026117028668522835,0.029999924823641777,2.5,0.5,0.11999969929456711,0.3800007998943329,0.0,0.6858763694763184,0.5482496619224548,0.7545757293701172,0.44189703464508057,0.2735290229320526,0.6978089809417725,0.24217449128627777,0.5366901159286499,0.5392535328865051,0.482643723487854,1.0,0.9792482256889343,0.9716157913208008,0.47577303647994995,0.5249068737030029,1.0,0.024000000208616257,0.007000000216066837,0.017000000923871994,0.976,0.7629166900134478,1.5424862093045095,0.29052802334233147,0.3794992663184149,1.2475222826785175,0.8913360568066543,0.4914622033896513,0.1336409992045303,0.13058514334261417,0.01941448077559471,182.75803126796387,0.6690635085105896,0.3393472731113434,0.6996337175369263,0.04501057788729668,0.15545044839382172,0.43091216683387756,0.5516641139984131,0.7017579674720764,0.9716157913208008,0.982999999076128,0.6167178759841543
pacing,3,action_space,0.0,2.5,0.0,0.5,0.0,0.11999999731779099,1.0,0.3799999952316284,1.0,0.03999999910593033,rough_slope_trot_robustness,rough_slope,1.5,trotting,1000,0.6137039661407471,0.6137039661407471,1.2342489957809448,0.43653225898742676,0.2595500349998474,0.46687495708465576,1.244339942932129,0.2595500349998474,0.11168856173753738,0.298417329788208,0.19292357563972473,1.2424216270446777,3.419614791870117,0.8127048015594482,1.2698897123336792,0.46687495708465576,0.5171108245849609,0.03330114856362343,0.02381594479084015,0.46553295850753784,0.10638414323329926,281.7350158691406,197.9742431640625,32.57976531982422,65.95487976074219,463.4053649902344,0.10944589972496033,0.04150000214576721,0.4812071919441223,1.498894214630127,0.9190000295639038,0.024684982374310493,0.029999924823641777,2.5,0.5,0.11999969929456711,0.3800007998943329,0.03844017535448074,0.576744794845581,0.45050838589668274,0.6501780152320862,0.3671377897262573,0.2587101459503174,0.6002585887908936,0.2583180069923401,0.47514161467552185,0.544155478477478,0.4536236524581909,1.0,0.9775189161300659,0.9646570682525635,0.23542658984661102,0.3125678598880768,0.9990000128746033,0.026000000536441803,0.003000000026077032,0.023000001907348633,0.919,0.5236204394318723,1.2771083040533,0.3341983867967309,0.4392306633646207,1.8492200496074331,1.126893833656782,0.7191041820104795,0.2389918269616423,0.12342491187155247,0.026574712246656418,228.2643265922844,0.46661925315856934,0.11307292431592941,0.3190709352493286,0.030865652486681938,0.11911296844482422,0.3941333591938019,0.6651442050933838,0.8126132488250732,0.9646570682525635,0.9769999980926514,0.4932761378586292
pacing,3,action_space,0.0,2.5,0.0,0.5,1.0,0.11999999731779099,-1.0,0.3400000035762787,-1.0,-0.03999999910593033,rough_slope_trot_robustness,rough_slope,1.5,trotting,1000,0.5901455879211426,0.5901455879211426,1.250054121017456,0.4434763193130493,0.2623962461948395,0.4756245017051697,1.3680591583251953,0.2623962461948395,0.12103559076786041,0.29449695348739624,0.18934735655784607,1.1655867099761963,2.702944278717041,0.7496832609176636,1.114684820175171,0.4756245017051697,0.5990028977394104,0.037405505776405334,0.021029319614171982,0.45691806077957153,0.12720496952533722,272.09149169921875,190.267822265625,32.55937194824219,67.73085021972656,555.070556640625,0.10802257061004639,0.061083339154720306,0.6055982708930969,1.8872144222259521,0.9300000667572021,0.025001075118780136,0.029999924823641777,2.5,0.5,0.11999969929456711,0.3415517807006836,-0.03844745457172394,0.5648089647293091,0.46844959259033203,0.5996151566505432,0.3894060552120209,0.25920888781547546,0.610382080078125,0.2520453929901123,0.4690200686454773,0.5400170683860779,0.4597311019897461,1.0,0.9775188565254211,0.9604998230934143,0.12121273577213287,0.20829476416110992,0.9994000196456909,0.026000000536441803,0.006000000052154064,0.020000001415610313,0.93,0.6511809318296371,1.4245219365863975,0.3479016969890495,0.4351406169939162,1.6440633438882581,1.0557863515764783,0.773952774876743,0.24173296297893945,0.12500537559390068,0.024994248524308205,217.66376921165255,0.4553517997264862,0.10412254184484482,0.31077176332473755,0.022623389959335327,0.0785437598824501,0.400983065366745,0.6021096706390381,0.7368162870407104,0.9604998230934143,0.9799999985843897,0.47940634063592086
pacing,3,action_space,0.0,2.5,0.0,0.5,1.0,0.11999999731779099,-1.0,0.3400000035762787,0.0,0.0,rough_slope_trot_robustness,rough_slope,1.5,trotting,1000,0.6419429779052734,0.6419429779052734,1.2903237342834473,0.3472951650619507,0.23623070120811462,0.32383307814598083,1.3408491611480713,0.23623070120811462,0.08496653288602829,0.24032187461853027,0.14875593781471252,0.9783824682235718,1.7061254978179932,0.6182427406311035,0.7045862674713135,0.32383307814598083,0.2385709434747696,0.01469038613140583,0.004802760202437639,0.40254008769989014,0.08129380643367767,233.54124450683594,161.73800659179688,33.9781608581543,68.70054626464844,346.1607666015625,0.09796961396932602,0.04983333870768547,0.6846640110015869,2.1105313301086426,0.9690000414848328,0.025806469842791557,0.029999924823641777,2.5,0.5,0.11999969929456711,0.3416067361831665,0.0,0.6649980545043945,0.5397635102272034,0.7556437849998474,0.42845726013183594,0.28966790437698364,0.692244827747345,0.25049030780792236,0.55354243516922,0.5551709532737732,0.4870767593383789,1.0,0.9766541719436646,0.9633229970932007,0.23650877177715302,0.3151427209377289,1.0,0.027000000700354576,0.003000000026077032,0.024000000208616257,0.969,0.7065675339831656,1.4758220846678625,0.2914901934645972,0.38568891326393157,1.306187390008797,0.8393963708947719,0.48843724619931433,0.13961785821965422,0.1290323492139578,0.0209672749042511,180.9943026712811,0.6172657012939453,0.350400447845459,0.6771497130393982,0.04782629385590553,0.19673921167850494,0.44705209136009216,0.5801244378089905,0.7794500589370728,0.9633229970932007,0.9759999997913837,0.605771749623512
pacing,3,action_space,0.0,2.5,0.0,0.5,1.0,0.11999999731779099,-1.0,0.3400000035762787,1.0,0.03999999910593033,rough_slope_trot_robustness,rough_slope,1.5,trotting,1000,0.6303950548171997,0.6303950548171997,1.2959953546524048,0.3258292078971863,0.23162350058555603,0.31799036264419556,1.4052119255065918,0.23162350058555603,0.08085498213768005,0.24323031306266785,0.1446136236190796,0.9642164707183838,1.479288101196289,0.6185163259506226,0.6361291408538818,0.31799036264419556,0.25021475553512573,0.010160701349377632,0.005252601578831673,0.40474116802215576,0.08271247893571854,228.629150390625,153.96670532226562,34.11688232421875,68.85003662109375,566.8505859375,0.0953296571969986,0.0494166798889637,0.6669355034828186,2.0975539684295654,0.9670000076293945,0.025919917970895767,0.029999924823641777,2.5,0.5,0.11999969929456711,0.34148621559143066,0.0385129377245903,0.6877398490905762,0.5647531747817993,0.7890228033065796,0.43114355206489563,0.28685927391052246,0.7100543975830078,0.2322470247745514,0.5330536365509033,0.5496135950088501,0.4845617413520813,1.0,0.9783835411071777,0.9620686769485474,0.11996159702539444,0.20284876227378845,1.0,0.02500000037252903,0.004999999888241291,0.020000001415610313,0.967,0.689695372083441,1.4727985008386308,0.2843501048666591,0.3802809798281786,1.216259882260485,0.7975770438358177,0.5002147094349843,0.1241503239150398,0.12959958985447884,0.02040003426373005,176.41201380073232,0.6539929509162903,0.3637899160385132,0.7347198128700256,0.04868854582309723,0.1912355124950409,0.4450884163379669,0.5814188718795776,0.7810755372047424,0.9620686769485474,0.9799999985843897,0.626337212265322
pacing,3,action_space,0.0,2.5,0.0,0.5,1.0,0.11999999731779099,0.0,0.3799999952316284,-1.0,-0.03999999910593033,rough_slope_trot_robustness,rough_slope,1.5,trotting,1000,0.6292902827262878,0.6292902827262878,1.3023693561553955,0.3300935626029968,0.238545224070549,0.34436070919036865,1.552844762802124,0.238545224070549,0.08823084086179733,0.2340565025806427,0.13395258784294128,1.0198357105255127,1.7566369771957397,0.6241785287857056,0.7447822093963623,0.34436070919036865,0.2759755849838257,0.0174131840467453,0.0062506250105798244,0.413168728351593,0.08412487804889679,236.46115112304688,161.73678588867188,33.757850646972656,68.97013092041016,487.052001953125,0.09969788789749146,0.05608334392309189,0.6398887038230896,2.0676982402801514,0.9580000638961792,0.026047393679618835,0.029999924823641777,2.5,0.5,0.11999969929456711,0.3800007998943329,-0.0385594442486763,0.6677401065826416,0.5336951613426208,0.6962194442749023,0.433671772480011,0.27720576524734497,0.6839670538902283,0.21365958452224731,0.5452978014945984,0.5492939949035645,0.48063236474990845,1.0,0.9792482256889343,0.967375636100769,0.23285922408103943,0.30413541197776794,1.0,0.024000000208616257,0.004999999888241291,0.01900000125169754,0.958,0.6679422462160751,1.469132021232805,0.297036766851845,0.3659953385535686,1.325381823172379,0.8630076531505165,0.5253337843541244,0.1538304555584658,0.13023696839809418,0.019762655720114708,181.562281088279,0.6467166543006897,0.30548855662345886,0.6229580044746399,0.036244723945856094,0.18590909242630005,0.4376492500305176,0.5829888582229614,0.7554688453674316,0.967375636100769,0.9809999987483025,0.6009113529795095
pacing,3,action_space,0.0,2.5,0.0,0.5,1.0,0.11999999731779099,0.0,0.3799999952316284,0.0,0.0,rough_slope_trot_robustness,rough_slope,1.5,trotting,1000,0.6718562841415405,0.6718562841415405,1.3092458248138428,0.31345582008361816,0.229564368724823,0.3136198818683624,1.6036007404327393,0.229564368724823,0.08295869082212448,0.25056153535842896,0.15381702780723572,1.01944100856781,1.6487959623336792,0.6440474987030029,0.7503811120986938,0.3136198818683624,0.19895029067993164,0.01244225911796093,0.005280766636133194,0.38134071230888367,0.09013316035270691,212.59783935546875,141.8792724609375,34.2286491394043,68.920166015625,225.1082305908203,0.10113398730754852,0.0429166704416275,0.4664459228515625,1.411821961402893,0.9690000414848328,0.026184912770986557,0.029999924823641777,2.5,0.5,0.11999969929456711,0.3800007998943329,0.0,0.6897348165512085,0.5337656140327454,0.7530337572097778,0.4253145456314087,0.27589404582977295,0.6891905069351196,0.216825932264328,0.5274083018302917,0.5494126677513123,0.4867208003997803,1.0,0.9792482256889343,0.9716157913208008,0.47577208280563354,0.5249002575874329,1.0,0.024000000208616257,0.0010000000474974513,0.023000001907348633,0.969,0.48136834143608104,1.2070578048655989,0.2880255037702816,0.3921951399587146,1.284054501309691,0.866245411011622,0.44603844080968136,0.13312785491434212,0.13092456385493279,0.0190750602632761,162.38191126994604,0.675016462802887,0.37397199869155884,0.7015517950057983,0.038282036781311035,0.16485925018787384,0.46641409397125244,0.6947194933891296,0.8068775534629822,0.9716157913208008,0.9769999980926514,0.6268686773745636
pacing,3,action_space,0.0,2.5,0.0,0.5,1.0,0.11999999731779099,0.0,0.3799999952316284,1.0,0.03999999910593033,rough_slope_trot_robustness,rough_slope,1.5,trotting,1000,0.637155294418335,0.637155294418335,1.2834854125976562,0.35834261775016785,0.2495514303445816,0.3890960216522217,1.2478052377700806,0.2495514303445816,0.10560360550880432,0.2869386076927185,0.19939211010932922,1.0684785842895508,2.1794238090515137,0.6849443912506104,0.9912245273590088,0.3890960216522217,0.3941986560821533,0.021059758961200714,0.012682463973760605,0.4403657019138336,0.09566561132669449,257.5845642089844,180.37669372558594,33.433929443359375,67.86409759521484,443.96917724609375,0.10211087763309479,0.062250006943941116,0.5917275547981262,1.828944206237793,0.9510000944137573,0.025669706985354424,0.029999924823641777,2.5,0.5,0.11999969929456711,0.3800007998943329,0.038440052419900894,0.6506351828575134,0.5040346384048462,0.7416673302650452,0.42221003770828247,0.2729857265949249,0.6537901163101196,0.2667480707168579,0.4931209683418274,0.5530828237533569,0.4707111418247223,1.0,0.9775188565254211,0.9646570086479187,0.23542827367782593,0.31257957220077515,0.9996000528335571,0.026000000536441803,0.007000000216066837,0.01900000125169754,0.951,0.6222161294032598,1.3867876215384367,0.32496708373126704,0.44653343672039747,1.47628717025229,0.9956025950945532,0.6278524158448013,0.18369056299919526,0.12834853492677212,0.021651089191436768,200.6914622330276,0.5983151197433472,0.2200375348329544,0.5092356204986572,0.03473952040076256,0.1475907266139984,0.41447964310646057,0.6182916760444641,0.7325307130813599,0.9646570086479187,0.9809999987483025,0.5641248453604549
pacing,3,action_space,0.0,2.5,0.0,0.5,1.0,0.11999999731779099,1.0,0.3799999952316284,-1.0,-0.03999999910593033,rough_slope_trot_robustness,rough_slope,1.5,trotting,1000,0.5928380489349365,0.5928380489349365,1.2421009540557861,0.4032079577445984,0.23960523307323456,0.4580647349357605,1.5667095184326172,0.23960523307323456,0.08934368938207626,0.26825791597366333,0.1576865315437317,1.1264829635620117,2.2599923610687256,0.7318153977394104,1.08150053024292,0.4580647349357605,0.45510417222976685,0.031875014305114746,0.01493937149643898,0.4426776170730591,0.11865942180156708,247.15660095214844,168.79534912109375,33.04396438598633,67.31452941894531,376.243408203125,0.10340581834316254,0.04125000536441803,0.5103874206542969,1.5618188381195068,0.9250000715255737,0.024842016398906708,0.029999924823641777,2.5,0.5,0.11999969929456711,0.3800007998943329,-0.03856005519628525,0.6124446988105774,0.43791770935058594,0.6260349750518799,0.4040234684944153,0.2571585178375244,0.5924956798553467,0.22545388340950012,0.4956863224506378,0.5265326499938965,0.4601658582687378,1.0,0.9792482256889343,0.9635125994682312,0.11894895136356354,0.20011568069458008,0.9996000528335571,0.02500000037252903,0.004999999888241291,0.020000001415610313,0.925,0.5517701514991554,1.2994047900008014,0.29890414748222593,0.397097634774789,1.5033270971643948,1.0399521769018611,0.6746140913364965,0.21636632316872634,0.12421008199453354,0.025789542123675346,198.9826995504006,0.5218856930732727,0.12267300486564636,0.3920806646347046,0.0349588617682457,0.09318313747644424,0.4125675857067108,0.6556597948074341,0.8136296272277832,0.9635125994682312,0.9799999985843897,0.5179599165720375
pacing,3,action_space,0.0,2.5,0.0,0.5,1.0,0.11999999731779099,1.0,0.3799999952316284,0.0,0.0,rough_slope_trot_robustness,rough_slope,1.5,trotting,1000,0.6169030666351318,0.6169030666351318,1.2965710163116455,0.3964073359966278,0.25228968262672424,0.41877102851867676,1.4270923137664795,0.25228968262672424,0.1009351834654808,0.28678664565086365,0.17786972224712372,1.09980046749115,2.297006607055664,0.7449181079864502,1.1261564493179321,0.41877102851867676,0.42673230171203613,0.030729521065950394,0.012133773416280746,0.43955790996551514,0.11058767139911652,265.0583801269531,179.73388671875,33.05205535888672,67.57259368896484,461.29583740234375,0.10432147979736328,0.05233334004878998,0.6556947231292725,2.139470100402832,0.943000078201294,0.025931423529982567,0.029999924823641777,2.5,0.5,0.11999969929456711,0.3800007998943329,0.0,0.615513026714325,0.47707322239875793,0.662761390209198,0.39342084527015686,0.2651081681251526,0.6273353099822998,0.23205764591693878,0.4774249792098999,0.5306463241577148,0.4687460958957672,1.0,0.9775188565254211,0.9646570682525635,0.235429048538208,0.3125844895839691,0.9998000264167786,0.026000000536441803,0.004999999888241291,0.021000001579523087,0.943,0.695328422214674,1.5062506634657502,0.3177029799442882,0.4217460399898542,1.515587875068834,1.0612051871895143,0.6532475041758952,0.20703452485571372,0.12965711764991283,0.02034250646829605,204.43028325665068,0.5333619117736816,0.17313358187675476,0.42432063817977905,0.031879376620054245,0.1095084697008133,0.4151498079299927,0.567112386226654,0.7697675228118896,0.9646570682525635,0.9789999984204769,0.5227763893965044
pacing,3,action_space,0.0,2.5,0.0,0.5,1.0,0.11999999731779099,1.0,0.3799999952316284,1.0,0.03999999910593033,rough_slope_trot_robustness,rough_slope,1.5,trotting,1000,0.6162803769111633,0.6162803769111633,1.2657749652862549,0.35007309913635254,0.2497868537902832,0.3664877116680145,1.5507622957229614,0.2497868537902832,0.10151945054531097,0.26173990964889526,0.16506242752075195,1.028516173362732,1.7136731147766113,0.6828539967536926,0.8982055187225342,0.3664877116680145,0.3298203945159912,0.013970065861940384,0.008466576226055622,0.4079338014125824,0.08799991011619568,223.7220458984375,151.99484252929688,33.244075775146484,67.06834411621094,240.17166137695312,0.10250689834356308,0.044583335518836975,0.47542256116867065,1.3887975215911865,0.9580000638961792,0.025315504521131516,0.029999924823641777,2.5,0.5,0.11999969929456711,0.3800007998943329,0.03850109130144119,0.6535675525665283,0.5195364952087402,0.7521319389343262,0.41558414697647095,0.26329904794692993,0.6675447225570679,0.21458837389945984,0.5078616738319397,0.5373009443283081,0.47547590732574463,1.0,0.9783835411071777,0.9619927406311035,0.12011368572711945,0.2045915722846985,1.0,0.02500000037252903,0.004000000189989805,0.021000001579523087,0.958,0.49626570604041625,1.20402827843998,0.3186211708994099,0.4062787559308903,1.3090733802108312,0.9477370514665627,0.5742999168692184,0.14978865807528954,0.12657752260565758,0.023422101512551308,176.74709330962537,0.6125010251998901,0.2610267400741577,0.6384366154670715,0.027843624353408813,0.17204517126083374,0.4422554671764374,0.6959892511367798,0.80018150806427,0.9619927406311035,0.9789999984204769,0.6000620344359623
pacing,3,action_space,1.0,2.9000000953674316,0.0,0.5,-1.0,0.08999999612569809,-1.0,0.3400000035762787,-1.0,-0.03999999910593033,rough_slope_trot_robustness,rough_slope,1.5,trotting,1000,0.601128101348877,0.601128101348877,1.2815951108932495,0.3501378297805786,0.2126050740480423,0.3639182448387146,1.6226181983947754,0.2126050740480423,0.07058710604906082,0.24014297127723694,0.13832908868789673,1.042637825012207,1.9106730222702026,0.6573238372802734,0.7952563762664795,0.3639182448387146,0.3215850591659546,0.024829281494021416,0.010090473107993603,0.42121422290802,0.1019711047410965,236.446044921875,163.7215576171875,33.08143615722656,67.99557495117188,291.223876953125,0.08979663252830505,0.06575001031160355,0.7017015218734741,2.1530795097351074,1.0889999866485596,0.02563190460205078,0.029999924823641777,2.885024070739746,0.5,0.09112371504306793,0.3414974808692932,-0.03850169479846954,0.6663728952407837,0.5123659372329712,0.6664681434631348,0.42484670877456665,0.2532443702220917,0.6700620651245117,0.22787877917289734,0.5385532379150391,0.5508661270141602,0.4796622395515442,0.6390466690063477,0.9783835411071777,0.9583169221878052,0.06555727124214172,0.15470349788665771,1.0,0.02500000037252903,0.0020000000949949026,0.023000001907348633,1.089,0.6443539173697199,1.4060995768185864,0.26568234049153666,0.3719261871499461,1.3822709655744791,0.8917714820885895,0.5670847019325725,0.1868682814230789,0.1281595230102539,0.02184010110795498,184.49356033909666,0.6123899817466736,0.2659718096256256,0.4973829388618469,0.04810542240738869,0.13010388612747192,0.43066340684890747,0.61001056432724,0.7198229432106018,0.9583169221878052,0.9769999980926514,0.5626276155051433
pacing,3,action_space,1.0,2.9000000953674316,0.0,0.5,-1.0,0.08999999612569809,-1.0,0.3400000035762787,0.0,0.0,rough_slope_trot_robustness,rough_slope,1.5,trotting,1000,0.6137781143188477,0.6137781143188477,1.2815748453140259,0.34911808371543884,0.21939682960510254,0.3736225366592407,1.4245884418487549,0.21939682960510254,0.07577599585056305,0.2447424978017807,0.13930191099643707,1.0579177141189575,2.00895094871521,0.7044289112091064,0.9897278547286987,0.3736225366592407,0.32393819093704224,0.01923203468322754,0.007270687259733677,0.4087681770324707,0.09563975036144257,226.7694091796875,154.3341064453125,33.61724090576172,68.87799835205078,339.4306945800781,0.08839158713817596,0.07141666114330292,0.6837362051010132,2.0111794471740723,1.0859999656677246,0.025631483644247055,0.029999924823641777,2.8850088119506836,0.5,0.09112490713596344,0.3414990305900574,0.0,0.6632450819015503,0.4997168779373169,0.7045942544937134,0.4110705256462097,0.2618004083633423,0.6573152542114258,0.25099802017211914,0.5330867171287537,0.5379579067230225,0.48087960481643677,0.639061689376831,0.9783835411071777,0.9619923830032349,0.1201247125864029,0.2046702802181244,1.0,0.02500000037252903,0.0020000000949949026,0.023000001907348633,1.086,0.6295912937564745,1.3608507533490837,0.27527440100845385,0.3732317122062876,1.417374667727348,0.9948506695623714,0.5691556825131787,0.16279656612767118,0.12815741822123528,0.02184220589697361,176.94589590990444,0.6141391396522522,0.24760067462921143,0.5885729193687439,0.05286000296473503,0.1476670652627945,0.44151806831359863,0.6294060349464417,0.699714183807373,0.9619923830032349,0.9769999980926514,0.5851273568052995
pacing,3,action_space,1.0,2.9000000953674316,0.0,0.5,-1.0,0.08999999612569809,-1.0,0.3400000035762787,1.0,0.03999999910593033,rough_slope_trot_robustness,rough_slope,1.5,trotting,1000,0.6133022904396057,0.6133022904396057,1.2524104118347168,0.3625183701515198,0.2148066908121109,0.40217143297195435,1.3279893398284912,0.2148066908121109,0.07377123832702637,0.2628135681152344,0.16184891760349274,1.0391595363616943,1.758837103843689,0.6534959077835083,0.7945245504379272,0.40217143297195435,0.4268602132797241,0.021114513278007507,0.008381090126931667,0.41833311319351196,0.09247887879610062,231.49264526367188,157.70103454589844,33.824615478515625,68.53560638427734,331.3352355957031,0.09095729142427444,0.0598333403468132,0.7610172033309937,2.323967456817627,1.0789999961853027,0.025048213079571724,0.029999924823641777,2.884768009185791,0.5,0.091142937541008,0.3415231704711914,0.038476087152957916,0.656136155128479,0.501384973526001,0.7424350380897522,0.42046433687210083,0.256727933883667,0.6495599150657654,0.278709352016449,0.5146751999855042,0.54927659034729,0.48139137029647827,0.639286994934082,0.9775188565254211,0.9573180675506592,0.0661267638206482,0.1557491570711136,1.0,0.026000000536441803,0.0020000000949949026,0.024000000208616257,1.079,0.7052985642992644,1.467588441713297,0.2716086123947957,0.4023045085547672,1.32621156074123,0.8913610662565015,0.6533454012080625,0.17174284091320713,0.12524106539785862,0.024758558720350266,184.83768824993004,0.5911542773246765,0.19841021299362183,0.5543760657310486,0.06060280650854111,0.1573036015033722,0.43315213918685913,0.5836499333381653,0.7414357662200928,0.9573180675506592,0.9759999997913837,0.5717437645714534
pacing,3,action_space,1.0,2.9000000953674316,0.0,0.5,-1.0,0.08999999612569809,0.0,0.3799999952316284,-1.0,-0.03999999910593033,rough_slope_trot_robustness,rough_slope,1.5,trotting,1000,0.6094553470611572,0.6094553470611572,1.2790021896362305,0.3603384494781494,0.2172430455684662,0.3719313144683838,1.4436959028244019,0.2172430455684662,0.07673899829387665,0.25629743933677673,0.15522998571395874,1.087731122970581,1.9866695404052734,0.6539081335067749,0.8396843671798706,0.3719313144683838,0.31781983375549316,0.023579107597470284,0.007709699682891369,0.40704673528671265,0.09728845208883286,229.24386596679688,158.02117919921875,33.026153564453125,67.66819763183594,346.6322326660156,0.0897708535194397,0.060666680335998535,0.6481114625930786,1.8795762062072754,1.0920000076293945,0.02558004856109619,0.029999924823641777,2.8850042819976807,0.5,0.09112522751092911,0.3800007998943329,-0.03849967196583748,0.652357816696167,0.5040088891983032,0.6610084176063538,0.43777644634246826,0.24719268083572388,0.6563392877578735,0.26480162143707275,0.5113722681999207,0.5547585487365723,0.4838416576385498,0.6390656232833862,0.9783835411071777,0.9619923233985901,0.12012949585914612,0.20470288395881653,1.0,0.02500000037252903,0.004999999888241291,0.020000001415610313,1.092,0.5935086540250114,1.3119541152868617,0.27701804687398374,0.3939923675833819,1.4094926535478194,0.91634293099247,0.5637551186069117,0.17688642480518862,0.12790024280548096,0.022099381312727928,179.23649218458152,0.594892144203186,0.25074243545532227,0.5348461270332336,0.05087031051516533,0.14287729561328888,0.44304078817367554,0.6503101587295532,0.73835289478302,0.9619923233985901,0.9799999985843897,0.5712899566677057
pacing,3,action_space,1.0,2.9000000953674316,0.0,0.5,-1.0,0.08999999612569809,0.0,0.3799999952316284,0.0,0.0,rough_slope_trot_robustness,rough_slope,1.5,trotting,1000,0.6178673505783081,0.6178673505783081,1.2514300346374512,0.3779057264328003,0.23813161253929138,0.40585950016975403,1.6746597290039062,0.23813161253929138,0.09221959114074707,0.2913650870323181,0.17876559495925903,1.202337384223938,2.6522293090820312,0.6917724013328552,0.8784860968589783,0.40585950016975403,0.37603598833084106,0.021528512239456177,0.020851340144872665,0.4542423486709595,0.09584897756576538,262.919189453125,180.39707946777344,32.93061828613281,67.3800048828125,675.3418579101562,0.09799307584762573,0.05816666781902313,0.6778461933135986,2.076277494430542,1.068000078201294,0.02502860128879547,0.029999924823641777,2.8862061500549316,0.5,0.09103512763977051,0.3800007998943329,0.0,0.6422423124313354,0.4794805645942688,0.6669142246246338,0.41151750087738037,0.2408987581729889,0.63325035572052,0.20788264274597168,0.4605581760406494,0.5509377717971802,0.4640454053878784,0.6379393339157104,0.9801129102706909,0.9687350392341614,0.2315632700920105,0.29983535408973694,0.9998000264167786,0.023000001907348633,0.0020000000949949026,0.021000001579523087,1.068,0.6346874451369382,1.394302660787204,0.3036767872932455,0.42280680571539886,1.628566642505621,0.9372758915383337,0.6132177332162215,0.2058636742709331,0.12514300644397736,0.02485661767423153,210.09499706413447,0.5648184418678284,0.19258467853069305,0.42844322323799133,0.029627522453665733,0.14705045521259308,0.40313464403152466,0.6150695085525513,0.7476402521133423,0.9687350392341614,0.9789999984204769,0.5388980598041886
pacing,3,action_space,1.0,2.9000000953674316,0.0,0.5,-1.0,0.08999999612569809,0.0,0.3799999952316284,1.0,0.03999999910593033,rough_slope_trot_robustness,rough_slope,1.5,trotting,1000,0.6165083050727844,0.6165083050727844,1.2756197452545166,0.36493849754333496,0.22329989075660706,0.3693355619907379,1.4675713777542114,0.22329989075660706,0.07865836471319199,0.2810298800468445,0.18258216977119446,1.0191566944122314,1.6944410800933838,0.6703391075134277,0.8677478432655334,0.3693355619907379,0.29893019795417786,0.020937837660312653,0.007976602762937546,0.41985952854156494,0.11290658265352249,237.30047607421875,163.16160583496094,33.366722106933594,67.67794799804688,345.0310974121094,0.09153497219085693,0.056250009685754776,0.6238573789596558,1.843489170074463,1.0820000171661377,0.02551240846514702,0.029999924823641777,2.8846659660339355,0.5,0.09115062654018402,0.3800007998943329,0.038465820252895355,0.6439061760902405,0.5098746418952942,0.7308197617530823,0.4214501678943634,0.2589930593967438,0.6574149131774902,0.24629150331020355,0.4919437766075134,0.5536700487136841,0.48088014125823975,0.6393829584121704,0.9775188565254211,0.9606248140335083,0.12097442150115967,0.20558273792266846,0.9994000196456909,0.026000000536441803,0.007000000216066837,0.01900000125169754,1.082,0.5765779675044767,1.305288948167817,0.280460986080403,0.4272963488858692,1.3017069870340958,0.9315298402442798,0.5467450941290446,0.17004246652895327,0.1275620423257351,0.022437581792473793,186.02759714014277,0.5870058536529541,0.2556138038635254,0.5608572959899902,0.047799572348594666,0.10454562306404114,0.43183183670043945,0.6531524062156677,0.7548395395278931,0.9606248140335083,0.9809999987483025,0.5696392055404814
pacing,3,action_space,1.0,2.9000000953674316,0.0,0.5,-1.0,0.08999999612569809,1.0,0.3799999952316284,-1.0,-0.03999999910593033,rough_slope_trot_robustness,rough_slope,1.5,trotting,1000,0.5931235551834106,0.5931235551834106,1.304903507232666,0.3593288064002991,0.22749027609825134,0.37397024035453796,1.388789176940918,0.22749027609825134,0.08066383004188538,0.2756389379501343,0.17389297485351562,1.1023809909820557,1.854628086090088,0.6771700978279114,0.8263910412788391,0.37397024035453796,0.2833583950996399,0.025641627609729767,0.006379773840308189,0.408103346824646,0.09441590309143066,234.77061462402344,157.58837890625,33.02617645263672,67.04275512695312,305.59735107421875,0.09242169559001923,0.06541667878627777,0.6353474855422974,1.9469008445739746,1.096000075340271,0.026098068803548813,0.029999924823641777,2.885007381439209,0.5,0.09112495929002762,0.3800007998943329,-0.03850001096725464,0.6346839070320129,0.4855943024158478,0.6350624561309814,0.41258978843688965,0.2394392192363739,0.6416374444961548,0.25325894355773926,0.47957921028137207,0.5422232151031494,0.482534259557724,0.6390623450279236,0.9783835411071777,0.9583152532577515,0.06556855142116547,0.1547919511795044,1.0,0.026000000536441803,0.003000000026077032,0.023000001907348633,1.096,0.5796965438954151,1.332805009108385,0.28401378495045865,0.4170047659841739,1.361847306451824,0.9090605267411181,0.5323141883320789,0.1789452470730585,0.13049034401774406,0.01950928010046482,179.9141571179512,0.5966236591339111,0.2469578981399536,0.5270667672157288,0.04968433082103729,0.15132611989974976,0.4421055316925049,0.641406238079071,0.7210236191749573,0.9583152532577515,0.9769999980926514,0.5697762417165857
pacing,3,action_space,1.0,2.9000000953674316,0.0,0.5,-1.0,0.08999999612569809,1.0,0.3799999952316284,0.0,0.0,rough_slope_trot_robustness,rough_slope,1.5,trotting,1000,0.6072914600372314,0.6072914600372314,1.2745451927185059,0.3740383982658386,0.22696107625961304,0.3978683352470398,1.349400520324707,0.22696107625961304,0.0809629037976265,0.2779085040092468,0.17350441217422485,1.0805186033248901,1.9907217025756836,0.704006552696228,0.9076200723648071,0.3978683352470398,0.37004953622817993,0.02397901937365532,0.008743270300328732,0.4200146794319153,0.09148856997489929,240.38067626953125,163.81759643554688,33.25086212158203,68.51530456542969,282.74920654296875,0.09299059212207794,0.05891668051481247,0.6873477101325989,2.0880770683288574,1.0880000591278076,0.0254908986389637,0.029999924823641777,2.885007858276367,0.5,0.09112495183944702,0.3800007998943329,0.0,0.6344183087348938,0.4847784638404846,0.6731678247451782,0.4114600419998169,0.24508780241012573,0.6402280330657959,0.26873779296875,0.4860416650772095,0.5434834957122803,0.4794403314590454,0.6390622854232788,0.9783835411071777,0.9619923830032349,0.12012554705142975,0.20467597246170044,1.0,0.02500000037252903,0.004999999888241291,0.020000001415610313,1.088,0.6317533605238971,1.385347810316663,0.28453981056721483,0.4165386082636577,1.4109293754740821,0.9526909637258071,0.6083169701957853,0.1808930337906467,0.1274544931948185,0.02254513092339039,188.60113995394542,0.5714268088340759,0.20535972714424133,0.5197300314903259,0.05137217044830322,0.16045024991035461,0.4316978454589844,0.6189089417457581,0.7448418140411377,0.9619923830032349,0.9799999985843897,0.5630481259799318
pacing,3,action_space,1.0,2.9000000953674316,0.0,0.5,-1.0,0.08999999612569809,1.0,0.3799999952316284,1.0,0.03999999910593033,rough_slope_trot_robustness,rough_slope,1.5,trotting,1000,0.6110909581184387,0.6110909581184387,1.2768468856811523,0.34118449687957764,0.2182953655719757,0.3711073398590088,1.4225244522094727,0.2182953655719757,0.07545951008796692,0.26074835658073425,0.16558891534805298,1.0887542963027954,1.9662963151931763,0.6513078212738037,0.7667044401168823,0.3711073398590088,0.2918849587440491,0.01420792005956173,0.006989583373069763,0.4190025329589844,0.08920332789421082,227.73556518554688,154.77871704101562,33.60215759277344,68.25582885742188,364.50054931640625,0.08971258997917175,0.05775000900030136,0.6950540542602539,2.065678834915161,1.097000002861023,0.025536928325891495,0.029999924823641777,2.885014772415161,0.5,0.09112446010112762,0.3800007998943329,0.03850073367357254,0.65966796875,0.4969165325164795,0.7499878406524658,0.4282280206680298,0.24617800116539001,0.6523712277412415,0.25357306003570557,0.5217685699462891,0.5456992387771606,0.47942522168159485,0.6390559673309326,0.9783835411071777,0.9583154916763306,0.06556397676467896,0.15476009249687195,1.0,0.02500000037252903,0.004000000189989805,0.021000001579523087,1.097,0.6335952188497037,1.372233675674102,0.27469894446096244,0.4069261792365453,1.4022468809710993,0.8756166056653347,0.5402637862600538,0.14559362428565165,0.12768464162945747,0.02231498248875141,178.35777158516393,0.6277410984039307,0.2522822916507721,0.6544565558433533,0.05330556631088257,0.167953759431839,0.432572603225708,0.6245297193527222,0.7491994500160217,0.9583154916763306,0.9789999984204769,0.6042739315644692
pacing,3,action_space,1.0,2.9000000953674316,0.0,0.5,0.0,0.11999999731779099,-1.0,0.3400000035762787,-1.0,-0.03999999910593033,rough_slope_trot_robustness,rough_slope,1.5,trotting,1000,0.6103821992874146,0.6103821992874146,1.2563992738723755,0.3686593174934387,0.21556894481182098,0.3597995638847351,1.4656285047531128,0.21556894481182098,0.07491418719291687,0.2594311833381653,0.15159176290035248,1.1607342958450317,2.776477575302124,0.6909791231155396,0.984555721282959,0.3597995638847351,0.32113224267959595,0.020470943301916122,0.015200727619230747,0.453635573387146,0.07247907668352127,271.26165771484375,190.74191284179688,32.427650451660156,66.39942932128906,382.7676696777344,0.10308083891868591,0.061333343386650085,0.7778288125991821,2.5529723167419434,1.0520000457763672,0.02512798085808754,0.029999924823641777,2.8850278854370117,0.5,0.11999969929456711,0.34149712324142456,-0.03850201517343521,0.6581647396087646,0.5353292226791382,0.6583055853843689,0.4239739179611206,0.2437673658132553,0.6805858016014099,0.25504428148269653,0.5018737316131592,0.5616201162338257,0.4608611464500427,1.0,0.9783835411071777,0.9619936347007751,0.12010341882705688,0.20451290905475616,0.9998000264167786,0.02500000037252903,0.004999999888241291,0.020000001415610313,1.052,0.7393809271402685,1.5578124493489967,0.2737045618781625,0.3893478687502379,1.6662765602690701,0.9922478124354616,0.5666853118615268,0.18886945470654293,0.1256399042904377,0.024359719827771187,215.90402299324984,0.5806316137313843,0.27401918172836304,0.48995906114578247,0.05161658301949501,0.23466847836971283,0.40362414717674255,0.5451496839523315,0.7358958125114441,0.9619936347007751,0.9799999985843897,0.5642910632059763
pacing,3,action_space,1.0,2.9000000953674316,0.0,0.5,0.0,0.11999999731779099,-1.0,0.3400000035762787,0.0,0.0,rough_slope_trot_robustness,rough_slope,1.5,trotting,1000,0.6418359279632568,0.6418359279632568,1.2784335613250732,0.336753249168396,0.21305319666862488,0.35706186294555664,1.0126328468322754,0.21305319666862488,0.07176470756530762,0.25804775953292847,0.15899722278118134,1.089042067527771,2.01735258102417,0.6808927655220032,0.9961766004562378,0.35706186294555664,0.30335214734077454,0.020000319927930832,0.006950889714062214,0.41812798380851746,0.08007800579071045,247.39418029785156,174.20809936523438,33.37446594238281,68.10802459716797,290.1289978027344,0.09807630628347397,0.05150000751018524,0.7583326697349548,2.5010454654693604,1.0900001525878906,0.025568682700395584,0.029999924823641777,2.8850064277648926,0.5,0.11999969929456711,0.3414992690086365,0.0,0.67449951171875,0.5292165279388428,0.7270928025245667,0.4398106336593628,0.2555987536907196,0.6803961396217346,0.32660940289497375,0.520382821559906,0.5531118512153625,0.4807249903678894,1.0,0.9783835411071777,0.9660162925720215,0.23414042592048645,0.3083345890045166,1.0,0.02500000037252903,0.0060000005178153515,0.01900000125169754,1.09,0.6957180198179472,1.5147729445490647,0.26788935694668353,0.3987445583091779,1.420335376248923,0.9980864694284949,0.5507741345967279,0.1641682357887574,0.12784341350197792,0.022156210616230965,193.5135213764507,0.6353298425674438,0.27945002913475037,0.583317220211029,0.08647266030311584,0.20158177614212036,0.43332988023757935,0.5634738802909851,0.772981584072113,0.9660162925720215,0.9809999987483025,0.5964561038111386
pacing,3,action_space,1.0,2.9000000953674316,0.0,0.5,0.0,0.11999999731779099,-1.0,0.3400000035762787,1.0,0.03999999910593033,rough_slope_trot_robustness,rough_slope,1.5,trotting,1000,0.6234859228134155,0.6234859228134155,1.307544469833374,0.3299040198326111,0.21788020431995392,0.3391493856906891,1.4515962600708008,0.21788020431995392,0.07427315413951874,0.2738009989261627,0.16609811782836914,1.0555269718170166,1.7551213502883911,0.6522462368011475,0.7585192918777466,0.3391493856906891,0.23553726077079773,0.013166800141334534,0.005809526890516281,0.4019635319709778,0.07411742210388184,233.4847412109375,157.35107421875,33.1610107421875,67.20350646972656,309.8863830566406,0.09593145549297333,0.05800000578165054,0.6813075542449951,2.1538262367248535,1.0880000591278076,0.026150882244110107,0.029999924823641777,2.8845770359039307,0.5,0.11999969929456711,0.3415422737598419,0.03845701366662979,0.675969123840332,0.5147438049316406,0.7520550489425659,0.4273673892021179,0.26556068658828735,0.6728036999702454,0.2593300938606262,0.4866355061531067,0.5467568635940552,0.487052857875824,1.0,0.9775189161300659,0.9606673717498779,0.12105253338813782,0.20697297155857086,0.9998000264167786,0.026000000536441803,0.003000000026077032,0.023000001907348633,1.088,0.6262017418356502,1.406989567575916,0.272531015004749,0.40755136833087574,1.324809929872354,0.8709301303076766,0.4853218115547639,0.13775458987580347,0.13075441122055054,0.019245212897658348,178.567342524642,0.6470403075218201,0.3165661692619324,0.684185266494751,0.05302141606807709,0.22710372507572174,0.447567880153656,0.6096288561820984,0.7482635378837585,0.9606673717498779,0.9769999980926514,0.6209586494063077
pacing,3,action_space,1.0,2.9000000953674316,0.0,0.5,0.0,0.11999999731779099,0.0,0.3799999952316284,-1.0,-0.03999999910593033,rough_slope_trot_robustness,rough_slope,1.5,trotting,1000,0.6302308440208435,0.6302308440208435,1.2752275466918945,0.3254256844520569,0.21394607424736023,0.34298616647720337,1.5470538139343262,0.21394607424736023,0.07048405706882477,0.24553245306015015,0.14252084493637085,1.0778166055679321,1.7845799922943115,0.6537165641784668,0.8310823440551758,0.34298616647720337,0.2730656862258911,0.017155025154352188,0.00664984155446291,0.41384702920913696,0.07897332310676575,234.9833526611328,162.07110595703125,33.71715545654297,68.04942321777344,600.85107421875,0.09839218854904175,0.044833339750766754,0.7546660900115967,2.428760051727295,1.0959999561309814,0.02550453692674637,0.029999924823641777,2.885823965072632,0.5,0.11999969929456711,0.3800007998943329,-0.038581620901823044,0.6937547922134399,0.5242258310317993,0.6924039125442505,0.4315990209579468,0.23254992067813873,0.6820544600486755,0.2414163053035736,0.5346370935440063,0.5546867251396179,0.47780469059944153,1.0,0.9792481660842896,0.9675149917602539,0.23244965076446533,0.3014098107814789,1.0,0.024000000208616257,0.004000000189989805,0.020000001415610313,1.096,0.6885639385585367,1.488630958121087,0.2654883369732553,0.3775193305466236,1.3358817284079874,0.9116371778592489,0.5225568736758623,0.1542882584930399,0.12752268463373184,0.022476939484477043,184.267782852331,0.6546807885169983,0.30838847160339355,0.6212030053138733,0.0519883893430233,0.20608502626419067,0.43705594539642334,0.5746434330940247,0.7991818785667419,0.9675149917602539,0.9799999985843897,0.605950970888922
pacing,3,action_space,1.0,2.9000000953674316,0.0,0.5,0.0,0.11999999731779099,0.0,0.3799999952316284,0.0,0.0,rough_slope_trot_robustness,rough_slope,1.5,trotting,1000,0.6839420199394226,0.6839420199394226,1.3015930652618408,0.2934357523918152,0.20741990208625793,0.2969729006290436,1.336469292640686,0.20741990208625793,0.06570051610469818,0.23006606101989746,0.14433014392852783,1.0324612855911255,1.677656650543213,0.638020396232605,0.7204027771949768,0.2969729006290436,0.16851431131362915,0.010463905520737171,0.0056586600840091705,0.39742225408554077,0.0637892484664917,233.3334197998047,165.53128051757812,33.59064865112305,68.19520568847656,198.60983276367188,0.09555601328611374,0.05825001001358032,0.742415189743042,2.2895355224609375,1.121000051498413,0.02603185549378395,0.029999924823641777,2.885223388671875,0.5,0.11999969929456711,0.3800007998943329,0.0,0.7288178205490112,0.552965521812439,0.765324592590332,0.4275692105293274,0.2542805075645447,0.7154301404953003,0.2825646698474884,0.5743708610534668,0.5688810348510742,0.4893556237220764,1.0,0.9783835411071777,0.9705037474632263,0.4764751195907593,0.526010274887085,1.0,0.02500000037252903,0.003000000026077032,0.02199999988079071,1.121,0.6622793587268622,1.429127167417848,0.2563211191156479,0.3799080729973079,1.295243857558573,0.8487654429787872,0.41050494675902405,0.12697466520824674,0.13015927746891975,0.01984034664928913,179.26756528382788,0.7086325287818909,0.413983553647995,0.7243711948394775,0.07061734050512314,0.27921169996261597,0.4516514539718628,0.6001347303390503,0.7473287582397461,0.9705037474632263,0.9780000001192093,0.651824773926484
pacing,3,action_space,1.0,2.9000000953674316,0.0,0.5,0.0,0.11999999731779099,0.0,0.3799999952316284,1.0,0.03999999910593033,rough_slope_trot_robustness,rough_slope,1.5,trotting,1000,0.6396349668502808,0.6396349668502808,1.293668508529663,0.35433200001716614,0.21151357889175415,0.3239670395851135,1.5405118465423584,0.21151357889175415,0.07249881327152252,0.262681245803833,0.16318437457084656,1.1294059753417969,2.2210588455200195,0.6227901577949524,0.7452805042266846,0.3239670395851135,0.24716682732105255,0.014389783143997192,0.012141353450715542,0.4250321388244629,0.0853114053606987,258.6632995605469,182.9387664794922,32.94564437866211,68.103515625,464.992431640625,0.10078373551368713,0.05125000327825546,0.6868683099746704,2.0928940773010254,1.0850000381469727,0.02587338164448738,0.029999924823641777,2.8850204944610596,0.5,0.11999969929456711,0.3800007998943329,0.0385013148188591,0.6696590781211853,0.5542978048324585,0.7600700259208679,0.44833600521087646,0.24794945120811462,0.7015974521636963,0.23686562478542328,0.5162097215652466,0.5652955770492554,0.47788774967193604,1.0,0.9783835411071777,0.9660167694091797,0.23411840200424194,0.30818283557891846,0.9998000264167786,0.02500000037252903,0.006000000052154064,0.01900000125169754,1.085,0.6330583282330069,1.3888609008156707,0.2692560366482477,0.4039608577211987,1.4903217255076233,0.8632963015249657,0.4971587546458903,0.1628838131758731,0.1293669082224369,0.02063271589577198,199.945579454921,0.6051949262619019,0.3500964939594269,0.588238537311554,0.050262898206710815,0.1815492808818817,0.42738744616508484,0.6174027919769287,0.7739484310150146,0.9660167694091797,0.9809999987483025,0.5873907455488255
pacing,3,action_space,1.0,2.9000000953674316,0.0,0.5,0.0,0.11999999731779099,1.0,0.3799999952316284,-1.0,-0.03999999910593033,rough_slope_trot_robustness,rough_slope,1.5,trotting,1000,0.6033929586410522,0.6033929586410522,1.2554534673690796,0.3894757330417633,0.2281712293624878,0.38784781098365784,1.2054976224899292,0.2281712293624878,0.08302392065525055,0.27888476848602295,0.1727229356765747,1.1732313632965088,2.317852020263672,0.715827465057373,0.9976463913917542,0.38784781098365784,0.3502722978591919,0.027644794434309006,0.023502562195062637,0.4682137370109558,0.113920196890831,277.14300537109375,194.76162719726562,32.69658660888672,67.70558166503906,366.89581298828125,0.1039353758096695,0.06466668099164963,0.7615966796875,2.4809584617614746,1.0670000314712524,0.02510906383395195,0.029999924823641777,2.8842132091522217,0.5,0.11999969929456711,0.3800007998943329,-0.03842056542634964,0.6367648839950562,0.4880868196487427,0.6274517774581909,0.40112370252609253,0.23486366868019104,0.6452144384384155,0.29384633898735046,0.4799867570400238,0.5444166660308838,0.4567767381668091,1.0,0.9766542315483093,0.9592580795288086,0.12193889915943146,0.20843160152435303,0.9994000196456909,0.027000000700354576,0.004000000189989805,0.023000001907348633,1.067,0.7137738328842549,1.5248514596005946,0.288138717730281,0.415599489504709,1.5224493489977498,0.9988225024456318,0.5918380672609628,0.22615781354923745,0.12554531916975975,0.024454304948449135,220.75131621713777,0.5451112389564514,0.22218181192874908,0.35953381657600403,0.05692753568291664,0.10244758427143097,0.3920258581638336,0.5591748952865601,0.7237325310707092,0.9592580795288086,0.9769999980926514,0.5134313173199956
pacing,3,action_space,1.0,2.9000000953674316,0.0,0.5,0.0,0.11999999731779099,1.0,0.3799999952316284,0.0,0.0,rough_slope_trot_robustness,rough_slope,1.5,trotting,1000,0.6397891044616699,0.6397891044616699,1.3079173564910889,0.3291636109352112,0.20460182428359985,0.3133809566497803,1.299515724182129,0.20460182428359985,0.0639411136507988,0.2653355300426483,0.17026987671852112,1.0850017070770264,1.970851182937622,0.6688968539237976,0.8215910792350769,0.3133809566497803,0.2121373414993286,0.01840166188776493,0.0058204419910907745,0.4162220358848572,0.07758891582489014,240.84445190429688,165.5662841796875,33.71355056762695,68.52520751953125,438.11688232421875,0.09944625198841095,0.04916667193174362,0.7687457799911499,2.5201292037963867,1.093000054359436,0.026158345863223076,0.029999924823641777,2.8853673934936523,0.5,0.11999969929456711,0.3800007998943329,0.0,0.6882190704345703,0.5383526086807251,0.7284705638885498,0.4274929165840149,0.24614408612251282,0.6947077512741089,0.2931702435016632,0.5160094499588013,0.5526882410049438,0.47861117124557495,1.0,0.9783835411071777,0.9663814902305603,0.23342201113700867,0.30486902594566345,0.9998000264167786,0.02500000037252903,0.004000000189989805,0.021000001579523087,1.093,0.703335523823479,1.518452800656809,0.2528658016632514,0.4126377063702748,1.4038700733820142,0.9064166146067033,0.46058369651924136,0.15563452020312107,0.13079172931611538,0.019207894802093506,184.14347872134672,0.6483045220375061,0.37453266978263855,0.616040825843811,0.07590005546808243,0.21187086403369904,0.43498486280441284,0.561903715133667,0.7820525169372559,0.9663814902305603,0.9789999984204769,0.6055989659538394
pacing,3,action_space,1.0,2.9000000953674316,0.0,0.5,0.0,0.11999999731779099,1.0,0.3799999952316284,1.0,0.03999999910593033,rough_slope_trot_robustness,rough_slope,1.5,trotting,1000,0.6106846332550049,0.6106846332550049,1.2650166749954224,0.3930990695953369,0.23665505647659302,0.404941201210022,1.3974957466125488,0.23665505647659302,0.09528782963752747,0.29801732301712036,0.19337737560272217,1.2167232036590576,2.7027902603149414,0.7335681915283203,1.0752241611480713,0.404941201210022,0.37543848156929016,0.02472047135233879,0.01874876208603382,0.44533848762512207,0.09393751621246338,280.9704284667969,198.51455688476562,31.98427391052246,66.17100524902344,228.5398712158203,0.10781417787075043,0.04875001311302185,0.7323817610740662,2.3929858207702637,1.065999984741211,0.02530032955110073,0.029999924823641777,2.885007619857788,0.5,0.11999969929456711,0.3800007998943329,0.03850002586841583,0.6245023608207703,0.48763415217399597,0.6912218332290649,0.4059763252735138,0.24142424762248993,0.6406575441360474,0.2662951350212097,0.4601934552192688,0.5650905966758728,0.46668577194213867,1.0,0.9783835411071777,0.9619923830032349,0.12012553215026855,0.2046758234500885,0.9998000264167786,0.02500000037252903,0.003000000026077032,0.02200000174343586,1.066,0.6870372550348851,1.4982747551366173,0.3086872683437519,0.43974694496121536,1.6440165024460496,1.0369301621363278,0.6127303498026601,0.20849276591376645,0.12650164775550365,0.02349797636270523,222.10808285812803,0.5389634370803833,0.19402393698692322,0.41920942068099976,0.03676341101527214,0.1527809202671051,0.4103778302669525,0.5705201625823975,0.7836834788322449,0.9619923830032349,0.9779999982565641,0.5292631637697156
pacing,3,action_space,1.0,2.9000000953674316,0.0,0.5,1.0,0.11999999731779099,-1.0,0.3400000035762787,-1.0,-0.03999999910593033,rough_slope_trot_robustness,rough_slope,1.5,trotting,1000,0.5967843532562256,0.5967843532562256,1.301734447479248,0.3766959607601166,0.234913170337677,0.36445432901382446,1.325818419456482,0.234913170337677,0.09129031002521515,0.2731007933616638,0.1598913073539734,1.1546916961669922,2.6754462718963623,0.7168724536895752,1.0742337703704834,0.36445432901382446,0.3280540108680725,0.027015764266252518,0.015409409999847412,0.4400261640548706,0.08633556962013245,272.4134521484375,192.71591186523438,32.170997619628906,67.56195068359375,342.4896240234375,0.10263635218143463,0.05083334445953369,0.7742884159088135,2.60935640335083,1.0780000686645508,0.02603469416499138,0.029999924823641777,2.884403944015503,0.5,0.11999969929456711,0.3415595591068268,-0.03843969106674194,0.6259463429450989,0.5046184062957764,0.6347594261169434,0.4155391454696655,0.2520064115524292,0.6588716506958008,0.2609924077987671,0.48284029960632324,0.559790849685669,0.4698418974876404,1.0,0.9775188565254211,0.9566477537155151,0.0665629506111145,0.1593678593635559,0.9996000528335571,0.026000000536441803,0.004000000189989805,0.02199999988079071,1.078,0.7182637570298006,1.5558127421984644,0.30214286360133535,0.3998641111102288,1.6356791469895196,1.0364524930600936,0.5727599941232562,0.2059737222708274,0.1301734708249569,0.01982615329325199,209.26960385503685,0.5668846368789673,0.26493531465530396,0.4280550479888916,0.04278256371617317,0.17786839604377747,0.4147612154483795,0.5459989309310913,0.7755624651908875,0.9566477537155151,0.9780000001192093,0.5399432672481789
pacing,3,action_space,1.0,2.9000000953674316,0.0,0.5,1.0,0.11999999731779099,-1.0,0.3400000035762787,0.0,0.0,rough_slope_trot_robustness,rough_slope,1.5,trotting,1000,0.6075170040130615,0.6075170040130615,1.2982110977172852,0.3721489906311035,0.22243154048919678,0.3875614404678345,1.5938535928726196,0.22243154048919678,0.08263130486011505,0.2791520953178406,0.1715278923511505,1.0884439945220947,1.9466753005981445,0.6971527934074402,0.8925126194953918,0.3875614404678345,0.3503709137439728,0.027352653443813324,0.009217229671776295,0.41984352469444275,0.09576478600502014,248.8396453857422,168.1747283935547,33.12129211425781,68.84693908691406,791.7026977539062,0.10347699373960495,0.04691667854785919,0.7330341339111328,2.4369893074035645,1.0750000476837158,0.025964219123125076,0.029999924823641777,2.8853399753570557,0.5,0.11999969929456711,0.34146595001220703,0.0,0.6493860483169556,0.4861464500427246,0.6810490489006042,0.4045712351799011,0.24633333086967468,0.6435404419898987,0.22274968028068542,0.4729524850845337,0.5570278167724609,0.47822248935699463,1.0,0.9783835411071777,0.9625130891799927,0.11957114934921265,0.2012796700000763,0.9998000264167786,0.02500000037252903,0.004000000189989805,0.021000001579523087,1.075,0.6818921466206396,1.5056449619526804,0.2874566138743637,0.41415925964675776,1.3952330631826872,0.9447288603061684,0.5919213746300879,0.19123253675980356,0.12982109561562538,0.020178528502583504,191.67887705111318,0.5746584534645081,0.22267572581768036,0.48123589158058167,0.038910944014787674,0.14729826152324677,0.43184563517570496,0.5673710703849792,0.7909002900123596,0.9625130891799927,0.9789999984204769,0.5495199476809879
pacing,3,action_space,1.0,2.9000000953674316,0.0,0.5,1.0,0.11999999731779099,-1.0,0.3400000035762787,1.0,0.03999999910593033,rough_slope_trot_robustness,rough_slope,1.5,trotting,1000,0.6040924787521362,0.6040924787521362,1.2912120819091797,0.36862748861312866,0.2217743694782257,0.372475266456604,1.5406060218811035,0.2217743694782257,0.08351373672485352,0.29566794633865356,0.19214771687984467,1.106001853942871,2.0829334259033203,0.7219328880310059,0.9678513407707214,0.372475266456604,0.32993435859680176,0.02434362843632698,0.008315710350871086,0.4162794053554535,0.10018733143806458,249.14120483398438,171.41941833496094,32.70088195800781,67.60169982910156,408.19598388671875,0.10194719582796097,0.04233333840966225,0.7123976945877075,2.3127670288085938,1.0820000171661377,0.025824254378676414,0.029999924823641777,2.8844847679138184,0.5,0.11999969929456711,0.34155142307281494,0.03844780474901199,0.6506393551826477,0.5069347620010376,0.6995596885681152,0.39073026180267334,0.25617295503616333,0.6608361005783081,0.23036807775497437,0.46778619289398193,0.5510302782058716,0.48145627975463867,1.0,0.9775188565254211,0.9566848278045654,0.06650280952453613,0.15857115387916565,1.0,0.026000000536441803,0.003000000026077032,0.023000001907348633,1.082,0.6584082302015942,1.4620166515192456,0.288987433506811,0.43834657165289276,1.443237134328008,0.9837943589850073,0.574399128304354,0.18071894971805824,0.12912127189338207,0.020878352224826813,192.95142008399228,0.5806861519813538,0.249729186296463,0.5203847885131836,0.04032108560204506,0.13482919335365295,0.43493494391441345,0.5860365033149719,0.8092343807220459,0.9566848278045654,0.9769999980926514,0.5578837586860909
pacing,3,action_space,1.0,2.9000000953674316,0.0,0.5,1.0,0.11999999731779099,0.0,0.3799999952316284,-1.0,-0.03999999910593033,rough_slope_trot_robustness,rough_slope,1.5,trotting,1000,0.5971851348876953,0.5971851348876953,1.2637546062469482,0.3885711431503296,0.22640059888362885,0.3982817828655243,1.4225269556045532,0.22640059888362885,0.08616587519645691,0.2953617572784424,0.1903279721736908,1.2123284339904785,2.644533157348633,0.7368429899215698,1.0137650966644287,0.3982817828655243,0.3576306402683258,0.03830400109291077,0.014921972528100014,0.4536210298538208,0.12312309443950653,273.9510803222656,192.64205932617188,32.68657302856445,67.48640441894531,453.7937316894531,0.10398408770561218,0.05891668051481247,0.8100445866584778,2.708923816680908,1.065999984741211,0.025275085121393204,0.029999924823641777,2.8844268321990967,0.5,0.11999969929456711,0.3800007998943329,-0.03844194859266281,0.6241153478622437,0.4758048355579376,0.6168875098228455,0.39672350883483887,0.22761085629463196,0.6344228982925415,0.26244544982910156,0.4530044198036194,0.5449329614639282,0.4620533585548401,1.0,0.9766542911529541,0.959628701210022,0.12156342715024948,0.20648258924484253,0.9994000196456909,0.027000000700354576,0.007000000216066837,0.020000001415610313,1.066,0.7598917032495895,1.5941155358319157,0.29354024459425815,0.43626594202812896,1.6262020653500084,1.0068590252187386,0.5980222740570169,0.23070754998701448,0.12637542560696602,0.023624198511242867,216.77553456033323,0.5466480255126953,0.20468485355377197,0.34489351511001587,0.043030571192502975,0.08522487431764603,0.4036358892917633,0.5297759175300598,0.7448418140411377,0.959628701210022,0.9799999985843897,0.5060321060254386
pacing,3,action_space,1.0,2.9000000953674316,0.0,0.5,1.0,0.11999999731779099,0.0,0.3799999952316284,0.0,0.0,rough_slope_trot_robustness,rough_slope,1.5,trotting,1000,0.6284161806106567,0.6284161806106567,1.271667242050171,0.34742897748947144,0.21367783844470978,0.3594112992286682,1.661818027496338,0.21367783844470978,0.07138566672801971,0.26112446188926697,0.14992612600326538,1.0789909362792969,1.9049725532531738,0.7265548706054688,1.021128535270691,0.3594112992286682,0.30043113231658936,0.020630504935979843,0.008198964409530163,0.4233526587486267,0.0774291604757309,247.05596923828125,170.93496704101562,32.87547302246094,67.29548645019531,339.9880676269531,0.10017609596252441,0.0430000014603138,0.7440868616104126,2.5245718955993652,1.0910000801086426,0.025433339178562164,0.029999924823641777,2.8857364654541016,0.5,0.11999969929456711,0.3800007998943329,0.0,0.6614735126495361,0.5202171802520752,0.7086747884750366,0.41152888536453247,0.2521933317184448,0.6767683029174805,0.21328221261501312,0.4971224069595337,0.556586503982544,0.4741462469100952,1.0,0.9792482256889343,0.9674270153045654,0.23262372612953186,0.3022209405899048,1.0,0.024000000208616257,0.004999999888241291,0.01900000125169754,1.091,0.6820227240991636,1.5211830799528623,0.26718096251046725,0.3872029519557739,1.3802074312411066,1.0105090475946719,0.548115984365161,0.16979243017729032,0.12716669589281082,0.022832928225398064,194.2772142498377,0.6170362234115601,0.2747853994369507,0.5618112087249756,0.04552328214049339,0.2125488817691803,0.4288254380226135,0.5607390999794006,0.8065414428710938,0.9674270153045654,0.9809999987483025,0.5848314566047569
pacing,3,action_space,1.0,2.9000000953674316,0.0,0.5,1.0,0.11999999731779099,0.0,0.3799999952316284,1.0,0.03999999910593033,rough_slope_trot_robustness,rough_slope,1.5,trotting,1000,0.625277578830719,0.625277578830719,1.286600947380066,0.31912219524383545,0.21306321024894714,0.32856088876724243,1.6040737628936768,0.21306321024894714,0.0701824277639389,0.2739042043685913,0.17053264379501343,1.0403634309768677,1.710921049118042,0.6761515140533447,0.852489173412323,0.32856088876724243,0.20684510469436646,0.012947773560881615,0.006158893927931786,0.39996224641799927,0.08538282662630081,233.22369384765625,160.03565979003906,33.491981506347656,67.92560577392578,400.7702331542969,0.09759404510259628,0.051333338022232056,0.7891685962677002,2.500001907348633,1.1089999675750732,0.025732025504112244,0.029999924823641777,2.885035991668701,0.5,0.11999969929456711,0.3800007998943329,0.03850284963846207,0.6872312426567078,0.5238849520683289,0.771126389503479,0.42419397830963135,0.25444889068603516,0.6803032159805298,0.23143011331558228,0.48866361379623413,0.5574336051940918,0.4874154329299927,1.0,0.9783835411071777,0.9619959592819214,0.12009384483098984,0.20442180335521698,1.0,0.02500000037252903,0.005000000353902578,0.019999999552965164,1.109,0.7116037683512737,1.5014275470284912,0.26491966284883217,0.41295598287833707,1.3080218075850425,0.9233034026864209,0.45480226988699873,0.13822686963399483,0.12866012752056122,0.021339496597647667,181.27119704254443,0.6654072999954224,0.33975768089294434,0.6824040412902832,0.049404073506593704,0.1812901496887207,0.4493629038333893,0.5691727995872498,0.7736260294914246,0.9619959592819214,0.9800000004470348,0.6166761856722204
pacing,3,action_space,1.0,2.9000000953674316,0.0,0.5,1.0,0.11999999731779099,1.0,0.3799999952316284,-1.0,-0.03999999910593033,rough_slope_trot_robustness,rough_slope,1.5,trotting,1000,0.5983859300613403,0.5983859300613403,1.2719979286193848,0.36406511068344116,0.21749359369277954,0.40980052947998047,1.3221479654312134,0.21749359369277954,0.07684919983148575,0.25269776582717896,0.1432017982006073,1.1321313381195068,2.113053798675537,0.6860591173171997,0.91041100025177,0.40980052947998047,0.4350384473800659,0.023628413677215576,0.010351773351430893,0.4330093264579773,0.10387197136878967,247.3013916015625,172.19619750976562,33.45404815673828,68.60226440429688,494.5009765625,0.09780286997556686,0.056000012904405594,0.7453231811523438,2.364877223968506,1.0800000429153442,0.025439951568841934,0.029999924823641777,2.885007381439209,0.5,0.11999969929456711,0.3800007998943329,-0.03849999979138374,0.6528249979019165,0.48588359355926514,0.6506056785583496,0.4177151322364807,0.22610701620578766,0.642448902130127,0.27769553661346436,0.5178289413452148,0.5470622777938843,0.4684215486049652,1.0,0.9783835411071777,0.9583152532577515,0.06556856632232666,0.15479221940040588,1.0,0.02500000037252903,0.00800000037997961,0.017000000923871994,1.08,0.690114000108507,1.4797637928139573,0.2772168822988343,0.37842013450741135,1.4536346854266848,0.9541545997645088,0.6595744441532478,0.18433715585482616,0.12719975784420967,0.022799866273999214,194.41964962158485,0.588502824306488,0.1864924281835556,0.5068177580833435,0.057318489998579025,0.12525053322315216,0.420622855424881,0.5784372687339783,0.7557836771011353,0.9583152532577515,0.982999999076128,0.5586652208707835
pacing,3,action_space,1.0,2.9000000953674316,0.0,0.5,1.0,0.11999999731779099,1.0,0.3799999952316284,0.0,0.0,rough_slope_trot_robustness,rough_slope,1.5,trotting,1000,0.6198670864105225,0.6198670864105225,1.302616834640503,0.33475184440612793,0.2128443717956543,0.3223019242286682,1.3613290786743164,0.2128443717956543,0.06930190324783325,0.26308193802833557,0.16326117515563965,1.0841267108917236,1.8309952020645142,0.66484135389328,0.8266305923461914,0.3223019242286682,0.21917036175727844,0.015452693216502666,0.006907433271408081,0.41365957260131836,0.08974224328994751,237.10968017578125,161.80667114257812,33.64282989501953,68.51876831054688,436.1788635253906,0.09896909445524216,0.05025000870227814,0.8829445242881775,2.9095754623413086,1.1019999980926514,0.026052337139844894,0.029999924823641777,2.884929656982422,0.5,0.11999969929456711,0.3800007998943329,0.0,0.6776503324508667,0.5294367074966431,0.7129767537117004,0.42787423729896545,0.24588724970817566,0.6871147155761719,0.2762211561203003,0.5037813186645508,0.5529863834381104,0.4804864227771759,1.0,0.9783835411071777,0.96196448802948,0.12021841108798981,0.20564055442810059,1.0,0.02500000037252903,0.003000000026077032,0.02199999988079071,1.102,0.8012200163410277,1.6248901108488512,0.2632525465172811,0.4040559059779224,1.3531427131180636,0.9091922746846188,0.46815634328424777,0.14953302808380076,0.13026168569922447,0.019737938418984413,182.02565318543495,0.6387544274330139,0.3538842797279358,0.639414370059967,0.06409639865159988,0.166153222322464,0.4372198283672333,0.5168167352676392,0.7778278589248657,0.96196448802948,0.9780000001192093,0.5974629254717576
pacing,3,action_space,1.0,2.9000000953674316,0.0,0.5,1.0,0.11999999731779099,1.0,0.3799999952316284,1.0,0.03999999910593033,rough_slope_trot_robustness,rough_slope,1.5,trotting,1000,0.6123080253601074,0.6123080253601074,1.3178893327713013,0.32548999786376953,0.20755645632743835,0.34416869282722473,1.5024781227111816,0.20755645632743835,0.06857997179031372,0.2768423557281494,0.1692982167005539,1.1288902759552002,2.005208969116211,0.651343047618866,0.7722715735435486,0.34416869282722473,0.27517223358154297,0.014537367969751358,0.007039874792098999,0.4181254506111145,0.08876179903745651,247.49575805664062,167.748046875,33.155921936035156,68.51709747314453,603.0648803710938,0.10042183846235275,0.0495000034570694,0.7374768257141113,2.4355976581573486,1.096000075340271,0.026357784867286682,0.029999924823641777,2.885223865509033,0.5,0.11999969929456711,0.3800007998943329,0.038521625101566315,0.6749441027641296,0.5299570560455322,0.7417296767234802,0.4196697473526001,0.2370140552520752,0.6849000453948975,0.2504882514476776,0.47897422313690186,0.5527592301368713,0.47785449028015137,1.0,0.9783835411071777,0.9585847854614258,0.06536368280649185,0.15214920043945312,1.0,0.02500000037252903,0.007000000216066837,0.018000001087784767,1.096,0.6728802980297673,1.4907248690702783,0.2618777802531435,0.41145864518874053,1.4160540134882607,0.8787898346837818,0.5245686166570994,0.146891942467415,0.1317889243364334,0.018210699781775475,187.79707210786688,0.6545711755752563,0.3058927059173584,0.6495049595832825,0.05646820366382599,0.16944345831871033,0.43333208560943604,0.5737478733062744,0.7807502150535583,0.9585847854614258,0.9819999989122152,0.6076286198865426
