gait,gait_id,grid_mode,frequency_residual,frequency,duration_residual,duration,footswing_height_residual,footswing_height,stance_width_residual,stance_width,body_pitch_residual,body_pitch,task_id,condition,cmd_vx,target_gait,samples,reward_mean,weighted_metric_reward_mean,measured_vx_mean,vx_abs_error_mean,vy_abs_mean,yaw_abs_mean,lateral_offset_abs_mean,lateral_vel_abs_mean,lateral_vel_sq_mean,base_z_vel_abs_mean,base_z_vel_sq_mean,roll_rate_abs_mean,roll_rate_sq_mean,pitch_rate_abs_mean,pitch_rate_sq_mean,yaw_rate_abs_mean,yaw_rate_sq_mean,gravity_x_sq_mean,gravity_y_sq_mean,torque_penalty_mean,slip_penalty_mean,mechanical_power_abs_mean,positive_mechanical_power_mean,contact_force_mean_mean,stance_contact_force_mean_mean,peak_contact_force_mean,swing_foot_clearance_mean_mean,scuffing_ratio_mean,foot_impact_vel_sum_mean,foot_impact_vel_sq_sum_mean,foot_impact_count_mean,forward_distance_mean,target_forward_distance_mean,actual_frequency_mean,actual_duration_mean,actual_footswing_height_mean,actual_stance_width_mean,actual_body_pitch_mean,score_progress,score_yaw_tracking,score_orientation,score_pitch_rate,score_roll_rate,score_yaw_rate,score_lateral_drift,score_vertical_bounce,score_slip,score_energy,score_clearance,score_gait_stability,score_action_smoothness,score_action_magnitude,score_action_boundary_margin,score_survival,done_rate,edge_reset_rate,fall_rate,foot_impact_rate,foot_impact_vel_mean,foot_impact_vel_rms,lateral_vel_rms,base_z_vel_rms,roll_rate_rms,pitch_rate_rms,yaw_rate_rms,orientation_rms,forward_distance_ratio,progress_deficit,transport_cost_proxy,progress_score,yaw_score,orientation_score,lateral_score,slip_score,energy_score,impact_score,scuffing_score,smoothness_score,survival_score,neutral_score
pronking,0,action_space,-1.0,2.5999999046325684,0.0,0.5,-1.0,0.04999999701976776,-1.0,0.2900000214576721,-1.0,-0.03999999910593033,rough_slope_trot_robustness,rough_slope,0.5,trotting,1000,0.7012206315994263,0.7012206315994263,0.484580934047699,0.10171918570995331,0.07095424830913544,0.22751250863075256,2.004110097885132,0.07095424830913544,0.009237878024578094,0.47832006216049194,0.31304484605789185,0.5126615762710571,0.5709355473518372,0.48798274993896484,0.44839686155319214,0.22751250863075256,0.0917678028345108,0.019450992345809937,0.0018701656954362988,0.28949132561683655,0.008696544915437698,112.67655944824219,66.91397094726562,34.797706604003906,38.735557556152344,444.9447937011719,0.04002609848976135,0.0520833358168602,0.568989634513855,1.5573360919952393,1.0360000133514404,0.009691618382930756,0.01000003982335329,2.6053919792175293,0.5,0.050405047833919525,0.29054027795791626,-0.03945987671613693,0.9251377582550049,0.6272990107536316,0.6945192813873291,0.5286141633987427,0.5248043537139893,0.784775972366333,0.2719305753707886,0.21069082617759705,0.921808123588562,0.6420326232910156,0.1300644874572754,0.9922181367874146,0.9849934577941895,0.04969380050897598,0.08182254433631897,1.0,0.009000000543892384,0.0010000000474974513,0.00800000037997961,1.036,0.5492177248921634,1.2260587811032466,0.09611388049901062,0.5595041072752656,0.7556027708735835,0.6696244182772848,0.30293201025066796,0.14601766345633063,0.04845809191465378,0.0015421072021126747,232.5237159189409,0.9594575762748718,0.5959375500679016,0.6528400182723999,0.11204355955123901,0.8403549790382385,0.5604682564735413,0.6867362260818481,0.7707303762435913,0.9849934577941895,0.9919999996200204,0.7846896846925742
pronking,0,action_space,-1.0,2.5999999046325684,0.0,0.5,-1.0,0.04999999701976776,-1.0,0.2900000214576721,0.0,0.0,rough_slope_trot_robustness,rough_slope,0.5,trotting,1000,0.7273761630058289,0.7273761630058289,0.48353511095046997,0.10833808779716492,0.07772298902273178,0.21978993713855743,1.4925522804260254,0.07772298902273178,0.011553199030458927,0.4754601716995239,0.3100610673427582,0.5415334105491638,0.5833951830863953,0.4635807275772095,0.39127570390701294,0.21978993713855743,0.07963687181472778,0.012399628758430481,0.002242933725938201,0.29207170009613037,0.008703436702489853,112.61320495605469,67.22541046142578,34.208473205566406,38.30589294433594,204.19961547851562,0.04036992788314819,0.06108333542943001,0.5238361358642578,1.4394557476043701,1.0260000228881836,0.009670702740550041,0.01000003982335329,2.605989933013916,0.5,0.05044987052679062,0.29059991240501404,0.0,0.9152553677558899,0.6386690735816956,0.7740921974182129,0.5499504804611206,0.5081565380096436,0.7890913486480713,0.4106362760066986,0.21206167340278625,0.9175491333007812,0.6408491134643555,0.1306249499320984,0.9913535118103027,0.984796941280365,0.10248075425624847,0.1363006979227066,1.0,0.010000000707805157,0.004000000189989805,0.006000000052154064,1.026,0.5105615210579617,1.1844737797430889,0.10748580850725796,0.5568312736752113,0.7638031049206302,0.625520346517212,0.2822000563691081,0.12100645637472689,0.048353513702750206,0.0016466854140162468,232.89561069245707,0.9541364908218384,0.616882860660553,0.7461331486701965,0.17841976881027222,0.8402391672134399,0.5575832724571228,0.7041636109352112,0.7368162870407104,0.984796941280365,0.9939999999478459,0.8104871308038893
pronking,0,action_space,-1.0,2.5999999046325684,0.0,0.5,-1.0,0.04999999701976776,-1.0,0.2900000214576721,1.0,0.03999999910593033,rough_slope_trot_robustness,rough_slope,0.5,trotting,1000,0.7443374395370483,0.7443374395370483,0.4480884373188019,0.09703991562128067,0.07137191295623779,0.26685142517089844,1.259481430053711,0.07137191295623779,0.008795095607638359,0.4860926866531372,0.3236199617385864,0.47437530755996704,0.46410778164863586,0.38332122564315796,0.28823399543762207,0.26685142517089844,0.11064775288105011,0.0046319193206727505,0.0019731479696929455,0.2798258066177368,0.01005210354924202,110.47835540771484,65.91873168945312,34.88733673095703,38.42219543457031,372.5694580078125,0.039393190294504166,0.06400001049041748,0.5316444635391235,1.3845243453979492,1.0230000019073486,0.008961770683526993,0.01000003982335329,2.60538911819458,0.5,0.050404857844114304,0.2905399203300476,0.039460115134716034,0.9297000169754028,0.5546655654907227,0.8865084052085876,0.6263277530670166,0.5607314109802246,0.7322337627410889,0.4858941435813904,0.20695093274116516,0.9297084808349609,0.6523847579956055,0.13006246089935303,0.9922181367874146,0.9849934577941895,0.049692366272211075,0.08181290328502655,1.0,0.009000000543892384,0.0010000000474974513,0.00800000037997961,1.023,0.5196915642373839,1.1633555689708588,0.09378217105419537,0.5688760512964018,0.6812545644974688,0.5368742827120909,0.33263756985802145,0.08127156507884967,0.044808853417634964,0.005191345699131489,246.5548008084679,0.9630336165428162,0.4906143844127655,0.8762521743774414,0.23802410066127777,0.817878007888794,0.5714080929756165,0.7129464149475098,0.7261490225791931,0.9849934577941895,0.9919999996200204,0.8416591140098479
pronking,0,action_space,-1.0,2.5999999046325684,0.0,0.5,-1.0,0.04999999701976776,0.0,0.33000001311302185,-1.0,-0.03999999910593033,rough_slope_trot_robustness,rough_slope,0.5,trotting,1000,0.7119069695472717,0.7119069695472717,0.4852259159088135,0.10289791226387024,0.06873996555805206,0.21607184410095215,1.7130625247955322,0.06873996555805206,0.00972322840243578,0.46783432364463806,0.30337339639663696,0.5303846597671509,0.5352165102958679,0.5248196721076965,0.4753469228744507,0.21607184410095215,0.08208668977022171,0.019752262160182,0.001834881491959095,0.3085656762123108,0.012440520338714123,112.21492004394531,67.50521087646484,34.506072998046875,37.7801399230957,386.8255920410156,0.03944171965122223,0.05566667020320892,0.5494067668914795,1.5510755777359009,1.0350000858306885,0.009704518131911755,0.01000003982335329,2.6060075759887695,0.5,0.050451189279556274,0.33000147342681885,-0.03939834237098694,0.9238330125808716,0.6429346203804016,0.6888599991798401,0.48464715480804443,0.5036877989768982,0.794554591178894,0.3473415970802307,0.21421696245670319,0.9132842421531677,0.6256307363510132,0.13064150512218475,0.9913535118103027,0.9847937822341919,0.10250087082386017,0.1364721804857254,1.0,0.010000000707805157,0.004999999888241291,0.004999999888241291,1.035,0.530827766455314,1.2241828347915145,0.09860643185125288,0.55079342443119,0.7315849303367777,0.6894540759720336,0.2865077481853182,0.14692563987317223,0.04852259065955877,0.0014776084572076797,231.26324535607327,0.9585323929786682,0.626961350440979,0.6493763327598572,0.14844702184200287,0.7797278165817261,0.5394898056983948,0.6875258088111877,0.7570444345474243,0.9847937822341919,0.9950000001117587,0.780483045419188
pronking,0,action_space,-1.0,2.5999999046325684,0.0,0.5,-1.0,0.04999999701976776,0.0,0.33000001311302185,0.0,0.0,rough_slope_trot_robustness,rough_slope,0.5,trotting,1000,0.750146746635437,0.750146746635437,0.4738471508026123,0.08927655965089798,0.06538912653923035,0.21856747567653656,1.6035435199737549,0.06538912653923035,0.008255978114902973,0.4744226932525635,0.3099876046180725,0.5157502293586731,0.5098310708999634,0.5176069140434265,0.4638267457485199,0.21856747567653656,0.08079144358634949,0.009923320263624191,0.0017105024307966232,0.3161710798740387,0.009039206430315971,113.54116821289062,67.59197998046875,35.36731719970703,39.149017333984375,351.77996826171875,0.037448979914188385,0.059833332896232605,0.5271050333976746,1.355053186416626,1.0350000858306885,0.009476941078901291,0.01000003982335329,2.6056056022644043,0.5,0.05042104423046112,0.33000147342681885,0.0,0.9383928775787354,0.635712206363678,0.8103532791137695,0.4973868727684021,0.5249850153923035,0.7919959425926208,0.39156293869018555,0.21241801977157593,0.9215022921562195,0.6244757771492004,0.13026496767997742,0.9922181367874146,0.9876266717910767,0.21390411257743835,0.24287264049053192,1.0,0.009000000543892384,0.0010000000474974513,0.00800000037997961,1.035,0.5092801743659421,1.1442158585393627,0.09086241310301511,0.5567653047901535,0.7140245590313847,0.6810482697639866,0.28423835699347383,0.1078601997699838,0.047384705394506454,0.0026154937222599983,239.6155976047808,0.9686216115951538,0.6201974153518677,0.7924098968505859,0.17056086659431458,0.8346155285835266,0.5313458442687988,0.7208620309829712,0.7414358258247375,0.9876266717910767,0.9919999996200204,0.8220564450970607
pronking,0,action_space,-1.0,2.5999999046325684,0.0,0.5,-1.0,0.04999999701976776,0.0,0.33000001311302185,1.0,0.03999999910593033,rough_slope_trot_robustness,rough_slope,0.5,trotting,1000,0.7354752421379089,0.7354752421379089,0.4778895974159241,0.10998717695474625,0.08108623325824738,0.25251591205596924,1.5761909484863281,0.08108623325824738,0.012518376111984253,0.49164512753486633,0.33534085750579834,0.4743220806121826,0.4549604654312134,0.4986213445663452,0.4650154709815979,0.25251591205596924,0.1107296496629715,0.008367219939827919,0.002065510954707861,0.28858548402786255,0.009377087466418743,114.78375244140625,67.57063293457031,35.11012268066406,39.12468719482422,429.0312805175781,0.04074716195464134,0.06333333998918533,0.5776833295822144,1.5509734153747559,1.0250000953674316,0.009557794779539108,0.01000003982335329,2.605989694595337,0.5,0.050449881702661514,0.33000147342681885,0.039400093257427216,0.914811909198761,0.592887282371521,0.8403657078742981,0.5314308404922485,0.5478017330169678,0.7480615377426147,0.39566391706466675,0.2042415738105774,0.9127839207649231,0.6435593962669373,0.13062496483325958,0.991353452205658,0.9847970008850098,0.10248074680566788,0.13630080223083496,1.0,0.010000000707805157,0.003000000026077032,0.007000000216066837,1.025,0.5635935118140244,1.230099495746574,0.11188554916513684,0.5790862263133171,0.6745075725529057,0.6819204286290285,0.33276064921046705,0.1021407406206543,0.04778897389769554,0.0022112252190709114,240.18884918623982,0.9527633786201477,0.5285367965698242,0.8116755485534668,0.16096659004688263,0.8289945125579834,0.5614845752716064,0.685034453868866,0.7285735607147217,0.9847970008850098,0.9929999997839332,0.8182595283479283
pronking,0,action_space,-1.0,2.5999999046325684,0.0,0.5,-1.0,0.04999999701976776,1.0,0.3700000047683716,-1.0,-0.03999999910593033,rough_slope_trot_robustness,rough_slope,0.5,trotting,1000,0.712283730506897,0.712283730506897,0.4982942044734955,0.10326237231492996,0.06099623814225197,0.23248997330665588,1.4471690654754639,0.06099623814225197,0.0066236709244549274,0.4798734188079834,0.324241578578949,0.5243295431137085,0.4785192608833313,0.5884217619895935,0.5799744129180908,0.23248997330665588,0.09874139726161957,0.020234238356351852,0.0016081007197499275,0.3122076392173767,0.007713128812611103,113.50055694580078,68.611328125,34.24943542480469,38.63566589355469,216.7744903564453,0.041459470987319946,0.04350000247359276,0.519892692565918,1.4519503116607666,1.0230000019073486,0.009965889155864716,0.01000003982335329,2.606349468231201,0.5,0.05047687143087387,0.3693634867668152,-0.039364103227853775,0.9254577159881592,0.6308214664459229,0.6903253793716431,0.4428924322128296,0.509752094745636,0.7769193053245544,0.42605388164520264,0.2085498571395874,0.9179890751838684,0.6240597367286682,0.13096246123313904,0.9913535118103027,0.9826558828353882,0.051118336617946625,0.08997607231140137,1.0,0.010000000707805157,0.0020000000949949026,0.00800000037997961,1.023,0.5082040080110581,1.191346411880893,0.08138593812480709,0.5694221444402641,0.6917508661963,0.761560511658851,0.3142314390089247,0.14779153925750207,0.04982944577932358,0.0001707533374428749,227.77819996065784,0.9582443237304688,0.5824477076530457,0.6460704207420349,0.20604874193668365,0.8570469617843628,0.5355744957923889,0.7012950778007507,0.8045275807380676,0.9826558828353882,0.9919999996200204,0.7961156456976345
pronking,0,action_space,-1.0,2.5999999046325684,0.0,0.5,-1.0,0.04999999701976776,1.0,0.3700000047683716,0.0,0.0,rough_slope_trot_robustness,rough_slope,0.5,trotting,1000,0.7324730753898621,0.7324730753898621,0.4845520257949829,0.10501612722873688,0.0709189772605896,0.22685781121253967,1.488147258758545,0.0709189772605896,0.010571283288300037,0.4821488857269287,0.31928199529647827,0.503102719783783,0.5038135051727295,0.5530438423156738,0.5308527946472168,0.22685781121253967,0.08718688786029816,0.011693336069583893,0.0016924329102039337,0.30646780133247375,0.011232748627662659,110.62631225585938,64.53050994873047,34.43294143676758,37.97279357910156,432.7244567871094,0.04079117625951767,0.058000002056360245,0.6106169819831848,1.6755080223083496,1.040000081062317,0.009691037237644196,0.01000003982335329,2.6053900718688965,0.5,0.05040491744875908,0.36945927143096924,0.0,0.9226740598678589,0.6324722766876221,0.7947167754173279,0.46108901500701904,0.5337125658988953,0.7843291759490967,0.4117078185081482,0.20839226245880127,0.918606162071228,0.6313921213150024,0.13006320595741272,0.9922181367874146,0.9863172769546509,0.1013052836060524,0.13174811005592346,1.0,0.009000000543892384,0.0020000000949949026,0.007000000216066837,1.04,0.5871316763070914,1.2692774801839917,0.10281674614721105,0.56505043606432,0.7097982144051431,0.7285964552804363,0.29527425871602514,0.115696884053927,0.04845518618822098,0.001545012928545475,228.30636622426604,0.9568452835083008,0.5977129340171814,0.7651255130767822,0.1827615648508072,0.798791766166687,0.541758120059967,0.6684682965278625,0.7482635378837585,0.9863172769546509,0.9929999997839332,0.807269071817006
pronking,0,action_space,-1.0,2.5999999046325684,0.0,0.5,-1.0,0.04999999701976776,1.0,0.3700000047683716,1.0,0.03999999910593033,rough_slope_trot_robustness,rough_slope,0.5,trotting,1000,0.7392771244049072,0.7392771244049072,0.4711994528770447,0.0899343341588974,0.06581499427556992,0.22877435386180878,1.4765634536743164,0.06581499427556992,0.009607366286218166,0.48200076818466187,0.3211402893066406,0.49257224798202515,0.48047590255737305,0.4908919930458069,0.405034601688385,0.22877435386180878,0.09128964692354202,0.004998311400413513,0.0018303196411579847,0.3208378553390503,0.010936317965388298,111.04852294921875,64.85025024414062,35.30763244628906,38.698455810546875,538.947265625,0.038536228239536285,0.04916667193174362,0.5747355818748474,1.5416538715362549,1.034000039100647,0.009423987939953804,0.01000003982335329,2.605989933013916,0.5,0.050449881702661514,0.3693995475769043,0.039400093257427216,0.9379738569259644,0.6239873170852661,0.8852138519287109,0.5146063566207886,0.5503730177879333,0.7840392589569092,0.4103515148162842,0.20984438061714172,0.920439600944519,0.6208807826042175,0.1306249499320984,0.991353452205658,0.9833260774612427,0.05068462714552879,0.08637412637472153,1.0,0.010000000707805157,0.003000000026077032,0.007000000216066837,1.034,0.5558371331751693,1.221049192362059,0.09801717342495736,0.5666924115484877,0.6931636910264221,0.6364232881411436,0.30214176626799216,0.08263553135045178,0.04711993969976902,0.0028802594169974327,235.67201165277217,0.9681650400161743,0.5925161838531494,0.8723430037498474,0.1884898990392685,0.8035415410995483,0.5264095664024353,0.6888441443443298,0.7820525169372559,0.9833260774612427,0.9929999997839332,0.8336798828585368
pronking,0,action_space,-1.0,2.5999999046325684,0.0,0.5,0.0,0.07999999821186066,-1.0,0.2900000214576721,-1.0,-0.03999999910593033,rough_slope_trot_robustness,rough_slope,0.5,trotting,1000,0.7188584804534912,0.7188584804534912,0.4792620539665222,0.11383821070194244,0.07394081354141235,0.20558986067771912,1.5164179801940918,0.07394081354141235,0.011982880532741547,0.48137789964675903,0.322823703289032,0.5022435188293457,0.5860962271690369,0.4311952590942383,0.3720175325870514,0.20558986067771912,0.07074399292469025,0.019591346383094788,0.0017576043028384447,0.28633660078048706,0.008901490829885006,122.92436981201172,75.61846923828125,34.435813903808594,38.32068634033203,469.6408996582031,0.04340343922376633,0.053666673600673676,0.6991045475006104,2.172366142272949,1.027000069618225,0.009585240855813026,0.01000003982335329,2.605989933013916,0.5,0.08000031858682632,0.2906000018119812,-0.039400093257427216,0.9094394445419312,0.6559432744979858,0.6958249807357788,0.5748786926269531,0.5460816621780396,0.8053455352783203,0.3791307508945465,0.20939350128173828,0.9225039482116699,0.6426770687103271,0.5,0.991353452205658,0.9847970008850098,0.10248072445392609,0.13630086183547974,1.0,0.010000000707805157,0.003000000026077032,0.007000000216066837,1.027,0.6807249193646543,1.4543912362959492,0.10946634429239677,0.5681757679530446,0.7655692177517568,0.6099324000141748,0.26597742935198515,0.14611280123908799,0.04792620427906513,0.0020739948377013206,256.4867566598509,0.9494840502738953,0.6552935838699341,0.6524772644042969,0.17272135615348816,0.8369174599647522,0.5640156865119934,0.5893037915229797,0.7646528482437134,0.9847970008850098,0.9929999997839332,0.7820438983310994
pronking,0,action_space,-1.0,2.5999999046325684,0.0,0.5,0.0,0.07999999821186066,-1.0,0.2900000214576721,0.0,0.0,rough_slope_trot_robustness,rough_slope,0.5,trotting,1000,0.7458673715591431,0.7458673715591431,0.48042982816696167,0.10278066992759705,0.07452012598514557,0.23868370056152344,1.5467288494110107,0.07452012598514557,0.010502088814973831,0.4703214764595032,0.31034356355667114,0.5617986917495728,0.6505883932113647,0.4368073046207428,0.34696054458618164,0.23868370056152344,0.09263179451227188,0.010739121586084366,0.0018379217945039272,0.30298811197280884,0.008270511403679848,124.86619567871094,80.5213623046875,34.57447052001953,38.050209045410156,420.8044128417969,0.04368738457560539,0.05441667139530182,0.6876482963562012,2.1649904251098633,1.031000018119812,0.009608600288629532,0.01000003982335329,2.605989933013916,0.5,0.08000031858682632,0.29059988260269165,0.0,0.9223054647445679,0.6014971137046814,0.8009392023086548,0.5701159238815308,0.5162395238876343,0.7651011943817139,0.4019278287887573,0.21596528589725494,0.9163402318954468,0.6268305778503418,0.5,0.991353452205658,0.9864066243171692,0.21479372680187225,0.2444688379764557,1.0,0.009000000543892384,0.0010000000474974513,0.00800000037997961,1.031,0.6669721187143853,1.4491009401681838,0.10247969952616875,0.5570848800287719,0.8065905982661618,0.589033568301656,0.3043547182356007,0.11214741807366005,0.04804300144314766,0.0019571976736187935,259.9051689923731,0.9586248397827148,0.5656956434249878,0.7776016592979431,0.1726013571023941,0.8475459814071655,0.5455415844917297,0.5915710926055908,0.7617907524108887,0.9864066243171692,0.9919999996200204,0.8101762912089103
pronking,0,action_space,-1.0,2.5999999046325684,0.0,0.5,0.0,0.07999999821186066,-1.0,0.2900000214576721,1.0,0.03999999910593033,rough_slope_trot_robustness,rough_slope,0.5,trotting,1000,0.7230529189109802,0.7230529189109802,0.4851509928703308,0.11577984690666199,0.08632224798202515,0.23081395030021667,1.8260760307312012,0.08632224798202515,0.015156642533838749,0.4779873788356781,0.3111470937728882,0.565106987953186,0.7139020562171936,0.44685420393943787,0.3985939621925354,0.23081395030021667,0.0906209796667099,0.008356673642992973,0.002660015132278204,0.289949506521225,0.011899332515895367,119.09705352783203,71.56852722167969,33.99036407470703,37.73024368286133,309.3022766113281,0.04574470594525337,0.05416667088866234,0.6450629830360413,1.9681733846664429,1.0350000858306885,0.009703021496534348,0.01000003982335329,2.6059627532958984,0.5,0.08000031858682632,0.29059702157974243,0.03940283879637718,0.9063538908958435,0.62286776304245,0.8311017751693726,0.5746864080429077,0.514655351638794,0.7764492034912109,0.2947034239768982,0.2094718962907791,0.9097301363945007,0.6368128657341003,0.5,0.9913535118103027,0.9848005771636963,0.10245008766651154,0.1360536366701126,1.0,0.010000000707805157,0.0,0.010000000707805157,1.035,0.623249264039855,1.3789912086276048,0.12311231674304057,0.557805605720208,0.8449272490677487,0.6313429830072838,0.30103318698560444,0.10496041527771875,0.04851510748267174,0.0014850916340947151,245.48450951983068,0.9477922916412354,0.586988091468811,0.8022509813308716,0.1189313530921936,0.7882131934165955,0.5599549412727356,0.621633768081665,0.7627435922622681,0.9848005771636963,0.9899999992921948,0.8004707572981715
pronking,0,action_space,-1.0,2.5999999046325684,0.0,0.5,0.0,0.07999999821186066,0.0,0.33000001311302185,-1.0,-0.03999999910593033,rough_slope_trot_robustness,rough_slope,0.5,trotting,1000,0.7403312921524048,0.7403312921524048,0.49574974179267883,0.10826610028743744,0.06862218677997589,0.23137342929840088,1.3354281187057495,0.06862218677997589,0.010108038783073425,0.4713584780693054,0.30801963806152344,0.5482302904129028,0.5884075164794922,0.48906636238098145,0.46610742807388306,0.23137342929840088,0.0933087170124054,0.01950579322874546,0.0016467188252136111,0.30401545763015747,0.008838803507387638,124.69803619384766,77.23794555664062,34.780704498291016,38.723487854003906,420.1816711425781,0.04419577866792679,0.06700000166893005,0.7226043939590454,2.389187812805176,1.0180001258850098,0.009914997965097427,0.01000003982335329,2.605989933013916,0.5,0.08000031858682632,0.33000147342681885,-0.039400093257427216,0.9190254211425781,0.6280540823936462,0.690180778503418,0.532410740852356,0.5199917554855347,0.7829976081848145,0.4900065064430237,0.21501953899860382,0.916761040687561,0.6272945404052734,0.5,0.991353452205658,0.9864066243171692,0.21479371190071106,0.24446885287761688,1.0,0.010000000707805157,0.0,0.010000000707805157,1.018,0.7098274755571586,1.5319734900463964,0.10053874269689982,0.5549951694037737,0.7670772558741995,0.68272060762356,0.30546475576145504,0.1454390320854724,0.04957498982548714,0.00042520929127931595,251.53424335215493,0.9541959762573242,0.5854721665382385,0.6550456881523132,0.21489863097667694,0.8379673957824707,0.5444218516349792,0.5561397671699524,0.7153380513191223,0.9864066243171692,0.9899999992921948,0.7852733516085304
pronking,0,action_space,-1.0,2.5999999046325684,0.0,0.5,0.0,0.07999999821186066,0.0,0.33000001311302185,0.0,0.0,rough_slope_trot_robustness,rough_slope,0.5,trotting,1000,0.778997540473938,0.778997540473938,0.5014758706092834,0.10355675220489502,0.06501501798629761,0.20481333136558533,1.4868402481079102,0.06501501798629761,0.0080779530107975,0.46683838963508606,0.30330339074134827,0.5727869272232056,0.6343869566917419,0.5503195524215698,0.5228859186172485,0.20481333136558533,0.07329383492469788,0.012287733145058155,0.0018521371530368924,0.32085275650024414,0.012747127562761307,121.69483184814453,77.1397705078125,33.69440460205078,37.36900329589844,228.0329132080078,0.04341449216008186,0.06983333826065063,0.625930905342102,2.045567035675049,1.0199999809265137,0.010029517114162445,0.01000003982335329,2.6060681343078613,0.5,0.08000031858682632,0.33000147342681885,0.0,0.9233412742614746,0.668129563331604,0.7843522429466248,0.47518813610076904,0.49874818325042725,0.8122293949127197,0.4081329107284546,0.21702203154563904,0.9114127159118652,0.6095366477966309,0.5,0.9913535118103027,0.988163948059082,0.4604869782924652,0.48177510499954224,1.0,0.010000000707805157,0.0010000000474974513,0.009000000543892384,1.02,0.6136577531403187,1.4161418078920425,0.08987743326774247,0.5507298709361499,0.7964841220587777,0.7231085109561693,0.2707283415616065,0.11891118659779258,0.050147585570812225,0.0,242.67335475241845,0.9580110311508179,0.6573852896690369,0.7536724805831909,0.19235755503177643,0.7749610543251038,0.5263938903808594,0.6057036519050598,0.7052755355834961,0.988163948059082,0.9909999994561076,0.7985036184423066
pronking,0,action_space,-1.0,2.5999999046325684,0.0,0.5,0.0,0.07999999821186066,0.0,0.33000001311302185,1.0,0.03999999910593033,rough_slope_trot_robustness,rough_slope,0.5,trotting,1000,0.7492374181747437,0.7492374181747437,0.48572203516960144,0.09115439653396606,0.07123199105262756,0.22234363853931427,1.7377495765686035,0.07123199105262756,0.010197285562753677,0.469704270362854,0.3089475929737091,0.5849087238311768,0.674419641494751,0.48201173543930054,0.41500672698020935,0.22234363853931427,0.08559300005435944,0.006692726165056229,0.0020522521808743477,0.31806474924087524,0.008151979185640812,120.81971740722656,75.25048065185547,34.26243591308594,38.113250732421875,256.43603515625,0.043289996683597565,0.048333339393138885,0.6322603225708008,1.9762482643127441,1.0199999809265137,0.009714443236589432,0.01000003982335329,2.6054673194885254,0.5,0.08000031858682632,0.33000147342681885,0.03945232182741165,0.9328099489212036,0.6421765089035034,0.8592649102210999,0.5279936790466309,0.49194228649139404,0.7909430265426636,0.35006654262542725,0.21584326028823853,0.9190026521682739,0.6171125173568726,0.5,0.9922181367874146,0.9877474308013916,0.2136363387107849,0.24130558967590332,1.0,0.009000000543892384,0.0,0.009000000543892384,1.02,0.6198630538641238,1.3919404888590325,0.10098161002258618,0.555830543397634,0.8212305653680646,0.6442101574643242,0.29256281386115945,0.09351458894702247,0.04857221618294716,0.001427982933819294,248.74250838762023,0.9673097729682922,0.6099569201469421,0.8395413160324097,0.14346052706241608,0.8495575785636902,0.5293372869491577,0.6160823702812195,0.7853178977966309,0.9877474308013916,0.9909999994561076,0.8230048354813143
pronking,0,action_space,-1.0,2.5999999046325684,0.0,0.5,0.0,0.07999999821186066,1.0,0.3700000047683716,-1.0,-0.03999999910593033,rough_slope_trot_robustness,rough_slope,0.5,trotting,1000,0.7144213914871216,0.7144213914871216,0.5081323981285095,0.12562119960784912,0.06940440833568573,0.25813090801239014,1.4521055221557617,0.06940440833568573,0.00943934079259634,0.47370004653930664,0.3128664791584015,0.5353161096572876,0.5320026874542236,0.5492991209030151,0.5352025032043457,0.25813090801239014,0.11172229051589966,0.02144397422671318,0.0019856307189911604,0.31145530939102173,0.011352568864822388,124.44532775878906,76.5635986328125,33.673736572265625,37.58857727050781,291.80059814453125,0.04550383239984512,0.0611666738986969,0.6749551296234131,2.203528881072998,1.0169999599456787,0.010162645019590855,0.01000003982335329,2.605989933013916,0.5,0.08000031858682632,0.36939936876296997,-0.0394001230597496,0.8989254236221313,0.5831843614578247,0.6854443550109863,0.46715104579925537,0.5031540989875793,0.7458509206771851,0.43976694345474243,0.21263562142848969,0.9117892384529114,0.6192288398742676,0.5,0.991353452205658,0.9847970008850098,0.10248072445392609,0.1363009214401245,1.0,0.010000000707805157,0.003000000026077032,0.007000000216066837,1.017,0.6636726431907571,1.471969766571595,0.0971562699602879,0.5593446872532191,0.7293851434285069,0.7315753571603856,0.3342488451975559,0.15306732161276076,0.05081322509795427,0.0,244.90728837037497,0.9388282299041748,0.5135973691940308,0.6258828043937683,0.19380702078342438,0.7968798279762268,0.5363809466362,0.5817736983299255,0.7365093231201172,0.9847970008850098,0.9929999997839332,0.7707272781255214
pronking,0,action_space,-1.0,2.5999999046325684,0.0,0.5,0.0,0.07999999821186066,1.0,0.3700000047683716,0.0,0.0,rough_slope_trot_robustness,rough_slope,0.5,trotting,1000,0.7461927533149719,0.7461927533149719,0.5240570306777954,0.10480669140815735,0.06382586061954498,0.21248212456703186,1.3237557411193848,0.06382586061954498,0.007849212735891342,0.4673595428466797,0.30548733472824097,0.560141921043396,0.610101580619812,0.5842448472976685,0.609801709651947,0.21248212456703186,0.07579900324344635,0.01488998718559742,0.0018347373697906733,0.32816874980926514,0.012742023915052414,122.498779296875,77.19227600097656,34.06597900390625,37.44230651855469,467.3119201660156,0.04392024129629135,0.051750000566244125,0.6579010486602783,2.0484871864318848,1.0199999809265137,0.01048114150762558,0.01000003982335329,2.605989933013916,0.5,0.08000031858682632,0.3693995177745819,0.0,0.9214050769805908,0.6549041271209717,0.7594654560089111,0.44667255878448486,0.4948454797267914,0.8035573959350586,0.48771753907203674,0.21270987391471863,0.904936671257019,0.608852744102478,0.5,0.9913535118103027,0.9864066243171692,0.21479415893554688,0.2444717288017273,1.0,0.010000000707805157,0.0020000000949949026,0.00800000037997961,1.02,0.6450010411879595,1.4171523021873744,0.0885957828335601,0.5527090868877053,0.7810899952116991,0.7808980148853927,0.2753161877613562,0.12932410662899665,0.0524057075381279,0.0,233.75085558615584,0.9570134878158569,0.6366810202598572,0.7156997919082642,0.2274693101644516,0.7750400900840759,0.5187477469444275,0.6052703261375427,0.7720159888267517,0.9864066243171692,0.9919999996200204,0.7947137719020247
pronking,0,action_space,-1.0,2.5999999046325684,0.0,0.5,0.0,0.07999999821186066,1.0,0.3700000047683716,1.0,0.03999999910593033,rough_slope_trot_robustness,rough_slope,0.5,trotting,1000,0.7410537004470825,0.7410537004470825,0.5045775175094604,0.1164935901761055,0.06792351603507996,0.23225915431976318,1.3506238460540771,0.06792351603507996,0.009642822667956352,0.4847906827926636,0.3311985731124878,0.49319204688072205,0.461420476436615,0.496768057346344,0.4146020710468292,0.23225915431976318,0.08869533240795135,0.007448875345289707,0.001898481510579586,0.3031900227069855,0.01279602199792862,122.22576141357422,74.91342163085938,34.45966339111328,37.617958068847656,762.5123901367188,0.04664939269423485,0.05116666853427887,0.6341983079910278,1.9674874544143677,1.0130000114440918,0.010091552510857582,0.01000003982335329,2.6063737869262695,0.5,0.08000031858682632,0.3693609833717346,0.03936169296503067,0.9109552502632141,0.6158249974250793,0.8528454303741455,0.5113648176193237,0.5321208238601685,0.7785087823867798,0.4511064291000366,0.20921936631202698,0.9162389039993286,0.6292922496795654,0.5,0.9904887676239014,0.9834821224212646,0.10335460305213928,0.13811948895454407,1.0,0.010999999940395355,0.0010000000474974513,0.010000000707805157,1.013,0.6260595293412203,1.3936420659494,0.09819787506843695,0.575498543101968,0.6792793802527903,0.6438960094975191,0.2978176160134779,0.0966817296900986,0.05045776255428791,0.0,242.23386332563376,0.947163999080658,0.58307284116745,0.8294875621795654,0.21363629400730133,0.7742035388946533,0.5453213453292847,0.6153527498245239,0.7742710113525391,0.9834821224212646,0.9899999992921948,0.8134099327910104
pronking,0,action_space,-1.0,2.5999999046325684,0.0,0.5,1.0,0.10999999940395355,-1.0,0.2900000214576721,-1.0,-0.03999999910593033,rough_slope_trot_robustness,rough_slope,0.5,trotting,1000,0.7108362913131714,0.7108362913131714,0.506214439868927,0.10945294052362442,0.07071498781442642,0.22247004508972168,1.5348725318908691,0.07071498781442642,0.01036266889423132,0.4669771194458008,0.30128395557403564,0.590006411075592,0.7204253673553467,0.45646965503692627,0.39532724022865295,0.22247004508972168,0.09144905209541321,0.019008534029126167,0.0017687571235001087,0.3052665591239929,0.010826647281646729,139.39639282226562,93.09651947021484,34.46125030517578,37.711299896240234,263.01849365234375,0.04668711870908737,0.05500000715255737,0.7232310771942139,2.5567922592163086,1.0310001373291016,0.010124290362000465,0.01000003982335329,2.6056485176086426,0.5,0.10957592725753784,0.2905657887458801,-0.03943420201539993,0.9170519709587097,0.6537969708442688,0.7000783085823059,0.5643163323402405,0.5178524255752563,0.7971939444541931,0.3943876624107361,0.21711599826812744,0.9177701473236084,0.6207417845726013,0.8696947693824768,0.9913535118103027,0.9839946031570435,0.05026360973715782,0.08287034928798676,1.0,0.010000000707805157,0.0020000000949949026,0.00800000037997961,1.031,0.7014850427755214,1.5747744722331471,0.10179719492319678,0.5488933918112293,0.8487787505324027,0.628750538948996,0.3024054432304637,0.14414330075527712,0.05062145181000233,0.0,275.3702420230431,0.9532102346420288,0.6096140742301941,0.6599799394607544,0.1751476675271988,0.8053060173988342,0.5430612564086914,0.5379559397697449,0.7595720887184143,0.9839946031570435,0.9919999996200204,0.7768619015910908
pronking,0,action_space,-1.0,2.5999999046325684,0.0,0.5,1.0,0.10999999940395355,-1.0,0.2900000214576721,0.0,0.0,rough_slope_trot_robustness,rough_slope,0.5,trotting,1000,0.7156327962875366,0.7156327962875366,0.503063440322876,0.10753363370895386,0.07637352496385574,0.23107019066810608,1.8975756168365479,0.07637352496385574,0.011923538520932198,0.4734208583831787,0.31397539377212524,0.5950850248336792,0.7531033754348755,0.46236133575439453,0.4153469204902649,0.23107019066810608,0.08733600378036499,0.013461841270327568,0.0022459456231445074,0.29650959372520447,0.015084438025951385,133.09068298339844,88.45513153076172,33.96385955810547,37.82626724243164,359.296142578125,0.048130158334970474,0.05108333379030228,0.7278452515602112,2.399609327316284,1.0269999504089355,0.010061272419989109,0.01000003982335329,2.6053905487060547,0.5,0.10959529876708984,0.29054003953933716,0.0,0.9127901792526245,0.6174622178077698,0.7692872285842896,0.5534039735794067,0.494020015001297,0.7745828032493591,0.3021841049194336,0.21419668197631836,0.9179756045341492,0.6266494989395142,0.8699368238449097,0.9922181367874146,0.9863172769546509,0.1013052761554718,0.13174813985824585,1.0,0.009000000543892384,0.005000000353902578,0.004000000189989805,1.027,0.7087100436648004,1.5285690194826984,0.10919495648120474,0.5603350727663986,0.8678152887768661,0.6444741426079598,0.29552665494057384,0.1253307100972147,0.050306362099945545,0.0,264.560435753348,0.954799473285675,0.5862937569618225,0.7304052710533142,0.11812092363834381,0.7395682334899902,0.5526561737060547,0.5575903058052063,0.774593710899353,0.9863172769546509,0.9959999998100102,0.7788298793970362
pronking,0,action_space,-1.0,2.5999999046325684,0.0,0.5,1.0,0.10999999940395355,-1.0,0.2900000214576721,1.0,0.03999999910593033,rough_slope_trot_robustness,rough_slope,0.5,trotting,1000,0.7303520441055298,0.7303520441055298,0.4659039378166199,0.10979315638542175,0.07800636440515518,0.24655494093894958,1.4447479248046875,0.07800636440515518,0.011972873471677303,0.47038736939430237,0.3047151267528534,0.5849272012710571,0.9162706732749939,0.38666918873786926,0.33794617652893066,0.24655494093894958,0.11283417046070099,0.00657902006059885,0.003552286187186837,0.3004140853881836,0.009736558422446251,135.69613647460938,90.92523193359375,34.75165557861328,38.7952766418457,193.16329956054688,0.047605834901332855,0.052000001072883606,0.701230525970459,2.434908628463745,1.034000039100647,0.009318077936768532,0.01000003982335329,2.60483455657959,0.5,0.10963700711727142,0.29048436880111694,0.03951561823487282,0.9129655361175537,0.6026517152786255,0.8571592569351196,0.6331720352172852,0.5221913456916809,0.7592673301696777,0.42189502716064453,0.21411427855491638,0.917243242263794,0.6274286508560181,0.8704580664634705,0.9930828213691711,0.9866544008255005,0.04873053729534149,0.07750830799341202,1.0,0.00800000037997961,0.004000000189989805,0.004000000189989805,1.034,0.6781726003384912,1.5345500954863942,0.10942062635388862,0.5520100784884759,0.9572202846132095,0.5813313827146532,0.33590797915604953,0.1006543901068686,0.04659038968384266,0.003409809432923794,291.2534654901747,0.9529258608818054,0.5444967150688171,0.816583514213562,0.18559184670448303,0.8230558633804321,0.5483573079109192,0.5550422668457031,0.7710515856742859,0.9866544008255005,0.9959999998100102,0.8133147756176952
pronking,0,action_space,-1.0,2.5999999046325684,0.0,0.5,1.0,0.10999999940395355,0.0,0.33000001311302185,-1.0,-0.03999999910593033,rough_slope_trot_robustness,rough_slope,0.5,trotting,1000,0.7229127883911133,0.7229127883911133,0.5059189796447754,0.0921085774898529,0.061980053782463074,0.21365997195243835,1.5190744400024414,0.061980053782463074,0.00698389858007431,0.4518073797225952,0.29203668236732483,0.5725694298744202,0.6457160711288452,0.4990413188934326,0.4616209864616394,0.21365997195243835,0.0745452493429184,0.017860496416687965,0.001700492575764656,0.33045876026153564,0.010196618735790253,136.69247436523438,93.80782318115234,34.1422004699707,37.44953155517578,427.88983154296875,0.04572620242834091,0.06166667491197586,0.6947876214981079,2.6623854637145996,1.0250000953674316,0.010118383914232254,0.01000003982335329,2.6059913635253906,0.5,0.10955025255680084,0.33000147342681885,-0.039399951696395874,0.9349805116653442,0.6407862901687622,0.7049914598464966,0.512097954750061,0.5012150406837463,0.7943982481956482,0.43533188104629517,0.22727636992931366,0.9213846325874329,0.5993958115577698,0.8693737983703613,0.9913535118103027,0.984796941280365,0.10248227417469025,0.1363106667995453,1.0,0.010000000707805157,0.006000000052154064,0.004000000189989805,1.025,0.6778415586890244,1.6116603327628374,0.08356972286704265,0.5404041842614885,0.8035646029591181,0.6794269544709273,0.2730297590793326,0.13986060557731267,0.05059191957116127,0.0,270.1864920371465,0.9666333794593811,0.6334933042526245,0.6762315034866333,0.19037634134292603,0.8155175447463989,0.516377329826355,0.5223788022994995,0.7346703410148621,0.984796941280365,0.9959999998100102,0.7862230732693876
pronking,0,action_space,-1.0,2.5999999046325684,0.0,0.5,1.0,0.10999999940395355,0.0,0.33000001311302185,0.0,0.0,rough_slope_trot_robustness,rough_slope,0.5,trotting,1000,0.744654655456543,0.744654655456543,0.5088552832603455,0.10473428666591644,0.07250019162893295,0.24294286966323853,1.4840658903121948,0.07250019162893295,0.010027208365499973,0.4677336812019348,0.3047168254852295,0.5707472562789917,0.6772058010101318,0.4610097110271454,0.4019021987915039,0.24294286966323853,0.10269270837306976,0.012350501492619514,0.0019947774708271027,0.30476558208465576,0.014867754653096199,134.64404296875,89.12146759033203,33.977684020996094,37.236976623535156,484.18798828125,0.04848870262503624,0.05483333766460419,0.7493447065353394,2.7432587146759033,1.0290000438690186,0.01017710566520691,0.01000003982335329,2.606599807739258,0.5,0.1095045879483223,0.33000147342681885,0.0,0.9218109846115112,0.6007229685783386,0.7794047594070435,0.5545668601989746,0.517033040523529,0.7651808857917786,0.42296862602233887,0.21736344695091248,0.9115334749221802,0.6198563575744629,0.8688032031059265,0.9904888272285461,0.9850469827651978,0.2160998284816742,0.2488395720720291,1.0,0.010999999940395355,0.0020000000949949026,0.008999999612569809,1.029,0.7282261676992225,1.6327725217542697,0.10013594941628093,0.5520116171651005,0.8229251490932403,0.6339575686049532,0.3204570304628528,0.11977177866027797,0.050885528326034546,0.0,264.60183749308175,0.9570716023445129,0.5542095303535461,0.7505825757980347,0.18551677465438843,0.7427802085876465,0.5436056852340698,0.5135096311569214,0.7602053284645081,0.9850469827651978,0.9910000003874302,0.7866514727081123
pronking,0,action_space,-1.0,2.5999999046325684,0.0,0.5,1.0,0.10999999940395355,0.0,0.33000001311302185,1.0,0.03999999910593033,rough_slope_trot_robustness,rough_slope,0.5,trotting,1000,0.7350027561187744,0.7350027561187744,0.4971100091934204,0.1016731858253479,0.0633021742105484,0.20817577838897705,1.7045912742614746,0.0633021742105484,0.008848785422742367,0.46214354038238525,0.30108118057250977,0.5703949928283691,0.6836646795272827,0.4532921016216278,0.38166266679763794,0.20817577838897705,0.07670971751213074,0.00687221297994256,0.00167492451146245,0.3208039402961731,0.010331514291465282,133.27569580078125,89.23436737060547,33.639404296875,36.645843505859375,215.84600830078125,0.046974971890449524,0.05708333104848862,0.8293930292129517,3.2268195152282715,1.0210000276565552,0.009942195378243923,0.01000003982335329,2.6065893173217773,0.5,0.10950541496276855,0.33000147342681885,0.03934016823768616,0.9240220785140991,0.6562498807907104,0.8602880239486694,0.5593056678771973,0.5029408931732178,0.8037995100021362,0.3666103482246399,0.21849921345710754,0.9123131036758423,0.6073578596115112,0.8688132762908936,0.9904887676239014,0.9832766652107239,0.10365619510412216,0.14085343480110168,1.0,0.010999999940395355,0.004000000189989805,0.007000000216066837,1.021,0.8123339915485737,1.7777654199256845,0.09406798298434152,0.5487086481663195,0.826840177741311,0.6177885291891052,0.2769651918782047,0.09245073007502434,0.049710976891219616,0.00028922222554683685,268.1010105127959,0.9594935178756714,0.6483195424079895,0.8428698182106018,0.15235118567943573,0.8133202791213989,0.5264452695846558,0.4537937343120575,0.7517009973526001,0.9832766652107239,0.9929999997839332,0.8078277834053887
pronking,0,action_space,-1.0,2.5999999046325684,0.0,0.5,1.0,0.10999999940395355,1.0,0.3700000047683716,-1.0,-0.03999999910593033,rough_slope_trot_robustness,rough_slope,0.5,trotting,1000,0.7092487215995789,0.7092487215995789,0.4904669523239136,0.10202804207801819,0.07219628989696503,0.26864224672317505,1.692253589630127,0.07219628989696503,0.010171335190534592,0.4736971855163574,0.3103709816932678,0.5126454830169678,0.5600306987762451,0.4745607376098633,0.4175110459327698,0.26864224672317505,0.11853701621294022,0.017648905515670776,0.00170920230448246,0.3014029562473297,0.01612725295126438,134.16055297851562,87.17511749267578,34.98479461669922,37.92615509033203,412.5153503417969,0.048293352127075195,0.05116666853427887,0.8154220581054688,2.8190417289733887,1.0329999923706055,0.009809334762394428,0.01000003982335329,2.6058363914489746,0.5,0.10956189036369324,0.36941489577293396,-0.03941545635461807,0.9225176572799683,0.5697081089019775,0.7151757478713989,0.5402271747589111,0.5478357672691345,0.7364440560340881,0.35694289207458496,0.21104198694229126,0.908784031867981,0.6246262788772583,0.8695191144943237,0.9922181367874146,0.984154999256134,0.05022522062063217,0.08637414872646332,0.9998000264167786,0.009000000543892384,0.003000000026077032,0.006000000052154064,1.033,0.7893727571204925,1.6519639823377479,0.10085303758704837,0.5571094880660963,0.7483519885563511,0.6461509467088706,0.3442920507547919,0.13913341733801135,0.04904667381197214,0.0009535253047943115,273.5363765954887,0.9592161178588867,0.48593202233314514,0.6789810061454773,0.15021610260009766,0.7243033051490784,0.5472738742828369,0.5054802894592285,0.7742710113525391,0.984154999256134,0.9939999999478459,0.7671416912129836
pronking,0,action_space,-1.0,2.5999999046325684,0.0,0.5,1.0,0.10999999940395355,1.0,0.3700000047683716,0.0,0.0,rough_slope_trot_robustness,rough_slope,0.5,trotting,1000,0.7251186966896057,0.7251186966896057,0.4919305443763733,0.11518090218305588,0.07243470847606659,0.24868562817573547,1.7963957786560059,0.07243470847606659,0.009826691821217537,0.486564040184021,0.3304060101509094,0.502863347530365,0.5532947182655334,0.508675217628479,0.4701783061027527,0.24868562817573547,0.10257399082183838,0.012014005333185196,0.0015660369535908103,0.30501919984817505,0.013045992702245712,137.15753173828125,87.21684265136719,34.87568664550781,38.337589263916016,326.9019775390625,0.05010896921157837,0.04016667604446411,0.7408856153488159,2.5263333320617676,1.0290000438690186,0.009838609024882317,0.01000003982335329,2.6065120697021484,0.5,0.10951118171215057,0.36934733390808105,0.0,0.907311201095581,0.5911563634872437,0.7950116395950317,0.5204530954360962,0.5516109466552734,0.7540765404701233,0.3436529040336609,0.20577692985534668,0.9105967879295349,0.6253812313079834,0.8688855171203613,0.9904887676239014,0.983304500579834,0.10356423258781433,0.13989442586898804,1.0,0.010999999940395355,0.0020000000949949026,0.009000000543892384,1.029,0.7200054617271016,1.5668869113307635,0.09912967174977196,0.5748095425016093,0.7438378306227329,0.6856954907994894,0.32027174527553687,0.11653343849203114,0.04919304512441158,0.0008071539923548698,278.81483129322174,0.9483168721199036,0.5387814044952393,0.7621583938598633,0.13629555702209473,0.7703426480293274,0.5433300137519836,0.5412989258766174,0.8180487155914307,0.983304500579834,0.9909999994561076,0.7871363836977827
pronking,0,action_space,-1.0,2.5999999046325684,0.0,0.5,1.0,0.10999999940395355,1.0,0.3700000047683716,1.0,0.03999999910593033,rough_slope_trot_robustness,rough_slope,0.5,trotting,1000,0.726488471031189,0.726488471031189,0.47377532720565796,0.09955132007598877,0.06741371750831604,0.27690592408180237,1.8146657943725586,0.06741371750831604,0.00902535580098629,0.4777183532714844,0.3176109790802002,0.5147985816001892,0.5467866659164429,0.46705859899520874,0.420226514339447,0.27690592408180237,0.12370355427265167,0.005998562090098858,0.0016653146594762802,0.3191506862640381,0.012992855161428452,131.22421264648438,86.26866912841797,34.286094665527344,37.63631057739258,469.9009704589844,0.04780048877000809,0.04358333349227905,0.7138424515724182,2.4548251628875732,1.0260000228881836,0.009475509636104107,0.01000003982335329,2.60658860206604,0.5,0.10950545966625214,0.36933955550193787,0.03934023529291153,0.9275836944580078,0.5506487488746643,0.8731019496917725,0.5459996461868286,0.5414433479309082,0.7178918123245239,0.33516478538513184,0.20915541052818298,0.9089130759239197,0.6144461035728455,0.8688137531280518,0.9904887676239014,0.9816586971282959,0.05167602002620697,0.09092961996793747,1.0,0.010999999940395355,0.0020000000949949026,0.009000000543892384,1.026,0.6957528335541545,1.5468086983940152,0.09500187261831364,0.5635698528844496,0.7394502457342501,0.648248805891262,0.3517151607091336,0.08754357057817061,0.047377548180520535,0.0026226509362459183,276.9756150461633,0.961133599281311,0.464511513710022,0.8578916192054749,0.13599014282226562,0.7711617350578308,0.5281888842582703,0.5498254895210266,0.8041924834251404,0.9816586971282959,0.9909999994561076,0.8097032237503874
pronking,0,action_space,0.0,3.0,0.0,0.5,-1.0,0.04999999701976776,-1.0,0.2900000214576721,-1.0,-0.03999999910593033,rough_slope_trot_robustness,rough_slope,0.5,trotting,1000,0.7258221507072449,0.7258221507072449,0.45129135251045227,0.10517337918281555,0.07344112545251846,0.24187228083610535,1.4960681200027466,0.07344112545251846,0.010064427740871906,0.448940634727478,0.2764063775539398,0.46985894441604614,0.4224533438682556,0.48289772868156433,0.414437472820282,0.24187228083610535,0.0995669811964035,0.015538729727268219,0.0016980159562081099,0.29306674003601074,0.01013855915516615,108.52766418457031,67.720703125,34.35023498535156,39.18783187866211,177.48849487304688,0.04023442044854164,0.06975000351667404,0.5734496712684631,1.5220248699188232,1.1779999732971191,0.009025828912854195,0.01000003982335329,3.000000238418579,0.5,0.050449881702661514,0.2905999422073364,-0.039400093257427216,0.9230334758758545,0.6030591726303101,0.735109269618988,0.5326290726661682,0.5577417612075806,0.7606825828552246,0.4086320400238037,0.21726647019386292,0.9145424962043762,0.6468040347099304,0.13062496483325958,0.991353452205658,0.9847970008850098,0.10248072445392609,0.13630080223083496,1.0,0.009000000543892384,0.0,0.009000000543892384,1.178,0.48679935992877227,1.1366800398640133,0.10032162150240548,0.5257436424284556,0.649964109677031,0.6437681825162548,0.31554236038352046,0.13128878734863966,0.04512914456427097,0.00487105455249548,240.48248117507796,0.9567188024520874,0.557093620300293,0.7084081172943115,0.18316705524921417,0.8164650201797485,0.5564747452735901,0.7239663600921631,0.7055695056915283,0.9847970008850098,0.9909999994561076,0.8015378768016633
pronking,0,action_space,0.0,3.0,0.0,0.5,-1.0,0.04999999701976776,-1.0,0.2900000214576721,0.0,0.0,rough_slope_trot_robustness,rough_slope,0.5,trotting,1000,0.7562639713287354,0.7562639713287354,0.4586649239063263,0.09103696048259735,0.07363781332969666,0.24304279685020447,1.3191310167312622,0.07363781332969666,0.01071145199239254,0.4522515535354614,0.2823948264122009,0.4751841425895691,0.49040496349334717,0.45003414154052734,0.4000084698200226,0.24304279685020447,0.10033300518989563,0.008900841698050499,0.0019475019071251154,0.29881560802459717,0.009867781773209572,109.3395004272461,66.2237548828125,34.92639923095703,39.149169921875,747.6409301757812,0.04061601310968399,0.06416667252779007,0.6277124881744385,1.652209758758545,1.184000015258789,0.009173298254609108,0.01000003982335329,3.000000238418579,0.5,0.05040698125958443,0.2905428409576416,0.0,0.9330910444259644,0.6055928468704224,0.8226512670516968,0.5651745796203613,0.561886191368103,0.7662912607192993,0.43906912207603455,0.21972937881946564,0.9164844751358032,0.6406798362731934,0.1300887167453766,0.9922181367874146,0.987763524055481,0.21355009078979492,0.24055150151252747,1.0,0.009000000543892384,0.0020000000949949026,0.007000000216066837,1.184,0.5301626050794447,1.181290563723975,0.10349614481898609,0.5314083424375279,0.7002891998976902,0.632462227978891,0.31675385584061266,0.10415538202692944,0.04586649127304554,0.004133707843720913,238.38644450077163,0.9673925638198853,0.55394047498703,0.8049566149711609,0.21580933034420013,0.8208986520767212,0.5501132011413574,0.7054905891418457,0.7255441546440125,0.987763524055481,0.9929999997839332,0.8264517036609744
pronking,0,action_space,0.0,3.0,0.0,0.5,-1.0,0.04999999701976776,-1.0,0.2900000214576721,1.0,0.03999999910593033,rough_slope_trot_robustness,rough_slope,0.5,trotting,1000,0.748677134513855,0.748677134513855,0.45498982071876526,0.09296159446239471,0.07312365621328354,0.20855554938316345,1.4398283958435059,0.07312365621328354,0.009928412735462189,0.4523355960845947,0.2806199789047241,0.47008204460144043,0.45026612281799316,0.40098249912261963,0.28779304027557373,0.20855554938316345,0.07640749216079712,0.004559189081192017,0.001615489600226283,0.30469489097595215,0.009944476187229156,108.08927917480469,68.35113525390625,34.73027801513672,38.20780563354492,497.3538513183594,0.03981385380029678,0.06066667288541794,0.5598938465118408,1.4061201810836792,1.1680001020431519,0.009099796414375305,0.01000003982335329,3.000000238418579,0.5,0.050449881702661514,0.2906000018119812,0.039400093257427216,0.9315686225891113,0.6582621932029724,0.8925176858901978,0.6095612049102783,0.5664485096931458,0.8045122623443604,0.4130513072013855,0.2191416323184967,0.9141160249710083,0.6413844227790833,0.1306249499320984,0.991353452205658,0.9847970008850098,0.10248073935508728,0.13630077242851257,1.0,0.010000000707805157,0.004000000189989805,0.006000000052154064,1.168,0.4793611291336687,1.0972100816823833,0.09964142078203315,0.5297357632864937,0.6710187201695592,0.5364634566077858,0.2764190517326856,0.07857912369973528,0.045498982071876526,0.004501217044889927,237.56417012594218,0.9660232067108154,0.6472943425178528,0.8838273286819458,0.19429130852222443,0.8196404576301575,0.5436825156211853,0.7401018142700195,0.73835289478302,0.9847970008850098,0.9939999999478459,0.8418035758659244
pronking,0,action_space,0.0,3.0,0.0,0.5,-1.0,0.04999999701976776,0.0,0.33000001311302185,-1.0,-0.03999999910593033,rough_slope_trot_robustness,rough_slope,0.5,trotting,1000,0.7385777235031128,0.7385777235031128,0.5066256523132324,0.1205228939652443,0.07354789972305298,0.22964423894882202,1.2925572395324707,0.07354789972305298,0.010003471747040749,0.4510471820831299,0.2865772843360901,0.4796867370605469,0.4872506260871887,0.5439395904541016,0.5033820867538452,0.22964423894882202,0.09733017534017563,0.021591313183307648,0.0019505801610648632,0.3041192889213562,0.01610802300274372,113.73448181152344,66.32640075683594,35.035926818847656,38.612979888916016,342.1240234375,0.043330609798431396,0.05091667175292969,0.7117866277694702,1.9864435195922852,1.1770000457763672,0.01013251207768917,0.01000003982335329,3.000000238418579,0.5,0.050449952483177185,0.33000147342681885,-0.03939997777342796,0.9015130400657654,0.635229766368866,0.6751642823219299,0.47922226786613464,0.5675299763679504,0.7846817374229431,0.4846879243850708,0.22480812668800354,0.9020977020263672,0.6390438079833984,0.13062617182731628,0.9913535118103027,0.9864066243171692,0.21479582786560059,0.2444828450679779,1.0,0.009999999776482582,0.003000000026077032,0.007000000216066837,1.177,0.6047464920082838,1.299121773601905,0.10001735722883678,0.5353291364535374,0.6980333989768603,0.7094942471605004,0.31197784430977726,0.15343367734748622,0.050662560388445854,0.0,224.49412360431484,0.9435526728630066,0.5901581048965454,0.624478816986084,0.22478145360946655,0.7245818972587585,0.5443087816238403,0.6557803750038147,0.7752394080162048,0.9864066243171692,0.9929999997839332,0.7701855636642951
pronking,0,action_space,0.0,3.0,0.0,0.5,-1.0,0.04999999701976776,0.0,0.33000001311302185,0.0,0.0,rough_slope_trot_robustness,rough_slope,0.5,trotting,1000,0.7843843698501587,0.7843843698501587,0.5125600099563599,0.10121944546699524,0.06693591177463531,0.22959432005882263,1.4882423877716064,0.06693591177463531,0.007796344347298145,0.4533488154411316,0.29332035779953003,0.4726443588733673,0.4750397205352783,0.4817461371421814,0.4009554982185364,0.22959432005882263,0.09371878206729889,0.012946948409080505,0.0016523587983101606,0.3071916401386261,0.013967892155051231,111.734619140625,66.63320922851562,34.63811492919922,38.34154510498047,473.00823974609375,0.04298192262649536,0.04650000110268593,0.6905783414840698,1.939584732055664,1.1720000505447388,0.010251205414533615,0.01000003982335329,3.000000238418579,0.5,0.05044988542795181,0.33000147342681885,0.0,0.9251406192779541,0.6359145641326904,0.7769775390625,0.5215504169464111,0.5695732235908508,0.7861199378967285,0.4317711591720581,0.22485241293907166,0.9070612192153931,0.6340864300727844,0.1306253969669342,0.9913535118103027,0.988173246383667,0.46034616231918335,0.4808199107646942,1.0,0.010000000707805157,0.0010000000474974513,0.009000000543892384,1.172,0.589230586237468,1.2864430267328166,0.08829691017979137,0.5415905813430751,0.6892312533071018,0.6332104691321333,0.3061352349326991,0.1208275929057211,0.051256027072668076,0.0,217.99324365968047,0.9598468542098999,0.5902934670448303,0.7467789053916931,0.19317296147346497,0.7562692165374756,0.5409744381904602,0.661176860332489,0.792549729347229,0.988173246383667,0.9909999994561076,0.7988537776921141
pronking,0,action_space,0.0,3.0,0.0,0.5,-1.0,0.04999999701976776,0.0,0.33000001311302185,1.0,0.03999999910593033,rough_slope_trot_robustness,rough_slope,0.5,trotting,1000,0.7616884708404541,0.7616884708404541,0.47777169942855835,0.08770477771759033,0.0692412257194519,0.23193852603435516,1.5631499290466309,0.0692412257194519,0.009701869450509548,0.44752365350723267,0.2786725163459778,0.46473002433776855,0.5209087133407593,0.43723005056381226,0.3465876579284668,0.23193852603435516,0.10120929777622223,0.00604109326377511,0.001813929295167327,0.31646043062210083,0.0116911381483078,108.08123779296875,64.95287322998047,35.24872589111328,38.78663635253906,449.64434814453125,0.04002485051751137,0.0637499988079071,0.7069886922836304,1.8719761371612549,1.190000057220459,0.009555429220199585,0.01000003982335329,3.000000238418579,0.5,0.05039224773645401,0.33000147342681885,0.039476923644542694,0.9357531666755676,0.6336592435836792,0.8694187998771667,0.5617026090621948,0.5892742872238159,0.7826007008552551,0.3978128433227539,0.22440312802791595,0.9128900766372681,0.632645308971405,0.12990495562553406,0.9930828213691711,0.9888467788696289,0.21301451325416565,0.24127644300460815,1.0,0.009000000543892384,0.0020000000949949026,0.007000000216066837,1.19,0.5941081071100315,1.254228503104179,0.09849806825775594,0.5278944178014935,0.7217400593986447,0.5887169590970408,0.31813408773066465,0.08862856514094335,0.047777146100997925,0.002223053015768528,226.21942220989638,0.969700038433075,0.5839412808418274,0.8546181917190552,0.1725294440984726,0.791502058506012,0.5310384631156921,0.6748449802398682,0.7270572781562805,0.9888467788696289,0.9929999997839332,0.8263599289777247
pronking,0,action_space,0.0,3.0,0.0,0.5,-1.0,0.04999999701976776,1.0,0.3700000047683716,-1.0,-0.03999999910593033,rough_slope_trot_robustness,rough_slope,0.5,trotting,1000,0.7149941921234131,0.7149941921234131,0.493910551071167,0.11566559970378876,0.07439436763525009,0.23338714241981506,1.733980655670166,0.07439436763525009,0.010644543915987015,0.44332894682884216,0.27376556396484375,0.43959036469459534,0.4371422529220581,0.5229421854019165,0.45184484124183655,0.23338714241981506,0.09399242699146271,0.021609429270029068,0.0019742469303309917,0.3218064308166504,0.012883953750133514,111.86917114257812,66.47116088867188,34.33039093017578,38.063499450683594,622.796142578125,0.04133213311433792,0.05924999713897705,0.6239944696426392,1.6891396045684814,1.1740000247955322,0.009878212586045265,0.01000003982335329,3.000000238418579,0.5,0.05044988542795181,0.3693995773792267,-0.03940008208155632,0.9088605046272278,0.6158802509307861,0.666243851184845,0.479130357503891,0.5874276757240295,0.7711378335952759,0.3720420002937317,0.22686615586280823,0.908184826374054,0.628132700920105,0.13062497973442078,0.9913535118103027,0.9847970008850098,0.10248078405857086,0.13630083203315735,1.0,0.010000000707805157,0.0020000000949949026,0.00800000037997961,1.174,0.5315114009928663,1.1994957076007835,0.10317239900277116,0.5232261117001366,0.661167341088516,0.6721940502874423,0.3065818438711965,0.15356977632451008,0.049391062930226326,0.0006091361865401268,226.4968239693649,0.9478925466537476,0.5800183415412903,0.6239572167396545,0.14271986484527588,0.7728432416915894,0.5253908038139343,0.6978874206542969,0.7436015009880066,0.9847970008850098,0.9919999996200204,0.7713296384501614
pronking,0,action_space,0.0,3.0,0.0,0.5,-1.0,0.04999999701976776,1.0,0.3700000047683716,0.0,0.0,rough_slope_trot_robustness,rough_slope,0.5,trotting,1000,0.7597036361694336,0.7597036361694336,0.4725191295146942,0.09249506145715714,0.07446160912513733,0.25094538927078247,1.186000943183899,0.07446160912513733,0.011031532660126686,0.4485887289047241,0.2790931761264801,0.43588191270828247,0.419062077999115,0.47583872079849243,0.4163447916507721,0.25094538927078247,0.10711917281150818,0.011234818957746029,0.0015630790730938315,0.31344032287597656,0.010197611525654793,110.87326049804688,68.57795715332031,34.26872253417969,38.330543518066406,314.7366943359375,0.04057593643665314,0.07066667079925537,0.5717206001281738,1.4969203472137451,1.1730000972747803,0.009450381621718407,0.01000003982335329,3.000000238418579,0.5,0.05044987052679062,0.36939945816993713,0.0,0.9313356876373291,0.5908498764038086,0.7970536351203918,0.530022144317627,0.5925192832946777,0.7530992031097412,0.4975769519805908,0.22417668998241425,0.9137388467788696,0.6329914331436157,0.13062496483325958,0.991353452205658,0.9864066243171692,0.21479371190071106,0.2444688379764557,1.0,0.010000000707805157,0.0010000000474974513,0.009000000543892384,1.173,0.48740032485480606,1.1296667571591155,0.1050311032986262,0.5282926992931855,0.6473500428663884,0.6452478528835041,0.32729065494069365,0.1131277951294016,0.04725190810859203,0.0027482910081744194,234.6429034776231,0.9663575887680054,0.5327324867248535,0.7741745114326477,0.2449670433998108,0.81550133228302,0.5342557430267334,0.726848840713501,0.7023430466651917,0.9864066243171692,0.9909999994561076,0.8233690543688442
pronking,0,action_space,0.0,3.0,0.0,0.5,-1.0,0.04999999701976776,1.0,0.3700000047683716,1.0,0.03999999910593033,rough_slope_trot_robustness,rough_slope,0.5,trotting,1000,0.7397549152374268,0.7397549152374268,0.5034178495407104,0.10853515565395355,0.07909606397151947,0.24473395943641663,1.70867919921875,0.07909606397151947,0.013264598324894905,0.4644177556037903,0.3016122579574585,0.4275341331958771,0.4208434820175171,0.456850528717041,0.37311697006225586,0.24473395943641663,0.09565750509500504,0.007448213640600443,0.0016640712274238467,0.2866624593734741,0.014986680820584297,111.748779296875,64.72882080078125,34.465087890625,38.33409118652344,266.4969177246094,0.04367835819721222,0.05375000089406967,0.611330509185791,1.5284423828125,1.1770000457763672,0.010068354196846485,0.01000003982335329,3.000000238418579,0.5,0.0504927784204483,0.36934226751327515,0.03934290260076523,0.9137178659439087,0.5884883403778076,0.8600784540176392,0.55361407995224,0.6159909963607788,0.7551171779632568,0.3530755639076233,0.21578526496887207,0.910693883895874,0.6520707011222839,0.13116121292114258,0.9904887676239014,0.9832803010940552,0.10362553596496582,0.1406063288450241,1.0,0.010999999940395355,0.0020000000949949026,0.009000000543892384,1.177,0.5193972008250584,1.1395576594205359,0.11517203794712892,0.54919236880847,0.6487245039440989,0.6108330132386885,0.3092854750792624,0.09545828862924523,0.050341770984232426,0.0,221.9801689567189,0.9539733529090881,0.5493897795677185,0.8333965539932251,0.1389041543006897,0.741015613079071,0.5636482238769531,0.722781777381897,0.7643343210220337,0.9832803010940552,0.9909999994561076,0.8108916697827608
pronking,0,action_space,0.0,3.0,0.0,0.5,0.0,0.07999999821186066,-1.0,0.2900000214576721,-1.0,-0.03999999910593033,rough_slope_trot_robustness,rough_slope,0.5,trotting,1000,0.7480109930038452,0.7480109930038452,0.48258456587791443,0.09242378175258636,0.06064632907509804,0.22333593666553497,1.426836371421814,0.06064632907509804,0.0063409567810595036,0.44641774892807007,0.2748034596443176,0.4966586232185364,0.5394232869148254,0.44987791776657104,0.3466193675994873,0.22333593666553497,0.0911584198474884,0.015339561738073826,0.0013565367553383112,0.30062156915664673,0.01016887929290533,121.94987487792969,78.64451599121094,34.59069061279297,37.64211654663086,377.36541748046875,0.043560586869716644,0.05608333647251129,0.7683736085891724,2.301626682281494,1.1800000667572021,0.00965169258415699,0.01000003982335329,3.000000238418579,0.5,0.08000031858682632,0.2904854714870453,-0.03951449692249298,0.936755895614624,0.6421070098876953,0.7438517808914185,0.5390256643295288,0.5464032888412476,0.7913211584091187,0.45165061950683594,0.22185489535331726,0.9197881817817688,0.6386777758598328,0.5,0.9930828213691711,0.9891204237937927,0.21230646967887878,0.23663413524627686,1.0,0.00800000037997961,0.0010000000474974513,0.007000000216066837,1.18,0.6511640645689883,1.396614084996266,0.0796301248338812,0.52421699671445,0.7344544144566261,0.5887438896493851,0.30192452674052234,0.1292133835692423,0.04825846292078495,0.0017417361959815025,252.7015646596143,0.9664085507392883,0.6072653532028198,0.7161096334457397,0.2114735096693039,0.8159700632095337,0.5481297969818115,0.6140783429145813,0.7554689049720764,0.9891204237937927,0.9929999997839332,0.8015641951933504
pronking,0,action_space,0.0,3.0,0.0,0.5,0.0,0.07999999821186066,-1.0,0.2900000214576721,0.0,0.0,rough_slope_trot_robustness,rough_slope,0.5,trotting,1000,0.7810661792755127,0.7810661792755127,0.47833943367004395,0.09391471743583679,0.06698477268218994,0.2387097179889679,1.796567440032959,0.06698477268218994,0.00812620297074318,0.4527445435523987,0.2829875946044922,0.457841694355011,0.4267616271972656,0.46762770414352417,0.4093475341796875,0.2387097179889679,0.0985918939113617,0.009501397609710693,0.0015629504341632128,0.2920449674129486,0.010499034076929092,120.284423828125,78.03627014160156,34.328948974609375,38.055206298828125,455.32672119140625,0.04396645724773407,0.05816667154431343,0.7416849136352539,2.2429757118225098,1.1790001392364502,0.009566791355609894,0.01000003982335329,3.000000238418579,0.5,0.08000031858682632,0.29059988260269165,0.0,0.9334973096847534,0.6153973340988159,0.8214825987815857,0.5485602617263794,0.5563017129898071,0.7682696580886841,0.3162152171134949,0.21935224533081055,0.9195117354393005,0.6419703960418701,0.5,0.991353452205658,0.9881731867790222,0.4603453576564789,0.4808143377304077,1.0,0.010000000707805157,0.0020000000949949026,0.00800000037997961,1.179,0.6290796747442218,1.3792893112715225,0.09014545452069771,0.5319657833023588,0.6532699497124184,0.6398027306753915,0.3139934615742208,0.10518720475359114,0.04783395677804947,0.002166242338716984,251.46248743334127,0.9653351902961731,0.5656253695487976,0.8014866709709167,0.14098644256591797,0.8105999231338501,0.5576130747795105,0.6215059757232666,0.7476402521133423,0.9881731867790222,0.9919999996200204,0.8102599227997033
pronking,0,action_space,0.0,3.0,0.0,0.5,0.0,0.07999999821186066,-1.0,0.2900000214576721,1.0,0.03999999910593033,rough_slope_trot_robustness,rough_slope,0.5,trotting,1000,0.7615664005279541,0.7615664005279541,0.48712578415870667,0.09033337980508804,0.07769131660461426,0.23665374517440796,1.2728350162506104,0.07769131660461426,0.012534009292721748,0.4496612548828125,0.28617987036705017,0.5150333046913147,0.5715557336807251,0.4218977093696594,0.3219234347343445,0.23665374517440796,0.09348534047603607,0.006562471389770508,0.0023397940676659346,0.30000919103622437,0.01276010274887085,122.90158081054688,80.48040771484375,33.80652618408203,37.00126647949219,393.194580078125,0.04463299363851547,0.06358334422111511,0.7360553741455078,2.27091908454895,1.1690000295639038,0.009742511436343193,0.01000003982335329,3.000000238418579,0.5,0.08000031858682632,0.29062509536743164,0.03937477990984917,0.9322813749313354,0.6129610538482666,0.8653788566589355,0.5913176536560059,0.5375221967697144,0.7673847675323486,0.4702335596084595,0.21958117187023163,0.9091421365737915,0.6378178000450134,0.5,0.9904888272285461,0.985411524772644,0.2153875231742859,0.24542203545570374,1.0,0.010999999940395355,0.003000000026077032,0.00800000037997961,1.169,0.6296452505145959,1.39377785880162,0.11195538974395895,0.5349578211102723,0.7560130512634852,0.5673829700778342,0.30575372520385763,0.09435181745698618,0.048712557181715965,0.0012876419350504875,252.29947748055412,0.9678864479064941,0.571180522441864,0.8369045257568359,0.2179444134235382,0.7747599482536316,0.5488015413284302,0.6152945756912231,0.7276633977890015,0.985411524772644,0.9919999996200204,0.820830942229613
pronking,0,action_space,0.0,3.0,0.0,0.5,0.0,0.07999999821186066,0.0,0.33000001311302185,-1.0,-0.03999999910593033,rough_slope_trot_robustness,rough_slope,0.5,trotting,1000,0.7712881565093994,0.7712881565093994,0.4859258532524109,0.09511587023735046,0.07492004334926605,0.25213760137557983,1.6070917844772339,0.07492004334926605,0.011470325291156769,0.4463562071323395,0.28017354011535645,0.4944530725479126,0.536388635635376,0.5171718597412109,0.4536101520061493,0.25213760137557983,0.09866440296173096,0.017993122339248657,0.0016125190304592252,0.30865490436553955,0.015264471061527729,118.99859619140625,76.47676849365234,33.906524658203125,37.353065490722656,384.5618591308594,0.045272983610630035,0.06275000423192978,0.7436355352401733,2.297091007232666,1.1740000247955322,0.00971851497888565,0.01000003982335329,3.000000238418579,0.5,0.08000031858682632,0.33000147342681885,-0.03943849727511406,0.9298489093780518,0.5824122428894043,0.7091529369354248,0.48643630743026733,0.5523014664649963,0.750429630279541,0.39403581619262695,0.22374147176742554,0.9142124652862549,0.6306315064430237,0.5,0.9922181367874146,0.9892851114273071,0.45964348316192627,0.4797128438949585,1.0,0.009000000543892384,0.0020000000949949026,0.007000000216066837,1.174,0.6334203560876278,1.3987981030674976,0.10709960453314835,0.529314216808274,0.7323855785277151,0.673505866348727,0.31410890302844163,0.14002014629940893,0.04859257489442825,0.0014076242223381996,244.8904403725834,0.9644588232040405,0.5295467972755432,0.6756278872489929,0.15937453508377075,0.7369100451469421,0.5393935441970825,0.6131417751312256,0.7307016849517822,0.9892851114273071,0.9929999997839332,0.7771642464458158
pronking,0,action_space,0.0,3.0,0.0,0.5,0.0,0.07999999821186066,0.0,0.33000001311302185,0.0,0.0,rough_slope_trot_robustness,rough_slope,0.5,trotting,1000,0.8510290384292603,0.8510290384292603,0.4855136275291443,0.10138702392578125,0.07623352110385895,0.21915937960147858,1.767939805984497,0.07623352110385895,0.011158781126141548,0.43964308500289917,0.2726214826107025,0.48255735635757446,0.4893467128276825,0.4964481592178345,0.40774333477020264,0.21915937960147858,0.08019471913576126,0.012557229958474636,0.0021295000333338976,0.31265512108802795,0.012227872386574745,119.65007019042969,77.08085632324219,33.690773010253906,37.26652526855469,359.1601867675781,0.045219048857688904,0.05183333158493042,0.7123144865036011,2.202476978302002,1.1780000925064087,0.00971026998013258,0.01000003982335329,3.000000238418579,0.5,0.08000031858682632,0.33000147342681885,0.0,0.9218980073928833,0.6361479759216309,0.7758684754371643,0.5000146627426147,0.5618584156036377,0.7922245264053345,0.32453781366348267,0.22583824396133423,0.9137605428695679,0.6268925666809082,0.5,0.9922181367874146,0.9911057949066162,1.0,1.0,1.0,0.009000000543892384,0.0,0.009000000543892384,1.178,0.6046811995967742,1.367360489601572,0.10563513206382405,0.5221316717176833,0.6995332106681444,0.6385478327973579,0.28318672132669154,0.1211888195825363,0.0485513499006629,0.0014488492161035538,246.4401891237283,0.9597165584564209,0.6185926198959351,0.7454742789268494,0.13654303550720215,0.7830510139465332,0.5350953936576843,0.6266176700592041,0.7716944217681885,0.9911057949066162,0.9909999994561076,0.7938546710402558
pronking,0,action_space,0.0,3.0,0.0,0.5,0.0,0.07999999821186066,0.0,0.33000001311302185,1.0,0.03999999910593033,rough_slope_trot_robustness,rough_slope,0.5,trotting,1000,0.7982815504074097,0.7982815504074097,0.4803626239299774,0.10761798918247223,0.07506431639194489,0.23689642548561096,1.3895845413208008,0.07506431639194489,0.01057546678930521,0.4611140489578247,0.2912416458129883,0.4301300048828125,0.4192003607749939,0.443433552980423,0.38579946756362915,0.23689642548561096,0.09644623100757599,0.00617983378469944,0.0016717570833861828,0.28024035692214966,0.010578194633126259,123.03347778320312,76.78921508789062,34.499481201171875,38.63865661621094,512.890625,0.046152569353580475,0.05625000596046448,0.6591966152191162,1.8355332612991333,1.1730000972747803,0.009607255458831787,0.01000003982335329,3.000000238418579,0.5,0.08000031858682632,0.33000147342681885,0.039400093257427216,0.9166210889816284,0.6040288209915161,0.8758026361465454,0.5715459585189819,0.6028329133987427,0.7678632140159607,0.4278305172920227,0.21445399522781372,0.9172597527503967,0.6539956331253052,0.5,0.991353452205658,0.9881731867790222,0.46034544706344604,0.4808143973350525,1.0,0.010000000707805157,0.003000000026077032,0.007000000216066837,1.173,0.5619748791160486,1.2509274319496966,0.10283708858823848,0.5396680885627649,0.6474568408589053,0.6211275775262511,0.31055793502594004,0.08860920306653042,0.048036277294158936,0.0019639218226075172,256.1262505742698,0.9547301530838013,0.5705245137214661,0.8546768426895142,0.20167578756809235,0.8093175888061523,0.570934534072876,0.6762415766716003,0.7548395991325378,0.9881731867790222,0.9929999997839332,0.8283300718880798
pronking,0,action_space,0.0,3.0,0.0,0.5,0.0,0.07999999821186066,1.0,0.3700000047683716,-1.0,-0.03999999910593033,rough_slope_trot_robustness,rough_slope,0.5,trotting,1000,0.7308104038238525,0.7308104038238525,0.5068209767341614,0.12069512903690338,0.0745723694562912,0.24935922026634216,1.7097413539886475,0.0745723694562912,0.011144522577524185,0.4509669542312622,0.2816024720668793,0.4310147762298584,0.38668131828308105,0.5472644567489624,0.5167883038520813,0.24935922026634216,0.10840907692909241,0.020904559642076492,0.001561171724461019,0.30128633975982666,0.01405622810125351,125.39990234375,78.79945373535156,34.088077545166016,37.1483039855957,189.8035430908203,0.045149125158786774,0.05233333632349968,0.7268524169921875,2.152871608734131,1.1880000829696655,0.01013641431927681,0.01000003982335329,3.000000238418579,0.5,0.08000031858682632,0.3694576919078827,-0.03945828974246979,0.8999285101890564,0.5920836925506592,0.6904373168945312,0.47368288040161133,0.5826505422592163,0.7511382699012756,0.3743276000022888,0.222711980342865,0.9012522101402283,0.6359463930130005,0.5,0.9922181367874146,0.9877650737762451,0.21353355050086975,0.24042055010795593,1.0,0.009000000543892384,0.003000000026077032,0.006000000052154064,1.188,0.6118285824554135,1.3461728961601742,0.1055676208764988,0.5306622956899042,0.6218370512305302,0.7188798952899443,0.3292553369789052,0.14988572769459244,0.05068207159638405,0.0,247.42445182872723,0.9433959126472473,0.5369769334793091,0.6380653381347656,0.1447666883468628,0.7549343109130859,0.5474015474319458,0.6356893181800842,0.7697675824165344,0.9877650737762451,0.9939999999478459,0.7673424961241452
pronking,0,action_space,0.0,3.0,0.0,0.5,0.0,0.07999999821186066,1.0,0.3700000047683716,0.0,0.0,rough_slope_trot_robustness,rough_slope,0.5,trotting,1000,0.7812296152114868,0.7812296152114868,0.5090740919113159,0.09735164046287537,0.06683646142482758,0.23137277364730835,1.4292418956756592,0.06683646142482758,0.00817297212779522,0.44557639956474304,0.2848203182220459,0.46121230721473694,0.45359930396080017,0.4981132745742798,0.4266738295555115,0.23137277364730835,0.0885777473449707,0.012735767289996147,0.0015737437643110752,0.31666672229766846,0.013625342398881912,119.59449768066406,74.09343719482422,34.095458984375,37.968353271484375,196.04547119140625,0.045069921761751175,0.053833331912755966,0.7820188403129578,2.3520400524139404,1.1850000619888306,0.010181481949985027,0.01000003982335329,3.000000238418579,0.5,0.08000031858682632,0.3694516122341156,0.0,0.9280527830123901,0.6213271617889404,0.7841511368751526,0.5036637783050537,0.5701138973236084,0.7757375836372375,0.41280776262283325,0.2266608029603958,0.8885979652404785,0.6210914850234985,0.5,0.9922181367874146,0.9893466234207153,0.45938512682914734,0.4786263108253479,1.0,0.009000000543892384,0.0,0.009000000543892384,1.185,0.6599314758043249,1.4088448867141745,0.09040449174568274,0.53368559866465,0.6734978128849418,0.6532027476637797,0.29762013934707227,0.11962236853660449,0.05090740974992514,0.0,234.92552377129854,0.9628002047538757,0.585473895072937,0.7511197328567505,0.20337548851966858,0.761468231678009,0.5308194160461426,0.6088331937789917,0.7640159130096436,0.9893466234207153,0.9909999994561076,0.7987243665970469
pronking,0,action_space,0.0,3.0,0.0,0.5,0.0,0.07999999821186066,1.0,0.3700000047683716,1.0,0.03999999910593033,rough_slope_trot_robustness,rough_slope,0.5,trotting,1000,0.755139946937561,0.755139946937561,0.49325624108314514,0.09710577130317688,0.0729091539978981,0.229122132062912,1.5621203184127808,0.0729091539978981,0.009471818804740906,0.4433644413948059,0.277128666639328,0.45371830463409424,0.46052730083465576,0.45137232542037964,0.360249400138855,0.229122132062912,0.087495356798172,0.0071197813376784325,0.0017948814202100039,0.3223254084587097,0.01220725942403078,119.6131591796875,75.92253875732422,34.44843292236328,38.166465759277344,307.59613037109375,0.04441644251346588,0.054083336144685745,0.7875291109085083,2.426518678665161,1.1820000410079956,0.009865122847259045,0.01000003982335329,3.000000238418579,0.5,0.08000031858682632,0.3693994879722595,0.03940007835626602,0.927956223487854,0.6185310482978821,0.8562874794006348,0.5449498891830444,0.5905563831329346,0.7743501663208008,0.3872280716896057,0.22477243840694427,0.8880041241645813,0.6241427659988403,0.5,0.9913535118103027,0.9864065647125244,0.21479421854019165,0.24447208642959595,1.0,0.010000000707805157,0.0020000000949949026,0.00800000037997961,1.182,0.6662682857610247,1.432791742803753,0.09732326959541025,0.5264301156272578,0.6786216183077693,0.6002077974658901,0.2957961406072973,0.09441749180045209,0.04932561423629522,0.0006745848804712296,242.4970009847783,0.9629843235015869,0.5915734171867371,0.8366970419883728,0.17350365221500397,0.7833738923072815,0.5248457789421082,0.5985632538795471,0.7630614638328552,0.9864065647125244,0.9919999996200204,0.8149836559926993
pronking,0,action_space,0.0,3.0,0.0,0.5,1.0,0.10999999940395355,-1.0,0.2900000214576721,-1.0,-0.03999999910593033,rough_slope_trot_robustness,rough_slope,0.5,trotting,1000,0.7185915112495422,0.7185915112495422,0.4949532151222229,0.09863676130771637,0.07212135940790176,0.19731634855270386,1.4131795167922974,0.07212135940790176,0.011113128624856472,0.431027352809906,0.2644556164741516,0.5340456366539001,0.6066285371780396,0.49374261498451233,0.403408944606781,0.19731634855270386,0.06849629431962967,0.019571922719478607,0.001859433832578361,0.3147355318069458,0.013256210833787918,130.0390167236328,87.26663208007812,33.57817840576172,37.345760345458984,651.9586791992188,0.04681657254695892,0.05816667154431343,0.8032000064849854,2.7181406021118164,1.1770000457763672,0.009899068623781204,0.01000003982335329,3.000000238418579,0.5,0.10956114530563354,0.29058539867401123,-0.03941451013088226,0.9270346164703369,0.6758613586425781,0.6891618967056274,0.501819372177124,0.5205054879188538,0.8155878782272339,0.43672439455986023,0.2338687777519226,0.8865566253662109,0.6168868541717529,0.8695101141929626,0.991353452205658,0.9851158261299133,0.10219728946685791,0.13539157807826996,1.0,0.009999999776482582,0.0020000000949949026,0.00800000037997961,1.177,0.6824128727033772,1.5196644704290025,0.1054188248125375,0.5142524831968744,0.7788636191131536,0.6351448217586135,0.26171796713185297,0.14639452364093736,0.04949534311890602,0.0005048559978604317,262.72991618313097,0.9618306756019592,0.677505612373352,0.6514027714729309,0.19486619532108307,0.7671106457710266,0.5328735709190369,0.5613868832588196,0.7476402521133423,0.9851158261299133,0.9919999996200204,0.7758021600250351
pronking,0,action_space,0.0,3.0,0.0,0.5,1.0,0.10999999940395355,-1.0,0.2900000214576721,0.0,0.0,rough_slope_trot_robustness,rough_slope,0.5,trotting,1000,0.7501095533370972,0.7501095533370972,0.4820083975791931,0.0930677205324173,0.07013846933841705,0.21652330458164215,1.3382201194763184,0.07013846933841705,0.008966267108917236,0.43580642342567444,0.27214545011520386,0.5035325288772583,0.5132274627685547,0.46016925573349,0.3834535777568817,0.21652330458164215,0.07806545495986938,0.010702557861804962,0.0017510917969048023,0.31275665760040283,0.018698254600167274,131.24024963378906,87.97113037109375,34.0361328125,38.059059143066406,379.6990661621094,0.04700186103582382,0.06075000390410423,0.8149917125701904,2.683258533477783,1.1750000715255737,0.009640169329941273,0.01000003982335329,3.000000238418579,0.5,0.10958515107631683,0.29055359959602356,0.0,0.9323985576629639,0.6397310495376587,0.8016971945762634,0.5456682443618774,0.528448760509491,0.7921777963638306,0.4519217610359192,0.22887244820594788,0.8918133974075317,0.6199457049369812,0.8698104619979858,0.9922181367874146,0.9877145886421204,0.21374180912971497,0.242141455411911,1.0,0.009000000543892384,0.0,0.009000000543892384,1.175,0.6936099567819148,1.5111664652748473,0.0946903749539373,0.5216756177120068,0.7163989550303341,0.6192362858851875,0.27940195947750507,0.11159592133545815,0.048200846649706364,0.0017993524670600891,272.2779318636799,0.9659469127655029,0.6257380843162537,0.7795230746269226,0.21924938261508942,0.6880009174346924,0.5349867343902588,0.5650132894515991,0.738045334815979,0.9877145886421204,0.9909999994561076,0.7941968581688248
pronking,0,action_space,0.0,3.0,0.0,0.5,1.0,0.10999999940395355,-1.0,0.2900000214576721,1.0,0.03999999910593033,rough_slope_trot_robustness,rough_slope,0.5,trotting,1000,0.7409820556640625,0.7409820556640625,0.45974159240722656,0.08287838101387024,0.06669909507036209,0.20236597955226898,1.568938970565796,0.06669909507036209,0.00943803321570158,0.4280455410480499,0.26023900508880615,0.5115889310836792,0.5125119090080261,0.4051051139831543,0.3082910180091858,0.20236597955226898,0.07120369374752045,0.005207111593335867,0.0018116903956979513,0.32595324516296387,0.014234939590096474,130.0205535888672,89.04480743408203,34.779624938964844,39.47547912597656,655.5223388671875,0.043879710137844086,0.0611666701734066,0.7858115434646606,2.513458728790283,1.180999994277954,0.009194832295179367,0.01000003982335329,3.000000238418579,0.5,0.10958564281463623,0.2905530333518982,0.03944713622331619,0.9423317313194275,0.6640800833702087,0.8808259963989258,0.5923550128936768,0.5274137854576111,0.8084716796875,0.3900502324104309,0.2311316430568695,0.8950897455215454,0.6124975681304932,0.8698160648345947,0.9922181367874146,0.9862409234046936,0.10146884620189667,0.13357287645339966,1.0,0.009000000543892384,0.0010000000474974513,0.00800000037997961,1.181,0.6653780892781541,1.458850908995563,0.09714954048116532,0.5101362612957504,0.715899370727497,0.5552396041432796,0.26684020264480474,0.08377829067863475,0.045974161475896835,0.0040260376408696175,282.8122487418944,0.9728987216949463,0.6639689207077026,0.8690313696861267,0.17244109511375427,0.7522408366203308,0.5210514664649963,0.5873928070068359,0.736509382724762,0.9862409234046936,0.9919999996200204,0.8187703775045904
pronking,0,action_space,0.0,3.0,0.0,0.5,1.0,0.10999999940395355,0.0,0.33000001311302185,-1.0,-0.03999999910593033,rough_slope_trot_robustness,rough_slope,0.5,trotting,1000,0.7390836477279663,0.7390836477279663,0.48716437816619873,0.11312957853078842,0.08540918678045273,0.251876562833786,1.4473376274108887,0.08540918678045273,0.014807986095547676,0.45411550998687744,0.29261794686317444,0.48783865571022034,0.5395903587341309,0.5179988145828247,0.45301246643066406,0.251876562833786,0.1062505692243576,0.01687663234770298,0.001806693384423852,0.29552310705184937,0.01752101257443428,139.95269775390625,96.18153381347656,34.01719665527344,38.645477294921875,615.5137329101562,0.050456587225198746,0.05150000751018524,0.7562903165817261,2.362196207046509,1.1779999732971191,0.009743284434080124,0.01000003982335329,3.000000238418579,0.5,0.10951505601406097,0.33000147342681885,-0.03935305401682854,0.9069068431854248,0.5794734954833984,0.7238246202468872,0.4938567876815796,0.5696916580200195,0.7463392615318298,0.4402783513069153,0.22240202128887177,0.8941153883934021,0.6340406537055969,0.8689340949058533,0.9904887676239014,0.9850984811782837,0.2158554494380951,0.24686315655708313,1.0,0.010999999940395355,0.003000000026077032,0.00800000037997961,1.178,0.642012124960208,1.4160719616047124,0.12168806882988847,0.5409417222429551,0.7345681443774504,0.6730620078645534,0.32596099340926915,0.13668696255359117,0.04871642217040062,0.0012837769463658333,287.2802364588337,0.9500951170921326,0.530243992805481,0.6882063746452332,0.1749076098203659,0.7043920159339905,0.5537476539611816,0.6057336330413818,0.772981584072113,0.9850984811782837,0.9919999996200204,0.7728507489848294
pronking,0,action_space,0.0,3.0,0.0,0.5,1.0,0.10999999940395355,0.0,0.33000001311302185,0.0,0.0,rough_slope_trot_robustness,rough_slope,0.5,trotting,1000,0.7803037166595459,0.7803037166595459,0.47857290506362915,0.09709931910037994,0.07197421789169312,0.21988920867443085,1.5007712841033936,0.07197421789169312,0.011579604819417,0.4371448755264282,0.2692027688026428,0.5496826171875,0.6668734550476074,0.47964048385620117,0.39931273460388184,0.21988920867443085,0.08106093108654022,0.011296359822154045,0.0018855901435017586,0.3237967789173126,0.015360336750745773,131.91403198242188,88.52413177490234,34.13123321533203,37.72908020019531,308.58319091796875,0.045575112104415894,0.05975000560283661,0.8225160837173462,2.7520089149475098,1.180999994277954,0.009571456350386143,0.01000003982335329,3.000000238418579,0.5,0.1095503568649292,0.33000147342681885,0.0,0.9270921945571899,0.6384187936782837,0.7931384444236755,0.5267109870910645,0.5353610515594482,0.7918251752853394,0.41071179509162903,0.22907733917236328,0.8921765089035034,0.6154947280883789,0.8693751096725464,0.991353452205658,0.988173246383667,0.4603453278541565,0.48081427812576294,1.0,0.010000000707805157,0.0020000000949949026,0.00800000037997961,1.181,0.6964572321853831,1.526511074923777,0.10760857223946892,0.5188475390735151,0.8166232026140375,0.6319119674479048,0.2847120142996081,0.11481267336690582,0.047857281751930714,0.002142917364835739,275.6404104509074,0.9629891514778137,0.6166136264801025,0.7682508230209351,0.17686592042446136,0.7354985475540161,0.5233035683631897,0.558467447757721,0.7417448163032532,0.988173246383667,0.9919999996200204,0.7928923308163097
pronking,0,action_space,0.0,3.0,0.0,0.5,1.0,0.10999999940395355,0.0,0.33000001311302185,1.0,0.03999999910593033,rough_slope_trot_robustness,rough_slope,0.5,trotting,1000,0.7517850995063782,0.7517850995063782,0.5171501636505127,0.1063593178987503,0.07547156512737274,0.24813443422317505,1.4391953945159912,0.07547156512737274,0.0095891822129488,0.43830856680870056,0.2732951045036316,0.5142691135406494,0.5361931324005127,0.4658381938934326,0.37957003712654114,0.24813443422317505,0.10006174445152283,0.008862180635333061,0.0017791524296626449,0.31606388092041016,0.011502999812364578,130.7799835205078,86.57452392578125,34.02337646484375,38.573062896728516,572.5126342773438,0.04924986511468887,0.05775000527501106,0.8176085948944092,2.7121734619140625,1.1730000972747803,0.010343004018068314,0.01000003982335329,3.000000238418579,0.5,0.1094995066523552,0.33000147342681885,0.0393323190510273,0.9192054271697998,0.597064197063446,0.8371989727020264,0.5369023680686951,0.5569334626197815,0.7580654621124268,0.4230678081512451,0.22573010623455048,0.8876869678497314,0.6187176704406738,0.8687397241592407,0.9904888272285461,0.9850287437438965,0.21621574461460114,0.24981999397277832,1.0,0.010999999940395355,0.003000000026077032,0.00800000037997961,1.173,0.6970234616434889,1.5205815450546913,0.0979243698624035,0.52277634271611,0.7322520962076604,0.6160925556493448,0.31632537750158907,0.10315683721884704,0.05171502009034157,0.0,252.88589797080337,0.9557592868804932,0.5402588248252869,0.808296263217926,0.1957378387451172,0.7944859266281128,0.5314597487449646,0.5609956979751587,0.7491994500160217,0.9850287437438965,0.9919999996200204,0.8089980469820531
pronking,0,action_space,0.0,3.0,0.0,0.5,1.0,0.10999999940395355,1.0,0.3700000047683716,-1.0,-0.03999999910593033,rough_slope_trot_robustness,rough_slope,0.5,trotting,1000,0.7231638431549072,0.7231638431549072,0.49987685680389404,0.09722354263067245,0.06846202909946442,0.25172942876815796,1.5305001735687256,0.06846202909946442,0.009105542674660683,0.43957751989364624,0.2721206545829773,0.4819170832633972,0.5336517691612244,0.5212000608444214,0.46349620819091797,0.25172942876815796,0.10557051002979279,0.01875256933271885,0.0014428016729652882,0.31402868032455444,0.018093623220920563,135.73062133789062,91.20008850097656,34.10487747192383,37.07704162597656,328.7001037597656,0.0469571053981781,0.05183333903551102,0.8705922365188599,3.033822774887085,1.1779999732971191,0.00999753549695015,0.01000003982335329,3.000000238418579,0.5,0.10956835746765137,0.36942338943481445,-0.039424095302820206,0.9287096261978149,0.578569769859314,0.7058171033859253,0.48659631609916687,0.5797550678253174,0.7447643876075745,0.42921310663223267,0.22892716526985168,0.895148754119873,0.6234015822410583,0.8696001172065735,0.9922181367874146,0.9857929348945618,0.10189032554626465,0.13539159297943115,1.0,0.009000000543892384,0.004000000189989805,0.005000000353902578,1.178,0.7390426350773291,1.6048056951249503,0.09542296722833912,0.5216518518925983,0.7305147289146362,0.6808055582843885,0.3249161584621374,0.14211041835729052,0.04998767748475075,1.2521632015705109e-05,271.52811635594264,0.9628961682319641,0.5306370258331299,0.6677059531211853,0.18039415776729584,0.6963711977005005,0.533627450466156,0.5252660512924194,0.7716943621635437,0.9857929348945618,0.9949999996460974,0.76685415544106
pronking,0,action_space,0.0,3.0,0.0,0.5,1.0,0.10999999940395355,1.0,0.3700000047683716,0.0,0.0,rough_slope_trot_robustness,rough_slope,0.5,trotting,1000,0.7441778779029846,0.7441778779029846,0.5022808313369751,0.11276613175868988,0.07332469522953033,0.25301969051361084,1.4585528373718262,0.07332469522953033,0.009727701544761658,0.4426037073135376,0.2835240662097931,0.485598087310791,0.5025476217269897,0.5262154340744019,0.4641309976577759,0.25301969051361084,0.11327223479747772,0.01278211921453476,0.001817835494875908,0.3213233947753906,0.01958221197128296,133.6883087158203,89.18132781982422,34.23416519165039,38.84531021118164,347.0051574707031,0.047823768109083176,0.0754999965429306,0.809172511100769,2.6861205101013184,1.186000108718872,0.010045621544122696,0.01000003982335329,3.000000238418579,0.5,0.10950549691915512,0.3693397045135498,0.0,0.9099968671798706,0.5915509462356567,0.779636025428772,0.48682647943496704,0.5552338361740112,0.7519999742507935,0.4271073341369629,0.2274201214313507,0.8914207220077515,0.6148284673690796,0.8688147068023682,0.9904887676239014,0.9850472211837769,0.2160799205303192,0.24870240688323975,1.0,0.010999999940395355,0.0010000000474974513,0.010000000707805157,1.186,0.682270223736562,1.5049442420099195,0.0986291110411204,0.5324697796211473,0.7089059329184584,0.6812716034429851,0.336559407530792,0.12083027232200823,0.05022810772061348,0.0,266.1624740087487,0.9504071474075317,0.5271924138069153,0.7467691898345947,0.19145414233207703,0.6759445667266846,0.5258986353874207,0.5676704049110413,0.6855732202529907,0.9850472211837769,0.9899999992921948,0.7794512804891718
pronking,0,action_space,0.0,3.0,0.0,0.5,1.0,0.10999999940395355,1.0,0.3700000047683716,1.0,0.03999999910593033,rough_slope_trot_robustness,rough_slope,0.5,trotting,1000,0.7316796779632568,0.7316796779632568,0.5189912915229797,0.10447563976049423,0.06758343428373337,0.232060045003891,1.7982025146484375,0.06758343428373337,0.007955980487167835,0.4431303143501282,0.2744131088256836,0.48762333393096924,0.5213799476623535,0.4943654239177704,0.4287135899066925,0.232060045003891,0.08919670432806015,0.008358537219464779,0.0015320440288633108,0.3155788779258728,0.011376638896763325,133.35302734375,86.83192443847656,33.87002944946289,37.92018127441406,483.67559814453125,0.049558721482753754,0.06066667288541794,0.7614275217056274,2.545844554901123,1.1740000247955322,0.010379832237958908,0.01000003982335329,3.000000238418579,0.5,0.10954949259757996,0.36939841508865356,0.03939896076917648,0.9184446334838867,0.6209171414375305,0.8481228351593018,0.5116642713546753,0.5745483636856079,0.7768791913986206,0.33161497116088867,0.2230253517627716,0.8887964487075806,0.6223210096359253,0.8693644404411316,0.9913535118103027,0.984796404838562,0.1024932712316513,0.13638916611671448,1.0,0.010000000707805157,0.003000000026077032,0.007000000216066837,1.174,0.648575322997631,1.4725900643710046,0.08919630310258288,0.5238445464311752,0.7220664426923283,0.6547622392187049,0.29865817304748277,0.09945140143973885,0.05189916118979454,0.0,256.9465606107293,0.9572787880897522,0.5836121439933777,0.8205243945121765,0.14123612642288208,0.7964963316917419,0.5319755673408508,0.5815081000328064,0.73835289478302,0.984796404838562,0.9929999997839332,0.8079115385189654
pronking,0,action_space,1.0,3.4000000953674316,0.0,0.5,-1.0,0.04999999701976776,-1.0,0.2900000214576721,-1.0,-0.03999999910593033,rough_slope_trot_robustness,rough_slope,0.5,trotting,1000,0.7046523094177246,0.7046523094177246,0.49705302715301514,0.10278940200805664,0.0767858475446701,0.22365404665470123,1.6636073589324951,0.0767858475446701,0.01126578263938427,0.39848592877388,0.23105388879776,0.49994415044784546,0.4918828308582306,0.3364804983139038,0.24537019431591034,0.22365404665470123,0.08484035730361938,0.018446963280439377,0.002215063665062189,0.3014754056930542,0.010445958003401756,113.9021224975586,70.5666732788086,35.067909240722656,38.573333740234375,489.4703674316406,0.04015688598155975,0.06683333963155746,0.7505264282226562,2.0598902702331543,1.3310000896453857,0.009941060096025467,0.01000003982335329,3.394012451171875,0.5,0.05044990032911301,0.2906000316143036,-0.03940005972981453,0.918271541595459,0.6336979866027832,0.6985763907432556,0.6808181405067444,0.5292683839797974,0.7867674231529236,0.35025203227996826,0.257050096988678,0.8924364447593689,0.6396340131759644,0.13062533736228943,0.9913535118103027,0.9833261370658875,0.05068493261933327,0.086375892162323,1.0,0.010000000707805157,0.003000000026077032,0.007000000216066837,1.331,0.563881568134861,1.2440361521868935,0.10614039117783705,0.48068065157416107,0.7013435897320447,0.4953485584070174,0.2912736811035617,0.1437429196360696,0.049705300480127335,0.0002948986366391182,229.154871362436,0.9586179852485657,0.6064025163650513,0.6615031361579895,0.15123459696769714,0.8114608526229858,0.5471946001052856,0.679154634475708,0.7159343957901001,0.9833261370658875,0.9929999997839332,0.7862885427220088
pronking,0,action_space,1.0,3.4000000953674316,0.0,0.5,-1.0,0.04999999701976776,-1.0,0.2900000214576721,0.0,0.0,rough_slope_trot_robustness,rough_slope,0.5,trotting,1000,0.7151288986206055,0.7151288986206055,0.47826725244522095,0.10172443091869354,0.07930368185043335,0.2422877997159958,1.6805768013000488,0.07930368185043335,0.013071154244244099,0.39836496114730835,0.2265986204147339,0.5528092384338379,0.5633488297462463,0.34754106402397156,0.23653659224510193,0.2422877997159958,0.10847632586956024,0.01300407387316227,0.00237085809931159,0.30044978857040405,0.012596070766448975,109.5177001953125,67.12312316894531,34.46767044067383,38.284584045410156,477.5871276855469,0.038302142173051834,0.07208333909511566,0.6857611536979675,1.720513105392456,1.3340001106262207,0.009565344080328941,0.01000003982335329,3.3951354026794434,0.5,0.05036566033959389,0.2904875874519348,0.0,0.9232838153839111,0.6154338121414185,0.7650480270385742,0.663110613822937,0.5024563074111938,0.7681878805160522,0.3382032513618469,0.2569488286972046,0.8820088505744934,0.6397290229797363,0.12957286834716797,0.9930828213691711,0.9878097772598267,0.10022096335887909,0.12814858555793762,1.0,0.00800000037997961,0.0020000000949949026,0.006000000052154064,1.334,0.5140637993991286,1.1356671319856482,0.11432914870777311,0.47602376034682753,0.7505656731734048,0.48635027731574487,0.3293574439261397,0.1239956933626078,0.04782672040164471,0.002173478715121746,228.9884988683315,0.9594534635543823,0.5559739470481873,0.7352838516235352,0.14341683685779572,0.7773058414459229,0.5483181476593018,0.7243830561637878,0.6973856687545776,0.9878097772598267,0.9939999999478459,0.7989701119398601
pronking,0,action_space,1.0,3.4000000953674316,0.0,0.5,-1.0,0.04999999701976776,-1.0,0.2900000214576721,1.0,0.03999999910593033,rough_slope_trot_robustness,rough_slope,0.5,trotting,1000,0.7352497577667236,0.7352497577667236,0.4790470600128174,0.09838828444480896,0.0752837136387825,0.22929702699184418,1.3032689094543457,0.0752837136387825,0.010689456015825272,0.3962516784667969,0.22841131687164307,0.514147162437439,0.5048204064369202,0.35033118724823,0.26751741766929626,0.22929702699184418,0.09134668111801147,0.006600595079362392,0.0018671954749152064,0.3011019229888916,0.012710481882095337,109.989501953125,67.3565902709961,35.132789611816406,38.34486770629883,571.5909423828125,0.03954390808939934,0.056000009179115295,0.7245808839797974,1.876962423324585,1.3320000171661377,0.009580944664776325,0.01000003982335329,3.394012928009033,0.5,0.050449881702661514,0.2905999422073364,0.039400093257427216,0.9280705451965332,0.6251713037490845,0.8615660667419434,0.6685974597930908,0.510023295879364,0.7812057733535767,0.49750834703445435,0.25600939989089966,0.8879500031471252,0.6400958299636841,0.1306249499320984,0.991353452205658,0.9833260774612427,0.05068463832139969,0.08637413382530212,1.0,0.010000000707805157,0.0020000000949949026,0.00800000037997961,1.332,0.5439796791420327,1.1870682089461007,0.10338982549470364,0.47792396557574207,0.7105071473510454,0.5172208596618046,0.30223613469936295,0.09202059853248945,0.047904723323881626,0.0020954757928848267,229.60061992694855,0.9620190858840942,0.5910993218421936,0.8442084789276123,0.21935628354549408,0.7755292057991028,0.5476034879684448,0.7030813097953796,0.75578373670578,0.9833260774612427,0.9919999996200204,0.8269081525994759
pronking,0,action_space,1.0,3.4000000953674316,0.0,0.5,-1.0,0.04999999701976776,0.0,0.33000001311302185,-1.0,-0.03999999910593033,rough_slope_trot_robustness,rough_slope,0.5,trotting,1000,0.7125669717788696,0.7125669717788696,0.5069489479064941,0.11708933860063553,0.06884490698575974,0.2341737002134323,1.5645099878311157,0.06884490698575974,0.008303031325340271,0.39292314648628235,0.22608572244644165,0.5056862831115723,0.4985165596008301,0.38131627440452576,0.31329894065856934,0.2341737002134323,0.09384492039680481,0.022112896665930748,0.0017249435186386108,0.3024013638496399,0.01822580210864544,110.5592269897461,68.26496887207031,34.34025192260742,37.20066833496094,470.52386474609375,0.04020541161298752,0.061500005424022675,0.7258143424987793,1.8252322673797607,1.3289999961853027,0.01013898104429245,0.01000003982335329,3.394012451171875,0.5,0.050449877977371216,0.33000147342681885,-0.03940006345510483,0.9101695418357849,0.62127685546875,0.6668926477432251,0.6415809392929077,0.5431402921676636,0.7751430869102478,0.4130432605743408,0.26119568943977356,0.887461245059967,0.6354528069496155,0.1306253969669342,0.9913535118103027,0.984796941280365,0.10248126089572906,0.1363040655851364,1.0,0.009999999776482582,0.003000000026077032,0.007000000216066837,1.329,0.546135643355554,1.1719162270149643,0.09112097083185774,0.47548472367305517,0.7060570512365344,0.5597311324721623,0.30634118299178253,0.15439507823946125,0.05069490522146225,0.0,218.0874966726207,0.9466369152069092,0.5778891444206238,0.6207934617996216,0.17718328535556793,0.6945326924324036,0.5461821556091309,0.7093920707702637,0.735282838344574,0.984796941280365,0.9929999997839332,0.7647515783870691
pronking,0,action_space,1.0,3.4000000953674316,0.0,0.5,-1.0,0.04999999701976776,0.0,0.33000001311302185,0.0,0.0,rough_slope_trot_robustness,rough_slope,0.5,trotting,1000,0.7487881183624268,0.7487881183624268,0.4956091046333313,0.09968651831150055,0.07957064360380173,0.2565494775772095,1.2408084869384766,0.07957064360380173,0.011696329340338707,0.3966972529888153,0.2252567708492279,0.4564073979854584,0.42045164108276367,0.33043670654296875,0.22433915734291077,0.2565494775772095,0.11273781955242157,0.01143125630915165,0.0017468734877184033,0.28835242986679077,0.010761421173810959,108.9196548461914,67.42742919921875,34.96086883544922,38.30071258544922,512.3074951171875,0.04097632318735123,0.05516666918992996,0.637546718120575,1.6204410791397095,1.3420000076293945,0.00991218164563179,0.01000003982335329,3.3940138816833496,0.5,0.050449881702661514,0.33000147342681885,0.0,0.9248549342155457,0.5799018740653992,0.792641282081604,0.6826810240745544,0.5654549598693848,0.739898681640625,0.44058436155319214,0.25220659375190735,0.8931821584701538,0.6509765386581421,0.13062496483325958,0.991353452205658,0.9864066243171692,0.21479372680187225,0.24446885287761688,1.0,0.009000000543892384,0.003000000026077032,0.006000000052154064,1.342,0.47507200511130776,1.0988548835575578,0.10814956930260382,0.4746122320897639,0.6484224248765335,0.4736445474645631,0.33576452992003425,0.11479603563220314,0.04956090822815895,0.000439290888607502,219.76927749697802,0.9610300660133362,0.5177947282791138,0.7683095335960388,0.22883935272693634,0.806357204914093,0.56174635887146,0.7394338250160217,0.7589393854141235,0.9864066243171692,0.9939999999478459,0.8196663182522906
pronking,0,action_space,1.0,3.4000000953674316,0.0,0.5,-1.0,0.04999999701976776,0.0,0.33000001311302185,1.0,0.03999999910593033,rough_slope_trot_robustness,rough_slope,0.5,trotting,1000,0.7470489740371704,0.7470489740371704,0.4778490960597992,0.0917508453130722,0.07152833789587021,0.25602906942367554,1.1947391033172607,0.07152833789587021,0.009257432073354721,0.399049311876297,0.2335267961025238,0.48428767919540405,0.5433363914489746,0.3343032896518707,0.242325097322464,0.25602906942367554,0.11270803213119507,0.007124205119907856,0.002092564245685935,0.3004651665687561,0.013218024745583534,106.35189819335938,63.97751235961914,34.61442947387695,38.23710250854492,423.10699462890625,0.038791775703430176,0.062000006437301636,0.678634524345398,1.6856814622879028,1.3340001106262207,0.009556986391544342,0.01000003982335329,3.394596815109253,0.5,0.05040612071752548,0.33000147342681885,0.039458416402339935,0.9354119300842285,0.5882947444915771,0.8505262136459351,0.6726508140563965,0.5572916269302368,0.7459112405776978,0.5248674154281616,0.25611624121665955,0.8910089135169983,0.6425834894180298,0.13007821142673492,0.9922181367874146,0.9863159656524658,0.10132308304309845,0.13188157975673676,1.0,0.009000000543892384,0.003000000026077032,0.006000000052154064,1.334,0.5087214845946167,1.1241126423748236,0.09621555006003303,0.483246103039149,0.737113553971825,0.4922652712943134,0.33572016938396043,0.0960040070288412,0.04778493195772171,0.0022152671590447426,222.56377394098962,0.9668877720832825,0.5191778540611267,0.831656813621521,0.2516067922115326,0.767696738243103,0.5483012795448303,0.729127049446106,0.7334469556808472,0.9863159656524658,0.9939999999478459,0.8301880140543769
pronking,0,action_space,1.0,3.4000000953674316,0.0,0.5,-1.0,0.04999999701976776,1.0,0.3700000047683716,-1.0,-0.03999999910593033,rough_slope_trot_robustness,rough_slope,0.5,trotting,1000,0.6999771595001221,0.6999771595001221,0.5206941366195679,0.11835344135761261,0.07604865729808807,0.25943002104759216,1.807544231414795,0.07604865729808807,0.011716328561306,0.3951869010925293,0.22712890803813934,0.4641651213169098,0.4795546531677246,0.3965378701686859,0.31577467918395996,0.25943002104759216,0.11747626215219498,0.021849608048796654,0.0019994727335870266,0.3024495840072632,0.014023788273334503,110.17613220214844,67.19271850585938,34.173458099365234,37.19844055175781,222.80026245117188,0.04084160178899765,0.06041666865348816,0.7082705497741699,1.904092788696289,1.3300001621246338,0.010413877665996552,0.01000003982335329,3.3942527770996094,0.5,0.05043186992406845,0.36942338943481445,-0.039424095302820206,0.903738260269165,0.5850610136985779,0.6671426892280579,0.6243593692779541,0.5759230256080627,0.745890736579895,0.33416521549224854,0.25743699073791504,0.8896270394325256,0.6360920667648315,0.13039995729923248,0.9922181367874146,0.984323263168335,0.050126105546951294,0.08541493117809296,1.0,0.009000000543892384,0.0020000000949949026,0.007000000216066837,1.33,0.5325342164003759,1.196515232595351,0.10824199074899722,0.4765804318665836,0.692498847051549,0.5619383232917647,0.34274810306141007,0.15443147600921153,0.05206938832998276,0.0,211.5947241454072,0.9455106258392334,0.5101556777954102,0.6206539273262024,0.1297856718301773,0.7554242610931396,0.5461294651031494,0.6991344690322876,0.7392764687538147,0.984323263168335,0.9929999997839332,0.7668052697554231
pronking,0,action_space,1.0,3.4000000953674316,0.0,0.5,-1.0,0.04999999701976776,1.0,0.3700000047683716,0.0,0.0,rough_slope_trot_robustness,rough_slope,0.5,trotting,1000,0.7395026683807373,0.7395026683807373,0.4892648458480835,0.12019652873277664,0.07611769437789917,0.25579285621643066,1.192495346069336,0.07611769437789917,0.011188313364982605,0.40288132429122925,0.2343798577785492,0.44155099987983704,0.4067027270793915,0.37574732303619385,0.30195632576942444,0.25579285621643066,0.10706779360771179,0.011669766157865524,0.0018235365860164165,0.2884010672569275,0.012650826945900917,109.74363708496094,69.41291809082031,33.55271911621094,36.60930633544922,451.2405090332031,0.04210727661848068,0.053416669368743896,0.6358147263526917,1.5835844278335571,1.3289999961853027,0.00978529267013073,0.01000003982335329,3.3940563201904297,0.5,0.05044659227132797,0.36940377950668335,0.0,0.9053922891616821,0.5786025524139404,0.7912755608558655,0.6492372751235962,0.5963774919509888,0.7479813694953918,0.5246729254722595,0.25086671113967896,0.8881188631057739,0.6488834619522095,0.13058418035507202,0.9913535118103027,0.9848068952560425,0.10243053734302521,0.13584208488464355,1.0,0.010000000707805157,0.0,0.010000000707805157,1.329,0.47841587454147855,1.091586384879975,0.10577482387119633,0.48412793534204285,0.6377324886497405,0.5495055284248053,0.32721215382028795,0.11616067640936815,0.04892646335065365,0.0010737357661128044,224.3031315579871,0.9438492655754089,0.5198058485984802,0.7634817361831665,0.2426193207502365,0.7764550447463989,0.5616917014122009,0.742382824420929,0.7656092643737793,0.9848068952560425,0.9899999992921948,0.8113017361120959
pronking,0,action_space,1.0,3.4000000953674316,0.0,0.5,-1.0,0.04999999701976776,1.0,0.3700000047683716,1.0,0.03999999910593033,rough_slope_trot_robustness,rough_slope,0.5,trotting,1000,0.7307460904121399,0.7307460904121399,0.48717689514160156,0.10761178284883499,0.07864650338888168,0.283785879611969,1.524989366531372,0.07864650338888168,0.01187359169125557,0.4073981046676636,0.2421952784061432,0.4211238622665405,0.3711528182029724,0.3353779911994934,0.23535801470279694,0.283785879611969,0.13344129920005798,0.007023646496236324,0.0018588278908282518,0.2825092077255249,0.014123465865850449,118.14945983886719,77.44255065917969,33.595481872558594,37.20024871826172,226.14263916015625,0.04186428338289261,0.06258333474397659,0.6402502059936523,1.599453330039978,1.3350000381469727,0.009743543341755867,0.01000003982335329,3.3940131664276123,0.5,0.05044986307621002,0.3693995177745819,0.039400093257427216,0.917495608329773,0.5394362211227417,0.8583160638809204,0.6674356460571289,0.6009330749511719,0.7042022347450256,0.38831841945648193,0.2486552596092224,0.896852970123291,0.6550542116165161,0.1306249499320984,0.991353452205658,0.9833260774612427,0.05068462714552879,0.08637414127588272,1.0,0.010000000707805157,0.0,0.010000000707805157,1.335,0.4795881521389279,1.0945740358252865,0.1089660116332408,0.49213339493082886,0.609223126779485,0.4851371091792473,0.3652961801060312,0.09424687998583602,0.048717716708779335,0.0012824824079871178,242.5186026207712,0.954735279083252,0.4469340145587921,0.8372358083724976,0.17162194848060608,0.753919780254364,0.5683496594429016,0.7411715984344482,0.7313108444213867,0.9833260774612427,0.9899999992921948,0.817918467335403
pronking,0,action_space,1.0,3.4000000953674316,0.0,0.5,0.0,0.07999999821186066,-1.0,0.2900000214576721,-1.0,-0.03999999910593033,rough_slope_trot_robustness,rough_slope,0.5,trotting,1000,0.7214912176132202,0.7214912176132202,0.5004035234451294,0.0943252444267273,0.06884096562862396,0.22011126577854156,1.2238266468048096,0.06884096562862396,0.00853651575744152,0.3907754421234131,0.2271403968334198,0.5322271585464478,0.5374261736869812,0.3291330337524414,0.24621494114398956,0.22011126577854156,0.08517423272132874,0.020267540588974953,0.0017739934846758842,0.30392277240753174,0.01528123952448368,120.92133331298828,80.13424682617188,33.811668395996094,37.057472229003906,301.83795166015625,0.04113418981432915,0.07000000774860382,0.7150410413742065,2.021350383758545,1.3320000171661377,0.010008078068494797,0.01000003982335329,3.393972873687744,0.5,0.08000031858682632,0.2906038463115692,-0.03939604386687279,0.9315807819366455,0.648492693901062,0.6818771958351135,0.6899019479751587,0.4959569573402405,0.7943143844604492,0.5075639486312866,0.26310810446739197,0.8888497352600098,0.62855064868927,0.5,0.9913535118103027,0.9847869873046875,0.10252779722213745,0.13673685491085052,1.0,0.009000000543892384,0.0020000000949949026,0.007000000216066837,1.332,0.5368175792980481,1.2318807923798027,0.09239326684040088,0.47659248507862545,0.7330935640741781,0.4962005049815947,0.2918462484277102,0.14846391505564857,0.050040390342473984,0.0,241.6476456450204,0.9650368094444275,0.6160115003585815,0.6435016393661499,0.24794284999370575,0.7366629838943481,0.544522762298584,0.6842837929725647,0.7046880722045898,0.9847869873046875,0.9929999997839332,0.7849312994727178
pronking,0,action_space,1.0,3.4000000953674316,0.0,0.5,0.0,0.07999999821186066,-1.0,0.2900000214576721,0.0,0.0,rough_slope_trot_robustness,rough_slope,0.5,trotting,1000,0.7400374412536621,0.7400374412536621,0.48843082785606384,0.0852770283818245,0.07140660285949707,0.24653670191764832,1.8227059841156006,0.07140660285949707,0.01039474830031395,0.3955863118171692,0.2288619577884674,0.4982202649116516,0.5102594494819641,0.3102339208126068,0.21851469576358795,0.24653670191764832,0.09997276216745377,0.01033940352499485,0.0016135723562911153,0.2941511273384094,0.01480105984956026,119.47129821777344,78.47694396972656,33.60466766357422,36.613197326660156,202.31227111816406,0.042635202407836914,0.060083337128162384,0.7924246788024902,2.2998807430267334,1.3350000381469727,0.009768618270754814,0.01000003982335329,3.3950533866882324,0.5,0.08000031858682632,0.2904958426952362,0.0,0.9412549734115601,0.5881952047348022,0.8058980107307434,0.7059693932533264,0.5288800001144409,0.7522706389427185,0.3247581124305725,0.25689470767974854,0.898422122001648,0.6409978270530701,0.5,0.9930828213691711,0.9888985753059387,0.21255910396575928,0.23694732785224915,1.0,0.00800000037997961,0.0,0.00800000037997961,1.335,0.5935765412862828,1.312538386165081,0.10195463844432949,0.47839518997212693,0.7143244707287887,0.46745555485370793,0.3161846962891369,0.1093296660622631,0.04884309135377407,0.001157107762992382,244.60228839810364,0.9713303446769714,0.5445456504821777,0.7873679995536804,0.1312566101551056,0.7437716722488403,0.555269181728363,0.6500608921051025,0.7405096292495728,0.9888985753059387,0.9919999996200204,0.8009544770282351
pronking,0,action_space,1.0,3.4000000953674316,0.0,0.5,0.0,0.07999999821186066,-1.0,0.2900000214576721,1.0,0.03999999910593033,rough_slope_trot_robustness,rough_slope,0.5,trotting,1000,0.7357985973358154,0.7357985973358154,0.4678032100200653,0.10901971161365509,0.08200941234827042,0.24244609475135803,1.5488883256912231,0.08200941234827042,0.012553509324789047,0.40320253372192383,0.23202663660049438,0.509477436542511,0.5384844541549683,0.3277184069156647,0.24162626266479492,0.24244609475135803,0.10226358473300934,0.006472903303802013,0.0021661664359271526,0.2877756655216217,0.012848754413425922,121.68287658691406,80.43165588378906,34.36016845703125,37.85585021972656,401.53729248046875,0.04341215640306473,0.06000000238418579,0.7921140193939209,2.20231294631958,1.3300000429153442,0.009356064721941948,0.01000003982335329,3.3946139812469482,0.5,0.08000031858682632,0.29053980112075806,0.03946009278297424,0.9168529510498047,0.6029820442199707,0.8669840693473816,0.7031586170196533,0.540473222732544,0.7567245960235596,0.3961549401283264,0.25007569789886475,0.8919243812561035,0.6453006267547607,0.5,0.9922181367874146,0.9863172769546509,0.10130441188812256,0.1317424476146698,0.9998000264167786,0.009000000543892384,0.003000000026077032,0.006000000052154064,1.33,0.5955744463698308,1.286807843960836,0.11204244430031436,0.4816914329739469,0.7338149999522824,0.4915549436886938,0.31978678010982464,0.0929465961707537,0.04678032360970974,0.003219875507056713,260.1155228962511,0.9535712003707886,0.5555475354194641,0.8413215279579163,0.1653057485818863,0.7733874917030334,0.5623947381973267,0.6610217094421387,0.740818202495575,0.9863172769546509,0.9939999999478459,0.8161254470775787
pronking,0,action_space,1.0,3.4000000953674316,0.0,0.5,0.0,0.07999999821186066,0.0,0.33000001311302185,-1.0,-0.03999999910593033,rough_slope_trot_robustness,rough_slope,0.5,trotting,1000,0.721735417842865,0.721735417842865,0.5150755047798157,0.10132910311222076,0.08150279521942139,0.25381171703338623,1.7384475469589233,0.08150279521942139,0.012283220887184143,0.38536128401756287,0.2099124789237976,0.48770657181739807,0.527528703212738,0.3218954801559448,0.203395813703537,0.25381171703338623,0.10986582934856415,0.020384639501571655,0.0019541243091225624,0.29538506269454956,0.014130580238997936,120.15233612060547,80.13897705078125,33.458003997802734,37.360313415527344,280.0495910644531,0.04330859333276749,0.06674999743700027,0.7288869619369507,2.037716865539551,1.3389999866485596,0.010301513597369194,0.01000003982335329,3.3957858085632324,0.5,0.08000031858682632,0.33000147342681885,-0.03957727923989296,0.9195317625999451,0.5806405544281006,0.6737949848175049,0.6812769174575806,0.5581722855567932,0.7482025623321533,0.3184230327606201,0.26165857911109924,0.8886008858680725,0.6342806816101074,0.5,0.9939475059509277,0.9904822111129761,0.21097113192081451,0.23204007744789124,1.0,0.007000000216066837,0.0010000000474974513,0.006000000052154064,1.339,0.5443516817441888,1.233620631814129,0.11082969316561399,0.4581620662208926,0.7263117121544564,0.4509942501889985,0.331460147451491,0.14946157971430055,0.05150756798684597,0.0,233.27130683872872,0.9597616195678711,0.5250803828239441,0.6396876573562622,0.13750265538692474,0.7538124918937683,0.5539005398750305,0.6835503578186035,0.7162328362464905,0.9904822111129761,0.9939999999478459,0.7737752889822189
pronking,0,action_space,1.0,3.4000000953674316,0.0,0.5,0.0,0.07999999821186066,0.0,0.33000001311302185,0.0,0.0,rough_slope_trot_robustness,rough_slope,0.5,trotting,1000,0.7818946242332458,0.7818946242332458,0.5002714395523071,0.09684975445270538,0.0821027159690857,0.25883591175079346,1.7289009094238281,0.0821027159690857,0.01236721035093069,0.40408289432525635,0.23978456854820251,0.4556067883968353,0.43786147236824036,0.31171607971191406,0.21870771050453186,0.25883591175079346,0.11573565006256104,0.01050645299255848,0.0014850270235911012,0.28888410329818726,0.012135958299040794,122.2640380859375,78.39846801757812,34.53235626220703,37.76108932495117,468.7341613769531,0.04477207362651825,0.0455833338201046,0.8294286131858826,2.376654624938965,1.3330000638961792,0.01000542938709259,0.01000003982335329,3.3940234184265137,0.5,0.08000031858682632,0.33000147342681885,0.0,0.9268977642059326,0.5787556171417236,0.8125959634780884,0.7062253952026367,0.5769981741905212,0.7371156215667725,0.37541043758392334,0.25374799966812134,0.8966547250747681,0.6425727009773254,0.5,0.991353452205658,0.9881733059883118,0.4603272080421448,0.4806920289993286,1.0,0.010000000707805157,0.0,0.010000000707805157,1.333,0.6222269983999906,1.3352665052047472,0.1112079599261253,0.48967802538831834,0.6617110187749939,0.4676619617892093,0.34019942689922483,0.10950561636806388,0.05002714693546295,0.0,244.39539901648507,0.9631756544113159,0.5117288827896118,0.7867619395256042,0.13858863711357117,0.784491777420044,0.5611493587493896,0.6403539776802063,0.796190619468689,0.9881733059883118,0.9899999992921948,0.8038682581268644
pronking,0,action_space,1.0,3.4000000953674316,0.0,0.5,0.0,0.07999999821186066,0.0,0.33000001311302185,1.0,0.03999999910593033,rough_slope_trot_robustness,rough_slope,0.5,trotting,1000,0.7475014925003052,0.7475014925003052,0.5016196966171265,0.1076110303401947,0.08645106106996536,0.29554563760757446,1.4987378120422363,0.08645106106996536,0.014720297418534756,0.4013310670852661,0.23268622159957886,0.4638775885105133,0.4346817135810852,0.3308289051055908,0.22989529371261597,0.29554563760757446,0.14787712693214417,0.0078741405159235,0.002157946117222309,0.2784947156906128,0.017585020512342453,120.45181274414062,78.51972198486328,33.878822326660156,37.83380889892578,405.34619140625,0.04388820379972458,0.06666667014360428,0.75049889087677,2.121324062347412,1.3389999866485596,0.010032398626208305,0.01000003982335329,3.3952033519744873,0.5,0.08000031858682632,0.33000147342681885,0.039519064128398895,0.9151734113693237,0.5317873358726501,0.8439944982528687,0.6888620853424072,0.5666141510009766,0.6939834356307983,0.3885928690433502,0.25074413418769836,0.890021800994873,0.6486616730690002,0.5,0.9930828213691711,0.9891250133514404,0.2122311294078827,0.23607096076011658,1.0,0.00800000037997961,0.0010000000474974513,0.007000000216066837,1.339,0.560492039082921,1.2586738562796889,0.12132723279847256,0.48237560220183073,0.659303961448045,0.4794739760535664,0.384547951408071,0.10016030467778045,0.05016199313104153,0.0,240.1257637139365,0.9547358751296997,0.4174993932247162,0.8182055354118347,0.166436105966568,0.7034908533096313,0.5729312896728516,0.6729629635810852,0.7165312767028809,0.9891250133514404,0.9929999997839332,0.8032834339200666
pronking,0,action_space,1.0,3.4000000953674316,0.0,0.5,0.0,0.07999999821186066,1.0,0.3700000047683716,-1.0,-0.03999999910593033,rough_slope_trot_robustness,rough_slope,0.5,trotting,1000,0.7054621577262878,0.7054621577262878,0.5055451989173889,0.10895727574825287,0.06531485915184021,0.20975208282470703,1.9569683074951172,0.06531485915184021,0.008386663161218166,0.3813459277153015,0.21304857730865479,0.4686029553413391,0.45642518997192383,0.38067519664764404,0.29476624727249146,0.20975208282470703,0.0720289945602417,0.023438716307282448,0.0016145962290465832,0.3264179527759552,0.013932345435023308,120.7747802734375,79.51216125488281,33.883758544921875,37.53791809082031,437.8884582519531,0.041565753519535065,0.05325000360608101,0.8413696885108948,2.491514205932617,1.3400001525878906,0.010110901668667793,0.01000003982335329,3.3949198722839355,0.5,0.08000031858682632,0.3694901466369629,-0.0394907221198082,0.9185727834701538,0.6475808620452881,0.649075984954834,0.6329130530357361,0.5742208361625671,0.8005661964416504,0.29673564434051514,0.26854220032691956,0.8928710222244263,0.6167285442352295,0.5,0.9930827617645264,0.9876043200492859,0.10052338987588882,0.13088837265968323,1.0,0.009000000543892384,0.003000000026077032,0.006000000052154064,1.34,0.6278877827658582,1.3635757864855693,0.09157872657565275,0.4615718549788914,0.6755924732943106,0.5429237950877558,0.26838218003481845,0.1582823822676707,0.050554508343338966,0.0,238.9000637966167,0.9536231160163879,0.6440625786781311,0.6058842539787292,0.11946862190961838,0.7568070888519287,0.5205674171447754,0.6282389163970947,0.7662475109100342,0.9876043200492859,0.9939999999478459,0.7605065045094019
pronking,0,action_space,1.0,3.4000000953674316,0.0,0.5,0.0,0.07999999821186066,1.0,0.3700000047683716,0.0,0.0,rough_slope_trot_robustness,rough_slope,0.5,trotting,1000,0.7371354699134827,0.7371354699134827,0.5169032216072083,0.112972691655159,0.07739057391881943,0.25739404559135437,1.642211675643921,0.07739057391881943,0.012158982455730438,0.40457624197006226,0.2457321733236313,0.4841301143169403,0.5565910339355469,0.40034520626068115,0.32275259494781494,0.25739404559135437,0.11581339687108994,0.014332830905914307,0.0022839235607534647,0.31068792939186096,0.01821831613779068,123.31476593017578,77.17921447753906,34.421363830566406,37.831241607666016,533.6030883789062,0.04331488162279129,0.05658333748579025,0.8344833850860596,2.3875765800476074,1.3280000686645508,0.010338063351809978,0.01000003982335329,3.39349102973938,0.5,0.08000031858682632,0.36934712529182434,0.0,0.909247875213623,0.5853188037872314,0.7615209221839905,0.627000629901886,0.5657684206962585,0.7443498373031616,0.37122201919555664,0.25636792182922363,0.8855394124984741,0.62969571352005,0.5,0.9904887676239014,0.9850658178329468,0.2159511148929596,0.24763208627700806,0.9998000264167786,0.010999999940395355,0.0020000000949949026,0.009000000543892384,1.328,0.6283760070800781,1.3408482356633482,0.1102677761439417,0.4957138018288691,0.7460502891464803,0.568113188500157,0.3403136742346536,0.12890599080984472,0.05169031675904989,0.0,238.56451415944542,0.9502298831939697,0.5155521035194397,0.717246949672699,0.15176965296268463,0.6946367025375366,0.5372048020362854,0.6379671692848206,0.7535825371742249,0.9850658178329468,0.9909999994561076,0.7767526608842767
pronking,0,action_space,1.0,3.4000000953674316,0.0,0.5,0.0,0.07999999821186066,1.0,0.3700000047683716,1.0,0.03999999910593033,rough_slope_trot_robustness,rough_slope,0.5,trotting,1000,0.7405864000320435,0.7405864000320435,0.4823508858680725,0.08440801501274109,0.06570056080818176,0.23803454637527466,1.9330174922943115,0.06570056080818176,0.00817669928073883,0.4059899151325226,0.2408619374036789,0.4136938452720642,0.3720882534980774,0.3307604193687439,0.2824470102787018,0.23803454637527466,0.09113070368766785,0.004853521008044481,0.0012940354645252228,0.29939818382263184,0.01670674979686737,119.61976623535156,77.11929321289062,34.543922424316406,37.44167709350586,267.3210144042969,0.041855547577142715,0.06091667339205742,0.8422069549560547,2.3797008991241455,1.3310000896453857,0.00964701734483242,0.01000003982335329,3.3941123485565186,0.5,0.08000031858682632,0.3694092929363251,0.03940994292497635,0.9401897192001343,0.6029578447341919,0.8942859172821045,0.7018946409225464,0.6090245246887207,0.7672684192657471,0.301880419254303,0.25259536504745483,0.8999044895172119,0.6422984004020691,0.5,0.9913535118103027,0.9848555326461792,0.10235545039176941,0.13495266437530518,0.9998000264167786,0.010000000707805157,0.0020000000949949026,0.00800000037997961,1.331,0.6327625621448864,1.3371254037298024,0.09042510315580973,0.4907768713006746,0.6099903716437477,0.5314574397623029,0.30187862409860666,0.07840635479710624,0.0482350867241621,0.001765112392604351,247.99325499335495,0.971903383731842,0.5674489736557007,0.8843069076538086,0.12287946045398712,0.7159571051597595,0.5494726300239563,0.6395592093467712,0.7374305725097656,0.9848555326461792,0.9919999996200204,0.8149903591624217
pronking,0,action_space,1.0,3.4000000953674316,0.0,0.5,1.0,0.10999999940395355,-1.0,0.2900000214576721,-1.0,-0.03999999910593033,rough_slope_trot_robustness,rough_slope,0.5,trotting,1000,0.7039326429367065,0.7039326429367065,0.49781274795532227,0.10235367715358734,0.06917329132556915,0.2125098705291748,1.6336157321929932,0.06917329132556915,0.008908351883292198,0.38477689027786255,0.21656900644302368,0.5387610197067261,0.5478543043136597,0.33701980113983154,0.253055214881897,0.2125098705291748,0.08216069638729095,0.021021535620093346,0.0016896652523428202,0.3056299388408661,0.01723700389266014,137.12759399414062,95.7655029296875,33.2899055480957,36.47955322265625,463.80743408203125,0.04500310868024826,0.06000000238418579,0.8786075711250305,2.7872776985168457,1.3289999961853027,0.009956253692507744,0.01000003982335329,3.3942959308624268,0.5,0.10957153141498566,0.2905716598033905,-0.03942832350730896,0.923251211643219,0.6572597026824951,0.6742680668830872,0.6815224885940552,0.5077450275421143,0.7987302541732788,0.3954184055328369,0.265850692987442,0.8867630958557129,0.6237415671348572,0.8696396350860596,0.9913535118103027,0.9839593172073364,0.05030884966254234,0.08355381339788437,1.0,0.009999999776482582,0.0,0.009999999776482582,1.329,0.6611042467609575,1.4481969246268234,0.09438406583365752,0.4653697523937538,0.7401718072945359,0.5030459371487827,0.28663687199537147,0.15070235854967953,0.04978126846253872,0.0002189306542277336,275.4601897146426,0.958960771560669,0.6366059184074402,0.634940505027771,0.16336265206336975,0.7084044218063354,0.5426667332649231,0.5919585824012756,0.740818202495575,0.9839593172073364,0.9900000002235174,0.7623176291388901
pronking,0,action_space,1.0,3.4000000953674316,0.0,0.5,1.0,0.10999999940395355,-1.0,0.2900000214576721,0.0,0.0,rough_slope_trot_robustness,rough_slope,0.5,trotting,1000,0.724833607673645,0.724833607673645,0.5015081167221069,0.09522470831871033,0.07599321007728577,0.25618287920951843,1.751814842224121,0.07599321007728577,0.010450657457113266,0.39859479665756226,0.22794878482818604,0.5043236017227173,0.5542276501655579,0.3117450475692749,0.22961671650409698,0.25618287920951843,0.1059897243976593,0.010855481028556824,0.001509017078205943,0.2931000590324402,0.017180893570184708,134.0355224609375,89.19339752197266,35.0704460144043,38.305599212646484,411.0641784667969,0.045716676861047745,0.055083341896533966,0.9965958595275879,3.012815475463867,1.3410000801086426,0.010030161589384079,0.01000003982335329,3.394603729248047,0.5,0.10959461331367493,0.2905409038066864,0.0,0.9288253784179688,0.5712960958480835,0.8035389184951782,0.7037177681922913,0.5436538457870483,0.7419671416282654,0.34310322999954224,0.2540546953678131,0.896621823310852,0.6379879713058472,0.8699281215667725,0.9922181367874146,0.9863168001174927,0.10131551325321198,0.13182148337364197,1.0,0.009000000543892384,0.0010000000474974513,0.00800000037997961,1.341,0.7431736205781599,1.4988972903489042,0.10222845717858245,0.4774398232533458,0.744464673551108,0.47918338504595187,0.32556063090868237,0.11119576478788555,0.050150807946920395,0.0,267.2649115571714,0.9643789529800415,0.5187689661979675,0.7809142470359802,0.14074184000492096,0.7091999053955078,0.5564376711845398,0.5702540874481201,0.7592556476593018,0.9863168001174927,0.9919999996200204,0.7892334087212619
pronking,0,action_space,1.0,3.4000000953674316,0.0,0.5,1.0,0.10999999940395355,-1.0,0.2900000214576721,1.0,0.03999999910593033,rough_slope_trot_robustness,rough_slope,0.5,trotting,1000,0.7223483324050903,0.7223483324050903,0.4671245217323303,0.08474113047122955,0.072800412774086,0.23225930333137512,1.769294261932373,0.072800412774086,0.010043270885944366,0.3842403292655945,0.2149757742881775,0.5537826418876648,0.6448112726211548,0.2999213933944702,0.2065473198890686,0.23225930333137512,0.10236053913831711,0.005979562643915415,0.0017573360819369555,0.3104044795036316,0.014612286351621151,130.1048583984375,92.81501770019531,33.692420959472656,36.88157272338867,386.1044616699219,0.043973200023174286,0.05241667106747627,0.8154351711273193,2.5680088996887207,1.3400001525878906,0.009342487901449203,0.01000003982335329,3.395066261291504,0.5,0.10962928831577301,0.2904947102069855,0.03950536623597145,0.941483736038208,0.6248077750205994,0.8717535734176636,0.714556872844696,0.4985862374305725,0.7778016924858093,0.3118561804294586,0.2640899419784546,0.8960608243942261,0.6205612421035767,0.8703618049621582,0.9930827617645264,0.9865555763244629,0.048818305134773254,0.07905411720275879,1.0,0.00800000037997961,0.003000000026077032,0.004999999888241291,1.34,0.6085337169134795,1.3843498363671036,0.10021612088852953,0.4636548007819799,0.8030014150804187,0.4544747736553357,0.3199383364623832,0.0879596425973433,0.04671243950724602,0.0032877596095204353,278.5228613474281,0.9716843962669373,0.5830724239349365,0.8566396236419678,0.1394345909357071,0.7465850710868835,0.5375094413757324,0.619336724281311,0.7694469094276428,0.9865555763244629,0.9950000001117587,0.8147095335451398
pronking,0,action_space,1.0,3.4000000953674316,0.0,0.5,1.0,0.10999999940395355,0.0,0.33000001311302185,-1.0,-0.03999999910593033,rough_slope_trot_robustness,rough_slope,0.5,trotting,1000,0.7067266702651978,0.7067266702651978,0.4856318235397339,0.08835257589817047,0.06979702413082123,0.2520032525062561,2.202892780303955,0.06979702413082123,0.010518399998545647,0.39286530017852783,0.22446855902671814,0.49517738819122314,0.5683573484420776,0.31624382734298706,0.20998835563659668,0.2520032525062561,0.1027546375989914,0.017145544290542603,0.0015370373148471117,0.30159011483192444,0.018979482352733612,129.2977294921875,89.26783752441406,34.675132751464844,37.44386291503906,419.6898498535156,0.0427827462553978,0.06199999898672104,0.8968240022659302,2.741036891937256,1.346000075340271,0.009712636470794678,0.01000003982335329,3.3952112197875977,0.5,0.10964016616344452,0.33000147342681885,-0.03951990604400635,0.9369726181030273,0.5846524834632874,0.7135353684425354,0.6985012292861938,0.5625582933425903,0.7490423917770386,0.23111999034881592,0.2613586187362671,0.8931746482849121,0.6302938461303711,0.8704980611801147,0.9930827617645264,0.987837553024292,0.10013051331043243,0.12720003724098206,1.0,0.00800000037997961,0.0020000000949949026,0.006000000052154064,1.346,0.6662882426518388,1.4270358677433326,0.10255925116022273,0.4737811298761466,0.7538947860557716,0.4582448642773825,0.32055364231122285,0.13668424051583164,0.04856318235397339,0.0014370167627930641,266.246409779627,0.9692577719688416,0.5299056172370911,0.6882166266441345,0.08952291309833527,0.6841421127319336,0.5470690727233887,0.6010315418243408,0.7334469556808472,0.987837553024292,0.9939999999478459,0.7659559399379712
pronking,0,action_space,1.0,3.4000000953674316,0.0,0.5,1.0,0.10999999940395355,0.0,0.33000001311302185,0.0,0.0,rough_slope_trot_robustness,rough_slope,0.5,trotting,1000,0.736679196357727,0.736679196357727,0.5099453926086426,0.10684863477945328,0.07007567584514618,0.23819883167743683,1.477102518081665,0.07007567584514618,0.008758953772485256,0.3876191973686218,0.22661644220352173,0.5213299989700317,0.6301133632659912,0.35809189081192017,0.2637348771095276,0.23819883167743683,0.10527332872152328,0.015470992773771286,0.001963946735486388,0.3133908808231354,0.014483421109616756,132.25625610351562,89.34363555908203,33.3240966796875,36.68281555175781,425.1492004394531,0.04519929736852646,0.06050000712275505,0.8601471185684204,2.757735013961792,1.3250000476837158,0.01019890233874321,0.01000003982335329,3.3940134048461914,0.5,0.109550341963768,0.33000147342681885,0.0,0.9192781448364258,0.6194519996643066,0.741296648979187,0.6596895456314087,0.514565110206604,0.7733279466629028,0.4175102710723877,0.26534801721572876,0.8897074460983276,0.6194227933883667,0.8693751096725464,0.991353452205658,0.9864065647125244,0.21479372680187225,0.24446886777877808,1.0,0.010000000707805157,0.0,0.010000000707805157,1.325,0.6491676186615566,1.4426743675474039,0.09358928235906747,0.47604247941073674,0.7937968022523089,0.5135512409774974,0.3244585161796856,0.1320414310330575,0.05099451169371605,0.0,259.3537622272737,0.955360472202301,0.5670052170753479,0.7056056261062622,0.19161221385002136,0.7485117316246033,0.5343085527420044,0.5943259596824646,0.7389684319496155,0.9864065647125244,0.9899999992921948,0.7838186539807602
pronking,0,action_space,1.0,3.4000000953674316,0.0,0.5,1.0,0.10999999940395355,0.0,0.33000001311302185,1.0,0.03999999910593033,rough_slope_trot_robustness,rough_slope,0.5,trotting,1000,0.72743159532547,0.72743159532547,0.500363826751709,0.0987473875284195,0.07607431709766388,0.2325887233018875,1.6911427974700928,0.07607431709766388,0.011920376680791378,0.39293935894966125,0.23118314146995544,0.5118361115455627,0.6034355163574219,0.3274710178375244,0.23577478528022766,0.2325887233018875,0.0932082086801529,0.009332388639450073,0.0020772176794707775,0.32083988189697266,0.011459141038358212,131.72853088378906,85.97581481933594,35.208106994628906,38.31602478027344,463.9169616699219,0.043154992163181305,0.060583338141441345,0.9292351007461548,2.9825692176818848,1.3240001201629639,0.010007274337112904,0.01000003982335329,3.3940138816833496,0.5,0.10955037921667099,0.33000147342681885,0.03940015658736229,0.9237496852874756,0.6188080310821533,0.8233543634414673,0.6876958608627319,0.5238882303237915,0.7742351293563843,0.3656054735183716,0.2630847692489624,0.8861575126647949,0.6199648976325989,0.869375467300415,0.991353452205658,0.9847970008850098,0.10248023271560669,0.136297345161438,1.0,0.010000000707805157,0.003000000026077032,0.007000000216066837,1.324,0.7018392050014162,1.5008982324834992,0.10918047756257242,0.4808150803270998,0.7768111201298691,0.48556645814988875,0.3053001943663857,0.10681575875740831,0.05003637168556452,0.0,263.26549570729765,0.9617466926574707,0.5821802616119385,0.7959713339805603,0.14521348476409912,0.7951831221580505,0.5264074206352234,0.5693989992141724,0.7386606335639954,0.9847970008850098,0.9929999997839332,0.8035729548550751
pronking,0,action_space,1.0,3.4000000953674316,0.0,0.5,1.0,0.10999999940395355,1.0,0.3700000047683716,-1.0,-0.03999999910593033,rough_slope_trot_robustness,rough_slope,0.5,trotting,1000,0.7144255042076111,0.7144255042076111,0.5146721601486206,0.11859215050935745,0.07268011569976807,0.25178441405296326,1.1861997842788696,0.07268011569976807,0.012210626155138016,0.39285552501678467,0.22654540836811066,0.4611717462539673,0.4640921950340271,0.362302303314209,0.25046780705451965,0.25178441405296326,0.10573452711105347,0.021219532936811447,0.0014858569484204054,0.3178755044937134,0.012658615596592426,135.20919799804688,90.87680053710938,33.908775329589844,37.07344055175781,310.5807189941406,0.044197678565979004,0.05908333882689476,0.930214524269104,2.921928882598877,1.3370001316070557,0.010293446481227875,0.01000003982335329,3.394012928009033,0.5,0.10955032706260681,0.3693995475769043,-0.03940004110336304,0.9057685136795044,0.5802229642868042,0.6762872934341431,0.6462810039520264,0.5617903470993042,0.7448728084564209,0.5151015520095825,0.26197364926338196,0.8867440819740295,0.6201014518737793,0.8693746328353882,0.9913535118103027,0.9833260774612427,0.050684936344623566,0.08637607097625732,1.0,0.010000000707805157,0.0020000000949949026,0.00800000037997961,1.337,0.6957475523852374,1.4783222188010883,0.1105017020463396,0.47596786484815407,0.6812431247609234,0.5004675884155932,0.32516845958833934,0.15068307763392627,0.051467232406139374,0.0,262.7093681519569,0.9452967643737793,0.5304901003837585,0.6350142955780029,0.23921027779579163,0.7763341069221497,0.5295376777648926,0.5790542364120483,0.7442213892936707,0.9833260774612427,0.9919999996200204,0.7756954034006126
pronking,0,action_space,1.0,3.4000000953674316,0.0,0.5,1.0,0.10999999940395355,1.0,0.3700000047683716,0.0,0.0,rough_slope_trot_robustness,rough_slope,0.5,trotting,1000,0.7344187498092651,0.7344187498092651,0.4706214666366577,0.08966667950153351,0.06745079904794693,0.25144776701927185,1.5729389190673828,0.06745079904794693,0.008055318146944046,0.39001989364624023,0.22390228509902954,0.4596862494945526,0.433589905500412,0.33627963066101074,0.24439579248428345,0.25144776701927185,0.10638825595378876,0.010763317346572876,0.001523100771009922,0.3305242657661438,0.017907239496707916,130.8883056640625,90.32035827636719,34.22826385498047,37.5776481628418,375.2224426269531,0.04250087961554527,0.05950000137090683,0.8952887654304504,2.8769938945770264,1.3270001411437988,0.009412422776222229,0.01000003982335329,3.3941431045532227,0.5,0.1095600575208664,0.36941230297088623,0.0,0.9330017566680908,0.591346025466919,0.8007616996765137,0.6812059879302979,0.5713777542114258,0.7547694444656372,0.427543044090271,0.26190704107284546,0.8936061263084412,0.612425684928894,0.8694965839385986,0.9913533926010132,0.9848732948303223,0.10231634229421616,0.13447023928165436,0.9998000264167786,0.009999999776482582,0.0020000000949949026,0.00800000037997961,1.327,0.6746712104665128,1.4724277386766826,0.0897514242056584,0.47318314118217436,0.6584754403168064,0.49436402830736326,0.3261721262673878,0.11084411629663884,0.047062113881111145,0.0029380852356553078,278.11800978707697,0.9683511853218079,0.531389594078064,0.7821346521377563,0.17656870186328888,0.6989718675613403,0.5163096785545349,0.5815775990486145,0.7426725625991821,0.9848732948303223,0.9919999996200204,0.7935854920529221
pronking,0,action_space,1.0,3.4000000953674316,0.0,0.5,1.0,0.10999999940395355,1.0,0.3700000047683716,1.0,0.03999999910593033,rough_slope_trot_robustness,rough_slope,0.5,trotting,1000,0.724063515663147,0.724063515663147,0.5076220035552979,0.0860849916934967,0.0686531662940979,0.2585598826408386,1.8133065700531006,0.0686531662940979,0.008762640878558159,0.39479073882102966,0.22664421796798706,0.4647415280342102,0.48042088747024536,0.30780029296875,0.181402787566185,0.2585598826408386,0.11863251030445099,0.007117469795048237,0.001795696560293436,0.3070387840270996,0.01741925999522209,131.67404174804688,87.08370208740234,34.40489959716797,37.99834060668945,401.5255126953125,0.04630352556705475,0.052500005811452866,0.9300192594528198,2.885838031768799,1.340000033378601,0.010152436792850494,0.01000003982335329,3.3951945304870605,0.5,0.10963892936706543,0.3695174753665924,0.03951820731163025,0.9378780722618103,0.5858871340751648,0.8551117777824402,0.6985205411911011,0.5799108743667603,0.7455835938453674,0.3033842444419861,0.25877633690834045,0.8920045495033264,0.628896951675415,0.870482325553894,0.9930828213691711,0.9866591691970825,0.04871281236410141,0.07734985649585724,1.0,0.00800000037997961,0.0020000000949949026,0.006000000052154064,1.34,0.6940441530142257,1.4675184380913446,0.09360897862148779,0.4760716521365109,0.6931240058389591,0.4259140612449711,0.3444307046481933,0.09440956707527937,0.05076218396425247,0.0,259.3938813247345,0.9707925319671631,0.5124602317810059,0.8367220759391785,0.13689249753952026,0.7058269381523132,0.5411398410797119,0.5836798548698425,0.7691263556480408,0.9866591691970825,0.9939999999478459,0.8023277019689742
trotting,1,action_space,-1.0,2.5999999046325684,0.0,0.5,-1.0,0.04999999701976776,-1.0,0.2900000214576721,-1.0,-0.03999999910593033,rough_slope_trot_robustness,rough_slope,0.5,trotting,1000,0.7064154744148254,0.7064154744148254,0.46941131353378296,0.0872069001197815,0.08589424192905426,0.17711809277534485,1.6212114095687866,0.08589424192905426,0.01425608154386282,0.12480275332927704,0.06601239740848541,0.5623286366462708,0.6086426377296448,0.40295279026031494,0.2952130436897278,0.17711809277534485,0.061117105185985565,0.01968831568956375,0.002258875174447894,0.28932106494903564,0.014025973156094551,75.16107177734375,45.67603302001953,33.661521911621094,64.39024353027344,301.8534851074219,0.06860649585723877,0.08733333647251129,0.4267303943634033,0.9522342681884766,1.027000069618225,0.009388227015733719,0.01000003982335329,2.606588363647461,0.5,0.05049476772546768,0.2906598448753357,-0.03934022784233093,0.9330107569694519,0.7210574746131897,0.7019188404083252,0.5898063778877258,0.4747993052005768,0.8440388441085815,0.3790322542190552,0.7916659116744995,0.8795256614685059,0.5715810656547546,0.13118623197078705,1.0,0.984280526638031,0.05167602002620697,0.09092956781387329,1.0,0.010999999940395355,0.003000000026077032,0.00800000037997961,1.027,0.4155115649437835,0.9629121750171146,0.11939883393007998,0.25692877886388166,0.7801555215017354,0.5433351117770024,0.2472187395526188,0.14814584322218308,0.046941135078668594,0.0030590640380978584,160.1177253516164,0.9700378775596619,0.730732262134552,0.6447170376777649,0.14862437546253204,0.7553912401199341,0.5606591701507568,0.7931047677993774,0.6461867690086365,0.984280526638031,0.9919999996200204,0.7852614289149642
trotting,1,action_space,-1.0,2.5999999046325684,0.0,0.5,-1.0,0.04999999701976776,-1.0,0.2900000214576721,0.0,0.0,rough_slope_trot_robustness,rough_slope,0.5,trotting,1000,0.7226318120956421,0.7226318120956421,0.47691580653190613,0.08573947846889496,0.08695574104785919,0.1815093457698822,1.5690150260925293,0.08695574104785919,0.0141733568161726,0.12108471989631653,0.06257414817810059,0.5556145906448364,0.5685982704162598,0.41101324558258057,0.29067254066467285,0.1815093457698822,0.06829427182674408,0.011832372285425663,0.0019622868858277798,0.29370588064193726,0.012291311286389828,78.07599639892578,46.4786376953125,33.93419647216797,63.57006072998047,262.2439270019531,0.06917934864759445,0.08500000834465027,0.41542306542396545,0.9064409136772156,1.0250000953674316,0.009538315236568451,0.01000003982335329,2.6065433025360107,0.5,0.050491370260715485,0.2906551957130432,0.0,0.935555100440979,0.7223591804504395,0.7915284037590027,0.5906610488891602,0.469224214553833,0.8480167388916016,0.36413514614105225,0.7945101261138916,0.8730168342590332,0.5722446441650391,0.131143718957901,1.0,0.9870279431343079,0.10360336303710938,0.140377014875412,1.0,0.010999999940395355,0.003000000026077032,0.00800000037997961,1.025,0.4052907655297256,0.9403895699920579,0.11905190807447229,0.25014825239865374,0.7540545540053848,0.539140557428833,0.2613317275547385,0.11745066696810812,0.047691576182842255,0.002308622933924198,163.71023004393214,0.9710230827331543,0.7193146347999573,0.7588939666748047,0.15684735774993896,0.7820581197738647,0.5557639002799988,0.8016500473022461,0.6537697315216064,0.9870279431343079,0.9919999996200204,0.8129662536574822
trotting,1,action_space,-1.0,2.5999999046325684,0.0,0.5,-1.0,0.04999999701976776,-1.0,0.2900000214576721,1.0,0.03999999910593033,rough_slope_trot_robustness,rough_slope,0.5,trotting,1000,0.7334141135215759,0.7334141135215759,0.48902904987335205,0.09063265472650528,0.08320595324039459,0.175490602850914,1.4996860027313232,0.08320595324039459,0.012671740725636482,0.11966311931610107,0.052529409527778625,0.53668212890625,0.5035525560379028,0.413826048374176,0.28748029470443726,0.175490602850914,0.05374263972043991,0.0059608048759400845,0.0017574743833392859,0.2740074396133423,0.015929896384477615,78.13716125488281,47.972015380859375,34.00532531738281,64.89039611816406,228.17503356933594,0.0691082626581192,0.06933333724737167,0.41097840666770935,0.8543660640716553,1.0320000648498535,0.009780582040548325,0.01000003982335329,2.605989933013916,0.5,0.050449877977371216,0.2905998229980469,0.039400093257427216,0.9342281222343445,0.7287786602973938,0.8722372055053711,0.5806302428245544,0.4958926737308502,0.8546943664550781,0.4244029223918915,0.7883187532424927,0.8851402401924133,0.5912715196609497,0.1306249499320984,1.0,0.985709547996521,0.050684623420238495,0.0863742008805275,1.0,0.010000000707805157,0.0,0.010000000707805157,1.032,0.39823487747547237,0.9098758150616936,0.11256882661570423,0.2291929526136845,0.7096143713580657,0.5361718891404483,0.2318245882568109,0.08785373787881406,0.04890291020274162,0.0010972889140248299,159.78020380408617,0.9676768183708191,0.7349377274513245,0.8569586873054504,0.17323248088359833,0.7271679043769836,0.5780962705612183,0.8130452632904053,0.7070409655570984,0.985709547996521,0.9899999992921948,0.8262543188604086
trotting,1,action_space,-1.0,2.5999999046325684,0.0,0.5,-1.0,0.04999999701976776,0.0,0.33000001311302185,-1.0,-0.03999999910593033,rough_slope_trot_robustness,rough_slope,0.5,trotting,1000,0.7145686149597168,0.7145686149597168,0.45822474360466003,0.10838094353675842,0.08546996116638184,0.19321101903915405,1.4655647277832031,0.08546996116638184,0.01386331021785736,0.11651502549648285,0.049963317811489105,0.5040206909179688,0.46055108308792114,0.44280755519866943,0.3414791226387024,0.19321101903915405,0.07827277481555939,0.01925494521856308,0.0017068462911993265,0.2951143980026245,0.01407712884247303,79.23109436035156,49.08427047729492,33.927032470703125,63.603660583496094,163.6424560546875,0.07013358175754547,0.06866667419672012,0.44435030221939087,0.9258177876472473,1.0250000953674316,0.009164496324956417,0.01000003982335329,2.6055192947387695,0.5,0.05041459947824478,0.33000147342681885,-0.03944713622331619,0.9162804484367371,0.7048794031143188,0.7085676193237305,0.55535888671875,0.5020755529403687,0.8348557949066162,0.3820328116416931,0.7958370447158813,0.8810065984725952,0.5708829760551453,0.13018395006656647,1.0,0.9893019199371338,0.10146885365247726,0.13357289135456085,1.0,0.009000000543892384,0.0010000000474974513,0.00800000037997961,1.025,0.4335124690358232,0.9503877252550923,0.11774255907639072,0.22352475883330936,0.6786391405510893,0.5843621502447797,0.2797727199273714,0.1447818756259305,0.045822481624782085,0.004177717491984367,172.9088083220345,0.954101026058197,0.6884552240371704,0.6575490832328796,0.17502421140670776,0.754618763923645,0.5542004704475403,0.7978703379631042,0.7094016671180725,0.9893019199371338,0.9919999996200204,0.7870103648716683
trotting,1,action_space,-1.0,2.5999999046325684,0.0,0.5,-1.0,0.04999999701976776,0.0,0.33000001311302185,0.0,0.0,rough_slope_trot_robustness,rough_slope,0.5,trotting,1000,0.7267698049545288,0.7267698049545288,0.4865965247154236,0.09703607857227325,0.09726046025753021,0.19096346199512482,1.5984567403793335,0.09726046025753021,0.016446389257907867,0.1305771768093109,0.056369274854660034,0.5566506385803223,0.5518931150436401,0.4236735701560974,0.2904413938522339,0.19096346199512482,0.06716428697109222,0.0161758940666914,0.0021273710299283266,0.2742712199687958,0.015555386431515217,84.02059173583984,49.63553237915039,33.832313537597656,64.99357604980469,388.1292724609375,0.07424682378768921,0.07350000739097595,0.4189271330833435,0.9154375791549683,1.0280001163482666,0.009731926023960114,0.01000003982335329,2.605436325073242,0.5,0.05040834844112396,0.33000147342681885,0.0,0.9222314953804016,0.6914095878601074,0.7505688667297363,0.5545343160629272,0.4714328646659851,0.8289604187011719,0.3597892224788666,0.7559376955032349,0.8431131839752197,0.5944721698760986,0.13010621070861816,1.0,0.9921271800994873,0.21358180046081543,0.24081751704216003,1.0,0.009000000543892384,0.0010000000474974513,0.00800000037997961,1.028,0.4075166576103478,0.9436648794298009,0.12824347647310513,0.23742214482785728,0.7428950902002517,0.538926148792424,0.25916073578204746,0.13528956019079863,0.04865963011980057,0.0013405689969658852,172.66993796344443,0.9630364775657654,0.6944254636764526,0.6934575438499451,0.14552833139896393,0.732634961605072,0.5777913331985474,0.8004142642021179,0.6924632787704468,0.9921271800994873,0.9919999996200204,0.7903837807182419
trotting,1,action_space,-1.0,2.5999999046325684,0.0,0.5,-1.0,0.04999999701976776,0.0,0.33000001311302185,1.0,0.03999999910593033,rough_slope_trot_robustness,rough_slope,0.5,trotting,1000,0.7255747318267822,0.7255747318267822,0.4817611575126648,0.09199458360671997,0.08661606907844543,0.18677714467048645,1.554385781288147,0.08661606907844543,0.013666091486811638,0.12597526609897614,0.06250719726085663,0.5509302616119385,0.5502383708953857,0.440691739320755,0.33450573682785034,0.18677714467048645,0.06771977245807648,0.007331457920372486,0.00181022088509053,0.2849162220954895,0.0163937546312809,79.72261810302734,48.095802307128906,33.89811325073242,64.26030731201172,341.8994140625,0.07029299437999725,0.07850001007318497,0.4430745840072632,0.944882869720459,1.0250000953674316,0.00963522121310234,0.01000003982335329,2.605989694595337,0.5,0.050449881702661514,0.33000147342681885,0.039400093257427216,0.9310976266860962,0.7030184268951416,0.8616006374359131,0.5566058158874512,0.4900001883506775,0.8355722427368164,0.37985336780548096,0.784335732460022,0.8137980699539185,0.5779823660850525,0.13062496483325958,1.0,0.9881981015205383,0.10248072445392609,0.13630083203315735,1.0,0.009000000543892384,0.003000000026077032,0.006000000052154064,1.025,0.4322678282202744,0.9601233724078914,0.1169020593779752,0.2500143941073326,0.7417805409252697,0.57836470918258,0.260230229716066,0.09561212687448709,0.048176106065511703,0.0018240930512547493,165.4816227083055,0.9667145609855652,0.7054939866065979,0.8329067826271057,0.16078171133995056,0.7204530239105225,0.5656201839447021,0.7941688299179077,0.6753663420677185,0.9881981015205383,0.9939999999478459,0.8188959462568164
trotting,1,action_space,-1.0,2.5999999046325684,0.0,0.5,-1.0,0.04999999701976776,1.0,0.3700000047683716,-1.0,-0.03999999910593033,rough_slope_trot_robustness,rough_slope,0.5,trotting,1000,0.698177695274353,0.698177695274353,0.46162545680999756,0.09408572316169739,0.08819231390953064,0.20737268030643463,1.5379966497421265,0.08819231390953064,0.01409890130162239,0.12586337327957153,0.05750715732574463,0.5253120064735413,0.47363489866256714,0.46673205494880676,0.3606390357017517,0.20737268030643463,0.08545172214508057,0.020598338916897774,0.0019669928587973118,0.30525240302085876,0.018381908535957336,79.98162841796875,48.71076965332031,34.318599700927734,64.63417053222656,259.0182800292969,0.07074949890375137,0.06358332931995392,0.463889479637146,1.0141302347183228,1.0290000438690186,0.00923251174390316,0.01000003982335329,2.605989933013916,0.5,0.050449877977371216,0.3693994879722595,-0.039400093257427216,0.9283756613731384,0.6640939712524414,0.6875908970832825,0.5198012590408325,0.4898856282234192,0.8081609010696411,0.42455318570137024,0.7825242877006531,0.8069737553596497,0.5590630769729614,0.13062496483325958,1.0,0.985709547996521,0.0506846159696579,0.0863741785287857,1.0,0.010000000707805157,0.005000000353902578,0.005000000353902578,1.029,0.45081580693103135,0.9927483364195733,0.11873879442550522,0.23980649975708462,0.6882113764408193,0.6005322936376958,0.2923212652974131,0.15021761473174539,0.0461625587195158,0.0038376403972506523,173.26087033993176,0.965211033821106,0.6504867672920227,0.6367955207824707,0.16202986240386963,0.692367672920227,0.5430766344070435,0.7816194295883179,0.7276634573936462,0.985709547996521,0.9949999996460974,0.775707160392286
trotting,1,action_space,-1.0,2.5999999046325684,0.0,0.5,-1.0,0.04999999701976776,1.0,0.3700000047683716,0.0,0.0,rough_slope_trot_robustness,rough_slope,0.5,trotting,1000,0.7251008749008179,0.7251008749008179,0.47345370054244995,0.08534090220928192,0.08674702048301697,0.21998997032642365,1.3299813270568848,0.08674702048301697,0.014104852452874184,0.1235857903957367,0.05160241201519966,0.49879008531570435,0.4546782970428467,0.40454787015914917,0.26922279596328735,0.21998997032642365,0.08586929738521576,0.009158061817288399,0.0017745319055393338,0.2772600054740906,0.015602338127791882,79.45748901367188,48.233680725097656,34.29438018798828,65.39781951904297,210.3894805908203,0.07117398083209991,0.06983333826065063,0.39062172174453735,0.7888957262039185,1.0299999713897705,0.009469076059758663,0.01000003982335329,2.60538911819458,0.5,0.050404880195856094,0.36945950984954834,0.0,0.9391084313392639,0.6423271894454956,0.8246074318885803,0.5792273283004761,0.5031026601791382,0.7929151058197021,0.4318998157978058,0.7726528644561768,0.8149245977401733,0.5875587463378906,0.13006246089935303,1.0,0.9893783330917358,0.10130439698696136,0.1317424476146698,1.0,0.00800000037997961,0.0020000000949949026,0.006000000052154064,1.03,0.3792443729141384,0.8751674624121183,0.1187638516252912,0.22716164292239052,0.6742983738990083,0.518866838373091,0.2930346351290505,0.1045590441943103,0.047345380298793316,0.002654818817973137,167.8252570898381,0.9712879657745361,0.6163403987884521,0.8036014437675476,0.1994725912809372,0.7319473028182983,0.5743478536605835,0.8257365226745605,0.7052755355834961,0.9893783330917358,0.9939999999478459,0.8218571238317772
trotting,1,action_space,-1.0,2.5999999046325684,0.0,0.5,-1.0,0.04999999701976776,1.0,0.3700000047683716,1.0,0.03999999910593033,rough_slope_trot_robustness,rough_slope,0.5,trotting,1000,0.709633469581604,0.709633469581604,0.47111785411834717,0.09750127047300339,0.10027460753917694,0.20096468925476074,1.6619768142700195,0.10027460753917694,0.017021041363477707,0.13266819715499878,0.05604542791843414,0.5234110355377197,0.48003119230270386,0.4181251525878906,0.28410661220550537,0.20096468925476074,0.06934051215648651,0.008181407116353512,0.0021674816962331533,0.2716786861419678,0.017143167555332184,84.08808135986328,48.70660400390625,33.80725860595703,63.87593078613281,161.803466796875,0.07303208112716675,0.07341667264699936,0.407542884349823,0.8130890130996704,1.0329999923706055,0.009422359988093376,0.01000003982335329,2.60538911819458,0.5,0.050404857844114304,0.3694595694541931,0.03946011886000633,0.9242721796035767,0.6729211211204529,0.8385367393493652,0.5688899755477905,0.4917881488800049,0.8163841962814331,0.34277477860450745,0.7462199926376343,0.8067539930343628,0.5951668620109558,0.13006246089935303,1.0,0.9871386289596558,0.04969237372279167,0.08181284368038177,1.0,0.009000000543892384,0.0020000000949949026,0.007000000216066837,1.033,0.3945235689057962,0.8871945784312945,0.13046471309698154,0.236739155862384,0.6928428337673009,0.5330165215127064,0.26332586685794185,0.10172948841209546,0.04711179994046688,0.002888399176299572,178.4862972710432,0.9626879096031189,0.6677322387695312,0.8130377531051636,0.1350111961364746,0.7097352147102356,0.5807950496673584,0.8213725090026855,0.6927518844604492,0.9871386289596558,0.9929999997839332,0.8114243806094715
trotting,1,action_space,-1.0,2.5999999046325684,0.0,0.5,0.0,0.07999999821186066,-1.0,0.2900000214576721,-1.0,-0.03999999910593033,rough_slope_trot_robustness,rough_slope,0.5,trotting,1000,0.7087477445602417,0.7087477445602417,0.4627170264720917,0.08922341465950012,0.07758329063653946,0.16691796481609344,1.553696870803833,0.07758329063653946,0.011179890483617783,0.10795116424560547,0.04903099685907364,0.5468775033950806,0.5250727534294128,0.38698333501815796,0.2539173364639282,0.16691796481609344,0.05380548909306526,0.01673932373523712,0.0016565407859161496,0.30862149596214294,0.015124684199690819,79.67839050292969,50.94175720214844,34.04897689819336,65.61271667480469,462.2430725097656,0.07520841062068939,0.07800000160932541,0.5021733045578003,1.2106480598449707,1.0280001163482666,0.009254343807697296,0.01000003982335329,2.605989933013916,0.5,0.08000031858682632,0.290600061416626,-0.039400093257427216,0.9350355863571167,0.7428061366081238,0.7233957052230835,0.5947940945625305,0.47936370968818665,0.86139976978302,0.36293351650238037,0.8237440586090088,0.8197250962257385,0.5526254177093506,0.5,1.0,0.9881981015205383,0.10248073935508728,0.13630080223083496,1.0,0.010000000707805157,0.003000000026077032,0.007000000216066837,1.028,0.48849537771499574,1.085206479133289,0.10573500122295258,0.22142943991049077,0.7246190402062402,0.5039021100014647,0.23196010237337208,0.1356313552286243,0.04627171903848648,0.003728480078279972,172.1967983551939,0.9686583876609802,0.7568303942680359,0.6921744346618652,0.1690949946641922,0.7389731407165527,0.5394296050071716,0.7449648380279541,0.6770568490028381,0.9881981015205383,0.9929999997839332,0.7913918822121463
trotting,1,action_space,-1.0,2.5999999046325684,0.0,0.5,0.0,0.07999999821186066,-1.0,0.2900000214576721,0.0,0.0,rough_slope_trot_robustness,rough_slope,0.5,trotting,1000,0.7436468005180359,0.7436468005180359,0.4824221432209015,0.08782956004142761,0.0916936844587326,0.16445504128932953,1.3601099252700806,0.0916936844587326,0.014282960444688797,0.1209186315536499,0.052333034574985504,0.5451313257217407,0.5501777529716492,0.40152549743652344,0.28864628076553345,0.16445504128932953,0.05204464867711067,0.008932862430810928,0.001719497493468225,0.2787405848503113,0.01771583966910839,89.85687255859375,60.78499221801758,33.68788146972656,66.0025634765625,565.997314453125,0.08054132759571075,0.059666670858860016,0.5083112716674805,1.2367799282073975,1.027999997138977,0.009648440405726433,0.01000003982335329,2.605989694595337,0.5,0.08000031858682632,0.29059988260269165,0.0,0.933441698551178,0.7461995482444763,0.8312383890151978,0.5989410877227783,0.484913170337677,0.865757405757904,0.42863020300865173,0.7874674797058105,0.8198226094245911,0.5864740610122681,0.5,1.0,0.9912598133087158,0.21479371190071106,0.24446886777877808,1.0,0.009000000543892384,0.004000000189989805,0.004999999888241291,1.028,0.49446616562424,1.0968560958336664,0.1195113402346773,0.22876414617458196,0.7417396800573967,0.5372581137270367,0.22813296271497172,0.103210270439909,0.048242202028632164,0.0017579970881342888,186.26191567132983,0.9696150422096252,0.7630325555801392,0.8081179857254028,0.19286416471004486,0.7016526460647583,0.5726496577262878,0.740245521068573,0.7420539259910583,0.9912598133087158,0.9950000001117587,0.8123093148889511
trotting,1,action_space,-1.0,2.5999999046325684,0.0,0.5,0.0,0.07999999821186066,-1.0,0.2900000214576721,1.0,0.03999999910593033,rough_slope_trot_robustness,rough_slope,0.5,trotting,1000,0.7337887287139893,0.7337887287139893,0.48600608110427856,0.08197008818387985,0.07962701469659805,0.1736958771944046,1.4127737283706665,0.07962701469659805,0.01188004668802023,0.11881047487258911,0.05898769944906235,0.5400267839431763,0.5219964981079102,0.3881269097328186,0.25357961654663086,0.1736958771944046,0.07169430702924728,0.005700260400772095,0.0016651505138725042,0.2966185212135315,0.01882653683423996,83.41596984863281,53.827720642089844,34.064720153808594,65.15137481689453,537.233642578125,0.0757349506020546,0.06041667237877846,0.43378567695617676,0.9873834252357483,1.027999997138977,0.009720118716359138,0.01000003982335329,2.60603666305542,0.5,0.08000031858682632,0.29060471057891846,0.03939542919397354,0.9427489638328552,0.7423622608184814,0.8771523833274841,0.5984557271003723,0.4704998731613159,0.861485481262207,0.44475024938583374,0.799062967300415,0.8151742219924927,0.5665127038955688,0.5,1.0,0.9881880283355713,0.10253442823886871,0.13678285479545593,1.0,0.010000000707805157,0.0020000000949949026,0.00800000037997961,1.028,0.42197047133390075,0.9800457698215425,0.10899562692154319,0.24287383442656466,0.7224932512542316,0.5035668938151424,0.2677579261744595,0.08582197221367381,0.04860059358179569,0.0013996055349707603,171.6356504410382,0.9734815955162048,0.7395579814910889,0.8630279302597046,0.19197797775268555,0.6862380504608154,0.5525358319282532,0.7865315675735474,0.7392764091491699,0.9881880283355713,0.9919999996200204,0.8241967082905927
trotting,1,action_space,-1.0,2.5999999046325684,0.0,0.5,0.0,0.07999999821186066,0.0,0.33000001311302185,-1.0,-0.03999999910593033,rough_slope_trot_robustness,rough_slope,0.5,trotting,1000,0.7277302742004395,0.7277302742004395,0.46074801683425903,0.09933286905288696,0.08223573863506317,0.17415624856948853,1.5653921365737915,0.08223573863506317,0.011847857385873795,0.11687348783016205,0.05223069339990616,0.4958307147026062,0.41022899746894836,0.4217802584171295,0.2994611859321594,0.17415624856948853,0.054210446774959564,0.016351433470845222,0.0015749589074403048,0.29997819662094116,0.013428619131445885,86.60568237304688,57.00196838378906,34.123504638671875,66.05548858642578,331.66357421875,0.07770898193120956,0.06416667252779007,0.4791375994682312,1.1203690767288208,1.0280001163482666,0.009214959107339382,0.01000003982335329,2.6054177284240723,0.5,0.08000031858682632,0.33000147342681885,-0.0394572950899601,0.927001953125,0.7225151062011719,0.7338773012161255,0.5704854726791382,0.5076878070831299,0.8494706153869629,0.3731763958930969,0.7964100241661072,0.8229921460151672,0.5667370557785034,0.5,1.0,0.9921314716339111,0.21355009078979492,0.24055150151252747,1.0,0.009000000543892384,0.0010000000474974513,0.00800000037997961,1.028,0.46608713350407344,1.0439603109744038,0.10884786348786914,0.22854035398569364,0.640491215762518,0.5472304687534855,0.23283136982580238,0.1338894782209772,0.04607479553669691,0.003925403580069542,187.96756406702193,0.9613006711006165,0.7383745908737183,0.698704183101654,0.16491100192070007,0.764470100402832,0.5488355755805969,0.7615013718605042,0.7255441546440125,0.9921314716339111,0.9919999996200204,0.7946772460188521
trotting,1,action_space,-1.0,2.5999999046325684,0.0,0.5,0.0,0.07999999821186066,0.0,0.33000001311302185,0.0,0.0,rough_slope_trot_robustness,rough_slope,0.5,trotting,1000,0.7512164115905762,0.7512164115905762,0.4828612208366394,0.10244816541671753,0.10394057631492615,0.19395452737808228,1.8055078983306885,0.10394057631492615,0.019649416208267212,0.13563257455825806,0.05949896574020386,0.591614842414856,0.5768320560455322,0.44680315256118774,0.32322973012924194,0.19395452737808228,0.06873573362827301,0.015089297667145729,0.0023895627819001675,0.2899010181427002,0.017054621130228043,95.83299255371094,60.43096923828125,33.4818000793457,65.07174682617188,408.74432373046875,0.08128419518470764,0.06408333778381348,0.4710202217102051,1.1252824068069458,1.0260000228881836,0.009657224640250206,0.01000003982335329,2.6057350635528564,0.5,0.08000031858682632,0.33000147342681885,0.0,0.9159441590309143,0.6897706985473633,0.7495498657226562,0.5377634763717651,0.4552844762802124,0.8255735635757446,0.30132150650024414,0.7470851540565491,0.8137985467910767,0.5766523480415344,0.5,1.0,0.9954923391342163,0.4598810076713562,0.48120760917663574,1.0,0.009000000543892384,0.0010000000474974513,0.00800000037997961,1.026,0.4590840181644432,1.047266165628112,0.14017637535714503,0.2439240983179068,0.7594946056724381,0.56853296309822,0.26217500572761127,0.1322076414169994,0.04828612320125103,0.0017140759155154228,198.46901846386407,0.9588865637779236,0.6864762902259827,0.7049860954284668,0.1109698936343193,0.710993230342865,0.560009241104126,0.7601863741874695,0.725846529006958,0.9954923391342163,0.9919999996200204,0.7825443802009288
trotting,1,action_space,-1.0,2.5999999046325684,0.0,0.5,0.0,0.07999999821186066,0.0,0.33000001311302185,1.0,0.03999999910593033,rough_slope_trot_robustness,rough_slope,0.5,trotting,1000,0.7386634945869446,0.7386634945869446,0.47559654712677,0.08759760856628418,0.08848972618579865,0.1724560260772705,1.8322033882141113,0.08848972618579865,0.013657454401254654,0.12563173472881317,0.053435102105140686,0.5523765087127686,0.562505304813385,0.40737295150756836,0.30866146087646484,0.1724560260772705,0.059755414724349976,0.0064321598038077354,0.001699371263384819,0.29259729385375977,0.015316881239414215,88.11863708496094,56.54962158203125,33.672969818115234,64.9193115234375,182.9735870361328,0.07911907136440277,0.06833334267139435,0.4575565457344055,1.0587331056594849,1.0260000228881836,0.009511932730674744,0.01000003982335329,2.605989933013916,0.5,0.08000031858682632,0.33000147342681885,0.039400093257427216,0.9345654249191284,0.7297816872596741,0.8639432191848755,0.5850244164466858,0.48280608654022217,0.8534646034240723,0.32389265298843384,0.7723835706710815,0.8208162784576416,0.5709301233291626,0.5,1.0,0.9912598133087158,0.21479372680187225,0.24446886777877808,1.0,0.010000000707805157,0.003000000026077032,0.007000000216066837,1.026,0.4459615190591496,1.0158265891178215,0.1168651119935058,0.23116033852099432,0.7500035365339186,0.5555730922898128,0.24444920683927363,0.09017500245185776,0.04755966365337372,0.0024405354633927345,185.28022883537244,0.9697728753089905,0.7427388429641724,0.8499050736427307,0.12180273979902267,0.7361380457878113,0.5569974780082703,0.7726138234138489,0.7105849981307983,0.9912598133087158,0.9929999997839332,0.8192547282792236
trotting,1,action_space,-1.0,2.5999999046325684,0.0,0.5,0.0,0.07999999821186066,1.0,0.3700000047683716,-1.0,-0.03999999910593033,rough_slope_trot_robustness,rough_slope,0.5,trotting,1000,0.7020469903945923,0.7020469903945923,0.46875903010368347,0.09006381034851074,0.09706318378448486,0.20781350135803223,1.6492416858673096,0.09706318378448486,0.015798062086105347,0.13162535429000854,0.05652231723070145,0.5402623414993286,0.513795793056488,0.4396618604660034,0.3257770836353302,0.20781350135803223,0.07717926800251007,0.02003815770149231,0.001638341462239623,0.29505306482315063,0.01770375482738018,91.87618255615234,59.05207061767578,33.85154724121094,65.73568725585938,216.63336181640625,0.07751293480396271,0.08225000649690628,0.5071817636489868,1.2053605318069458,1.03000009059906,0.009375175461173058,0.01000003982335329,2.605989694595337,0.5,0.08000031858682632,0.36939942836761475,-0.039400093257427216,0.9310920238494873,0.664360761642456,0.696999192237854,0.546540379524231,0.49155980348587036,0.8081444501876831,0.3439455032348633,0.7605339288711548,0.8188234567642212,0.5701249837875366,0.5,1.0,0.9881981015205383,0.10248072445392609,0.13630086183547974,1.0,0.010000000707805157,0.003000000026077032,0.007000000216066837,1.03,0.492409448716247,1.0817822733906062,0.12569034205580534,0.23774422649288762,0.7167955029549837,0.5707688530704266,0.277811569238054,0.1472294099822856,0.04687587730586529,0.003124321810901165,195.99874702324243,0.9680747389793396,0.6492973566055298,0.6482168436050415,0.14012745022773743,0.7018222808837891,0.554268479347229,0.7463480234146118,0.6628211736679077,0.9881981015205383,0.9929999997839332,0.7747313220936217
trotting,1,action_space,-1.0,2.5999999046325684,0.0,0.5,0.0,0.07999999821186066,1.0,0.3700000047683716,0.0,0.0,rough_slope_trot_robustness,rough_slope,0.5,trotting,1000,0.7357494235038757,0.7357494235038757,0.47821080684661865,0.08554700016975403,0.08853662014007568,0.1948651671409607,1.2730669975280762,0.08853662014007568,0.013742944225668907,0.12791216373443604,0.0653710588812828,0.5505121946334839,0.49667927622795105,0.43130597472190857,0.2860167622566223,0.1948651671409607,0.06945584714412689,0.014100227504968643,0.0018601070623844862,0.3126593828201294,0.02280057780444622,87.13627624511719,54.00202941894531,34.04750442504883,65.08231353759766,603.0247802734375,0.08054408431053162,0.061500005424022675,0.500961184501648,1.1953363418579102,1.0290000438690186,0.009564222767949104,0.01000003982335329,2.605989933013916,0.5,0.08000031858682632,0.36939942836761475,0.0,0.9367824792861938,0.6955133080482483,0.7652279138565063,0.5467866659164429,0.4705613851547241,0.831938624382019,0.46746402978897095,0.7753016948699951,0.8148987293243408,0.5523993372917175,0.5,1.0,0.9912598133087158,0.21479372680187225,0.24446886777877808,1.0,0.010000000707805157,0.0020000000949949026,0.00800000037997961,1.029,0.4868427124616588,1.0777980404136862,0.11723030421213154,0.2556776464247174,0.7047547631821661,0.5348053498765905,0.2635447725608059,0.12633421772169695,0.04782111383974552,0.0021790852770209312,182.21310559605416,0.9711511731147766,0.6840499639511108,0.7267253398895264,0.21268866956233978,0.6338065266609192,0.5350908041000366,0.7479552030563354,0.735282838344574,0.9912598133087158,0.9919999996200204,0.7894862084894589
trotting,1,action_space,-1.0,2.5999999046325684,0.0,0.5,0.0,0.07999999821186066,1.0,0.3700000047683716,1.0,0.03999999910593033,rough_slope_trot_robustness,rough_slope,0.5,trotting,1000,0.7197973728179932,0.7197973728179932,0.46370771527290344,0.09542399644851685,0.09152424335479736,0.20702052116394043,1.769672155380249,0.09152424335479736,0.015211615711450577,0.13212500512599945,0.05828995630145073,0.5772120952606201,0.6749720573425293,0.4308953881263733,0.3336608409881592,0.20702052116394043,0.09681281447410583,0.006293782498687506,0.002038537058979273,0.29795676469802856,0.02390933781862259,87.12965393066406,54.35601806640625,33.860740661621094,64.92556762695312,498.6253356933594,0.07833246886730194,0.07508334517478943,0.5189013481140137,1.2177977561950684,1.0250000953674316,0.009274153038859367,0.01000003982335329,2.605989456176758,0.5,0.08000031858682632,0.36939966678619385,0.03940011188387871,0.925639808177948,0.6774818301200867,0.8681479096412659,0.5714362859725952,0.4763864278793335,0.8183795213699341,0.33398687839508057,0.7595750093460083,0.810653030872345,0.5667167901992798,0.5,1.0,0.9881981015205383,0.10248063504695892,0.13629993796348572,1.0,0.010000000707805157,0.0020000000949949026,0.00800000037997961,1.025,0.5062452362804878,1.0899978650648985,0.12333537899342012,0.24143313008253595,0.8215668307219622,0.5776338295046085,0.31114757668043286,0.0912815400706341,0.04637076519429684,0.003629433922469616,187.89778789724494,0.9642323851585388,0.6514367461204529,0.8464989066123962,0.12569405138492584,0.6199064254760742,0.5510589480400085,0.7430263161659241,0.687002956867218,0.9881981015205383,0.9919999996200204,0.8001765101461819
trotting,1,action_space,-1.0,2.5999999046325684,0.0,0.5,1.0,0.10999999940395355,-1.0,0.2900000214576721,-1.0,-0.03999999910593033,rough_slope_trot_robustness,rough_slope,0.5,trotting,1000,0.7062653303146362,0.7062653303146362,0.47377705574035645,0.09843078255653381,0.09635117650032043,0.1744852513074875,1.391648769378662,0.09635117650032043,0.015486679971218109,0.12389372289180756,0.054385751485824585,0.5494855642318726,0.5231847167015076,0.4572896957397461,0.36798131465911865,0.1744852513074875,0.06073564291000366,0.017644308507442474,0.00203317916020751,0.2849762439727783,0.019054632633924484,109.83799743652344,78.356201171875,33.77631378173828,66.73304748535156,393.16864013671875,0.09076379984617233,0.054083339869976044,0.5954163074493408,1.6790821552276611,1.0320000648498535,0.009475542232394218,0.01000003982335329,2.605989933013916,0.5,0.109550341963768,0.29059988260269165,-0.039400093257427216,0.9238219261169434,0.7362704277038574,0.7210906744003296,0.5399093627929688,0.4815163016319275,0.8572710752487183,0.4338874816894531,0.7758843898773193,0.8246320486068726,0.5813610553741455,0.8693751096725464,1.0,0.985709547996521,0.05068463087081909,0.0863741785287857,1.0,0.010000000707805157,0.0020000000949949026,0.00800000037997961,1.032,0.57695374008297,1.2755459506193703,0.12444548995933163,0.2332075287931858,0.7233150881196296,0.6066146343924771,0.2464460243339374,0.14027646868826568,0.04737771116197109,0.0026224879547953606,231.8347756728807,0.9619868993759155,0.7375281453132629,0.6746577620506287,0.182431161403656,0.6831145882606506,0.565552294254303,0.6658077239990234,0.7630614638328552,0.985709547996521,0.9919999996200204,0.7749376895494366
trotting,1,action_space,-1.0,2.5999999046325684,0.0,0.5,1.0,0.10999999940395355,-1.0,0.2900000214576721,0.0,0.0,rough_slope_trot_robustness,rough_slope,0.5,trotting,1000,0.7233270406723022,0.7233270406723022,0.47399550676345825,0.08565686643123627,0.08997876942157745,0.15408343076705933,1.5590252876281738,0.08997876942157745,0.014823474921286106,0.12257857620716095,0.057947997003793716,0.542915403842926,0.519905686378479,0.38671666383743286,0.25759878754615784,0.15408343076705933,0.048361316323280334,0.008936519734561443,0.001825370592996478,0.2950451374053955,0.016945313662290573,100.47374725341797,69.68452453613281,33.8709716796875,66.41756439208984,340.2693176269531,0.08859004825353622,0.05491667240858078,0.5719633102416992,1.5560359954833984,1.0290000438690186,0.009479910135269165,0.01000003982335329,2.605989933013916,0.5,0.109550341963768,0.290600061416626,0.0,0.9382290840148926,0.7662763595581055,0.8254256844520569,0.598157525062561,0.4720590114593506,0.8772585988044739,0.3770206570625305,0.7919528484344482,0.8237078785896301,0.5688867568969727,0.8693751096725464,1.0,0.9881981611251831,0.10248075425624847,0.13630074262619019,1.0,0.010000000707805157,0.003000000026077032,0.007000000216066837,1.029,0.5558437870125729,1.2297083849805746,0.12175169371013328,0.24072390202012287,0.7210448573968744,0.5075419071822127,0.21991206497889182,0.10373953117089899,0.047399550676345825,0.0026006484404206276,211.97194028161576,0.971078097820282,0.788662314414978,0.8063496351242065,0.15637555718421936,0.7125492095947266,0.554277241230011,0.6851992011070251,0.7598886489868164,0.9881981611251831,0.9929999997839332,0.8057518795034603
trotting,1,action_space,-1.0,2.5999999046325684,0.0,0.5,1.0,0.10999999940395355,-1.0,0.2900000214576721,1.0,0.03999999910593033,rough_slope_trot_robustness,rough_slope,0.5,trotting,1000,0.7094026803970337,0.7094026803970337,0.5003504157066345,0.10244248062372208,0.10602931678295135,0.16765005886554718,1.729274034500122,0.10602931678295135,0.017852630466222763,0.13955827057361603,0.05367494001984596,0.572719931602478,0.5995862483978271,0.4255827069282532,0.3442695438861847,0.16765005886554718,0.06394532322883606,0.008443763479590416,0.002040444640442729,0.2595764398574829,0.017050031572580338,114.0234375,77.33438110351562,33.29814910888672,66.5626220703125,500.31451416015625,0.09256884455680847,0.0520833395421505,0.5596418380737305,1.4530757665634155,1.0299999713897705,0.010007008910179138,0.01000003982335329,2.6054258346557617,0.5,0.10959260165691376,0.29054343700408936,0.039456479251384735,0.9186891317367554,0.7493796944618225,0.8390599489212036,0.5733364820480347,0.4650455117225647,0.866695761680603,0.3139987587928772,0.7194238901138306,0.8266900777816772,0.608131468296051,0.8699033260345459,1.0,0.9871258735656738,0.04971863329410553,0.08211015909910202,1.0,0.009000000543892384,0.003000000026077032,0.006000000052154064,1.03,0.543341538512591,1.187751274833127,0.13361373606864962,0.2316785273171555,0.7743295476719374,0.5867448712056925,0.25287412526558756,0.10239242218071191,0.05003504455089569,0.0,227.88716451642608,0.9588910341262817,0.7549789547920227,0.8108403086662292,0.12414232641458511,0.711058497428894,0.5950244069099426,0.702796220779419,0.7707303762435913,0.9871258735656738,0.9939999999478459,0.8015835254306071
trotting,1,action_space,-1.0,2.5999999046325684,0.0,0.5,1.0,0.10999999940395355,0.0,0.33000001311302185,-1.0,-0.03999999910593033,rough_slope_trot_robustness,rough_slope,0.5,trotting,1000,0.7076140642166138,0.7076140642166138,0.48062387108802795,0.09142448008060455,0.09910021722316742,0.18086370825767517,1.2595295906066895,0.09910021722316742,0.017077339813113213,0.12475469708442688,0.05336133390665054,0.5700290203094482,0.584347128868103,0.4421064853668213,0.3277365565299988,0.18086370825767517,0.06511431932449341,0.020642466843128204,0.0018972547259181738,0.2905564308166504,0.015865832567214966,104.65530395507812,69.78842163085938,33.40547561645508,65.92927551269531,154.33091735839844,0.09208826720714569,0.0481666699051857,0.5518214106559753,1.441277265548706,1.0310001373291016,0.009612476453185081,0.01000003982335329,2.6048736572265625,0.5,0.10963408648967743,0.33000147342681885,-0.03951172158122063,0.9280822277069092,0.7141647338867188,0.6854487657546997,0.556718111038208,0.47334882616996765,0.8458268642425537,0.4364360570907593,0.7698376178741455,0.8215475082397461,0.5756097435951233,0.8704215288162231,1.0,0.9905304908752441,0.10022757947444916,0.12819460034370422,1.0,0.00800000037997961,0.0020000000949949026,0.006000000052154064,1.031,0.5352293027476358,1.1823455208846274,0.13068029619308802,0.2310007227405372,0.7644260126840943,0.5724828002045116,0.25517507582930865,0.1501323468445304,0.04806238226592541,0.0019378168508410454,217.7488681911726,0.9671189785003662,0.720999538898468,0.6371217966079712,0.2016793191432953,0.7281001806259155,0.5592756271362305,0.7050509452819824,0.7859725952148438,0.9905304908752441,0.9939999999478459,0.7797981532486646
trotting,1,action_space,-1.0,2.5999999046325684,0.0,0.5,1.0,0.10999999940395355,0.0,0.33000001311302185,0.0,0.0,rough_slope_trot_robustness,rough_slope,0.5,trotting,1000,0.7372351884841919,0.7372351884841919,0.47800198197364807,0.07904158532619476,0.08768407255411148,0.16823385655879974,1.6168230772018433,0.08768407255411148,0.014423581771552563,0.12003429234027863,0.06178876757621765,0.5606318712234497,0.5517220497131348,0.3936622738838196,0.2614024877548218,0.16823385655879974,0.057923708111047745,0.009425666183233261,0.0016457317396998405,0.3046565055847168,0.01861688867211342,98.28683471679688,67.14997863769531,33.6365966796875,66.09481811523438,335.2118835449219,0.08795943856239319,0.05658334121108055,0.557300865650177,1.4568874835968018,1.027000069618225,0.00956004485487938,0.01000003982335329,2.605989933013916,0.5,0.1095503643155098,0.33000147342681885,0.0,0.9422131776809692,0.7454633116722107,0.8215475082397461,0.594672679901123,0.4727245569229126,0.8643345236778259,0.3596830368041992,0.7966315746307373,0.8241130113601685,0.5609431266784668,0.8693751096725464,1.0,0.9912598133087158,0.21479372680187225,0.24446886777877808,1.0,0.010000000707805157,0.0020000000949949026,0.00800000037997961,1.027,0.5426493108910967,1.1910438783100914,0.12009821718723622,0.2485734651490735,0.7427799470321844,0.5112753541437547,0.24067344704193636,0.10522071052284859,0.047800224274396896,0.0021999748423695564,205.6201405504117,0.9753193855285645,0.7534999847412109,0.8013736605644226,0.1487787961959839,0.689121425151825,0.5437242984771729,0.7014214396476746,0.7535825371742249,0.9912598133087158,0.9919999996200204,0.8026961271013869
trotting,1,action_space,-1.0,2.5999999046325684,0.0,0.5,1.0,0.10999999940395355,0.0,0.33000001311302185,1.0,0.03999999910593033,rough_slope_trot_robustness,rough_slope,0.5,trotting,1000,0.7352482080459595,0.7352482080459595,0.4746890366077423,0.0846267119050026,0.08241210877895355,0.1602911353111267,1.4550542831420898,0.08241210877895355,0.011469435878098011,0.11554615199565887,0.04344697296619415,0.5221600532531738,0.47912290692329407,0.39684370160102844,0.2893168330192566,0.1602911353111267,0.0492965430021286,0.0043530636467039585,0.0015271274605765939,0.2949106991291046,0.01858619600534439,100.56893920898438,70.74344635009766,34.07469940185547,66.46517944335938,649.2290649414062,0.08767452090978622,0.057083338499069214,0.575996458530426,1.5170832872390747,1.027999997138977,0.009493781253695488,0.01000003982335329,2.6050832271575928,0.5,0.10961833596229553,0.33000147342681885,0.039490729570388794,0.941371738910675,0.7470065355300903,0.9007440805435181,0.5985689163208008,0.5043342709541321,0.867379903793335,0.3809139132499695,0.7857452630996704,0.8271772861480713,0.5705602765083313,0.8702247142791748,1.0,0.9903252124786377,0.10052339732646942,0.13088838756084442,1.0,0.00800000037997961,0.0,0.00800000037997961,1.028,0.5603078404289276,1.214809416428083,0.10709545218214456,0.20843937479803126,0.6921870461972646,0.5378818020896938,0.22202824820758416,0.07668240415688955,0.04746890626847744,0.002531292848289013,211.86278058511215,0.9717597365379333,0.7734204530715942,0.8890482187271118,0.18554775416851044,0.6895445585250854,0.5544263124465942,0.6914665699005127,0.7517009377479553,0.9903252124786377,0.9919999996200204,0.8224284078827815
trotting,1,action_space,-1.0,2.5999999046325684,0.0,0.5,1.0,0.10999999940395355,1.0,0.3700000047683716,-1.0,-0.03999999910593033,rough_slope_trot_robustness,rough_slope,0.5,trotting,1000,0.6968059539794922,0.6968059539794922,0.47250330448150635,0.09744827449321747,0.09511968493461609,0.18893203139305115,1.390036940574646,0.09511968493461609,0.016085758805274963,0.1323452591896057,0.05968925356864929,0.561433732509613,0.5785195827484131,0.4561798572540283,0.3567628860473633,0.18893203139305115,0.0663922131061554,0.022859882563352585,0.00182933802716434,0.3088296055793762,0.016282735392451286,102.802001953125,67.64993286132812,33.54070281982422,65.489990234375,377.61871337890625,0.09046492725610733,0.06308334320783615,0.5788296461105347,1.5753004550933838,1.0250000953674316,0.009450061246752739,0.01000003982335329,2.605989694595337,0.5,0.1095503568649292,0.36939936876296997,-0.039400093257427216,0.9210740327835083,0.7050584554672241,0.6676106452941895,0.5377045273780823,0.47206538915634155,0.8385114669799805,0.43258124589920044,0.7608503103256226,0.8181254863739014,0.5553525686264038,0.8693751096725464,1.0,0.985709547996521,0.050684623420238495,0.0863741934299469,1.0,0.010000000707805157,0.003000000026077032,0.007000000216066837,1.025,0.5647117949695122,1.2397089717363743,0.12682964482042422,0.24431384235988204,0.7606047480448785,0.5972963134386176,0.2576668645871164,0.15712803884258508,0.047250306233763695,0.002749892883002758,217.56885291190306,0.9627277255058289,0.6998053193092346,0.6103123426437378,0.18054915964603424,0.7220544815063477,0.5392051339149475,0.6809818744659424,0.7294847965240479,0.985709547996521,0.9929999997839332,0.7686004165658041
trotting,1,action_space,-1.0,2.5999999046325684,0.0,0.5,1.0,0.10999999940395355,1.0,0.3700000047683716,0.0,0.0,rough_slope_trot_robustness,rough_slope,0.5,trotting,1000,0.7155067920684814,0.7155067920684814,0.47657468914985657,0.08752555400133133,0.0872584730386734,0.19642826914787292,1.621861457824707,0.0872584730386734,0.013783600181341171,0.12267448753118515,0.05492696166038513,0.5580285787582397,0.5460237264633179,0.42539477348327637,0.32000505924224854,0.19642826914787292,0.06828337162733078,0.011723412200808525,0.0016566442791372538,0.30766260623931885,0.018622010946273804,100.20117950439453,67.39898681640625,33.603919982910156,65.39981079101562,572.3453369140625,0.08758222311735153,0.06550000607967377,0.5582234859466553,1.4196261167526245,1.0320000648498535,0.009531492367386818,0.01000003982335329,2.605989933013916,0.5,0.109550341963768,0.3693994879722595,0.0,0.9353680610656738,0.6886281371116638,0.7925335168838501,0.5634118914604187,0.47200196981430054,0.8275939226150513,0.3634818196296692,0.7787274718284607,0.8235956430435181,0.5555374622344971,0.8693751096725464,1.0,0.9881981015205383,0.10248075425624847,0.13630078732967377,1.0,0.010000000707805157,0.004000000189989805,0.006000000052154064,1.032,0.540914254595143,1.1728625522355682,0.1174035782305683,0.23436501799625542,0.738934182768207,0.5656898967121903,0.26131087162100775,0.1156721940655825,0.04765746183693409,0.002342737279832363,210.25283504489002,0.9698218703269958,0.679878830909729,0.7652129530906677,0.14993800222873688,0.6890508532524109,0.5404651165008545,0.7089986801147461,0.7207232713699341,0.9881981015205383,0.9939999999478459,0.7953946567385605
trotting,1,action_space,-1.0,2.5999999046325684,0.0,0.5,1.0,0.10999999940395355,1.0,0.3700000047683716,1.0,0.03999999910593033,rough_slope_trot_robustness,rough_slope,0.5,trotting,1000,0.7239040732383728,0.7239040732383728,0.47886109352111816,0.0860903412103653,0.08803218603134155,0.19007384777069092,1.4698355197906494,0.08803218603134155,0.01378466747701168,0.12883993983268738,0.05704107880592346,0.5318031311035156,0.5170554518699646,0.41847991943359375,0.2846251130104065,0.19007384777069092,0.07168559730052948,0.0061886608600616455,0.0016565732657909393,0.2988531291484833,0.015886683017015457,102.83419799804688,69.45599365234375,33.89424133300781,66.19642639160156,450.24505615234375,0.0891229659318924,0.0611666738986969,0.5485077500343323,1.4392306804656982,1.0299999713897705,0.009577218443155289,0.01000003982335329,2.6054673194885254,0.5,0.10958953201770782,0.3694515824317932,0.039452336728572845,0.9371899366378784,0.7000881433486938,0.871840238571167,0.5636608600616455,0.4906069040298462,0.8381062746047974,0.40970611572265625,0.7574145197868347,0.828073263168335,0.56722092628479,0.8698647022247314,1.0,0.9871016144752502,0.04975031316280365,0.08259458839893341,1.0,0.009000000543892384,0.0,0.009000000543892384,1.03,0.53253173828125,1.1820792076775584,0.11740812355630116,0.2388327423238352,0.7190656798025926,0.5335026832269979,0.26774166149579615,0.08857332626616539,0.047886092215776443,0.0021141069009900093,214.7474484550326,0.9707889556884766,0.6967834234237671,0.8547855615615845,0.17455266416072845,0.7277966141700745,0.5500718951225281,0.7051619291305542,0.7365093231201172,0.9871016144752502,0.9909999994561076,0.819949759415498
trotting,1,action_space,0.0,3.0,0.0,0.5,-1.0,0.04999999701976776,-1.0,0.2900000214576721,-1.0,-0.03999999910593033,rough_slope_trot_robustness,rough_slope,0.5,trotting,1000,0.7010655999183655,0.7010655999183655,0.47317203879356384,0.08966833353042603,0.08210794627666473,0.183037668466568,1.433051347732544,0.08210794627666473,0.012300955131649971,0.11659425497055054,0.04909122735261917,0.567049503326416,0.5525918006896973,0.392963171005249,0.26671892404556274,0.183037668466568,0.05884131044149399,0.01924080029129982,0.0023665803018957376,0.2817368805408478,0.0156495850533247,81.37045288085938,50.50603485107422,33.76654052734375,65.78007507324219,171.9302978515625,0.06900013983249664,0.09283332526683807,0.49894455075263977,1.0289779901504517,1.187999963760376,0.009463440626859665,0.01000003982335329,3.000000238418579,0.5,0.05043187737464905,0.2905759811401367,-0.039424095302820206,0.9330421686172485,0.7020941376686096,0.6837906837463379,0.608436644077301,0.4641396403312683,0.8377139568328857,0.35709166526794434,0.793052077293396,0.822993278503418,0.5838003158569336,0.13039995729923248,1.0,0.988853931427002,0.10189031064510345,0.13539154827594757,1.0,0.009000000543892384,0.0,0.009000000543892384,1.188,0.4199869688913878,0.9306681044602969,0.11090967104653214,0.22156540197562247,0.7433651866274726,0.5164483750052494,0.24257227879849336,0.14699449171038878,0.047317203134298325,0.002682995982468128,171.96800784832467,0.9683500528335571,0.7153181433677673,0.6491135358810425,0.18654729425907135,0.7312559485435486,0.5692282915115356,0.8053037524223328,0.6286587715148926,0.988853931427002,0.9909999994561076,0.787085007631073
trotting,1,action_space,0.0,3.0,0.0,0.5,-1.0,0.04999999701976776,-1.0,0.2900000214576721,0.0,0.0,rough_slope_trot_robustness,rough_slope,0.5,trotting,1000,0.7356373071670532,0.7356373071670532,0.4797080457210541,0.08760523796081543,0.07753004878759384,0.19047504663467407,1.6504863500595093,0.07753004878759384,0.011621284298598766,0.11640755087137222,0.0506785623729229,0.535382866859436,0.5111258029937744,0.41165032982826233,0.2937779128551483,0.19047504663467407,0.06766723096370697,0.00820681918412447,0.0020513045601546764,0.27068811655044556,0.014872688800096512,84.61009979248047,56.33446502685547,34.376731872558594,66.44033813476562,421.976318359375,0.06584738194942474,0.09058333933353424,0.51567143201828,1.0850539207458496,1.1790001392364502,0.009594162926077843,0.01000003982335329,3.000000238418579,0.5,0.050449881702661514,0.2906000018119812,0.0,0.9368555545806885,0.6950067281723022,0.8360761404037476,0.5806843042373657,0.48206770420074463,0.8309764862060547,0.33697518706321716,0.7962368726730347,0.8225249648094177,0.5967056751251221,0.1306249499320984,1.0,0.9912598133087158,0.21479372680187225,0.24446886777877808,1.0,0.010000000707805157,0.0020000000949949026,0.00800000037997961,1.179,0.43738031104219677,0.959331577892912,0.10780206073447189,0.22511899602859572,0.7149306280988208,0.54201283458526,0.26012925818467053,0.10128239602358914,0.047970814630389214,0.0020293844863772392,176.3783212460032,0.969767689704895,0.695720374584198,0.8145149350166321,0.15214639902114868,0.7427069544792175,0.5819467902183533,0.7944706082344055,0.6357710957527161,0.9912598133087158,0.9919999996200204,0.8175017922430446
trotting,1,action_space,0.0,3.0,0.0,0.5,-1.0,0.04999999701976776,-1.0,0.2900000214576721,1.0,0.03999999910593033,rough_slope_trot_robustness,rough_slope,0.5,trotting,1000,0.703727662563324,0.703727662563324,0.482469379901886,0.10512439906597137,0.09251376986503601,0.20026153326034546,1.8319103717803955,0.09251376986503601,0.01610105112195015,0.13028676807880402,0.05989396572113037,0.662757396697998,0.7338120937347412,0.4070890247821808,0.2957828640937805,0.20026153326034546,0.0747431218624115,0.00981266051530838,0.003153481287881732,0.29297521710395813,0.018438290804624557,85.49932861328125,50.4312744140625,33.712913513183594,64.98347473144531,457.1694030761719,0.07038569450378418,0.08033333718776703,0.48389357328414917,1.0035326480865479,1.1749999523162842,0.00964939035475254,0.01000003982335329,3.000000238418579,0.5,0.050485141575336456,0.2906469702720642,0.039353061467409134,0.9115462303161621,0.6859060525894165,0.8025622367858887,0.599407434463501,0.40625810623168945,0.8252246379852295,0.3324452042579651,0.7655909061431885,0.8007395267486572,0.5728879570960999,0.1310659646987915,1.0,0.9870942831039429,0.1034926176071167,0.1390286386013031,1.0,0.010999999940395355,0.003000000026077032,0.00800000037997961,1.175,0.4118243018617021,0.9241592350466853,0.12688991733762833,0.24473243700239322,0.8566283288187131,0.5438592318732675,0.27339188331479686,0.1138689676917733,0.0482469517737627,0.0017532473430037498,177.211927170732,0.9567582011222839,0.6696187257766724,0.7715739011764526,0.1160271167755127,0.6915873289108276,0.5565766096115112,0.8077379465103149,0.6692037582397461,0.9870942831039429,0.9919999996200204,0.7962899485014772
trotting,1,action_space,0.0,3.0,0.0,0.5,-1.0,0.04999999701976776,0.0,0.33000001311302185,-1.0,-0.03999999910593033,rough_slope_trot_robustness,rough_slope,0.5,trotting,1000,0.7235363125801086,0.7235363125801086,0.4810020327568054,0.08202843368053436,0.08056372404098511,0.19501347839832306,1.315122365951538,0.08056372404098511,0.011804354377090931,0.11126777529716492,0.04646819084882736,0.5926738977432251,0.5935710072517395,0.3866821527481079,0.26424622535705566,0.19501347839832306,0.06410861015319824,0.019139721989631653,0.002010644879192114,0.28676390647888184,0.0175180546939373,81.43598175048828,51.5341796875,33.94188690185547,66.14557647705078,377.8418273925781,0.06793785095214844,0.09066666662693024,0.5239251255989075,1.1216011047363281,1.184000015258789,0.009620042517781258,0.01000003982335329,3.000000238418579,0.5,0.05036270618438721,0.33000147342681885,-0.03951629251241684,0.9448434710502625,0.6732820272445679,0.6913810968399048,0.6145682334899902,0.45710986852645874,0.8204092979431152,0.44490867853164673,0.8069088459014893,0.8174669146537781,0.5769503712654114,0.12953564524650574,1.0,0.9930051565170288,0.21227677166461945,0.2364078015089035,1.0,0.00800000037997961,0.0020000000949949026,0.006000000052154064,1.184,0.4425042642129434,0.9732924558305417,0.10864784570846736,0.21556481820748802,0.7704355957844494,0.5140488550294181,0.2531967814827002,0.14543165703801827,0.04810021258890629,0.0018999865278601646,169.30485986461997,0.9734443426132202,0.6836545467376709,0.6550738215446472,0.21199142932891846,0.7044336795806885,0.5635339021682739,0.7891297340393066,0.635506272315979,0.9930051565170288,0.9939999999478459,0.788342399865781
trotting,1,action_space,0.0,3.0,0.0,0.5,-1.0,0.04999999701976776,0.0,0.33000001311302185,0.0,0.0,rough_slope_trot_robustness,rough_slope,0.5,trotting,1000,0.7696042060852051,0.7696042060852051,0.4822584092617035,0.08865025639533997,0.08160433173179626,0.20003607869148254,1.4122068881988525,0.08160433173179626,0.011404689401388168,0.11676637828350067,0.04755355790257454,0.6022648811340332,0.6461641788482666,0.39996662735939026,0.2947964072227478,0.20003607869148254,0.0707215890288353,0.008986692875623703,0.001996211241930723,0.2866901159286499,0.015753604471683502,84.46969604492188,54.28956604003906,34.052974700927734,65.67514038085938,304.70501708984375,0.06705544888973236,0.08058333396911621,0.4857126474380493,0.9856258630752563,1.180999994277954,0.009645168669521809,0.01000003982335329,3.000000238418579,0.5,0.05040791630744934,0.33000147342681885,0.0,0.9380762577056885,0.6735639572143555,0.8221797347068787,0.6062628030776978,0.4493940770626068,0.8211697340011597,0.3961745500564575,0.7945773005485535,0.8198860883712769,0.5781875848770142,0.1301005333662033,1.0,0.995585560798645,0.459317147731781,0.4781719148159027,1.0,0.009000000543892384,0.0020000000949949026,0.007000000216066837,1.181,0.4112723509605207,0.9135474186416641,0.10679274039647156,0.21806778281666125,0.8038433795511826,0.5429515698685728,0.2659353098571818,0.10479935170388424,0.04822584334760904,0.0017743557691574097,175.1544284613674,0.9690535068511963,0.6702232956886292,0.8027932643890381,0.19392172992229462,0.7297362685203552,0.5636170506477356,0.8116856217384338,0.6683678030967712,0.995585560798645,0.9929999997839332,0.8191056147119717
trotting,1,action_space,0.0,3.0,0.0,0.5,-1.0,0.04999999701976776,0.0,0.33000001311302185,1.0,0.03999999910593033,rough_slope_trot_robustness,rough_slope,0.5,trotting,1000,0.7408667206764221,0.7408667206764221,0.4798242449760437,0.08951536566019058,0.0785534456372261,0.21630732715129852,1.7697932720184326,0.0785534456372261,0.011828220449388027,0.12010689079761505,0.05063876882195473,0.535742998123169,0.5135461091995239,0.3973812758922577,0.27883774042129517,0.21630732715129852,0.08135589957237244,0.004373111762106419,0.0020428926218301058,0.2743181586265564,0.01579335331916809,86.60954284667969,58.52362823486328,34.12690353393555,65.5091781616211,373.38232421875,0.0661115050315857,0.08349999785423279,0.4665765166282654,0.9419694542884827,1.1800000667572021,0.009596489369869232,0.01000003982335329,3.000000238418579,0.5,0.050449881702661514,0.33000147342681885,0.039400093257427216,0.9356012344360352,0.6454713344573975,0.8908787965774536,0.5919556617736816,0.4788739085197449,0.7965118885040283,0.34127381443977356,0.7888270616531372,0.8231186866760254,0.5915055871009827,0.13062496483325958,1.0,0.9912598133087158,0.21479372680187225,0.2444688379764557,1.0,0.009000000543892384,0.003000000026077032,0.006000000052154064,1.18,0.39540379411083154,0.8934647002913494,0.10875762248866985,0.2250305953019605,0.7166213150608374,0.5280508880981976,0.28522955592359717,0.08009996494341633,0.04798244684934616,0.002017752267420292,180.5026397759535,0.9684562087059021,0.6263232827186584,0.879571795463562,0.13447760045528412,0.7291563749313354,0.5777371525764465,0.819083034992218,0.6586915254592896,0.9912598133087158,0.9939999999478459,0.8285340580991225
trotting,1,action_space,0.0,3.0,0.0,0.5,-1.0,0.04999999701976776,1.0,0.3700000047683716,-1.0,-0.03999999910593033,rough_slope_trot_robustness,rough_slope,0.5,trotting,1000,0.6964970827102661,0.6964970827102661,0.465768039226532,0.08755362778902054,0.07142236083745956,0.2017979621887207,1.954813838005066,0.07142236083745956,0.009030971676111221,0.11779722571372986,0.055190861225128174,0.5639207363128662,0.5225592851638794,0.3899236023426056,0.274905264377594,0.2017979621887207,0.06645268946886063,0.01746469736099243,0.0017540162662044168,0.32524585723876953,0.016260311007499695,77.98892211914062,48.835723876953125,34.226314544677734,65.6168441772461,246.45956420898438,0.06608670949935913,0.10066667199134827,0.5123934745788574,1.0622930526733398,1.1800000667572021,0.009315360337495804,0.01000003982335329,3.000000238418579,0.5,0.050404857844114304,0.3694595396518707,-0.039460115134716034,0.939495861530304,0.665915846824646,0.7088434100151062,0.6129797101020813,0.4653834104537964,0.8132133483886719,0.28000569343566895,0.7948383092880249,0.8172796964645386,0.5392944812774658,0.13006246089935303,1.0,0.9893783330917358,0.10130441933870316,0.13174238801002502,1.0,0.009000000543892384,0.0010000000474974513,0.00800000037997961,1.18,0.43423172255693854,0.9488141433398297,0.09503142467684687,0.23492735307990037,0.7228826219822132,0.5243140894326549,0.25778419165817873,0.13863157514504712,0.04657680168747902,0.0034233974292874336,167.44154933569789,0.9698027968406677,0.665494978427887,0.6808765530586243,0.1181933805346489,0.7223783731460571,0.5217891335487366,0.798466682434082,0.6045122742652893,0.9893783330917358,0.9919999996200204,0.7851481949910522
trotting,1,action_space,0.0,3.0,0.0,0.5,-1.0,0.04999999701976776,1.0,0.3700000047683716,0.0,0.0,rough_slope_trot_robustness,rough_slope,0.5,trotting,1000,0.7193822860717773,0.7193822860717773,0.48560941219329834,0.0786435455083847,0.07773971557617188,0.20197516679763794,1.8515410423278809,0.07773971557617188,0.011685868725180626,0.11434765160083771,0.051265060901641846,0.5742822289466858,0.5261145234107971,0.37054604291915894,0.26747989654541016,0.20197516679763794,0.07072260230779648,0.011687662452459335,0.0019582617096602917,0.3193598687648773,0.021472595632076263,79.15507507324219,48.6295051574707,33.97028350830078,65.06517028808594,493.9039306640625,0.06472933292388916,0.08308333158493042,0.45670372247695923,0.9314965009689331,1.1800000667572021,0.00971218105405569,0.01000003982335329,3.000000238418579,0.5,0.050365690141916275,0.3695117235183716,0.0,0.9449799656867981,0.6667359471321106,0.7835873365402222,0.6299318075180054,0.44576114416122437,0.8118706345558167,0.2815951406955719,0.8027395009994507,0.8088489770889282,0.5448306798934937,0.12957286834716797,1.0,0.9929893016815186,0.2123466432094574,0.23704835772514343,1.0,0.00800000037997961,0.0020000000949949026,0.006000000052154064,1.18,0.387037037994902,0.8884839782617991,0.10810119668708865,0.22641788997701098,0.7253375237851666,0.5171845865311632,0.26593721497337763,0.1168157701773165,0.048560905270278454,0.001439293846487999,163.00152568240227,0.9755643010139465,0.6650189757347107,0.76115483045578,0.12427499145269394,0.6508657336235046,0.5279679298400879,0.8209024667739868,0.6600651741027832,0.9929893016815186,0.9939999999478459,0.7955901246811999
trotting,1,action_space,0.0,3.0,0.0,0.5,-1.0,0.04999999701976776,1.0,0.3700000047683716,1.0,0.03999999910593033,rough_slope_trot_robustness,rough_slope,0.5,trotting,1000,0.7189890146255493,0.7189890146255493,0.4870796799659729,0.08700801432132721,0.07226759195327759,0.22234061360359192,1.6773589849472046,0.07226759195327759,0.009579280391335487,0.1191113293170929,0.0552336759865284,0.58469557762146,0.5754745006561279,0.37807542085647583,0.25080767273902893,0.22234061360359192,0.08260758221149445,0.00529502285644412,0.0022995457984507084,0.302937388420105,0.01634325459599495,81.39335632324219,51.028968811035156,33.947113037109375,65.25827026367188,172.10049438476562,0.06749913096427917,0.08450000733137131,0.47702232003211975,0.9645568132400513,1.180999994277954,0.009741595014929771,0.01000003982335329,3.000000238418579,0.5,0.05040489137172699,0.36945945024490356,0.03946009278297424,0.9388328790664673,0.6249732971191406,0.8717491030693054,0.6197807788848877,0.4376989006996155,0.7829525470733643,0.35437265038490295,0.7960304021835327,0.8177239894866943,0.5592169761657715,0.13006246089935303,1.0,0.9893783330917358,0.10130445659160614,0.1317424476146698,1.0,0.009000000543892384,0.003000000026077032,0.006000000052154064,1.181,0.40391389360678187,0.9037305141735336,0.09787379828807855,0.23501845882085176,0.7586003563511738,0.5008070214553995,0.2874153479052475,0.0871468224027407,0.04870797507464886,0.0012922240421175957,167.10480783950644,0.9701723456382751,0.6099651455879211,0.8590815663337708,0.15428639948368073,0.7211810350418091,0.5455969572067261,0.8153138160705566,0.6554062366485596,0.9893783330917358,0.9939999999478459,0.8256841623959573
trotting,1,action_space,0.0,3.0,0.0,0.5,0.0,0.07999999821186066,-1.0,0.2900000214576721,-1.0,-0.03999999910593033,rough_slope_trot_robustness,rough_slope,0.5,trotting,1000,0.716168999671936,0.716168999671936,0.4720447063446045,0.09114915132522583,0.07894954085350037,0.17491140961647034,1.8748855590820312,0.07894954085350037,0.010761892423033714,0.11729815602302551,0.05289680138230324,0.5735821723937988,0.5524098873138428,0.3835495412349701,0.26154953241348267,0.17491140961647034,0.05170609802007675,0.017351273447275162,0.002057286910712719,0.29845130443573,0.017280355095863342,88.27915954589844,58.29514694213867,34.083946228027344,67.09083557128906,343.7973937988281,0.07514264434576035,0.06833334267139435,0.6434159278869629,1.536454677581787,1.183000087738037,0.009440895169973373,0.01000003982335329,3.000000238418579,0.5,0.08000031858682632,0.2905409336090088,-0.03945910185575485,0.9364303350448608,0.7191585302352905,0.7099583148956299,0.6154847741127014,0.46612250804901123,0.8494929075241089,0.30088669061660767,0.8003309965133667,0.8215440511703491,0.56480473279953,0.5,1.0,0.992133617401123,0.2135203778743744,0.240324929356575,1.0,0.009000000543892384,0.0020000000949949026,0.007000000216066837,1.183,0.5438849480597527,1.1396394967069914,0.10373954127059612,0.22999304637815302,0.7432428185417218,0.5114191357521565,0.22738974915346724,0.1393146092769451,0.04720447584986687,0.0027957232668995857,187.0144042701168,0.9673134684562683,0.736430823802948,0.6782962083816528,0.12367187440395355,0.7077904939651489,0.5505141615867615,0.7227481007575989,0.7105849981307983,0.992133617401123,0.9929999997839332,0.7779882367406236
trotting,1,action_space,0.0,3.0,0.0,0.5,0.0,0.07999999821186066,-1.0,0.2900000214576721,0.0,0.0,rough_slope_trot_robustness,rough_slope,0.5,trotting,1000,0.7646572589874268,0.7646572589874268,0.4859681725502014,0.09310264885425568,0.09135322272777557,0.1821434497833252,1.3617210388183594,0.09135322272777557,0.01584085077047348,0.12205952405929565,0.05304257571697235,0.6145538091659546,0.6251442432403564,0.394106388092041,0.2865475118160248,0.1821434497833252,0.055754587054252625,0.013960663229227066,0.0020938757807016373,0.293975830078125,0.021895140409469604,92.80207824707031,59.5770149230957,33.34197235107422,65.25125122070312,251.2973175048828,0.07752959430217743,0.06733334064483643,0.5919294357299805,1.4176172018051147,1.1850000619888306,0.00971936248242855,0.01000003982335329,3.000000238418579,0.5,0.08000031858682632,0.29055267572402954,0.0,0.9301124811172485,0.7118775844573975,0.7657867074012756,0.6035876274108887,0.4352409243583679,0.8435691595077515,0.43179434537887573,0.7754396200180054,0.8178980350494385,0.5724074244499207,0.5,1.0,0.9955630302429199,0.45948129892349243,0.4791622757911682,1.0,0.009000000543892384,0.0020000000949949026,0.007000000216066837,1.185,0.4995185176028481,1.0937556509799768,0.12586044164261256,0.230309738649872,0.7906606372144477,0.5353013280536718,0.23612409249005623,0.12670650737009803,0.048596812412142754,0.0014033867046236992,190.96328420043534,0.9659217596054077,0.7176578640937805,0.7253574132919312,0.18664664030075073,0.6453884840011597,0.5554639101028442,0.7415035367012024,0.7141468524932861,0.9955630302429199,0.9929999997839332,0.7865990593931393
trotting,1,action_space,0.0,3.0,0.0,0.5,0.0,0.07999999821186066,-1.0,0.2900000214576721,1.0,0.03999999910593033,rough_slope_trot_robustness,rough_slope,0.5,trotting,1000,0.7335416078567505,0.7335416078567505,0.48967522382736206,0.08619774132966995,0.07361868768930435,0.1771814525127411,1.7816582918167114,0.07361868768930435,0.010252897627651691,0.11747417598962784,0.05497147887945175,0.5990527272224426,0.6365015506744385,0.3954780101776123,0.2895888090133667,0.1771814525127411,0.05440062656998634,0.008004103787243366,0.0022900740150362253,0.29763519763946533,0.018298357725143433,86.15280151367188,55.249664306640625,33.59712219238281,66.7684555053711,213.96519470214844,0.07376163452863693,0.06983333826065063,0.5331794619560242,1.1718837022781372,1.1890000104904175,0.009793505072593689,0.01000003982335329,3.000000238418579,0.5,0.08000031858682632,0.2905428409576416,0.0394572950899601,0.9388591051101685,0.71439528465271,0.8376673460006714,0.6043155193328857,0.4558580815792084,0.8480637073516846,0.3371214270591736,0.7900779843330383,0.8173995018005371,0.5652759075164795,0.5,1.0,0.9921314716339111,0.21355009078979492,0.24055151641368866,1.0,0.009000000543892384,0.006000000052154064,0.003000000026077032,1.189,0.44842678163109756,0.9927761226814169,0.10125659300831572,0.234459972872667,0.7978104729034575,0.5381345640389277,0.23323941898827125,0.10146022768690986,0.048967525362968445,0.001032673753798008,175.93865754589527,0.9707170724868774,0.7305682301521301,0.8139278292655945,0.1371450275182724,0.6935255527496338,0.5514134764671326,0.7816086411476135,0.7052755355834961,0.9921314716339111,0.996999999973923,0.8100300486395626
trotting,1,action_space,0.0,3.0,0.0,0.5,0.0,0.07999999821186066,0.0,0.33000001311302185,-1.0,-0.03999999910593033,rough_slope_trot_robustness,rough_slope,0.5,trotting,1000,0.7504346966743469,0.7504346966743469,0.4735966622829437,0.09110355377197266,0.0827404335141182,0.17425373196601868,1.6771905422210693,0.0827404335141182,0.013898303732275963,0.11504258960485458,0.0547347217798233,0.599205493927002,0.6130471229553223,0.3765416741371155,0.2643737196922302,0.17425373196601868,0.05452913045883179,0.0202799029648304,0.002088995650410652,0.3138243556022644,0.01793932542204857,91.97676849365234,59.59821319580078,33.846435546875,66.12196350097656,557.9918823242188,0.07671808451414108,0.060416676104068756,0.5832259654998779,1.3604575395584106,1.183000087738037,0.00947193056344986,0.01000003982335329,3.000000238418579,0.5,0.08000031858682632,0.33000147342681885,-0.03945232182741165,0.9328882694244385,0.7264707684516907,0.6759222149848938,0.6362420320510864,0.44703519344329834,0.855415940284729,0.3606599271297455,0.8021310567855835,0.8256043791770935,0.5507391691207886,0.5,1.0,0.9955795407295227,0.4593852162361145,0.47862640023231506,1.0,0.009000000543892384,0.0010000000474974513,0.00800000037997961,1.183,0.493005876710429,1.0723834931235954,0.11789106722850533,0.23395452929965538,0.7829732581355012,0.5141728500146913,0.2335147328517663,0.14956235694599443,0.0473596528172493,0.0026405462995171547,194.20907244211554,0.9673455953598022,0.7381238341331482,0.6393021941184998,0.14154231548309326,0.6985234618186951,0.5338455438613892,0.7501353621482849,0.7392764091491699,0.9955795407295227,0.9919999996200204,0.7725000470190456
trotting,1,action_space,0.0,3.0,0.0,0.5,0.0,0.07999999821186066,0.0,0.33000001311302185,0.0,0.0,rough_slope_trot_robustness,rough_slope,0.5,trotting,1000,0.8434498906135559,0.8434498906135559,0.4686899483203888,0.09383746236562729,0.08166778087615967,0.20105169713497162,1.465934157371521,0.08166778087615967,0.013875480741262436,0.12437494099140167,0.05705072730779648,0.588835597038269,0.6319118738174438,0.3874194920063019,0.2833506464958191,0.20105169713497162,0.07240338623523712,0.011375436559319496,0.0021064169704914093,0.2912406921386719,0.01569467969238758,100.41082763671875,67.70919799804688,33.72053527832031,66.24263000488281,397.0582580566406,0.07469905912876129,0.06225000321865082,0.5645624399185181,1.3340325355529785,1.184000015258789,0.009373802691698074,0.01000003982335329,3.000000238418579,0.5,0.08000031858682632,0.33000147342681885,0.0,0.9316259026527405,0.6794730424880981,0.7912927269935608,0.6161410808563232,0.45881402492523193,0.822874903678894,0.40688854455947876,0.7801826596260071,0.8235235214233398,0.5783959627151489,0.5,1.0,1.0,1.0,1.0,1.0,0.010000000707805157,0.0010000000474974513,0.009000000543892384,1.184,0.4768263842608478,1.0614690828137818,0.1177942305092335,0.23885294075601515,0.7949288482735067,0.5323069100583038,0.2690787732899738,0.11611138415250637,0.04686901345849037,0.003131185658276081,214.2372116077035,0.965391218662262,0.6674987077713013,0.7636566162109375,0.17491699755191803,0.7305967807769775,0.5585107803344727,0.7545157074928284,0.7325307130813599,1.0,0.9909999994561076,0.8043391249191604
trotting,1,action_space,0.0,3.0,0.0,0.5,0.0,0.07999999821186066,0.0,0.33000001311302185,1.0,0.03999999910593033,rough_slope_trot_robustness,rough_slope,0.5,trotting,1000,0.7670602798461914,0.7670602798461914,0.4851742088794708,0.09756110608577728,0.08153002709150314,0.2043645679950714,1.8484058380126953,0.08153002709150314,0.013075042515993118,0.12521646916866302,0.05335213243961334,0.6058475971221924,0.741474986076355,0.4229285418987274,0.3531438708305359,0.2043645679950714,0.08335720747709274,0.00880387518554926,0.0025027140509337187,0.29635095596313477,0.01574351079761982,97.01606750488281,64.78663635253906,33.84113693237305,66.50203704833984,179.67367553710938,0.07534526288509369,0.07008334249258041,0.5561440587043762,1.290274739265442,1.1740000247955322,0.009703482501208782,0.01000003982335329,3.000000238418579,0.5,0.08000031858682632,0.33000147342681885,0.03945232182741165,0.9270092248916626,0.6792671084403992,0.8451562523841858,0.5953775644302368,0.44447916746139526,0.8176777362823486,0.34392058849334717,0.7734915018081665,0.821711540222168,0.5689603686332703,0.5,1.0,0.9955794811248779,0.45938509702682495,0.47862619161605835,1.0,0.009000000543892384,0.0010000000474974513,0.00800000037997961,1.174,0.47371724273317717,1.0483517761278072,0.11434615216959912,0.23098080534887167,0.8610894181653581,0.5942590940242614,0.2887164828635399,0.1063324467718249,0.04851741250604391,0.0014827866107225418,199.96130406219507,0.9626429677009583,0.6585935354232788,0.7976129651069641,0.12124928086996078,0.72988361120224,0.5528315901756287,0.7597541809082031,0.704394519329071,0.9955794811248779,0.9919999996200204,0.8052548572519108
trotting,1,action_space,0.0,3.0,0.0,0.5,0.0,0.07999999821186066,1.0,0.3700000047683716,-1.0,-0.03999999910593033,rough_slope_trot_robustness,rough_slope,0.5,trotting,1000,0.7362789511680603,0.7362789511680603,0.46274319291114807,0.09514541178941727,0.07669423520565033,0.2228776216506958,1.2309890985488892,0.07669423520565033,0.01060720905661583,0.1256239414215088,0.05382248014211655,0.5513417720794678,0.508226215839386,0.3737478256225586,0.2726956605911255,0.2228776216506958,0.08567982912063599,0.01342189684510231,0.0017604209715500474,0.29149532318115234,0.012721778824925423,101.84629821777344,72.47557067871094,34.22380828857422,66.69259643554688,393.3673400878906,0.07229916751384735,0.08050000667572021,0.5987817049026489,1.399129033088684,1.1770000457763672,0.009254866279661655,0.01000003982335329,3.000000238418579,0.5,0.08000031858682632,0.36939966678619385,-0.039400093257427216,0.9277746081352234,0.6270132660865784,0.759487509727478,0.6228665113449097,0.47384902834892273,0.7815384864807129,0.4987160265445709,0.7694516181945801,0.8265689611434937,0.5792744159698486,0.5,1.0,0.9912598133087158,0.21479374170303345,0.24446885287761688,1.0,0.009000000543892384,0.0020000000949949026,0.007000000216066837,1.177,0.5087355465431181,1.0902864963956034,0.10299130573313375,0.23199672442109295,0.7128998638233746,0.5222027006739103,0.2927111701330101,0.12321654846915799,0.04627433139830828,0.0037258677184581757,220.09248278089544,0.9644371867179871,0.6085085272789001,0.7381218671798706,0.23618656396865845,0.7753540277481079,0.5582264065742493,0.7429094314575195,0.6686463356018066,0.9912598133087158,0.9929999997839332,0.8111747014581373
trotting,1,action_space,0.0,3.0,0.0,0.5,0.0,0.07999999821186066,1.0,0.3700000047683716,0.0,0.0,rough_slope_trot_robustness,rough_slope,0.5,trotting,1000,0.7688103914260864,0.7688103914260864,0.4826586842536926,0.08552767336368561,0.084215447306633,0.20796573162078857,1.4850106239318848,0.084215447306633,0.012475034222006798,0.11791308224201202,0.047294601798057556,0.6003412008285522,0.5973168611526489,0.36044424772262573,0.2259170413017273,0.20796573162078857,0.07260653376579285,0.010825288482010365,0.002096559153869748,0.2872011661529541,0.014818252995610237,98.23699951171875,65.500244140625,33.497283935546875,66.26344299316406,148.83108520507812,0.07751525938510895,0.07216667383909225,0.5426148176193237,1.2398741245269775,1.189000129699707,0.00965316966176033,0.01000003982335329,3.000000238418579,0.5,0.08000031858682632,0.3695116639137268,0.0,0.9388388991355896,0.6626328825950623,0.8035567998886108,0.6278446912765503,0.4396049976348877,0.8085216283798218,0.42568308115005493,0.7814509868621826,0.8230062127113342,0.5772647857666016,0.5,1.0,0.9960696697235107,0.4582832455635071,0.4754774868488312,1.0,0.00800000037997961,0.003000000026077032,0.004999999888241291,1.189,0.4563623786072855,1.0211695431513645,0.11169169271708079,0.21747322087571508,0.7728627699356782,0.47530731248501457,0.26945599597298414,0.1136743050820198,0.04826584830880165,0.0017343508079648018,203.53306118093985,0.9711639881134033,0.648886501789093,0.7722577452659607,0.17648643255233765,0.7435159683227539,0.5630412697792053,0.7705144882202148,0.6970951557159424,0.9960696697235107,0.9950000001117587,0.8113742309475416
trotting,1,action_space,0.0,3.0,0.0,0.5,0.0,0.07999999821186066,1.0,0.3700000047683716,1.0,0.03999999910593033,rough_slope_trot_robustness,rough_slope,0.5,trotting,1000,0.7325852513313293,0.7325852513313293,0.4749494194984436,0.0876057893037796,0.08190013468265533,0.20538677275180817,1.779215693473816,0.08190013468265533,0.012373950332403183,0.1318802684545517,0.05802455171942711,0.591343104839325,0.6066363453865051,0.35939016938209534,0.2365165799856186,0.20538677275180817,0.07113741338253021,0.006621495820581913,0.0020425482653081417,0.29426348209381104,0.016707768663764,94.88438415527344,61.53217697143555,34.43381881713867,67.77194213867188,446.8050842285156,0.07208018004894257,0.09858334064483643,0.5838122367858887,1.3107129335403442,1.1850000619888306,0.009498994797468185,0.01000003982335329,3.000000238418579,0.5,0.08000031858682632,0.36942368745803833,0.0394241139292717,0.9356238842010498,0.6570727825164795,0.8618283271789551,0.629867672920227,0.44100087881088257,0.8081442713737488,0.32297009229660034,0.7565392255783081,0.8195934295654297,0.5735445618629456,0.5,1.0,0.9917687773704529,0.21422138810157776,0.24367009103298187,1.0,0.009000000543892384,0.0010000000474974513,0.00800000037997961,1.185,0.4926684673325422,1.0517066261708374,0.11123825930138957,0.24088285891575412,0.7788686316616591,0.48632970296458206,0.26671597886615306,0.09308084704110751,0.04749497398734093,0.0025052251294255257,199.77787162151563,0.9697673320770264,0.6558407545089722,0.8409013748168945,0.1317703276872635,0.7159425020217896,0.5551444292068481,0.7584171295166016,0.6108421683311462,0.9917687773704529,0.9919999996200204,0.8146711300176226
trotting,1,action_space,0.0,3.0,0.0,0.5,1.0,0.10999999940395355,-1.0,0.2900000214576721,-1.0,-0.03999999910593033,rough_slope_trot_robustness,rough_slope,0.5,trotting,1000,0.7089436650276184,0.7089436650276184,0.457905113697052,0.09405353665351868,0.0774645209312439,0.15647253394126892,1.5701924562454224,0.0774645209312439,0.011532727628946304,0.10914874076843262,0.04255533218383789,0.5369325876235962,0.5161869525909424,0.372489333152771,0.27797701954841614,0.15647253394126892,0.052009087055921555,0.01498098112642765,0.0018782897386699915,0.3069899380207062,0.01760941371321678,105.60247802734375,78.46209716796875,33.61199951171875,66.57447052001953,182.94189453125,0.08319152891635895,0.05950000509619713,0.6393683552742004,1.7247447967529297,1.1850000619888306,0.009158104658126831,0.01000003982335329,3.000000238418579,0.5,0.10960753262042999,0.29052382707595825,-0.03947632387280464,0.9309767484664917,0.7566931247711182,0.7400013208389282,0.627685546875,0.47374671697616577,0.8708705902099609,0.3418886661529541,0.8027743697166443,0.8251852989196777,0.5570889711380005,0.8700897097587585,1.0,0.9900063276290894,0.10080684721469879,0.1317976713180542,1.0,0.00800000037997961,0.0020000000949949026,0.006000000052154064,1.185,0.5395513478210707,1.2064330907729062,0.10739053789299272,0.20628943788725077,0.7184615178218958,0.5272352601528242,0.2280550088376082,0.12984325498499197,0.045790523290634155,0.0042096758261322975,230.62087508638282,0.9652344584465027,0.7828325033187866,0.7137764692306519,0.1651589274406433,0.7031477093696594,0.5411927103996277,0.6949813961982727,0.7426725625991821,0.9900063276290894,0.9939999999478459,0.7866910892587743
trotting,1,action_space,0.0,3.0,0.0,0.5,1.0,0.10999999940395355,-1.0,0.2900000214576721,0.0,0.0,rough_slope_trot_robustness,rough_slope,0.5,trotting,1000,0.74381023645401,0.74381023645401,0.4691709280014038,0.09034152328968048,0.07457311451435089,0.16786006093025208,1.4559051990509033,0.07457311451435089,0.009906338527798653,0.12046647071838379,0.05363436043262482,0.5884846448898315,0.5891286730766296,0.3619973361492157,0.2200898826122284,0.16786006093025208,0.06455162167549133,0.00851837731897831,0.0017396537587046623,0.29396283626556396,0.016647502779960632,106.71334838867188,76.51494598388672,33.61207580566406,67.30256652832031,403.80242919921875,0.08538877964019775,0.06724999845027924,0.6874315738677979,1.834969401359558,1.186000108718872,0.00938341859728098,0.01000003982335329,3.000000238418579,0.5,0.1095503494143486,0.2905999422073364,0.0,0.9359732866287231,0.7551109790802002,0.8307063579559326,0.6268553733825684,0.44783085584640503,0.8709098696708679,0.446088045835495,0.7861140966415405,0.8304314613342285,0.5721234083175659,0.8693751096725464,1.0,0.9912598729133606,0.21479372680187225,0.2444688379764557,1.0,0.010000000707805157,0.003000000026077032,0.007000000216066837,1.186,0.5796218537560602,1.243861609464845,0.09953059091454573,0.2315909333990103,0.7675471797072996,0.4691373813844175,0.25407011173196137,0.10128193855610669,0.046917092986404896,0.003083106130361557,227.45089693271143,0.9678807854652405,0.7544472217559814,0.8145164847373962,0.1912771314382553,0.7168059945106506,0.5554783344268799,0.6792283058166504,0.7144444584846497,0.9912598729133606,0.9929999997839332,0.8104476306685492
trotting,1,action_space,0.0,3.0,0.0,0.5,1.0,0.10999999940395355,-1.0,0.2900000214576721,1.0,0.03999999910593033,rough_slope_trot_robustness,rough_slope,0.5,trotting,1000,0.7211943864822388,0.7211943864822388,0.48371660709381104,0.09652946889400482,0.08892619609832764,0.17675332725048065,1.4948923587799072,0.08892619609832764,0.01507054828107357,0.13416890799999237,0.06184899061918259,0.6189779043197632,0.6346038579940796,0.39277738332748413,0.26889652013778687,0.17675332725048065,0.05930901691317558,0.008363335393369198,0.002329925075173378,0.29087352752685547,0.018703175708651543,112.8011474609375,78.80824279785156,33.144561767578125,65.76773071289062,438.4601135253906,0.08532989025115967,0.05758333578705788,0.6342474222183228,1.6336697340011597,1.180999994277954,0.00967433676123619,0.01000003982335329,3.000000238418579,0.5,0.1095503643155098,0.290600061416626,0.039400093257427216,0.9275963306427002,0.7273885011672974,0.8379596471786499,0.5991995930671692,0.4243288040161133,0.8538324236869812,0.411686509847641,0.7535957098007202,0.8210492134094238,0.5752241611480713,0.8693750500679016,1.0,0.9881981015205383,0.10248072445392609,0.13630080223083496,1.0,0.010000000707805157,0.0010000000474974513,0.009000000543892384,1.181,0.5370427066244179,1.1761350032723359,0.12276216143858648,0.24869457295884562,0.7966202721460706,0.5185523311468061,0.24353442654617763,0.10340822244165392,0.048371683806180954,0.0016285153105854988,233.19676398677186,0.9634143114089966,0.7316761016845703,0.8074572086334229,0.16591107845306396,0.6879332065582275,0.5589210391044617,0.7076374888420105,0.749824047088623,0.9881981015205383,0.9909999994561076,0.8028700508079246
trotting,1,action_space,0.0,3.0,0.0,0.5,1.0,0.10999999940395355,0.0,0.33000001311302185,-1.0,-0.03999999910593033,rough_slope_trot_robustness,rough_slope,0.5,trotting,1000,0.7105766534805298,0.7105766534805298,0.4771794080734253,0.09635445475578308,0.08680073171854019,0.1785101592540741,1.6056020259857178,0.08680073171854019,0.013590669259428978,0.13263413310050964,0.06467904150485992,0.6402844786643982,0.6635597348213196,0.40342476963996887,0.31748655438423157,0.1785101592540741,0.05698983371257782,0.024080879986286163,0.0021432056091725826,0.30545058846473694,0.016160499304533005,111.17301940917969,76.57386779785156,32.79483413696289,65.84393310546875,379.5498352050781,0.08658100664615631,0.07350000739097595,0.6734154224395752,1.8427985906600952,1.1779999732971191,0.009543586522340775,0.01000003982335329,3.000000238418579,0.5,0.10950545966625214,0.33000147342681885,-0.03934022784233093,0.925491988658905,0.7150864601135254,0.6549266576766968,0.6152728199958801,0.4079938232898712,0.8472942113876343,0.3775620460510254,0.7630274295806885,0.8228232860565186,0.5591498017311096,0.8688137531280518,1.0,0.990385890007019,0.21608132123947144,0.24871191382408142,1.0,0.010999999940395355,0.0020000000949949026,0.009000000543892384,1.178,0.5716599365648876,1.2507377998883948,0.11657902581266057,0.2543207453293182,0.814591759608038,0.5634594522982391,0.2387254358307422,0.1619385241239982,0.04771793261170387,0.00228226650506258,232.97949896461816,0.9635443687438965,0.7271236181259155,0.5918620228767395,0.15298499166965485,0.7238218188285828,0.5428614616394043,0.676321804523468,0.6924632787704468,0.990385890007019,0.9909999994561076,0.7616504751832077
trotting,1,action_space,0.0,3.0,0.0,0.5,1.0,0.10999999940395355,0.0,0.33000001311302185,0.0,0.0,rough_slope_trot_robustness,rough_slope,0.5,trotting,1000,0.7769982218742371,0.7769982218742371,0.47895193099975586,0.08451603353023529,0.07495620846748352,0.17100903391838074,1.3255374431610107,0.07495620846748352,0.010336020030081272,0.11760975420475006,0.04931896924972534,0.57038414478302,0.547662079334259,0.3540418744087219,0.23081105947494507,0.17100903391838074,0.05812884867191315,0.009593133814632893,0.0020571788772940636,0.29265153408050537,0.016016507521271706,110.7364501953125,80.35155487060547,33.13422393798828,65.40125274658203,489.134765625,0.08587103337049484,0.04841666668653488,0.5725694298744202,1.4413968324661255,1.187999963760376,0.009579038247466087,0.01000003982335329,3.000000238418579,0.5,0.10962870717048645,0.33000147342681885,0.0,0.9431116580963135,0.7351028919219971,0.815351128578186,0.6449370384216309,0.45618152618408203,0.8595656752586365,0.4465566873550415,0.7872265577316284,0.8307317495346069,0.5668056011199951,0.8703542947769165,1.0,0.9960603713989258,0.4584248960018158,0.4764381945133209,1.0,0.00800000037997961,0.0020000000949949026,0.006000000052154064,1.188,0.48196077186250524,1.1014975758143715,0.10166621872618885,0.22207874560552918,0.7400419443073879,0.48042799613984305,0.24109925066642812,0.10793661423227503,0.04789519123733044,0.002105007879436016,231.20577040823946,0.9718324542045593,0.7464393377304077,0.7921486496925354,0.21604733169078827,0.7259093523025513,0.556937038898468,0.7383596897125244,0.7849907279014587,0.9960603713989258,0.9939999999478459,0.8149274282255456
trotting,1,action_space,0.0,3.0,0.0,0.5,1.0,0.10999999940395355,0.0,0.33000001311302185,1.0,0.03999999910593033,rough_slope_trot_robustness,rough_slope,0.5,trotting,1000,0.7392973899841309,0.7392973899841309,0.4662513732910156,0.08400818705558777,0.07265423983335495,0.18302729725837708,1.9042046070098877,0.07265423983335495,0.010841569863259792,0.12147872149944305,0.055128321051597595,0.5802009105682373,0.6099090576171875,0.35127177834510803,0.23351910710334778,0.18302729725837708,0.06156422197818756,0.0040169344283640385,0.001892938045784831,0.31067168712615967,0.020685186609625816,104.12266540527344,73.98133850097656,33.692047119140625,67.00971984863281,303.538330078125,0.081358902156353,0.0676666647195816,0.6436036825180054,1.6494383811950684,1.183000087738037,0.009325029328465462,0.01000003982335329,3.000000238418579,0.5,0.109550341963768,0.33000147342681885,0.0394001267850399,0.9421095848083496,0.7130559682846069,0.8973829746246338,0.652859091758728,0.4610459804534912,0.8446652889251709,0.28806158900260925,0.7851898670196533,0.8288431167602539,0.5537175536155701,0.8693752288818359,1.0,0.9912598133087158,0.21479344367980957,0.24446702003479004,1.0,0.010000000707805157,0.004000000189989805,0.006000000052154064,1.183,0.5440436497847105,1.1807981284439921,0.10412285946544012,0.23479421000441555,0.7809667455258178,0.48323814740079013,0.24812138557203722,0.0768756949506726,0.04662514664232731,0.003375052474439144,223.31873184700348,0.9721652269363403,0.7153453230857849,0.8885205984115601,0.11990733444690704,0.6611968278884888,0.5372222661972046,0.7056957483291626,0.7129576206207275,0.9912598133087158,0.9939999999478459,0.8132432731064527
trotting,1,action_space,0.0,3.0,0.0,0.5,1.0,0.10999999940395355,1.0,0.3700000047683716,-1.0,-0.03999999910593033,rough_slope_trot_robustness,rough_slope,0.5,trotting,1000,0.6946457624435425,0.6946457624435425,0.479685515165329,0.08686705678701401,0.08309946954250336,0.2037021815776825,1.49215829372406,0.08309946954250336,0.01333630457520485,0.1289151906967163,0.0611938014626503,0.6181334853172302,0.6729409098625183,0.3588452935218811,0.24638697504997253,0.2037021815776825,0.08039174973964691,0.022882290184497833,0.0022655921056866646,0.3334985375404358,0.01572740077972412,109.56025695800781,75.35958862304688,33.244384765625,65.78195190429688,604.1201782226562,0.0876772478222847,0.048583343625068665,0.579018235206604,1.4975534677505493,1.1800000667572021,0.009593711234629154,0.01000003982335329,3.000000238418579,0.5,0.1095791608095169,0.36943793296813965,-0.03943849727511406,0.9373022317886353,0.6785502433776855,0.6465520262718201,0.6445232629776001,0.42651042342185974,0.8201560974121094,0.3842472434043884,0.7655514478683472,0.8176842331886292,0.5303308367729187,0.869735062122345,1.0,0.9891728162765503,0.10160686075687408,0.13448216021060944,1.0,0.009000000543892384,0.0020000000949949026,0.007000000216066837,1.18,0.4906933800648835,1.1265492032996067,0.11548291897594574,0.24737380916873616,0.8203297567823066,0.49637382591145207,0.2835343889894961,0.1585808383449416,0.04796855617314577,0.0020316429436206818,228.40017781284607,0.9702674150466919,0.6603760719299316,0.6047394275665283,0.17223690450191498,0.7301188111305237,0.5132474899291992,0.7281281352043152,0.7843368053436279,0.9891728162765503,0.9929999997839332,0.7725740645178838
trotting,1,action_space,0.0,3.0,0.0,0.5,1.0,0.10999999940395355,1.0,0.3700000047683716,0.0,0.0,rough_slope_trot_robustness,rough_slope,0.5,trotting,1000,0.7201943397521973,0.7201943397521973,0.4788145422935486,0.08998644351959229,0.08807796984910965,0.22216159105300903,1.7610621452331543,0.08807796984910965,0.014265678822994232,0.13106365501880646,0.05604807659983635,0.6427487730979919,0.7082173824310303,0.3908042907714844,0.29010605812072754,0.22216159105300903,0.08882583677768707,0.013311896473169327,0.0024820524267852306,0.30440372228622437,0.025529660284519196,110.15703582763672,73.65560150146484,33.620391845703125,67.21896362304688,310.090576171875,0.087561696767807,0.06475000083446503,0.6601350903511047,1.6277978420257568,1.184000015258789,0.00957629457116127,0.01000003982335329,3.000000238418579,0.5,0.10958951711654663,0.3694518804550171,0.0,0.9348161816596985,0.651679515838623,0.7664756178855896,0.6147336363792419,0.4184752404689789,0.7985683679580688,0.34547245502471924,0.7521229982376099,0.8174558877944946,0.5583233833312988,0.8698647022247314,1.0,0.9921152591705322,0.2136363387107849,0.24130558967590332,1.0,0.00800000037997961,0.006000000052154064,0.0020000000949949026,1.184,0.5575465125006598,1.1725310487669525,0.11943901717192013,0.23674474988864347,0.8415565236102862,0.5386149442047886,0.29803663663665086,0.1256739786111451,0.04788147285580635,0.002118726260960102,230.06200960392374,0.9681286811828613,0.6104506850242615,0.7291476726531982,0.12920232117176056,0.6001394987106323,0.5439992547035217,0.7091364860534668,0.7234310507774353,0.9921152591705322,0.9979999999050051,0.7750556228412806
trotting,1,action_space,0.0,3.0,0.0,0.5,1.0,0.10999999940395355,1.0,0.3700000047683716,1.0,0.03999999910593033,rough_slope_trot_robustness,rough_slope,0.5,trotting,1000,0.7308441996574402,0.7308441996574402,0.4726206064224243,0.08368365466594696,0.07038363814353943,0.19424587488174438,1.718991756439209,0.07038363814353943,0.008780420757830143,0.11944243311882019,0.053505875170230865,0.5789507627487183,0.6094864010810852,0.3576784133911133,0.22970934212207794,0.19424587488174438,0.06580828130245209,0.0035767857916653156,0.0019672110211104155,0.30497050285339355,0.015052810311317444,110.58997344970703,80.38849639892578,34.202964782714844,67.53631591796875,353.9967041015625,0.08426341414451599,0.06258333474397659,0.7045732736587524,1.8551836013793945,1.187000036239624,0.009452409110963345,0.01000003982335329,3.000000238418579,0.5,0.10959327220916748,0.3694567084312439,0.039457328617572784,0.9437566995620728,0.6799322366714478,0.9031412601470947,0.6397252678871155,0.46183764934539795,0.8261003494262695,0.3740769624710083,0.7903150320053101,0.8358960151672363,0.5639632940292358,0.8699114918708801,1.0,0.9893746376037598,0.10133574903011322,0.13199388980865479,1.0,0.009000000543892384,0.0010000000474974513,0.00800000037997961,1.187,0.593574761741786,1.2501671644753218,0.0937038993736661,0.23131337006371003,0.7806961003367989,0.47928002474761866,0.2565312481988346,0.07445802047312117,0.04726204555481672,0.00273815356194973,233.9931267213149,0.9723768830299377,0.6857002973556519,0.8950462341308594,0.15037845075130463,0.7400361895561218,0.5433829426765442,0.6765631437301636,0.7313108444213867,0.9893746376037598,0.9919999996200204,0.8257195081463771
trotting,1,action_space,1.0,3.4000000953674316,0.0,0.5,-1.0,0.04999999701976776,-1.0,0.2900000214576721,-1.0,-0.03999999910593033,rough_slope_trot_robustness,rough_slope,0.5,trotting,1000,0.7093446254730225,0.7093446254730225,0.47638916969299316,0.09807594120502472,0.0792696624994278,0.2094125747680664,0.9857036471366882,0.0792696624994278,0.011678161099553108,0.12197902798652649,0.056197457015514374,0.5350034832954407,0.4787783920764923,0.4114568829536438,0.3096998631954193,0.2094125747680664,0.07757490873336792,0.020055968314409256,0.0018571449909359217,0.2820326089859009,0.020396102219820023,87.9476318359375,57.371856689453125,33.714473724365234,65.39283752441406,476.77325439453125,0.06535061448812485,0.08633333444595337,0.5484037399291992,1.1627357006072998,1.321000099182129,0.009527786634862423,0.01000003982335329,3.393441677093506,0.5,0.050492726266384125,0.29065704345703125,-0.039342958480119705,0.9246672987937927,0.665838360786438,0.6931569576263428,0.5951532125473022,0.4741448163986206,0.81209796667099,0.5511335134506226,0.7929239273071289,0.818783164024353,0.5842328667640686,0.1311609447002411,1.0,0.9842853546142578,0.0516575425863266,0.09076585620641708,1.0,0.010000000707805157,0.0,0.010000000707805157,1.321,0.41514283612675057,0.9381862749623473,0.10806554075908337,0.2370600282956078,0.6919381417991729,0.5565068402054186,0.2785227257036092,0.14803078499199138,0.047638933174312115,0.002361265942454338,184.61299590965712,0.9622552394866943,0.6449798345565796,0.6451565623283386,0.2954466938972473,0.6650307178497314,0.568891704082489,0.8024799823760986,0.6494258046150208,0.9842853546142578,0.9899999992921948,0.7871608338563851
trotting,1,action_space,1.0,3.4000000953674316,0.0,0.5,-1.0,0.04999999701976776,-1.0,0.2900000214576721,0.0,0.0,rough_slope_trot_robustness,rough_slope,0.5,trotting,1000,0.7138695120811462,0.7138695120811462,0.47508126497268677,0.09293381869792938,0.0860317051410675,0.20250439643859863,1.599578619003296,0.0860317051410675,0.014300107024610043,0.11057721078395844,0.05239855870604515,0.5320496559143066,0.4909766614437103,0.38346362113952637,0.25667762756347656,0.20250439643859863,0.07541975378990173,0.010626537725329399,0.0020053910557180643,0.29422539472579956,0.01762479916214943,81.8866195678711,52.58253479003906,33.899742126464844,65.12078857421875,600.1253662109375,0.06366658210754395,0.09133332967758179,0.5847355127334595,1.1825007200241089,1.3340001106262207,0.0095016248524189,0.01000003982335329,3.394263505935669,0.5,0.05043110251426697,0.29057496786117554,0.0,0.9291622638702393,0.6754640340805054,0.8002490401268005,0.6096376180648804,0.47905778884887695,0.8165669441223145,0.35732752084732056,0.8162548542022705,0.8109471201896667,0.5679821968078613,0.1303904950618744,1.0,0.9888544082641602,0.10187920182943344,0.13531199097633362,1.0,0.009000000543892384,0.003000000026077032,0.006000000052154064,1.334,0.4383324390051068,0.9415053548173964,0.1195830549225518,0.22890731466260564,0.7006972680435612,0.5066336226144852,0.2746265715292345,0.11239185371301366,0.0475081242620945,0.002492074854671955,172.36339465539416,0.9660431742668152,0.6635969281196594,0.776748538017273,0.1517409086227417,0.7029314041137695,0.5551867485046387,0.8012292981147766,0.6333914399147034,0.9888544082641602,0.9939999999478459,0.8048604342988448
trotting,1,action_space,1.0,3.4000000953674316,0.0,0.5,-1.0,0.04999999701976776,-1.0,0.2900000214576721,1.0,0.03999999910593033,rough_slope_trot_robustness,rough_slope,0.5,trotting,1000,0.7155877351760864,0.7155877351760864,0.4978497624397278,0.09284578263759613,0.07726392149925232,0.1983184516429901,1.6256306171417236,0.07726392149925232,0.011115968227386475,0.11962051689624786,0.051689110696315765,0.5400748252868652,0.5282614231109619,0.3975890874862671,0.2890092730522156,0.1983184516429901,0.07092437148094177,0.007671821862459183,0.0021396647207438946,0.2789159119129181,0.01583234779536724,88.14604949951172,56.534149169921875,34.071319580078125,66.00099182128906,221.2472381591797,0.062114693224430084,0.09725001454353333,0.556136965751648,1.089482069015503,1.3240001201629639,0.009956996887922287,0.01000003982335329,3.39461350440979,0.5,0.05040483549237251,0.2905397415161133,0.03946010395884514,0.93073570728302,0.6741522550582886,0.8544191122055054,0.5945432186126709,0.49457231163978577,0.8152270317077637,0.37574058771133423,0.7943927049636841,0.8099705576896667,0.5890423655509949,0.13006246089935303,1.0,0.9871386289596558,0.049692366272211075,0.08181294798851013,1.0,0.00800000037997961,0.0,0.00800000037997961,1.324,0.4200430233312878,0.9071226769586798,0.10543229214707643,0.22735239320560444,0.726815948580493,0.5375958268552832,0.2663162996906907,0.09905294838218132,0.049784984439611435,0.00021521467715501785,177.05351322766398,0.9661063551902771,0.6748248338699341,0.8218234181404114,0.1575598418712616,0.7285879254341125,0.5724489092826843,0.8140627145767212,0.6149280071258545,0.9871386289596558,0.9919999996200204,0.8180781213174526
trotting,1,action_space,1.0,3.4000000953674316,0.0,0.5,-1.0,0.04999999701976776,0.0,0.33000001311302185,-1.0,-0.03999999910593033,rough_slope_trot_robustness,rough_slope,0.5,trotting,1000,0.6938877701759338,0.6938877701759338,0.48202547430992126,0.09424597769975662,0.08003872632980347,0.2440406084060669,1.723417043685913,0.08003872632980347,0.010986868292093277,0.12090955674648285,0.05279794707894325,0.5353450179100037,0.47396066784858704,0.4187927842140198,0.31570345163345337,0.2440406084060669,0.10152328014373779,0.022553179413080215,0.0025532315485179424,0.281673789024353,0.01749596744775772,92.44864654541016,60.174957275390625,33.59268569946289,64.7308120727539,412.2882385253906,0.06459493935108185,0.09783334285020828,0.5133190155029297,1.0327959060668945,1.3240001201629639,0.009640509262681007,0.01000003982335329,3.394613742828369,0.5,0.0504048615694046,0.33000147342681885,-0.03946010023355484,0.9306309223175049,0.6062484979629517,0.6648210287094116,0.5841883420944214,0.4790166914463043,0.7681657075881958,0.34659481048583984,0.7853395938873291,0.8088141679763794,0.5876497030258179,0.13006246089935303,1.0,0.9893783330917358,0.10130444169044495,0.1317424327135086,1.0,0.009000000543892384,0.0020000000949949026,0.007000000216066837,1.324,0.387703149340304,0.883208539985802,0.10481826316102208,0.22977803872203117,0.6884480139041633,0.5618749430553505,0.3186271804848698,0.15845002670115949,0.04820254631340504,0.0017976528033614159,191.79203480430522,0.9650945067405701,0.5512548089027405,0.6052411794662476,0.14325135946273804,0.7047449350357056,0.56930011510849,0.8228228688240051,0.6131371259689331,0.9893783330917358,0.9929999997839332,0.7712880707787056
trotting,1,action_space,1.0,3.4000000953674316,0.0,0.5,-1.0,0.04999999701976776,0.0,0.33000001311302185,0.0,0.0,rough_slope_trot_robustness,rough_slope,0.5,trotting,1000,0.7094361782073975,0.7094361782073975,0.45423591136932373,0.10987308621406555,0.08461816608905792,0.2430606186389923,1.975207805633545,0.08461816608905792,0.013175470754504204,0.10999926179647446,0.046591147780418396,0.5999178886413574,0.6171903610229492,0.3840751647949219,0.26230528950691223,0.2430606186389923,0.11185105890035629,0.014572037383913994,0.004199942108243704,0.3172799348831177,0.018120374530553818,82.18540954589844,50.56829833984375,33.736690521240234,64.68064880371094,356.8929748535156,0.06183435022830963,0.1261666715145111,0.5223066210746765,1.0915634632110596,1.3300000429153442,0.00908471830189228,0.01000003982335329,3.394857883453369,0.5,0.050386570394039154,0.33000147342681885,0.0,0.9055704474449158,0.6170295476913452,0.7331460118293762,0.6100220680236816,0.4495190978050232,0.768790066242218,0.3010564148426056,0.8091387748718262,0.8062120676040649,0.547298789024353,0.12983405590057373,1.0,0.9926428198814392,0.21292591094970703,0.2393738329410553,1.0,0.00800000037997961,0.003000000026077032,0.004999999888241291,1.33,0.3927117139773261,0.9059384186952473,0.11478445345300121,0.21584982691774018,0.7856146390075411,0.5121574850638348,0.3344414132555301,0.1370108736274523,0.0454235915094614,0.00457660760730505,180.93111418281563,0.9528589844703674,0.5538924932479858,0.6869872212409973,0.10659514367580414,0.6959986686706543,0.5301687717437744,0.8144997954368591,0.5321481227874756,0.9926428198814392,0.9950000001117587,0.7794936428238687
trotting,1,action_space,1.0,3.4000000953674316,0.0,0.5,-1.0,0.04999999701976776,0.0,0.33000001311302185,1.0,0.03999999910593033,rough_slope_trot_robustness,rough_slope,0.5,trotting,1000,0.7182772159576416,0.7182772159576416,0.4943995177745819,0.084163136780262,0.0675620436668396,0.19362589716911316,1.8007745742797852,0.0675620436668396,0.007894336245954037,0.10740530490875244,0.051408134400844574,0.5236268043518066,0.5029504895210266,0.3513469994068146,0.23160840570926666,0.19362589716911316,0.06291744858026505,0.008140175603330135,0.0022753640078008175,0.3076626658439636,0.016751118004322052,79.39014434814453,49.400047302246094,33.497352600097656,64.28358459472656,251.9636993408203,0.062070444226264954,0.10000000894069672,0.5215185880661011,1.0285100936889648,1.3359999656677246,0.00988798774778843,0.01000003982335329,3.39513897895813,0.5,0.05036545544862747,0.33000147342681885,0.03951263427734375,0.9421111941337585,0.6891965866088867,0.8368250131607056,0.6478210091590881,0.48358166217803955,0.8304734230041504,0.34001192450523376,0.8244761228561401,0.8094484806060791,0.5533638596534729,0.12956994771957397,1.0,0.9905447959899902,0.10021330416202545,0.12791895866394043,1.0,0.00800000037997961,0.003000000026077032,0.004999999888241291,1.336,0.39035819961639223,0.8774068735090107,0.08885007735480052,0.22673361991739244,0.7091900235628154,0.4812571097752912,0.2508335076903902,0.10205655104465834,0.049439938738942146,0.0005602603778243065,160.57892755539038,0.9720638990402222,0.6873512268066406,0.8119546175003052,0.14104710519313812,0.7153220772743225,0.5404650568962097,0.8249267339706421,0.6065306067466736,0.9905447959899902,0.9950000001117587,0.8155618517316486
trotting,1,action_space,1.0,3.4000000953674316,0.0,0.5,-1.0,0.04999999701976776,1.0,0.3700000047683716,-1.0,-0.03999999910593033,rough_slope_trot_robustness,rough_slope,0.5,trotting,1000,0.6815251111984253,0.6815251111984253,0.4727623462677002,0.09993943572044373,0.0778803676366806,0.26452142000198364,1.6524195671081543,0.0778803676366806,0.011058476753532887,0.11428740620613098,0.04818320646882057,0.5612961649894714,0.5311684608459473,0.365234911441803,0.24195978045463562,0.26452142000198364,0.1227327212691307,0.020732948556542397,0.0040452852845191956,0.32024651765823364,0.020937882363796234,84.54742431640625,51.87007522583008,33.991546630859375,64.30928802490234,299.97113037109375,0.0662481039762497,0.08925000578165054,0.5686095952987671,1.1471543312072754,1.3340001106262207,0.009455244056880474,0.01000003982335329,3.395214319229126,0.5,0.05035983398556709,0.36951935291290283,-0.03952012211084366,0.9204753637313843,0.5680761337280273,0.6524145603179932,0.6266864538192749,0.46534615755081177,0.7390269041061401,0.3507816195487976,0.8035060167312622,0.8080236911773682,0.5411944389343262,0.12949997186660767,1.0,0.988567590713501,0.04870009422302246,0.07725170254707336,0.9998000264167786,0.00800000037997961,0.0010000000474974513,0.007000000216066837,1.334,0.4262440008023332,0.9273272102008333,0.10515929228333978,0.21950673444981267,0.7288130493109651,0.4918940744252116,0.3503323012071977,0.15741103468645898,0.04727622028440237,0.0027239788323640823,178.83705202810617,0.9608359932899475,0.49672645330429077,0.6092268228530884,0.1535714864730835,0.6578636169433594,0.5270324945449829,0.80655437707901,0.6400237083435059,0.988567590713501,0.9929999997839332,0.7649135547935179
trotting,1,action_space,1.0,3.4000000953674316,0.0,0.5,-1.0,0.04999999701976776,1.0,0.3700000047683716,0.0,0.0,rough_slope_trot_robustness,rough_slope,0.5,trotting,1000,0.7034823298454285,0.7034823298454285,0.49379977583885193,0.08903959393501282,0.0776316300034523,0.24215878546237946,2.1766841411590576,0.0776316300034523,0.011029127053916454,0.09920452535152435,0.039746906608343124,0.5552219748497009,0.5337203741073608,0.38566088676452637,0.2840333878993988,0.24215878546237946,0.09307050704956055,0.01061306707561016,0.002178765833377838,0.30305296182632446,0.017235156148672104,84.59741973876953,56.57373809814453,33.94266128540039,65.46818542480469,294.9544372558594,0.06533845514059067,0.09216666966676712,0.5387226343154907,1.092745304107666,1.3340001106262207,0.009875995106995106,0.01000003982335329,3.3958137035369873,0.5,0.05031486600637436,0.3695794343948364,0.0,0.9363196492195129,0.5918727517127991,0.8015282154083252,0.6137005090713501,0.47207221388816833,0.7599948644638062,0.2631632387638092,0.8340244889259338,0.8157757520675659,0.5591951608657837,0.1289374679327011,1.0,0.9917386770248413,0.09895181655883789,0.1226256936788559,0.9998000264167786,0.007000000216066837,0.003000000026077032,0.004000000189989805,1.334,0.4038400721514243,0.9050686511303966,0.10501965079886932,0.19936626246269232,0.7305616839852477,0.5329478284967477,0.305074592599188,0.1131009854465822,0.04937997553497553,0.0006202235817909241,171.31927529747867,0.9687853455543518,0.5563215613365173,0.7742684483528137,0.09096626192331314,0.7084306478500366,0.5454708337783813,0.8148205876350403,0.6307578086853027,0.9917386770248413,0.9959999998100102,0.8007671375464844
trotting,1,action_space,1.0,3.4000000953674316,0.0,0.5,-1.0,0.04999999701976776,1.0,0.3700000047683716,1.0,0.03999999910593033,rough_slope_trot_robustness,rough_slope,0.5,trotting,1000,0.7080176472663879,0.7080176472663879,0.4932783842086792,0.08363504707813263,0.07222206890583038,0.24546107649803162,1.8135404586791992,0.07222206890583038,0.010076073929667473,0.10578326880931854,0.043889544904232025,0.5304661989212036,0.479917049407959,0.37453263998031616,0.2625143527984619,0.24546107649803162,0.09536179155111313,0.006025528535246849,0.002010122174397111,0.3130649924278259,0.016130758449435234,82.483642578125,53.41944122314453,33.96019744873047,65.29544067382812,221.6134796142578,0.06361939013004303,0.10233333706855774,0.5687445402145386,1.136361002922058,1.3370001316070557,0.009865565225481987,0.01000003982335329,3.395214080810547,0.5,0.050359856337308884,0.3695194125175476,0.039520107209682465,0.9410485029220581,0.5945891737937927,0.8682124614715576,0.6263811588287354,0.48244261741638184,0.7604918479919434,0.2889817953109741,0.8262730240821838,0.8142781853675842,0.5478057265281677,0.12949995696544647,1.0,0.9885676503181458,0.04870012030005455,0.07725158333778381,1.0,0.00800000037997961,0.0010000000474974513,0.007000000216066837,1.337,0.42538856158260097,0.9219183285806672,0.10037964898159125,0.20949831718711256,0.692760456007673,0.5123615450035862,0.3088070458249182,0.08964179108900022,0.049327826127409935,0.0006723729893565178,167.21519778420023,0.9724085330963135,0.5474351048469543,0.8515363931655884,0.1333121508359909,0.7242525219917297,0.5346569418907166,0.8085737824440002,0.5994955897331238,0.9885676503181458,0.9929999997839332,0.8222143529963338
trotting,1,action_space,1.0,3.4000000953674316,0.0,0.5,0.0,0.07999999821186066,-1.0,0.2900000214576721,-1.0,-0.03999999910593033,rough_slope_trot_robustness,rough_slope,0.5,trotting,1000,0.7191669940948486,0.7191669940948486,0.4709357023239136,0.08253857493400574,0.07220505177974701,0.19084471464157104,1.3231086730957031,0.07220505177974701,0.00971943512558937,0.11211612075567245,0.05022704228758812,0.5122256278991699,0.4693518280982971,0.3579227924346924,0.23382145166397095,0.19084471464157104,0.06441506743431091,0.017219986766576767,0.001910438179038465,0.3004351854324341,0.01465258002281189,90.391357421875,61.66218948364258,33.70582962036133,66.18411254882812,542.558349609375,0.07073220610618591,0.06800000369548798,0.6119460463523865,1.3837833404541016,1.3320000171661377,0.009418709203600883,0.01000003982335329,3.3940136432647705,0.5,0.08000031858682632,0.290600061416626,-0.03940010815858841,0.9441606998443604,0.695267915725708,0.7118604183197021,0.6334812641143799,0.5063869953155518,0.8327827453613281,0.47895386815071106,0.81041419506073,0.8252686262130737,0.559518575668335,0.5,1.0,0.9881981015205383,0.10248072445392609,0.13630053400993347,1.0,0.010000000707805157,0.0,0.010000000707805157,1.332,0.4594189526440503,1.0192528490353858,0.09858719554581807,0.22411390471719536,0.6850925689994726,0.48355087805108055,0.25380123607719274,0.13831277940094774,0.04709354601800442,0.0029066530987620354,191.93991234009914,0.973117470741272,0.6947404146194458,0.6820798516273499,0.21925991773605347,0.7459836602210999,0.5483341813087463,0.7712681889533997,0.7117702960968018,0.9881981015205383,0.9899999992921948,0.7975995937166245
trotting,1,action_space,1.0,3.4000000953674316,0.0,0.5,0.0,0.07999999821186066,-1.0,0.2900000214576721,0.0,0.0,rough_slope_trot_robustness,rough_slope,0.5,trotting,1000,0.7228564620018005,0.7228564620018005,0.48173093795776367,0.09141501784324646,0.08072999119758606,0.1813245713710785,2.0286831855773926,0.08072999119758606,0.01411902904510498,0.11719459295272827,0.052329376339912415,0.566059947013855,0.585237443447113,0.37571990489959717,0.2596924602985382,0.1813245713710785,0.07466081529855728,0.01094928290694952,0.002152930246666074,0.2739318609237671,0.02231229841709137,99.99510192871094,68.70794677734375,33.613319396972656,66.09715270996094,621.5960693359375,0.07019341737031937,0.07833333313465118,0.6517983675003052,1.474205493927002,1.3410000801086426,0.009634614922106266,0.01000003982335329,3.394253730773926,0.5,0.08000031858682632,0.2905759811401367,0.0,0.9307160973548889,0.7218512296676636,0.7999610900878906,0.6162175536155701,0.476741760969162,0.8493452668190002,0.24284180998802185,0.7942312359809875,0.8194931745529175,0.5929315090179443,0.5,1.0,0.9917687177658081,0.21422147750854492,0.2436707615852356,1.0,0.009000000543892384,0.0010000000474974513,0.00800000037997961,1.341,0.486053944700783,1.048490824946601,0.11882352058874952,0.22875615038707137,0.7650081329287376,0.5096002946413377,0.27324131330850626,0.11446489922074625,0.04817307461053133,0.0018271245062351227,207.57458998300442,0.967125654220581,0.7197970151901245,0.7694769501686096,0.0991557165980339,0.640026330947876,0.578183650970459,0.7596988081932068,0.6759293675422668,0.9917687177658081,0.9919999996200204,0.7866107776859089
trotting,1,action_space,1.0,3.4000000953674316,0.0,0.5,0.0,0.07999999821186066,-1.0,0.2900000214576721,1.0,0.03999999910593033,rough_slope_trot_robustness,rough_slope,0.5,trotting,1000,0.7262256741523743,0.7262256741523743,0.49210721254348755,0.08045072853565216,0.07028010487556458,0.17091189324855804,1.7040858268737793,0.07028010487556458,0.009794618003070354,0.10788834095001221,0.05131089314818382,0.5323952436447144,0.572441041469574,0.3669527769088745,0.2998855710029602,0.17091189324855804,0.05689563602209091,0.004783830139786005,0.001912385574541986,0.3018491566181183,0.017313046380877495,92.157958984375,65.17906188964844,33.57263946533203,66.25635528564453,398.2024841308594,0.06870463490486145,0.08650000393390656,0.6430503129959106,1.5272254943847656,1.3370001316070557,0.009842143394052982,0.01000003982335329,3.3940134048461914,0.5,0.08000031858682632,0.2906000018119812,0.039400093257427216,0.9458366632461548,0.7331507802009583,0.8866003751754761,0.6430116891860962,0.49261474609375,0.8561441898345947,0.31130868196487427,0.8248922824859619,0.8182530403137207,0.5588212609291077,0.5,1.0,0.9881981611251831,0.10248073935508728,0.13630084693431854,1.0,0.010000000707805157,0.0,0.010000000707805157,1.337,0.48096506579562454,1.0687740290439967,0.09896776244348639,0.2265190789937656,0.7565983356243747,0.5476180886374739,0.2385280612885849,0.08183040824979422,0.04921071697026491,0.0007894821465015411,187.27211598474793,0.9744429588317871,0.7466873526573181,0.8746562600135803,0.14957188069820404,0.7073279023170471,0.5467857122421265,0.7515861392021179,0.6488848328590393,0.9881981611251831,0.9899999992921948,0.822205288286664
trotting,1,action_space,1.0,3.4000000953674316,0.0,0.5,0.0,0.07999999821186066,0.0,0.33000001311302185,-1.0,-0.03999999910593033,rough_slope_trot_robustness,rough_slope,0.5,trotting,1000,0.723618745803833,0.723618745803833,0.48349517583847046,0.07586987316608429,0.07949582487344742,0.20324000716209412,1.219321608543396,0.07949582487344742,0.011781234294176102,0.11753302812576294,0.0537298321723938,0.56623774766922,0.5496664047241211,0.3727986514568329,0.2656296491622925,0.20324000716209412,0.06786693632602692,0.02129622921347618,0.0023424760438501835,0.30670180916786194,0.022180359810590744,94.31148529052734,62.14796447753906,33.337989807128906,64.97589111328125,222.40591430664062,0.0734461098909378,0.07350000739097595,0.6410341262817383,1.509873867034912,1.3350000381469727,0.009669899940490723,0.01000003982335329,3.3940136432647705,0.5,0.08000031858682632,0.33000147342681885,-0.03940015658736229,0.9456640481948853,0.6673362255096436,0.6659834384918213,0.6263419389724731,0.4510851502418518,0.8141236305236816,0.4891030192375183,0.7966891527175903,0.8132825493812561,0.5557395219802856,0.5,1.0,0.9912598133087158,0.21479296684265137,0.24446377158164978,1.0,0.010000000707805157,0.003000000026077032,0.007000000216066837,1.335,0.4801753240578184,1.0634808860430602,0.10854139438101991,0.23179696325101803,0.741394904706069,0.5153927135324019,0.26051283332309544,0.1537488382308184,0.04834949970245361,0.0016506994143128395,195.06189514088473,0.977238118648529,0.661619246006012,0.6232708692550659,0.23341290652751923,0.6417174339294434,0.5415046811103821,0.7537097930908203,0.6924632787704468,0.9912598133087158,0.9929999997839332,0.7743733648308798
trotting,1,action_space,1.0,3.4000000953674316,0.0,0.5,0.0,0.07999999821186066,0.0,0.33000001311302185,0.0,0.0,rough_slope_trot_robustness,rough_slope,0.5,trotting,1000,0.7583388686180115,0.7583388686180115,0.4894716739654541,0.09016887843608856,0.07805328816175461,0.20694799721240997,1.8198740482330322,0.07805328816175461,0.011857004836201668,0.12478521466255188,0.056746162474155426,0.5588246583938599,0.5840880274772644,0.39277639985084534,0.2820684015750885,0.20694799721240997,0.07553046941757202,0.01158374734222889,0.0022175114136189222,0.28232061862945557,0.017909448593854904,101.1264877319336,69.33470916748047,33.63451385498047,66.08567810058594,590.9552612304688,0.0712929517030716,0.08800000697374344,0.6203190088272095,1.38021719455719,1.3370000123977661,0.009789438918232918,0.01000003982335329,3.3939669132232666,0.5,0.08000031858682632,0.33000147342681885,0.0,0.931660532951355,0.6682719588279724,0.7937600612640381,0.6091091632843018,0.4760515093803406,0.8129624128341675,0.2817896008491516,0.7897778749465942,0.8190405368804932,0.5815812349319458,0.5,1.0,0.9950953722000122,0.46042972803115845,0.481392502784729,1.0,0.010000000707805157,0.003000000026077032,0.007000000216066837,1.337,0.46396332814252994,1.0160334548457042,0.10888987481029477,0.23821453035899265,0.7642565194208449,0.5311011217979948,0.2748280724699935,0.11747875874322052,0.04894719459116459,0.0010530045256018639,206.60335032803326,0.9680014252662659,0.6516323685646057,0.758793830871582,0.12783508002758026,0.6989409923553467,0.5685641169548035,0.7725326418876648,0.6440364122390747,0.9950953722000122,0.9929999997839332,0.796587985352074
trotting,1,action_space,1.0,3.4000000953674316,0.0,0.5,0.0,0.07999999821186066,0.0,0.33000001311302185,1.0,0.03999999910593033,rough_slope_trot_robustness,rough_slope,0.5,trotting,1000,0.7362818717956543,0.7362818717956543,0.48041391372680664,0.09645025432109833,0.07884011417627335,0.21050599217414856,1.7157009840011597,0.07884011417627335,0.010623617097735405,0.12144149839878082,0.053175076842308044,0.5428805351257324,0.4972124397754669,0.40804100036621094,0.2872105836868286,0.21050599217414856,0.08017773926258087,0.005851029418408871,0.001942925387993455,0.27661144733428955,0.014669234864413738,102.54620361328125,71.08622741699219,33.551971435546875,66.46256256103516,331.3147888183594,0.07223331183195114,0.06433333456516266,0.5935105085372925,1.3167531490325928,1.3270001411437988,0.009608272463083267,0.01000003982335329,3.3940136432647705,0.5,0.08000031858682632,0.33000147342681885,0.039400093257427216,0.9286528825759888,0.6637444496154785,0.8700668811798096,0.5863630771636963,0.47955799102783203,0.8116623759269714,0.3141285181045532,0.7823387384414673,0.8253530263900757,0.58940190076828,0.5,1.0,0.9912598729133606,0.21479371190071106,0.24446886777877808,1.0,0.010000000707805157,0.0020000000949949026,0.00800000037997961,1.327,0.44725734592831573,0.9961315725545998,0.10307093236085238,0.23059721776792547,0.7051329234800109,0.5359203146801105,0.2831567397442287,0.08828337786017437,0.048041362315416336,0.0019588368013501167,213.45385860659195,0.9634732007980347,0.6420251727104187,0.8556626439094543,0.1454135775566101,0.745735228061676,0.5750933289527893,0.7803056836128235,0.7249398231506348,0.9912598729133606,0.9919999996200204,0.8228900866386922
trotting,1,action_space,1.0,3.4000000953674316,0.0,0.5,0.0,0.07999999821186066,1.0,0.3700000047683716,-1.0,-0.03999999910593033,rough_slope_trot_robustness,rough_slope,0.5,trotting,1000,0.6998200416564941,0.6998200416564941,0.49053776264190674,0.0797814354300499,0.07962045073509216,0.24952706694602966,1.6607019901275635,0.07962045073509216,0.01381359901279211,0.11395648121833801,0.045538321137428284,0.5496379137039185,0.5484888553619385,0.3692116141319275,0.24636109173297882,0.24952706694602966,0.09687459468841553,0.01795067824423313,0.002373453928157687,0.2958345413208008,0.020116224884986877,101.42152404785156,70.42285919189453,33.25052261352539,65.51202392578125,179.9861602783203,0.07219579815864563,0.08075001090765,0.6399316787719727,1.4427905082702637,1.3359999656677246,0.009810756891965866,0.01000003982335329,3.3952136039733887,0.5,0.08000031858682632,0.3695194125175476,-0.03952012211084366,0.9436463117599487,0.5849481821060181,0.7029201984405518,0.6354981660842896,0.48993274569511414,0.7549077272415161,0.33286136388778687,0.7930290699005127,0.8187898397445679,0.5680183172225952,0.5,1.0,0.9905585050582886,0.10012812912464142,0.12718415260314941,0.9998000264167786,0.00800000037997961,0.0010000000474974513,0.007000000216066837,1.336,0.4789907489708084,1.039198262820389,0.11753126823442395,0.21339709730319267,0.7406003344327752,0.4963477528235409,0.31124683884083953,0.14256273065703678,0.04905378445982933,0.0009464146569371223,206.75579287030226,0.9748610854148865,0.5365274548530579,0.6659886837005615,0.14413946866989136,0.6687636971473694,0.553402841091156,0.7633922696113586,0.6678110361099243,0.9905585050582886,0.9929999997839332,0.7770400507571666
trotting,1,action_space,1.0,3.4000000953674316,0.0,0.5,0.0,0.07999999821186066,1.0,0.3700000047683716,0.0,0.0,rough_slope_trot_robustness,rough_slope,0.5,trotting,1000,0.7262488603591919,0.7262488603591919,0.4810255765914917,0.0899987518787384,0.07676205039024353,0.2321714460849762,1.7623748779296875,0.07676205039024353,0.010636959224939346,0.11618632823228836,0.05118078738451004,0.5391383767127991,0.5046788454055786,0.390664666891098,0.26230698823928833,0.2321714460849762,0.08443325757980347,0.011742549948394299,0.0025041126646101475,0.30857521295547485,0.01615227200090885,96.80158996582031,65.40304565429688,33.605865478515625,65.65975952148438,159.84877014160156,0.07388769090175629,0.07016666233539581,0.6393537521362305,1.4430570602416992,1.3310000896453857,0.009620512835681438,0.01000003982335329,3.394629955291748,0.5,0.08000031858682632,0.3694610595703125,0.0,0.9362219572067261,0.6094416379928589,0.7824338674545288,0.603190541267395,0.48381781578063965,0.7756574749946594,0.3389425575733185,0.8008037805557251,0.8223835229873657,0.552293062210083,0.5,1.0,0.992134690284729,0.21347658336162567,0.2400168478488922,0.9998000264167786,0.009000000543892384,0.0010000000474974513,0.00800000037997961,1.331,0.48035594272398574,1.0412444899160662,0.10313563508768124,0.22623171171281456,0.7104075206566852,0.5121591434693794,0.2905740139444742,0.11935938426870527,0.04810256417840719,0.0018976349383592606,201.24000609645032,0.9681200981140137,0.5833104252815247,0.7520644664764404,0.1387454867362976,0.7239409685134888,0.5394795536994934,0.7625802755355835,0.7041011452674866,0.992134690284729,0.9919999996200204,0.7988079435829271
trotting,1,action_space,1.0,3.4000000953674316,0.0,0.5,0.0,0.07999999821186066,1.0,0.3700000047683716,1.0,0.03999999910593033,rough_slope_trot_robustness,rough_slope,0.5,trotting,1000,0.7220034599304199,0.7220034599304199,0.48673397302627563,0.08826689422130585,0.07785117626190186,0.23612208664417267,1.5763509273529053,0.07785117626190186,0.011927592568099499,0.11519460380077362,0.05329636484384537,0.550583004951477,0.5253092050552368,0.3770073652267456,0.26070404052734375,0.23612208664417267,0.0899631455540657,0.005405048839747906,0.002206293400377035,0.30962157249450684,0.016782395541667938,97.45770263671875,66.81736755371094,33.422054290771484,65.98876953125,279.7177734375,0.07144323736429214,0.08041666448116302,0.6048738956451416,1.3559560775756836,1.3310000896453857,0.009734676219522953,0.01000003982335329,3.394613742828369,0.5,0.08000031858682632,0.36945950984954834,0.03946009278297424,0.9357221722602844,0.6035336852073669,0.8737915754318237,0.6186176538467407,0.48103588819503784,0.7684371471405029,0.35710999369621277,0.8041490316390991,0.8175349235534668,0.551844596862793,0.5,1.0,0.9893783330917358,0.10130444169044495,0.13174232840538025,1.0,0.009000000543892384,0.0010000000474974513,0.00800000037997961,1.331,0.45445071477624904,1.009331389217054,0.10921351824796918,0.23086005467348691,0.7247821776611486,0.5105918531736907,0.2999385696339597,0.08724300682647831,0.048673381097614765,0.0013268180191516876,200.22786170189445,0.9693164229393005,0.5726180076599121,0.8587934374809265,0.16285373270511627,0.7148747444152832,0.5383517146110535,0.775158703327179,0.6689249873161316,0.9893783330917358,0.9919999996200204,0.8223285261835707
trotting,1,action_space,1.0,3.4000000953674316,0.0,0.5,1.0,0.10999999940395355,-1.0,0.2900000214576721,-1.0,-0.03999999910593033,rough_slope_trot_robustness,rough_slope,0.5,trotting,1000,0.708354115486145,0.708354115486145,0.45445162057876587,0.09022760391235352,0.08276950567960739,0.18518035113811493,1.2960600852966309,0.08276950567960739,0.014048338867723942,0.10834449529647827,0.043532341718673706,0.5450695753097534,0.528843879699707,0.3725068271160126,0.259673535823822,0.18518035113811493,0.07292722910642624,0.016685059294104576,0.002334699034690857,0.3044242262840271,0.015148087404668331,107.83828735351562,77.98013305664062,33.6845703125,66.68376159667969,384.7669982910156,0.07855203747749329,0.07250000536441803,0.7005245685577393,1.8397623300552368,1.3370001316070557,0.009089029394090176,0.01000003982335329,3.3942532539367676,0.5,0.10956835001707077,0.2905760109424591,-0.03942412883043289,0.9339216947555542,0.7289994955062866,0.7127410769462585,0.6341818571090698,0.4751832187175751,0.8523602485656738,0.47094500064849854,0.8145351409912109,0.8234338760375977,0.5577898025512695,0.8696001768112183,1.0,0.9864683747291565,0.050126031041145325,0.08541439473628998,1.0,0.009000000543892384,0.0020000000949949026,0.007000000216066837,1.337,0.5239525326348635,1.1730462701894682,0.11852568864058095,0.20864405507627987,0.7272165287585995,0.509581726344089,0.2700504195635071,0.1379121398891172,0.04544514697045088,0.004555052146315575,237.2932177382895,0.9679604172706604,0.7096966505050659,0.6835912466049194,0.20658840239048004,0.7386273741722107,0.543976902961731,0.708922266960144,0.6959342956542969,0.9864683747291565,0.9929999997839332,0.7910624802798817
trotting,1,action_space,1.0,3.4000000953674316,0.0,0.5,1.0,0.10999999940395355,-1.0,0.2900000214576721,0.0,0.0,rough_slope_trot_robustness,rough_slope,0.5,trotting,1000,0.7283959984779358,0.7283959984779358,0.4571320414543152,0.08052335679531097,0.07720936834812164,0.1657196432352066,1.4004454612731934,0.07720936834812164,0.013116581365466118,0.10597430169582367,0.0477905347943306,0.5387729406356812,0.572673499584198,0.34347325563430786,0.21820074319839478,0.1657196432352066,0.05192197114229202,0.009562106803059578,0.002047513844445348,0.31131303310394287,0.017718130722641945,99.06466674804688,69.43557739257812,33.55921173095703,66.08915710449219,191.7608642578125,0.07577403634786606,0.06258334219455719,0.6744709014892578,1.5963561534881592,1.3370001316070557,0.009142640978097916,0.01000003982335329,3.3945677280426025,0.5,0.10959190130233765,0.29054462909698486,0.0,0.9443522691726685,0.7377625703811646,0.8125295639038086,0.6542235612869263,0.487972617149353,0.8648228645324707,0.44683241844177246,0.8301151990890503,0.8254769444465637,0.5486114025115967,0.86989426612854,1.0,0.989368200302124,0.1013575941324234,0.1322210282087326,1.0,0.009000000543892384,0.0010000000474974513,0.00800000037997961,1.337,0.5044658378424177,1.0926955262617206,0.11452764454692202,0.21861046359753825,0.7567519405883265,0.46711962407759616,0.22786393120082,0.10774794962088571,0.04571320489048958,0.0042869942262768745,216.70908570067317,0.9743974208831787,0.759853184223175,0.7927935719490051,0.18961168825626373,0.7016205191612244,0.5365335941314697,0.7419333457946777,0.7313108444213867,0.989368200302124,0.9919999996200204,0.8093924022916901
trotting,1,action_space,1.0,3.4000000953674316,0.0,0.5,1.0,0.10999999940395355,-1.0,0.2900000214576721,1.0,0.03999999910593033,rough_slope_trot_robustness,rough_slope,0.5,trotting,1000,0.7032231092453003,0.7032231092453003,0.47820135951042175,0.08958472311496735,0.0748768299818039,0.18065303564071655,2.1634371280670166,0.0748768299818039,0.010374778881669044,0.1184108704328537,0.05234021693468094,0.5722817778587341,0.5702587962150574,0.39546114206314087,0.28376391530036926,0.18065303564071655,0.0657411739230156,0.006564675830304623,0.0020457745995372534,0.29449325799942017,0.016263093799352646,112.20759582519531,80.92430114746094,33.284767150878906,66.09732055664062,385.1051330566406,0.07918019592761993,0.06433333456516266,0.7098785638809204,1.8017337322235107,1.3359999656677246,0.009564024396240711,0.01000003982335329,3.394613742828369,0.5,0.10959535837173462,0.2905399203300476,0.03946009278297424,0.9363672733306885,0.7181679010391235,0.8625736236572266,0.609642505645752,0.4504568576812744,0.8475472927093506,0.22378630936145782,0.79599928855896,0.8158522844314575,0.5694034695625305,0.869937539100647,1.0,0.9871386289596558,0.04969236999750137,0.08181290328502655,1.0,0.009000000543892384,0.0020000000949949026,0.007000000216066837,1.336,0.5313462126040887,1.1612936863179055,0.10185665850433659,0.22877984381208266,0.7551548160576461,0.5326949552045422,0.2564004171662277,0.09279251278978211,0.047820121981203556,0.0021800771355628967,234.64507909402943,0.9684081077575684,0.721548855304718,0.8418031930923462,0.09339356422424316,0.7223381400108337,0.5548893809318542,0.7138012051582336,0.7249398231506348,0.9871386289596558,0.9929999997839332,0.8086569706762308
trotting,1,action_space,1.0,3.4000000953674316,0.0,0.5,1.0,0.10999999940395355,0.0,0.33000001311302185,-1.0,-0.03999999910593033,rough_slope_trot_robustness,rough_slope,0.5,trotting,1000,0.692747175693512,0.692747175693512,0.4666765332221985,0.09876862168312073,0.07936540246009827,0.1937028467655182,1.8301712274551392,0.07936540246009827,0.011736949905753136,0.1221502423286438,0.05135948210954666,0.5601903200149536,0.5493984222412109,0.38271594047546387,0.262504905462265,0.1937028467655182,0.0629676878452301,0.022658556699752808,0.0026050289161503315,0.30992746353149414,0.016485437750816345,111.90641784667969,78.43943786621094,32.94929885864258,66.04276275634766,209.95594787597656,0.08110127598047256,0.0676666796207428,0.7403467893600464,1.8607420921325684,1.3340001106262207,0.009333529509603977,0.01000003982335329,3.3945670127868652,0.5,0.10959186404943466,0.33000147342681885,-0.03945542871952057,0.92637038230896,0.6806516647338867,0.6611599922180176,0.6157294511795044,0.4580863118171692,0.8234167098999023,0.32114022970199585,0.7767102718353271,0.8186910152435303,0.5536259412765503,0.8698938488960266,1.0,0.989368200302124,0.10135810077190399,0.13222458958625793,1.0,0.009000000543892384,0.0020000000949949026,0.007000000216066837,1.334,0.5549825642598623,1.1810415401299437,0.10833720462404933,0.22662630498145325,0.7412141541020456,0.512352325516597,0.25093363235172383,0.15894522835210606,0.046667647548019886,0.0033325515687465668,239.7943969327417,0.9617305397987366,0.6871463656425476,0.6033415794372559,0.12682968378067017,0.7191331386566162,0.5380224585533142,0.7055943608283997,0.7129575610160828,0.989368200302124,0.9929999997839332,0.7625686061127406
trotting,1,action_space,1.0,3.4000000953674316,0.0,0.5,1.0,0.10999999940395355,0.0,0.33000001311302185,0.0,0.0,rough_slope_trot_robustness,rough_slope,0.5,trotting,1000,0.7242835760116577,0.7242835760116577,0.4641519784927368,0.08289922773838043,0.08076664805412292,0.19950367510318756,2.060581922531128,0.08076664805412292,0.01193710882216692,0.11552795022726059,0.05181305110454559,0.540158748626709,0.5187681913375854,0.37149709463119507,0.24776071310043335,0.19950367510318756,0.07611548900604248,0.009529857896268368,0.002112551126629114,0.3018321394920349,0.01945055089890957,108.95115661621094,78.61624908447266,33.733253479003906,67.32620239257812,163.775634765625,0.07785862684249878,0.07983334362506866,0.7653188705444336,1.9042003154754639,1.3380000591278076,0.009283037856221199,0.01000003982335329,3.394714832305908,0.5,0.10960296541452408,0.33000147342681885,0.0,0.9400172233581543,0.6727421879768372,0.8140736818313599,0.6193032264709473,0.478809118270874,0.8159661293029785,0.24942302703857422,0.8036812543869019,0.8193274736404419,0.5606342554092407,0.870032787322998,1.0,0.9921826124191284,0.21332210302352905,0.23868858814239502,1.0,0.009000000543892384,0.0010000000474974513,0.00800000037997961,1.338,0.5719871806100523,1.1929664935749875,0.10925707676012075,0.2276248033597077,0.7202556430445967,0.4977556761107133,0.2758903568558395,0.10789999547218472,0.046415189281105995,0.0035850098356604576,234.73164322171652,0.972885251045227,0.6716504693031311,0.7922738194465637,0.10032663494348526,0.6777268052101135,0.5468043088912964,0.7006181478500366,0.6708788275718689,0.9921826124191284,0.9919999996200204,0.7936712325501599
trotting,1,action_space,1.0,3.4000000953674316,0.0,0.5,1.0,0.10999999940395355,0.0,0.33000001311302185,1.0,0.03999999910593033,rough_slope_trot_robustness,rough_slope,0.5,trotting,1000,0.7220585942268372,0.7220585942268372,0.47044825553894043,0.08103562891483307,0.07592067122459412,0.19600611925125122,1.8633618354797363,0.07592067122459412,0.010703101754188538,0.12436377257108688,0.06111183017492294,0.5413342714309692,0.5188975930213928,0.36976367235183716,0.23905226588249207,0.19600611925125122,0.06182532012462616,0.005580891855061054,0.0020674318075180054,0.3153388798236847,0.016919756308197975,103.09963989257812,71.95552062988281,33.69012451171875,66.16520690917969,277.55316162109375,0.07836899161338806,0.07066667079925537,0.7536298036575317,1.9302029609680176,1.3380000591278076,0.009408971294760704,0.01000003982335329,3.3940415382385254,0.5,0.10955244302749634,0.33000147342681885,0.03940291702747345,0.9429892301559448,0.6759979724884033,0.869545578956604,0.6345956921577454,0.4795757532119751,0.824228048324585,0.3158954679965973,0.7873789072036743,0.8237553834915161,0.5469223260879517,0.8694013357162476,1.0,0.9882017374038696,0.10244923830032349,0.13604779541492462,1.0,0.010000000707805157,0.0010000000474974513,0.009000000543892384,1.338,0.5632509422587351,1.2010841144439626,0.10345579613626554,0.247208070610413,0.7203454678287307,0.4889297146650959,0.24864697891715104,0.08745469491444732,0.04704485647380352,0.0029553426429629326,219.151923040863,0.9740749001502991,0.681006133556366,0.8581584692001343,0.12525247037410736,0.7129135727882385,0.5322309732437134,0.6972224712371826,0.7023430466651917,0.9882017374038696,0.9909999994561076,0.8137235931169831
trotting,1,action_space,1.0,3.4000000953674316,0.0,0.5,1.0,0.10999999940395355,1.0,0.3700000047683716,-1.0,-0.03999999910593033,rough_slope_trot_robustness,rough_slope,0.5,trotting,1000,0.693731963634491,0.693731963634491,0.46689295768737793,0.08972342312335968,0.07431784272193909,0.21441446244716644,1.7484023571014404,0.07431784272193909,0.010443733073771,0.11084576696157455,0.04347746819257736,0.548260509967804,0.5281423330307007,0.34577637910842896,0.2233494371175766,0.21441446244716644,0.07231970876455307,0.016884170472621918,0.0029677124693989754,0.3221835494041443,0.018677229061722755,111.19747924804688,80.09867858886719,33.53753662109375,66.94151306152344,187.8716583251953,0.08216628432273865,0.05183333903551102,0.6817805171012878,1.7459673881530762,1.340000033378601,0.009337859228253365,0.01000003982335329,3.3952136039733887,0.5,0.10964034497737885,0.36951953172683716,-0.03952009603381157,0.9364296197891235,0.6358129978179932,0.701937198638916,0.652549684047699,0.48593300580978394,0.7951396703720093,0.3438453674316406,0.8022887706756592,0.8188596963882446,0.5414414405822754,0.8705000281333923,1.0,0.9885676503181458,0.048700135201215744,0.07725153863430023,0.9998000264167786,0.00800000037997961,0.003000000026077032,0.004999999888241291,1.34,0.5087914310284515,1.141473022267441,0.10219458436615415,0.20851251327576809,0.7267340180772472,0.47259860041855456,0.2689232395397487,0.1408967101887794,0.04668929614126682,0.00331090297549963,238.16482432896848,0.9683117866516113,0.6314505338668823,0.6723086833953857,0.14124248921871185,0.6882902979850769,0.5249947309494019,0.7219927906990051,0.7716943621635437,0.9885676503181458,0.9950000001117587,0.7768032797367165
trotting,1,action_space,1.0,3.4000000953674316,0.0,0.5,1.0,0.10999999940395355,1.0,0.3700000047683716,0.0,0.0,rough_slope_trot_robustness,rough_slope,0.5,trotting,1000,0.7112326622009277,0.7112326622009277,0.4905303120613098,0.07413777709007263,0.06955809891223907,0.21551847457885742,1.8782384395599365,0.06955809891223907,0.009733553975820541,0.1091332733631134,0.046449750661849976,0.5402377247810364,0.5253609418869019,0.33629950881004333,0.21309024095535278,0.21551847457885742,0.07739027589559555,0.011267893947660923,0.002560908906161785,0.3322669267654419,0.01916782185435295,108.97579956054688,77.9085693359375,33.79403305053711,67.31375122070312,477.9465637207031,0.07908018678426743,0.078083336353302,0.7310777902603149,1.893463134765625,1.3420000076293945,0.009810606017708778,0.01000003982335329,3.3951356410980225,0.5,0.10963451862335205,0.36951184272766113,0.0,0.9496785402297974,0.6402655839920044,0.7859787344932556,0.668968915939331,0.4922102689743042,0.7976460456848145,0.31374987959861755,0.8114932775497437,0.8202933669090271,0.5317971706390381,0.870427131652832,1.0,0.9905306696891785,0.1002209484577179,0.12814858555793762,1.0,0.00800000037997961,0.003000000026077032,0.004999999888241291,1.342,0.5447673314374534,1.1878241616368101,0.09865877546280687,0.21552204217167667,0.7248178680792174,0.4616169851244133,0.27819107803018334,0.11759593043053279,0.04905303008854389,0.0009471690282225609,222.1591548595805,0.9782542586326599,0.6284604668617249,0.7583759427070618,0.1258191615343094,0.6815699338912964,0.5145133137702942,0.7027658224105835,0.676774799823761,0.9905306696891785,0.9950000001117587,0.792372336071965
trotting,1,action_space,1.0,3.4000000953674316,0.0,0.5,1.0,0.10999999940395355,1.0,0.3700000047683716,1.0,0.03999999910593033,rough_slope_trot_robustness,rough_slope,0.5,trotting,1000,0.7125809192657471,0.7125809192657471,0.48178067803382874,0.08166366815567017,0.06822992116212845,0.22234264016151428,1.852226734161377,0.06822992116212845,0.009039320982992649,0.115824393928051,0.05057486891746521,0.560146689414978,0.5545026063919067,0.35755449533462524,0.24092264473438263,0.22234264016151428,0.08193083852529526,0.006043294444680214,0.0021875197999179363,0.33061960339546204,0.021832123398780823,109.57516479492188,77.59950256347656,33.653968811035156,66.68647003173828,391.0041809082031,0.08099521696567535,0.06708334386348724,0.7644698023796082,1.9458792209625244,1.3380000591278076,0.00963561236858368,0.01000003982335329,3.3950836658477783,0.5,0.10963062196969986,0.3695065975189209,0.03950713574886322,0.9438813924789429,0.6337816715240479,0.8621152639389038,0.6490811109542847,0.4715917110443115,0.7937538027763367,0.33802610635757446,0.7966622114181519,0.8189048767089844,0.5331043004989624,0.8703786134719849,1.0,0.9884665012359619,0.048805855214595795,0.07893501967191696,1.0,0.00800000037997961,0.0010000000474974513,0.007000000216066837,1.338,0.5713525609585202,1.2059515933212037,0.09507534371745731,0.2248885700018238,0.7446493177274164,0.4908387156025721,0.2862356346182202,0.09072383504128421,0.048178061842918396,0.0018221372738480568,227.43785666561735,0.973676860332489,0.609959602355957,0.848219096660614,0.13094039261341095,0.6462024450302124,0.5162112712860107,0.6951832175254822,0.7150400280952454,0.9884665012359619,0.9929999997839332,0.803880705400125
bounding,2,action_space,-1.0,2.5999999046325684,0.0,0.5,-1.0,0.08999999612569809,-1.0,0.3400000035762787,-1.0,-0.03999999910593033,rough_slope_trot_robustness,rough_slope,0.5,trotting,1000,0.6621649265289307,0.6621649265289307,0.49382683634757996,0.16089874505996704,0.07301878929138184,0.28127261996269226,2.001258134841919,0.07301878929138184,0.00944884866476059,0.14223834872245789,0.06657896935939789,0.5527614951133728,0.5222042202949524,1.8053505420684814,4.6437482833862305,0.28127261996269226,0.14032945036888123,0.03187108412384987,0.0022547892294824123,0.33226388692855835,0.020935680717229843,117.1151123046875,72.2840576171875,34.219757080078125,63.48572540283203,301.28668212890625,0.07730711251497269,0.06883333623409271,0.4833839237689972,1.1004557609558105,1.0310001373291016,0.009876538068056107,0.01000003982335329,2.605389356613159,0.5,0.09040509164333344,0.3405382037162781,-0.039460137486457825,0.8563381433486938,0.5583889484405518,0.6137966513633728,0.14913500845432281,0.47375360131263733,0.7181425094604492,0.2919885516166687,0.737159013748169,0.7788053750991821,0.5354116559028625,0.630062460899353,0.9922181367874146,0.9849935173988342,0.04969234764575958,0.08181283622980118,1.0,0.010000000707805157,0.0020000000949949026,0.00800000037997961,1.031,0.4688495743286251,1.0331346396821677,0.09720518846625724,0.25802900875560075,0.7226369906771674,2.1549357956529076,0.3746057265564439,0.1847318958743516,0.04938269034028053,0.00061750877648592,237.15825808675987,0.9016276597976685,0.45332640409469604,0.5053431987762451,0.11189043521881104,0.6578925848007202,0.5145164132118225,0.7657942175865173,0.7088107466697693,0.9849935173988342,0.9919999996200204,0.7230587666854262
bounding,2,action_space,-1.0,2.5999999046325684,0.0,0.5,-1.0,0.08999999612569809,-1.0,0.3400000035762787,0.0,0.0,rough_slope_trot_robustness,rough_slope,0.5,trotting,1000,0.6798158884048462,0.6798158884048462,0.5045536756515503,0.16559091210365295,0.07822064310312271,0.3048931956291199,1.7317192554473877,0.07822064310312271,0.010835237801074982,0.13115361332893372,0.06717310100793839,0.6048498153686523,0.6050233840942383,1.6924781799316406,4.1674041748046875,0.3048931956291199,0.15767802298069,0.022646311670541763,0.002321166917681694,0.3237796425819397,0.02059279754757881,119.39808654785156,73.98641967773438,35.36970138549805,65.9901351928711,395.94122314453125,0.07717994600534439,0.06491667032241821,0.501042902469635,1.1241168975830078,1.0290000438690186,0.010091080330312252,0.01000003982335329,2.60538911819458,0.5,0.09040507674217224,0.34053823351860046,0.0,0.8566162586212158,0.5251585245132446,0.6707550287246704,0.16601112484931946,0.447231650352478,0.6852389574050903,0.35454288125038147,0.7648584842681885,0.7901837229728699,0.5453455448150635,0.630062460899353,0.9922181367874146,0.9863172769546509,0.10130444169044495,0.1317424178123474,1.0,0.009000000543892384,0.0020000000949949026,0.007000000216066837,1.029,0.48692216493182094,1.0451967713893011,0.10409244833836402,0.2591777401860321,0.7778324910250525,2.0414220961880196,0.39708692119067585,0.15801100780712543,0.05045540165156126,0.0,236.64100037259277,0.8961195945739746,0.39471209049224854,0.6069253087043762,0.14249847829341888,0.6624196767807007,0.5233215093612671,0.7610097527503967,0.7228284478187561,0.9863172769546509,0.9929999997839332,0.7455692853484499
bounding,2,action_space,-1.0,2.5999999046325684,0.0,0.5,-1.0,0.08999999612569809,-1.0,0.3400000035762787,1.0,0.03999999910593033,rough_slope_trot_robustness,rough_slope,0.5,trotting,1000,0.6705279350280762,0.6705279350280762,0.5069677829742432,0.16394908726215363,0.07794512063264847,0.30607813596725464,1.7460765838623047,0.07794512063264847,0.011994749307632446,0.14860260486602783,0.06535491347312927,0.6237980723381042,0.6759039163589478,1.7214767932891846,4.309917449951172,0.30607813596725464,0.1649528294801712,0.02111629582941532,0.0027774402406066656,0.3237443268299103,0.020038044080138206,115.6244888305664,71.21266174316406,34.87310791015625,65.0816650390625,553.7727661132812,0.08132012188434601,0.062000006437301636,0.43669936060905457,0.974184513092041,1.0310001373291016,0.010139353573322296,0.01000003982335329,2.60538911819458,0.5,0.09040509164333344,0.3405382037162781,0.03946009278297424,0.8570387959480286,0.529884397983551,0.6759470105171204,0.16184136271476746,0.4352914094924927,0.693247377872467,0.35200363397598267,0.7131702899932861,0.777122974395752,0.5425001382827759,0.6300624012947083,0.9922181367874146,0.9849935173988342,0.04969235509634018,0.08181287348270416,1.0,0.009000000543892384,0.0010000000474974513,0.00800000037997961,1.031,0.4235687107859481,0.9720559512193013,0.10952054285672824,0.25564607071717194,0.8221337581920278,2.0760340676277864,0.40614385318526147,0.15457598801243996,0.05069676786661148,0.0,228.07068360878623,0.8980610370635986,0.3918648362159729,0.6200999021530151,0.1372472047805786,0.6698101758956909,0.5233584642410278,0.7896044254302979,0.7334469556808472,0.9849935173988342,0.9919999996200204,0.7506670883709663
bounding,2,action_space,-1.0,2.5999999046325684,0.0,0.5,-1.0,0.08999999612569809,0.0,0.3799999952316284,-1.0,-0.03999999910593033,rough_slope_trot_robustness,rough_slope,0.5,trotting,1000,0.6633095741271973,0.6633095741271973,0.5281824469566345,0.1667201966047287,0.08148249983787537,0.3205656111240387,1.9905588626861572,0.08148249983787537,0.012021174654364586,0.15596897900104523,0.07283233106136322,0.596157431602478,0.6281139254570007,1.7192444801330566,4.2296953201293945,0.3205656111240387,0.1680738925933838,0.03299747407436371,0.0027863048017024994,0.32834392786026,0.02139982208609581,124.96180725097656,77.66766357421875,34.91726303100586,65.88092041015625,312.7292175292969,0.08341598510742188,0.06191667169332504,0.46285104751586914,1.0989055633544922,1.0320000648498535,0.010563647374510765,0.01000003982335329,2.6058595180511475,0.5,0.09044036269187927,0.3800007998943329,-0.03941305726766586,0.8490177392959595,0.4964176416397095,0.6028490662574768,0.1520838588476181,0.43904227018356323,0.6651659607887268,0.292117714881897,0.7044166326522827,0.7830175161361694,0.5426177978515625,0.6305034160614014,0.991353452205658,0.984873354434967,0.10231632739305496,0.13447034358978271,0.9998000264167786,0.010000000707805157,0.0,0.010000000707805157,1.032,0.44849904378255206,1.0319064530691626,0.10964111753518653,0.269874658056964,0.7925363874655855,2.056622308575251,0.4099681604629606,0.18916600877553613,0.052818236872553825,0.0,236.58833793322998,0.8947754502296448,0.35785654187202454,0.48886173963546753,0.1074228584766388,0.6518137454986572,0.5185660719871521,0.766279935836792,0.7337526082992554,0.984873354434967,0.9899999992921948,0.7164184761380679
bounding,2,action_space,-1.0,2.5999999046325684,0.0,0.5,-1.0,0.08999999612569809,0.0,0.3799999952316284,0.0,0.0,rough_slope_trot_robustness,rough_slope,0.5,trotting,1000,0.6904177665710449,0.6904177665710449,0.4839739501476288,0.17065078020095825,0.0762338787317276,0.274093896150589,1.7988929748535156,0.0762338787317276,0.010612888261675835,0.13676878809928894,0.060384079813957214,0.5822262763977051,0.5792688131332397,1.7726507186889648,4.523581504821777,0.274093896150589,0.1401846706867218,0.02553030289709568,0.002252786885946989,0.3459973931312561,0.022344931960105896,119.21085357666016,74.74091339111328,34.80182647705078,64.46932220458984,395.9314880371094,0.07726658880710602,0.07225000858306885,0.47475433349609375,1.083993911743164,1.0329999923706055,0.009679480455815792,0.01000003982335329,2.60538911819458,0.5,0.09040508419275284,0.3800007998943329,0.0,0.8515142798423767,0.5701643228530884,0.6504314541816711,0.1467093825340271,0.46245598793029785,0.7266748547554016,0.3095361292362213,0.7455782890319824,0.7806832790374756,0.5241085290908813,0.630062460899353,0.9922181367874146,0.9877659678459167,0.21350401639938354,0.24021165072917938,1.0,0.009000000543892384,0.0020000000949949026,0.007000000216066837,1.033,0.4595878726630566,1.0243851112881444,0.10301887332754049,0.2457317232551736,0.7610971114997348,2.1268712948417394,0.37441243393712476,0.1666826019206644,0.04839740227907896,0.0016027968376874924,246.31667373894138,0.8900418877601624,0.47176483273506165,0.5736924409866333,0.133834570646286,0.6396087408065796,0.5005765557289124,0.7692484855651855,0.6968047618865967,0.9877659678459167,0.9929999997839332,0.7341993025160934
bounding,2,action_space,-1.0,2.5999999046325684,0.0,0.5,-1.0,0.08999999612569809,0.0,0.3799999952316284,1.0,0.03999999910593033,rough_slope_trot_robustness,rough_slope,0.5,trotting,1000,0.6697791814804077,0.6697791814804077,0.4997769594192505,0.17540213465690613,0.07851991057395935,0.2854873239994049,1.652417778968811,0.07851991057395935,0.0110103078186512,0.16137941181659698,0.08242069184780121,0.6429415345191956,0.7328499555587769,1.8840975761413574,4.887823581695557,0.2854873239994049,0.1550011932849884,0.02551601082086563,0.003519143909215927,0.3507019877433777,0.025382058694958687,117.81095886230469,68.08872985839844,34.78082275390625,63.3080940246582,351.9411315917969,0.08311677724123001,0.05541666969656944,0.5425074100494385,1.2796695232391357,1.0320000648498535,0.009995535016059875,0.01000003982335329,2.60565447807312,0.5,0.09042491018772125,0.3800007998943329,0.039433661848306656,0.8413968682289124,0.5580854415893555,0.6356687545776367,0.1307491660118103,0.437272846698761,0.7182291746139526,0.34871792793273926,0.6955409646034241,0.7598791718482971,0.5171677470207214,0.6303103566169739,0.991353452205658,0.9850782752037048,0.10202495753765106,0.13180950284004211,0.9994000196456909,0.009999999776482582,0.0010000000474974513,0.009000000543892384,1.032,0.5256854508274286,1.1135482752149786,0.10493001390760986,0.2870900413595031,0.8560665602386165,2.210842278792306,0.3937019091711246,0.17039705023879245,0.04997767508029938,2.2524036467075348e-05,235.72707113029594,0.8842073678970337,0.4426259994506836,0.5595048666000366,0.15371978282928467,0.6019136905670166,0.4958885908126831,0.73344886302948,0.7579913139343262,0.9850782752037048,0.9909999994561076,0.7242690143910678
bounding,2,action_space,-1.0,2.5999999046325684,0.0,0.5,-1.0,0.08999999612569809,1.0,0.3799999952316284,-1.0,-0.03999999910593033,rough_slope_trot_robustness,rough_slope,0.5,trotting,1000,0.6734799742698669,0.6734799742698669,0.4618817865848541,0.16208787262439728,0.07382228225469589,0.27808457612991333,1.4787344932556152,0.07382228225469589,0.010409055277705193,0.1537599414587021,0.0742136538028717,0.5622740983963013,0.5487288236618042,1.88460111618042,4.917434215545654,0.27808457612991333,0.13800647854804993,0.032043348997831345,0.0025209165178239346,0.34962910413742065,0.019339973106980324,116.81818389892578,72.70175170898438,34.26613235473633,63.23338317871094,340.17449951171875,0.0771646648645401,0.07466667145490646,0.5122702121734619,1.152003288269043,1.0360000133514404,0.009237634018063545,0.01000003982335329,2.605287551879883,0.5,0.09039746224880219,0.3800007998943329,-0.039470259100198746,0.8585401773452759,0.5629764795303345,0.6056908965110779,0.1295146942138672,0.47325459122657776,0.7216528058052063,0.4404714107513428,0.7084513902664185,0.7793383598327637,0.522329568862915,0.629967212677002,0.9922181367874146,0.985089898109436,0.04960579052567482,0.0802975594997406,0.9995999932289124,0.009000000543892384,0.0010000000474974513,0.00800000037997961,1.036,0.49446930756440033,1.054500912996178,0.10202477776356679,0.27242183062829545,0.7407623260275891,2.2175288533738753,0.37149223215035054,0.18591467267446987,0.046188170090317726,0.0038120290264487267,252.91792681992808,0.9002435803413391,0.4614828824996948,0.5009317994117737,0.18508952856063843,0.6792272925376892,0.4969538152217865,0.7573021054267883,0.6884356737136841,0.985089898109436,0.9919999996200204,0.7318139619831191
bounding,2,action_space,-1.0,2.5999999046325684,0.0,0.5,-1.0,0.08999999612569809,1.0,0.3799999952316284,0.0,0.0,rough_slope_trot_robustness,rough_slope,0.5,trotting,1000,0.6782212257385254,0.6782212257385254,0.505924642086029,0.16225233674049377,0.0755799189209938,0.30874985456466675,1.5057215690612793,0.0755799189209938,0.010693350806832314,0.13947150111198425,0.06494633853435516,0.63178950548172,0.7500251531600952,1.8081450462341309,4.584609031677246,0.30874985456466675,0.16312763094902039,0.025334903970360756,0.0027207573875784874,0.3435579538345337,0.019580785185098648,120.31766510009766,73.12339782714844,35.281105041503906,64.91786193847656,367.6959228515625,0.07840210199356079,0.07908333837985992,0.5120807886123657,1.177670955657959,1.0329999923706055,0.010118494741618633,0.01000003982335329,2.6050052642822266,0.5,0.09037628769874573,0.3800007998943329,0.0,0.8596556782722473,0.5244795083999634,0.6472318172454834,0.14703992009162903,0.4445098042488098,0.6893770694732666,0.38443467020988464,0.7393466830253601,0.7807992696762085,0.5298548936843872,0.6297024488449097,0.9930827617645264,0.9876320958137512,0.10043054819107056,0.1299237608909607,1.0,0.00800000037997961,0.003000000026077032,0.004999999888241291,1.033,0.49572198504053727,1.0677308988910816,0.10340865924492162,0.2548457151579268,0.8660399258464331,2.141170014659566,0.40389061755507566,0.16749824285030349,0.050592473708093166,0.0,237.81736466522707,0.9000515341758728,0.38548049330711365,0.5705735087394714,0.17913982272148132,0.675963819026947,0.5030247569084167,0.7520049810409546,0.6733993887901306,0.9876320958137512,0.9950000001117587,0.7448988411281454
bounding,2,action_space,-1.0,2.5999999046325684,0.0,0.5,-1.0,0.08999999612569809,1.0,0.3799999952316284,1.0,0.03999999910593033,rough_slope_trot_robustness,rough_slope,0.5,trotting,1000,0.664269208908081,0.664269208908081,0.5263841152191162,0.16638512909412384,0.07937204837799072,0.30603456497192383,1.7419477701187134,0.07937204837799072,0.011745726689696312,0.14568066596984863,0.07217945158481598,0.6256837844848633,0.6638163328170776,1.7267621755599976,4.256041526794434,0.30603456497192383,0.16971653699874878,0.021439481526613235,0.0030752436723560095,0.33273541927337646,0.034274473786354065,120.9121322631836,75.36932373046875,34.71973419189453,65.44345092773438,438.8590393066406,0.08114329725503922,0.05500000715255737,0.5573122501373291,1.3837707042694092,1.027000069618225,0.010527679696679115,0.01000003982335329,2.60546612739563,0.5,0.09041084349155426,0.3800007998943329,0.03945240378379822,0.8550794720649719,0.5359582901000977,0.6724467277526855,0.15528199076652527,0.43543708324432373,0.6930912733078003,0.3759970963001251,0.7283618450164795,0.7130036950111389,0.5360485315322876,0.6301345825195312,0.9922181367874146,0.9849565029144287,0.04974983260035515,0.0825909823179245,1.0,0.009000000543892384,0.003000000026077032,0.006000000052154064,1.027,0.5426604244005598,1.1607717054208582,0.10837770384030247,0.2686623374885583,0.8147492453614655,2.0630175779169777,0.41196666976680135,0.15657178928200713,0.052638398483395576,0.0,229.7032314754633,0.8951749801635742,0.39196938276290894,0.6124460101127625,0.13850313425064087,0.5038435459136963,0.5140314698219299,0.7140175104141235,0.7595720887184143,0.9849565029144287,0.9939999999478459,0.7223208931421763
bounding,2,action_space,-1.0,2.5999999046325684,0.0,0.5,0.0,0.11999999731779099,-1.0,0.3400000035762787,-1.0,-0.03999999910593033,rough_slope_trot_robustness,rough_slope,0.5,trotting,1000,0.649353563785553,0.649353563785553,0.47302544116973877,0.16143947839736938,0.07308252155780792,0.2690814137458801,1.947105050086975,0.07308252155780792,0.011745665222406387,0.1397194266319275,0.0722406655550003,0.6264791488647461,0.7114019393920898,1.8523670434951782,4.859589099884033,0.2690814137458801,0.13019156455993652,0.030890606343746185,0.0028115282766520977,0.3528498411178589,0.034435659646987915,124.62164306640625,77.94623565673828,34.67686080932617,64.49356842041016,532.94677734375,0.0855085551738739,0.07483333349227905,0.5526068210601807,1.3199737071990967,1.0269999504089355,0.009460503235459328,0.01000003982335329,2.6058592796325684,0.5,0.11999969929456711,0.34058523178100586,-0.03941306471824646,0.8596141338348389,0.5710843801498413,0.6136587858200073,0.13471049070358276,0.4419946074485779,0.7298874855041504,0.3134981393814087,0.7468600273132324,0.6145156621932983,0.517947793006897,1.0,0.9913535118103027,0.9848732948303223,0.10231633484363556,0.13447020947933197,0.9998000264167786,0.010000000707805157,0.0010000000474974513,0.009000000543892384,1.027,0.5380786869751095,1.133698067172092,0.10837742026089377,0.26877623696115754,0.8434464650421447,2.2044475724961194,0.3608206820013738,0.18358141142391918,0.04730251617729664,0.0026976829394698143,263.45653366599254,0.9009993076324463,0.4847858250141144,0.509644091129303,0.11281361430883408,0.502221941947937,0.4937629699707031,0.7251927256584167,0.6878622770309448,0.9848732948303223,0.9909999994561076,0.7004386954695772
bounding,2,action_space,-1.0,2.5999999046325684,0.0,0.5,0.0,0.11999999731779099,-1.0,0.3400000035762787,0.0,0.0,rough_slope_trot_robustness,rough_slope,0.5,trotting,1000,0.6694958209991455,0.6694958209991455,0.5280523300170898,0.167122021317482,0.09146863222122192,0.30236154794692993,1.5913770198822021,0.09146863222122192,0.016787920147180557,0.1596197485923767,0.0811883807182312,0.6662675738334656,0.8259941935539246,1.7829647064208984,4.549013137817383,0.30236154794692993,0.15964272618293762,0.026138849556446075,0.003496770281344652,0.33289486169815063,0.03954235091805458,132.90780639648438,83.1058349609375,34.40256118774414,65.61622619628906,311.15655517578125,0.09038878977298737,0.055416665971279144,0.5314643383026123,1.3730744123458862,1.03000009059906,0.010561044327914715,0.01000003982335329,2.60658860206604,0.5,0.11999969929456711,0.3406582474708557,0.0,0.8482500314712524,0.5257869958877563,0.633994460105896,0.15019497275352478,0.42049527168273926,0.6905333995819092,0.3733031749725342,0.7107201218605042,0.620742917060852,0.5343614816665649,1.0,0.9904887676239014,0.9850472211837769,0.21608132123947144,0.2487119436264038,1.0,0.010999999940395355,0.003000000026077032,0.00800000037997961,1.03,0.5159847518772754,1.1545916526164415,0.12956820654458623,0.2849357484034448,0.9088422269865791,2.132841564162088,0.3995531581441168,0.17214999226776262,0.052805221639573574,0.0,251.69438489587378,0.8942954540252686,0.4008271396160126,0.5528257489204407,0.14556457102298737,0.45346054434776306,0.5138675570487976,0.716576337814331,0.7579913139343262,0.9850472211837769,0.9919999996200204,0.704101422360461
bounding,2,action_space,-1.0,2.5999999046325684,0.0,0.5,0.0,0.11999999731779099,-1.0,0.3400000035762787,1.0,0.03999999910593033,rough_slope_trot_robustness,rough_slope,0.5,trotting,1000,0.6515011787414551,0.6515011787414551,0.537327766418457,0.17203281819820404,0.0839061290025711,0.28063735365867615,1.8258252143859863,0.0839061290025711,0.012192025780677795,0.17048372328281403,0.08661844581365585,0.637018084526062,0.6996804475784302,1.8118910789489746,4.704929351806641,0.28063735365867615,0.13749337196350098,0.02427978627383709,0.003263988997787237,0.33818677067756653,0.042939443141222,131.7135467529297,78.10838317871094,34.86444091796875,65.58843994140625,233.89308166503906,0.0892440527677536,0.06016667187213898,0.602879524230957,1.5039763450622559,1.0290000438690186,0.01074656005948782,0.01000003982335329,2.606844186782837,0.5,0.11999969929456711,0.3406837582588196,0.03931466490030289,0.8441358804702759,0.5611414909362793,0.6500356197357178,0.15041610598564148,0.425337553024292,0.7172579765319824,0.3301199674606323,0.6735981702804565,0.6080411672592163,0.531179666519165,1.0,0.9896241426467896,0.982038140296936,0.10436650365591049,0.14084738492965698,0.9998000264167786,0.013000000268220901,0.003000000026077032,0.010000000707805157,1.029,0.5858887430530247,1.2089624487498547,0.11041750667660358,0.2943101184357341,0.8364690356363649,2.169084911156463,0.370800987004486,0.16596317444428546,0.0537328002974391,0.0,245.12700624213522,0.888357400894165,0.45494750142097473,0.5764449238777161,0.1262279748916626,0.42367491126060486,0.5084575414657593,0.6939207315444946,0.7402011156082153,0.982038140296936,0.9899999992921948,0.6993853109153478
bounding,2,action_space,-1.0,2.5999999046325684,0.0,0.5,0.0,0.11999999731779099,0.0,0.3799999952316284,-1.0,-0.03999999910593033,rough_slope_trot_robustness,rough_slope,0.5,trotting,1000,0.6769100427627563,0.6769100427627563,0.5124757289886475,0.16145846247673035,0.08779371529817581,0.3071388602256775,1.214978575706482,0.08779371529817581,0.015236733481287956,0.16160957515239716,0.08919323980808258,0.6630622148513794,0.8256521224975586,1.7924604415893555,4.576515197753906,0.3071388602256775,0.16714879870414734,0.035090118646621704,0.0030476883985102177,0.3444617986679077,0.04000963270664215,138.59121704101562,88.10124206542969,34.68510437011719,65.49091339111328,448.9796447753906,0.09117639064788818,0.054083336144685745,0.6472797989845276,1.7725836038589478,1.0320000648498535,0.010249510407447815,0.01000003982335329,2.6071910858154297,0.5,0.11999969929456711,0.3800007998943329,-0.03927996754646301,0.8567433953285217,0.5318495631217957,0.5903218984603882,0.1421184241771698,0.4299044609069824,0.6901564598083496,0.5174427628517151,0.7070415019989014,0.6160156726837158,0.5261608362197876,1.0,0.9887595176696777,0.9826213121414185,0.2175886034965515,0.24905768036842346,0.9994000196456909,0.013000000268220901,0.0010000000474974513,0.012000000104308128,1.032,0.6272090941436531,1.3105798971285612,0.12343716410096255,0.2986523728485722,0.9086540169379975,2.1392791303974117,0.40883835278034686,0.19528903462594085,0.051247552037239075,0.0,270.4346941747279,0.9009771943092346,0.38932421803474426,0.46637922525405884,0.21877460181713104,0.44924241304397583,0.5021162629127502,0.6508963108062744,0.7630614638328552,0.9826213121414185,0.9879999998956919,0.6903997417539359
bounding,2,action_space,-1.0,2.5999999046325684,0.0,0.5,0.0,0.11999999731779099,0.0,0.3799999952316284,0.0,0.0,rough_slope_trot_robustness,rough_slope,0.5,trotting,1000,0.6922169923782349,0.6922169923782349,0.546453595161438,0.1806979477405548,0.08408145606517792,0.3255455493927002,1.901357889175415,0.08408145606517792,0.011966345831751823,0.1652429699897766,0.07109862565994263,0.6440901160240173,0.6934678554534912,1.788398027420044,4.489040374755859,0.3255455493927002,0.17057481408119202,0.029011106118559837,0.0033212127164006233,0.33689790964126587,0.040407098829746246,140.8673095703125,90.26599884033203,34.562950134277344,66.37167358398438,446.1235046386719,0.09301605075597763,0.05475000664591789,0.5494014024734497,1.4430286884307861,1.0260000228881836,0.01092907041311264,0.01000003982335329,2.605015277862549,0.5,0.11999969929456711,0.3800007998943329,0.0,0.8331083059310913,0.4875718951225281,0.6218993663787842,0.14377005398273468,0.4106646478176117,0.6597919464111328,0.31671059131622314,0.6661324501037598,0.6075997948646545,0.5401957035064697,1.0,0.9930827617645264,0.9904677271842957,0.4585597515106201,0.47668570280075073,1.0,0.00800000037997961,0.003000000026077032,0.004999999888241291,1.026,0.5354789153874269,1.1859429114150477,0.10939079409050756,0.26664325541806344,0.8327471737889545,2.118735560365158,0.4130070387792344,0.17981189847994059,0.0546453520655632,0.0,257.7845782654175,0.8775625824928284,0.3465254306793213,0.523799479007721,0.1175742968916893,0.44568541646003723,0.5097699165344238,0.7035508155822754,0.7605221271514893,0.9904677271842957,0.9950000001117587,0.6903726485508838
bounding,2,action_space,-1.0,2.5999999046325684,0.0,0.5,0.0,0.11999999731779099,0.0,0.3799999952316284,1.0,0.03999999910593033,rough_slope_trot_robustness,rough_slope,0.5,trotting,1000,0.6758588552474976,0.6758588552474976,0.5243668556213379,0.17518490552902222,0.08676581084728241,0.322445809841156,1.4234726428985596,0.08676581084728241,0.01539134792983532,0.17510148882865906,0.09058192372322083,0.6417414546012878,0.7747612595558167,1.7119221687316895,4.3040876388549805,0.322445809841156,0.19821783900260925,0.02257758378982544,0.003343799617141485,0.3322606384754181,0.038057755678892136,139.05075073242188,90.45330810546875,34.745140075683594,65.90931701660156,483.2441711425781,0.09251648187637329,0.06175000220537186,0.5731319785118103,1.492218017578125,1.0280001163482666,0.010487332940101624,0.01000003982335329,2.6069326400756836,0.5,0.11999969929456711,0.3800007998943329,0.03930586948990822,0.8416548371315002,0.5057018995285034,0.6624223589897156,0.15702253580093384,0.43034034967422485,0.6700040102005005,0.4318963587284088,0.6705553531646729,0.6100695729255676,0.5402815341949463,1.0,0.9896241426467896,0.9837903380393982,0.21691930294036865,0.24927160143852234,0.9996000528335571,0.012000000104308128,0.0010000000474974513,0.010999999940395355,1.028,0.5575213599297787,1.2048128265670286,0.12406187137809634,0.30096831016441056,0.8802052371781348,2.0746295184574475,0.44521662031263975,0.16100119070046323,0.05243666470050812,0.0,265.17837510468985,0.8844767808914185,0.3535561263561249,0.595456063747406,0.17705415189266205,0.4671265184879303,0.5145198106765747,0.6956605315208435,0.7343643307685852,0.9837903380393982,0.9890000000596046,0.7131371588299149
bounding,2,action_space,-1.0,2.5999999046325684,0.0,0.5,0.0,0.11999999731779099,1.0,0.3799999952316284,-1.0,-0.03999999910593033,rough_slope_trot_robustness,rough_slope,0.5,trotting,1000,0.6564829349517822,0.6564829349517822,0.48713070154190063,0.16462507843971252,0.07425640523433685,0.2791869044303894,1.2921626567840576,0.07425640523433685,0.009688973426818848,0.15991757810115814,0.07696595788002014,0.5880815386772156,0.5976215600967407,1.881161093711853,4.942126274108887,0.2791869044303894,0.13026048243045807,0.03312968462705612,0.002554546110332012,0.3437218964099884,0.039758019149303436,133.5660400390625,84.22178649902344,34.843650817871094,64.38819885253906,528.48876953125,0.08929894864559174,0.05900000035762787,0.5938162803649902,1.515275239944458,1.0340001583099365,0.009742610156536102,0.01000003982335329,2.606332778930664,0.5,0.11999969929456711,0.3800007998943329,-0.039365801960229874,0.8588838577270508,0.5496042370796204,0.604500412940979,0.13720035552978516,0.440064400434494,0.7135571241378784,0.4280812740325928,0.6929501295089722,0.611903190612793,0.530367374420166,1.0,0.9904887676239014,0.9834293127059937,0.1033305823802948,0.13721418380737305,0.9996000528335571,0.010999999940395355,0.003000000026077032,0.00800000037997961,1.034,0.574290410231806,1.2105576613826694,0.09843258315628442,0.2774273920866866,0.7730598683780842,2.223089353604323,0.3609161709184808,0.18890270177365948,0.04871305078268051,0.0012871483340859413,274.1893286879472,0.8972635269165039,0.4586566984653473,0.4898360073566437,0.2262890487909317,0.4515087902545929,0.5028598308563232,0.6932514905929565,0.7445315718650818,0.9834293127059937,0.9919999996200204,0.6990781754353329
bounding,2,action_space,-1.0,2.5999999046325684,0.0,0.5,0.0,0.11999999731779099,1.0,0.3799999952316284,0.0,0.0,rough_slope_trot_robustness,rough_slope,0.5,trotting,1000,0.6714317202568054,0.6714317202568054,0.5196199417114258,0.16643518209457397,0.07626848667860031,0.3021911680698395,1.69307279586792,0.07626848667860031,0.010469702072441578,0.15832586586475372,0.0783051997423172,0.629136323928833,0.6655608415603638,1.7468547821044922,4.330931663513184,0.3021911680698395,0.15799838304519653,0.02574848011136055,0.0025924474466592073,0.3401148021221161,0.04200834035873413,139.98715209960938,91.36604309082031,35.177276611328125,66.263427734375,291.66064453125,0.09064716100692749,0.05275000259280205,0.6096743941307068,1.589232325553894,1.0320000648498535,0.010392395779490471,0.01000003982335329,2.605989694595337,0.5,0.11999969929456711,0.3800007998943329,0.0,0.8514548540115356,0.5293689966201782,0.6463437080383301,0.15265697240829468,0.42653560638427734,0.6901216506958008,0.3789537847042084,0.7043943405151367,0.6152357459068298,0.5334930419921875,1.0,0.991353452205658,0.9864065647125244,0.21479371190071106,0.24446871876716614,1.0,0.010000000707805157,0.0020000000949949026,0.00800000037997961,1.032,0.5907696864401647,1.2409486937804175,0.10232156210907639,0.2798306626199445,0.8158191230661143,2.0810890570836182,0.39749010433619164,0.168347639003402,0.051961978897452354,0.0,269.40296332459104,0.8951153755187988,0.40124019980430603,0.5673274993896484,0.14920009672641754,0.4316385090351105,0.5065006613731384,0.6804584860801697,0.7681655287742615,0.9864065647125244,0.9919999996200204,0.7022929939098265
bounding,2,action_space,-1.0,2.5999999046325684,0.0,0.5,0.0,0.11999999731779099,1.0,0.3799999952316284,1.0,0.03999999910593033,rough_slope_trot_robustness,rough_slope,0.5,trotting,1000,0.6620438098907471,0.6620438098907471,0.510169267654419,0.16350308060646057,0.07877305150032043,0.28971460461616516,1.4965596199035645,0.07877305150032043,0.010756473988294601,0.14741642773151398,0.07104343175888062,0.6498205065727234,0.7247269153594971,1.8248775005340576,4.706306457519531,0.28971460461616516,0.14981399476528168,0.021964386105537415,0.002873191609978676,0.3531354069709778,0.04061505198478699,130.25086975097656,82.01154327392578,35.019775390625,65.89736938476562,425.4405212402344,0.08813434094190598,0.06833334267139435,0.5223227143287659,1.3615891933441162,1.031000018119812,0.010203387588262558,0.01000003982335329,2.605774164199829,0.5,0.11999969929456711,0.3800007998943329,0.03942161798477173,0.854340672492981,0.5593037009239197,0.6636508703231812,0.13870751857757568,0.42297273874282837,0.7147705554962158,0.4309665858745575,0.725975751876831,0.6104658842086792,0.5138765573501587,1.0,0.991353452205658,0.9850024580955505,0.1021791398525238,0.13356676697731018,0.9998000264167786,0.009999999776482582,0.003000000026077032,0.007000000216066837,1.031,0.506617548856541,1.14919493235865,0.10371342241144393,0.26653973767316685,0.8513089423702168,2.1694023272596374,0.3870581284061629,0.15759942168522095,0.05101693794131279,0.0,255.3091258315594,0.898585855960846,0.43199315667152405,0.6085041761398315,0.18056054413318634,0.44383561611175537,0.4934810400009155,0.7188071012496948,0.7105849981307983,0.9850024580955505,0.9929999997839332,0.7189340008618801
bounding,2,action_space,-1.0,2.5999999046325684,0.0,0.5,1.0,0.11999999731779099,-1.0,0.3400000035762787,-1.0,-0.03999999910593033,rough_slope_trot_robustness,rough_slope,0.5,trotting,1000,0.6435790657997131,0.6435790657997131,0.5000206232070923,0.16417330503463745,0.07792362570762634,0.2753627300262451,1.604403018951416,0.07792362570762634,0.012657107785344124,0.1528378576040268,0.06522491574287415,0.6112909317016602,0.6679447889328003,1.812256932258606,4.618062973022461,0.2753627300262451,0.1322111338376999,0.03496783971786499,0.0027373323682695627,0.34488609433174133,0.033235371112823486,127.50784301757812,80.99627685546875,33.78208923339844,64.29570007324219,414.91925048828125,0.08981400728225708,0.0560000017285347,0.5377564430236816,1.415541648864746,1.0260000228881836,0.010000411421060562,0.01000003982335329,2.6050078868865967,0.5,0.11999969929456711,0.3405001759529114,-0.039498284459114075,0.851839542388916,0.5556983947753906,0.5860925912857056,0.13692650198936462,0.44174516201019287,0.719883382320404,0.40407875180244446,0.6976869702339172,0.6063171625137329,0.5275219678878784,1.0,0.9930828213691711,0.9863914251327515,0.048906393349170685,0.07990401983261108,1.0,0.00800000037997961,0.0,0.00800000037997961,1.026,0.5241290533054642,1.1745935815336175,0.1125038123147128,0.2553916908258257,0.817278892993573,2.148967885526087,0.3636084897767101,0.1941781967321114,0.05000205710530281,0.0,255.00516798637827,0.8977968096733093,0.46848729252815247,0.47043219208717346,0.1560552567243576,0.5144240260124207,0.5016903281211853,0.7082787752151489,0.75578373670578,0.9863914251327515,0.9919999996200204,0.697248705760821
bounding,2,action_space,-1.0,2.5999999046325684,0.0,0.5,1.0,0.11999999731779099,-1.0,0.3400000035762787,0.0,0.0,rough_slope_trot_robustness,rough_slope,0.5,trotting,1000,0.6576287746429443,0.6576287746429443,0.48956456780433655,0.15327858924865723,0.07590677589178085,0.2926672101020813,1.880133867263794,0.07590677589178085,0.010487494990229607,0.12736734747886658,0.06023051589727402,0.6267968416213989,0.7146591544151306,1.7720046043395996,4.472991943359375,0.2926672101020813,0.15463972091674805,0.022921962663531303,0.002627412788569927,0.3471869230270386,0.03508772328495979,128.03631591796875,84.06143188476562,34.71395492553711,65.570068359375,357.3199157714844,0.08613143861293793,0.05841666832566261,0.5470981001853943,1.4043693542480469,1.0290000438690186,0.009791291318833828,0.01000003982335329,2.6047887802124023,0.5,0.11999969929456711,0.3404780924320221,0.0,0.8678954839706421,0.5435640811920166,0.6629276275634766,0.14886784553527832,0.4414326548576355,0.7084700465202332,0.3377096354961395,0.774389386177063,0.6203536987304688,0.52278071641922,1.0,0.9930827617645264,0.987837553024292,0.10012813657522202,0.12718400359153748,1.0,0.00800000037997961,0.0010000000474974513,0.007000000216066837,1.029,0.5316793814344934,1.168242416091543,0.10240847128157712,0.24541906180505624,0.8453751560195808,2.1149449031498135,0.3932425726148531,0.15984171999856994,0.04895645659416914,0.001043742522597313,261.53101008147473,0.9103034138679504,0.424628347158432,0.599902868270874,0.12370150536298752,0.49571484327316284,0.49938705563545227,0.7109184265136719,0.7467063069343567,0.987837553024292,0.9929999997839332,0.7203336457574838
bounding,2,action_space,-1.0,2.5999999046325684,0.0,0.5,1.0,0.11999999731779099,-1.0,0.3400000035762787,1.0,0.03999999910593033,rough_slope_trot_robustness,rough_slope,0.5,trotting,1000,0.645936131477356,0.645936131477356,0.5469377040863037,0.17082864046096802,0.08417192101478577,0.3151794672012329,1.7662427425384521,0.08417192101478577,0.013986983336508274,0.15359678864479065,0.06955139338970184,0.6213380098342896,0.6856043934822083,1.7170391082763672,4.2128214836120605,0.3151794672012329,0.16567352414131165,0.02246563881635666,0.0029273084364831448,0.3300047516822815,0.0362686887383461,136.6310272216797,86.51300048828125,34.783897399902344,65.78298950195312,520.5344848632812,0.08999781310558319,0.06075000762939453,0.5471904277801514,1.3701006174087524,1.031000018119812,0.01093874778598547,0.01000003982335329,2.60538911819458,0.5,0.11999969929456711,0.3405383229255676,0.03946007788181305,0.8466550707817078,0.5059697031974792,0.6662472486495972,0.15434962511062622,0.42860156297683716,0.6740604043006897,0.3280441164970398,0.7063164710998535,0.6210563778877258,0.5401771664619446,1.0,0.9922181367874146,0.984993577003479,0.04969250410795212,0.08181352913379669,1.0,0.009000000543892384,0.0020000000949949026,0.007000000216066837,1.031,0.5307375651673133,1.1527812216727085,0.11826657742789497,0.2637259816356778,0.8280123148131362,2.0525158911959878,0.40703012682271034,0.1593516465331934,0.05469373892992735,0.0,249.8109495850739,0.889825701713562,0.3703225255012512,0.6017826795578003,0.12925314903259277,0.48414358496665955,0.5168464183807373,0.7173250913619995,0.738045334815979,0.984993577003479,0.9929999997839332,0.715338017350357
bounding,2,action_space,-1.0,2.5999999046325684,0.0,0.5,1.0,0.11999999731779099,0.0,0.3799999952316284,-1.0,-0.03999999910593033,rough_slope_trot_robustness,rough_slope,0.5,trotting,1000,0.6442586779594421,0.6442586779594421,0.5225045084953308,0.16479313373565674,0.07967104017734528,0.31790709495544434,1.6761631965637207,0.07967104017734528,0.012326949276030064,0.16792160272598267,0.07732704281806946,0.6319026947021484,0.6867575645446777,1.7734200954437256,4.485073089599609,0.31790709495544434,0.16727490723133087,0.03481094539165497,0.002984383376315236,0.3258058428764343,0.037594884634017944,139.6878662109375,92.37923431396484,34.04313278198242,65.35106658935547,502.4308166503906,0.0919199138879776,0.04775000363588333,0.5529701709747314,1.4379502534866333,1.0320000648498535,0.010450088419020176,0.01000003982335329,2.6060760021209717,0.5,0.11999969929456711,0.3800007998943329,-0.03939146548509598,0.8540399074554443,0.5035738348960876,0.5866414904594421,0.14453431963920593,0.43142423033714294,0.6723146438598633,0.32528579235076904,0.670703649520874,0.6187793612480164,0.5412371158599854,1.0,0.9913535118103027,0.9846678376197815,0.10261878371238708,0.13721004128456116,0.9998000264167786,0.009999999776482582,0.0010000000474974513,0.009000000543892384,1.032,0.535823851592781,1.180407807648303,0.11102679530649376,0.27807740436444933,0.8287083712287923,2.1177991145525605,0.4089925515597208,0.19441020746856427,0.05225044209510088,0.0,267.3428916684377,0.8970648646354675,0.363982617855072,0.46958470344543457,0.14621134102344513,0.47147098183631897,0.5212050676345825,0.7058583498001099,0.787611722946167,0.9846678376197815,0.9909999994561076,0.6897977684183341
bounding,2,action_space,-1.0,2.5999999046325684,0.0,0.5,1.0,0.11999999731779099,0.0,0.3799999952316284,0.0,0.0,rough_slope_trot_robustness,rough_slope,0.5,trotting,1000,0.6577653884887695,0.6577653884887695,0.5251309871673584,0.1605091392993927,0.08163700252771378,0.30725398659706116,2.2265284061431885,0.08163700252771378,0.012249802239239216,0.15008679032325745,0.06469936668872833,0.5950472354888916,0.5984933972358704,1.8154006004333496,4.636968612670898,0.30725398659706116,0.1654655635356903,0.028367038816213608,0.0030006123706698418,0.33868932723999023,0.04479671269655228,131.9289093017578,83.54461669921875,35.38447189331055,66.17813110351562,457.0587463378906,0.09188956022262573,0.05283334106206894,0.6327730417251587,1.6834285259246826,1.0360000133514404,0.010502619668841362,0.01000003982335329,2.6044414043426514,0.5,0.11999969929456711,0.3800007998943329,0.0,0.8613826036453247,0.5242096185684204,0.6241985559463501,0.13512787222862244,0.44625139236450195,0.6907678842544556,0.2210688292980194,0.7007399201393127,0.6180565357208252,0.5267288684844971,1.0,0.9930828213691711,0.9894900918006897,0.21151673793792725,0.23263247311115265,1.0,0.00800000037997961,0.003000000026077032,0.004999999888241291,1.036,0.610784758932342,1.2747277954554204,0.11067882471023631,0.25436070193472954,0.7736235500783766,2.1533621647718477,0.40677458565609814,0.17710915048885376,0.05251309834420681,0.0,251.23047872951418,0.9020794034004211,0.3890489339828491,0.5340034365653992,0.08445601165294647,0.40822604298591614,0.5079467296600342,0.6661550998687744,0.7678455114364624,0.9894900918006897,0.9950000001117587,0.6873179583467152
bounding,2,action_space,-1.0,2.5999999046325684,0.0,0.5,1.0,0.11999999731779099,0.0,0.3799999952316284,1.0,0.03999999910593033,rough_slope_trot_robustness,rough_slope,0.5,trotting,1000,0.6518973112106323,0.6518973112106323,0.5095154047012329,0.17112204432487488,0.07579590380191803,0.27827543020248413,1.720712423324585,0.07579590380191803,0.010072595439851284,0.14427392184734344,0.0664673000574112,0.6196885108947754,0.706489086151123,1.8545938730239868,4.771324157714844,0.27827543020248413,0.13176238536834717,0.024114716798067093,0.003035237081348896,0.36225199699401855,0.03952359780669212,132.095703125,82.25554656982422,34.75680160522461,65.33649444580078,300.6081237792969,0.0913611575961113,0.05300000309944153,0.5921425223350525,1.591047763824463,1.0290000438690186,0.01019030250608921,0.01000003982335329,2.6047885417938232,0.5,0.11999969929456711,0.3800007998943329,0.039520107209682465,0.8468544483184814,0.5513447523117065,0.6470863223075867,0.13618934154510498,0.4454355835914612,0.7175678014755249,0.33353981375694275,0.7204378843307495,0.6050893068313599,0.5127023458480835,1.0,0.9930828213691711,0.987837553024292,0.10012815147638321,0.12718412280082703,1.0,0.00800000037997961,0.0010000000474974513,0.007000000216066837,1.029,0.5754543411951835,1.2434659574703417,0.10036232081738287,0.2578125288992201,0.8405290513427379,2.184336090832829,0.3629908888227736,0.16477243058053126,0.05095151253044605,0.0,259.2575256923932,0.8894686698913574,0.46099311113357544,0.5810031294822693,0.14629000425338745,0.453630656003952,0.484564870595932,0.6793954968452454,0.7672059535980225,0.987837553024292,0.9929999997839332,0.7064353562401314
bounding,2,action_space,-1.0,2.5999999046325684,0.0,0.5,1.0,0.11999999731779099,1.0,0.3799999952316284,-1.0,-0.03999999910593033,rough_slope_trot_robustness,rough_slope,0.5,trotting,1000,0.6434813737869263,0.6434813737869263,0.5300732851028442,0.17186006903648376,0.09369513392448425,0.3233307898044586,1.3682676553726196,0.09369513392448425,0.01871107891201973,0.18362192809581757,0.092376708984375,0.651237964630127,0.7916412353515625,1.783422827720642,4.508057117462158,0.3233307898044586,0.18985575437545776,0.03652191907167435,0.004574862774461508,0.3414778709411621,0.043629392981529236,150.40684509277344,99.65625,34.19610595703125,64.98390197753906,333.89202880859375,0.09471859782934189,0.0572500079870224,0.5867785215377808,1.518449306488037,1.0280001163482666,0.01060146652162075,0.01000003982335329,2.6071839332580566,0.5,0.11999969929456711,0.3800007998943329,-0.0392807275056839,0.8407120704650879,0.5036463737487793,0.5816107988357544,0.14088551700115204,0.43091511726379395,0.671351969242096,0.43643930554389954,0.6459337472915649,0.6108976602554321,0.5375163555145264,1.0,0.9896241426467896,0.9799915552139282,0.05266503244638443,0.09546764194965363,0.9998000264167786,0.012000000104308128,0.0010000000474974513,0.010999999940395355,1.028,0.5707962689232734,1.2153561945857267,0.13678844582792704,0.30393536974885793,0.8897422297224981,2.1232185750558417,0.4357244018590854,0.20272341218057635,0.05300733260810375,0.0,283.7472653683946,0.8885685205459595,0.35154131054878235,0.43957996368408203,0.17508403956890106,0.4178687632083893,0.5051217675209045,0.6912369132041931,0.7510747909545898,0.9799915552139282,0.9890000000596046,0.676361543959693
bounding,2,action_space,-1.0,2.5999999046325684,0.0,0.5,1.0,0.11999999731779099,1.0,0.3799999952316284,0.0,0.0,rough_slope_trot_robustness,rough_slope,0.5,trotting,1000,0.6559025049209595,0.6559025049209595,0.5053432583808899,0.16960345208644867,0.07622648030519485,0.26668646931648254,1.640332579612732,0.07622648030519485,0.011781521141529083,0.16398997604846954,0.08706976473331451,0.6127296686172485,0.6491658687591553,1.84912109375,4.854241371154785,0.26668646931648254,0.12363354861736298,0.02806248515844345,0.0028937479946762323,0.34579938650131226,0.038315072655677795,132.54721069335938,82.0472412109375,34.4805793762207,65.09149169921875,522.1044311523438,0.09080825746059418,0.059666670858860016,0.5776561498641968,1.565966010093689,1.0290000438690186,0.01010686531662941,0.01000003982335329,2.6069302558898926,0.5,0.11999969929456711,0.3800007998943329,0.0,0.8513906002044678,0.5688952207565308,0.6276344060897827,0.1360773742198944,0.4396502375602722,0.7320816516876221,0.39347273111343384,0.6959844827651978,0.6063593626022339,0.523808479309082,1.0,0.9896241426467896,0.9819090962409973,0.10450447350740433,0.14175590872764587,0.9995999932289124,0.012000000104308128,0.0010000000474974513,0.010999999940395355,1.029,0.5613762176187439,1.2336258717420385,0.10854271574605587,0.29507586267486285,0.8057083025258927,2.203234297834614,0.3516156262417286,0.17594383522340215,0.05053432658314705,0.0,262.2914395217977,0.8913114666938782,0.49104636907577515,0.5384155511856079,0.15320736169815063,0.4647287130355835,0.5007748007774353,0.6835481524467468,0.7420539259910583,0.9819090962409973,0.9890000000596046,0.6998753481005369
bounding,2,action_space,-1.0,2.5999999046325684,0.0,0.5,1.0,0.11999999731779099,1.0,0.3799999952316284,1.0,0.03999999910593033,rough_slope_trot_robustness,rough_slope,0.5,trotting,1000,0.648892879486084,0.648892879486084,0.514156699180603,0.1657814383506775,0.0756879523396492,0.2790415585041046,1.7338926792144775,0.0756879523396492,0.01154162548482418,0.15515990555286407,0.08072945475578308,0.6283255815505981,0.7225432395935059,1.7907516956329346,4.552244186401367,0.2790415585041046,0.13469934463500977,0.022872470319271088,0.0025783521123230457,0.34649544954299927,0.0375879667699337,131.39935302734375,81.37435150146484,35.21067810058594,66.60580444335938,493.0224914550781,0.0897408127784729,0.06183333694934845,0.6155166625976562,1.5806479454040527,1.0360000133514404,0.01028314046561718,0.01000003982335329,2.6063318252563477,0.5,0.11999969929456711,0.3800007998943329,0.03936588764190674,0.8545970916748047,0.5543917417526245,0.665267825126648,0.14589282870292664,0.43440455198287964,0.7175999879837036,0.3361203670501709,0.7160307168960571,0.6162137985229492,0.5247172117233276,1.0,0.9904887676239014,0.9818611145019531,0.05146627500653267,0.08757410943508148,0.9998000264167786,0.010999999940395355,0.003000000026077032,0.00800000037997961,1.036,0.594127993786197,1.2352011337741196,0.1074319574652914,0.2841292923226732,0.8500254346744607,2.1335988813273614,0.3670140932375891,0.15953313897618304,0.0514157023280859,0.0,255.56285318610296,0.8958933353424072,0.4590289890766144,0.6010864973068237,0.14019441604614258,0.47153621912002563,0.5000781416893005,0.6828838586807251,0.7340584397315979,0.9818611145019531,0.9919999996200204,0.7136015039623568
bounding,2,action_space,0.0,3.0,0.0,0.5,-1.0,0.08999999612569809,-1.0,0.3400000035762787,-1.0,-0.03999999910593033,rough_slope_trot_robustness,rough_slope,0.5,trotting,1000,0.6493837833404541,0.6493837833404541,0.4812796711921692,0.13659757375717163,0.06881164014339447,0.30755317211151123,1.858335018157959,0.06881164014339447,0.008221698924899101,0.1322275549173355,0.05768417939543724,0.6496082544326782,0.7137736678123474,1.8329062461853027,4.59818696975708,0.30755317211151123,0.15530243515968323,0.028349537402391434,0.0023975935764610767,0.31592756509780884,0.035499222576618195,118.26693725585938,70.30899047851562,34.953285217285156,65.60810852050781,325.4947509765625,0.07322941720485687,0.06400001049041748,0.5854085683822632,1.3048747777938843,1.1820000410079956,0.009625593200325966,0.01000003982335329,3.000000238418579,0.5,0.09036017954349518,0.3404783308506012,-0.03951999172568321,0.8946564793586731,0.5231261849403381,0.6332588195800781,0.14116261899471283,0.4181644916534424,0.6909959316253662,0.27595406770706177,0.7548558115959167,0.6221761703491211,0.5500563383102417,0.6295011639595032,0.9930827617645264,0.987837553024292,0.10012956708669662,0.12719357013702393,1.0,0.00800000037997961,0.0020000000949949026,0.006000000052154064,1.182,0.4952695172046849,1.0506926069006808,0.09067358449349569,0.24017530971237913,0.8448512696400162,2.144338352442795,0.39408429955998403,0.17534859845134923,0.04812796600162983,0.0018722331151366234,245.73432940332276,0.9280816316604614,0.3883339762687683,0.5406719446182251,0.13228864967823029,0.49165186285972595,0.5316047072410583,0.7588214874267578,0.7261490225791931,0.987837553024292,0.9939999999478459,0.716637944753625
bounding,2,action_space,0.0,3.0,0.0,0.5,-1.0,0.08999999612569809,-1.0,0.3400000035762787,0.0,0.0,rough_slope_trot_robustness,rough_slope,0.5,trotting,1000,0.6752567291259766,0.6752567291259766,0.4981064200401306,0.1319454312324524,0.07741490006446838,0.3094145655632019,1.7197500467300415,0.07741490006446838,0.010850166901946068,0.12876814603805542,0.05730193480849266,0.6663920879364014,0.7607147693634033,1.7436449527740479,4.32673454284668,0.3094145655632019,0.16311770677566528,0.020687172189354897,0.0025703003630042076,0.3038838505744934,0.0377805195748806,113.176513671875,68.89509582519531,35.107521057128906,65.31395721435547,289.0804748535156,0.07314291596412659,0.06883333623409271,0.5347452163696289,1.1075172424316406,1.184999942779541,0.009962128475308418,0.01000003982335329,3.000000238418579,0.5,0.09036083519458771,0.3404792547225952,0.0,0.8964148759841919,0.5160188674926758,0.6881275177001953,0.14571242034435272,0.40762364864349365,0.6784331798553467,0.34551137685775757,0.7647929191589355,0.610183835029602,0.5571002960205078,0.6295093297958374,0.9930827617645264,0.9891248941421509,0.21223053336143494,0.23606687784194946,1.0,0.00800000037997961,0.0020000000949949026,0.006000000052154064,1.185,0.4512617022679325,0.966754145544365,0.10416413443189583,0.23937822542681833,0.8721896407108969,2.0800804173989715,0.403878331649106,0.15250400831571315,0.04981064237654209,0.00018955674022436142,227.21352128478244,0.932731032371521,0.3838997781276703,0.6280412077903748,0.14417125284671783,0.46972379088401794,0.5445651412010193,0.7916361689567566,0.7088107466697693,0.9891248941421509,0.9939999999478459,0.7355074404591793
bounding,2,action_space,0.0,3.0,0.0,0.5,-1.0,0.08999999612569809,-1.0,0.3400000035762787,1.0,0.03999999910593033,rough_slope_trot_robustness,rough_slope,0.5,trotting,1000,0.6650818586349487,0.6650818586349487,0.48878151178359985,0.1471322923898697,0.08306518942117691,0.31871867179870605,1.459791660308838,0.08306518942117691,0.013095837086439133,0.14328886568546295,0.07192972302436829,0.7005982995033264,0.8666304349899292,1.7412145137786865,4.288522720336914,0.31871867179870605,0.17307060956954956,0.017451707273721695,0.003056546440348029,0.31963014602661133,0.04097121208906174,114.68669891357422,69.5532455444336,34.935882568359375,66.03148651123047,323.1217956542969,0.07472081482410431,0.07491666823625565,0.5794253349304199,1.289604663848877,1.186000108718872,0.009775631129741669,0.01000003982335329,3.000000238418579,0.5,0.09046735614538193,0.34062135219573975,0.03937707096338272,0.8789708614349365,0.5030761957168579,0.7089065313339233,0.14944779872894287,0.399684876203537,0.672369122505188,0.40367811918258667,0.7385401129722595,0.6142544746398926,0.5464935302734375,0.6308408975601196,0.991353452205658,0.9843490123748779,0.1029021292924881,0.1381188929080963,0.9998000264167786,0.010000000707805157,0.0010000000474974513,0.009000000543892384,1.186,0.4885542099230607,1.0427638460961484,0.11443704420527093,0.26819717191717046,0.930929876515911,2.07087486834355,0.41601755920820166,0.14320703095193937,0.048878155648708344,0.0011220434680581093,234.63796430244258,0.9170514941215515,0.3621068298816681,0.6635407209396362,0.17876048386096954,0.44068530201911926,0.5276826024055481,0.7619768381118774,0.6875756978988647,0.9843490123748779,0.9909999994561076,0.735879720776881
bounding,2,action_space,0.0,3.0,0.0,0.5,-1.0,0.08999999612569809,0.0,0.3799999952316284,-1.0,-0.03999999910593033,rough_slope_trot_robustness,rough_slope,0.5,trotting,1000,0.668310284614563,0.668310284614563,0.4848446249961853,0.13161879777908325,0.07011860609054565,0.3333740234375,1.7323696613311768,0.07011860609054565,0.008133670315146446,0.13386279344558716,0.05484345555305481,0.670775294303894,0.7780601978302002,1.8122522830963135,4.568231582641602,0.3333740234375,0.18556714057922363,0.030481213703751564,0.0025822946336120367,0.3148937225341797,0.03576938062906265,119.58880615234375,74.07029724121094,34.83335876464844,66.86589050292969,449.1708068847656,0.07746496796607971,0.07133333384990692,0.6125866174697876,1.4407473802566528,1.1880000829696655,0.009696897119283676,0.01000003982335329,3.000000238418579,0.5,0.09032092988491058,0.3800007998943329,-0.039572350680828094,0.8989708423614502,0.4897417724132538,0.615797758102417,0.1382373869419098,0.4167224168777466,0.6576951742172241,0.3771079182624817,0.738706111907959,0.6047921180725098,0.5507134199142456,0.6290103197097778,0.9939475059509277,0.9904660582542419,0.2110569179058075,0.23279115557670593,1.0,0.007000000216066837,0.0020000000949949026,0.004999999888241291,1.188,0.515645242299295,1.1012494107563384,0.09018686331803788,0.23418679628248645,0.8820772062751652,2.1373421772476213,0.43077504637481456,0.18183373817134046,0.04848448559641838,0.001515713520348072,246.65387628724287,0.9330523014068604,0.3291037082672119,0.5161952972412109,0.15031187236309052,0.4890025556087494,0.5327050089836121,0.7384605407714844,0.7000057697296143,0.9904660582542419,0.9950000001117587,0.7134565016450851
bounding,2,action_space,0.0,3.0,0.0,0.5,-1.0,0.08999999612569809,0.0,0.3799999952316284,0.0,0.0,rough_slope_trot_robustness,rough_slope,0.5,trotting,1000,0.715313732624054,0.715313732624054,0.48547589778900146,0.13416343927383423,0.07307403534650803,0.3330725431442261,1.4399595260620117,0.07307403534650803,0.010557938367128372,0.1421424150466919,0.061847127974033356,0.6864411234855652,0.8410928249359131,1.7333083152770996,4.275326728820801,0.3330725431442261,0.18738660216331482,0.020954515784978867,0.0031890827231109142,0.30763256549835205,0.0403619259595871,118.2249755859375,72.63459777832031,35.29438781738281,66.156005859375,708.4379272460938,0.07886655628681183,0.058666668832302094,0.6252058148384094,1.4508118629455566,1.183000087738037,0.009709525853395462,0.01000003982335329,3.000000238418579,0.5,0.09040507674217224,0.3800007998943329,0.0,0.8925613164901733,0.4861537218093872,0.6799757480621338,0.14956539869308472,0.4028061628341675,0.6571978330612183,0.44690462946891785,0.7269726395606995,0.6073389649391174,0.5576388835906982,0.630062460899353,0.9922181367874146,0.9893559217453003,0.4592435359954834,0.47766566276550293,1.0,0.009000000543892384,0.0020000000949949026,0.007000000216066837,1.183,0.5284918094225486,1.1074220395169505,0.10275182902084212,0.2486908280858652,0.9171111300905213,2.0676863226371647,0.43288174154532644,0.1553821048515233,0.04854762926697731,0.0014525698497891426,243.5238826981287,0.9305315613746643,0.32976558804512024,0.6170088052749634,0.19183526933193207,0.4460882246494293,0.5404976010322571,0.7359479665756226,0.7457734942436218,0.9893559217453003,0.9929999997839332,0.730789531757565
bounding,2,action_space,0.0,3.0,0.0,0.5,-1.0,0.08999999612569809,0.0,0.3799999952316284,1.0,0.03999999910593033,rough_slope_trot_robustness,rough_slope,0.5,trotting,1000,0.6801175475120544,0.6801175475120544,0.4818894863128662,0.13105550408363342,0.07649390399456024,0.3011557161808014,1.6675660610198975,0.07649390399456024,0.00934850424528122,0.12916073203086853,0.06040928512811661,0.6842711567878723,0.7856898307800293,1.7535579204559326,4.309504985809326,0.3011557161808014,0.1540578156709671,0.01628991588950157,0.0027000538539141417,0.3172329068183899,0.038040488958358765,117.494873046875,71.428466796875,35.592735290527344,67.81999969482422,404.0303649902344,0.07457777857780457,0.07866667211055756,0.6011662483215332,1.2578749656677246,1.1850000619888306,0.00963778980076313,0.01000003982335329,3.000000238418579,0.5,0.09036083519458771,0.3800007998943329,0.039519116282463074,0.8999765515327454,0.5251842141151428,0.7264381647109985,0.15067490935325623,0.40546536445617676,0.6904181241989136,0.335491418838501,0.762981116771698,0.6144275665283203,0.5492335557937622,0.6295093297958374,0.9930827617645264,0.9891250133514404,0.21223069727420807,0.23606793582439423,1.0,0.00800000037997961,0.0010000000474974513,0.007000000216066837,1.185,0.5073132478738133,1.0302901971266925,0.09668766335619669,0.24578300414820511,0.8863914658772553,2.0759347258065044,0.392501994480241,0.13780409915316638,0.04818894900381565,0.0018112501129508018,243.8212004704157,0.9336046576499939,0.40375474095344543,0.6839985847473145,0.15652552247047424,0.4672878682613373,0.5302186608314514,0.7669187188148499,0.6748037338256836,0.9891250133514404,0.9929999997839332,0.7458491981715748
bounding,2,action_space,0.0,3.0,0.0,0.5,-1.0,0.08999999612569809,1.0,0.3799999952316284,-1.0,-0.03999999910593033,rough_slope_trot_robustness,rough_slope,0.5,trotting,1000,0.6519047021865845,0.6519047021865845,0.4922780394554138,0.1363936960697174,0.07845020294189453,0.3220965266227722,1.4274399280548096,0.07845020294189453,0.010670389980077744,0.15338313579559326,0.07321809232234955,0.6800867915153503,0.7718985080718994,1.8424808979034424,4.706266403198242,0.3220965266227722,0.16502249240875244,0.032055988907814026,0.003077557310461998,0.3127565085887909,0.040753960609436035,119.907958984375,71.50804138183594,34.925048828125,65.70924377441406,555.9884643554688,0.07822687923908234,0.06691666692495346,0.624032735824585,1.4194552898406982,1.1800000667572021,0.009845564141869545,0.01000003982335329,3.000000238418579,0.5,0.09040534496307373,0.3800007998943329,-0.03945973515510559,0.890007495880127,0.48828667402267456,0.6007068753242493,0.1356782615184784,0.3944043815135956,0.6618959903717041,0.4169727861881256,0.6943484544754028,0.6072587966918945,0.5565069913864136,0.6300657987594604,0.9922181367874146,0.9863172173500061,0.10130839049816132,0.13176941871643066,1.0,0.009000000543892384,0.003000000026077032,0.006000000052154064,1.18,0.5288412837658898,1.0967808528635776,0.10329757973969063,0.27058841867742517,0.8785775481264585,2.1693930955910785,0.4062296055296222,0.1874394468042307,0.049227820709347725,0.0007723784074187279,243.57771294657803,0.9282882809638977,0.3543529808521271,0.49526071548461914,0.193815678358078,0.44260427355766296,0.5349869132041931,0.7402760982513428,0.7156361937522888,0.9863172173500061,0.9939999999478459,0.7065269531878202
bounding,2,action_space,0.0,3.0,0.0,0.5,-1.0,0.08999999612569809,1.0,0.3799999952316284,0.0,0.0,rough_slope_trot_robustness,rough_slope,0.5,trotting,1000,0.6705769300460815,0.6705769300460815,0.4951052665710449,0.13226667046546936,0.07348263263702393,0.31561070680618286,1.7200055122375488,0.07348263263702393,0.009609656408429146,0.13668343424797058,0.060738325119018555,0.6915750503540039,0.8015722036361694,1.7822990417480469,4.422084808349609,0.31561070680618286,0.15784722566604614,0.02335745096206665,0.0031045759096741676,0.3225235342979431,0.03695955127477646,117.75154113769531,72.11590576171875,34.632667541503906,65.81098937988281,312.8492126464844,0.07740895450115204,0.07308334112167358,0.6018332839012146,1.4228236675262451,1.1820000410079956,0.009902101010084152,0.01000003982335329,3.000000238418579,0.5,0.09035041928291321,0.3800007998943329,0.0,0.8968298435211182,0.49665921926498413,0.660301685333252,0.1409498006105423,0.4005522131919861,0.6716679334640503,0.3579549491405487,0.737736701965332,0.6021091938018799,0.5438178777694702,0.629379153251648,0.9930827617645264,0.9891765117645264,0.21198758482933044,0.23409995436668396,1.0,0.00800000037997961,0.0020000000949949026,0.006000000052154064,1.182,0.5091651877776016,1.0971519376185197,0.09802885497867016,0.24645146605167223,0.8953056481650105,2.1028753668131666,0.3972999190360428,0.16267153061227652,0.04951050505042076,0.0004896940663456917,237.83132414084028,0.9324144124984741,0.3693165183067322,0.589052140712738,0.14775516092777252,0.4775000214576721,0.5246378183364868,0.7401254177093506,0.6939074397087097,0.9891765117645264,0.9939999999478459,0.7257488174363972
bounding,2,action_space,0.0,3.0,0.0,0.5,-1.0,0.08999999612569809,1.0,0.3799999952316284,1.0,0.03999999910593033,rough_slope_trot_robustness,rough_slope,0.5,trotting,1000,0.6678360104560852,0.6678360104560852,0.4922712445259094,0.13194578886032104,0.07068376243114471,0.3038454055786133,1.6590747833251953,0.07068376243114471,0.008486960083246231,0.13186827301979065,0.059376344084739685,0.6481060981750488,0.7341567873954773,1.7448734045028687,4.255074501037598,0.3038454055786133,0.15228667855262756,0.01669490896165371,0.0023578782565891743,0.3196089565753937,0.03828619793057442,117.39016723632812,70.79964447021484,35.5263786315918,66.98362731933594,300.55499267578125,0.07643349468708038,0.06416667252779007,0.5905569791793823,1.3356420993804932,1.183000087738037,0.009845422580838203,0.01000003982335329,3.000000238418579,0.5,0.0903601124882698,0.3800007998943329,0.03952006995677948,0.898322582244873,0.5273146629333496,0.7266841530799866,0.15050166845321655,0.42492738366127014,0.6945194005966187,0.35942983627319336,0.7550850510597229,0.6151850819587708,0.548850953578949,0.6295003890991211,0.9930828213691711,0.987837553024292,0.1001286506652832,0.12718738615512848,1.0,0.00800000037997961,0.0020000000949949026,0.006000000052154064,1.183,0.4992027766404269,1.0625580745279317,0.09212469855172516,0.24367261660830847,0.8568294972720519,2.0627831929307545,0.3902392580874297,0.1380318340754874,0.04922711290419102,0.0007730862125754356,238.46643195538024,0.9327306747436523,0.39723777770996094,0.6831398010253906,0.16060392558574677,0.46499717235565186,0.5277049541473389,0.7540795803070068,0.7255441546440125,0.987837553024292,0.9939999999478459,0.7450190814408033
bounding,2,action_space,0.0,3.0,0.0,0.5,0.0,0.11999999731779099,-1.0,0.3400000035762787,-1.0,-0.03999999910593033,rough_slope_trot_robustness,rough_slope,0.5,trotting,1000,0.6775895357131958,0.6775895357131958,0.5039741396903992,0.13567319512367249,0.07777967303991318,0.2996671199798584,1.4053022861480713,0.07777967303991318,0.011859769932925701,0.14414387941360474,0.06857088208198547,0.6543242335319519,0.7566648125648499,1.8008546829223633,4.530979156494141,0.2996671199798584,0.1585645079612732,0.030032578855752945,0.002484290860593319,0.316059947013855,0.0396881178021431,128.00604248046875,81.0963134765625,35.316436767578125,67.07273864746094,403.82171630859375,0.08650052547454834,0.04491666704416275,0.7122401595115662,1.731680154800415,1.1820000410079956,0.010079482570290565,0.01000003982335329,3.000000238418579,0.5,0.11999969929456711,0.3405389189720154,-0.03945949301123619,0.8908102512359619,0.5351580381393433,0.620695948600769,0.13808950781822205,0.42669206857681274,0.6988039612770081,0.4351891875267029,0.7274595499038696,0.6216868162155151,0.546754777431488,1.0,0.9922181367874146,0.9877658486366272,0.2135138213634491,0.24027851223945618,1.0,0.009000000543892384,0.0020000000949949026,0.007000000216066837,1.182,0.6025720070259624,1.210389336794223,0.10890257082789966,0.26186042481059535,0.8698648243059665,2.1286096768769376,0.39820159211293116,0.18032434587804905,0.05039741285145283,0.0,253.99327544684192,0.9290164113044739,0.407382071018219,0.5218696594238281,0.19349615275859833,0.4521404802799225,0.5314639806747437,0.6933221220970154,0.7988489866256714,0.9877658486366272,0.9929999997839332,0.7098200648140751
bounding,2,action_space,0.0,3.0,0.0,0.5,0.0,0.11999999731779099,-1.0,0.3400000035762787,0.0,0.0,rough_slope_trot_robustness,rough_slope,0.5,trotting,1000,0.7224010229110718,0.7224010229110718,0.4908832907676697,0.14066867530345917,0.07238663733005524,0.25984519720077515,1.3486411571502686,0.07238663733005524,0.00911870039999485,0.12866699695587158,0.05749310553073883,0.657123863697052,0.7614105939865112,1.8415987491607666,4.758327484130859,0.25984519720077515,0.11108492314815521,0.021604131907224655,0.002801146823912859,0.328852117061615,0.040022462606430054,122.8258056640625,76.40196228027344,35.658851623535156,67.68772888183594,489.636474609375,0.08187265694141388,0.06725000590085983,0.6987738609313965,1.7109917402267456,1.184000015258789,0.009817661717534065,0.01000003982335329,3.000000238418579,0.5,0.11999969929456711,0.3404916524887085,0.0,0.8886153697967529,0.5670288801193237,0.6781672239303589,0.1374642550945282,0.4204440116882324,0.7353821992874146,0.4716882109642029,0.7628495097160339,0.6223571300506592,0.5326075553894043,1.0,0.9930828213691711,0.9905128479003906,0.4583859443664551,0.47605717182159424,1.0,0.00800000037997961,0.0020000000949949026,0.006000000052154064,1.184,0.5901806290085251,1.2021207678749988,0.0954918865663196,0.2397771997724947,0.8725884447931402,2.1813590910555876,0.33329404907401994,0.15622188941098336,0.049088308587670326,0.0009118905290961266,250.2138654423965,0.9239006638526917,0.5090569853782654,0.6137880682945251,0.21631595492362976,0.4491271376609802,0.5180392861366272,0.6967883706092834,0.7144444584846497,0.9905128479003906,0.9939999999478459,0.7292470242337961
bounding,2,action_space,0.0,3.0,0.0,0.5,0.0,0.11999999731779099,-1.0,0.3400000035762787,1.0,0.03999999910593033,rough_slope_trot_robustness,rough_slope,0.5,trotting,1000,0.6786702275276184,0.6786702275276184,0.4900609254837036,0.13274027407169342,0.07904351502656937,0.301601767539978,1.9110738039016724,0.07904351502656937,0.011856364086270332,0.12069584429264069,0.054732613265514374,0.6538404822349548,0.7115225791931152,1.7574379444122314,4.370656967163086,0.301601767539978,0.1513504683971405,0.015788545832037926,0.002837080042809248,0.3147171139717102,0.04014914855360985,121.74429321289062,77.28694915771484,34.91668701171875,66.97602081298828,176.85874938964844,0.0819467306137085,0.06525000184774399,0.6559312343597412,1.573298692703247,1.187000036239624,0.009801222011446953,0.01000003982335329,3.000000238418579,0.5,0.11999969929456711,0.3405382037162781,0.039460137486457825,0.8955205678939819,0.5251497030258179,0.7249673008918762,0.1485954225063324,0.4090076684951782,0.6950525641441345,0.30871981382369995,0.7786856889724731,0.6209726333618164,0.546170711517334,1.0,0.9922181367874146,0.987765908241272,0.21350374817848206,0.24020984768867493,1.0,0.009000000543892384,0.003000000026077032,0.006000000052154064,1.187,0.552595850390954,1.151278028347043,0.1088869325781121,0.233950023008151,0.8435179779904607,2.090611625138224,0.38903787527327016,0.13647573364831997,0.049006110057234764,0.0009940890595316887,248.42685242192215,0.9319464564323425,0.40267065167427063,0.6890010237693787,0.1166939064860344,0.44799062609672546,0.532893180847168,0.717946469783783,0.7216247320175171,0.987765908241272,0.9939999999478459,0.7367531767507132
bounding,2,action_space,0.0,3.0,0.0,0.5,0.0,0.11999999731779099,0.0,0.3799999952316284,-1.0,-0.03999999910593033,rough_slope_trot_robustness,rough_slope,0.5,trotting,1000,0.703073263168335,0.703073263168335,0.5069519281387329,0.14197859168052673,0.08469243347644806,0.30720144510269165,1.479506492614746,0.08469243347644806,0.013488841243088245,0.1543644517660141,0.06932459771633148,0.6569423079490662,0.7779005765914917,1.8132658004760742,4.563442230224609,0.30720144510269165,0.16330209374427795,0.033767230808734894,0.003210421884432435,0.32950589060783386,0.03733133524656296,135.11264038085938,87.55810546875,34.35566711425781,66.24519348144531,442.5138854980469,0.09232243150472641,0.05066667124629021,0.619073748588562,1.6219805479049683,1.1770000457763672,0.010139032267034054,0.01000003982335329,3.000000238418579,0.5,0.11999969929456711,0.3800007998943329,-0.039400093257427216,0.8823332190513611,0.5275682210922241,0.5884883403778076,0.13600844144821167,0.4201202392578125,0.691733181476593,0.39370644092559814,0.6979786157608032,0.6192871928215027,0.5369260907173157,1.0,0.9913535118103027,0.988173246383667,0.46034544706344604,0.48081445693969727,1.0,0.010000000707805157,0.0010000000474974513,0.009000000543892384,1.177,0.5259759817066695,1.173909395978248,0.1161414708150721,0.2632956469756602,0.8819867213237916,2.136221484356107,0.4041065376163543,0.19229574278482436,0.05069516133517027,0.0,266.5196301292779,0.922533392906189,0.38917458057403564,0.47732722759246826,0.17389853298664093,0.473962664604187,0.5173623561859131,0.7085633277893066,0.7762090563774109,0.988173246383667,0.9909999994561076,0.7007781713710803
bounding,2,action_space,0.0,3.0,0.0,0.5,0.0,0.11999999731779099,0.0,0.3799999952316284,0.0,0.0,rough_slope_trot_robustness,rough_slope,0.5,trotting,1000,0.7856953740119934,0.7856953740119934,0.49236130714416504,0.14514105021953583,0.08063048124313354,0.2877540588378906,1.5575547218322754,0.08063048124313354,0.012707989662885666,0.15859578549861908,0.09126906841993332,0.6569886207580566,0.7496885061264038,1.834418535232544,4.780158996582031,0.2877540588378906,0.14977556467056274,0.02353130467236042,0.002721318742260337,0.3275075852870941,0.03809463232755661,132.68231201171875,84.45368194580078,34.565948486328125,66.63176727294922,554.2403564453125,0.08673790097236633,0.06325000524520874,0.6898009777069092,1.7809299230575562,1.1760001182556152,0.009847226552665234,0.01000003982335329,3.000000238418579,0.5,0.11999969929456711,0.3800007998943329,0.0,0.8786129951477051,0.5530847311019897,0.6659388542175293,0.13706162571907043,0.41913220286369324,0.715239942073822,0.365242600440979,0.7197505235671997,0.6206440329551697,0.5361871719360352,1.0,0.9878947734832764,0.9861644506454468,1.0,1.0,0.9992000460624695,0.014000000432133675,0.003000000026077032,0.010999999940395355,1.176,0.5865654458805006,1.2306080612342343,0.11272971951923622,0.30210770996439884,0.8658455440356576,2.1863574722771277,0.38700848139357713,0.16202661329121446,0.04923613276332617,0.0007640663534402847,269.4815983435289,0.9191888570785522,0.43691179156303406,0.5915243029594421,0.16337378323078156,0.4667821228504181,0.5194341540336609,0.6848201155662537,0.7288771867752075,0.9861644506454468,0.9890000000596046,0.7183838953313074
bounding,2,action_space,0.0,3.0,0.0,0.5,0.0,0.11999999731779099,0.0,0.3799999952316284,1.0,0.03999999910593033,rough_slope_trot_robustness,rough_slope,0.5,trotting,1000,0.7134572863578796,0.7134572863578796,0.49816444516181946,0.13770753145217896,0.07507862150669098,0.279086709022522,1.5715396404266357,0.07507862150669098,0.009692029096186161,0.13491937518119812,0.06453722715377808,0.6868770122528076,0.849321722984314,1.9081496000289917,5.02365779876709,0.279086709022522,0.1302696317434311,0.019466029480099678,0.0029720556922256947,0.34967535734176636,0.03753652796149254,127.56935119628906,79.6640396118164,34.75865936279297,67.00160217285156,294.42352294921875,0.08708271384239197,0.06100000441074371,0.6542158126831055,1.6844638586044312,1.1790000200271606,0.00996328704059124,0.01000003982335329,3.000000238418579,0.5,0.11999969929456711,0.3800007998943329,0.0394720584154129,0.8896140456199646,0.5592036247253418,0.6883978843688965,0.12606064975261688,0.40490394830703735,0.7222894430160522,0.3894059956073761,0.7478694319725037,0.6062320470809937,0.5183427333831787,1.0,0.9922181367874146,0.9893815517425537,0.4590238928794861,0.47629106044769287,0.9998000264167786,0.009000000543892384,0.0010000000474974513,0.00800000037997961,1.179,0.5548903810664493,1.1952917761470798,0.09844810356825652,0.2540417822992471,0.9215865249580822,2.241351779343682,0.3609288458178857,0.14979347506592325,0.0498164352029562,0.00018376391381025314,256.07879573752103,0.9269520044326782,0.45891332626342773,0.6384181976318359,0.17112170159816742,0.47202157974243164,0.4969078302383423,0.6996461153030396,0.7371233701705933,0.9893815517425537,0.9919999996200204,0.7327477503077764
bounding,2,action_space,0.0,3.0,0.0,0.5,0.0,0.11999999731779099,1.0,0.3799999952316284,-1.0,-0.03999999910593033,rough_slope_trot_robustness,rough_slope,0.5,trotting,1000,0.6746604442596436,0.6746604442596436,0.511083722114563,0.12845474481582642,0.06888212263584137,0.30878591537475586,1.6402480602264404,0.06888212263584137,0.008695959113538265,0.1380707323551178,0.06054934859275818,0.6464540362358093,0.7102710008621216,1.7905340194702148,4.449801445007324,0.30878591537475586,0.1641816347837448,0.02860964648425579,0.002674621995538473,0.31537455320358276,0.03859218955039978,141.83560180664062,96.0078353881836,34.88121795654297,67.80607604980469,562.9221801757812,0.090413898229599,0.05550000071525574,0.7215356826782227,1.9127599000930786,1.1850000619888306,0.010221674107015133,0.01000003982335329,3.000000238418579,0.5,0.11999969929456711,0.3800007998943329,-0.039457373321056366,0.9003041982650757,0.5260612964630127,0.6288682222366333,0.13782498240470886,0.4257346987724304,0.6872766017913818,0.388473242521286,0.7393643856048584,0.615544855594635,0.5510282516479492,1.0,0.9922181367874146,0.987763524055481,0.21354883909225464,0.24054300785064697,1.0,0.009000000543892384,0.0010000000474974513,0.00800000037997961,1.185,0.6088908392668776,1.270489378991734,0.09325212658989748,0.2460677723570443,0.842775771401932,2.1094552484011895,0.40519333013235154,0.1768735946369448,0.051108370535075665,0.0,277.5193097909841,0.936128556728363,0.3853946626186371,0.5348947048187256,0.1629735678434372,0.4621601700782776,0.5321930050849915,0.6679540872573853,0.7576755881309509,0.987763524055481,0.9919999996200204,0.7102486219159083
bounding,2,action_space,0.0,3.0,0.0,0.5,0.0,0.11999999731779099,1.0,0.3799999952316284,0.0,0.0,rough_slope_trot_robustness,rough_slope,0.5,trotting,1000,0.7088302373886108,0.7088302373886108,0.4983585476875305,0.14161133766174316,0.07818691432476044,0.31543686985969543,1.7093433141708374,0.07818691432476044,0.011307517997920513,0.1489337980747223,0.07881303131580353,0.651005744934082,0.7371178865432739,1.8071744441986084,4.63491153717041,0.31543686985969543,0.16724370419979095,0.022927258163690567,0.0029721520841121674,0.32311034202575684,0.044965289533138275,133.76651000976562,85.78486633300781,34.632232666015625,66.80706024169922,201.0817413330078,0.08788228780031204,0.04883333295583725,0.6586483120918274,1.6216623783111572,1.1790001392364502,0.009967177174985409,0.01000003982335329,3.000000238418579,0.5,0.11999969929456711,0.3800007998943329,0.0,0.8849761486053467,0.5078343152999878,0.6668460369110107,0.13942140340805054,0.4238697290420532,0.6769284009933472,0.3524065613746643,0.7262188196182251,0.6154395341873169,0.5430684089660645,1.0,0.9904887676239014,0.9870163202285767,0.4612158536911011,0.48250994086265564,0.9998000264167786,0.010999999940395355,0.003000000026077032,0.00800000037997961,1.179,0.558649970678276,1.17279826508293,0.10633681393534655,0.28073658706303944,0.8585556979854446,2.152884469071764,0.4089544035706071,0.16093293711295625,0.049835885874927044,0.00016431324183940887,268.4141982323074,0.9229178428649902,0.3697218894958496,0.5957177877426147,0.144352987408638,0.40685197710990906,0.5240224599838257,0.7090253829956055,0.7833570837974548,0.9870163202285767,0.9919999996200204,0.7125889284928378
bounding,2,action_space,0.0,3.0,0.0,0.5,0.0,0.11999999731779099,1.0,0.3799999952316284,1.0,0.03999999910593033,rough_slope_trot_robustness,rough_slope,0.5,trotting,1000,0.6788517236709595,0.6788517236709595,0.5057730078697205,0.1341109722852707,0.08553065359592438,0.2982529103755951,1.4851744174957275,0.08553065359592438,0.012274963781237602,0.14807546138763428,0.07036855071783066,0.6871038675308228,0.7760021686553955,1.830824375152588,4.760589599609375,0.2982529103755951,0.15555350482463837,0.019475296139717102,0.0032809232361614704,0.3290705680847168,0.03810089826583862,127.6766357421875,81.99794006347656,35.17214584350586,67.84292602539062,293.7147521972656,0.08610467612743378,0.057583339512348175,0.6223388910293579,1.4949452877044678,1.180999994277954,0.010115457698702812,0.01000003982335329,3.000000238418579,0.5,0.11999969929456711,0.3800007998943329,0.03941205143928528,0.891342282295227,0.5313149690628052,0.694588303565979,0.13770069181919098,0.38763752579689026,0.6949816346168518,0.39163243770599365,0.7232741713523865,0.612917423248291,0.5341636538505554,1.0,0.9913535118103027,0.9864574670791626,0.21458211541175842,0.24271947145462036,0.9998000264167786,0.009999999776482582,0.0020000000949949026,0.00800000037997961,1.181,0.5269592440198984,1.125091138466593,0.11079243557769457,0.2652707121373007,0.8809098527405602,2.181877540012128,0.39440271908879937,0.15085164691138964,0.05057728849351406,0.0,252.4386113050048,0.9305839538574219,0.4108414053916931,0.6343690752983093,0.17716501653194427,0.46672365069389343,0.517812967300415,0.7287259697914124,0.749824047088623,0.9864574670791626,0.9919999996200204,0.734660970782371
bounding,2,action_space,0.0,3.0,0.0,0.5,1.0,0.11999999731779099,-1.0,0.3400000035762787,-1.0,-0.03999999910593033,rough_slope_trot_robustness,rough_slope,0.5,trotting,1000,0.6530660390853882,0.6530660390853882,0.4921116232872009,0.1342853307723999,0.07810080051422119,0.2891377806663513,1.8371469974517822,0.07810080051422119,0.010797815397381783,0.14019565284252167,0.06743845343589783,0.6326671838760376,0.7189757823944092,1.8525958061218262,4.722846031188965,0.2891377806663513,0.1391114890575409,0.029589954763650894,0.0025357287377119064,0.3241967558860779,0.0359555259346962,127.17182159423828,81.43846893310547,34.883697509765625,66.16741180419922,414.86602783203125,0.08509800583124161,0.05233334004878998,0.6682863831520081,1.7094502449035645,1.183000087738037,0.009842239320278168,0.01000003982335329,3.000000238418579,0.5,0.11999969929456711,0.34059834480285645,-0.03940010815858841,0.89448082447052,0.5368033051490784,0.6253319978713989,0.13564932346343994,0.42988479137420654,0.6999596357345581,0.3110930919647217,0.7453660368919373,0.620762288570404,0.5434962511062622,1.0,0.991353452205658,0.9847970008850098,0.1024806946516037,0.13630053400993347,1.0,0.010000000707805157,0.0010000000474974513,0.009000000543892384,1.183,0.5649081800110947,1.2020868707075159,0.10391253724831177,0.25968914770528595,0.8479243966264971,2.1732109955521954,0.372976526148149,0.17923639000315422,0.04921119660139084,0.0007890025153756142,258.4206825775778,0.9304097294807434,0.4334379732608795,0.525968611240387,0.12833602726459503,0.48718541860580444,0.5228850841522217,0.69680255651474,0.7697675228118896,0.9847970008850098,0.9909999994561076,0.7084139404622348
bounding,2,action_space,0.0,3.0,0.0,0.5,1.0,0.11999999731779099,-1.0,0.3400000035762787,0.0,0.0,rough_slope_trot_robustness,rough_slope,0.5,trotting,1000,0.6780149936676025,0.6780149936676025,0.4895453453063965,0.1380128711462021,0.07816848903894424,0.3087783753871918,1.6760532855987549,0.07816848903894424,0.010877356864511967,0.12936119735240936,0.05583801120519638,0.6449538469314575,0.7395544648170471,1.7847020626068115,4.46856689453125,0.3087783753871918,0.1551796793937683,0.020495949313044548,0.002536179730668664,0.31633472442626953,0.03423237055540085,127.41557312011719,81.41877746582031,35.44725036621094,68.10640716552734,209.6841278076172,0.08246182650327682,0.06191667169332504,0.676541805267334,1.6938178539276123,1.187000036239624,0.009790908545255661,0.01000003982335329,3.000000238418579,0.5,0.11999969929456711,0.34053856134414673,0.0,0.8911895751953125,0.5145977735519409,0.6915687322616577,0.1459084451198578,0.4282175898551941,0.6842014193534851,0.3288816213607788,0.7633980512619019,0.6289987564086914,0.547355055809021,1.0,0.9922181367874146,0.987765908241272,0.2135075330734253,0.24023529887199402,1.0,0.009000000543892384,0.004000000189989805,0.005000000353902578,1.187,0.56995940108006,1.1945599898973087,0.10429456776127875,0.23630067965453755,0.8599735256489278,2.1138985062039404,0.39392852066557493,0.15176339823459808,0.048954542726278305,0.0010456563904881477,260.27328079357056,0.9266399145126343,0.3854126036167145,0.6308781504631042,0.15052886307239532,0.5042679905891418,0.531171977519989,0.6999520659446716,0.7337526082992554,0.987765908241272,0.9949999996460974,0.7340705506748668
bounding,2,action_space,0.0,3.0,0.0,0.5,1.0,0.11999999731779099,-1.0,0.3400000035762787,1.0,0.03999999910593033,rough_slope_trot_robustness,rough_slope,0.5,trotting,1000,0.6615861654281616,0.6615861654281616,0.5189530849456787,0.1411147117614746,0.07951211929321289,0.33119797706604004,1.6617803573608398,0.07951211929321289,0.011427774094045162,0.15354275703430176,0.07129862904548645,0.6798081398010254,0.7767583727836609,1.7842803001403809,4.511815071105957,0.33119797706604004,0.1964152753353119,0.019241221249103546,0.0030967076309025288,0.31588754057884216,0.039592400193214417,131.0075225830078,81.76353454589844,34.98004150390625,66.62648010253906,448.75067138671875,0.08678057044744492,0.06408333778381348,0.6146401166915894,1.4424965381622314,1.1790000200271606,0.010379061102867126,0.01000003982335329,3.000000238418579,0.5,0.11999969929456711,0.3405460715293884,0.03945232927799225,0.8843114376068115,0.5024164915084839,0.6947332620620728,0.14179226756095886,0.3987295925617218,0.6684924364089966,0.3818468451499939,0.6974533796310425,0.613395094871521,0.5460518598556519,1.0,0.9922181367874146,0.9862895011901855,0.10139724612236023,0.13270704448223114,1.0,0.009000000543892384,0.0020000000949949026,0.007000000216066837,1.179,0.5213232194093247,1.1061154931902926,0.10690076750914916,0.2670180313115323,0.8813389658829688,2.1241033569734684,0.4431876299439233,0.14945878656006167,0.05189530551433563,0.0,252.44579208296062,0.9234362840652466,0.33389759063720703,0.639698326587677,0.1510210931301117,0.4530068635940552,0.531647264957428,0.7364802360534668,0.725846529006958,0.9862895011901855,0.9929999997839332,0.7302364022225926
bounding,2,action_space,0.0,3.0,0.0,0.5,1.0,0.11999999731779099,0.0,0.3799999952316284,-1.0,-0.03999999910593033,rough_slope_trot_robustness,rough_slope,0.5,trotting,1000,0.6650877594947815,0.6650877594947815,0.5023271441459656,0.1356625258922577,0.07020217180252075,0.29382577538490295,1.7728370428085327,0.07020217180252075,0.00893667247146368,0.1477806568145752,0.057364046573638916,0.6115323305130005,0.6506043672561646,1.7953970432281494,4.506870269775391,0.29382577538490295,0.14194247126579285,0.03276735544204712,0.0024018483236432076,0.3123705983161926,0.04044897109270096,133.7986297607422,86.91543579101562,34.30546188354492,66.60368347167969,212.1569366455078,0.09103640168905258,0.05066667124629021,0.7013108730316162,1.8424721956253052,1.1850000619888306,0.010046541690826416,0.01000003982335329,3.000000238418579,0.5,0.11999969929456711,0.3800007998943329,-0.039566949009895325,0.8923914432525635,0.5249247550964355,0.6011762022972107,0.13830918073654175,0.43777674436569214,0.6942881345748901,0.31595683097839355,0.7053073048591614,0.6159564852714539,0.5500954389572144,1.0,0.9939475059509277,0.9904334545135498,0.21115610003471375,0.23358377814292908,1.0,0.007000000216066837,0.0,0.007000000216066837,1.185,0.5918235553467827,1.2469277580232556,0.09453397522300477,0.2395079259098515,0.8066005004065919,2.122939064074942,0.3767525331909433,0.18753454019377425,0.05023270845413208,0.0,266.357554673301,0.9290271997451782,0.42175284028053284,0.4949076473712921,0.14205080270767212,0.4453123211860657,0.5353999733924866,0.6779327392578125,0.7762090563774109,0.9904334545135498,0.9929999997839332,0.6971749688351625
bounding,2,action_space,0.0,3.0,0.0,0.5,1.0,0.11999999731779099,0.0,0.3799999952316284,0.0,0.0,rough_slope_trot_robustness,rough_slope,0.5,trotting,1000,0.7097790837287903,0.7097790837287903,0.4960584044456482,0.13834801316261292,0.08051632344722748,0.3015359044075012,1.5747950077056885,0.08051632344722748,0.011370588093996048,0.1501099318265915,0.0699378103017807,0.6683419346809387,0.7340548634529114,1.8518390655517578,4.7606201171875,0.3015359044075012,0.14966937899589539,0.02379588969051838,0.002881421474739909,0.33492493629455566,0.04161278158426285,134.70477294921875,87.87821197509766,34.16729736328125,66.84685516357422,192.10308837890625,0.08661915361881256,0.07125000655651093,0.7600942254066467,2.1019368171691895,1.180999994277954,0.00992116704583168,0.01000003982335329,3.000000238418579,0.5,0.11999969929456711,0.3800007998943329,0.0,0.886371374130249,0.5195273160934448,0.661452054977417,0.13374191522598267,0.4112046957015991,0.6876566410064697,0.3865705728530884,0.721413254737854,0.6117165088653564,0.5350444316864014,1.0,0.991353452205658,0.9881985187530518,0.46013784408569336,0.47952255606651306,0.9998000264167786,0.009999999776482582,0.0,0.009999999776482582,1.181,0.6436021822574883,1.334089141940335,0.1066329596981911,0.2644575775087201,0.8567700178302876,2.181884533422312,0.3868712692820383,0.16333190492141542,0.0496058352291584,0.0003943638876080513,271.55022824329143,0.9262967109680176,0.40283066034317017,0.586521327495575,0.16493451595306396,0.4350668489933014,0.5117853879928589,0.6408572793006897,0.700297474861145,0.9881985187530518,0.9900000002235174,0.7124419964261745
bounding,2,action_space,0.0,3.0,0.0,0.5,1.0,0.11999999731779099,0.0,0.3799999952316284,1.0,0.03999999910593033,rough_slope_trot_robustness,rough_slope,0.5,trotting,1000,0.6782419681549072,0.6782419681549072,0.5089122653007507,0.13234466314315796,0.07677511870861053,0.2980077266693115,1.6118438243865967,0.07677511870861053,0.01029333658516407,0.13414588570594788,0.06544119864702225,0.6624430418014526,0.8586663007736206,1.8012884855270386,4.58388614654541,0.2980077266693115,0.15100035071372986,0.01817312464118004,0.003119965549558401,0.3230312466621399,0.03594145178794861,128.54161071777344,81.77365112304688,34.83635711669922,67.45979309082031,412.2816467285156,0.08553098142147064,0.06725001335144043,0.6750975847244263,1.6841908693313599,1.1820000410079956,0.010178247466683388,0.01000003982335329,3.000000238418579,0.5,0.11999969929456711,0.3800007998943329,0.039400093257427216,0.8966697454452515,0.5196585655212402,0.7017551064491272,0.14282295107841492,0.41476285457611084,0.6881927251815796,0.32908666133880615,0.7504947185516357,0.621284008026123,0.5356305837631226,1.0,0.991353452205658,0.9864066243171692,0.21479372680187225,0.24446886777877808,1.0,0.010000000707805157,0.0020000000949949026,0.00800000037997961,1.182,0.5711485060741857,1.1936772216804448,0.10145608205112235,0.25581477409841336,0.9266424881115805,2.141001201901907,0.3885876358219981,0.14592152065661337,0.05089123733341694,0.0,252.58108220639858,0.9323374629020691,0.41144245862960815,0.6532065868377686,0.1623971313238144,0.4873225688934326,0.5241053700447083,0.7003210783004761,0.7144443988800049,0.9864066243171692,0.9919999996200204,0.73808133234515
bounding,2,action_space,0.0,3.0,0.0,0.5,1.0,0.11999999731779099,1.0,0.3799999952316284,-1.0,-0.03999999910593033,rough_slope_trot_robustness,rough_slope,0.5,trotting,1000,0.6523498296737671,0.6523498296737671,0.5134731531143188,0.14106929302215576,0.07643835246562958,0.29543113708496094,1.4912656545639038,0.07643835246562958,0.011169502511620522,0.17024660110473633,0.08428139984607697,0.650227427482605,0.7303426861763,1.8402292728424072,4.753609657287598,0.29543113708496094,0.1537855565547943,0.0357283279299736,0.0029229186475276947,0.33161360025405884,0.03706691041588783,134.26809692382812,85.86032104492188,33.716556549072266,65.13878631591797,448.9029541015625,0.09100513160228729,0.060583338141441345,0.6605100631713867,1.7572497129440308,1.183000087738037,0.010269462130963802,0.01000003982335329,3.000000238418579,0.5,0.11999969929456711,0.3800007998943329,-0.03934071585536003,0.8837907314300537,0.5397485494613647,0.5795001983642578,0.13092046976089478,0.41457971930503845,0.7023710608482361,0.4111056923866272,0.6713849306106567,0.6103619933128357,0.5383132696151733,1.0,0.9904887676239014,0.9832768440246582,0.10365041345357895,0.1408131718635559,0.9998000264167786,0.010999999940395355,0.0010000000474974513,0.010000000707805157,1.183,0.5583347504358622,1.2187773045822965,0.105685867132841,0.2903125898855869,0.8546008929180334,2.180277426679366,0.3921550159755633,0.1965992028913172,0.05134731065481901,0.0,261.4900041208871,0.923483669757843,0.4177819788455963,0.46161460876464844,0.18002568185329437,0.47647586464881897,0.5151860117912292,0.6897993683815002,0.7386606335639954,0.9832768440246582,0.9899999992921948,0.6973800804760111
bounding,2,action_space,0.0,3.0,0.0,0.5,1.0,0.11999999731779099,1.0,0.3799999952316284,0.0,0.0,rough_slope_trot_robustness,rough_slope,0.5,trotting,1000,0.6732221841812134,0.6732221841812134,0.49942201375961304,0.13392406702041626,0.07417513430118561,0.30207300186157227,1.6744327545166016,0.07417513430118561,0.010122962296009064,0.14656658470630646,0.06859247386455536,0.6808750033378601,0.8016822934150696,1.8819559812545776,4.976293563842773,0.30207300186157227,0.154313325881958,0.024347785860300064,0.0030306647531688213,0.33375126123428345,0.03963938355445862,134.29714965820312,86.08690643310547,35.04273223876953,66.6866683959961,496.82049560546875,0.08813667297363281,0.049666665494441986,0.6597422361373901,1.6456243991851807,1.1779999732971191,0.009988435544073582,0.01000003982335329,3.000000238418579,0.5,0.11999969929456711,0.3800007998943329,0.0,0.8920921087265015,0.519469141960144,0.653519868850708,0.13318204879760742,0.4119982421398163,0.6903189420700073,0.36455392837524414,0.7161363363265991,0.6129812002182007,0.5326834917068481,1.0,0.9922181367874146,0.9877659678459167,0.21350528299808502,0.2402200996875763,1.0,0.009000000543892384,0.0,0.009000000543892384,1.178,0.5600527907470289,1.1819325587764564,0.10061293304545427,0.2619016492207626,0.8953671277275426,2.2307607589884606,0.3928273486940007,0.16546434846657718,0.04994217772036791,5.802139639854431e-05,268.90514626542756,0.9307703971862793,0.4015268087387085,0.5783540606498718,0.15306510031223297,0.45258137583732605,0.5129881501197815,0.7052230834960938,0.7800998687744141,0.9877659678459167,0.9909999994561076,0.7174424740338796
bounding,2,action_space,0.0,3.0,0.0,0.5,1.0,0.11999999731779099,1.0,0.3799999952316284,1.0,0.03999999910593033,rough_slope_trot_robustness,rough_slope,0.5,trotting,1000,0.6615620851516724,0.6615620851516724,0.49219101667404175,0.13430872559547424,0.07702498137950897,0.31722408533096313,1.8886783123016357,0.07702498137950897,0.011521131731569767,0.14511649310588837,0.07146605104207993,0.6343905925750732,0.7117536067962646,1.7065563201904297,4.178292274475098,0.31722408533096313,0.16877219080924988,0.016079435124993324,0.002729325322434306,0.3092406988143921,0.038581036031246185,137.45553588867188,91.56287384033203,35.238529205322266,67.34669494628906,522.2742309570312,0.08710204809904099,0.047416672110557556,0.6076012849807739,1.4600744247436523,1.1740000247955322,0.009843818843364716,0.01000003982335329,3.000000238418579,0.5,0.11999969929456711,0.3800007998943329,0.039353057742118835,0.8934025168418884,0.5017186403274536,0.7269898653030396,0.15601351857185364,0.4174029529094696,0.6694021224975586,0.2905415892601013,0.7325311899185181,0.6193198561668396,0.5567594766616821,1.0,0.9904887676239014,0.9833530187606812,0.1034926176071167,0.13902881741523743,0.9998000264167786,0.010999999940395355,0.0020000000949949026,0.009000000543892384,1.174,0.5175479713452938,1.1152017803877867,0.10733653493368307,0.26733135065322944,0.8436549097802162,2.0440871494325035,0.4108189270338574,0.13714503435205969,0.04921909421682358,0.0007811048999428749,279.2727441827796,0.9303863644599915,0.3655650019645691,0.6864820718765259,0.12013957649469376,0.4622632563114166,0.5387619733810425,0.7327734231948853,0.7889255285263062,0.9833530187606812,0.9909999994561076,0.7383131831394215
bounding,2,action_space,1.0,3.4000000953674316,0.0,0.5,-1.0,0.08999999612569809,-1.0,0.3400000035762787,-1.0,-0.03999999910593033,rough_slope_trot_robustness,rough_slope,0.5,trotting,1000,0.6452410221099854,0.6452410221099854,0.5050361156463623,0.12283335626125336,0.07795527577400208,0.28049176931381226,1.7109918594360352,0.07795527577400208,0.010692405514419079,0.127381831407547,0.05689411610364914,0.6903296113014221,0.784045934677124,1.7333184480667114,4.20009183883667,0.28049176931381226,0.12813347578048706,0.027275502681732178,0.0024997449945658445,0.31636467576026917,0.038138724863529205,110.6482162475586,67.07955169677734,34.44811248779297,65.06807708740234,428.406494140625,0.0688985139131546,0.085916668176651,0.6576230525970459,1.3981777429580688,1.3360000848770142,0.010100726038217545,0.01000003982335329,3.395183563232422,0.5,0.09036234021186829,0.34048134088516235,-0.039517082273960114,0.9071120023727417,0.5367575883865356,0.6333005428314209,0.14699488878250122,0.39136403799057007,0.7068009376525879,0.3430607318878174,0.7652498483657837,0.6072091460227966,0.545354962348938,0.6295282244682312,0.9930828213691711,0.9866560697555542,0.04872068762779236,0.07742946594953537,1.0,0.00800000037997961,0.0,0.00800000037997961,1.336,0.4922328195172156,1.0230054840227245,0.10340408848019056,0.23852487523033974,0.8854636834320897,2.049412559451286,0.35795736586985755,0.17255505694211926,0.05050363019108772,0.0,219.0897102595272,0.9414329528808594,0.4553193151950836,0.55128413438797,0.14589910209178925,0.46637070178985596,0.531140148639679,0.7697919011116028,0.650780200958252,0.9866560697555542,0.9919999996200204,0.7201962434245568
bounding,2,action_space,1.0,3.4000000953674316,0.0,0.5,-1.0,0.08999999612569809,-1.0,0.3400000035762787,0.0,0.0,rough_slope_trot_robustness,rough_slope,0.5,trotting,1000,0.6617504358291626,0.6617504358291626,0.4846806228160858,0.1283060610294342,0.07485641539096832,0.31513041257858276,1.613776445388794,0.07485641539096832,0.01044526882469654,0.12814152240753174,0.05704433470964432,0.6760494709014893,0.7868850231170654,1.5961843729019165,3.607896566390991,0.31513041257858276,0.1694844514131546,0.01833755150437355,0.002621677238494158,0.30239588022232056,0.04315010830760002,110.42953491210938,66.59474182128906,34.792781829833984,65.49764251708984,213.2301788330078,0.0689273327589035,0.09183333069086075,0.6244030594825745,1.3603644371032715,1.3289999961853027,0.009693609550595284,0.01000003982335329,3.394613265991211,0.5,0.09040509909391403,0.3405383825302124,0.0,0.9003046751022339,0.5088727474212646,0.7085601091384888,0.158421128988266,0.39714282751083374,0.6745620965957642,0.3598771095275879,0.759406566619873,0.6023410558700562,0.5625804662704468,0.6300626993179321,0.9922181367874146,0.9863172769546509,0.10130472481250763,0.1317444145679474,1.0,0.009000000543892384,0.0020000000949949026,0.007000000216066837,1.329,0.46982925219855154,1.011731136721443,0.10220209794664951,0.2388395585108219,0.8870653995715679,1.8994463841843474,0.4116848933506725,0.1447730249144077,0.04846804775297642,0.0015321513637900352,227.83979741235157,0.9362714886665344,0.37043702602386475,0.6575828194618225,0.1615918129682541,0.42189356684684753,0.5461881756782532,0.7742193937301636,0.6318099498748779,0.9863172769546509,0.9929999997839332,0.736307845058802
bounding,2,action_space,1.0,3.4000000953674316,0.0,0.5,-1.0,0.08999999612569809,-1.0,0.3400000035762787,1.0,0.03999999910593033,rough_slope_trot_robustness,rough_slope,0.5,trotting,1000,0.658586859703064,0.658586859703064,0.49954718351364136,0.12718643248081207,0.09142947196960449,0.32550859451293945,1.5596246719360352,0.09142947196960449,0.015365872532129288,0.13257035613059998,0.06443345546722412,0.727135419845581,0.8817633390426636,1.6859605312347412,3.989243507385254,0.32550859451293945,0.17497819662094116,0.015275489538908005,0.0037994086742401123,0.31849315762519836,0.0373559445142746,108.188720703125,64.84304809570312,34.299171447753906,65.42472839355469,405.9842224121094,0.07287119328975677,0.07616667449474335,0.5939174890518188,1.221859335899353,1.3380000591278076,0.009990939870476723,0.01000003982335329,3.3946142196655273,0.5,0.09040509164333344,0.3405382037162781,0.03946012258529663,0.8977043628692627,0.4879041314125061,0.7260010242462158,0.14789855480194092,0.3795318007469177,0.6597937345504761,0.39460355043411255,0.7495258450508118,0.6149313449859619,0.5445311069488525,0.6300624012947083,0.9922181367874146,0.9849934577941895,0.04969235509634018,0.08181297779083252,1.0,0.009000000543892384,0.004000000189989805,0.004999999888241291,1.338,0.44388451455063527,0.9556141151480833,0.1239591567094956,0.25383745875505476,0.9390225444805165,1.9973090665656263,0.41830395243284657,0.13811190467569448,0.049954699352383614,4.54997643828392e-05,216.573577579125,0.937343418598175,0.34660884737968445,0.6828377842903137,0.15459567308425903,0.4737294614315033,0.5288839340209961,0.7958858013153076,0.6832917332649231,0.9849934577941895,0.9950000001117587,0.74958206982793
bounding,2,action_space,1.0,3.4000000953674316,0.0,0.5,-1.0,0.08999999612569809,0.0,0.3799999952316284,-1.0,-0.03999999910593033,rough_slope_trot_robustness,rough_slope,0.5,trotting,1000,0.6545041799545288,0.6545041799545288,0.47570571303367615,0.12916719913482666,0.0845193862915039,0.3096013367176056,1.5354459285736084,0.0845193862915039,0.012675978243350983,0.12734508514404297,0.05686710774898529,0.6991382837295532,0.7744503617286682,1.858496069908142,4.800533294677734,0.3096013367176056,0.15255245566368103,0.02686796523630619,0.004200809635221958,0.3345526158809662,0.03954112529754639,115.76610565185547,71.15608215332031,33.9133415222168,63.80432891845703,447.1662292480469,0.07012999057769775,0.09000000357627869,0.6814444065093994,1.5179173946380615,1.3310000896453857,0.009514115750789642,0.01000003982335329,3.395214080810547,0.5,0.09036008268594742,0.3800007998943329,-0.03952009603381157,0.8982435464859009,0.5055029392242432,0.6243044137954712,0.12866270542144775,0.37914809584617615,0.6786503195762634,0.4137759804725647,0.7639297246932983,0.6088321805000305,0.5316839814186096,0.6294999122619629,0.9930827617645264,0.987837553024292,0.10012811422348022,0.1271839737892151,0.9998000264167786,0.00800000037997961,0.0020000000949949026,0.006000000052154064,1.331,0.511979261437007,1.0679108980607597,0.11258764693939999,0.23846825312604042,0.8800286141533514,2.191011933942336,0.39057964061594536,0.17626336792291286,0.04757057875394821,0.002429620362818241,243.3565594863061,0.9354414939880371,0.38345620036125183,0.5372049808502197,0.16713298857212067,0.45347166061401367,0.5121666193008423,0.7519327402114868,0.6376281380653381,0.987837553024292,0.9939999999478459,0.7158877081482818
bounding,2,action_space,1.0,3.4000000953674316,0.0,0.5,-1.0,0.08999999612569809,0.0,0.3799999952316284,0.0,0.0,rough_slope_trot_robustness,rough_slope,0.5,trotting,1000,0.6760549545288086,0.6760549545288086,0.4830949902534485,0.11365881562232971,0.07248368859291077,0.3095414638519287,2.00730562210083,0.07248368859291077,0.009734822437167168,0.11855912953615189,0.05759473145008087,0.6472256183624268,0.7027422785758972,1.6504993438720703,3.8019604682922363,0.3095414638519287,0.15568605065345764,0.01672535575926304,0.002627003937959671,0.3070351779460907,0.03815770149230957,115.82112121582031,73.35159301757812,35.05267333984375,67.26490020751953,574.2398071289062,0.06945930421352386,0.08533333241939545,0.6373686790466309,1.3366234302520752,1.3420000076293945,0.009661901742219925,0.01000003982335329,3.394726276397705,0.5,0.09039661288261414,0.3800007998943329,0.0,0.9182212948799133,0.5076494216918945,0.7275207042694092,0.1477816253900528,0.40769779682159424,0.675163209438324,0.2583591639995575,0.7978508472442627,0.6188111901283264,0.5584741830825806,0.6299566030502319,0.9922180771827698,0.9878162741661072,0.21330347657203674,0.23854348063468933,0.9996000528335571,0.008999999612569809,0.0020000000949949026,0.007000000216066837,1.342,0.47493938326657975,0.9979947446975028,0.09866520378110596,0.23998902360333246,0.8382972495337779,1.9498616536288507,0.39457071692341494,0.13911275893038247,0.048309508711099625,0.0016906904056668282,239.7481314286793,0.949639081954956,0.3835983872413635,0.6790590286254883,0.11058154702186584,0.46619370579719543,0.5411437153816223,0.7795812487602234,0.6526810526847839,0.9878162741661072,0.9929999997839332,0.7445247970815553
bounding,2,action_space,1.0,3.4000000953674316,0.0,0.5,-1.0,0.08999999612569809,0.0,0.3799999952316284,1.0,0.03999999910593033,rough_slope_trot_robustness,rough_slope,0.5,trotting,1000,0.6631125807762146,0.6631125807762146,0.46357110142707825,0.1343182921409607,0.08074439316987991,0.3474002778530121,1.4927583932876587,0.08074439316987991,0.01061055064201355,0.12711626291275024,0.05785483121871948,0.7147785425186157,0.8385698795318604,1.7040894031524658,4.042336463928223,0.3474002778530121,0.1884690523147583,0.014732668176293373,0.0037955930456519127,0.3276219367980957,0.03939206153154373,113.09280395507812,69.4021224975586,34.89754867553711,65.77722930908203,176.48399353027344,0.07144416123628616,0.08366666734218597,0.592706561088562,1.2227020263671875,1.3310000896453857,0.009271429851651192,0.01000003982335329,3.395214557647705,0.5,0.09036009013652802,0.3800007998943329,0.03952012211084366,0.8865547776222229,0.457253098487854,0.7339892387390137,0.14423413574695587,0.3763887882232666,0.631888747215271,0.3916912376880646,0.7695021629333496,0.607814610004425,0.5397940874099731,0.6294999122619629,0.9930827617645264,0.9878376722335815,0.10012808442115784,0.1271839588880539,0.9998000264167786,0.00800000037997961,0.0010000000474974513,0.007000000216066837,1.331,0.44530919832362886,0.958453983135751,0.1030075271133792,0.2405303124737493,0.9157346119547193,2.0105562573397995,0.434130225064736,0.1361185557591076,0.04635714925825596,0.0036430498585104942,243.95999579552765,0.9303768277168274,0.29913225769996643,0.6903440356254578,0.1817779541015625,0.45482560992240906,0.5193154215812683,0.7948049902915955,0.6581428050994873,0.9878376722335815,0.9929999997839332,0.7491901067428685
bounding,2,action_space,1.0,3.4000000953674316,0.0,0.5,-1.0,0.08999999612569809,1.0,0.3799999952316284,-1.0,-0.03999999910593033,rough_slope_trot_robustness,rough_slope,0.5,trotting,1000,0.6465370059013367,0.6465370059013367,0.48370593786239624,0.12372329831123352,0.07744152098894119,0.3032490611076355,1.8682955503463745,0.07744152098894119,0.011561471968889236,0.13476641476154327,0.07109792530536652,0.6991206407546997,0.8381619453430176,1.804997205734253,4.511595726013184,0.3032490611076355,0.14967703819274902,0.02485695853829384,0.002860055770725012,0.32770681381225586,0.03687775880098343,115.41099548339844,72.93833923339844,34.37824630737305,65.251708984375,626.8671264648438,0.06917598843574524,0.09066667407751083,0.6427884101867676,1.3658736944198608,1.3310000896453857,0.009674116969108582,0.01000003982335329,3.3941433429718018,0.5,0.09044033288955688,0.3800007998943329,-0.039413098245859146,0.9044374823570251,0.5113030672073364,0.6489330530166626,0.13394707441329956,0.3870169520378113,0.6816336512565613,0.3328043818473816,0.7685248851776123,0.6178481578826904,0.5367175340652466,0.630503237247467,0.9913535118103027,0.9834272861480713,0.05057871714234352,0.08468937873840332,0.9995999932289124,0.010000000707805157,0.0,0.010000000707805157,1.331,0.48293647794773664,1.0130157960874313,0.10752428548420695,0.2666419421347034,0.9155118488272107,2.12405172394958,0.38688116805131395,0.16648427646182942,0.04837058484554291,0.001629614271223545,238.597433790921,0.9406070709228516,0.3986785113811493,0.5744510889053345,0.12251461297273636,0.47828182578086853,0.5192272663116455,0.7737160921096802,0.6355062127113342,0.9834272861480713,0.9899999992921948,0.7234106476075556
bounding,2,action_space,1.0,3.4000000953674316,0.0,0.5,-1.0,0.08999999612569809,1.0,0.3799999952316284,0.0,0.0,rough_slope_trot_robustness,rough_slope,0.5,trotting,1000,0.6538746953010559,0.6538746953010559,0.49183976650238037,0.11804919689893723,0.07890494912862778,0.3300492763519287,2.0817148685455322,0.07890494912862778,0.010455712676048279,0.12268175184726715,0.05056507885456085,0.6981065273284912,0.830413818359375,1.6371277570724487,3.7781596183776855,0.3300492763519287,0.18511714041233063,0.017666608095169067,0.003140863962471485,0.31231290102005005,0.04409109801054001,116.96790313720703,74.71693420410156,34.90995407104492,67.05486297607422,474.8559875488281,0.07000644505023956,0.06816667318344116,0.6065915822982788,1.2557145357131958,1.3350000381469727,0.009836796671152115,0.01000003982335329,3.395684242248535,0.5,0.09032481908798218,0.3800007998943329,0.0,0.9118388891220093,0.4963496923446655,0.7167568206787109,0.14975841343402863,0.3962353467941284,0.6623127460479736,0.2235107123851776,0.7799344062805176,0.6188427209854126,0.5549935102462769,0.6290589570999146,0.993947446346283,0.9892815351486206,0.09911622107028961,0.12445612251758575,0.9998000264167786,0.00800000037997961,0.0020000000949949026,0.006000000052154064,1.335,0.4543756949321161,0.9698505531961501,0.10225317929555187,0.2248668024732883,0.9112704419432109,1.9437488568170749,0.43025241476641435,0.14424795339151456,0.049183983355760574,0.0008162157610058784,237.81709227987147,0.9457827210426331,0.3364434540271759,0.65958172082901,0.10118252784013748,0.4140278697013855,0.5354617834091187,0.7904502749443054,0.711177408695221,0.9892815351486206,0.9939999999478459,0.7328921721659993
bounding,2,action_space,1.0,3.4000000953674316,0.0,0.5,-1.0,0.08999999612569809,1.0,0.3799999952316284,1.0,0.03999999910593033,rough_slope_trot_robustness,rough_slope,0.5,trotting,1000,0.661104142665863,0.661104142665863,0.4842969477176666,0.12220150232315063,0.08201935887336731,0.3531206250190735,1.4505181312561035,0.08201935887336731,0.012534670531749725,0.1368396282196045,0.05870744585990906,0.7494083642959595,0.936637282371521,1.5602169036865234,3.4655487537384033,0.3531206250190735,0.2210918664932251,0.01455014944076538,0.0035039661452174187,0.30004769563674927,0.04056353121995926,116.95906066894531,72.37622833251953,34.63026428222656,66.96939086914062,531.9945068359375,0.0726839005947113,0.07783333957195282,0.5960522890090942,1.3057804107666016,1.3259999752044678,0.009685944765806198,0.01000003982335329,3.394613742828369,0.5,0.09040507674217224,0.3800007998943329,0.03946009278297424,0.9059550762176514,0.47973644733428955,0.7395579814910889,0.16171255707740784,0.37346500158309937,0.6459274291992188,0.4048094153404236,0.7313961982727051,0.6143378019332886,0.5691462755203247,0.630062460899353,0.9922181367874146,0.9849935173988342,0.04969236999750137,0.08181287348270416,1.0,0.009000000543892384,0.003000000026077032,0.006000000052154064,1.326,0.44951149780825794,0.9923464261501984,0.11195834284120913,0.2422961944808648,0.9678002285448795,1.8615984405178265,0.47020406898837563,0.13436560417749327,0.04842972382903099,0.0015704752877354622,241.50278299323415,0.9420161843299866,0.2873823344707489,0.6969216465950012,0.18246231973171234,0.44429320096969604,0.5487592816352844,0.7817753553390503,0.6776213049888611,0.9849935173988342,0.9939999999478459,0.7513371494745738
bounding,2,action_space,1.0,3.4000000953674316,0.0,0.5,0.0,0.11999999731779099,-1.0,0.3400000035762787,-1.0,-0.03999999910593033,rough_slope_trot_robustness,rough_slope,0.5,trotting,1000,0.6546152234077454,0.6546152234077454,0.5055514574050903,0.13059306144714355,0.06886598467826843,0.3031746745109558,1.8598883152008057,0.06886598467826843,0.008600188419222832,0.1392541229724884,0.05844676494598389,0.6106024980545044,0.6230872869491577,1.6992430686950684,4.096157073974609,0.3031746745109558,0.15081167221069336,0.02589781954884529,0.002277878113090992,0.3063850402832031,0.03539544343948364,128.37400817871094,82.65995025634766,34.33152389526367,66.33511352539062,324.07342529296875,0.08109408617019653,0.06416667252779007,0.7872048020362854,2.019524097442627,1.3389999866485596,0.010111024603247643,0.01000003982335329,3.3946049213409424,0.5,0.11999969929456711,0.34053921699523926,-0.03945928439497948,0.8992297649383545,0.5139158964157104,0.6501774787902832,0.14663738012313843,0.4312135577201843,0.6867992877960205,0.2958393692970276,0.7337459325790405,0.6220211982727051,0.5596498250961304,1.0,0.9922181367874146,0.9863170385360718,0.10131338238716125,0.13180391490459442,1.0,0.009000000543892384,0.0010000000474974513,0.00800000037997961,1.339,0.5879049835319035,1.2281013986823435,0.09273720083775891,0.24175765747124514,0.7893587821448227,2.0238965077233098,0.38834478522402405,0.16785618148264986,0.05055512301623821,0.0,253.92866798887871,0.9340566396713257,0.39885836839675903,0.5692054033279419,0.1310872584581375,0.4926733672618866,0.541847825050354,0.6858761310577393,0.7255441546440125,0.9863170385360718,0.9919999996200204,0.7183672756838956
bounding,2,action_space,1.0,3.4000000953674316,0.0,0.5,0.0,0.11999999731779099,-1.0,0.3400000035762787,0.0,0.0,rough_slope_trot_robustness,rough_slope,0.5,trotting,1000,0.6803139448165894,0.6803139448165894,0.5018858909606934,0.12133675813674927,0.07399749010801315,0.3026214838027954,1.7649810314178467,0.07399749010801315,0.009405557066202164,0.11936862766742706,0.059308141469955444,0.6804769039154053,0.7629777193069458,1.6543750762939453,3.8789730072021484,0.3026214838027954,0.1487675905227661,0.016600048169493675,0.002498466754332185,0.317959725856781,0.0361819826066494,128.5241241455078,84.53074645996094,34.80943298339844,67.56932067871094,563.252197265625,0.07643154263496399,0.07566666603088379,0.7536522150039673,1.8167977333068848,1.3380000591278076,0.01003771461546421,0.01000003982335329,3.394611358642578,0.5,0.11999969929456711,0.34053856134414673,0.0,0.9108128547668457,0.5117554664611816,0.7307841777801514,0.1499723196029663,0.3846973776817322,0.6832714080810547,0.3348918557167053,0.793489933013916,0.6179236173629761,0.5495853424072266,1.0,0.9922181367874146,0.9877659678459167,0.2135075330734253,0.24023529887199402,1.0,0.00800000037997961,0.0010000000474974513,0.007000000216066837,1.338,0.5632676835908306,1.165266383904258,0.09698225129477127,0.243532629168979,0.873485958276918,1.9695108548068854,0.38570401932410053,0.1381973766893781,0.05018857307732105,0.0,256.08236146963844,0.94281005859375,0.40019726753234863,0.6825153231620789,0.1418348103761673,0.4849838614463806,0.5294484496116638,0.7121537327766418,0.6850021481513977,0.9877659678459167,0.9929999997839332,0.7449157455151802
bounding,2,action_space,1.0,3.4000000953674316,0.0,0.5,0.0,0.11999999731779099,-1.0,0.3400000035762787,1.0,0.03999999910593033,rough_slope_trot_robustness,rough_slope,0.5,trotting,1000,0.6744109988212585,0.6744109988212585,0.49133655428886414,0.12891829013824463,0.07806934416294098,0.3076920211315155,1.2468008995056152,0.07806934416294098,0.010453224182128906,0.1400289386510849,0.06164088472723961,0.7527404427528381,0.9813640713691711,1.691421389579773,4.02366304397583,0.3076920211315155,0.16439586877822876,0.014354778453707695,0.0028928571846336126,0.3138056695461273,0.037664253264665604,124.76420593261719,77.41942596435547,34.425743103027344,66.85574340820312,445.4234313964844,0.07929077744483948,0.06316667050123215,0.7312061786651611,1.8356096744537354,1.3320000171661377,0.00982673093676567,0.01000003982335329,3.39461350440979,0.5,0.11999969929456711,0.3405382037162781,0.03946012258529663,0.8997962474822998,0.5207278728485107,0.7453880906105042,0.15126824378967285,0.3724478781223297,0.6889184713363647,0.4494461119174957,0.7312766313552856,0.6231207847595215,0.5506945848464966,1.0,0.9922181367874146,0.9863173365592957,0.10130442678928375,0.131742462515831,1.0,0.009000000543892384,0.0010000000474974513,0.00800000037997961,1.332,0.5489535861545138,1.173918778985635,0.1022410102753729,0.24827582388794847,0.9906382141675997,2.0059070377203003,0.4054576041687081,0.1313302540861827,0.049133654683828354,0.0008665444329380989,253.92819818422555,0.9356818795204163,0.3880023956298828,0.7082538604736328,0.23319846391677856,0.47081735730171204,0.5338655114173889,0.7085594534873962,0.7291809320449829,0.9863173365592957,0.9919999996200204,0.755561056350799
bounding,2,action_space,1.0,3.4000000953674316,0.0,0.5,0.0,0.11999999731779099,0.0,0.3799999952316284,-1.0,-0.03999999910593033,rough_slope_trot_robustness,rough_slope,0.5,trotting,1000,0.663050651550293,0.663050651550293,0.4960528314113617,0.1261533945798874,0.0914042592048645,0.3471909165382385,1.7654683589935303,0.0914042592048645,0.014139726758003235,0.13207489252090454,0.05703554302453995,0.7211490869522095,0.8698350191116333,1.7389875650405884,4.192080497741699,0.3471909165382385,0.20778341591358185,0.025587672367691994,0.003982468042522669,0.3256700038909912,0.03817819058895111,138.81216430664062,92.49806213378906,34.19950866699219,66.76802825927734,353.5130310058594,0.08207732439041138,0.07433333992958069,0.7514092326164246,1.9018537998199463,1.3420000076293945,0.009921055287122726,0.01000003982335329,3.395232677459717,0.5,0.11999969929456711,0.3800007998943329,-0.039521973580121994,0.8987538814544678,0.47927695512771606,0.6342658996582031,0.1336626410484314,0.37668249011039734,0.6437286138534546,0.31344881653785706,0.7452560067176819,0.6142092943191528,0.5387898683547974,1.0,0.9930828213691711,0.9891295433044434,0.21218261122703552,0.23568838834762573,0.9998000264167786,0.00800000037997961,0.003000000026077032,0.004999999888241291,1.342,0.5599174215257079,1.1904530933985598,0.11891058303617569,0.23882115279962104,0.932649462076526,2.0474570808057733,0.45583266218381263,0.1719597057749712,0.04960527643561363,0.0003949226811528206,279.83342804776345,0.9383251667022705,0.2995675504207611,0.5535501837730408,0.12895873188972473,0.4660027325153351,0.5213466882705688,0.7016682028770447,0.6895840167999268,0.9891295433044434,0.9950000001117587,0.714383473080632
bounding,2,action_space,1.0,3.4000000953674316,0.0,0.5,0.0,0.11999999731779099,0.0,0.3799999952316284,0.0,0.0,rough_slope_trot_robustness,rough_slope,0.5,trotting,1000,0.7105672359466553,0.7105672359466553,0.4915328919887543,0.12205588817596436,0.08082064986228943,0.34352511167526245,1.7919626235961914,0.08082064986228943,0.01194656640291214,0.12401380389928818,0.05247224122285843,0.6929044723510742,0.8151928186416626,1.7300620079040527,4.165373802185059,0.34352511167526245,0.1923007071018219,0.016822025179862976,0.002894139848649502,0.3187354505062103,0.041646815836429596,129.99459838867188,85.0156021118164,34.46286392211914,66.86640930175781,359.5105285644531,0.08102748543024063,0.06724999845027924,0.743398129940033,1.867236852645874,1.3350000381469727,0.009830661118030548,0.01000003982335329,3.395657539367676,0.5,0.11999969929456711,0.3800007998943329,0.0,0.9041147232055664,0.4718005657196045,0.7224634885787964,0.13509821891784668,0.3969234526157379,0.6425609588623047,0.3063393235206604,0.7689751386642456,0.6199473142623901,0.5464783906936646,1.0,0.993947446346283,0.991702675819397,0.4573231339454651,0.4732896089553833,0.9998000264167786,0.007000000216066837,0.003000000026077032,0.004000000189989805,1.335,0.5568524878569756,1.1826577117770194,0.10930034950956076,0.229068202120806,0.9028802903163091,2.0409247419209406,0.43852104522111807,0.1404142621976574,0.04915330559015274,0.0008468935266137123,264.4677508003798,0.9421502351760864,0.307249516248703,0.6741361021995544,0.13121815025806427,0.434770792722702,0.5286276936531067,0.7049208283424377,0.7144444584846497,0.991702675819397,0.9959999998100102,0.7356947767548264
bounding,2,action_space,1.0,3.4000000953674316,0.0,0.5,0.0,0.11999999731779099,0.0,0.3799999952316284,1.0,0.03999999910593033,rough_slope_trot_robustness,rough_slope,0.5,trotting,1000,0.6820404529571533,0.6820404529571533,0.5056579113006592,0.12445610016584396,0.07504440099000931,0.3035772442817688,1.7763594388961792,0.07504440099000931,0.01031033881008625,0.12737949192523956,0.05301310867071152,0.6995714902877808,0.8357766270637512,1.6925077438354492,3.9897661209106445,0.3035772442817688,0.1468440592288971,0.014732839539647102,0.0028665701393038034,0.3210538625717163,0.03493873029947281,128.14691162109375,82.17501068115234,34.87310028076172,68.16360473632812,481.1298828125,0.08304469287395477,0.0625000074505806,0.7659561634063721,1.9931260347366333,1.3340001106262207,0.010113159194588661,0.01000003982335329,3.395209312438965,0.5,0.11999969929456711,0.3800007998943329,0.03951966017484665,0.9074822068214417,0.5083746910095215,0.7444189786911011,0.14619243144989014,0.387553334236145,0.681480884552002,0.3382105827331543,0.7611827850341797,0.6202763915061951,0.5467803478240967,1.0,0.9930828213691711,0.9891252517700195,0.2122214436531067,0.236002579331398,1.0,0.00800000037997961,0.003000000026077032,0.004999999888241291,1.334,0.5741800425470859,1.222332783535246,0.10153983853683367,0.23024575711771872,0.9142081967821942,1.9974398916890201,0.3832023737255513,0.13266276673939417,0.050565795972943306,0.0,253.42609846936395,0.9399230480194092,0.3978853225708008,0.7032884359359741,0.13771536946296692,0.49719420075416565,0.526182234287262,0.6883041858673096,0.7316156029701233,0.9891252517700195,0.9950000001117587,0.7484622012921854
bounding,2,action_space,1.0,3.4000000953674316,0.0,0.5,0.0,0.11999999731779099,1.0,0.3799999952316284,-1.0,-0.03999999910593033,rough_slope_trot_robustness,rough_slope,0.5,trotting,1000,0.6601453423500061,0.6601453423500061,0.5020923614501953,0.11986289918422699,0.08727095276117325,0.2998906373977661,1.5228511095046997,0.08727095276117325,0.013150331564247608,0.13444146513938904,0.07043857872486115,0.6956286430358887,0.8244261741638184,1.7930476665496826,4.517756938934326,0.2998906373977661,0.142466738820076,0.025561455637216568,0.0034547133836895227,0.33879292011260986,0.0382528230547905,131.363037109375,85.4879150390625,34.63182067871094,66.4068603515625,512.5025634765625,0.0805760994553566,0.05925000458955765,0.7436507940292358,1.874732494354248,1.3330000638961792,0.010041845962405205,0.01000003982335329,3.3941433429718018,0.5,0.11999969929456711,0.3800007998943329,-0.03941305726766586,0.9082568883895874,0.5072733163833618,0.6406615972518921,0.13114379346370697,0.39356178045272827,0.6848344206809998,0.4202573299407959,0.7668322324752808,0.6125152111053467,0.5293014645576477,1.0,0.9913535118103027,0.9848732948303223,0.10231631994247437,0.1344701647758484,0.9996000528335571,0.009999999776482582,0.0010000000474974513,0.008999999612569809,1.333,0.5578775370112059,1.185917752896637,0.11467489509150469,0.2654026727914795,0.9079791705561413,2.1255015734960834,0.3774476636834251,0.1703413309238427,0.050209229812026024,0.0,261.63122006070483,0.9441516995429993,0.40683647990226746,0.5597172975540161,0.1676531881093979,0.46530765295028687,0.5078415274620056,0.7035613059997559,0.7436015009880066,0.9848732948303223,0.9910000003874302,0.720034192463285
bounding,2,action_space,1.0,3.4000000953674316,0.0,0.5,0.0,0.11999999731779099,1.0,0.3799999952316284,0.0,0.0,rough_slope_trot_robustness,rough_slope,0.5,trotting,1000,0.6818941831588745,0.6818941831588745,0.5116065740585327,0.11275939643383026,0.08096645027399063,0.3256373405456543,1.6220147609710693,0.08096645027399063,0.011584827676415443,0.13107839226722717,0.06438973546028137,0.7158786058425903,0.8654279708862305,1.716578722000122,4.13839864730835,0.3256373405456543,0.17453771829605103,0.018847521394491196,0.0033287752885371447,0.32615405321121216,0.03593560308218002,132.59115600585938,86.6423110961914,34.950035095214844,68.11862182617188,554.3692626953125,0.08143630623817444,0.06425000727176666,0.801568329334259,2.0453860759735107,1.3320000171661377,0.010232137516140938,0.01000003982335329,3.3946127891540527,0.5,0.11999969929456711,0.3800007998943329,0.0,0.916118860244751,0.4804440438747406,0.700261116027832,0.14075610041618347,0.3940736651420593,0.6565537452697754,0.40340590476989746,0.769271969795227,0.612844705581665,0.539958119392395,1.0,0.9922181367874146,0.9877659678459167,0.21350528299808502,0.2402200996875763,1.0,0.009000000543892384,0.0020000000949949026,0.007000000216066837,1.332,0.6017780017566394,1.2391832248747174,0.10763283735187623,0.25375132602664635,0.9302838120091258,2.034305445922109,0.4177771155724677,0.14891707989021388,0.05116068758070469,0.0,259.16624752106816,0.950412929058075,0.3463183641433716,0.6417695879936218,0.15665468573570251,0.4873795509338379,0.5208422541618347,0.6812037825584412,0.7252418994903564,0.9877659678459167,0.9929999997839332,0.7385135321926914
bounding,2,action_space,1.0,3.4000000953674316,0.0,0.5,0.0,0.11999999731779099,1.0,0.3799999952316284,1.0,0.03999999910593033,rough_slope_trot_robustness,rough_slope,0.5,trotting,1000,0.671931266784668,0.671931266784668,0.5073845386505127,0.11760210990905762,0.07846559584140778,0.31231018900871277,1.5102657079696655,0.07846559584140778,0.010239661671221256,0.12403777986764908,0.05794898793101311,0.6999807357788086,0.8243291974067688,1.706162929534912,4.081030368804932,0.31231018900871277,0.16027778387069702,0.013811904937028885,0.0029007699340581894,0.3211786150932312,0.03748176246881485,129.53453063964844,83.92292785644531,34.514915466308594,67.3488998413086,428.5335693359375,0.08035611361265182,0.06091666966676712,0.727232038974762,1.8015484809875488,1.3420000076293945,0.010147690773010254,0.01000003982335329,3.3951869010925293,0.5,0.11999969929456711,0.3800007998943329,0.03951741009950638,0.9132105112075806,0.5072677135467529,0.748815655708313,0.1460648626089096,0.38806822896003723,0.6797080039978027,0.40332573652267456,0.7746608257293701,0.6142547130584717,0.5439205169677734,1.0,0.9930828213691711,0.9878357648849487,0.10015787929296494,0.12740230560302734,1.0,0.00800000037997961,0.0020000000949949026,0.006000000052154064,1.342,0.541901635341957,1.1586351952121294,0.10119121340917529,0.24072596023489679,0.9079257664626381,2.0201560258566493,0.4003470792583568,0.1292775110801839,0.05073845386505127,0.0,255.2985374449339,0.9461813569068909,0.37705034017562866,0.7158722877502441,0.17995311319828033,0.47253888845443726,0.5260509252548218,0.7149026989936829,0.7374305725097656,0.9878357648849487,0.9939999999478459,0.7551167897978112
bounding,2,action_space,1.0,3.4000000953674316,0.0,0.5,1.0,0.11999999731779099,-1.0,0.3400000035762787,-1.0,-0.03999999910593033,rough_slope_trot_robustness,rough_slope,0.5,trotting,1000,0.6452010869979858,0.6452010869979858,0.508817732334137,0.12451893091201782,0.08263269066810608,0.31260886788368225,1.569167137145996,0.08263269066810608,0.013947920873761177,0.13202178478240967,0.05948711931705475,0.7312432527542114,1.300724744796753,1.659315824508667,3.8663554191589355,0.31260886788368225,0.17723041772842407,0.026972582563757896,0.007159370929002762,0.32969391345977783,0.03795234113931656,139.09832763671875,94.1339111328125,33.404296875,66.13337707519531,347.9052734375,0.08222761005163193,0.06599999964237213,0.7181037068367004,1.8462471961975098,1.3230000734329224,0.01017635315656662,0.01000003982335329,3.3946127891540527,0.5,0.11999969929456711,0.3405383229255676,-0.039460085332393646,0.9001593589782715,0.5151196122169495,0.6236057281494141,0.15156123042106628,0.3978530168533325,0.684675931930542,0.35992735624313354,0.7596482038497925,0.6103955507278442,0.5387018918991089,1.0,0.9922181367874146,0.9849934577941895,0.049692552536726,0.08181411772966385,0.9998000264167786,0.008999999612569809,0.0020000000949949026,0.007000000216066837,1.323,0.5427843066480065,1.181313050525989,0.11810131613898796,0.24389981409803238,1.1404932024333827,1.966305016816805,0.4209874317939006,0.1847483517998487,0.0508817657828331,0.0,273.3755504129598,0.9398642182350159,0.37634724378585815,0.5052817463874817,0.15753217041492462,0.46811240911483765,0.5171678066253662,0.705481231212616,0.7189237475395203,0.9849934577941895,0.9929999997839332,0.7082311806612109
bounding,2,action_space,1.0,3.4000000953674316,0.0,0.5,1.0,0.11999999731779099,-1.0,0.3400000035762787,0.0,0.0,rough_slope_trot_robustness,rough_slope,0.5,trotting,1000,0.6554540395736694,0.6554540395736694,0.4949728548526764,0.12676219642162323,0.08541343361139297,0.34557774662971497,2.009366273880005,0.08541343361139297,0.014652485027909279,0.13273252546787262,0.05789284035563469,0.6983657479286194,0.8839206695556641,1.6790721416473389,4.002696990966797,0.34557774662971497,0.19733576476573944,0.01760689914226532,0.003283395664766431,0.3108019530773163,0.038978446274995804,133.68650817871094,87.57699584960938,34.737632751464844,66.82142639160156,565.9430541992188,0.07985994219779968,0.06816667318344116,0.7601951360702515,1.9047212600708008,1.3330000638961792,0.009899456985294819,0.01000003982335329,3.3942298889160156,0.5,0.11999969929456711,0.3405766487121582,0.0,0.8974635601043701,0.47322747111320496,0.7124329805374146,0.14447765052318573,0.39564254879951477,0.6427290439605713,0.26755088567733765,0.7550605535507202,0.6202890872955322,0.5555492639541626,1.0,0.991353452205658,0.9850024580955505,0.10217829048633575,0.13356095552444458,1.0,0.010000000707805157,0.0,0.010000000707805157,1.333,0.5702889192757173,1.195365265550329,0.12104744948948441,0.24060931061709703,0.9401705534399937,2.0006741341274936,0.44422490336060566,0.14453475293863324,0.049497284926474094,0.0005029141902923584,270.08856519717904,0.9377474188804626,0.3029341697692871,0.658490002155304,0.10001689940690994,0.4586036801338196,0.537082314491272,0.6996154189109802,0.711177408695221,0.9850024580955505,0.9899999992921948,0.7294875348575021
bounding,2,action_space,1.0,3.4000000953674316,0.0,0.5,1.0,0.11999999731779099,-1.0,0.3400000035762787,1.0,0.03999999910593033,rough_slope_trot_robustness,rough_slope,0.5,trotting,1000,0.6606757640838623,0.6606757640838623,0.52120441198349,0.12797556817531586,0.08047354221343994,0.2767068147659302,1.659208059310913,0.08047354221343994,0.01084953360259533,0.14450982213020325,0.06876590847969055,0.664440929889679,0.7600500583648682,1.7038249969482422,4.092138290405273,0.2767068147659302,0.12789005041122437,0.016143513843417168,0.0030620493926107883,0.32105207443237305,0.03974137082695961,118.44915008544922,71.7026596069336,34.81224060058594,66.72837829589844,353.3262939453125,0.0788707584142685,0.07466667145490646,0.6651961803436279,1.591428279876709,1.3240001201629639,0.010424090549349785,0.01000003982335329,3.393773317337036,0.5,0.11999969929456711,0.3406223654747009,0.039376094937324524,0.9025264978408813,0.5611739158630371,0.7265425324440002,0.146953746676445,0.39862602949142456,0.7267707586288452,0.37001681327819824,0.7278790473937988,0.6104509830474854,0.5423738360404968,1.0,0.9904888272285461,0.9823289513587952,0.051243171095848083,0.0873333290219307,1.0,0.010999999940395355,0.003000000026077032,0.00800000037997961,1.324,0.502413977308936,1.0963507935096284,0.10416109447675427,0.2622325465682903,0.8718084986766693,2.022903430815538,0.35761718416656707,0.13858413775042205,0.052120452746748924,0.0,227.26045168090653,0.9365887641906738,0.46502384543418884,0.6810556650161743,0.15317124128341675,0.4516591727733612,0.52618408203125,0.7404506802558899,0.6884356737136841,0.9823289513587952,0.9919999996200204,0.741561155030994
bounding,2,action_space,1.0,3.4000000953674316,0.0,0.5,1.0,0.11999999731779099,0.0,0.3799999952316284,-1.0,-0.03999999910593033,rough_slope_trot_robustness,rough_slope,0.5,trotting,1000,0.6568339467048645,0.6568339467048645,0.4925433397293091,0.11985299736261368,0.06787752360105515,0.3145897388458252,1.882078766822815,0.06787752360105515,0.008754180744290352,0.1324702650308609,0.05834972858428955,0.6623032093048096,0.7285704612731934,1.6639206409454346,3.8277978897094727,0.3145897388458252,0.15852981805801392,0.02419690601527691,0.0020586412865668535,0.31153959035873413,0.03647782281041145,127.17283630371094,83.80439758300781,34.57347869873047,67.53681945800781,438.7659912109375,0.08130910992622375,0.06458333134651184,0.7586627006530762,1.9441574811935425,1.3360000848770142,0.009850859642028809,0.01000003982335329,3.394613742828369,0.5,0.11999969929456711,0.3800007998943329,-0.03946012631058693,0.9131656289100647,0.4946875274181366,0.6628180146217346,0.14366945624351501,0.41427212953567505,0.6702154874801636,0.3187083303928375,0.7609591484069824,0.6171233654022217,0.5536603927612305,1.0,0.9922180771827698,0.9863172769546509,0.10130441188812256,0.131742462515831,0.9998000264167786,0.008999999612569809,0.004000000189989805,0.005000000353902578,1.336,0.5678612257906063,1.2063198944111133,0.09356377901886152,0.24155688477931975,0.8535633903074764,1.9564758852869801,0.39815803151263185,0.16203563590100717,0.04925429821014404,0.0007459009066224098,258.19623583500754,0.9441606402397156,0.3717004358768463,0.5914897322654724,0.12781615555286407,0.4821227788925171,0.5362905859947205,0.6950288414955139,0.7240341901779175,0.9863172769546509,0.9949999996460974,0.7248176150269022
bounding,2,action_space,1.0,3.4000000953674316,0.0,0.5,1.0,0.11999999731779099,0.0,0.3799999952316284,0.0,0.0,rough_slope_trot_robustness,rough_slope,0.5,trotting,1000,0.6752127408981323,0.6752127408981323,0.4941226840019226,0.12507322430610657,0.0801013857126236,0.3109903633594513,1.747757911682129,0.0801013857126236,0.011401118710637093,0.12775632739067078,0.059563376009464264,0.7535034418106079,0.9260470867156982,1.7390049695968628,4.245490550994873,0.3109903633594513,0.15546339750289917,0.019297931343317032,0.0034395884722471237,0.32729828357696533,0.0452810674905777,129.8184814453125,84.2984619140625,34.59361267089844,67.57191467285156,432.0894470214844,0.08125866949558258,0.06325001269578934,0.8107854127883911,2.0819153785705566,1.3370001316070557,0.009882456623017788,0.01000003982335329,3.394740104675293,0.5,0.11999969929456711,0.3800007998943329,0.0,0.9045361876487732,0.5006610155105591,0.6985618472099304,0.13898006081581116,0.37599748373031616,0.6758191585540771,0.34718289971351624,0.7707372903823853,0.6157424449920654,0.541403591632843,1.0,0.9922181367874146,0.987817108631134,0.21328189969062805,0.23838844895362854,0.9998000264167786,0.009000000543892384,0.0020000000949949026,0.007000000216066837,1.337,0.606421391466436,1.2478598832040564,0.10677602123434406,0.24405609193270358,0.9623134035831041,2.0604588205045187,0.39428846990864336,0.15078965420599702,0.04941228311508894,0.0005879160016775131,262.7252009438356,0.9393442273139954,0.3801649510860443,0.6346063613891602,0.13865308463573456,0.4042905867099762,0.5196516513824463,0.6775386929512024,0.7288771867752075,0.987817108631134,0.9929999997839332,0.721409414698811
bounding,2,action_space,1.0,3.4000000953674316,0.0,0.5,1.0,0.11999999731779099,0.0,0.3799999952316284,1.0,0.03999999910593033,rough_slope_trot_robustness,rough_slope,0.5,trotting,1000,0.672053873538971,0.672053873538971,0.5043474435806274,0.11681155860424042,0.07802528142929077,0.2998518943786621,1.5789332389831543,0.07802528142929077,0.011916063725948334,0.137095108628273,0.06888075172901154,0.7200613021850586,0.8984940052032471,1.7281484603881836,4.213019371032715,0.2998518943786621,0.155416801571846,0.014303185977041721,0.003013195004314184,0.32681119441986084,0.03599729388952255,122.25537109375,77.54537963867188,35.107505798339844,67.74002075195312,460.1734313964844,0.08039192855358124,0.06200001388788223,0.7290983200073242,1.7773125171661377,1.3280000686645508,0.010086949914693832,0.01000003982335329,3.393543243408203,0.5,0.11999969929456711,0.3800007998943329,0.03935305029153824,0.9130361080169678,0.5263675451278687,0.7455523014068604,0.1464305818080902,0.3891373872756958,0.6924567222595215,0.3719397783279419,0.7597988843917847,0.6284972429275513,0.5391247272491455,1.0,0.9904887676239014,0.9833530187606812,0.1034926101565361,0.1390286087989807,0.9998000264167786,0.010000000707805157,0.0020000000949949026,0.00800000037997961,1.328,0.5490197790674416,1.156865474419396,0.10916072428281307,0.26245142737087856,0.9478892367799346,2.0525640966928935,0.394229376850389,0.13159172079335352,0.05043474957346916,0.0,242.40307480453336,0.946882963180542,0.4069310426712036,0.707280695438385,0.16247119009494781,0.48677858710289,0.5201581716537476,0.7156354188919067,0.7334468960762024,0.9833530187606812,0.9919999996200204,0.7531425822036047
bounding,2,action_space,1.0,3.4000000953674316,0.0,0.5,1.0,0.11999999731779099,1.0,0.3799999952316284,-1.0,-0.03999999910593033,rough_slope_trot_robustness,rough_slope,0.5,trotting,1000,0.6471298933029175,0.6471298933029175,0.5067453384399414,0.12624657154083252,0.0788726955652237,0.3298814296722412,1.4908525943756104,0.0788726955652237,0.01080348901450634,0.14385563135147095,0.06348849087953568,0.7140500545501709,0.8870437741279602,1.6980550289154053,4.01432466506958,0.3298814296722412,0.1756180226802826,0.02697783336043358,0.003025502199307084,0.3146454691886902,0.03563471511006355,134.15426635742188,86.15168762207031,34.23988723754883,66.93222045898438,374.2765808105469,0.08209184557199478,0.06458334624767303,0.7392978668212891,1.8602097034454346,1.3360000848770142,0.01013491116464138,0.01000003982335329,3.3943002223968506,0.5,0.11999969929456711,0.3800007998943329,-0.03942880034446716,0.9012414216995239,0.4747481644153595,0.633654773235321,0.13867998123168945,0.3797265291213989,0.6556879878044128,0.3953207731246948,0.7275658845901489,0.6114600896835327,0.5505587458610535,1.0,0.9922181367874146,0.9843367338180542,0.050093136727809906,0.085068479180336,1.0,0.009000000543892384,0.0020000000949949026,0.007000000216066837,1.336,0.5533666553611527,1.1799883654140964,0.10393983362747095,0.25196922605654776,0.9418300133930539,2.003577965807565,0.41906804063335895,0.17321470942082448,0.0506745558232069,0.0,264.7370507056408,0.9382368922233582,0.33681628108024597,0.5487750172615051,0.18142327666282654,0.4903213381767273,0.53296959400177,0.7060331106185913,0.7240341305732727,0.9843367338180542,0.9929999997839332,0.7219033481945334
bounding,2,action_space,1.0,3.4000000953674316,0.0,0.5,1.0,0.11999999731779099,1.0,0.3799999952316284,0.0,0.0,rough_slope_trot_robustness,rough_slope,0.5,trotting,1000,0.6624865531921387,0.6624865531921387,0.498879611492157,0.12272322177886963,0.07209350168704987,0.2973475754261017,1.8945001363754272,0.07209350168704987,0.009220153093338013,0.13540135324001312,0.061584655195474625,0.6655809879302979,0.7589526176452637,1.7063047885894775,4.064070701599121,0.2973475754261017,0.14169201254844666,0.019555391743779182,0.002350263763219118,0.3183319568634033,0.035256773233413696,127.21492004394531,81.32713317871094,34.15032958984375,66.63101196289062,374.1618347167969,0.08132103830575943,0.06700000166893005,0.7284388542175293,1.8261187076568604,1.3360000848770142,0.009977590292692184,0.01000003982335329,3.3948535919189453,0.5,0.11999969929456711,0.3800007998943329,0.0,0.9074990749359131,0.518112063407898,0.7062747478485107,0.14332249760627747,0.415871262550354,0.6914311051368713,0.3085765540599823,0.7493671178817749,0.6240823268890381,0.5471788644790649,1.0,0.9930827617645264,0.9873132705688477,0.10071401298046112,0.13083308935165405,1.0,0.00800000037997961,0.003000000026077032,0.004999999888241291,1.336,0.545238654770537,1.1691258609321802,0.09602162825810659,0.24816255800477763,0.8711788666199747,2.015954042531506,0.3764199948839682,0.14800559282337375,0.04988795146346092,0.00011224765330553055,255.0012410077121,0.9415348172187805,0.41306272149086,0.6452527642250061,0.1250673085451126,0.49404165148735046,0.5290544629096985,0.7105515003204346,0.7153380513191223,0.9873132705688477,0.9950000001117587,0.7371069823734855
bounding,2,action_space,1.0,3.4000000953674316,0.0,0.5,1.0,0.11999999731779099,1.0,0.3799999952316284,1.0,0.03999999910593033,rough_slope_trot_robustness,rough_slope,0.5,trotting,1000,0.6618020534515381,0.6618020534515381,0.498068630695343,0.11864157021045685,0.07740124315023422,0.2977398633956909,2.0010085105895996,0.07740124315023422,0.01023680716753006,0.119179867208004,0.05361980199813843,0.6820322275161743,0.784699559211731,1.638694167137146,3.736971378326416,0.2977398633956909,0.14640966057777405,0.01264727208763361,0.0027418825775384903,0.31270742416381836,0.037506479769945145,127.99360656738281,85.74456787109375,35.032108306884766,68.12812805175781,526.7025756835938,0.08046352118253708,0.07075001299381256,0.7344300150871277,1.8584803342819214,1.3389999866485596,0.009961375966668129,0.01000003982335329,3.3958072662353516,0.5,0.11999969929456711,0.3800007998943329,0.03957952558994293,0.9125462770462036,0.5234671235084534,0.764014482498169,0.1468561738729477,0.4124033451080322,0.6944358348846436,0.3033609986305237,0.7852055430412292,0.6256948709487915,0.5533812642097473,1.0,0.9939473867416382,0.9883280992507935,0.04771184176206589,0.0727185308933258,0.9998000264167786,0.007000000216066837,0.003000000026077032,0.004000000189989805,1.339,0.5484914060312033,1.1781177075286928,0.10117710792234605,0.23155949990906965,0.8858326925620498,1.9331247705014842,0.3826351533481654,0.12405303166457521,0.049806879833340645,0.00019331928342580795,256.97985915855344,0.9452524185180664,0.41209957003593445,0.7350747585296631,0.1101684495806694,0.4723053574562073,0.5350394248962402,0.7068121433258057,0.7020504474639893,0.9883280992507935,0.9959999998100102,0.7513042999382475
pacing,3,action_space,-1.0,2.0999999046325684,0.0,0.5,-1.0,0.08999999612569809,-1.0,0.3400000035762787,-1.0,-0.03999999910593033,rough_slope_trot_robustness,rough_slope,0.5,trotting,1000,0.6215099096298218,0.6215099096298218,0.5059490203857422,0.10081670433282852,0.21789133548736572,0.23492200672626495,1.9125752449035645,0.21789133548736572,0.07187025249004364,0.16399183869361877,0.06661050021648407,0.8645749092102051,1.1169886589050293,0.478515088558197,0.37504494190216064,0.23492200672626495,0.10239575803279877,0.024280060082674026,0.004214429296553135,0.2659124433994293,0.03606921806931496,87.65104675292969,51.22041702270508,33.801883697509766,62.56486511230469,303.72344970703125,0.08445432782173157,0.06066667288541794,0.35164886713027954,0.7863243818283081,0.8370000123977661,0.010118980892002583,0.01000003982335329,2.104875087738037,0.5,0.09036636352539062,0.34048670530319214,-0.03951172158122063,0.8732417225837708,0.6228904128074646,0.6165784597396851,0.5204246640205383,0.2988913357257843,0.776045560836792,0.15967267751693726,0.6559498310089111,0.6203042268753052,0.6107721328735352,0.6295784711837769,0.9930828213691711,0.9866237044334412,0.04876204952597618,0.07806141674518585,1.0,0.00800000037997961,0.0010000000474974513,0.007000000216066837,0.837,0.4201300289468526,0.9692551801901002,0.26808627807115315,0.2580901009656978,1.0568768418813184,0.6124091295058889,0.3199933718576039,0.16880310832217268,0.05059490446001291,0.0,173.24086661162696,0.9601593613624573,0.5758641362190247,0.5655877590179443,0.0350850448012352,0.4860788881778717,0.5875318050384521,0.7906784415245056,0.73835289478302,0.9866237044334412,0.9929999997839332,0.7200203464905682
pacing,3,action_space,-1.0,2.0999999046325684,0.0,0.5,-1.0,0.08999999612569809,-1.0,0.3400000035762787,0.0,0.0,rough_slope_trot_robustness,rough_slope,0.5,trotting,1000,0.646221935749054,0.646221935749054,0.4814789593219757,0.1138395220041275,0.23365932703018188,0.24560043215751648,1.5708032846450806,0.23365932703018188,0.08203430473804474,0.15558691322803497,0.06473352015018463,0.8652490973472595,1.118018388748169,0.5053355693817139,0.4504508972167969,0.24560043215751648,0.1196986734867096,0.013716221787035465,0.004344887100160122,0.2808852195739746,0.0379658080637455,87.73735046386719,51.51774215698242,34.6591911315918,63.46486282348633,164.72344970703125,0.0793723613023758,0.07283332943916321,0.4061222970485687,0.9272371530532837,0.8440000414848328,0.009629582986235619,0.01000003982335329,2.1048200130462646,0.5,0.09036219120025635,0.340481162071228,0.0,0.8534308671951294,0.6061786413192749,0.7463713884353638,0.5028358697891235,0.29945605993270874,0.7625302076339722,0.21173931658267975,0.685150146484375,0.6186034083366394,0.5938609838485718,0.6295264363288879,0.9930828213691711,0.9878339171409607,0.10015992820262909,0.12743878364562988,1.0,0.00800000037997961,0.004000000189989805,0.004000000189989805,0.844,0.4811875402079939,1.0481517933816797,0.28641631367302517,0.25442782896174043,1.0573638866294655,0.6711563880473737,0.3459749607799813,0.13439162506345248,0.04814791493117809,0.0018522841855883598,182.22468243974762,0.9494829177856445,0.5470606088638306,0.6968241930007935,0.04029655084013939,0.4679863452911377,0.570198655128479,0.759833812713623,0.694775402545929,0.9878339171409607,0.9959999998100102,0.7403218465072937
pacing,3,action_space,-1.0,2.0999999046325684,0.0,0.5,-1.0,0.08999999612569809,-1.0,0.3400000035762787,1.0,0.03999999910593033,rough_slope_trot_robustness,rough_slope,0.5,trotting,1000,0.6479705572128296,0.6479705572128296,0.46514958143234253,0.10110309720039368,0.23335501551628113,0.2463558167219162,1.8423926830291748,0.23335501551628113,0.08138935267925262,0.16219770908355713,0.07932928949594498,0.8274189233779907,1.1085965633392334,0.49377119541168213,0.42329269647598267,0.2463558167219162,0.11769789457321167,0.006159086711704731,0.004500617738813162,0.2739748954772949,0.03349657356739044,85.76486206054688,50.78581237792969,34.295654296875,63.5097770690918,232.83740234375,0.07832853496074677,0.08366667479276657,0.34444040060043335,0.7632586359977722,0.8370000123977661,0.009302986785769463,0.01000003982335329,2.105992317199707,0.5,0.09045007824897766,0.34059831500053406,0.039400093257427216,0.8685934543609619,0.6085320711135864,0.8272643685340881,0.5148664712905884,0.30565181374549866,0.7658644914627075,0.16105404496192932,0.6875100135803223,0.623749852180481,0.5973790287971497,0.6306248903274536,0.9913535118103027,0.9833261370658875,0.050684623420238495,0.08637405931949615,1.0,0.010000000707805157,0.0,0.010000000707805157,0.837,0.41151780068091026,0.954933454818956,0.28528819232357416,0.28165455703031855,1.0528991230593905,0.6506094807762816,0.3430712674841944,0.10324584471308225,0.04651493392884731,0.00348526518791914,184.38125171788775,0.9599372744560242,0.5450313687324524,0.807999312877655,0.03111143596470356,0.5117436647415161,0.5781338810920715,0.7961446046829224,0.6581428050994873,0.9833261370658875,0.9899999992921948,0.7703409444442706
pacing,3,action_space,-1.0,2.0999999046325684,0.0,0.5,-1.0,0.08999999612569809,0.0,0.3799999952316284,-1.0,-0.03999999910593033,rough_slope_trot_robustness,rough_slope,0.5,trotting,1000,0.629730761051178,0.629730761051178,0.49529820680618286,0.11311699450016022,0.23585820198059082,0.2503856122493744,1.8619463443756104,0.23585820198059082,0.08393095433712006,0.1728038191795349,0.07497765123844147,0.8803136348724365,1.1660873889923096,0.4736643433570862,0.39232873916625977,0.2503856122493744,0.12558086216449738,0.020680729299783707,0.004408992826938629,0.27697551250457764,0.038384146988391876,94.04764556884766,53.85234832763672,34.773590087890625,63.576210021972656,187.9955291748047,0.08466179668903351,0.06875000149011612,0.4209316372871399,0.9652730226516724,0.8390000462532043,0.009905962273478508,0.01000003982335329,2.105992078781128,0.5,0.09045007079839706,0.3800007998943329,-0.039400093257427216,0.8503938913345337,0.6072479486465454,0.6526857614517212,0.5339210033416748,0.28504204750061035,0.760088324546814,0.16787615418434143,0.6428377628326416,0.614004373550415,0.6046501398086548,0.6306248903274536,0.991353452205658,0.9847970008850098,0.10248071700334549,0.13630081713199615,1.0,0.010000000707805157,0.0020000000949949026,0.00800000037997961,0.839,0.5017062927173346,1.0726155467393583,0.2897083953514638,0.2738204726430101,1.0798552629831044,0.6263615083689767,0.35437390164132765,0.1583973551759067,0.04952981136739254,0.0004703877493739128,189.8808521340959,0.9501059055328369,0.5342296361923218,0.6054432392120361,0.028996925801038742,0.4640871584415436,0.5746747851371765,0.7500420212745667,0.7091062068939209,0.9847970008850098,0.9919999996200204,0.719034368123271
pacing,3,action_space,-1.0,2.0999999046325684,0.0,0.5,-1.0,0.08999999612569809,0.0,0.3799999952316284,0.0,0.0,rough_slope_trot_robustness,rough_slope,0.5,trotting,1000,0.6522216200828552,0.6522216200828552,0.4870162606239319,0.11841505765914917,0.24266323447227478,0.266854465007782,2.033229112625122,0.24266323447227478,0.08909530937671661,0.17011690139770508,0.07592203468084335,0.8671746850013733,1.1463936567306519,0.5210608243942261,0.46275967359542847,0.266854465007782,0.12251535058021545,0.015097735449671745,0.004191413521766663,0.2766316533088684,0.03625382483005524,91.46827697753906,53.54478454589844,34.23834991455078,62.56946563720703,203.17880249023438,0.08427155762910843,0.06566666811704636,0.43031132221221924,0.9776602983474731,0.8400000333786011,0.009740324690937996,0.01000003982335329,2.1054084300994873,0.5,0.09040632843971252,0.3800007998943329,0.0,0.844216525554657,0.5724946856498718,0.7339304685592651,0.5061314702033997,0.294387549161911,0.7357844114303589,0.14411544799804688,0.657462477684021,0.6129347085952759,0.5991756319999695,0.630078136920929,0.9922181367874146,0.9877650737762451,0.21353144943714142,0.24040643870830536,1.0,0.009000000543892384,0.0020000000949949026,0.007000000216066837,0.84,0.5122753324962798,1.0788332974628925,0.29848837393894695,0.27553953378933366,1.070697742937124,0.6802644144708941,0.35002192871335286,0.13888538069731604,0.04870162345468998,0.0012985756620764732,187.81359961237467,0.9454554319381714,0.4906063973903656,0.6799180507659912,0.02203473448753357,0.4842875301837921,0.5750701427459717,0.7475378513336182,0.7201229333877563,0.9877650737762451,0.9929999997839332,0.734655407453446
pacing,3,action_space,-1.0,2.0999999046325684,0.0,0.5,-1.0,0.08999999612569809,0.0,0.3799999952316284,1.0,0.03999999910593033,rough_slope_trot_robustness,rough_slope,0.5,trotting,1000,0.6511204838752747,0.6511204838752747,0.45094430446624756,0.11190102994441986,0.24635213613510132,0.25877073407173157,1.5469346046447754,0.24635213613510132,0.09156621992588043,0.16413262486457825,0.07481254637241364,0.909464955329895,1.2673746347427368,0.48578953742980957,0.38954293727874756,0.25877073407173157,0.12102168798446655,0.0068837059661746025,0.0051527805626392365,0.28441208600997925,0.03638457506895065,86.34716033935547,49.96043014526367,34.16164016723633,61.70293426513672,178.09817504882812,0.07865830510854721,0.08533333986997604,0.3614169955253601,0.7854399681091309,0.8360000252723694,0.00901888683438301,0.01000003982335329,2.105992555618286,0.5,0.09045007824897766,0.3800007998943329,0.03940010815858841,0.8499055504798889,0.5917648673057556,0.8094317317008972,0.5108492970466614,0.28109797835350037,0.7455440759658813,0.2102164328098297,0.6776700019836426,0.6106213331222534,0.5892856121063232,0.6306248903274536,0.991353452205658,0.9847970008850098,0.10248072445392609,0.13630053400993347,1.0,0.010000000707805157,0.0020000000949949026,0.00800000037997961,0.836,0.4323169763008373,0.9692891524267981,0.3025991076091938,0.27351882270222944,1.125777346877586,0.6241337495110704,0.3478817155075365,0.10971092255930509,0.045094434171915054,0.0049057649448513985,191.48076488416635,0.9511463046073914,0.5119015574455261,0.7860540151596069,0.0341067835688591,0.4830227494239807,0.566190779209137,0.7906654477119446,0.6526810526847839,0.9847970008850098,0.9919999996200204,0.760629640843131
pacing,3,action_space,-1.0,2.0999999046325684,0.0,0.5,-1.0,0.08999999612569809,1.0,0.3799999952316284,-1.0,-0.03999999910593033,rough_slope_trot_robustness,rough_slope,0.5,trotting,1000,0.6269130110740662,0.6269130110740662,0.47672706842422485,0.10984988510608673,0.24544396996498108,0.25803884863853455,1.8040244579315186,0.24544396996498108,0.08960898220539093,0.16867530345916748,0.07303835451602936,0.8845530152320862,1.1900274753570557,0.46207189559936523,0.3615818917751312,0.25803884863853455,0.12433004379272461,0.01818101480603218,0.004557081498205662,0.281169593334198,0.033344969153404236,90.25829315185547,53.07275390625,34.49640655517578,62.43806838989258,203.65855407714844,0.0807996541261673,0.062416672706604004,0.3793371319770813,0.8354198932647705,0.8350000381469727,0.009534543380141258,0.01000003982335329,2.1058621406555176,0.5,0.09044036269187927,0.3800007998943329,-0.039413079619407654,0.8514392375946045,0.5983395576477051,0.672339916229248,0.5373192429542542,0.2869532108306885,0.7509902715682983,0.1743847131729126,0.6601405143737793,0.6282399892807007,0.595793604850769,0.6305034160614014,0.991353452205658,0.9834272861480713,0.050578903406858444,0.08469066023826599,1.0,0.010000000707805157,0.003000000026077032,0.007000000216066837,0.835,0.4542959613000561,1.000251345541265,0.2993475942869609,0.27025609061782374,1.0908838047001412,0.6013167981814006,0.35260465651026873,0.15079156575962013,0.04767271690070629,0.0023274822160601616,189.32907134934777,0.9528784155845642,0.5138415098190308,0.6345990300178528,0.027427639812231064,0.5132976770401001,0.5698744654655457,0.7787029147148132,0.7319205403327942,0.9834272861480713,0.9929999997839332,0.7339040709071253
pacing,3,action_space,-1.0,2.0999999046325684,0.0,0.5,-1.0,0.08999999612569809,1.0,0.3799999952316284,0.0,0.0,rough_slope_trot_robustness,rough_slope,0.5,trotting,1000,0.6500442028045654,0.6500442028045654,0.47550490498542786,0.09600748121738434,0.2435256838798523,0.2383573353290558,1.789640188217163,0.2435256838798523,0.08945189416408539,0.1560293436050415,0.06824460625648499,0.8684910535812378,1.147618055343628,0.4633325934410095,0.36287808418273926,0.2383573353290558,0.11030696332454681,0.009889721870422363,0.004191560670733452,0.28314408659935,0.033381495624780655,87.58383178710938,51.88636779785156,34.766815185546875,63.29310607910156,218.2290496826172,0.08020676672458649,0.07483333349227905,0.38127002120018005,0.8118900060653687,0.831000030040741,0.009510109201073647,0.01000003982335329,2.105992078781128,0.5,0.09045007824897766,0.3800007998943329,0.0,0.8647233843803406,0.620161771774292,0.7781675457954407,0.5150443315505981,0.30201011896133423,0.7716058492660522,0.16628538072109222,0.6988812685012817,0.6289992332458496,0.5908297300338745,0.6306248903274536,0.991353452205658,0.9847970008850098,0.10248075425624847,0.13630081713199615,1.0,0.010000000707805157,0.0020000000949949026,0.00800000037997961,0.831,0.4588086877632371,0.9884349013910545,0.29908509518878634,0.2612366862760378,1.07126936637973,0.6023936289360465,0.33212492126389254,0.11866457997716005,0.04755054600536823,0.00244965311139822,184.19122677565952,0.9638016819953918,0.5665770769119263,0.7545561194419861,0.027912570163607597,0.5129228234291077,0.5676284432411194,0.7832911014556885,0.6878622770309448,0.9847970008850098,0.9919999996200204,0.7602073205634952
pacing,3,action_space,-1.0,2.0999999046325684,0.0,0.5,-1.0,0.08999999612569809,1.0,0.3799999952316284,1.0,0.03999999910593033,rough_slope_trot_robustness,rough_slope,0.5,trotting,1000,0.6488686800003052,0.6488686800003052,0.47265321016311646,0.10658979415893555,0.23280102014541626,0.23005546629428864,1.6834404468536377,0.23280102014541626,0.08143144100904465,0.1571727693080902,0.06941148638725281,0.8593770265579224,1.1043188571929932,0.46864795684814453,0.3732938766479492,0.23005546629428864,0.09664280712604523,0.005874473601579666,0.004224683158099651,0.28184789419174194,0.03284189850091934,83.99592590332031,48.01365661621094,35.279136657714844,63.99198913574219,296.22552490234375,0.07757070660591125,0.08100000768899918,0.35263487696647644,0.7750332355499268,0.8390000462532043,0.009453058242797852,0.01000003982335329,2.1057519912719727,0.5,0.0904320776462555,0.3800007998943329,0.039424099028110504,0.8591495156288147,0.6337447762489319,0.8337297439575195,0.5338093042373657,0.28623878955841064,0.78128981590271,0.1946573555469513,0.6871350407600403,0.6167715787887573,0.5941818952560425,0.6303998827934265,0.9922181367874146,0.984323263168335,0.0501260906457901,0.08541490137577057,1.0,0.009000000543892384,0.0020000000949949026,0.007000000216066837,0.839,0.4203037630247132,0.9611234506533014,0.28536194737393533,0.26346059740927635,1.050865765544293,0.6109778037277207,0.31087426256614625,0.1004945608462434,0.04726529121398926,0.002734907902777195,177.71153162026053,0.9555716514587402,0.5890435576438904,0.817108690738678,0.03644069284200668,0.5184882283210754,0.569101870059967,0.79378741979599,0.666976809501648,0.984323263168335,0.9929999997839332,0.7731876974729331
pacing,3,action_space,-1.0,2.0999999046325684,0.0,0.5,0.0,0.11999999731779099,-1.0,0.3400000035762787,-1.0,-0.03999999910593033,rough_slope_trot_robustness,rough_slope,0.5,trotting,1000,0.6434299945831299,0.6434299945831299,0.4998115301132202,0.11720846593379974,0.23255515098571777,0.2309855818748474,1.3329071998596191,0.23255515098571777,0.08107678592205048,0.16033275425434113,0.06824801862239838,0.905264139175415,1.236619472503662,0.45674312114715576,0.3678247928619385,0.2309855818748474,0.1030413955450058,0.016958609223365784,0.00458874087780714,0.2820684313774109,0.034610360860824585,102.84548950195312,66.29678344726562,34.470191955566406,64.4819107055664,272.7611083984375,0.09131953865289688,0.04975000396370888,0.4415200352668762,1.096601963043213,0.847000002861023,0.009996230714023113,0.01000003982335329,2.1059415340423584,0.5,0.11999969929456711,0.3405933380126953,-0.03940507024526596,0.8518962860107422,0.6289983987808228,0.6877503395080566,0.5440042018890381,0.28567150235176086,0.7780628800392151,0.25134116411209106,0.6722114086151123,0.628890335559845,0.5946557521820068,1.0,0.991353452205658,0.9848212003707886,0.10241943597793579,0.13558900356292725,0.9998000264167786,0.009999999776482582,0.004000000189989805,0.006000000052154064,0.847,0.5212751116071429,1.1378441932704637,0.28473985657447126,0.26124321737108963,1.112033934960468,0.6064856081243301,0.3210006161131249,0.1467901566903344,0.049981153570115566,1.9045546650886536e-05,205.7685413512889,0.9465312361717224,0.5865229964256287,0.6498933434486389,0.05210767686367035,0.5004702210426331,0.5688509345054626,0.7234872579574585,0.7797749042510986,0.9848212003707886,0.9939999999478459,0.7329600304855329
pacing,3,action_space,-1.0,2.0999999046325684,0.0,0.5,0.0,0.11999999731779099,-1.0,0.3400000035762787,0.0,0.0,rough_slope_trot_robustness,rough_slope,0.5,trotting,1000,0.6599862575531006,0.6599862575531006,0.49533897638320923,0.11682306230068207,0.22987233102321625,0.23354606330394745,1.92227303981781,0.22987233102321625,0.08123169094324112,0.16169396042823792,0.0735664814710617,0.8881051540374756,1.178652286529541,0.4772162437438965,0.36833471059799194,0.23354606330394745,0.09854332357645035,0.01134578324854374,0.004470298066735268,0.27722489833831787,0.03140245005488396,97.88169860839844,61.17686462402344,34.12876892089844,64.6533203125,367.4983825683594,0.09197760373353958,0.058500003069639206,0.4026173949241638,1.0036693811416626,0.8380000591278076,0.00990677997469902,0.01000003982335329,2.105992317199707,0.5,0.11999969929456711,0.34059834480285645,0.0,0.8510363698005676,0.6187931299209595,0.7665201425552368,0.5149417519569397,0.27688077092170715,0.7713451385498047,0.14981016516685486,0.6808327436447144,0.6321139335632324,0.5970602035522461,1.0,0.991353452205658,0.9864065647125244,0.21479372680187225,0.24446886777877808,1.0,0.010000000707805157,0.0,0.010000000707805157,0.838,0.4804503229182205,1.0943930503424901,0.28501173825518333,0.27123141682161694,1.0856575364863181,0.6069058498630507,0.3139161091381746,0.1257620026688467,0.0495338998734951,0.00046629924327135086,197.60548488046737,0.9468728303909302,0.5795880556106567,0.728825032711029,0.028813624754548073,0.5336319208145142,0.5743882060050964,0.7412450313568115,0.7463952302932739,0.9864065647125244,0.9899999992921948,0.7506465761383113
pacing,3,action_space,-1.0,2.0999999046325684,0.0,0.5,0.0,0.11999999731779099,-1.0,0.3400000035762787,1.0,0.03999999910593033,rough_slope_trot_robustness,rough_slope,0.5,trotting,1000,0.6616135239601135,0.6616135239601135,0.4674663543701172,0.09741682559251785,0.2367919683456421,0.24334439635276794,1.1040860414505005,0.2367919683456421,0.08489793539047241,0.15906304121017456,0.07970227301120758,0.9281725883483887,1.3130934238433838,0.49561214447021484,0.41243547201156616,0.24334439635276794,0.12670135498046875,0.006510126404464245,0.004562207497656345,0.2889310121536255,0.034919269382953644,95.04762268066406,56.30657958984375,34.39984130859375,62.966400146484375,469.3866882324219,0.0899234190583229,0.05925000458955765,0.45868605375289917,1.1282198429107666,0.8380000591278076,0.009349323809146881,0.01000003982335329,2.1059913635253906,0.5,0.11999969929456711,0.34059834480285645,0.039400093257427216,0.8669719696044922,0.6267317533493042,0.8203125,0.5064530372619629,0.27260398864746094,0.7761409282684326,0.26639729738235474,0.700592041015625,0.6306796073913574,0.588271975517273,1.0,0.991353452205658,0.9847970008850098,0.10248072445392609,0.13630083203315735,1.0,0.010000000707805157,0.0020000000949949026,0.00800000037997961,0.838,0.5473580007621383,1.1603121373325238,0.2913725028043525,0.28231590995055095,1.14590288586921,0.6422113919976553,0.35595133793886596,0.10522515812352382,0.046746619045734406,0.0032535800710320473,203.32505600052227,0.9627513289451599,0.5531284809112549,0.8013586401939392,0.060685839504003525,0.49738776683807373,0.5610966682434082,0.7142080068588257,0.7436015009880066,0.9847970008850098,0.9919999996200204,0.7660566833556482
pacing,3,action_space,-1.0,2.0999999046325684,0.0,0.5,0.0,0.11999999731779099,0.0,0.3799999952316284,-1.0,-0.03999999910593033,rough_slope_trot_robustness,rough_slope,0.5,trotting,1000,0.6518245935440063,0.6518245935440063,0.48364192247390747,0.11381940543651581,0.2465745210647583,0.25021547079086304,1.4181056022644043,0.2465745210647583,0.0933065414428711,0.16919219493865967,0.08196329325437546,0.9224933981895447,1.3414076566696167,0.48877233266830444,0.39502161741256714,0.25021547079086304,0.11144834011793137,0.01846378669142723,0.004761981777846813,0.2913188934326172,0.03562270104885101,101.03364562988281,62.11293029785156,34.28923034667969,63.56932067871094,175.56137084960938,0.09184695780277252,0.06941667199134827,0.43814995884895325,1.0549432039260864,0.8360000252723694,0.00967283546924591,0.01000003982335329,2.1059927940368652,0.5,0.11999969929456711,0.3800007998943329,-0.039400093257427216,0.8457263708114624,0.5946067571640015,0.6775403618812561,0.5075278878211975,0.27533701062202454,0.7489414215087891,0.2178284227848053,0.6689552664756775,0.6205941438674927,0.5836323499679565,1.0,0.991353452205658,0.9864065647125244,0.21479372680187225,0.24446885287761688,1.0,0.010000000707805157,0.004000000189989805,0.006000000052154064,0.836,0.524102790503981,1.123340410788296,0.3054611946596017,0.28629232133324056,1.1581915457598613,0.6285074521535661,0.33383879360842916,0.15240002778632963,0.04836417734622955,0.0016360217705368996,208.90175341516965,0.949500322341919,0.5346848368644714,0.6284396052360535,0.03746918588876724,0.49043917655944824,0.5584233999252319,0.7294434905052185,0.7067463994026184,0.9864065647125244,0.9939999999478459,0.7269600340116181
pacing,3,action_space,-1.0,2.0999999046325684,0.0,0.5,0.0,0.11999999731779099,0.0,0.3799999952316284,0.0,0.0,rough_slope_trot_robustness,rough_slope,0.5,trotting,1000,0.6942867040634155,0.6942867040634155,0.4849125146865845,0.10746952891349792,0.23762838542461395,0.23803558945655823,1.997899055480957,0.23762838542461395,0.08639465272426605,0.15185919404029846,0.06186048686504364,0.9172821044921875,1.266634225845337,0.46203890442848206,0.35464155673980713,0.23803558945655823,0.11039131879806519,0.009503103792667389,0.0048670293763279915,0.2803071439266205,0.04285819083452225,98.34809875488281,63.35067367553711,34.663330078125,64.81100463867188,224.50204467773438,0.09175994247198105,0.0560000017285347,0.4006076455116272,0.9185299873352051,0.8370000123977661,0.009698248468339443,0.01000003982335329,2.1047918796539307,0.5,0.11999969929456711,0.3800007998943329,0.0,0.8571861982345581,0.6316616535186768,0.7761500477790833,0.5295460224151611,0.27852827310562134,0.7802035808563232,0.14372821152210236,0.6963090896606445,0.6191891431808472,0.594416081905365,1.0,0.9930828213691711,0.9905385971069336,0.45814192295074463,0.4745188355445862,1.0,0.00800000037997961,0.0010000000474974513,0.007000000216066837,0.837,0.47862322042777405,1.0475720961189166,0.2939296730925036,0.24871768506691205,1.1254484554369146,0.5955178895212193,0.33225189058614124,0.1198754902763504,0.048491242341697216,0.0015089567750692368,202.81616946605007,0.9548521041870117,0.5674461126327515,0.7502095699310303,0.024094006046652794,0.42436397075653076,0.5708582997322083,0.7600646018981934,0.75578373670578,0.9905385971069336,0.9929999997839332,0.7439104761242084
pacing,3,action_space,-1.0,2.0999999046325684,0.0,0.5,0.0,0.11999999731779099,0.0,0.3799999952316284,1.0,0.03999999910593033,rough_slope_trot_robustness,rough_slope,0.5,trotting,1000,0.6706113219261169,0.6706113219261169,0.46599525213241577,0.09980612993240356,0.23782311379909515,0.24709859490394592,1.62666654586792,0.23782311379909515,0.08476446568965912,0.1538502275943756,0.06924351304769516,0.9250282049179077,1.2881922721862793,0.49113208055496216,0.40374869108200073,0.24709859490394592,0.10801315307617188,0.005903422832489014,0.0044218553230166435,0.2884294390678406,0.03978158161044121,91.62260437011719,57.18937683105469,34.8927001953125,63.74130630493164,287.4150085449219,0.08910699933767319,0.06666667014360428,0.49362996220588684,1.2811825275421143,0.8350000381469727,0.009319903329014778,0.01000003982335329,2.1059927940368652,0.5,0.11999969929456711,0.3800007998943329,0.039400093257427216,0.8662503957748413,0.6089121103286743,0.8354557752609253,0.5037503242492676,0.2662096321582794,0.7612930536270142,0.19241054356098175,0.7004902958869934,0.6184550523757935,0.5892753601074219,1.0,0.991353452205658,0.9864066243171692,0.21479372680187225,0.2444688379764557,1.0,0.010000000707805157,0.0010000000474974513,0.009000000543892384,0.835,0.591173585446295,1.238688882391994,0.2911433765168961,0.26314162165589683,1.1349855823693442,0.6354122213823092,0.32865354566195065,0.10161337586905406,0.04659951664507389,0.003400682471692562,196.61703408102963,0.9609383344650269,0.5430373549461365,0.8134217262268066,0.0360821895301342,0.4512960910797119,0.5616598129272461,0.681412398815155,0.7165312767028809,0.9864066243171692,0.9909999994561076,0.7569328463685356
pacing,3,action_space,-1.0,2.0999999046325684,0.0,0.5,0.0,0.11999999731779099,1.0,0.3799999952316284,-1.0,-0.03999999910593033,rough_slope_trot_robustness,rough_slope,0.5,trotting,1000,0.6339324712753296,0.6339324712753296,0.48026373982429504,0.1021108478307724,0.2375713586807251,0.24820592999458313,1.8653600215911865,0.2375713586807251,0.08576324582099915,0.160403311252594,0.06804345548152924,0.9730429649353027,1.4218220710754395,0.4633496403694153,0.35835832357406616,0.24820592999458313,0.11083212494850159,0.017579423263669014,0.004455537535250187,0.29542654752731323,0.035882771015167236,99.17803192138672,61.815773010253906,33.940277099609375,63.28358840942383,186.70437622070312,0.09299515187740326,0.05775000527501106,0.3996390998363495,0.9913817644119263,0.8380000591278076,0.009605271741747856,0.01000003982335329,2.1054701805114746,0.5,0.11999969929456711,0.3800007998943329,-0.03945232555270195,0.8632466793060303,0.6027833223342896,0.6820312738418579,0.525383472442627,0.2653658092021942,0.7591193914413452,0.16236668825149536,0.6799929141998291,0.6279479265213013,0.5820024013519287,1.0,0.9922181367874146,0.9862894415855408,0.10139726847410202,0.13270701467990875,1.0,0.009000000543892384,0.0,0.009000000543892384,0.838,0.47689629966717634,1.0876732374387805,0.29285362524817604,0.26085140498285464,1.192401807729022,0.5986303730801388,0.33291459107179666,0.1484417757874083,0.04802635870873928,0.001973840408027172,206.50743268203237,0.9591512680053711,0.5400671362876892,0.643586277961731,0.02785828709602356,0.48789483308792114,0.5538545846939087,0.7439672350883484,0.7491994500160217,0.9862894415855408,0.9909999994561076,0.7310548392859729
pacing,3,action_space,-1.0,2.0999999046325684,0.0,0.5,0.0,0.11999999731779099,1.0,0.3799999952316284,0.0,0.0,rough_slope_trot_robustness,rough_slope,0.5,trotting,1000,0.6678290963172913,0.6678290963172913,0.48197853565216064,0.0964345782995224,0.2451145201921463,0.23820872604846954,1.5787599086761475,0.2451145201921463,0.09164164215326309,0.15183022618293762,0.06248593330383301,0.9461641311645508,1.3704802989959717,0.4705043435096741,0.3972374200820923,0.23820872604846954,0.12004245817661285,0.009024305269122124,0.00455675832927227,0.2906073331832886,0.03475784510374069,97.2141342163086,60.523353576660156,34.42759704589844,64.09798431396484,353.3703918457031,0.0920533686876297,0.06441666930913925,0.4206050634384155,1.0320676565170288,0.8350000381469727,0.009639570489525795,0.01000003982335329,2.105402708053589,0.5,0.11999969929456711,0.3800007998943329,0.0,0.8626827001571655,0.6288701891899109,0.7856554985046387,0.5322859287261963,0.27194517850875854,0.776652455329895,0.20780226588249207,0.6942368745803833,0.6317542791366577,0.583695650100708,1.0,0.9922181367874146,0.9877656102180481,0.21352040767669678,0.24032515287399292,1.0,0.009000000543892384,0.0020000000949949026,0.007000000216066837,0.835,0.5037186125795284,1.111759476719492,0.302723705965131,0.24997186502451232,1.1706751466551135,0.6302677368246706,0.34647143919320805,0.11653782046354906,0.048197852447628975,0.0018023466691374779,201.69805712357928,0.9634848833084106,0.5669784545898438,0.7621428370475769,0.032988615334033966,0.49899613857269287,0.55921870470047,0.7341790795326233,0.7246378064155579,0.9877656102180481,0.9929999997839332,0.7573636336448162
pacing,3,action_space,-1.0,2.0999999046325684,0.0,0.5,0.0,0.11999999731779099,1.0,0.3799999952316284,1.0,0.03999999910593033,rough_slope_trot_robustness,rough_slope,0.5,trotting,1000,0.6504349708557129,0.6504349708557129,0.48813697695732117,0.10524322092533112,0.23506152629852295,0.2505888044834137,1.7046289443969727,0.23506152629852295,0.08466538786888123,0.16193914413452148,0.07208727300167084,0.9780496954917908,1.4433701038360596,0.47257816791534424,0.36554214358329773,0.2505888044834137,0.11055254936218262,0.007763284724205732,0.005225077271461487,0.27927452325820923,0.037599921226501465,101.04644012451172,63.40168380737305,34.26443862915039,64.19390869140625,405.36041259765625,0.08962851762771606,0.07725000381469727,0.42240214347839355,1.0047065019607544,0.8390000462532043,0.009762737900018692,0.01000003982335329,2.105991840362549,0.5,0.11999969929456711,0.3800007998943329,0.039400093257427216,0.8630012273788452,0.5942988395690918,0.8037428855895996,0.5191588997840881,0.2621804475784302,0.754273533821106,0.2060474306344986,0.6821110248565674,0.6145575046539307,0.5984687805175781,1.0,0.991353452205658,0.9847970008850098,0.10248074680566788,0.13630077242851257,1.0,0.010000000707805157,0.0,0.010000000707805157,0.839,0.5034589983425208,1.0943055666950101,0.2909731737959381,0.26849073168672105,1.201403389306048,0.6046008134160074,0.33249443508453286,0.11396649505739491,0.04881368950009346,0.0011865096166729927,207.00427317422097,0.9566625952720642,0.5336860418319702,0.7712310552597046,0.03344220295548439,0.47142350673675537,0.572038471698761,0.7412804961204529,0.6796005964279175,0.9847970008850098,0.9899999992921948,0.7536390487006621
pacing,3,action_space,-1.0,2.0999999046325684,0.0,0.5,1.0,0.11999999731779099,-1.0,0.3400000035762787,-1.0,-0.03999999910593033,rough_slope_trot_robustness,rough_slope,0.5,trotting,1000,0.643981397151947,0.643981397151947,0.49166935682296753,0.09715290367603302,0.22884626686573029,0.21842920780181885,1.2296607494354248,0.22884626686573029,0.08083265274763107,0.15671306848526,0.07054124027490616,0.8944602012634277,1.1858863830566406,0.4449271261692047,0.34623730182647705,0.21842920780181885,0.09021736681461334,0.015039213001728058,0.004381675273180008,0.28934353590011597,0.029558194801211357,98.29612731933594,62.72218322753906,34.583099365234375,64.36637878417969,290.0917663574219,0.08947105705738068,0.059166669845581055,0.46576574444770813,1.140269160270691,0.8350000381469727,0.009833388961851597,0.01000003982335329,2.106121301651001,0.5,0.11999969929456711,0.34061136841773987,-0.039387136697769165,0.8709039688110352,0.6447371244430542,0.7039027214050293,0.54813152551651,0.28379684686660767,0.7903774976730347,0.27162519097328186,0.6929680705070496,0.6432938575744629,0.5862165093421936,1.0,0.9913535118103027,0.9832249879837036,0.05079033225774765,0.08805739879608154,1.0,0.010000000707805157,0.0,0.010000000707805157,0.835,0.5578032533565681,1.168585390298047,0.28431083825213394,0.2655960095236865,1.0889841059706247,0.5884193248241232,0.300362059545831,0.139358847135401,0.049166944809257984,0.0008332543075084686,199.92323287035526,0.9629490971565247,0.6205722689628601,0.6781289577484131,0.05805794522166252,0.5536825060844421,0.5606339573860168,0.7107760310173035,0.7439113855361938,0.9832249879837036,0.9899999992921948,0.7481603536656812
pacing,3,action_space,-1.0,2.0999999046325684,0.0,0.5,1.0,0.11999999731779099,-1.0,0.3400000035762787,0.0,0.0,rough_slope_trot_robustness,rough_slope,0.5,trotting,1000,0.6478773355484009,0.6478773355484009,0.48529312014579773,0.10149921476840973,0.22751212120056152,0.2460235208272934,1.5976762771606445,0.22751212120056152,0.07927575707435608,0.15093053877353668,0.06293471157550812,0.8970210552215576,1.2511837482452393,0.49858200550079346,0.43609464168548584,0.2460235208272934,0.10945422947406769,0.012537321075797081,0.004463300108909607,0.2786611318588257,0.03580468147993088,95.67745971679688,58.959556579589844,34.723472595214844,63.995216369628906,294.2330322265625,0.088391974568367,0.06625000387430191,0.42896324396133423,1.021245002746582,0.8390000462532043,0.009705862030386925,0.01000003982335329,2.104793071746826,0.5,0.11999969929456711,0.3404783010482788,0.0,0.8704214096069336,0.6124719381332397,0.7475112676620483,0.5000859498977661,0.28626549243927,0.7633195519447327,0.21342143416404724,0.693038821220398,0.6231030225753784,0.5947483777999878,1.0,0.9930828213691711,0.987837553024292,0.10012899339199066,0.12718969583511353,1.0,0.00800000037997961,0.0020000000949949026,0.006000000052154064,0.839,0.5112791368304902,1.1032754749362457,0.2815595089396842,0.25086791659259283,1.1185632517856285,0.6603746222300535,0.3308386759042354,0.1303864302169006,0.048529310151934624,0.001470888964831829,197.15395859733655,0.9596291780471802,0.5459238886833191,0.711761474609375,0.041453152894973755,0.4886573851108551,0.5727406740188599,0.7376364469528198,0.7180256247520447,0.987837553024292,0.9939999999478459,0.7465280083155161
pacing,3,action_space,-1.0,2.0999999046325684,0.0,0.5,1.0,0.11999999731779099,-1.0,0.3400000035762787,1.0,0.03999999910593033,rough_slope_trot_robustness,rough_slope,0.5,trotting,1000,0.6626017093658447,0.6626017093658447,0.4799857437610626,0.09592008590698242,0.23331166803836823,0.2293330579996109,1.0796265602111816,0.23331166803836823,0.08167102932929993,0.14876985549926758,0.0667453184723854,0.8962674140930176,1.2185094356536865,0.4722272455692291,0.36653608083724976,0.2293330579996109,0.10034647583961487,0.0048750219866633415,0.0039446549490094185,0.2890174388885498,0.03245456516742706,91.72637176513672,57.280555725097656,34.82257843017578,64.36616516113281,348.5182189941406,0.08660875260829926,0.07125000655651093,0.4270922839641571,0.9994394779205322,0.8410000801086426,0.009599713608622551,0.01000003982335329,2.1059913635253906,0.5,0.11999969929456711,0.34059834480285645,0.039400093257427216,0.8688770532608032,0.6433485746383667,0.8496614694595337,0.5262401103973389,0.28474509716033936,0.7890562415122986,0.2967066466808319,0.7166903018951416,0.6354020833969116,0.5848007202148438,1.0,0.9913535118103027,0.9833260774612427,0.0506846159696579,0.0863741934299469,1.0,0.010000000707805157,0.0,0.010000000707805157,0.841,0.5078386268207491,1.0901349081034126,0.2857814362923175,0.2583511534179505,1.1038611487201127,0.6054222335174434,0.3167751187192815,0.09391313505401021,0.047998568043112755,0.002001631073653698,191.10228367698812,0.9638663530349731,0.5910016298294067,0.8382880091667175,0.06633437424898148,0.5225203633308411,0.5609996914863586,0.7429708242416382,0.700297474861145,0.9833260774612427,0.9899999992921948,0.7788769371905611
pacing,3,action_space,-1.0,2.0999999046325684,0.0,0.5,1.0,0.11999999731779099,0.0,0.3799999952316284,-1.0,-0.03999999910593033,rough_slope_trot_robustness,rough_slope,0.5,trotting,1000,0.6339876055717468,0.6339876055717468,0.49807286262512207,0.10736843943595886,0.2458357959985733,0.2548988163471222,1.652829647064209,0.2458357959985733,0.09195911884307861,0.17876189947128296,0.08804812282323837,0.9650734663009644,1.4585925340652466,0.473111093044281,0.39544931054115295,0.2548988163471222,0.1271478235721588,0.01920907013118267,0.005244075320661068,0.2918030917644501,0.03768553584814072,104.47715759277344,64.09427642822266,34.047306060791016,62.82147216796875,339.20367431640625,0.0912577360868454,0.06350000202655792,0.46879100799560547,1.1706100702285767,0.8410000801086426,0.009961459785699844,0.01000003982335329,2.106581687927246,0.5,0.11999969929456711,0.3800007998943329,-0.03934110701084137,0.8531525731086731,0.604533851146698,0.662131667137146,0.5195763111114502,0.27139824628829956,0.7571678757667542,0.22262874245643616,0.6538193225860596,0.6079021692276001,0.5847313404083252,1.0,0.9904887676239014,0.9832770824432373,0.10364596545696259,0.1407800018787384,1.0,0.010999999940395355,0.0010000000474974513,0.010000000707805157,0.841,0.5574209460463734,1.179799245983108,0.30324761968246117,0.2967290393999859,1.2077220433797036,0.6288476051804228,0.35657793478026484,0.15637501543355237,0.04980729892849922,0.000192900188267231,209.7627986437978,0.9549350738525391,0.5221846103668213,0.6132007241249084,0.03043956495821476,0.4706169664859772,0.5578829050064087,0.7061119079589844,0.7279666662216187,0.9832770824432373,0.9899999992921948,0.7193037881761005
pacing,3,action_space,-1.0,2.0999999046325684,0.0,0.5,1.0,0.11999999731779099,0.0,0.3799999952316284,0.0,0.0,rough_slope_trot_robustness,rough_slope,0.5,trotting,1000,0.6592442989349365,0.6592442989349365,0.4803846478462219,0.10664576292037964,0.2468319982290268,0.2557174861431122,1.7457607984542847,0.2468319982290268,0.09277398884296417,0.16493713855743408,0.08410577476024628,0.948722243309021,1.4539134502410889,0.48770850896835327,0.42349517345428467,0.2557174861431122,0.13434068858623505,0.010809740051627159,0.005101847928017378,0.29176419973373413,0.03750729560852051,98.66488647460938,59.59064483642578,34.609657287597656,63.66564178466797,255.24720764160156,0.09135585278272629,0.049666669219732285,0.47744959592819214,1.1683846712112427,0.8360000252723694,0.009607695043087006,0.01000003982335329,2.1064629554748535,0.5,0.11999969929456711,0.3800007998943329,0.0,0.8529574871063232,0.6101429462432861,0.7570148706436157,0.5112517476081848,0.27710431814193726,0.7629271745681763,0.18452748656272888,0.6834518909454346,0.6120852828025818,0.5848822593688965,1.0,0.9904887676239014,0.9850984215736389,0.2158554494380951,0.24686315655708313,0.9998000264167786,0.010999999940395355,0.0020000000949949026,0.008999999612569809,0.836,0.5711119437331789,1.1821968053368563,0.30458822833944876,0.2900099563122726,1.2057833347003468,0.6507650677888946,0.3665251540975531,0.12614114308838548,0.04803847521543503,0.0019617239013314247,205.38725980725644,0.9555260539054871,0.5200062990188599,0.7274341583251953,0.027289845049381256,0.47229763865470886,0.5579262971878052,0.7051129341125488,0.7800998687744141,0.9850984215736389,0.9910000003874302,0.7420768575056602
pacing,3,action_space,-1.0,2.0999999046325684,0.0,0.5,1.0,0.11999999731779099,0.0,0.3799999952316284,1.0,0.03999999910593033,rough_slope_trot_robustness,rough_slope,0.5,trotting,1000,0.6459718942642212,0.6459718942642212,0.4691738486289978,0.10945665836334229,0.24086710810661316,0.2681008577346802,1.8540635108947754,0.24086710810661316,0.08696901798248291,0.17076870799064636,0.08797985315322876,0.9427769184112549,1.3178331851959229,0.5035573244094849,0.41526085138320923,0.2681008577346802,0.14086543023586273,0.007510584779083729,0.0048495992086827755,0.2836061716079712,0.034916311502456665,98.53971862792969,59.21879577636719,34.1876220703125,62.798248291015625,377.8517150878906,0.08940711617469788,0.06350000947713852,0.4892194867134094,1.2220752239227295,0.8420000076293945,0.00938347727060318,0.01000003982335329,2.1069324016571045,0.5,0.11999969929456711,0.3800007998943329,0.039306022226810455,0.8553407192230225,0.5826979875564575,0.8051633834838867,0.4954819083213806,0.25884711742401123,0.7366890907287598,0.1569271683692932,0.6739532351493835,0.6192203164100647,0.5905594825744629,1.0,0.9896241426467896,0.9819090962409973,0.10450451076030731,0.14175628125667572,0.9995999932289124,0.012000000104308128,0.0020000000949949026,0.009999999776482582,0.842,0.581020762971348,1.2047388592132555,0.2949050999601107,0.29661398003672845,1.1479691569009696,0.6444073644700293,0.3753204367415432,0.11117636433957762,0.0469173863530159,0.003082812763750553,210.02815676082278,0.9532071352005005,0.4873461127281189,0.7809816002845764,0.027503449469804764,0.4974171817302704,0.5671041011810303,0.6956915259361267,0.7279666662216187,0.9819090962409973,0.9900000002235174,0.754540914277497
pacing,3,action_space,-1.0,2.0999999046325684,0.0,0.5,1.0,0.11999999731779099,1.0,0.3799999952316284,-1.0,-0.03999999910593033,rough_slope_trot_robustness,rough_slope,0.5,trotting,1000,0.6350241899490356,0.6350241899490356,0.487816721200943,0.1018669456243515,0.23733684420585632,0.23339901864528656,1.6098501682281494,0.23733684420585632,0.08526203036308289,0.16103091835975647,0.07656079530715942,0.925488293170929,1.3446464538574219,0.44805586338043213,0.3557368516921997,0.23339901864528656,0.10101184248924255,0.016212504357099533,0.0043298546224832535,0.28989720344543457,0.03788994252681732,98.1846923828125,62.56880187988281,34.39332580566406,63.400962829589844,254.8597869873047,0.09154938161373138,0.06275000423192978,0.4450533390045166,1.103785753250122,0.8360000848770142,0.009756339713931084,0.01000003982335329,2.1059927940368652,0.5,0.11999969929456711,0.3800007998943329,-0.039400093257427216,0.8645137548446655,0.6271705627441406,0.6974812746047974,0.5544368624687195,0.28234991431236267,0.7750123739242554,0.20895463228225708,0.6811611652374268,0.6301425099372864,0.5857301950454712,1.0,0.9913535118103027,0.9833261370658875,0.05068462714552879,0.08637410402297974,1.0,0.010000000707805157,0.0020000000949949026,0.00800000037997961,0.836,0.5323604601992374,1.1490508068037408,0.29199662731456827,0.2766962148406794,1.1595889158910677,0.5964367960582242,0.3178236027881544,0.14332605827128153,0.04878169856965542,0.0012185005471110344,201.27373276810647,0.9593421220779419,0.5799861550331116,0.6630882620811462,0.036330755800008774,0.4686969518661499,0.560013473033905,0.7188666462898254,0.7307016849517822,0.9833261370658875,0.9919999996200204,0.7319267225990955
pacing,3,action_space,-1.0,2.0999999046325684,0.0,0.5,1.0,0.11999999731779099,1.0,0.3799999952316284,0.0,0.0,rough_slope_trot_robustness,rough_slope,0.5,trotting,1000,0.6475521326065063,0.6475521326065063,0.4921361804008484,0.10095231235027313,0.23666159808635712,0.23441463708877563,1.829035758972168,0.23666159808635712,0.0857040211558342,0.14928051829338074,0.0628395527601242,0.9251026511192322,1.2532482147216797,0.4609966576099396,0.35127389430999756,0.23441463708877563,0.1014254167675972,0.00936102494597435,0.004277823027223349,0.2848157286643982,0.035831429064273834,96.29399108886719,61.05010986328125,34.48106002807617,64.31926727294922,343.9536437988281,0.09170379489660263,0.059416670352220535,0.4474903345108032,1.1169779300689697,0.8390000462532043,0.009842721745371819,0.01000003982335329,2.105408191680908,0.5,0.11999969929456711,0.3800007998943329,0.0,0.8646031022071838,0.6212678551673889,0.784770131111145,0.5326647162437439,0.275626540184021,0.7708418369293213,0.16778257489204407,0.703826367855072,0.6208049654960632,0.5904349088668823,1.0,0.9922181367874146,0.9863159656524658,0.10132307559251785,0.13188160955905914,1.0,0.009999999776482582,0.0010000000474974513,0.008999999612569809,0.839,0.5333614963172303,1.1538286297719136,0.2927524912888603,0.2506781856487002,1.1194856920575982,0.5926836376263458,0.3184735731070903,0.1167854784345969,0.04921360872685909,0.0007865903899073601,195.66533598573275,0.9600542783737183,0.577237069606781,0.7612625360488892,0.02892305888235569,0.4883960783481598,0.5657339096069336,0.7168919444084167,0.7429820895195007,0.9863159656524658,0.9910000003874302,0.7528910531025185
pacing,3,action_space,-1.0,2.0999999046325684,0.0,0.5,1.0,0.11999999731779099,1.0,0.3799999952316284,1.0,0.03999999910593033,rough_slope_trot_robustness,rough_slope,0.5,trotting,1000,0.6398922204971313,0.6398922204971313,0.4896097183227539,0.1125573068857193,0.23454120755195618,0.2344820499420166,1.9382500648498535,0.23454120755195618,0.08352793753147125,0.16740089654922485,0.07812903076410294,0.9763016700744629,1.399782657623291,0.48798757791519165,0.3990827202796936,0.2344820499420166,0.1082649901509285,0.008818956092000008,0.004510830156505108,0.27713483572006226,0.03700065612792969,98.50165557861328,60.29277038574219,34.51005554199219,63.93266677856445,358.6445617675781,0.09325703978538513,0.05275000259280205,0.4588771164417267,1.2038253545761108,0.8380000591278076,0.009792192839086056,0.01000003982335329,2.1057519912719727,0.5,0.11999969929456711,0.3800007998943329,0.0394241064786911,0.8532377481460571,0.6301615238189697,0.7994902729988098,0.511483371257782,0.26158469915390015,0.7783621549606323,0.1639237105846405,0.670641303062439,0.6204490065574646,0.5990214347839355,1.0,0.9922181367874146,0.984323263168335,0.0501260831952095,0.08541490137577057,1.0,0.009000000543892384,0.0020000000949949026,0.007000000216066837,0.838,0.5475860085862918,1.1985598544922536,0.2890120024003696,0.27951570754450084,1.1831241091378752,0.6317299425226681,0.3290364571759921,0.11545469348842045,0.04896096419543028,0.001039234921336174,201.1840286096616,0.9505860805511475,0.5770546197891235,0.7659826874732971,0.027084091678261757,0.4771076440811157,0.5744916796684265,0.698279082775116,0.7681655287742615,0.984323263168335,0.9929999997839332,0.7492030834975213
pacing,3,action_space,0.0,2.5,0.0,0.5,-1.0,0.08999999612569809,-1.0,0.3400000035762787,-1.0,-0.03999999910593033,rough_slope_trot_robustness,rough_slope,0.5,trotting,1000,0.6525686979293823,0.6525686979293823,0.4461754262447357,0.10473738610744476,0.20189273357391357,0.21629391610622406,1.780684232711792,0.20189273357391357,0.05925222486257553,0.13516956567764282,0.05660838633775711,0.7531440258026123,0.8823137879371643,0.40823447704315186,0.2877790927886963,0.21629391610622406,0.08177301287651062,0.014700116589665413,0.002522823866456747,0.2597774267196655,0.030513299629092216,84.37867736816406,49.69114685058594,34.45457458496094,64.71721649169922,234.57931518554688,0.07797911763191223,0.0885000079870224,0.5685015320777893,1.3789796829223633,0.9890000820159912,0.00892350822687149,0.01000003982335329,2.5,0.5,0.09040382504463196,0.34053653478622437,-0.03946179896593094,0.8849890828132629,0.6598523855209351,0.7369586229324341,0.5934128165245056,0.3336247205734253,0.8035249710083008,0.17339089512825012,0.7459261417388916,0.6407504677772522,0.6203931570053101,0.6300467252731323,0.9922181367874146,0.9863185286521912,0.10128581523895264,0.13160312175750732,1.0,0.009000000543892384,0.003000000026077032,0.006000000052154064,0.989,0.574824534725733,1.1808121043637965,0.2434177989847405,0.2379251696180064,0.9393155954934232,0.5364504569750093,0.2859598098973187,0.13123620101222894,0.04461754113435745,0.005382657982409,189.11547432888148,0.9570690989494324,0.6263596415519714,0.7086037397384644,0.05152290686964989,0.5432063937187195,0.5947852730751038,0.7056899666786194,0.6424282789230347,0.9863185286521912,0.9939999999478459,0.7514341697586995
pacing,3,action_space,0.0,2.5,0.0,0.5,-1.0,0.08999999612569809,-1.0,0.3400000035762787,0.0,0.0,rough_slope_trot_robustness,rough_slope,0.5,trotting,1000,0.6731654405593872,0.6731654405593872,0.4345818758010864,0.10217908024787903,0.20301100611686707,0.21453195810317993,1.7667726278305054,0.20301100611686707,0.06068684905767441,0.12246444821357727,0.05018983781337738,0.8768675327301025,1.2083022594451904,0.4249277412891388,0.29186415672302246,0.21453195810317993,0.09222286939620972,0.008406644687056541,0.002523471601307392,0.2582530975341797,0.03310738876461983,90.10860443115234,60.415992736816406,34.175594329833984,63.01604080200195,314.0862731933594,0.0757547914981842,0.030916668474674225,0.3070448935031891,0.5509219169616699,0.9880000352859497,0.008691634051501751,0.01000003982335329,2.5,0.5,0.09036009013652802,0.34047818183898926,0.0,0.8777690529823303,0.6333910226821899,0.817435622215271,0.5580509901046753,0.3224037289619446,0.7794683575630188,0.16014978289604187,0.7721542119979858,0.6304619312286377,0.6051372289657593,0.6294999122619629,0.9930828213691711,0.9891253113746643,0.21221432089805603,0.2359544336795807,1.0,0.00800000037997961,0.0,0.00800000037997961,0.988,0.3107741815358521,0.7467350492682582,0.246347009435216,0.2240308858469684,1.0992280288662541,0.5402445341907889,0.3036821848515479,0.10454719646343431,0.043458170257508755,0.006542028859257698,207.34551864375536,0.9590977430343628,0.6311324238777161,0.8036412596702576,0.0507669597864151,0.5157424807548523,0.5966013073921204,0.8698770999908447,0.8567720651626587,0.9891253113746643,0.9919999996200204,0.7772542664193008
pacing,3,action_space,0.0,2.5,0.0,0.5,-1.0,0.08999999612569809,-1.0,0.3400000035762787,1.0,0.03999999910593033,rough_slope_trot_robustness,rough_slope,0.5,trotting,1000,0.6655043363571167,0.6655043363571167,0.44178998470306396,0.1041487455368042,0.21323169767856598,0.23350875079631805,1.9631251096725464,0.21323169767856598,0.06991567462682724,0.12986290454864502,0.05685075372457504,0.8315625190734863,1.0999318361282349,0.4193786382675171,0.3235703110694885,0.23350875079631805,0.09692331403493881,0.004758031573146582,0.0026853024028241634,0.26520562171936035,0.03786851465702057,92.33012390136719,58.31446838378906,35.997718811035156,62.01251220703125,340.4400329589844,0.07372411340475082,0.07366666197776794,0.6757173538208008,1.545949935913086,0.9930000305175781,0.008835798129439354,0.01000003982335329,2.5,0.5,0.09040509164333344,0.3405382037162781,0.03946010395884514,0.8768433928489685,0.6280591487884521,0.8791191577911377,0.5761100053787231,0.3358105719089508,0.776561975479126,0.1599966436624527,0.7485153675079346,0.6263364553451538,0.6045659780502319,0.630062460899353,0.9922181367874146,0.9863172769546509,0.10130443423986435,0.13174235820770264,1.0,0.009000000543892384,0.0020000000949949026,0.007000000216066837,0.993,0.6804806497041792,1.2477370570138895,0.26441572310819045,0.23843396092959376,1.048776351815884,0.5688324103543051,0.3113250938086084,0.08627475862597789,0.04417899064719677,0.005821208469569683,208.9909846268338,0.9575399160385132,0.579689085483551,0.8616839647293091,0.03468532860279083,0.46889787912368774,0.5883629322052002,0.6775906085968018,0.6918865442276001,0.9863172769546509,0.9929999997839332,0.7680972686625626
pacing,3,action_space,0.0,2.5,0.0,0.5,-1.0,0.08999999612569809,0.0,0.3799999952316284,-1.0,-0.03999999910593033,rough_slope_trot_robustness,rough_slope,0.5,trotting,1000,0.6675448417663574,0.6675448417663574,0.44063109159469604,0.10955825448036194,0.20892420411109924,0.21477803587913513,1.5416109561920166,0.20892420411109924,0.06633749604225159,0.13652977347373962,0.061157360672950745,0.8656027317047119,1.1242914199829102,0.42225146293640137,0.2916959524154663,0.21477803587913513,0.08482051640748978,0.015690740197896957,0.0023804691154509783,0.26207488775253296,0.03702554106712341,98.96414184570312,66.30401611328125,34.284584045410156,62.201995849609375,275.071044921875,0.07917159050703049,0.05800000578165054,0.45736807584762573,0.9602370262145996,0.9920000433921814,0.008812617510557175,0.01000003982335329,2.5,0.5,0.09040383249521255,0.3800007998943329,-0.03946179896593094,0.8690639138221741,0.6335607767105103,0.7290527820587158,0.5642907023429871,0.3164237141609192,0.7798438668251038,0.2330044060945511,0.734455943107605,0.6333111524581909,0.6041301488876343,0.6300467252731323,0.9922181367874146,0.9877667427062988,0.21347658336162567,0.2400168627500534,1.0,0.009000000543892384,0.0020000000949949026,0.007000000216066837,0.992,0.4610564939437374,0.9838602074529439,0.25756066478065237,0.24730014288906252,1.0603260913430879,0.5400888375216306,0.2912396202570828,0.1344291981429181,0.04406308755278587,0.005937111563980579,224.5963658341498,0.9531223177909851,0.6304659843444824,0.696683406829834,0.05679193139076233,0.47687026858329773,0.592058539390564,0.785059928894043,0.7482635378837585,0.9877667427062988,0.9929999997839332,0.7449314552604369
pacing,3,action_space,0.0,2.5,0.0,0.5,-1.0,0.08999999612569809,0.0,0.3799999952316284,0.0,0.0,rough_slope_trot_robustness,rough_slope,0.5,trotting,1000,0.7040296792984009,0.7040296792984009,0.43505120277404785,0.11077737808227539,0.21393397450447083,0.25844740867614746,1.889716386795044,0.21393397450447083,0.06614634394645691,0.1439865529537201,0.06584436446428299,0.8709312677383423,1.18244206905365,0.4546811878681183,0.36913037300109863,0.25844740867614746,0.12984906136989594,0.008777199313044548,0.0029206103645265102,0.2739781439304352,0.037324633449316025,87.6221923828125,52.35376739501953,34.426979064941406,62.559871673583984,289.6228942871094,0.07864987850189209,0.06608334183692932,0.4675198197364807,1.1147849559783936,0.9920000433921814,0.008701024577021599,0.01000003982335329,2.5,0.5,0.09040507674217224,0.3800007998943329,0.0,0.8685657978057861,0.6010036468505859,0.8121272921562195,0.5534236431121826,0.3133131265640259,0.7495513558387756,0.16712680459022522,0.7327944040298462,0.6205030679702759,0.6017086505889893,0.630062460899353,0.9922181367874146,0.9893559217453003,0.4592435359954834,0.47766560316085815,1.0,0.009000000543892384,0.0020000000949949026,0.007000000216066837,0.992,0.47129009615990425,1.0600825972599883,0.25718931538160156,0.2566015675405803,1.0874015215428245,0.6075610035223612,0.36034575253483414,0.10815641302100888,0.043505122885107994,0.006495076231658459,201.40662024171155,0.9520987868309021,0.5127583146095276,0.7913964986801147,0.040250085294246674,0.4740262031555176,0.5781301259994507,0.7550708055496216,0.7186242341995239,0.9893559217453003,0.9929999997839332,0.7592939786907089
pacing,3,action_space,0.0,2.5,0.0,0.5,-1.0,0.08999999612569809,0.0,0.3799999952316284,1.0,0.03999999910593033,rough_slope_trot_robustness,rough_slope,0.5,trotting,1000,0.6806234121322632,0.6806234121322632,0.4352806806564331,0.11113794147968292,0.21265876293182373,0.2375541627407074,1.73101806640625,0.21265876293182373,0.06623111665248871,0.14459729194641113,0.06246665492653847,0.9215595722198486,1.3109643459320068,0.4375995397567749,0.3365035653114319,0.2375541627407074,0.110781729221344,0.00491362065076828,0.0034333341754972935,0.26799944043159485,0.035076387226581573,102.03431701660156,67.69474029541016,34.46794891357422,63.42777633666992,340.4580993652344,0.07628975808620453,0.08016666769981384,0.5073716044425964,1.1050643920898438,0.9900000691413879,0.008705615065991879,0.01000003982335329,2.5,0.5,0.09040382504463196,0.3800007998943329,0.03946179896593094,0.8714809417724609,0.6335436105728149,0.8657429218292236,0.5731569528579712,0.29442331194877625,0.7748720049858093,0.20764344930648804,0.7150795459747314,0.6329991817474365,0.6127549409866333,0.6300467252731323,0.9922181367874146,0.9877667427062988,0.21347658336162567,0.24001683294773102,1.0,0.009000000543892384,0.0010000000474974513,0.00800000037997961,0.99,0.5124965475063131,1.056516196620568,0.2573540686534579,0.24993330095555188,1.1449735132010725,0.5800892735703979,0.3328388937929941,0.09136167044371274,0.04352807532995939,0.00647212378680706,234.41039667261782,0.9517940878868103,0.5687468647956848,0.8462511301040649,0.04709254950284958,0.49582725763320923,0.5850845575332642,0.7564970850944519,0.6697616577148438,0.9877667427062988,0.9919999996200204,0.7734678805756726
pacing,3,action_space,0.0,2.5,0.0,0.5,-1.0,0.08999999612569809,1.0,0.3799999952316284,-1.0,-0.03999999910593033,rough_slope_trot_robustness,rough_slope,0.5,trotting,1000,0.6539129018783569,0.6539129018783569,0.4458649158477783,0.10544905811548233,0.22588752210140228,0.25720253586769104,1.3994483947753906,0.22588752210140228,0.07502086460590363,0.14015404880046844,0.05911669880151749,0.7978453636169434,1.024519681930542,0.44773387908935547,0.34115099906921387,0.25720253586769104,0.12952011823654175,0.014486021362245083,0.003193764016032219,0.2833450436592102,0.0338071770966053,85.59181213378906,50.099639892578125,34.210201263427734,62.698326110839844,583.3106079101562,0.07732531428337097,0.10133334249258041,0.72514808177948,1.931899070739746,0.9910000562667847,0.008917294442653656,0.01000003982335329,2.5,0.5,0.09036053717136383,0.3800007998943329,-0.03951951861381531,0.8745050430297852,0.6293705105781555,0.7357240319252014,0.5618060827255249,0.31458550691604614,0.7730838060379028,0.24468737840652466,0.7293667793273926,0.6367985010147095,0.5986020565032959,0.6295056343078613,0.9930827617645264,0.9878374338150024,0.10013474524021149,0.1272299885749817,1.0,0.00800000037997961,0.004000000189989805,0.004000000189989805,0.991,0.7317336743582871,1.3962248819838758,0.2738993694879629,0.24313925804262357,1.0121855965832265,0.5840813291564916,0.3598890360049077,0.13296535405238954,0.04458647221326828,0.005413726903498173,191.96803581426164,0.9564966559410095,0.5160604119300842,0.7021588087081909,0.055030614137649536,0.5085745453834534,0.5674003958702087,0.6142452359199524,0.6025005578994751,0.9878374338150024,0.9959999998100102,0.7403491905302202
pacing,3,action_space,0.0,2.5,0.0,0.5,-1.0,0.08999999612569809,1.0,0.3799999952316284,0.0,0.0,rough_slope_trot_robustness,rough_slope,0.5,trotting,1000,0.6746822595596313,0.6746822595596313,0.43534213304519653,0.11174465715885162,0.21384066343307495,0.26213619112968445,1.3857812881469727,0.21384066343307495,0.06933121383190155,0.14932510256767273,0.06781606376171112,0.8704992532730103,1.4585485458374023,0.4542948007583618,0.3410462737083435,0.26213619112968445,0.15568220615386963,0.008631976321339607,0.0072491783648729324,0.28680312633514404,0.035026878118515015,96.1754150390625,64.84231567382812,32.98503875732422,61.896644592285156,182.33804321289062,0.08072070777416229,0.05783333629369736,0.30358684062957764,0.7296406626701355,0.9760000705718994,0.00870684627443552,0.01000003982335329,2.5,0.5,0.09045007824897766,0.3800007998943329,0.0,0.8622220158576965,0.5918583869934082,0.8024397492408752,0.5317525863647461,0.2972714900970459,0.7414888143539429,0.25292864441871643,0.7262849807739258,0.6316163539886475,0.5874581336975098,0.6306248903274536,0.991353452205658,0.9864065647125244,0.21479371190071106,0.24446886777877808,0.9998000264167786,0.010000000707805157,0.0020000000949949026,0.00800000037997961,0.976,0.3110520722436123,0.8646285951678716,0.2633082107187346,0.2604151757515509,1.2077038320041062,0.5839916726361288,0.3945658451435826,0.1260204534439253,0.0435342313721776,0.006465967744588852,220.91915240622419,0.9512794017791748,0.5030056834220886,0.7278770804405212,0.06251144409179688,0.49631842970848083,0.5634896755218506,0.8295302987098694,0.7488873600959778,0.9864065647125244,0.9919999996200204,0.7564751680842356
pacing,3,action_space,0.0,2.5,0.0,0.5,-1.0,0.08999999612569809,1.0,0.3799999952316284,1.0,0.03999999910593033,rough_slope_trot_robustness,rough_slope,0.5,trotting,1000,0.6640227437019348,0.6640227437019348,0.42813387513160706,0.11211545765399933,0.21786567568778992,0.27767670154571533,1.633958101272583,0.21786567568778992,0.06713968515396118,0.14453522861003876,0.061200205236673355,0.7988632917404175,1.0437159538269043,0.44561678171157837,0.33466801047325134,0.27767670154571533,0.15314322710037231,0.004970842506736517,0.003652578452602029,0.2769453525543213,0.03630220144987106,85.51520538330078,49.4304313659668,33.584930419921875,62.63036346435547,197.99703979492188,0.07672736793756485,0.09058333188295364,0.5497525334358215,1.3914620876312256,0.9890000820159912,0.008562678471207619,0.01000003982335329,2.5,0.5,0.09036009013652802,0.3800007998943329,0.03952009603381157,0.8702281713485718,0.5942086577415466,0.8637365698814392,0.5710283517837524,0.30650949478149414,0.7427480816841125,0.22573861479759216,0.7191433906555176,0.6217547655105591,0.6040003299713135,0.6294999718666077,0.9930827617645264,0.987837553024292,0.10012814402580261,0.12718398869037628,1.0,0.00800000037997961,0.003000000026077032,0.004999999888241291,0.989,0.5558670398800872,1.1861443243010523,0.2591132670357911,0.2473867523467523,1.0216241744530639,0.5785049787800026,0.3913351851039877,0.09286237644675342,0.042813392356038094,0.007186806760728359,199.73940477616648,0.9509636163711548,0.4625301659107208,0.8415848612785339,0.05095808580517769,0.4838191568851471,0.574709415435791,0.7034668326377869,0.6357710957527161,0.987837553024292,0.9950000001117587,0.7684777425602077
pacing,3,action_space,0.0,2.5,0.0,0.5,0.0,0.11999999731779099,-1.0,0.3400000035762787,-1.0,-0.03999999910593033,rough_slope_trot_robustness,rough_slope,0.5,trotting,1000,0.672563374042511,0.672563374042511,0.456466406583786,0.10526788234710693,0.19333969056606293,0.1892058253288269,1.7875938415527344,0.19333969056606293,0.0568273700773716,0.12921856343746185,0.05247478932142258,0.8264939785003662,1.076631784439087,0.4039427638053894,0.2740786075592041,0.1892058253288269,0.07672633230686188,0.013934001326560974,0.002466455101966858,0.26384830474853516,0.03626296669244766,105.62095642089844,75.03396606445312,34.31671142578125,64.76918029785156,174.7024688720703,0.08911086618900299,0.03466666862368584,0.4611027240753174,1.1484146118164062,0.9850000143051147,0.009129325859248638,0.01000003982335329,2.5,0.5,0.11999969929456711,0.3405461311340332,-0.03945232927799225,0.8834214210510254,0.7009937763214111,0.747874915599823,0.5698018670082092,0.3291362524032593,0.8298653364181519,0.2038421779870987,0.7554893493652344,0.6366926431655884,0.6103227138519287,1.0,0.9922181367874146,0.9877474308013916,0.21363632380962372,0.24130547046661377,1.0,0.009000000543892384,0.0010000000474974513,0.00800000037997961,0.985,0.468124560051158,1.079769927919762,0.23838491998734232,0.22907376393079715,1.0376086856031452,0.5235251737588213,0.2769951846275705,0.12806426679026367,0.04564662929624319,0.004353569820523262,231.38823557985387,0.9566426873207092,0.6990811228752136,0.7203564643859863,0.05371079966425896,0.48419898748397827,0.5899623036384583,0.7471601366996765,0.8408572673797607,0.9877474308013916,0.9919999996200204,0.748320951126516
pacing,3,action_space,0.0,2.5,0.0,0.5,0.0,0.11999999731779099,-1.0,0.3400000035762787,0.0,0.0,rough_slope_trot_robustness,rough_slope,0.5,trotting,1000,0.7174345254898071,0.7174345254898071,0.4437316060066223,0.10376393795013428,0.19107824563980103,0.1932145059108734,1.7495903968811035,0.19107824563980103,0.05365126579999924,0.12588459253311157,0.053613677620887756,0.8373340368270874,1.0589299201965332,0.39898014068603516,0.27986258268356323,0.1932145059108734,0.0818321630358696,0.006837833672761917,0.002078557852655649,0.2647123634815216,0.02938978187739849,85.83645629882812,59.05551528930664,33.131004333496094,64.12181091308594,369.0103454589844,0.08907967060804367,0.042500000447034836,0.3173102140426636,0.7731608152389526,0.9890000224113464,0.008874636143445969,0.01000003982335329,2.5,0.5,0.11999969929456711,0.340514212846756,0.0,0.8824889659881592,0.6851322054862976,0.8459898233413696,0.5868254899978638,0.319341778755188,0.8199417591094971,0.19282829761505127,0.7716227769851685,0.6420412063598633,0.5972880125045776,1.0,0.9930827617645264,0.9903476238250732,0.4588129222393036,0.47711485624313354,1.0,0.00800000037997961,0.0010000000474974513,0.007000000216066837,0.989,0.32083944507749307,0.8841720013717178,0.23162742885936294,0.23154627533365282,1.0290432061855,0.5290203991185626,0.2860632151044059,0.09442664626797653,0.04437318071722984,0.00562701839953661,193.44228614075124,0.9578464031219482,0.6884459257125854,0.836668074131012,0.059450238943099976,0.5555505752563477,0.5889436602592468,0.8224726319313049,0.808560311794281,0.9903476238250732,0.9929999997839332,0.7867727261526803
pacing,3,action_space,0.0,2.5,0.0,0.5,0.0,0.11999999731779099,-1.0,0.3400000035762787,1.0,0.03999999910593033,rough_slope_trot_robustness,rough_slope,0.5,trotting,1000,0.6785647869110107,0.6785647869110107,0.4438689351081848,0.10398681461811066,0.20044086873531342,0.2348882555961609,1.9427589178085327,0.20044086873531342,0.05854980647563934,0.14239561557769775,0.05981764197349548,0.819858193397522,1.0891118049621582,0.41634687781333923,0.30954986810684204,0.2348882555961609,0.11225761473178864,0.0058206007815897465,0.0029225137550383806,0.2745572626590729,0.032431460916996,94.95970153808594,61.080078125,32.595924377441406,63.542381286621094,315.9696350097656,0.08916118741035461,0.06366667151451111,0.36919623613357544,0.9288941621780396,0.9890000224113464,0.008877383545041084,0.01000003982335329,2.5,0.5,0.11999969929456711,0.34053823351860046,0.03946009650826454,0.8793003559112549,0.6318461298942566,0.8549376726150513,0.570378303527832,0.3144262433052063,0.7751301527023315,0.17994007468223572,0.7257538437843323,0.6258895397186279,0.5981408357620239,1.0,0.9922181367874146,0.9877659678459167,0.21350401639938354,0.240211620926857,1.0,0.009000000543892384,0.0010000000474974513,0.00800000037997961,0.989,0.3733025252879329,0.9691365153804637,0.2419706727594056,0.24457645424998598,1.04360519592524,0.5563720590637546,0.3350486751679353,0.09350462307623152,0.04438691772520542,0.005613281391561031,213.93635379088036,0.9576690196990967,0.5759555101394653,0.8395726084709167,0.04443379491567612,0.522761881351471,0.5774608850479126,0.7907239198684692,0.7273602485656738,0.9877659678459167,0.9919999996200204,0.7790571085030311
pacing,3,action_space,0.0,2.5,0.0,0.5,0.0,0.11999999731779099,0.0,0.3799999952316284,-1.0,-0.03999999910593033,rough_slope_trot_robustness,rough_slope,0.5,trotting,1000,0.6962896585464478,0.6962896585464478,0.4395635724067688,0.104015052318573,0.22065716981887817,0.24942314624786377,1.8078110218048096,0.22065716981887817,0.0729481503367424,0.14009732007980347,0.06461991369724274,0.9286328554153442,1.3394643068313599,0.42895281314849854,0.3036705255508423,0.24942314624786377,0.12029939144849777,0.01430203951895237,0.0036829859018325806,0.2851349115371704,0.03551917150616646,103.39452362060547,66.24636840820312,33.45918273925781,62.513160705566406,218.69711303710938,0.08838874846696854,0.0677500069141388,0.5258375406265259,1.3975353240966797,0.9850000143051147,0.008791271597146988,0.01000003982335329,2.5,0.5,0.11999969929456711,0.3800007998943329,-0.039460133761167526,0.8736869096755981,0.6263012886047363,0.726371169090271,0.5488004684448242,0.2928800880908966,0.7736389636993408,0.18515044450759888,0.7353317141532898,0.6340615749359131,0.5914283990859985,1.0,0.9922181367874146,0.9893559217453003,0.4592434763908386,0.4776653051376343,1.0,0.009000000543892384,0.0020000000949949026,0.007000000216066837,0.985,0.5338452024508249,1.1911413288821746,0.27008915257141003,0.2542044722211683,1.1573522829421299,0.5510630867249614,0.34684202664685515,0.13410826007664461,0.04395635798573494,0.006043841131031513,235.2208647647557,0.9576465487480164,0.5368056893348694,0.6978853344917297,0.03812923654913902,0.49145573377609253,0.565372884273529,0.701380729675293,0.712660551071167,0.9893559217453003,0.9929999997839332,0.7406896416980187
pacing,3,action_space,0.0,2.5,0.0,0.5,0.0,0.11999999731779099,0.0,0.3799999952316284,0.0,0.0,rough_slope_trot_robustness,rough_slope,0.5,trotting,1000,0.7857063412666321,0.7857063412666321,0.4447343349456787,0.10563892126083374,0.20670567452907562,0.22212904691696167,1.8408033847808838,0.20670567452907562,0.06372089684009552,0.13190728425979614,0.05295155197381973,0.8576250076293945,1.165848970413208,0.4061944782733917,0.27930325269699097,0.22212904691696167,0.10185009241104126,0.006709398701786995,0.0030197561718523502,0.2728652358055115,0.036745890974998474,94.66837310791016,66.76968383789062,33.93914794921875,63.2064323425293,423.3531188964844,0.08901464939117432,0.03583333268761635,0.3979126214981079,0.9233118891716003,0.9910000562667847,0.008894686587154865,0.01000003982335329,2.5,0.5,0.11999969929456711,0.3800007998943329,0.0,0.8724448680877686,0.6376267671585083,0.8381320238113403,0.579937756061554,0.30839407444000244,0.7823858261108398,0.18425264954566956,0.7474502325057983,0.6213755011558533,0.5880049467086792,1.0,0.9922181367874146,0.9911057949066162,1.0,1.0,1.0,0.009000000543892384,0.0010000000474974513,0.00800000037997961,0.991,0.4015263346682644,0.9652445817180774,0.25242998403536676,0.23011204221817627,1.0797448635734315,0.5284914878188588,0.3191396127262193,0.0986364784126002,0.044473432935774326,0.0055267661809921265,212.8649975259348,0.9563432931900024,0.6105390191078186,0.8231777548789978,0.0443686880171299,0.47954487800598145,0.5794183611869812,0.7922135591506958,0.8359665870666504,0.9911057949066162,0.9919999996200204,0.7699119956967863
pacing,3,action_space,0.0,2.5,0.0,0.5,0.0,0.11999999731779099,0.0,0.3799999952316284,1.0,0.03999999910593033,rough_slope_trot_robustness,rough_slope,0.5,trotting,1000,0.7076847553253174,0.7076847553253174,0.4240773320198059,0.1101905107498169,0.23759415745735168,0.27832746505737305,1.4325928688049316,0.23759415745735168,0.08169488608837128,0.13143637776374817,0.052489154040813446,1.0076881647109985,1.5659432411193848,0.42990490794181824,0.3203358054161072,0.27832746505737305,0.1383061707019806,0.004445741884410381,0.0045944638550281525,0.31549936532974243,0.03081417828798294,101.4500732421875,62.3438835144043,33.21240234375,63.88258361816406,504.9436950683594,0.08485391736030579,0.10133333504199982,0.48696446418762207,1.3626675605773926,0.9920000433921814,0.008481549099087715,0.01000003982335329,2.5,0.5,0.11999969929456711,0.3800007998943329,0.03952014073729515,0.867027759552002,0.5907427072525024,0.854235827922821,0.561093807220459,0.2641555666923523,0.7435673475265503,0.20110109448432922,0.7512260675430298,0.6238826513290405,0.5762624740600586,1.0,0.9930827617645264,0.990538477897644,0.4581416845321655,0.4745168089866638,1.0,0.007000000216066837,0.0020000000949949026,0.004999999888241291,0.992,0.49089161042244206,1.1720310295992584,0.28582317276311114,0.22910511570197084,1.2513765385044522,0.5659821599804248,0.37189537601586364,0.09507999652628588,0.042407745495438576,0.007592453621327877,239.225409099323,0.9525927305221558,0.46085962653160095,0.8345988392829895,0.0465843491256237,0.5399473905563354,0.5320601463317871,0.7093443274497986,0.6025005578994751,0.990538477897644,0.9950000001117587,0.7747963431144231
pacing,3,action_space,0.0,2.5,0.0,0.5,0.0,0.11999999731779099,1.0,0.3799999952316284,-1.0,-0.03999999910593033,rough_slope_trot_robustness,rough_slope,0.5,trotting,1000,0.6611506938934326,0.6611506938934326,0.4497680068016052,0.10010536015033722,0.20223179459571838,0.22268594801425934,1.6759777069091797,0.20223179459571838,0.05843878909945488,0.13094285130500793,0.06025909632444382,0.9051663875579834,1.2115516662597656,0.39368683099746704,0.2537054121494293,0.22268594801425934,0.09658068418502808,0.013393674045801163,0.0031989712733775377,0.2737349271774292,0.031101088970899582,91.26397705078125,63.20063018798828,33.08051300048828,63.371681213378906,300.3952331542969,0.09170562028884888,0.012583333998918533,0.16009585559368134,0.2600957751274109,0.9910000562667847,0.008995356038212776,0.01000003982335329,2.5,0.5,0.11999969929456711,0.3800007998943329,-0.039473094046115875,0.8735772371292114,0.6214612722396851,0.7377272844314575,0.5874903202056885,0.2737099230289459,0.7692135572433472,0.1939428448677063,0.7529054880142212,0.6277192234992981,0.5843099355697632,1.0,0.9922181367874146,0.9878171682357788,0.21327604353427887,0.23834872245788574,0.9998000264167786,0.009000000543892384,0.0,0.009000000543892384,0.991,0.16154980394842647,0.51230640668604,0.24174116136780446,0.2454772827054345,1.1007050768756206,0.5036917828885332,0.3107743299969096,0.1288124424082499,0.04497678019106388,0.005023418925702572,202.91344797905606,0.9607084393501282,0.6090284585952759,0.7175928354263306,0.05814860016107559,0.5368579030036926,0.5784114003181458,0.936491847038269,0.9390217065811157,0.9878171682357788,0.9909999994561076,0.7683272565175828
pacing,3,action_space,0.0,2.5,0.0,0.5,0.0,0.11999999731779099,1.0,0.3799999952316284,0.0,0.0,rough_slope_trot_robustness,rough_slope,0.5,trotting,1000,0.7102184295654297,0.7102184295654297,0.44865334033966064,0.0978686735033989,0.20726315677165985,0.21148774027824402,1.9096636772155762,0.20726315677165985,0.060879141092300415,0.1251625418663025,0.05736256390810013,0.9377424716949463,1.332680344581604,0.40618690848350525,0.28026413917541504,0.21148774027824402,0.08484868705272675,0.007475555408746004,0.0027426774613559246,0.28500896692276,0.038062065839767456,104.03797912597656,71.89715576171875,33.6126823425293,63.09251403808594,206.14630126953125,0.09038906544446945,0.026083335280418396,0.3541521430015564,0.8499292135238647,0.9910000562667847,0.008973071351647377,0.01000003982335329,2.5,0.5,0.11999969929456711,0.3800007998943329,0.0,0.8821737766265869,0.6501209735870361,0.828561544418335,0.5728957653045654,0.30758482217788696,0.7936557531356812,0.1823110580444336,0.7726641893386841,0.6246859431266785,0.5908505916595459,1.0,0.9922181367874146,0.9893559217453003,0.4592434763908386,0.4776655435562134,1.0,0.009000000543892384,0.0,0.009000000543892384,0.991,0.3573684153475025,0.9260928184168947,0.2467369876858766,0.2395048306571292,1.1544177513281766,0.5293997914387718,0.2912879795884594,0.10108527523878999,0.044865356758236885,0.005134842358529568,231.88945622741343,0.9624115824699402,0.639370858669281,0.8151650428771973,0.043838344514369965,0.4670862555503845,0.5655152797698975,0.8070158362388611,0.877729594707489,0.9893559217453003,0.9909999994561076,0.7687833238098966
pacing,3,action_space,0.0,2.5,0.0,0.5,0.0,0.11999999731779099,1.0,0.3799999952316284,1.0,0.03999999910593033,rough_slope_trot_robustness,rough_slope,0.5,trotting,1000,0.6846832036972046,0.6846832036972046,0.43014204502105713,0.10992170125246048,0.2136538028717041,0.22244389355182648,1.5699459314346313,0.2136538028717041,0.06830283999443054,0.13761481642723083,0.06328734755516052,0.9347628355026245,1.334200382232666,0.4160126745700836,0.31698372960090637,0.22244389355182648,0.09202903509140015,0.0033508818596601486,0.0033175386488437653,0.27930936217308044,0.03151183947920799,96.02433776855469,63.7823486328125,33.86433029174805,64.32388305664062,424.14605712890625,0.08606782555580139,0.06966667622327805,0.4074755012989044,1.041764497756958,0.9900000095367432,0.008602840825915337,0.01000003982335329,2.5,0.5,0.11999969929456711,0.3800007998943329,0.03941305726766586,0.8730101585388184,0.6596195697784424,0.8863734006881714,0.5779321193695068,0.29038262367248535,0.8000457286834717,0.2081587314605713,0.7570548057556152,0.6391936540603638,0.5995562672615051,1.0,0.991353452205658,0.9864578247070312,0.21456573903560638,0.24260595440864563,0.9998000264167786,0.010000000707805157,0.0010000000474974513,0.009000000543892384,0.99,0.41159137764362375,1.025810546381519,0.26134812031929855,0.2515697667748661,1.1550759205492365,0.5630130811987466,0.303362876917068,0.08166039743047981,0.04301420412957668,0.00698599498718977,223.23866936526497,0.9528182148933411,0.6096850037574768,0.8751426339149475,0.053077470511198044,0.5324656963348389,0.5719985961914062,0.7686867117881775,0.7058635354042053,0.9864578247070312,0.9909999994561076,0.7854023375303337
pacing,3,action_space,0.0,2.5,0.0,0.5,1.0,0.11999999731779099,-1.0,0.3400000035762787,-1.0,-0.03999999910593033,rough_slope_trot_robustness,rough_slope,0.5,trotting,1000,0.6463728547096252,0.6463728547096252,0.44888395071029663,0.10186449438333511,0.20740702748298645,0.23830536007881165,2.0664377212524414,0.20740702748298645,0.06494173407554626,0.13560815155506134,0.06203676015138626,0.7716959714889526,0.9644210338592529,0.44090771675109863,0.32828181982040405,0.23830536007881165,0.11714523285627365,0.015246473252773285,0.0027946054469794035,0.2765043377876282,0.03337527811527252,90.71932983398438,56.44085693359375,34.01933670043945,62.81163787841797,471.6422119140625,0.08748160302639008,0.0690833330154419,0.6558092832565308,1.8173469305038452,0.9950000047683716,0.008977681398391724,0.01000003982335329,2.5,0.5,0.11999969929456711,0.3405904173851013,-0.039407894015312195,0.8781751394271851,0.6307441592216492,0.7296626567840576,0.5604510307312012,0.32507583498954773,0.7792190313339233,0.15952681005001068,0.7519859075546265,0.6237975358963013,0.5908324718475342,1.0,0.9913533926010132,0.9848247766494751,0.1023879125714302,0.13533607125282288,0.9998000264167786,0.009999999776482582,0.004000000189989805,0.0060000005178153515,0.995,0.659104850423995,1.3514730187577835,0.2548366811813917,0.2490717971818292,0.9820494049991848,0.5729588290797202,0.3422648577582479,0.13431708268032286,0.04488840699195862,0.005111792124807835,202.09974023449405,0.9593440294265747,0.5667174458503723,0.6971033811569214,0.03455260023474693,0.5129866003990173,0.5752165913581848,0.6334211230278015,0.7079253196716309,0.9848247766494751,0.9939999994821846,0.7391859954958292
pacing,3,action_space,0.0,2.5,0.0,0.5,1.0,0.11999999731779099,-1.0,0.3400000035762787,0.0,0.0,rough_slope_trot_robustness,rough_slope,0.5,trotting,1000,0.6859962940216064,0.6859962940216064,0.43429043889045715,0.10620050132274628,0.20785567164421082,0.21644125878810883,1.4990923404693604,0.20785567164421082,0.06216353178024292,0.13035577535629272,0.05518395081162453,0.781137228012085,1.063079595565796,0.4432501494884491,0.33719491958618164,0.21644125878810883,0.08722014725208282,0.006849511060863733,0.0029273065738379955,0.2845649719238281,0.03334140405058861,102.0352783203125,66.09129333496094,34.156768798828125,65.46675109863281,223.3484344482422,0.08480322360992432,0.08341667056083679,0.7378320693969727,2.1008682250976562,0.9930000305175781,0.008685806766152382,0.01000003982335329,2.5,0.5,0.11999969929456711,0.3405381441116333,0.0,0.8816648721694946,0.6863523721694946,0.8417767286300659,0.5721772909164429,0.3198601007461548,0.8225460052490234,0.23594005405902863,0.7623014450073242,0.6431882381439209,0.6071828603744507,1.0,0.9922181367874146,0.9877659678459167,0.21350356936454773,0.24020859599113464,1.0,0.009000000543892384,0.003000000026077032,0.006000000052154064,0.993,0.7430332640986909,1.454537008614253,0.24932615542746997,0.2349126450654041,1.031057513219217,0.5806848711531769,0.2953305728367499,0.09887779141294434,0.04342903383076191,0.006571165286004543,234.94709803189858,0.9558883309364319,0.6259604096412659,0.8223934769630432,0.06441795080900192,0.5133342742919922,0.5660176873207092,0.5892413258552551,0.6589660048484802,0.9877659678459167,0.9939999999478459,0.7633787511700862
pacing,3,action_space,0.0,2.5,0.0,0.5,1.0,0.11999999731779099,-1.0,0.3400000035762787,1.0,0.03999999910593033,rough_slope_trot_robustness,rough_slope,0.5,trotting,1000,0.6756069660186768,0.6756069660186768,0.44165927171707153,0.09774002432823181,0.1934049427509308,0.1865186095237732,1.908827304840088,0.1934049427509308,0.055181972682476044,0.12113983929157257,0.049808651208877563,0.7971161603927612,0.9930931329727173,0.36862167716026306,0.2208981066942215,0.1865186095237732,0.06489160656929016,0.002907568123191595,0.002267193514853716,0.2629382908344269,0.02995227463543415,85.52070617675781,57.64502716064453,33.8932991027832,63.704315185546875,323.72613525390625,0.08716469258069992,0.04433333873748779,0.3860510289669037,0.93875652551651,0.9890000820159912,0.008833182975649834,0.01000003982335329,2.5,0.5,0.11999969929456711,0.3404781222343445,0.039520107209682465,0.8910388946533203,0.696465015411377,0.9072070121765137,0.6101361513137817,0.3313639163970947,0.8318682312965393,0.18694856762886047,0.7885892391204834,0.6392722129821777,0.6072793006896973,1.0,0.9930827617645264,0.987837553024292,0.10012809932231903,0.12718398869037628,1.0,0.00800000037997961,0.0010000000474974513,0.007000000216066837,0.989,0.39034478753594226,0.9742677791667268,0.23490843467716532,0.22317851869944286,0.9965405827023389,0.4699979858406007,0.25473830997572816,0.07193581610050248,0.04416591487824917,0.005834284238517284,193.6350296559441,0.9625084400177002,0.7061752080917358,0.9016803503036499,0.04917024075984955,0.5493357181549072,0.5910370349884033,0.7887550592422485,0.8011823892593384,0.987837553024292,0.9929999997839332,0.79659015229462
pacing,3,action_space,0.0,2.5,0.0,0.5,1.0,0.11999999731779099,0.0,0.3799999952316284,-1.0,-0.03999999910593033,rough_slope_trot_robustness,rough_slope,0.5,trotting,1000,0.6611117124557495,0.6611117124557495,0.4556728005409241,0.09916917979717255,0.21853423118591309,0.23558124899864197,1.776353120803833,0.21853423118591309,0.07237585633993149,0.1327657699584961,0.05224515497684479,0.920224130153656,1.2901618480682373,0.428120493888855,0.30524376034736633,0.23558124899864197,0.10811816155910492,0.014341292902827263,0.003328893566504121,0.2764132022857666,0.03461683914065361,104.04934692382812,69.6876220703125,34.18668746948242,64.39164733886719,392.14886474609375,0.09047848731279373,0.0676666721701622,0.5990160703659058,1.5552817583084106,0.9940000772476196,0.009113451465964317,0.01000003982335329,2.5,0.5,0.11999969929456711,0.3800007998943329,-0.03951841965317726,0.8771554231643677,0.6286770105361938,0.7308080196380615,0.564896821975708,0.29204827547073364,0.7731004953384399,0.18022248148918152,0.7419484853744507,0.6270535588264465,0.5942800641059875,1.0,0.9930828213691711,0.9891244173049927,0.2122417390346527,0.23614919185638428,1.0,0.00800000037997961,0.0020000000949949026,0.006000000052154064,0.994,0.6026318433059293,1.2508675525470423,0.26902761259753893,0.2285719907968708,1.1358529165645688,0.5524886970313205,0.32881326244405795,0.13292925362511965,0.04556725732982159,0.004432941786944866,228.34223767649135,0.9614256024360657,0.574080765247345,0.7022936344146729,0.03980071842670441,0.5004053711891174,0.5753214359283447,0.6762669086456299,0.7129575610160828,0.9891244173049927,0.9939999999478459,0.7424192021257784
pacing,3,action_space,0.0,2.5,0.0,0.5,1.0,0.11999999731779099,0.0,0.3799999952316284,0.0,0.0,rough_slope_trot_robustness,rough_slope,0.5,trotting,1000,0.707838773727417,0.707838773727417,0.4525100886821747,0.10866883397102356,0.21633602678775787,0.2295481264591217,1.8978545665740967,0.21633602678775787,0.06939014047384262,0.14603467285633087,0.06765421479940414,0.8148301839828491,1.0531628131866455,0.44316673278808594,0.3285922408103943,0.2295481264591217,0.10099014639854431,0.008491122163832188,0.003447099821642041,0.2771502137184143,0.037418633699417114,99.13444519042969,63.989830017089844,33.453243255615234,64.542236328125,163.05276489257812,0.08882112056016922,0.07975000143051147,0.710528552532196,1.9372206926345825,0.9840000867843628,0.009050202555954456,0.01000003982335329,2.5,0.5,0.11999969929456711,0.3800007998943329,0.0,0.8693958520889282,0.6442674398422241,0.8176455497741699,0.5699321031570435,0.30175381898880005,0.7847583293914795,0.18296830356121063,0.7218921184539795,0.6317294836044312,0.5958713293075562,1.0,0.9922181367874146,0.9893559217453003,0.4592435956001282,0.47766566276550293,1.0,0.009000000543892384,0.003000000026077032,0.006000000052154064,0.984,0.7220818124166349,1.4031108661463116,0.26342008365696534,0.26010423833418045,1.026237210973489,0.5732296579996488,0.3177894686715472,0.10926217088029246,0.04525101277977228,0.004749186336994171,219.07676241900947,0.9538626074790955,0.5904186367988586,0.7876003980636597,0.03741598129272461,0.4731358587741852,0.574474036693573,0.61129230260849,0.671158492565155,0.9893559217453003,0.9939999999478459,0.7493510638902846
pacing,3,action_space,0.0,2.5,0.0,0.5,1.0,0.11999999731779099,0.0,0.3799999952316284,1.0,0.03999999910593033,rough_slope_trot_robustness,rough_slope,0.5,trotting,1000,0.6836398243904114,0.6836398243904114,0.4433659613132477,0.10690058767795563,0.21533045172691345,0.235550194978714,1.327909231185913,0.21533045172691345,0.07080588489770889,0.14144796133041382,0.059531304985284805,0.9877442121505737,1.5396963357925415,0.4145522713661194,0.3088337481021881,0.235550194978714,0.10715088248252869,0.005238721612840891,0.0037796390242874622,0.2707250714302063,0.041583865880966187,110.37255859375,75.56423950195312,35.99243927001953,64.6173095703125,321.448486328125,0.08625125885009766,0.04841667041182518,0.62486732006073,1.4267559051513672,0.9920000433921814,0.008867318741977215,0.01000003982335329,2.5,0.5,0.11999969929456711,0.3800007998943329,0.03946014493703842,0.8727250099182129,0.6340363621711731,0.8593724966049194,0.5751547813415527,0.28491270542144775,0.7791875600814819,0.24823522567749023,0.7302634716033936,0.6419788002967834,0.6042401194572449,1.0,0.9922181367874146,0.9877659678459167,0.21350377798080444,0.24020980298519135,1.0,0.009000000543892384,0.0010000000474974513,0.00800000037997961,0.992,0.6299065620668473,1.1992755959391157,0.2660937520831876,0.24399037887852218,1.2408450087712573,0.5557281242677827,0.32733909403328026,0.09496504955576211,0.044336593709886074,0.005663605406880379,248.94233708611065,0.9553180932998657,0.5741647481918335,0.8349635601043701,0.06431084871292114,0.4353184998035431,0.5819038152694702,0.6979795098304749,0.7849907279014587,0.9877659678459167,0.9919999996200204,0.7620756369770357
pacing,3,action_space,0.0,2.5,0.0,0.5,1.0,0.11999999731779099,1.0,0.3799999952316284,-1.0,-0.03999999910593033,rough_slope_trot_robustness,rough_slope,0.5,trotting,1000,0.6476635336875916,0.6476635336875916,0.45388558506965637,0.09638440608978271,0.2234659641981125,0.2216346263885498,1.9894030094146729,0.2234659641981125,0.0764136016368866,0.1339743733406067,0.0645800530910492,0.9368366003036499,1.3833961486816406,0.4180775284767151,0.2825610041618347,0.2216346263885498,0.0871269702911377,0.011815391480922699,0.0037770275957882404,0.2956768274307251,0.03640689700841904,104.98698425292969,71.46884155273438,34.662322998046875,64.3228530883789,169.20266723632812,0.08502033352851868,0.07199999690055847,0.6591103076934814,1.7616215944290161,0.9950000047683716,0.009077712893486023,0.01000003982335329,2.5,0.5,0.11999969929456711,0.3800007998943329,-0.039400242269039154,0.8780644536018372,0.6428064107894897,0.7518413066864014,0.562996506690979,0.289928674697876,0.7894479036331177,0.17158126831054688,0.7621060609817505,0.6236300468444824,0.5812935829162598,1.0,0.991353452205658,0.9847970008850098,0.10247930139303207,0.13629117608070374,1.0,0.010000000707805157,0.0020000000949949026,0.00800000037997961,0.995,0.6624223411981784,1.3305915796329846,0.27643010262431006,0.2541260574814185,1.1761786210782954,0.5315646754270215,0.29517278040350825,0.12486960829886086,0.045388564467430115,0.004611634649336338,231.30715692770386,0.9635221362113953,0.6118800044059753,0.7320924997329712,0.029668336734175682,0.4828071594238281,0.5535774230957031,0.6423522233963013,0.6976763606071472,0.9847970008850098,0.9919999996200204,0.742657438753859
pacing,3,action_space,0.0,2.5,0.0,0.5,1.0,0.11999999731779099,1.0,0.3799999952316284,0.0,0.0,rough_slope_trot_robustness,rough_slope,0.5,trotting,1000,0.6711844205856323,0.6711844205856323,0.44394344091415405,0.11050619184970856,0.2155560851097107,0.24986255168914795,1.487746238708496,0.2155560851097107,0.06852559000253677,0.13774360716342926,0.0557461678981781,1.0631334781646729,1.6901360750198364,0.44729214906692505,0.33320242166519165,0.24986255168914795,0.1214611828327179,0.009622941724956036,0.0036296823527663946,0.28425121307373047,0.03582130745053291,103.6710205078125,67.35359954833984,33.515716552734375,64.36080932617188,259.7950439453125,0.09138770401477814,0.04133334010839462,0.4508592188358307,1.1471378803253174,0.9850000143051147,0.008878868073225021,0.01000003982335329,2.5,0.5,0.11999969929456711,0.3800007998943329,0.0,0.8709006309509277,0.6140186786651611,0.7941935062408447,0.5522798299789429,0.2802666425704956,0.7604439854621887,0.22736316919326782,0.7345669865608215,0.6300500631332397,0.5975586771965027,1.0,0.9930827617645264,0.9890740513801575,0.21244214475154877,0.2378162443637848,1.0,0.00800000037997961,0.0010000000474974513,0.007000000216066837,0.985,0.4577250679132297,1.0791695516464614,0.26177392918802433,0.23610626399606197,1.3000523354926279,0.5772368852258072,0.3485128158801594,0.11512004203318564,0.04439434036612511,0.005605858750641346,233.52303684076617,0.952327311038971,0.5356293320655823,0.7671657204627991,0.05736861005425453,0.48849496245384216,0.5663729906082153,0.7474022507667542,0.8132906556129456,0.9890740513801575,0.9929999997839332,0.7577669363174784
pacing,3,action_space,0.0,2.5,0.0,0.5,1.0,0.11999999731779099,1.0,0.3799999952316284,1.0,0.03999999910593033,rough_slope_trot_robustness,rough_slope,0.5,trotting,1000,0.6668638586997986,0.6668638586997986,0.4223715662956238,0.1104540079832077,0.20173798501491547,0.21483451128005981,1.4102861881256104,0.20173798501491547,0.05985916033387184,0.14182710647583008,0.06000462919473648,0.9107887744903564,1.2616662979125977,0.41817063093185425,0.30103424191474915,0.21483451128005981,0.08953174948692322,0.004290365613996983,0.00331033649854362,0.2712729275226593,0.030133966356515884,89.23536682128906,58.6553955078125,33.55006408691406,63.70311737060547,490.8860168457031,0.08951903879642487,0.025666669011116028,0.24696341156959534,0.5698965191841125,0.9890000820159912,0.008447432890534401,0.01000003982335329,2.5,0.5,0.11999969929456711,0.3800007998943329,0.03946010023355484,0.8687311410903931,0.6432801485061646,0.8657907247543335,0.5686208009719849,0.2827186584472656,0.7837468981742859,0.24349936842918396,0.7382953763008118,0.6334484815597534,0.5924851894378662,1.0,0.9922181367874146,0.9863172769546509,0.10130443423986435,0.13174229860305786,1.0,0.009000000543892384,0.0010000000474974513,0.00800000037997961,0.989,0.2497102218643358,0.7591014887000372,0.24466131760838664,0.24495842340025067,1.1232391988853476,0.5486658745673446,0.29921856474310415,0.08718200566940751,0.042237164452672005,0.007763034664094448,211.27219240613366,0.9523712396621704,0.6303130388259888,0.8589761853218079,0.07372087240219116,0.5473431944847107,0.5812665224075317,0.8658368587493896,0.879560112953186,0.9863172769546509,0.9919999996200204,0.7928908987362918
pacing,3,action_space,1.0,2.9000000953674316,0.0,0.5,-1.0,0.08999999612569809,-1.0,0.3400000035762787,-1.0,-0.03999999910593033,rough_slope_trot_robustness,rough_slope,0.5,trotting,1000,0.6416336297988892,0.6416336297988892,0.4550178647041321,0.10124830901622772,0.1895175576210022,0.22982820868492126,1.7753067016601562,0.1895175576210022,0.05204669013619423,0.13779909908771515,0.061920054256916046,0.8717050552368164,1.2313772439956665,0.3950658440589905,0.2785413861274719,0.22982820868492126,0.10196363925933838,0.017553173005580902,0.002674962393939495,0.2751970887184143,0.03487638756632805,99.70748138427734,65.45509338378906,33.96601867675781,65.57792663574219,329.64532470703125,0.07770179212093353,0.06849999725818634,0.559008002281189,1.3322267532348633,1.1390000581741333,0.009100356139242649,0.01000003982335329,2.8946123123168945,0.5,0.09040509164333344,0.3405382037162781,-0.03946012258529663,0.8905900716781616,0.639785647392273,0.7015695571899414,0.6003376245498657,0.307891309261322,0.7882652878761292,0.21796858310699463,0.7485439777374268,0.6343860626220703,0.5982269048690796,0.6300624012947083,0.9922181367874146,0.9849934577941895,0.04969235509634018,0.08181299269199371,1.0,0.010000000707805157,0.0,0.010000000707805157,1.139,0.4907883534418898,1.0815016892842884,0.22813743694578983,0.24883740526077675,1.1096743864736478,0.5277702020079117,0.3193174584317907,0.14222564958375264,0.045501780696213245,0.004498418420553207,219.12871805398345,0.9598244428634644,0.5896595120429993,0.6672685146331787,0.059830449521541595,0.49781450629234314,0.5767224431037903,0.7464613318443298,0.7099931240081787,0.9849934577941895,0.9899999992921948,0.7404600394105441
pacing,3,action_space,1.0,2.9000000953674316,0.0,0.5,-1.0,0.08999999612569809,-1.0,0.3400000035762787,0.0,0.0,rough_slope_trot_robustness,rough_slope,0.5,trotting,1000,0.6579471826553345,0.6579471826553345,0.44704151153564453,0.09554947167634964,0.19268260896205902,0.21819211542606354,1.6431944370269775,0.19268260896205902,0.05479716509580612,0.13182653486728668,0.05445835739374161,0.9535765647888184,1.4223036766052246,0.3765277862548828,0.26165294647216797,0.21819211542606354,0.08837702870368958,0.01083652675151825,0.002909745555371046,0.2748081684112549,0.0311778225004673,94.90986633300781,60.735076904296875,33.748268127441406,65.17799377441406,171.9696044921875,0.07337780296802521,0.08608333766460419,0.5501898527145386,1.3231852054595947,1.1430001258850098,0.00894082523882389,0.01000003982335329,2.8946127891540527,0.5,0.09040507674217224,0.3405382037162781,0.0,0.8924868106842041,0.6542086601257324,0.7824483513832092,0.6095747351646423,0.28621751070022583,0.7982721328735352,0.20572800934314728,0.7507736086845398,0.6442939043045044,0.5958492755889893,0.630062460899353,0.9922181367874146,0.9863173365592957,0.10130442678928375,0.13174229860305786,1.0,0.010000000707805157,0.0010000000474974513,0.009000000543892384,1.143,0.4813559224286417,1.0759378332375469,0.23408794308081338,0.23336314489169366,1.1926037382991992,0.5115202307555078,0.29728274202127775,0.11724449798130954,0.04470412619411945,0.005296072922646999,212.30660662134113,0.9641399383544922,0.6212150454521179,0.7596287727355957,0.0646260529756546,0.5360346436500549,0.5771712064743042,0.748704731464386,0.6502380967140198,0.9863173365592957,0.9909999994561076,0.7656556445811141
pacing,3,action_space,1.0,2.9000000953674316,0.0,0.5,-1.0,0.08999999612569809,-1.0,0.3400000035762787,1.0,0.03999999910593033,rough_slope_trot_robustness,rough_slope,0.5,trotting,1000,0.6694658994674683,0.6694658994674683,0.4453003406524658,0.09144753217697144,0.19545195996761322,0.22103086113929749,1.219900369644165,0.19545195996761322,0.056226711720228195,0.1335945427417755,0.06275779008865356,0.9335513710975647,1.3288391828536987,0.3910386860370636,0.2505568861961365,0.22103086113929749,0.08831906318664551,0.004851314704865217,0.0030533066019415855,0.2794981598854065,0.032866306602954865,91.48147583007812,59.65721130371094,34.262046813964844,64.7059326171875,391.4704284667969,0.07278445363044739,0.07441666722297668,0.49953535199165344,1.1228762865066528,1.1390000581741333,0.008906008675694466,0.01000003982335329,2.8940224647521973,0.5,0.09044932574033737,0.3405971825122833,0.03940112888813019,0.8967423439025879,0.6407526135444641,0.866567850112915,0.5977707505226135,0.29396551847457886,0.7886579036712646,0.2915990650653839,0.7578537464141846,0.6492732763290405,0.5924286246299744,0.6306154727935791,0.9913535118103027,0.9833266735076904,0.050677936524152756,0.08632491528987885,1.0,0.010000000707805157,0.0,0.010000000707805157,1.139,0.4385736078625713,0.9928967299436824,0.2371217234253922,0.25051504962507454,1.15275287154433,0.5005565764188264,0.29718523379644135,0.08890793725425646,0.04453004337847233,0.005470155738294125,205.4376955922312,0.9671027064323425,0.6135175824165344,0.8537708520889282,0.09590142220258713,0.5182352066040039,0.571782648563385,0.7815618515014648,0.6892967820167542,0.9833266735076904,0.9899999992921948,0.7877866340016848
pacing,3,action_space,1.0,2.9000000953674316,0.0,0.5,-1.0,0.08999999612569809,0.0,0.3799999952316284,-1.0,-0.03999999910593033,rough_slope_trot_robustness,rough_slope,0.5,trotting,1000,0.6496750712394714,0.6496750712394714,0.46665793657302856,0.0950140655040741,0.20218050479888916,0.2441728711128235,1.536622166633606,0.20218050479888916,0.058540649712085724,0.13383260369300842,0.060947664082050323,0.9420751929283142,1.3806588649749756,0.38827046751976013,0.23755015432834625,0.2441728711128235,0.10561604797840118,0.016189157962799072,0.0030462094582617283,0.2905820906162262,0.030757028609514236,103.6971435546875,71.09785461425781,34.087669372558594,64.65836334228516,411.9093933105469,0.07841068506240845,0.06400000303983688,0.5957021117210388,1.466867208480835,1.1410000324249268,0.009333157911896706,0.01000003982335329,2.8945839405059814,0.5,0.09040717035531998,0.3800007998943329,-0.0394572950899601,0.8896709680557251,0.6049988865852356,0.7058936953544617,0.5884302258491516,0.2854076027870178,0.7621182203292847,0.24980518221855164,0.7549341917037964,0.6389117240905762,0.5817568302154541,0.6300886869430542,0.9922181367874146,0.9863136410713196,0.10133592784404755,0.13199517130851746,1.0,0.009000000543892384,0.0010000000474974513,0.00800000037997961,1.141,0.522087719020459,1.1338420902518318,0.24195175079359463,0.24687580700030193,1.1750144105392817,0.4873911717792458,0.324986227367255,0.13869162707626154,0.04666578955948353,0.0033344095572829247,222.21232176228006,0.9645335078239441,0.5508989095687866,0.6806498169898987,0.06670768558979034,0.5405648946762085,0.5592468976974487,0.7251335382461548,0.7261490225791931,0.9863136410713196,0.9919999996200204,0.7496885330367246
pacing,3,action_space,1.0,2.9000000953674316,0.0,0.5,-1.0,0.08999999612569809,0.0,0.3799999952316284,0.0,0.0,rough_slope_trot_robustness,rough_slope,0.5,trotting,1000,0.6720556020736694,0.6720556020736694,0.46277815103530884,0.09079427272081375,0.2022155523300171,0.24604423344135284,1.6420528888702393,0.2022155523300171,0.05897442251443863,0.1547616720199585,0.07537809759378433,1.0313735008239746,1.642046570777893,0.4189187288284302,0.2880077362060547,0.24604423344135284,0.11164522171020508,0.01048783678561449,0.0036145655903965235,0.28374141454696655,0.033027395606040955,107.51484680175781,72.12234497070312,33.878623962402344,64.01840209960938,506.71063232421875,0.07554352283477783,0.07716666907072067,0.5630965232849121,1.3603415489196777,1.1390000581741333,0.009255558252334595,0.01000003982335329,2.894011974334717,0.5,0.09045007824897766,0.3800007998943329,0.0,0.894827663898468,0.6088323593139648,0.7803115844726562,0.5692689418792725,0.2656508982181549,0.7590152621269226,0.2252248227596283,0.7117761373519897,0.6400966644287109,0.5917295217514038,0.6306248903274536,0.991353452205658,0.9864065647125244,0.21479371190071106,0.24446886777877808,1.0,0.010000000707805157,0.0,0.010000000707805157,1.139,0.4943779601246982,1.0928539341798977,0.24284649990156051,0.2745507195288046,1.2814236499994422,0.5366635223359743,0.33413353873893753,0.11875353626739296,0.046277791261672974,0.003722407855093479,232.32481170779104,0.9675633311271667,0.5458682179450989,0.7542374730110168,0.05951414257287979,0.5165682435035706,0.5669507384300232,0.7418691515922546,0.6798838376998901,0.9864065647125244,0.9899999992921948,0.7615900444062917
pacing,3,action_space,1.0,2.9000000953674316,0.0,0.5,-1.0,0.08999999612569809,0.0,0.3799999952316284,1.0,0.03999999910593033,rough_slope_trot_robustness,rough_slope,0.5,trotting,1000,0.6612981557846069,0.6612981557846069,0.4525797367095947,0.09301915019750595,0.21619921922683716,0.24679183959960938,1.666724681854248,0.21619921922683716,0.0663558691740036,0.14012709259986877,0.06770395487546921,1.0519940853118896,1.702620267868042,0.3769713044166565,0.273800253868103,0.24679183959960938,0.11891187727451324,0.004544924013316631,0.004268817603588104,0.29514920711517334,0.03588715195655823,95.50460815429688,62.080299377441406,34.294105529785156,64.004150390625,306.7586975097656,0.07514646649360657,0.07225000858306885,0.5384490489959717,1.2222118377685547,1.1420000791549683,0.009051594883203506,0.01000003982335329,2.894011974334717,0.5,0.09045007824897766,0.3800007998943329,0.03940010443329811,0.8865828514099121,0.6126962304115295,0.8553228378295898,0.6178758144378662,0.2619595229625702,0.762220025062561,0.2054855227470398,0.7459153532981873,0.6279650330543518,0.5768110752105713,0.6306248903274536,0.991353452205658,0.9847970008850098,0.10248070955276489,0.13630059361457825,1.0,0.010000000707805157,0.003000000026077032,0.007000000216066837,1.142,0.47149658203125,1.03452302516611,0.25759632989234066,0.2601998364247549,1.3048449210032746,0.5232592606615797,0.3448360150484767,0.09388152968984227,0.04525797441601753,0.0047422247007489204,211.0227224237814,0.9659818410873413,0.543860673904419,0.8383875489234924,0.0500945970416069,0.4878520667552948,0.5541619062423706,0.7652448415756226,0.6968047618865967,0.9847970008850098,0.9929999997839332,0.7753814213271988
pacing,3,action_space,1.0,2.9000000953674316,0.0,0.5,-1.0,0.08999999612569809,1.0,0.3799999952316284,-1.0,-0.03999999910593033,rough_slope_trot_robustness,rough_slope,0.5,trotting,1000,0.6275690793991089,0.6275690793991089,0.460565447807312,0.09462622553110123,0.2102452516555786,0.24489155411720276,1.919285774230957,0.2102452516555786,0.06403815746307373,0.13265997171401978,0.05595920979976654,1.0406684875488281,1.732848882675171,0.3715243935585022,0.25323808193206787,0.24489155411720276,0.11013613641262054,0.018694285303354263,0.0041773561388254166,0.2952488660812378,0.040146321058273315,98.41725158691406,63.46539306640625,34.28364562988281,64.38185119628906,328.4676818847656,0.0772182047367096,0.07250001281499863,0.6263377070426941,1.5698587894439697,1.1420000791549683,0.00921130832284689,0.01000003982335329,2.8946123123168945,0.5,0.09040506184101105,0.3800007998943329,-0.03946014866232872,0.8857889175415039,0.6150467395782471,0.6709557771682739,0.6153709888458252,0.24790993332862854,0.7640855312347412,0.18266768753528595,0.748039186000824,0.6238457560539246,0.5755094289779663,0.6300622224807739,0.9922181367874146,0.9849935173988342,0.04969219118356705,0.08181164413690567,1.0,0.009000000543892384,0.0020000000949949026,0.007000000216066837,1.142,0.5484567832612741,1.1724578508954928,0.25305761688412726,0.2365569905958531,1.3163771810067093,0.5032276641164195,0.33186764893948395,0.15123373116530478,0.04605654161423445,0.003943657502532005,213.68787444968982,0.9648173451423645,0.5489659905433655,0.6329063177108765,0.040760211646556854,0.448015958070755,0.5540514588356018,0.709166944026947,0.6959342360496521,0.9849935173988342,0.9929999997839332,0.7246366179989358
pacing,3,action_space,1.0,2.9000000953674316,0.0,0.5,-1.0,0.08999999612569809,1.0,0.3799999952316284,0.0,0.0,rough_slope_trot_robustness,rough_slope,0.5,trotting,1000,0.6465078592300415,0.6465078592300415,0.453061580657959,0.0915076732635498,0.2131185382604599,0.2616993486881256,1.9579191207885742,0.2131185382604599,0.06630316376686096,0.13145343959331512,0.0570618137717247,1.0218391418457031,1.6277542114257812,0.38203322887420654,0.2657492756843567,0.2616993486881256,0.12687821686267853,0.00958416797220707,0.00425348337739706,0.30013900995254517,0.035248637199401855,96.43275451660156,61.931556701660156,34.375179290771484,64.36979675292969,463.20751953125,0.07382791489362717,0.08225000649690628,0.5848982930183411,1.4289166927337646,1.1449999809265137,0.009061231277883053,0.01000003982335329,2.895212173461914,0.5,0.09036008268594742,0.3800007998943329,0.0,0.8894340395927429,0.5896369814872742,0.7796046137809753,0.6114686727523804,0.25529226660728455,0.7425312995910645,0.15810295939445496,0.7560348510742188,0.6272203922271729,0.5731260776519775,0.6294999122619629,0.9930827617645264,0.9878376126289368,0.1001281589269638,0.12718398869037628,1.0,0.00800000037997961,0.0020000000949949026,0.006000000052154064,1.145,0.5108281697768832,1.117122201079719,0.2574940072445589,0.2388761473477934,1.2758347116401016,0.5155087542266927,0.3561996867807137,0.11763354687164768,0.045306156389415264,0.004694042727351189,212.8469034530737,0.9670600891113281,0.5041580200195312,0.7582417130470276,0.03747870773077011,0.4941220283508301,0.548659086227417,0.7319884896278381,0.6628211736679077,0.9878376126289368,0.9939999999478459,0.7573907854231565
pacing,3,action_space,1.0,2.9000000953674316,0.0,0.5,-1.0,0.08999999612569809,1.0,0.3799999952316284,1.0,0.03999999910593033,rough_slope_trot_robustness,rough_slope,0.5,trotting,1000,0.6600296497344971,0.6600296497344971,0.45062607526779175,0.09768795967102051,0.1999492049217224,0.23187053203582764,1.8547236919403076,0.1999492049217224,0.05828829109668732,0.13647298514842987,0.056571248918771744,0.9414538145065308,1.4037017822265625,0.3975948095321655,0.27668696641921997,0.23187053203582764,0.10037453472614288,0.004227832891047001,0.0027096066623926163,0.2741185426712036,0.03194832056760788,96.93681335449219,63.46563720703125,34.243743896484375,65.21055603027344,186.9812469482422,0.07582175731658936,0.07183333486318588,0.5406332015991211,1.245138168334961,1.1419999599456787,0.009012522175908089,0.01000003982335329,2.894822359085083,0.5,0.09038933366537094,0.3800007998943329,0.03948112204670906,0.88960862159729,0.6339926719665527,0.8800368309020996,0.5958969593048096,0.2911895513534546,0.7804831266403198,0.18711814284324646,0.7441476583480835,0.6418076753616333,0.6001731157302856,0.6298655867576599,0.9922181367874146,0.9852628707885742,0.04949150234460831,0.07919829338788986,1.0,0.009000000543892384,0.0,0.009000000543892384,1.142,0.4734090881882115,1.0441807468515956,0.241429681474104,0.23784711248777385,1.1847792124385719,0.526010424249577,0.31681940396090463,0.08329129338315991,0.04506261087954044,0.004937588237226009,215.11585475138327,0.9625476002693176,0.5841255187988281,0.8704466819763184,0.04877733811736107,0.5278376936912537,0.5779678225517273,0.7614137530326843,0.6982579827308655,0.9852628707885742,0.9909999994561076,0.7852397556661775
pacing,3,action_space,1.0,2.9000000953674316,0.0,0.5,0.0,0.11999999731779099,-1.0,0.3400000035762787,-1.0,-0.03999999910593033,rough_slope_trot_robustness,rough_slope,0.5,trotting,1000,0.6522683501243591,0.6522683501243591,0.4597373604774475,0.08776741474866867,0.18906107544898987,0.21904945373535156,2.0059237480163574,0.18906107544898987,0.05250820517539978,0.1316046416759491,0.05493294075131416,0.9096806049346924,1.3005945682525635,0.3725065290927887,0.2282201051712036,0.21904945373535156,0.08952780067920685,0.01487015187740326,0.002899580867961049,0.2912372648715973,0.03204894810914993,118.20291900634766,85.7944564819336,33.86979675292969,65.66658782958984,285.2585754394531,0.08484887331724167,0.059000007808208466,0.6603711843490601,1.8823421001434326,1.1440000534057617,0.009194744750857353,0.01000003982335329,2.894611358642578,0.5,0.11999969929456711,0.3405383229255676,-0.03946009278297424,0.9009624719619751,0.6514466404914856,0.7264699935913086,0.6174359321594238,0.3000772297382355,0.7980517148971558,0.18070796132087708,0.7510538697242737,0.6549626588821411,0.5834283828735352,1.0,0.9922181367874146,0.9863172769546509,0.10130445659160614,0.13174234330654144,1.0,0.009000000543892384,0.0020000000949949026,0.007000000216066837,1.144,0.577247566276497,1.2827329737738347,0.22914668920889908,0.23437777358639228,1.1404361307204203,0.47772387963257984,0.29921196613639445,0.1333031610479073,0.045973723754286766,0.004026475362479687,257.1096655786062,0.9696574211120605,0.6188907027244568,0.7008967995643616,0.04707147926092148,0.5267764925956726,0.5585145950317383,0.6627542972564697,0.7445315718650818,0.9863172769546509,0.9929999997839332,0.7471762344143108
pacing,3,action_space,1.0,2.9000000953674316,0.0,0.5,0.0,0.11999999731779099,-1.0,0.3400000035762787,0.0,0.0,rough_slope_trot_robustness,rough_slope,0.5,trotting,1000,0.6781822443008423,0.6781822443008423,0.458545446395874,0.09046786278486252,0.1879003643989563,0.22648200392723083,1.789575219154358,0.1879003643989563,0.050883300602436066,0.1354290246963501,0.053970180451869965,0.9542808532714844,1.4297120571136475,0.3912947177886963,0.29190829396247864,0.22648200392723083,0.09419693052768707,0.009868067689239979,0.0025543407537043095,0.2783953845500946,0.038060665130615234,112.77886962890625,77.55259704589844,34.015594482421875,65.63438415527344,431.89208984375,0.08848223835229874,0.06366667151451111,0.6893477439880371,1.9445669651031494,1.1440000534057617,0.009170912206172943,0.01000003982335329,2.895212173461914,0.5,0.11999969929456711,0.34047824144363403,0.0,0.9007078409194946,0.6388881206512451,0.8042588233947754,0.6120251417160034,0.2910090982913971,0.7846435308456421,0.22191455960273743,0.7410049438476562,0.6438735723495483,0.5928436517715454,1.0,0.9930827617645264,0.9891253113746643,0.21221432089805603,0.2359544038772583,1.0,0.009000000543892384,0.0010000000474974513,0.00800000037997961,1.144,0.6025767293009725,1.3037623389553654,0.22557327102836466,0.23231483046045504,1.1957056732798617,0.5402853819626056,0.30691518458311423,0.11145585871969355,0.045854561030864716,0.004145638085901737,245.9491649417479,0.9677923321723938,0.5987321138381958,0.7800102829933167,0.060371316969394684,0.4670993387699127,0.5730451345443726,0.6538031101226807,0.7273602485656738,0.9891253113746643,0.9919999996200204,0.7550446801377754
pacing,3,action_space,1.0,2.9000000953674316,0.0,0.5,0.0,0.11999999731779099,-1.0,0.3400000035762787,1.0,0.03999999910593033,rough_slope_trot_robustness,rough_slope,0.5,trotting,1000,0.6672821044921875,0.6672821044921875,0.4521942436695099,0.09285224229097366,0.2057875692844391,0.21827305853366852,1.4018917083740234,0.2057875692844391,0.06269840896129608,0.13143154978752136,0.05938713997602463,1.02943754196167,1.5927319526672363,0.36457985639572144,0.2461429089307785,0.21827305853366852,0.09246651083230972,0.005447339732199907,0.003977779299020767,0.295822411775589,0.03731665015220642,107.18512725830078,73.9801254272461,34.256954193115234,65.7359848022461,296.7917175292969,0.0819275975227356,0.0677499994635582,0.6557594537734985,1.6641607284545898,1.1420000791549683,0.009043887257575989,0.01000003982335329,2.8940157890319824,0.5,0.11999969929456711,0.340597927570343,0.03940047696232796,0.8886287212371826,0.6532530784606934,0.8463059067726135,0.6320523023605347,0.2550557255744934,0.7954491972923279,0.2528451979160309,0.759443998336792,0.6470541954040527,0.576809287071228,1.0,0.9913535118103027,0.9847970008850098,0.10247676074504852,0.13627362251281738,1.0,0.010000000707805157,0.004000000189989805,0.006000000052154064,1.142,0.5742201395919987,1.2071592641742244,0.25039650349255294,0.2436947680522186,1.2620348460590287,0.4961279158954659,0.3040830656782941,0.09708305223477821,0.045219436287879944,0.004780762828886509,237.0333739512128,0.9661017060279846,0.6209955811500549,0.8281985521316528,0.07023841142654419,0.4741019010543823,0.5534162521362305,0.69467693567276,0.7126606106758118,0.9847970008850098,0.9939999999478459,0.7693305259178344
pacing,3,action_space,1.0,2.9000000953674316,0.0,0.5,0.0,0.11999999731779099,0.0,0.3799999952316284,-1.0,-0.03999999910593033,rough_slope_trot_robustness,rough_slope,0.5,trotting,1000,0.6534826755523682,0.6534826755523682,0.47016775608062744,0.0920831561088562,0.20723187923431396,0.24862262606620789,1.5871832370758057,0.20723187923431396,0.062442947179079056,0.1422635316848755,0.06289461255073547,1.1253151893615723,1.9493850469589233,0.37039804458618164,0.23917806148529053,0.24862262606620789,0.12410280108451843,0.018705669790506363,0.004212961532175541,0.3052077293395996,0.039315685629844666,112.85899353027344,76.37614440917969,33.4442024230957,64.47673034667969,304.165283203125,0.09283775091171265,0.049916669726371765,0.6502770781517029,1.8748059272766113,1.1430001258850098,0.00940334890037775,0.01000003982335329,2.8946125507354736,0.5,0.11999969929456711,0.3800007998943329,-0.03946012258529663,0.8875910639762878,0.6186270117759705,0.6682484149932861,0.6235467195510864,0.23121967911720276,0.7680068016052246,0.22630661725997925,0.7253027558326721,0.6286966800689697,0.5643007755279541,1.0,0.9922181367874146,0.9877659678459167,0.21350401639938354,0.2402116358280182,1.0,0.009000000543892384,0.003000000026077032,0.006000000052154064,1.143,0.5689212935907426,1.280722506404269,0.24988586830607099,0.25078798326621526,1.3962037985046893,0.4890583415966755,0.35228227472371987,0.1513890066110545,0.04701674450188875,0.002983454614877701,240.0398412495978,0.9666514992713928,0.5389502048492432,0.6323118209838867,0.058657363057136536,0.455520898103714,0.5431251525878906,0.663608729839325,0.7791253328323364,0.9877659678459167,0.9939999999478459,0.7250909978327782
pacing,3,action_space,1.0,2.9000000953674316,0.0,0.5,0.0,0.11999999731779099,0.0,0.3799999952316284,0.0,0.0,rough_slope_trot_robustness,rough_slope,0.5,trotting,1000,0.7151066660881042,0.7151066660881042,0.4580634832382202,0.09796708822250366,0.1960279941558838,0.22548870742321014,1.456221342086792,0.1960279941558838,0.05610013008117676,0.14666157960891724,0.06536269187927246,1.0048407316207886,1.6055388450622559,0.40729010105133057,0.2991001009941101,0.22548870742321014,0.09329605847597122,0.00741227064281702,0.0033034542575478554,0.2800165116786957,0.03110603801906109,117.77262115478516,82.44828033447266,33.59988784790039,65.88168334960938,236.62979125976562,0.08878977596759796,0.05558333918452263,0.5453368425369263,1.4140369892120361,1.1400001049041748,0.0091612683609128,0.01000003982335329,2.894021987915039,0.5,0.11999969929456711,0.3800007998943329,0.0,0.8905400037765503,0.649809718132019,0.8257250785827637,0.5942758321762085,0.2709730863571167,0.7913855314254761,0.24205145239830017,0.7211105823516846,0.6435469388961792,0.594982385635376,1.0,0.991353452205658,0.9881733059883118,0.4603271484375,0.4806921184062958,1.0,0.010000000707805157,0.0010000000474974513,0.009000000543892384,1.14,0.4783656070106908,1.1137249760138697,0.23685466024796042,0.25566128349688083,1.2670985932682017,0.5469004488881959,0.3054440349327045,0.10351678559714302,0.045806341804564,0.004193857312202454,257.1098231236573,0.9623373746871948,0.6014261245727539,0.8070945143699646,0.07590870559215546,0.5368047952651978,0.5711901783943176,0.733376681804657,0.7573599219322205,0.9881733059883118,0.9909999994561076,0.7748775191507058
pacing,3,action_space,1.0,2.9000000953674316,0.0,0.5,0.0,0.11999999731779099,0.0,0.3799999952316284,1.0,0.03999999910593033,rough_slope_trot_robustness,rough_slope,0.5,trotting,1000,0.6721316576004028,0.6721316576004028,0.45630115270614624,0.08806543797254562,0.20874862372875214,0.2544054388999939,1.8158833980560303,0.20874862372875214,0.06358146667480469,0.142496258020401,0.06163640320301056,1.0926923751831055,1.840895652770996,0.39017602801322937,0.2581305205821991,0.2544054388999939,0.1122945100069046,0.005583955906331539,0.003930229693651199,0.2964150309562683,0.0362820029258728,107.5164566040039,70.75439453125,34.061058044433594,65.02030944824219,267.13677978515625,0.08501191437244415,0.06000000238418579,0.6840275526046753,1.9166301488876343,1.1440000534057617,0.009126024320721626,0.01000003982335329,2.8946125507354736,0.5,0.11999969929456711,0.3800007998943329,0.03946009278297424,0.8937557935714722,0.5987361669540405,0.8466528654098511,0.6017679572105408,0.24792823195457458,0.7522290945053101,0.17011013627052307,0.7246359586715698,0.6287518739700317,0.5744599103927612,1.0,0.9922181367874146,0.9877659678459167,0.21350401639938354,0.24021165072917938,1.0,0.009000000543892384,0.0020000000949949026,0.007000000216066837,1.144,0.5979261064862872,1.294363158120195,0.2521536568737497,0.2482667984306612,1.3567960984506833,0.508065468795311,0.3351037302193227,0.0975406868951759,0.04563012160360813,0.004370077513158321,235.62609028350082,0.9694541692733765,0.5234984159469604,0.8267245292663574,0.04561527073383331,0.4840146601200104,0.5527607202529907,0.6578068137168884,0.740818202495575,0.9877659678459167,0.9929999997839332,0.7658571818059212
pacing,3,action_space,1.0,2.9000000953674316,0.0,0.5,0.0,0.11999999731779099,1.0,0.3799999952316284,-1.0,-0.03999999910593033,rough_slope_trot_robustness,rough_slope,0.5,trotting,1000,0.6457175016403198,0.6457175016403198,0.450944721698761,0.09938855469226837,0.20175330340862274,0.23670899868011475,1.6663023233413696,0.20175330340862274,0.05931728333234787,0.13206630945205688,0.05595984309911728,1.0520628690719604,1.6652069091796875,0.3850864768028259,0.27647078037261963,0.23670899868011475,0.09980790317058563,0.014671940356492996,0.003559710457921028,0.30597105622291565,0.035746727138757706,115.18168640136719,81.27806091308594,33.642608642578125,65.12352752685547,212.20358276367188,0.08618348836898804,0.07366667687892914,0.5797207355499268,1.5615668296813965,1.1400001049041748,0.009018891490995884,0.01000003982335329,2.8948516845703125,0.5,0.11999969929456711,0.3800007998943329,-0.03948410600423813,0.8854233026504517,0.6233009696006775,0.7210959196090698,0.6181869506835938,0.24922098219394684,0.7753257751464844,0.21008619666099548,0.7504818439483643,0.641174852848053,0.5678222179412842,1.0,0.9930827617645264,0.9873132705688477,0.1007140502333641,0.13083308935165405,1.0,0.00800000037997961,0.0010000000474974513,0.007000000216066837,1.14,0.5085269325657895,1.170382638934225,0.2435513977220165,0.23655832916876396,1.2904289632442723,0.5258048881216488,0.31592388825567724,0.13502463039910173,0.04509445745497942,0.004905741661787033,255.42307262731546,0.9612581133842468,0.5710311532020569,0.6944514513015747,0.05769135057926178,0.4892241358757019,0.5422966480255127,0.7100294232368469,0.6918864846229553,0.9873132705688477,0.9929999997839332,0.7432018037591326
pacing,3,action_space,1.0,2.9000000953674316,0.0,0.5,0.0,0.11999999731779099,1.0,0.3799999952316284,0.0,0.0,rough_slope_trot_robustness,rough_slope,0.5,trotting,1000,0.670494556427002,0.670494556427002,0.45565035939216614,0.09878508001565933,0.20592179894447327,0.24286800622940063,1.640298843383789,0.20592179894447327,0.06176656484603882,0.14381423592567444,0.068437859416008,1.0403904914855957,1.645185947418213,0.39054250717163086,0.27414417266845703,0.24286800622940063,0.11548998206853867,0.00983981043100357,0.0038679628632962704,0.2997782230377197,0.0340978167951107,113.55760192871094,75.98434448242188,33.900455474853516,64.77079772949219,244.16900634765625,0.08875467628240585,0.06991667300462723,0.7116576433181763,2.0447916984558105,1.1430000066757202,0.009113005362451077,0.01000003982335329,2.894040584564209,0.5,0.11999969929456711,0.3800007998943329,0.0,0.8839350342750549,0.61447674036026,0.7874752283096313,0.6266981959342957,0.2504812479019165,0.7668936252593994,0.21880489587783813,0.7323354482650757,0.6424920558929443,0.5718994140625,1.0,0.9913535118103027,0.9864090085029602,0.21474763751029968,0.2441290020942688,1.0,0.010000000707805157,0.0020000000949949026,0.00800000037997961,1.143,0.6226225658560258,1.3375235169507174,0.24852880083812987,0.26160630614724867,1.2826480216404705,0.5235877888840199,0.3398381704113572,0.11708020026588543,0.04556502681225538,0.00443517230451107,249.22092035699447,0.9617180228233337,0.5544111728668213,0.7602138519287109,0.05638059973716736,0.5056268572807312,0.5490550994873047,0.6393889784812927,0.7049817442893982,0.9864090085029602,0.9919999996200204,0.7533998742797656
pacing,3,action_space,1.0,2.9000000953674316,0.0,0.5,0.0,0.11999999731779099,1.0,0.3799999952316284,1.0,0.03999999910593033,rough_slope_trot_robustness,rough_slope,0.5,trotting,1000,0.6766499280929565,0.6766499280929565,0.4548819661140442,0.08895493298768997,0.19378036260604858,0.230833500623703,1.5727368593215942,0.19378036260604858,0.05539201200008392,0.13794070482254028,0.057140178978443146,0.946986198425293,1.4227272272109985,0.3943679928779602,0.26059702038764954,0.230833500623703,0.09347102046012878,0.0038352706469595432,0.002626759000122547,0.28963398933410645,0.03745868802070618,115.01370239257812,81.61003112792969,33.79924774169922,65.41423034667969,242.6197967529297,0.08737462759017944,0.055916670709848404,0.6444390416145325,1.7294127941131592,1.1420000791549683,0.009097637608647346,0.01000003982335329,2.895212411880493,0.5,0.11999969929456711,0.3800007998943329,0.03952012211084366,0.8991510272026062,0.6281259059906006,0.8905285000801086,0.594475507736206,0.30119389295578003,0.7797918319702148,0.25865286588668823,0.7331478595733643,0.6471025943756104,0.584796667098999,1.0,0.9930827617645264,0.987837553024292,0.10012812912464142,0.1271839737892151,1.0,0.00800000037997961,0.0010000000474974513,0.007000000216066837,1.142,0.5643073781776762,1.2305981479754344,0.23535507642726536,0.23904012001846708,1.1927812989861128,0.5104870423308016,0.30573030674129903,0.08038675044484689,0.04548818804323673,0.00451201107352972,252.84295918590638,0.9688437581062317,0.5869351029396057,0.8787625432014465,0.0685236006975174,0.4727570116519928,0.5603083968162537,0.6848243474960327,0.7560986876487732,0.987837553024292,0.9929999997839332,0.7786908743314838
pacing,3,action_space,1.0,2.9000000953674316,0.0,0.5,1.0,0.11999999731779099,-1.0,0.3400000035762787,-1.0,-0.03999999910593033,rough_slope_trot_robustness,rough_slope,0.5,trotting,1000,0.6428698301315308,0.6428698301315308,0.45488160848617554,0.09452471882104874,0.18924278020858765,0.22688846290111542,1.8481910228729248,0.18924278020858765,0.05324556678533554,0.12546080350875854,0.044483285397291183,0.9184114933013916,1.286785364151001,0.3837699294090271,0.26056069135665894,0.22688846290111542,0.09262265264987946,0.01712523214519024,0.0026364552322775126,0.28544992208480835,0.03569673001766205,112.9725341796875,78.79683685302734,33.65205383300781,65.64110565185547,175.8947296142578,0.08969202637672424,0.05491667240858078,0.7331962585449219,2.095978021621704,1.1450001001358032,0.00909763015806675,0.01000003982335329,2.8956050872802734,0.5,0.11999969929456711,0.34043896198272705,-0.03955937176942825,0.8980087041854858,0.6381406784057617,0.7100396156311035,0.6144840121269226,0.2933804392814636,0.7858157753944397,0.20817071199417114,0.7530016899108887,0.6493535041809082,0.5867776870727539,1.0,0.9939475059509277,0.9881900548934937,0.04787153750658035,0.0751555934548378,1.0,0.007000000216066837,0.0010000000474974513,0.006000000052154064,1.145,0.6403459973730895,1.352977640427485,0.2307500092856673,0.2109106099685153,1.1343656219010698,0.5104514583745049,0.30433969943121036,0.14057626889865782,0.04548815079033375,0.004512048326432705,248.35590639871052,0.9648914337158203,0.5976298451423645,0.6735225915908813,0.054306987673044205,0.489713579416275,0.5650168061256409,0.6327770352363586,0.7598886489868164,0.9881900548934937,0.9939999999478459,0.7348205467293921
pacing,3,action_space,1.0,2.9000000953674316,0.0,0.5,1.0,0.11999999731779099,-1.0,0.3400000035762787,0.0,0.0,rough_slope_trot_robustness,rough_slope,0.5,trotting,1000,0.6679549813270569,0.6679549813270569,0.4566963315010071,0.09407471120357513,0.18907013535499573,0.19662249088287354,1.3937335014343262,0.18907013535499573,0.052218638360500336,0.1290634274482727,0.05438389629125595,0.9403601884841919,1.3863048553466797,0.37576156854629517,0.2588309943675995,0.19662249088287354,0.07223235070705414,0.009226006455719471,0.0026363739743828773,0.28680598735809326,0.03209307789802551,110.87216186523438,77.70159912109375,34.003631591796875,66.03887176513672,277.98626708984375,0.08827956020832062,0.052000001072883606,0.7182310819625854,2.0630955696105957,1.1460001468658447,0.009133929386734962,0.01000003982335329,2.894587516784668,0.5,0.11999969929456711,0.34054070711135864,0.0,0.8966177701950073,0.6877059936523438,0.8066806197166443,0.6185186505317688,0.29161182045936584,0.8205512762069702,0.2610980272293091,0.7572174072265625,0.6493029594421387,0.5840580463409424,1.0,0.9922181367874146,0.9863137006759644,0.10133194923400879,0.13196805119514465,1.0,0.009000000543892384,0.0020000000949949026,0.007000000216066837,1.146,0.626728637056201,1.3417369453995396,0.22851397847943644,0.23320355119778075,1.1774144789948353,0.5087543556251872,0.2687607685415677,0.10891455563928243,0.04566964693367481,0.0043305521830916405,242.76998569450933,0.9652190804481506,0.679360032081604,0.7887959480285645,0.0873260647058487,0.5263117551803589,0.5634864568710327,0.6375870108604431,0.7710515856742859,0.9863137006759644,0.9929999997839332,0.7659939972095584
pacing,3,action_space,1.0,2.9000000953674316,0.0,0.5,1.0,0.11999999731779099,-1.0,0.3400000035762787,1.0,0.03999999910593033,rough_slope_trot_robustness,rough_slope,0.5,trotting,1000,0.6630651950836182,0.6630651950836182,0.44349074363708496,0.09576262533664703,0.1917625069618225,0.20684248208999634,1.6798994541168213,0.1917625069618225,0.05342339724302292,0.1330154985189438,0.05587124079465866,0.9833582639694214,1.558640718460083,0.358603835105896,0.2560993432998657,0.20684248208999634,0.07980608940124512,0.005000079516321421,0.0030408005695790052,0.2795569896697998,0.03620940446853638,109.5533447265625,75.23057556152344,33.699188232421875,65.71260070800781,418.4049072265625,0.08837779611349106,0.05533333122730255,0.6242222785949707,1.6594884395599365,1.1410000324249268,0.008869810029864311,0.01000003982335329,2.8946592807769775,0.5,0.11999969929456711,0.3405334949493408,0.039464809000492096,0.8942962884902954,0.6691161394119263,0.8641726970672607,0.634002685546875,0.2930396497249603,0.8104764819145203,0.21297228336334229,0.744418740272522,0.6498575210571289,0.5915482044219971,1.0,0.9922181367874146,0.9850069284439087,0.04965941607952118,0.08146654814481735,1.0,0.009000000543892384,0.003000000026077032,0.006000000052154064,1.141,0.5470834610025471,1.2059916162832185,0.23113501950812845,0.23637098128716785,1.248455332985559,0.5060625883226952,0.28249971575427313,0.08967095452765307,0.044349050149321556,0.005651148967444897,247.02509871595342,0.9639827013015747,0.6519169211387634,0.851447343826294,0.06403232365846634,0.4847179651260376,0.5717154145240784,0.6951664686203003,0.7583072185516357,0.9850069284439087,0.9939999999478459,0.7741930179395958
pacing,3,action_space,1.0,2.9000000953674316,0.0,0.5,1.0,0.11999999731779099,0.0,0.3799999952316284,-1.0,-0.03999999910593033,rough_slope_trot_robustness,rough_slope,0.5,trotting,1000,0.6467549800872803,0.6467549800872803,0.4553321599960327,0.09359799325466156,0.1992131769657135,0.24619406461715698,1.6350303888320923,0.1992131769657135,0.05765867978334427,0.13603535294532776,0.05052096024155617,1.0105347633361816,1.5737943649291992,0.41388294100761414,0.3239845335483551,0.24619406461715698,0.10569984465837479,0.015679486095905304,0.0032571253832429647,0.29273074865341187,0.03476491943001747,115.62094116210938,79.89979553222656,33.78755187988281,65.83600616455078,177.88426208496094,0.08789278566837311,0.059666670858860016,0.6791943311691284,1.985914945602417,1.1460001468658447,0.009106645360589027,0.01000003982335329,2.8952102661132812,0.5,0.11999969929456711,0.3800007998943329,-0.03951989859342575,0.8937214016914368,0.6076741218566895,0.715065598487854,0.589307427406311,0.26583996415138245,0.7603801488876343,0.21122294664382935,0.72954261302948,0.6432377696037292,0.5802831649780273,1.0,0.9930827617645264,0.987837553024292,0.10013047605752945,0.12720009684562683,1.0,0.00800000037997961,0.0,0.00800000037997961,1.146,0.5926651613458497,1.3164003734475334,0.24012221842916634,0.22476868162970606,1.2545096113339265,0.5691963927752486,0.325115125237776,0.13761036108937535,0.04553322680294514,0.004466972313821316,253.92658661122636,0.9655645489692688,0.5454658269882202,0.6847289204597473,0.06153162941336632,0.4989255666732788,0.5568488240242004,0.6484130024909973,0.7420539259910583,0.987837553024292,0.9919999996200204,0.7396667025689232
pacing,3,action_space,1.0,2.9000000953674316,0.0,0.5,1.0,0.11999999731779099,0.0,0.3799999952316284,0.0,0.0,rough_slope_trot_robustness,rough_slope,0.5,trotting,1000,0.6790083646774292,0.6790083646774292,0.445806086063385,0.09437860548496246,0.19854584336280823,0.22932496666908264,1.5798355340957642,0.19854584336280823,0.05819108337163925,0.1431836187839508,0.06778731942176819,0.9700764417648315,1.4699960947036743,0.4160158336162567,0.2897261679172516,0.22932496666908264,0.09515039622783661,0.007378480862826109,0.003240336198359728,0.2838766276836395,0.041719455271959305,116.83060455322266,80.94666290283203,34.283843994140625,65.87724304199219,407.5721435546875,0.08534632623195648,0.06125000864267349,0.7051447629928589,1.8766059875488281,1.1470000743865967,0.008916120044887066,0.01000003982335329,2.894029140472412,0.5,0.11999969929456711,0.3800007998943329,0.0,0.8930708169937134,0.6322721242904663,0.8289545774459839,0.5755736827850342,0.2846834659576416,0.7822290658950806,0.2057906985282898,0.7365798354148865,0.6442484855651855,0.5931459665298462,1.0,0.991353452205658,0.986407458782196,0.21476629376411438,0.24427403509616852,1.0,0.010000000707805157,0.004000000189989805,0.006000000052154064,1.147,0.614773019459732,1.2791009937649318,0.24122828062157067,0.26035998045354086,1.2124339547800838,0.5382621739610276,0.3084645785626554,0.10304764461736055,0.04458060022443533,0.005419598892331123,262.0659703972987,0.9649979472160339,0.5910235643386841,0.8086603283882141,0.06433463841676712,0.434139609336853,0.5667974352836609,0.6642977595329285,0.7362025380134583,0.986407458782196,0.9939999999478459,0.7573346049083692
pacing,3,action_space,1.0,2.9000000953674316,0.0,0.5,1.0,0.11999999731779099,0.0,0.3799999952316284,1.0,0.03999999910593033,rough_slope_trot_robustness,rough_slope,0.5,trotting,1000,0.658290684223175,0.658290684223175,0.4577409625053406,0.08278019726276398,0.21526789665222168,0.2678196132183075,1.6286616325378418,0.21526789665222168,0.0682617723941803,0.14112401008605957,0.05651732534170151,1.1641285419464111,2.027010202407837,0.349653422832489,0.2144860029220581,0.2678196132183075,0.12527723610401154,0.00489080511033535,0.0042778970673680305,0.305204838514328,0.036629341542720795,110.80196380615234,74.41273498535156,33.890445709228516,65.40640258789062,200.0813446044922,0.08504213392734528,0.057750001549720764,0.6441453695297241,1.770035743713379,1.1449999809265137,0.009154817089438438,0.01000003982335329,2.8948426246643066,0.5,0.11999969929456711,0.3800007998943329,0.039483144879341125,0.8967050313949585,0.5728815793991089,0.8472319841384888,0.6347030997276306,0.23384737968444824,0.7317792177200317,0.20475447177886963,0.7208868861198425,0.6358577013015747,0.5652443766593933,1.0,0.9922181367874146,0.9867652654647827,0.10088296234607697,0.1299237608909607,1.0,0.009000000543892384,0.0010000000474974513,0.00800000037997961,1.145,0.5625723892944869,1.2433352962814406,0.2612695397366105,0.23773372781686133,1.423731085004411,0.46312633581136164,0.35394524449978354,0.09575334029527838,0.04577408544719219,0.004226113669574261,242.06259190722872,0.9729620218276978,0.4880812168121338,0.8324567079544067,0.05009185150265694,0.4806639552116394,0.5431283116340637,0.6794506311416626,0.7491995096206665,0.9867652654647827,0.9919999996200204,0.7690104542692242
pacing,3,action_space,1.0,2.9000000953674316,0.0,0.5,1.0,0.11999999731779099,1.0,0.3799999952316284,-1.0,-0.03999999910593033,rough_slope_trot_robustness,rough_slope,0.5,trotting,1000,0.6330769062042236,0.6330769062042236,0.4627355635166168,0.09699712693691254,0.2052939236164093,0.2730374038219452,1.4974238872528076,0.2052939236164093,0.0634143054485321,0.1525280773639679,0.06548762321472168,1.102183222770691,1.8402870893478394,0.4176540672779083,0.31154000759124756,0.2730374038219452,0.13862228393554688,0.018152780830860138,0.004106046166270971,0.30928775668144226,0.04205195605754852,119.61776733398438,80.72149658203125,34.37871551513672,65.19713592529297,538.0574340820312,0.08851046860218048,0.050583336502313614,0.6905378103256226,1.9496846199035645,1.1370000839233398,0.00925470981746912,0.01000003982335329,2.8946170806884766,0.5,0.11999969929456711,0.3800007998943329,-0.03946056216955185,0.884443998336792,0.5710132122039795,0.6794456243515015,0.5836170315742493,0.2406853437423706,0.727603554725647,0.242814302444458,0.6980448961257935,0.6372020244598389,0.5668790936470032,1.0,0.9922181367874146,0.9849938154220581,0.04968923702836037,0.08179037272930145,1.0,0.009000000543892384,0.0020000000949949026,0.007000000216066837,1.137,0.6073330868307498,1.3094892726052252,0.2518219717350575,0.2559054966481214,1.3565718150351789,0.5581576906137257,0.37232013635518946,0.14919392412940652,0.0462735490873456,0.0037266500294208527,258.5013488588043,0.9630655646324158,0.47449973225593567,0.6407111287117004,0.06293141096830368,0.43126216530799866,0.5387112498283386,0.6513614654541016,0.7765325903892517,0.9849938154220581,0.9929999997839332,0.7220885178662445
pacing,3,action_space,1.0,2.9000000953674316,0.0,0.5,1.0,0.11999999731779099,1.0,0.3799999952316284,0.0,0.0,rough_slope_trot_robustness,rough_slope,0.5,trotting,1000,0.6513367891311646,0.6513367891311646,0.4586234986782074,0.0859144926071167,0.21140116453170776,0.25526291131973267,1.807962417602539,0.21140116453170776,0.06571488827466965,0.14098119735717773,0.061884019523859024,1.0694234371185303,1.7081944942474365,0.3789820671081543,0.24682095646858215,0.25526291131973267,0.11660009622573853,0.008997649885714054,0.004152347333729267,0.3086772561073303,0.041396841406822205,112.92474365234375,77.39093017578125,34.1326904296875,65.19371795654297,180.149658203125,0.08721292018890381,0.06325000524520874,0.6819901466369629,1.8753302097320557,1.1449999809265137,0.009172472171485424,0.01000003982335329,2.894852638244629,0.5,0.11999969929456711,0.3800007998943329,0.0,0.8938866853713989,0.5874152779579163,0.7887914180755615,0.6102777719497681,0.25063398480415344,0.7462828755378723,0.19380488991737366,0.7281445264816284,0.631199836730957,0.563021183013916,1.0,0.9930828213691711,0.9873132109642029,0.10071394592523575,0.13083258271217346,1.0,0.00800000037997961,0.0010000000474974513,0.007000000216066837,1.145,0.5956245522311682,1.2797823498514371,0.2563491530601762,0.24876498854111087,1.3069791483598492,0.49681078537868134,0.3414675624795692,0.11467343728799326,0.04586236085742712,0.004137838259339333,246.22537654045777,0.9709064364433289,0.521215558052063,0.7687419652938843,0.04405748099088669,0.43694984912872314,0.5393694639205933,0.6640082597732544,0.7288771867752075,0.9873132109642029,0.9929999997839332,0.7488084864361506
pacing,3,action_space,1.0,2.9000000953674316,0.0,0.5,1.0,0.11999999731779099,1.0,0.3799999952316284,1.0,0.03999999910593033,rough_slope_trot_robustness,rough_slope,0.5,trotting,1000,0.6489267349243164,0.6489267349243164,0.4654548764228821,0.09135979413986206,0.2070978432893753,0.24789202213287354,1.9366309642791748,0.2070978432893753,0.06421849131584167,0.14103934168815613,0.05654484033584595,1.0692472457885742,1.8072285652160645,0.367637038230896,0.23503804206848145,0.24789202213287354,0.10914234817028046,0.005531820934265852,0.004150837659835815,0.2961387634277344,0.03535657376050949,115.67636108398438,78.92897033691406,33.837554931640625,65.04486083984375,183.01739501953125,0.08714908361434937,0.06450000405311584,0.6561344861984253,1.7792613506317139,1.1419999599456787,0.009309095330536366,0.01000003982335329,2.895291805267334,0.5,0.11999969929456711,0.3800007998943329,0.03952805697917938,0.8890590667724609,0.6050862073898315,0.8448567390441895,0.6219803094863892,0.26194673776626587,0.7610962986946106,0.164615198969841,0.7153277397155762,0.6299502849578857,0.5767294764518738,1.0,0.9930828213691711,0.9867486953735352,0.04862971603870392,0.07593090832233429,1.0,0.00800000037997961,0.0010000000474974513,0.007000000216066837,1.142,0.5745485643163036,1.2482075521443055,0.2534136762604609,0.23779159012851137,1.3443320145023938,0.48480722155149614,0.3303669901341241,0.09840050098501363,0.04654547665268183,0.0034547224640846252,248.5232553002374,0.9671647548675537,0.5409088134765625,0.8239436149597168,0.03991509601473808,0.4930565059185028,0.5530662536621094,0.677391767501831,0.7243359088897705,0.9867486953735352,0.9929999997839332,0.7666442693750325
