iteration,reward,done_rate,edge_reset_rate,vx_err,weighted_metric_reward,selector_reference_penalty,orientation_penalty,slip_penalty,lateral_velocity_penalty,lateral_position_penalty,clearance_reward,gait_switch_penalty,action_boundary_penalty,policy_loss,value_loss,entropy,adaptation_loss,alpha,z_teacher_mean,z_teacher_std,z_student_mean,z_student_std,z_error,log_std_mean,score_progress,score_yaw_tracking,score_orientation,score_pitch_rate,score_roll_rate,score_yaw_rate,score_lateral_drift,score_vertical_bounce,score_slip,score_energy,score_clearance,score_gait_stability,score_action_smoothness,score_action_magnitude,score_action_boundary_margin,score_survival,gait_pronk_ratio,gait_trot_ratio,gait_bound_ratio,gait_pace_ratio,gait_switch_rate,flat_trot_efficiency_trot_ratio,flat_trot_efficiency_count,flat_trot_efficiency_gait_switch_rate,flat_trot_efficiency_pronk_ratio,flat_trot_efficiency_bound_ratio,flat_trot_efficiency_pace_ratio,ramp_up_trot_robustness_trot_ratio,ramp_up_trot_robustness_count,ramp_up_trot_robustness_gait_switch_rate,ramp_up_trot_robustness_pronk_ratio,ramp_up_trot_robustness_bound_ratio,ramp_up_trot_robustness_pace_ratio,rough_slope_trot_robustness_trot_ratio,rough_slope_trot_robustness_count,rough_slope_trot_robustness_gait_switch_rate,rough_slope_trot_robustness_pronk_ratio,rough_slope_trot_robustness_bound_ratio,rough_slope_trot_robustness_pace_ratio,push_lateral_pace_recovery_pace_ratio,push_lateral_pace_recovery_count,push_lateral_pace_recovery_gait_switch_rate,push_lateral_pace_recovery_pronk_ratio,push_lateral_pace_recovery_trot_ratio,push_lateral_pace_recovery_bound_ratio,stepping_stones_easy_bound_highspeed_bound_ratio,stepping_stones_easy_bound_highspeed_count,stepping_stones_easy_bound_highspeed_gait_switch_rate,stepping_stones_easy_bound_highspeed_pronk_ratio,stepping_stones_easy_bound_highspeed_trot_ratio,stepping_stones_easy_bound_highspeed_pace_ratio,frequency_mean,duration_mean,footswing_height_mean,stance_width_mean,body_pitch_mean,action_clip_rate,flat_trot_efficiency_action_clip_rate,flat_trot_efficiency_frequency_mean,flat_trot_efficiency_duration_mean,flat_trot_efficiency_footswing_height_mean,flat_trot_efficiency_stance_width_mean,flat_trot_efficiency_body_pitch_mean,ramp_up_trot_robustness_action_clip_rate,ramp_up_trot_robustness_frequency_mean,ramp_up_trot_robustness_duration_mean,ramp_up_trot_robustness_footswing_height_mean,ramp_up_trot_robustness_stance_width_mean,ramp_up_trot_robustness_body_pitch_mean,rough_slope_trot_robustness_action_clip_rate,rough_slope_trot_robustness_frequency_mean,rough_slope_trot_robustness_duration_mean,rough_slope_trot_robustness_footswing_height_mean,rough_slope_trot_robustness_stance_width_mean,rough_slope_trot_robustness_body_pitch_mean,push_lateral_pace_recovery_action_clip_rate,push_lateral_pace_recovery_frequency_mean,push_lateral_pace_recovery_duration_mean,push_lateral_pace_recovery_footswing_height_mean,push_lateral_pace_recovery_stance_width_mean,push_lateral_pace_recovery_body_pitch_mean,stepping_stones_easy_bound_highspeed_action_clip_rate,stepping_stones_easy_bound_highspeed_frequency_mean,stepping_stones_easy_bound_highspeed_duration_mean,stepping_stones_easy_bound_highspeed_footswing_height_mean,stepping_stones_easy_bound_highspeed_stance_width_mean,stepping_stones_easy_bound_highspeed_body_pitch_mean
0,0.6731945667415857,0.001953125,7.324218859139364e-05,0.4578977758064866,0.6731945667415857,0.376708984375,0.03462046401546104,0.12999020819552243,0.06713581830263138,1.1409481275437656,0.7905559502542019,0.12017822265625,1.0283559589652214e-05,-0.024252098679426126,29.77245444059372,4.989507406949997,0.04250452318228781,1.0,0.013096431270241737,0.10089100152254105,0.01164968777447939,0.13400934636592865,0.01708030141890049,-0.6913704872131348,0.5795788888353854,0.4463743893429637,0.6738209780305624,0.29650618974119425,0.30739780282601714,0.5969293117523193,0.3918648208491504,0.4354677966257441,0.692566653713584,0.4375168401747942,0.7905559502542019,0.7921722624450922,0.4369955938309431,0.7529106233268976,0.9999604281038046,0.9996826183050871,0.2249755859375,0.2325439453125,0.279296875,0.26318359375,0.22442035377025604,0.22776442766189575,52,0.22146402299404144,0.20492789149284363,0.2944711744785309,0.2728365361690521,0.24632354080677032,51,0.22707146406173706,0.23100490868091583,0.2591911852359772,0.26348039507865906,0.20526961982250214,51,0.2226438820362091,0.22120098769664764,0.30943629145622253,0.26409316062927246,0.2861519753932953,51,0.2213788628578186,0.2089460790157318,0.2395833432674408,0.2653186321258545,0.26776960492134094,51,0.22960150241851807,0.2591911852359772,0.24387255311012268,0.2291666716337204,2.824495792388916,0.4943845272064209,0.10304106771945953,0.35499438643455505,-0.00670070294290781,0.0,0.0,2.8498518466949463,0.4983092248439789,0.10383569449186325,0.3568403720855713,-0.005749990232288837,0.0,2.851365804672241,0.4986993670463562,0.1026332825422287,0.3541170060634613,-0.005112005397677422,0.0,2.8515632152557373,0.4968408942222595,0.10428287833929062,0.35685575008392334,-0.0065706102177500725,0.0,2.8364367485046387,0.4960591495037079,0.1037416085600853,0.35559841990470886,-0.0057708765380084515,0.0,2.866992235183716,0.49579960107803345,0.10171731561422348,0.3531862497329712,-0.006180549040436745
1,0.6791061256080866,0.0235595703125,0.004565429790091002,0.4296381864696741,0.6791061256080866,0.37591552734375,0.028406179801095277,0.10298526100814342,0.0522280236473307,3.5873663276433945,0.7916234750300646,0.11932373046875,1.355314912032668e-05,-0.012945815833518282,20.397340297698975,4.98405459523201,0.014265476143918931,1.0,0.01390446349978447,0.10150937736034393,0.014343135990202427,0.12693728506565094,0.011290602385997772,-0.6918604373931885,0.6190940588712692,0.4862890923395753,0.6956481616944075,0.31784083880484104,0.33033193554729223,0.6394861228764057,0.3034909600391984,0.4649873021990061,0.718582296743989,0.4636731827631593,0.7916234750300646,0.7936499733477831,0.4339254042133689,0.7442268058657646,0.9999478682875633,0.9998535178601742,0.238037109375,0.2325439453125,0.266845703125,0.2625732421875,0.23916329443454742,0.24338942766189575,52,0.2456575632095337,0.23617789149284363,0.2740384638309479,0.24639424681663513,0.22855393588542938,51,0.23782415688037872,0.24632354080677032,0.27267158031463623,0.25245100259780884,0.24264706671237946,51,0.23529410362243652,0.2506127655506134,0.23223039507865906,0.27450981736183167,0.2512255012989044,51,0.23592661321163177,0.25857844948768616,0.21017158031463623,0.28002452850341797,0.2751225531101227,51,0.24098670482635498,0.1985294222831726,0.23774510622024536,0.28860294818878174,2.8366858959198,0.4995642900466919,0.10339664667844772,0.35580334067344666,-0.0058527374640107155,0.0,0.0,2.8633878231048584,0.4990569055080414,0.10244105756282806,0.35418906807899475,-0.005392762366682291,0.0,2.854132652282715,0.4981982409954071,0.10275744646787643,0.35431283712387085,-0.005727925803512335,0.0,2.8379948139190674,0.4989912807941437,0.10285129398107529,0.3539867103099823,-0.0067156217992305756,0.0,2.8473925590515137,0.49756303429603577,0.10371967405080795,0.35496070981025696,-0.006470465566962957,0.0,2.825007438659668,0.4963245987892151,0.10489737242460251,0.3562660217285156,-0.005741800181567669
2,0.6686523985117674,0.017578125,0.003344726626892225,0.43752701953053474,0.6686523985117674,0.3739013671875,0.03632186882896349,0.11501265969127417,0.0647467483067885,3.3202980384230614,0.7908790539950132,0.11749267578125,2.4646100937886217e-06,-0.016895811539143324,27.36327576637268,4.977179527282715,0.01048771181376651,1.0,0.013646457344293594,0.1013721153140068,0.013070333749055862,0.1091885194182396,0.008909856900572777,-0.6917309165000916,0.6156338509172201,0.47067463491111994,0.675905104726553,0.31458395440131426,0.32064741291105747,0.6221172157675028,0.2577170352451503,0.47635424230247736,0.7199758253991604,0.4538475964218378,0.7908790539950132,0.796816473826766,0.4317427119240165,0.7405884191393852,0.999990263953805,0.9998291041702032,0.23388671875,0.245361328125,0.2559814453125,0.2647705078125,0.2358870953321457,0.25120192766189575,52,0.2388337403535843,0.22175481915473938,0.2662259638309479,0.2608173191547394,0.24938726425170898,51,0.23845666646957397,0.2089460790157318,0.24325981736183167,0.2984068691730499,0.23590686917304993,51,0.23592661321163177,0.23100490868091583,0.26838237047195435,0.2647058963775635,0.2696078419685364,51,0.23276406526565552,0.22671569883823395,0.2567402124404907,0.24693627655506134,0.2549019753932953,51,0.23339657485485077,0.28125,0.23345589637756348,0.23039215803146362,2.8539881706237793,0.49625128507614136,0.10376398265361786,0.3546143174171448,-0.006452428176999092,0.0,0.0,2.8452157974243164,0.4972301125526428,0.10320023447275162,0.35457509756088257,-0.006286789197474718,0.0,2.835124969482422,0.49743685126304626,0.10362619906663895,0.355273574590683,-0.006398097611963749,0.0,2.851475477218628,0.4978330433368683,0.10349027067422867,0.3539223074913025,-0.0061126225627958775,0.0,2.8374276161193848,0.4964154362678528,0.10327410697937012,0.3542478382587433,-0.0066180722787976265,0.0,2.8571155071258545,0.4957350492477417,0.10276218503713608,0.3521714508533478,-0.006877243984490633
3,0.6695556528866291,0.018798828125,0.0035888672373403097,0.4353852029889822,0.6695556528866291,0.38092041015625,0.033011229475960135,0.11382017889991403,0.05248020589351654,3.5145512595772743,0.7899682689458132,0.11871337890625,1.1315734248285025e-05,-0.019904062181012705,31.83768320083618,4.975032866001129,0.008465740247629583,1.0,0.013737725093960762,0.10102546215057373,0.01344954315572977,0.10347288846969604,0.007472250144928694,-0.6908003091812134,0.6159079410135746,0.47160031646490097,0.679506815969944,0.3121710382401943,0.32399411126971245,0.6254084035754204,0.27064037369564176,0.4705938268452883,0.7113152854144573,0.4536590203642845,0.7899682689458132,0.7947054635733366,0.428081750869751,0.7378944326192141,0.9999564550817013,0.9998291041702032,0.2523193359375,0.2305908203125,0.2667236328125,0.2503662109375,0.2358870953321457,0.23317308723926544,52,0.23821339011192322,0.26201924681663513,0.24399039149284363,0.2608173191547394,0.22242647409439087,51,0.23339657485485077,0.22855393588542938,0.28982844948768616,0.2591911852359772,0.23590686917304993,51,0.23276406526565552,0.2236519753932953,0.28125,0.2591911852359772,0.2395833432674408,51,0.23592661321163177,0.2665441334247589,0.2346813827753067,0.2591911852359772,0.2598039209842682,51,0.23908917605876923,0.280637264251709,0.22671569883823395,0.23284314572811127,2.8561739921569824,0.4996874928474426,0.10271754115819931,0.354447603225708,-0.00562035059556365,0.0,0.0,2.8353142738342285,0.49891459941864014,0.10200618207454681,0.3546222448348999,-0.005031709559261799,0.0,2.840175151824951,0.49864399433135986,0.10433981567621231,0.355556845664978,-0.005408252589404583,0.0,2.8421075344085693,0.49769046902656555,0.10370402783155441,0.35495153069496155,-0.005676706321537495,0.0,2.851407527923584,0.49444541335105896,0.10278919339179993,0.35366731882095337,-0.006447935942560434,0.0,2.830143451690674,0.4948241412639618,0.10317147523164749,0.3532548248767853,-0.006130300462245941
4,0.6699409279972315,0.0196533203125,0.0038085938213043846,0.43875847291201353,0.6699409279972315,0.38140869140625,0.03113680554088205,0.11982384975999594,0.053152230102568865,3.591596379876137,0.7981799207627773,0.11846923828125,1.174568982018065e-05,-0.012756468640873209,34.565351366996765,4.9747781455516815,0.007131327292881906,1.0,0.013598655350506306,0.10164185613393784,0.013796653598546982,0.09759276360273361,0.006538043729960918,-0.6906722187995911,0.6076373476535082,0.4598280293866992,0.6851011607795954,0.3047563387081027,0.3231939794495702,0.612316319718957,0.2956090681254864,0.4646697770804167,0.7004457842558622,0.45131019968539476,0.7981799207627773,0.7951276656240225,0.42477713245898485,0.7258892618119717,0.9999542273581028,0.9998779315501451,0.22705078125,0.2412109375,0.2724609375,0.25927734375,0.23689515888690948,0.2367788553237915,52,0.2406947910785675,0.24098558723926544,0.26141828298568726,0.2608173191547394,0.23835785686969757,51,0.23592661321163177,0.21200981736183167,0.28860294818878174,0.2610294222831726,0.22732843458652496,51,0.23529410362243652,0.2444853037595749,0.27267158031463623,0.2555147111415863,0.24387255311012268,51,0.23782415688037872,0.2034313827753067,0.25245100259780884,0.30024510622024536,0.2395833432674408,51,0.23466159403324127,0.2340686321258545,0.2512255012989044,0.2751225531101227,2.8233821392059326,0.4975971579551697,0.10370568931102753,0.3547667860984802,-0.007178351283073425,0.0,0.0,2.8413398265838623,0.49610209465026855,0.10305614024400711,0.3542194366455078,-0.007134989369660616,0.0,2.836317539215088,0.49782228469848633,0.10423645377159119,0.3556632995605469,-0.006273213773965836,0.0,2.8385448455810547,0.4977361559867859,0.10374345630407333,0.3542137145996094,-0.006393741350620985,0.0,2.852656364440918,0.4936480224132538,0.10428836941719055,0.3558868169784546,-0.006476291920989752,0.0,2.8303143978118896,0.4951966404914856,0.1039632186293602,0.3534637689590454,-0.0070282937958836555
5,0.6716417986899614,0.020751953125,0.004077148541909992,0.43486068211495876,0.6716417986899614,0.370849609375,0.031821985146962106,0.10662768362089992,0.058386617340147495,3.066230423748493,0.7932726833969355,0.11907958984375,3.995567409642575e-05,-0.023974657553480938,37.29027485847473,4.972457051277161,0.006458032788941637,1.0,0.013750390149652958,0.10103455930948257,0.012998051010072231,0.09539682418107986,0.005861719138920307,-0.6892799735069275,0.6113168150186539,0.4698402136564255,0.6863501872867346,0.31185105349868536,0.32312844786792994,0.623326862230897,0.30233788676559925,0.4578091995790601,0.7090873140841722,0.4531882740557194,0.7932726833969355,0.7940721716731787,0.4222240010276437,0.7263923957943916,0.9998551905155182,0.9999267589300871,0.236328125,0.25146484375,0.247802734375,0.264404296875,0.23865926265716553,0.2445913553237915,52,0.23821339011192322,0.25,0.23737981915473938,0.2680288553237915,0.24571079015731812,51,0.23845666646957397,0.23345589637756348,0.23284314572811127,0.2879902124404907,0.26899510622024536,51,0.23592661321163177,0.24632354080677032,0.2714460790157318,0.2132353037595749,0.27267158031463623,51,0.24098670482635498,0.22855393588542938,0.2610294222831726,0.23774510622024536,0.2598039209842682,51,0.23972168564796448,0.22303922474384308,0.23713235557079315,0.28002452850341797,2.8236083984375,0.4975370466709137,0.10551312565803528,0.3567017614841461,-0.0068550193682312965,0.0,0.0,2.838168144226074,0.4984724521636963,0.1027275025844574,0.3538654148578644,-0.006881869863718748,0.0,2.8273813724517822,0.49714210629463196,0.10364853590726852,0.35477423667907715,-0.0070698498748242855,0.0,2.8656835556030273,0.4982169568538666,0.10229053348302841,0.35274839401245117,-0.006416209973394871,0.0,2.8368585109710693,0.4966157376766205,0.10350453108549118,0.3541043996810913,-0.006659461185336113,0.0,2.8363282680511475,0.49325454235076904,0.10515239834785461,0.35510188341140747,-0.007368400227278471
6,0.6679316014051437,0.0185546875,0.0035400391334405867,0.443368686363101,0.6679316014051437,0.374267578125,0.0346110052196309,0.11723982891999185,0.06586027971934527,3.377444811165333,0.7924084663391113,0.11956787109375,3.2360399842445986e-05,-0.020484483742620796,30.927882194519043,4.978712171316147,0.00584534794325009,1.0,0.01405317708849907,0.10130075365304947,0.01388050802052021,0.09343180060386658,0.005338968243449926,-0.6874189376831055,0.6028226874768734,0.46318492479622364,0.6757755242288113,0.3117113886401057,0.31841292325407267,0.6159925311803818,0.28183945594355464,0.4633972914889455,0.7054880186915398,0.4518709145486355,0.7924084663391113,0.7932277675718069,0.4182706046849489,0.7282455004751682,0.9998777750879526,0.9998291041702032,0.2359619140625,0.2484130859375,0.2635498046875,0.2520751953125,0.2387852817773819,0.24338942766189575,52,0.23945409059524536,0.22475962340831757,0.2788461744785309,0.2530048191547394,0.2340686321258545,51,0.24288424849510193,0.2389705926179886,0.24571079015731812,0.28125,0.2561274468898773,51,0.23466159403324127,0.2561274468898773,0.25183823704719543,0.23590686917304993,0.24938726425170898,51,0.23782415688037872,0.23590686917304993,0.24816177785396576,0.2665441334247589,0.27450981736183167,51,0.23908917605876923,0.2242647111415863,0.2604166865348816,0.24080882966518402,2.834888458251953,0.49465036392211914,0.10391363501548767,0.3542691767215729,-0.00610283762216568,0.0,0.0,2.8396260738372803,0.4995958209037781,0.1030757948756218,0.3549330234527588,-0.006084654480218887,0.0,2.823881149291992,0.49564939737319946,0.10375692695379257,0.3545413911342621,-0.006243541371077299,0.0,2.8632431030273438,0.4972728192806244,0.1021500900387764,0.3526097536087036,-0.005305343773216009,0.0,2.8365275859832764,0.49572619795799255,0.1035902127623558,0.35421258211135864,-0.0062864795327186584,0.0,2.84675931930542,0.4954017996788025,0.10439658910036087,0.35352250933647156,-0.006433669477701187
7,0.6700103767216206,0.01806640625,0.003491211016807938,0.4474276006221771,0.6700103767216206,0.380615234375,0.03431268403073773,0.11821096041239798,0.055398807395249605,3.229741618037224,0.7939483132213354,0.1187744140625,4.74226405639544e-05,-0.020381409907713532,28.802043080329895,4.98142746090889,0.0053547247080132365,1.0,0.01402195543050766,0.10166341811418533,0.014140903949737549,0.09253259003162384,0.005009487736970186,-0.6859951615333557,0.6023149881511927,0.4721324257552624,0.6842970494180918,0.31041913852095604,0.31676332652568817,0.6242610961198807,0.2996939430013299,0.4757596915587783,0.7121157739311457,0.4550319164991379,0.7939483132213354,0.7945999037474394,0.41873458214104176,0.7204807922244072,0.9998251367360353,0.9998779315501451,0.2398681640625,0.246826171875,0.2513427734375,0.261962890625,0.23752519488334656,0.23557692766189575,52,0.2388337403535843,0.23257212340831757,0.2806490361690521,0.25120192766189575,0.2542892098426819,51,0.23782415688037872,0.20404411852359772,0.2512255012989044,0.2904411852359772,0.2340686321258545,51,0.23339657485485077,0.2555147111415863,0.2598039209842682,0.2506127655506134,0.25245100259780884,51,0.23908917605876923,0.24632354080677032,0.2542892098426819,0.24693627655506134,0.21752451360225677,51,0.23845666646957397,0.2610294222831726,0.2561274468898773,0.2653186321258545,2.8396077156066895,0.4958660304546356,0.10431386530399323,0.35519522428512573,-0.005804191343486309,0.0,0.0,2.840796709060669,0.4940701425075531,0.10343363881111145,0.3543749749660492,-0.0070442939177155495,0.0,2.8307812213897705,0.49595919251441956,0.1041664108633995,0.35490912199020386,-0.005980472080409527,0.0,2.8327841758728027,0.4962150752544403,0.10302506387233734,0.35386595129966736,-0.005001214798539877,0.0,2.833444833755493,0.49368003010749817,0.10364674776792526,0.35311517119407654,-0.006905676331371069,0.0,2.830399751663208,0.4938200116157532,0.10330907255411148,0.3514500558376312,-0.007179629057645798
8,0.6692445520311594,0.0191650390625,0.003662109475044417,0.44802149944007397,0.6692445520311594,0.36822509765625,0.035429497074801475,0.11314534512348473,0.05487725674174726,3.4926521480083466,0.7905410807579756,0.11859130859375,5.238465128165615e-05,-0.02388990155304782,29.620798349380493,4.987992465496063,0.005011597910197452,1.0,0.01403389498591423,0.1014501303434372,0.013844159431755543,0.09056657552719116,0.004706487059593201,-0.6838238835334778,0.6115315239876509,0.4764723861590028,0.6797826532274485,0.3162926537916064,0.32748336624354124,0.6284706480801105,0.2867355262860656,0.4641025708988309,0.7161553725600243,0.4541312884539366,0.7905410807579756,0.794916557148099,0.4176215557381511,0.7158892266452312,0.9998065773397684,0.9998291041702032,0.2381591796875,0.2568359375,0.2623291015625,0.24267578125,0.23714716732501984,0.28004810214042664,52,0.2338709682226181,0.23317308723926544,0.25,0.2367788553237915,0.24080882966518402,51,0.23466159403324127,0.27267158031463623,0.25735294818878174,0.2291666716337204,0.24264706671237946,51,0.23908917605876923,0.24816177785396576,0.2653186321258545,0.24387255311012268,0.27328431606292725,51,0.24225172400474548,0.2193627506494522,0.24877451360225677,0.25857844948768616,0.280637264251709,51,0.23592661321163177,0.21752451360225677,0.2714460790157318,0.23039215803146362,2.8301234245300293,0.4958357810974121,0.10533802211284637,0.35665637254714966,-0.007091550622135401,0.0,0.0,2.855229377746582,0.49675101041793823,0.1018482968211174,0.3524039387702942,-0.007633297238498926,0.0,2.8537561893463135,0.4978800117969513,0.10270094871520996,0.35215675830841064,-0.006850441452115774,0.0,2.8468103408813477,0.4957883656024933,0.1029544398188591,0.3537449538707733,-0.007097240071743727,0.0,2.8263747692108154,0.4951845109462738,0.10439115762710571,0.3544485867023468,-0.006707015912979841,0.0,2.8445496559143066,0.4963260889053345,0.10434896498918533,0.3529627025127411,-0.00704354140907526
9,0.6712499130517244,0.0186767578125,0.0034912110149889486,0.43455563951283693,0.6712499130517244,0.37762451171875,0.03540772624546662,0.1158324999269098,0.06363830447662622,2.9702969565987587,0.7926216255873442,0.11956787109375,5.983240854590122e-05,-0.02324585648602806,27.546338081359863,4.992699712514877,0.004687074950197712,1.0,0.013906799256801605,0.1012018620967865,0.013895779848098755,0.08923707902431488,0.004440490622073412,-0.6819373369216919,0.619451280683279,0.471672753803432,0.6838996093720198,0.31836060248315334,0.3265652833506465,0.6243030298501253,0.2924443446099758,0.4666688069701195,0.7162175234407187,0.4555306751281023,0.7926216255873442,0.7932277638465166,0.4116511670872569,0.7190346773713827,0.9997804816812277,0.9997558631002903,0.2413330078125,0.239990234375,0.252197265625,0.2664794921875,0.23802922666072845,0.2343750149011612,52,0.23511165380477905,0.24278846383094788,0.23737981915473938,0.28545674681663513,0.23590686917304993,51,0.24098670482635498,0.23345589637756348,0.240196093916893,0.2904411852359772,0.2444853037595749,51,0.23402908444404602,0.24264706671237946,0.2591911852359772,0.25367647409439087,0.24877451360225677,51,0.23782415688037872,0.2567402124404907,0.23039215803146362,0.26409316062927246,0.2604166865348816,51,0.24225172400474548,0.23100490868091583,0.2549019753932953,0.25367647409439087,2.8465049266815186,0.4982534646987915,0.10325492173433304,0.35377442836761475,-0.007284413557499647,0.0,0.0,2.8282532691955566,0.4987678825855255,0.10275589674711227,0.3541620373725891,-0.0076470146887004375,0.0,2.8247733116149902,0.4980655908584595,0.10357355326414108,0.3538784682750702,-0.007302187383174896,0.0,2.8474953174591064,0.49702128767967224,0.10283676534891129,0.35381147265434265,-0.005876095034182072,0.0,2.850599765777588,0.4948669672012329,0.10360464453697205,0.3533727824687958,-0.006575331091880798,0.0,2.8481698036193848,0.49690595269203186,0.10429061204195023,0.35277020931243896,-0.007151756901293993
10,0.6728022564202547,0.0177001953125,0.003466796939392225,0.4144219672307372,0.6728022564202547,0.37176513671875,0.03241188364336267,0.10878538573160768,0.056836571893654764,3.4706970900297165,0.7880218904465437,0.11749267578125,6.319095581375223e-05,-0.02302447968395427,27.809560179710388,4.995366424322128,0.004275028331903741,1.0,0.014278678223490715,0.10117117315530777,0.014590802602469921,0.08951817452907562,0.004085885360836983,-0.6817298531532288,0.6308170836418867,0.4875232223421335,0.6874706260859966,0.3163751047104597,0.32870746962726116,0.6388848293572664,0.2775916368700564,0.4671813091263175,0.7193006817251444,0.4595165401697159,0.7880218904465437,0.7968164663761854,0.41033009998500347,0.7159176729619503,0.9997733663767576,0.9999267589300871,0.2490234375,0.253662109375,0.25390625,0.243408203125,0.23790322244167328,0.2578125,52,0.23945409059524536,0.23016828298568726,0.262620210647583,0.24939905107021332,0.27757352590560913,51,0.24161921441555023,0.24693627655506134,0.2512255012989044,0.2242647111415863,0.24142158031463623,51,0.23276406526565552,0.23651961982250214,0.26286765933036804,0.2591911852359772,0.24938726425170898,51,0.23908917605876923,0.2696078419685364,0.2444853037595749,0.23651961982250214,0.2561274468898773,51,0.23655913770198822,0.262254923582077,0.24693627655506134,0.2346813827753067,2.8652729988098145,0.4967093765735626,0.10321304947137833,0.3523237407207489,-0.00750660989433527,0.0,0.0,2.8552610874176025,0.4991116225719452,0.10292622447013855,0.35336992144584656,-0.006880682427436113,0.0,2.872680187225342,0.49758729338645935,0.10199487954378128,0.3507450520992279,-0.007427707780152559,0.0,2.855879545211792,0.49752211570739746,0.10317574441432953,0.35381919145584106,-0.005869755987077951,0.0,2.8518145084381104,0.49484145641326904,0.10329963266849518,0.3521600663661957,-0.0069379014894366264,0.0,2.8757216930389404,0.4977435767650604,0.10381454974412918,0.3518314063549042,-0.006454563699662685
11,0.6712712608277798,0.018798828125,0.003613281342040864,0.4247853811830282,0.6712712608277798,0.36968994140625,0.03125100722536445,0.10854702163487673,0.05185619927942753,3.3743243739008904,0.7943770103156567,0.11749267578125,2.7052428876449394e-05,-0.023938374797580764,24.213043570518494,4.9890569150447845,0.0042274887673556805,1.0,0.014334650710225105,0.10069494694471359,0.014429561793804169,0.0874948501586914,0.004071911796927452,-0.6810506582260132,0.6196274105459452,0.4805782660841942,0.6833195332437754,0.31066532526165247,0.32818955462425947,0.6332743242383003,0.28714691707864404,0.46952773071825504,0.7162513509392738,0.4574228525161743,0.7943770103156567,0.7968164663761854,0.40971522964537144,0.7139239590615034,0.999896539375186,0.9998535178601742,0.2427978515625,0.2479248046875,0.2720947265625,0.2371826171875,0.2353830635547638,0.26742789149284363,52,0.23573200404644012,0.254807710647583,0.25600963830947876,0.22175481915473938,0.24325981736183167,51,0.23719164729118347,0.2616421580314636,0.28982844948768616,0.20526961982250214,0.2653186321258545,51,0.23213155567646027,0.21507354080677032,0.27267158031463623,0.24693627655506134,0.25367647409439087,51,0.23466159403324127,0.23161765933036804,0.24571079015731812,0.26899510622024536,0.27328431606292725,51,0.23719164729118347,0.2506127655506134,0.21752451360225677,0.25857844948768616,2.863813877105713,0.4992617964744568,0.10161808133125305,0.34956443309783936,-0.006008113734424114,0.0,0.0,2.8780789375305176,0.49893417954444885,0.10199008882045746,0.3510097563266754,-0.00606323778629303,0.0,2.880772829055786,0.4981338381767273,0.10281496495008469,0.3525570034980774,-0.006138583645224571,0.0,2.8646481037139893,0.49881991744041443,0.1035044714808464,0.3534151017665863,-0.005728872027248144,0.0,2.8592422008514404,0.49471718072891235,0.10438414663076401,0.3537156581878662,-0.006725232116878033,0.0,2.857332229614258,0.4953305721282959,0.10508773475885391,0.3532309830188751,-0.006355737801641226
12,0.6700130272656679,0.020263671875,0.0038574219743168214,0.4239135244861245,0.6700130272656679,0.37298583984375,0.029159710160456598,0.10848161508329213,0.05444101965986192,3.737693354487419,0.7910785861313343,0.1195068359375,2.0909319005113502e-05,-0.025928847113391384,24.34211504459381,4.9896610379219055,0.004188404156593606,1.0,0.014156205579638481,0.1012132540345192,0.014152669347822666,0.08740109205245972,0.004020039923489094,-0.6803144216537476,0.6183453146368265,0.47276201844215393,0.6906630545854568,0.31235206220299006,0.33003233931958675,0.6250808630138636,0.2738715363666415,0.4647024003788829,0.719262832775712,0.46023437846452,0.7910785861313343,0.7933333087712526,0.4091695575043559,0.7172954957932234,0.9999204352498055,0.9998046904802322,0.25390625,0.2421875,0.2659912109375,0.2379150390625,0.23689515888690948,0.24158655107021332,52,0.2363523542881012,0.25600963830947876,0.2608173191547394,0.24158655107021332,0.24203431606292725,51,0.24288424849510193,0.2616421580314636,0.27941176295280457,0.21691177785396576,0.2659313678741455,51,0.23276406526565552,0.24693627655506134,0.2659313678741455,0.22120098769664764,0.26838237047195435,51,0.23339657485485077,0.23039215803146362,0.2297794222831726,0.2714460790157318,0.25245100259780884,51,0.23908917605876923,0.27450981736183167,0.23161765933036804,0.24142158031463623,2.8790087699890137,0.499794602394104,0.10322460532188416,0.3519035577774048,-0.005076823756098747,0.0,0.0,2.8723433017730713,0.49892768263816833,0.1026749387383461,0.3523437976837158,-0.006720403674989939,0.0,2.87971830368042,0.49879077076911926,0.10276040434837341,0.35252657532691956,-0.0062466030940413475,0.0,2.864130735397339,0.49881601333618164,0.10198737680912018,0.3519327640533447,-0.0058204554952681065,0.0,2.845165252685547,0.49614134430885315,0.10496534407138824,0.3549559414386749,-0.006387854460626841,0.0,2.861157178878784,0.4978352189064026,0.10405538231134415,0.35129332542419434,-0.005862281657755375
13,0.6730653308331966,0.017822265625,0.0033691406933940016,0.4279509037733078,0.6730653308331966,0.37481689453125,0.03837783634662628,0.11148947337642312,0.055080243037082255,3.3099154233932495,0.7961071021854877,0.11968994140625,4.89208496761151e-05,-0.023553136619739234,25.5073162317276,4.988320350646973,0.004155059577897191,1.0,0.014055307023227215,0.10162466019392014,0.013525281101465225,0.08756919205188751,0.004001456778496504,-0.6799852848052979,0.6267770919948816,0.4798440719023347,0.6784900445491076,0.3181261857971549,0.3251166995614767,0.63051313534379,0.30033949110656977,0.464555436745286,0.7201835997402668,0.45626893173903227,0.7961071021854877,0.7930166590958834,0.40035463217645884,0.7090446893125772,0.9998191762715578,0.9998046904802322,0.2503662109375,0.236083984375,0.263671875,0.2498779296875,0.23966732621192932,0.21153846383094788,52,0.23697270452976227,0.2734375,0.26382213830947876,0.25120192766189575,0.2542892098426819,51,0.23845666646957397,0.24938726425170898,0.24877451360225677,0.24754902720451355,0.23835785686969757,51,0.23972168564796448,0.2512255012989044,0.25245100259780884,0.25796568393707275,0.25306373834609985,51,0.24288424849510193,0.23651961982250214,0.25245100259780884,0.25796568393707275,0.29534316062927246,51,0.24035419523715973,0.24080882966518402,0.2242647111415863,0.2395833432674408,2.8610801696777344,0.4980590343475342,0.10193727910518646,0.3512539863586426,-0.006097059231251478,0.0,0.0,2.8643441200256348,0.5014204978942871,0.10282231122255325,0.3525066077709198,-0.005981333088129759,0.0,2.85833740234375,0.4991164803504944,0.10267525166273117,0.3530905246734619,-0.006148309446871281,0.0,2.8447518348693848,0.4994722008705139,0.10354793816804886,0.3519720435142517,-0.00607208302244544,0.0,2.8549399375915527,0.4972950220108032,0.10401298850774765,0.35323238372802734,-0.006848737597465515,0.0,2.864600896835327,0.4974495470523834,0.10540134459733963,0.3531661927700043,-0.006856346968561411
14,0.6714070308953524,0.01904296875,0.003588867270082119,0.4412262449041009,0.6714070308953524,0.37335205078125,0.031104119785595685,0.11310077598318458,0.05752203648444265,3.063378542661667,0.7943539153784513,0.1187744140625,3.7281922932508316e-05,-0.024739730783039704,23.97999882698059,4.991067975759506,0.00403670992818661,1.0,0.013746770098805428,0.10198143869638443,0.013753160834312439,0.08762820065021515,0.0038918338250368834,-0.679563045501709,0.6095142439007759,0.4688847567886114,0.6856735702604055,0.31506556179374456,0.3250650856643915,0.6218176484107971,0.3108762139454484,0.4723308738321066,0.7139160688966513,0.45321767032146454,0.7943539153784513,0.7945999074727297,0.4046432478353381,0.7155027389526367,0.9998652674257755,0.9997802767902613,0.2349853515625,0.24658203125,0.2626953125,0.2557373046875,0.237273171544075,0.27223557233810425,52,0.23449131846427917,0.2187500149011612,0.24038462340831757,0.2686298191547394,0.24203431606292725,51,0.23719164729118347,0.24203431606292725,0.26838237047195435,0.24754902720451355,0.2132353037595749,51,0.23908917605876923,0.24571079015731812,0.2720588445663452,0.26899510622024536,0.26348039507865906,51,0.23529410362243652,0.2389705926179886,0.2395833432674408,0.25796568393707275,0.2751225531101227,51,0.24035419523715973,0.2297794222831726,0.2653186321258545,0.2297794222831726,2.8555054664611816,0.500108003616333,0.10290105640888214,0.3524428606033325,-0.0051103439182043076,0.0,0.0,2.8443944454193115,0.500949501991272,0.10219880938529968,0.3526909053325653,-0.006013792473822832,0.0,2.8657302856445312,0.5010113716125488,0.10268525034189224,0.35430872440338135,-0.00586014986038208,0.0,2.8531391620635986,0.501396894454956,0.10404390841722488,0.3541526198387146,-0.005720289424061775,0.0,2.8514606952667236,0.49714285135269165,0.10471924394369125,0.35397765040397644,-0.006095328833907843,0.0,2.8765337467193604,0.49845919013023376,0.10412082821130753,0.351600706577301,-0.00655911723151803
15,0.6655961889773607,0.0177001953125,0.0034423828983563,0.44854125939309597,0.6655961889773607,0.38006591796875,0.03402746998472139,0.11918457876890898,0.056523429113440216,3.4159285575151443,0.7957464270293713,0.11920166015625,3.996135327588579e-05,-0.023872369347373024,22.81432843208313,4.989898175001144,0.003986707160947844,1.0,0.013685351237654686,0.10121868550777435,0.013722037896513939,0.0866018757224083,0.0038431601133197546,-0.6791461110115051,0.6065767891705036,0.473307934589684,0.6805371195077896,0.3091371292248368,0.3238691473379731,0.6238385159522295,0.2719613276422024,0.4644609484821558,0.7101901825517416,0.45112061500549316,0.7957464270293713,0.7938610576093197,0.399247620254755,0.7156040631234646,0.9998522214591503,0.9999023452401161,0.239990234375,0.23486328125,0.2691650390625,0.2559814453125,0.23954132199287415,0.2319711595773697,52,0.24007444083690643,0.22836539149284363,0.28725963830947876,0.2524038553237915,0.23590686917304993,51,0.24225172400474548,0.2340686321258545,0.2769607901573181,0.25306373834609985,0.23223039507865906,51,0.23782415688037872,0.24142158031463623,0.2604166865348816,0.2659313678741455,0.2555147111415863,51,0.23719164729118347,0.2506127655506134,0.21691177785396576,0.2769607901573181,0.24387255311012268,51,0.24035419523715973,0.24571079015731812,0.25735294818878174,0.25306373834609985,2.8434364795684814,0.5023311376571655,0.10563221573829651,0.3556596040725708,-0.005638130009174347,0.0,0.0,2.857621908187866,0.5013058185577393,0.10391372442245483,0.353736013174057,-0.00675562396645546,0.0,2.859407663345337,0.5019042491912842,0.10333555191755295,0.354155957698822,-0.00622155237942934,0.0,2.8515946865081787,0.5028774738311768,0.10319679975509644,0.35336390137672424,-0.006361220497637987,0.0,2.8478832244873047,0.5018914937973022,0.10448247939348221,0.3530856668949127,-0.006591243203729391,0.0,2.849578619003296,0.4998175799846649,0.10336504876613617,0.35168763995170593,-0.00579121382907033
16,0.6653829049319029,0.018798828125,0.0034912110240838956,0.45500091556459665,0.6653829049319029,0.3743896484375,0.03496053867274895,0.11780303134582937,0.059815346845425665,3.375504821538925,0.7844122368842363,0.1192626953125,1.9888826344960364e-05,-0.025052340410184115,22.958714246749878,4.985088884830475,0.00383791234344244,1.0,0.01428153831511736,0.10168564319610596,0.014347793534398079,0.0877542793750763,0.0037059588357806206,-0.6794649958610535,0.5991075895726681,0.46863560378551483,0.675237912684679,0.3108762577176094,0.3191208951175213,0.6186823025345802,0.29244009777903557,0.4688832713291049,0.7056979425251484,0.4502166276797652,0.7844122368842363,0.7937555126845837,0.3958699284121394,0.7178001571446657,0.9999257232993841,0.9997314475476742,0.2430419921875,0.2518310546875,0.2576904296875,0.2474365234375,0.24143144488334656,0.25600963830947876,52,0.23945409059524536,0.22596155107021332,0.25600963830947876,0.26201924681663513,0.24571079015731812,51,0.24351675808429718,0.24938726425170898,0.262254923582077,0.24264706671237946,0.2598039209842682,51,0.24225172400474548,0.27818629145622253,0.21691177785396576,0.2450980544090271,0.23345589637756348,51,0.24161921441555023,0.23713235557079315,0.23713235557079315,0.2922794222831726,0.2610294222831726,51,0.24035419523715973,0.2248774617910385,0.2604166865348816,0.25367647409439087,2.870295524597168,0.5016958713531494,0.10231825709342957,0.3524545729160309,-0.005893472582101822,0.0,0.0,2.85123872756958,0.5023096799850464,0.10222525149583817,0.35405290126800537,-0.0058411601930856705,0.0,2.858790397644043,0.5042160749435425,0.102603480219841,0.35324740409851074,-0.0052823228761553764,0.0,2.863837480545044,0.5045691132545471,0.1010184958577156,0.35018980503082275,-0.0053005279041826725,0.0,2.8570127487182617,0.49995484948158264,0.10370119661092758,0.3534586429595947,-0.0057482910342514515,0.0,2.8497748374938965,0.5013440847396851,0.10422683507204056,0.35301846265792847,-0.006043694913387299
17,0.6688816212117672,0.019287109375,0.003613281332945917,0.4437199216336012,0.6688816212117672,0.37115478515625,0.030489733908325434,0.11473220563493669,0.05384477775078267,3.1534294709563255,0.7823234982788563,0.118408203125,4.976291227176688e-05,-0.0259713027626276,21.879486441612244,4.9856299459934235,0.003664170188130811,1.0,0.014194298535585403,0.10124000161886215,0.014445338398218155,0.08746516704559326,0.003554615192115307,-0.6789202094078064,0.6051651649177074,0.4759273827075958,0.6827716585248709,0.31375283747911453,0.3226742632687092,0.626890629529953,0.29368330631405115,0.47118205204606056,0.7116501033306122,0.4555271230638027,0.7823234982788563,0.7952332198619843,0.3967784848064184,0.7165588922798634,0.9998191390186548,0.9997558612376451,0.2396240234375,0.2547607421875,0.26220703125,0.243408203125,0.2358870953321457,0.2632211744785309,52,0.2363523542881012,0.2445913553237915,0.2506009638309479,0.24158655107021332,0.27818629145622253,51,0.23592661321163177,0.24754902720451355,0.23039215803146362,0.24387255311012268,0.2561274468898773,51,0.23339657485485077,0.23161765933036804,0.2591911852359772,0.25306373834609985,0.22120098769664764,51,0.24035419523715973,0.240196093916893,0.23713235557079315,0.3014706075191498,0.2696078419685364,51,0.23339657485485077,0.2340686321258545,0.2389705926179886,0.25735294818878174,2.891690254211426,0.5013067722320557,0.10001304745674133,0.3491896986961365,-0.005506962072104216,0.0,0.0,2.8563969135284424,0.5007417798042297,0.10179866850376129,0.35266944766044617,-0.00598827563226223,0.0,2.854624032974243,0.5035329461097717,0.10144245624542236,0.3513544201850891,-0.0070875464007258415,0.0,2.854583740234375,0.5037844181060791,0.10211000591516495,0.3532598912715912,-0.0060543944127857685,0.0,2.8642916679382324,0.498261421918869,0.10370171070098877,0.35349252820014954,-0.007610141299664974,0.0,2.850743532180786,0.5012831687927246,0.1038920134305954,0.3532092571258545,-0.007171907927840948
18,0.6725656781345606,0.016357421875,0.003222656314392225,0.4161262968555093,0.6725656781345606,0.375244140625,0.031559745490085334,0.11413103551603854,0.057394481264054775,3.208143576979637,0.7811470944434404,0.1181640625,4.613013531162835e-05,-0.023426461004419252,24.198535442352295,4.9859660267829895,0.003587146755307913,1.0,0.013853190466761589,0.1010170429944992,0.013825802132487297,0.08651967346668243,0.003484385320916772,-0.6783865094184875,0.6290761381387711,0.47226125560700893,0.6855220310389996,0.3138786619529128,0.3202975746244192,0.6221069991588593,0.28465442871674895,0.47028970066457987,0.7127153072506189,0.45598747953772545,0.7811470944434404,0.7956554107367992,0.3991277636960149,0.718339316546917,0.9998333267867565,0.9999511726200581,0.2379150390625,0.249755859375,0.2530517578125,0.25927734375,0.23752519488334656,0.23617789149284363,52,0.23511165380477905,0.24038462340831757,0.2662259638309479,0.2572115361690521,0.24325981736183167,51,0.24541428685188293,0.24080882966518402,0.25796568393707275,0.25796568393707275,0.2555147111415863,51,0.23339657485485077,0.25245100259780884,0.2352941334247589,0.2567402124404907,0.2671568691730499,51,0.23592661321163177,0.2291666716337204,0.24387255311012268,0.2598039209842682,0.24571079015731812,51,0.23782415688037872,0.22671569883823395,0.2702206075191498,0.25735294818878174,2.858396053314209,0.5001717805862427,0.10289138555526733,0.3545600175857544,-0.006853842176496983,0.0,0.0,2.858931541442871,0.5014796257019043,0.10224209725856781,0.35409438610076904,-0.005673726089298725,0.0,2.858604907989502,0.5044402480125427,0.1019906997680664,0.3526749014854431,-0.006363947410136461,0.0,2.857433319091797,0.503349244594574,0.10118512809276581,0.3522036075592041,-0.0067437742836773396,0.0,2.8375794887542725,0.4989334046840668,0.10360121726989746,0.3538099527359009,-0.006892935372889042,0.0,2.8487677574157715,0.49871277809143066,0.10344459116458893,0.35198354721069336,-0.007115109357982874
19,0.6669066771864891,0.0196533203125,0.003686523510623374,0.4487723270431161,0.6669066771864891,0.3687744140625,0.03154348535463214,0.11629173974506557,0.05380383355077356,3.5652703270316124,0.7723675612360239,0.119873046875,3.406643123149422e-05,-0.022665195108857006,22.745689034461975,4.982819885015488,0.0036865109286736697,1.0,0.013896312564611435,0.10160481184720993,0.014355272054672241,0.08724216371774673,0.0035685724578797817,-0.6775513887405396,0.6070798430591822,0.47387360967695713,0.682444678619504,0.31518681813031435,0.32345107290893793,0.6237694956362247,0.28305467078462243,0.4655728451907635,0.7103702463209629,0.45294914208352566,0.7723675612360239,0.792700007557869,0.3958826819434762,0.7161763291805983,0.9998728390783072,0.9997558631002903,0.240966796875,0.263427734375,0.2567138671875,0.2388916015625,0.23739919066429138,0.2836538553237915,52,0.23945409059524536,0.23137019574642181,0.24879808723926544,0.23617789149284363,0.25245100259780884,51,0.23529410362243652,0.25,0.23774510622024536,0.2598039209842682,0.25306373834609985,51,0.23782415688037872,0.24387255311012268,0.28125,0.22181373834609985,0.25183823704719543,51,0.23782415688037872,0.2604166865348816,0.24264706671237946,0.2450980544090271,0.2708333432674408,51,0.23655913770198822,0.2193627506494522,0.28492647409439087,0.2248774617910385,2.8620753288269043,0.5017845630645752,0.10120370984077454,0.3507785201072693,-0.006372339092195034,0.0,0.0,2.862539768218994,0.5036494731903076,0.10068672150373459,0.35186871886253357,-0.005995302461087704,0.0,2.844188690185547,0.5035743713378906,0.10076470673084259,0.3519168794155121,-0.006885800044983625,0.0,2.8702733516693115,0.5019690990447998,0.10168401151895523,0.35228773951530457,-0.0060033053159713745,0.0,2.8339991569519043,0.4972122311592102,0.10247532278299332,0.3527662456035614,-0.006445470731705427,0.0,2.8512260913848877,0.49869081377983093,0.10335789620876312,0.35172489285469055,-0.006959252525120974
20,0.6739312149584293,0.01904296875,0.003662109482320375,0.4208846054971218,0.6739312149584293,0.36529541015625,0.031217818497680128,0.11296227620914578,0.053489501937292516,3.2429079860448837,0.7655695639550686,0.11834716796875,1.383485290701314e-05,-0.023148912092437968,22.135672330856323,4.9878857135772705,0.0036417735973373055,1.0,0.013860981911420822,0.10157737135887146,0.01402629166841507,0.08632057905197144,0.003514230251312256,-0.6773808598518372,0.6195075307041407,0.47779869101941586,0.6887327861040831,0.3186124926432967,0.32812436763197184,0.6303573902696371,0.30865972582250834,0.4774529878050089,0.71592678129673,0.45759417675435543,0.7655695639550686,0.7953387573361397,0.3932596081867814,0.7235782537609339,0.9999479688704014,0.9998535178601742,0.22314453125,0.2861328125,0.2532958984375,0.2374267578125,0.23853325843811035,0.2884615361690521,52,0.23511165380477905,0.23076924681663513,0.25420674681663513,0.2265625149011612,0.2818627655506134,51,0.24035419523715973,0.23651961982250214,0.24142158031463623,0.240196093916893,0.2873774468898773,51,0.23719164729118347,0.2132353037595749,0.25857844948768616,0.24080882966518402,0.23345589637756348,51,0.23845666646957397,0.2132353037595749,0.2965686321258545,0.2567402124404907,0.2555147111415863,51,0.24161921441555023,0.22181373834609985,0.2763480544090271,0.24632354080677032,2.8596954345703125,0.5004949569702148,0.10148622840642929,0.3519647419452667,-0.005661780014634132,0.0,0.0,2.858138084411621,0.503534734249115,0.10058161616325378,0.3522132933139801,-0.006581025663763285,0.0,2.8565316200256348,0.5025701522827148,0.10044631361961365,0.35086295008659363,-0.005905205849558115,0.0,2.858978748321533,0.501535177230835,0.10102911293506622,0.35212185978889465,-0.006223772186785936,0.0,2.8544437885284424,0.4991135001182556,0.1016923263669014,0.3529699146747589,-0.007323883473873138,0.0,2.8631527423858643,0.4973798394203186,0.10249149799346924,0.35209906101226807,-0.00641916086897254
21,0.6731977630406618,0.0181884765625,0.003442382872890448,0.41464496590197086,0.6731977630406618,0.36859130859375,0.03126410627737641,0.11521715787239373,0.05575950175989419,3.108747571706772,0.7717244252562523,0.119873046875,3.818761093299372e-05,-0.023374531127046794,24.841785311698914,4.990721762180328,0.0033657885942375287,1.0,0.01405587699264288,0.10159047693014145,0.01317722350358963,0.0866377130150795,0.003263115882873535,-0.6769505739212036,0.6346401479095221,0.4792964570224285,0.6802094541490078,0.3211733493953943,0.3247820334509015,0.6308671217411757,0.2862296923995018,0.4782867478206754,0.7181690335273743,0.4603851828724146,0.7717244252562523,0.7927000131458044,0.3939421232789755,0.7179692219942808,0.9998633749783039,0.9998046904802322,0.2208251953125,0.2724609375,0.2523193359375,0.25439453125,0.2397933453321457,0.2602163553237915,52,0.23511165380477905,0.2163461595773697,0.2662259638309479,0.2572115361690521,0.2561274468898773,51,0.23972168564796448,0.23039215803146362,0.23100490868091583,0.2824755012989044,0.2653186321258545,51,0.23908917605876923,0.24632354080677032,0.2561274468898773,0.23223039507865906,0.26838237047195435,51,0.24541428685188293,0.19730393588542938,0.2904411852359772,0.24387255311012268,0.26409316062927246,51,0.23972168564796448,0.2138480395078659,0.2904411852359772,0.23161765933036804,2.832125186920166,0.5031001567840576,0.10201218724250793,0.3525416851043701,-0.0074354177340865135,0.0,0.0,2.8385744094848633,0.5033350586891174,0.10194199532270432,0.35370728373527527,-0.007490233052521944,0.0,2.8372836112976074,0.5041370391845703,0.10106033831834793,0.3521116077899933,-0.005909353028982878,0.0,2.861766815185547,0.5013949871063232,0.10084569454193115,0.3508857488632202,-0.007359623443335295,0.0,2.8438825607299805,0.5001230835914612,0.10209402441978455,0.352017879486084,-0.0073092482052743435,0.0,2.860748767852783,0.49870944023132324,0.1027437150478363,0.35143184661865234,-0.006981216836720705
22,0.6730664987117052,0.0181884765625,0.003491211020445917,0.4171176925301552,0.6730664987117052,0.366455078125,0.030673360161017627,0.11045413604006171,0.05526008259039372,3.366312973201275,0.7636492121964693,0.117919921875,2.272659204827221e-05,-0.025029042444657534,20.04808759689331,4.985165536403656,0.0033234095462830737,1.0,0.013825304806232452,0.10079974681138992,0.014431839808821678,0.08741436153650284,0.003208159003406763,-0.6774361729621887,0.6279340218752623,0.4779032152146101,0.6854541786015034,0.3259483315050602,0.3293686844408512,0.6290085818618536,0.2889241734519601,0.471961447969079,0.7180209364742041,0.4614636795595288,0.7636492121964693,0.7960776071995497,0.3908940711989999,0.7179729510098696,0.9999158401042223,0.9998535178601742,0.2425537109375,0.264892578125,0.2528076171875,0.23974609375,0.23941531777381897,0.2890625,52,0.2406947910785675,0.24939905107021332,0.24579328298568726,0.21574519574642181,0.30024510622024536,51,0.24098670482635498,0.2291666716337204,0.22242647409439087,0.24816177785396576,0.23835785686969757,51,0.24225172400474548,0.2702206075191498,0.24938726425170898,0.24203431606292725,0.2512255012989044,51,0.23402908444404602,0.23161765933036804,0.22671569883823395,0.2904411852359772,0.2561274468898773,51,0.23908917605876923,0.23223039507865906,0.2696078419685364,0.24203431606292725,2.8739399909973145,0.4984665513038635,0.10202965885400772,0.35242921113967896,-0.007572241593152285,0.0,0.0,2.867372989654541,0.5014485120773315,0.10003931075334549,0.35076481103897095,-0.006998545024544001,0.0,2.8536386489868164,0.5041088461875916,0.10009242594242096,0.3501121699810028,-0.007350801024585962,0.0,2.862079381942749,0.5018454790115356,0.10054829716682434,0.35166648030281067,-0.007235623896121979,0.0,2.8475921154022217,0.49773722887039185,0.10294783115386963,0.3540370464324951,-0.007676762994378805,0.0,2.865738868713379,0.4984270930290222,0.10185247659683228,0.3515910804271698,-0.007468905299901962
23,0.6756609417498112,0.0189208984375,0.0037353516709117685,0.4259425150230527,0.6756609417498112,0.36468505859375,0.030399133160244673,0.10939894593320787,0.05375174630898982,3.0653424710035324,0.7716352827847004,0.11944580078125,2.4066994015393972e-05,-0.022497888072393835,24.000011086463928,4.982769072055817,0.0033154822303913534,1.0,0.014400315470993519,0.1013747826218605,0.014759743586182594,0.0876423791050911,0.0032079648226499557,-0.677446186542511,0.6277493480592966,0.474944238550961,0.6904575023800135,0.32018608413636684,0.3289056057110429,0.6286014411598444,0.3138472978025675,0.4803365543484688,0.7198154535144567,0.45940708834677935,0.7716352827847004,0.793438870459795,0.3907116772606969,0.7140458468347788,0.9999088477343321,0.9999511726200581,0.220947265625,0.279052734375,0.2664794921875,0.2335205078125,0.24017135798931122,0.2920673191547394,52,0.24131514132022858,0.21394231915473938,0.25961539149284363,0.2343750149011612,0.30024510622024536,51,0.23845666646957397,0.2389705926179886,0.2444853037595749,0.21629902720451355,0.2506127655506134,51,0.24414926767349243,0.25245100259780884,0.2444853037595749,0.25245100259780884,0.2248774617910385,51,0.23719164729118347,0.18321079015731812,0.2928921580314636,0.29901960492134094,0.28492647409439087,51,0.23972168564796448,0.21629902720451355,0.2591911852359772,0.2395833432674408,2.859254837036133,0.5001312494277954,0.10086990892887115,0.35095489025115967,-0.008003612980246544,0.0,0.0,2.8645894527435303,0.49883824586868286,0.10123369097709656,0.35145294666290283,-0.007167907897382975,0.0,2.87001371383667,0.5036282539367676,0.10018518567085266,0.35001686215400696,-0.007969368249177933,0.0,2.8597066402435303,0.4979379177093506,0.10155235230922699,0.35141465067863464,-0.006515660788863897,0.0,2.8721044063568115,0.4937376081943512,0.10292814671993256,0.3537663519382477,-0.0073579587042331696,0.0,2.87760329246521,0.4976266026496887,0.10276450961828232,0.3526511490345001,-0.006745986174792051
24,0.6707670483738184,0.0184326171875,0.0034912110186269274,0.42177035566419363,0.6707670483738184,0.3719482421875,0.0316246462170966,0.11379479174502194,0.05528731574304402,3.4609003141522408,0.7693168763071299,0.118896484375,1.27393297757461e-05,-0.023873896338045597,20.99319636821747,4.974749863147736,0.0033629553363425657,1.0,0.014013858512043953,0.10078898817300797,0.013772151432931423,0.08620565384626389,0.0032680383883416653,-0.6779012084007263,0.6243240423500538,0.47516945376992226,0.6845115423202515,0.3186779413372278,0.3304792009294033,0.6258992943912745,0.2808087468147278,0.4745012857019901,0.7208460085093975,0.45747835375368595,0.7693168763071299,0.794388810172677,0.39174164924770594,0.7114547695964575,0.999950472265482,0.9998046904802322,0.24267578125,0.2603759765625,0.2645263671875,0.232421875,0.23815523087978363,0.2475961595773697,52,0.2388337403535843,0.25360578298568726,0.2554086744785309,0.24338942766189575,0.24754902720451355,51,0.24288424849510193,0.2555147111415863,0.2512255012989044,0.24571079015731812,0.28431373834609985,51,0.23782415688037872,0.2236519753932953,0.28370100259780884,0.2083333432674408,0.23590686917304993,51,0.23339657485485077,0.23713235557079315,0.2598039209842682,0.2671568691730499,0.2653186321258545,51,0.23782415688037872,0.24325981736183167,0.26286765933036804,0.22855393588542938,2.8441832065582275,0.5024142265319824,0.10339973866939545,0.3558216094970703,-0.006684551015496254,0.0,0.0,2.852299451828003,0.5017320513725281,0.10134700685739517,0.3523055613040924,-0.008595803752541542,0.0,2.8534350395202637,0.5000150799751282,0.10130634903907776,0.3526308536529541,-0.007766637019813061,0.0,2.8752875328063965,0.4993126094341278,0.10119766741991043,0.35131269693374634,-0.0063858176581561565,0.0,2.847747325897217,0.4966747462749481,0.10214142501354218,0.3528966009616852,-0.007061310112476349,0.0,2.873128890991211,0.49688035249710083,0.10173820704221725,0.3517109155654907,-0.006822630763053894
25,0.6712176501750946,0.018798828125,0.003540039120707661,0.42217694129794836,0.6712176501750946,0.366943359375,0.031695990182925016,0.11144498107023537,0.053000375046394765,3.3046456426382065,0.7727568577975035,0.11822509765625,2.151891768598091e-05,-0.023332049648161046,20.704697370529175,4.976822376251221,0.0033510675275465474,0.9949494949494949,0.013944556936621666,0.1009717509150505,0.01399665605276823,0.08653313666582108,0.0032538804225623608,-0.6777632832527161,0.6222139038145542,0.47398343309760094,0.687716705724597,0.3185431230813265,0.3219368001446128,0.6261059064418077,0.292940023355186,0.4669816931709647,0.7180993817746639,0.45896383561193943,0.7727568577975035,0.7955498602241278,0.3925929144024849,0.7146369647234678,0.9999171774834394,0.9997802767902613,0.226806640625,0.267822265625,0.2608642578125,0.2445068359375,0.23513104021549225,0.25901442766189575,52,0.23076923191547394,0.2367788553237915,0.2758413553237915,0.22836539149284363,0.27879902720451355,51,0.23529410362243652,0.20220589637756348,0.26776960492134094,0.2512255012989044,0.2824755012989044,51,0.23339657485485077,0.22303922474384308,0.24142158031463623,0.25306373834609985,0.25,51,0.24541428685188293,0.2352941334247589,0.2561274468898773,0.25857844948768616,0.2604166865348816,51,0.23086653649806976,0.23651961982250214,0.26286765933036804,0.240196093916893,2.8503074645996094,0.4992230236530304,0.1020989939570427,0.35304421186447144,-0.00778906000778079,0.0,0.0,2.8576736450195312,0.5004491806030273,0.10101138800382614,0.35217881202697754,-0.008273469284176826,0.0,2.8513402938842773,0.5000189542770386,0.10207164287567139,0.35305067896842957,-0.008036757819354534,0.0,2.8593990802764893,0.5004348754882812,0.10117149353027344,0.35171279311180115,-0.0074970959685742855,0.0,2.8510329723358154,0.49621912837028503,0.10245724767446518,0.3524938225746155,-0.00728484196588397,0.0,2.8604390621185303,0.4946569800376892,0.10240684449672699,0.3515998423099518,-0.006211026106029749
26,0.6687550619244576,0.018798828125,0.0035400391407165444,0.4417632659897208,0.6687550619244576,0.377685546875,0.036034552671480924,0.10849870555102825,0.05838202254381031,3.282452754676342,0.7737408559769392,0.118896484375,6.177928534939481e-05,-0.023470867483410984,21.599753618240356,4.969814836978912,0.0033908234036061913,0.9747474747474747,0.013672311790287495,0.1018461212515831,0.013068605214357376,0.08658833801746368,0.0032853707671165466,-0.6782963871955872,0.6146529521793127,0.48142861016094685,0.6814479660242796,0.3167174067348242,0.3252128306776285,0.631758738309145,0.2940039848908782,0.4685564124956727,0.7199126351624727,0.45650752913206816,0.7737408559769392,0.7943888083100319,0.38963066320866346,0.7089353762567043,0.9997851699590683,0.9997802767902613,0.2353515625,0.2574462890625,0.2723388671875,0.23486328125,0.24017135798931122,0.2289663553237915,52,0.23759305477142334,0.27704328298568726,0.26742789149284363,0.2265625149011612,0.2389705926179886,51,0.24478177726268768,0.23774510622024536,0.2769607901573181,0.24632354080677032,0.2665441334247589,51,0.23845666646957397,0.22855393588542938,0.2561274468898773,0.24877451360225677,0.21691177785396576,51,0.23466159403324127,0.21446079015731812,0.27941176295280457,0.28921568393707275,0.2720588445663452,51,0.24541428685188293,0.21813726425170898,0.27389708161354065,0.23590686917304993,2.857997179031372,0.4976617693901062,0.10133040696382523,0.3511800765991211,-0.007968643680214882,0.0,0.0,2.8651700019836426,0.5023293495178223,0.10080758482217789,0.3511405885219574,-0.008560885675251484,0.0,2.8571300506591797,0.5018355846405029,0.10211565345525742,0.3527103364467621,-0.007650294806808233,0.0,2.8641350269317627,0.5006279349327087,0.10131944715976715,0.35191547870635986,-0.007503362372517586,0.0,2.8585259914398193,0.4967362880706787,0.10257601737976074,0.35211101174354553,-0.00861249677836895,0.0,2.867079019546509,0.4980829358100891,0.10269905626773834,0.35123705863952637,-0.006818947847932577
27,0.667819082736969,0.0177001953125,0.0032714844292058842,0.43680338468402624,0.667819082736969,0.37274169921875,0.03424078394891694,0.11824986152350903,0.05659944214858115,3.546639420092106,0.7701862901449203,0.11859130859375,2.8876227284868605e-05,-0.023957386438269168,21.195440649986267,4.96728977560997,0.003412588805076666,0.9545454545454546,0.013922147452831268,0.10177943110466003,0.013719301670789719,0.08692941069602966,0.0033080289140343666,-0.6785886883735657,0.6215534247457981,0.4739790093153715,0.6742212567478418,0.31797520257532597,0.32100016437470913,0.6248248796910048,0.2719711330719292,0.4738537799566984,0.7127756141126156,0.4557250654324889,0.7701862901449203,0.794916557148099,0.3892139447852969,0.7084372993558645,0.9998888820409775,0.9997314494103193,0.2327880859375,0.2744140625,0.259521484375,0.2332763671875,0.2397933453321457,0.270432710647583,52,0.23697270452976227,0.23918269574642181,0.27764424681663513,0.21274039149284363,0.28002452850341797,51,0.24288424849510193,0.25306373834609985,0.22303922474384308,0.24387255311012268,0.24632354080677032,51,0.23782415688037872,0.22058823704719543,0.28002452850341797,0.25306373834609985,0.21507354080677032,51,0.24414926767349243,0.2291666716337204,0.29963237047195435,0.2561274468898773,0.2604166865348816,51,0.23719164729118347,0.22181373834609985,0.2757353186607361,0.24203431606292725,2.863396167755127,0.501943826675415,0.10183674097061157,0.35090500116348267,-0.008392047137022018,0.0,0.0,2.862886905670166,0.5015894770622253,0.1010037213563919,0.35155701637268066,-0.008480489253997803,0.0,2.8511478900909424,0.503802478313446,0.10094750672578812,0.3508039116859436,-0.008170084096491337,0.0,2.851083993911743,0.49859803915023804,0.10275831073522568,0.3532305061817169,-0.0065810480155050755,0.0,2.8677124977111816,0.4966459274291992,0.1011950895190239,0.35113415122032166,-0.007563878782093525,0.0,2.8589131832122803,0.4985748827457428,0.10218188911676407,0.35206881165504456,-0.008012870326638222
28,0.670805748552084,0.01806640625,0.003466796921202331,0.4345074659213424,0.670805748552084,0.37371826171875,0.030217550054658204,0.11245546699501574,0.05808435415383428,3.324734650552273,0.7718965094536543,0.1187744140625,2.678384819362889e-05,-0.02277205206337385,20.24336886405945,4.966909885406494,0.0032940622186288238,0.9343434343434344,0.013725505210459232,0.1010555848479271,0.013537946157157421,0.08532288670539856,0.003202887950465083,-0.6790324449539185,0.6143567748367786,0.4791726563125849,0.686929089948535,0.3188431579619646,0.3246925203129649,0.6301774196326733,0.30128989182412624,0.46982317976653576,0.7147399466484785,0.4601761857047677,0.7718965094536543,0.7945999167859554,0.39104830008000135,0.7059636395424604,0.9998981039971113,0.9998535178601742,0.2391357421875,0.2601318359375,0.2537841796875,0.2469482421875,0.2397933453321457,0.26201924681663513,52,0.24131514132022858,0.23557692766189575,0.2662259638309479,0.23617789149284363,0.2450980544090271,51,0.23466159403324127,0.2616421580314636,0.25183823704719543,0.24142158031463623,0.25245100259780884,51,0.24098670482635498,0.240196093916893,0.23774510622024536,0.2696078419685364,0.2610294222831726,51,0.23782415688037872,0.20649510622024536,0.2616421580314636,0.2708333432674408,0.24203431606292725,51,0.24414926767349243,0.25183823704719543,0.27941176295280457,0.22671569883823395,2.863128185272217,0.49929872155189514,0.10236535966396332,0.3534180521965027,-0.007432800251990557,0.0,0.0,2.8593976497650146,0.5024980306625366,0.10139728337526321,0.3531164228916168,-0.008740519173443317,0.0,2.858854293823242,0.5034521818161011,0.10147757828235626,0.35209372639656067,-0.008094207383692265,0.0,2.8467214107513428,0.5029476284980774,0.10219740867614746,0.3524932861328125,-0.007212668191641569,0.0,2.847689151763916,0.49583637714385986,0.10287150740623474,0.35379186272621155,-0.007564868777990341,0.0,2.8699724674224854,0.4984608292579651,0.10082178562879562,0.35066449642181396,-0.007113900501281023
29,0.6704537719488144,0.0201416015625,0.0037841797802684596,0.4473926844075322,0.6704537719488144,0.37310791015625,0.03349533386062831,0.11075463332235813,0.06208798196166754,3.212146870791912,0.7706223390996456,0.11810302734375,4.519627182597574e-05,-0.025220185052603483,21.22287881374359,4.964373677968979,0.0033990710362559184,0.9141414141414141,0.013802745379507542,0.10126487165689468,0.013155482709407806,0.08609207719564438,0.003308414714410901,-0.6782562136650085,0.6076534036546946,0.4733087904751301,0.6845084615051746,0.32231538742780685,0.322341320104897,0.6234160270541906,0.3071752358227968,0.47084314562380314,0.7169090118259192,0.4540839195251465,0.7706223390996456,0.7957609668374062,0.3895777128636837,0.7079112473875284,0.9998332057148218,0.9997558631002903,0.2283935546875,0.2764892578125,0.2567138671875,0.2384033203125,0.2353830635547638,0.27524039149284363,52,0.2338709682226181,0.21754808723926544,0.26923078298568726,0.23798078298568726,0.2696078419685364,51,0.23466159403324127,0.20526961982250214,0.2653186321258545,0.2598039209842682,0.262254923582077,51,0.23845666646957397,0.2512255012989044,0.2647058963775635,0.22181373834609985,0.21629902720451355,51,0.23466159403324127,0.25,0.29473039507865906,0.2389705926179886,0.2450980544090271,51,0.23529410362243652,0.21813726425170898,0.280637264251709,0.2561274468898773,2.8802738189697266,0.4982820153236389,0.10099439322948456,0.35270532965660095,-0.007734230253845453,0.0,0.0,2.858011245727539,0.5006189942359924,0.10117825865745544,0.3535848557949066,-0.007605988532304764,0.0,2.844240665435791,0.49999791383743286,0.10268060117959976,0.3542441427707672,-0.0086947837844491,0.0,2.8703699111938477,0.5038892030715942,0.1008438840508461,0.3514428734779358,-0.0077852304093539715,0.0,2.864652156829834,0.4960435926914215,0.10079038143157959,0.35084930062294006,-0.007128723431378603,0.0,2.853574275970459,0.49676477909088135,0.10276506096124649,0.35291460156440735,-0.007854980416595936
30,0.6649963911622763,0.017822265625,0.0033691406933940016,0.4383804751560092,0.6649963911622763,0.37164306640625,0.03698843962047249,0.116393061587587,0.059896470862440765,3.3050270453095436,0.7672933153808117,0.11810302734375,3.457153461772222e-05,-0.022007395746186376,21.690991401672363,4.967302471399307,0.0032886419649003074,0.8939393939393939,0.014014541171491146,0.10103652626276016,0.013627788983285427,0.08492361754179001,0.0031928475946187973,-0.6779872179031372,0.6191608291119337,0.4714088477194309,0.6673558745533228,0.3167155412957072,0.3197529884055257,0.6213845778256655,0.2722162865102291,0.47218239959329367,0.7131576966494322,0.451538959518075,0.7672933153808117,0.7957609631121159,0.38264819979667664,0.7113565988838673,0.9998709671199322,0.9998046904802322,0.227294921875,0.2725830078125,0.26123046875,0.2388916015625,0.23991934955120087,0.27524039149284363,52,0.24193547666072845,0.2133413553237915,0.26382213830947876,0.2475961595773697,0.27757352590560913,51,0.23908917605876923,0.25306373834609985,0.2506127655506134,0.2187500149011612,0.24632354080677032,51,0.23972168564796448,0.2242647111415863,0.26838237047195435,0.2610294222831726,0.2291666716337204,51,0.23782415688037872,0.22181373834609985,0.280637264251709,0.26838237047195435,0.2549019753932953,51,0.24098670482635498,0.2242647111415863,0.28308823704719543,0.23774510622024536,2.8607356548309326,0.5011695623397827,0.09989748895168304,0.3517768979072571,-0.007019057869911194,0.0,0.0,2.8551859855651855,0.5010401606559753,0.10137468576431274,0.3532181680202484,-0.0079327542334795,0.0,2.8559834957122803,0.5000854134559631,0.10037346184253693,0.35178354382514954,-0.007080326322466135,0.0,2.8472721576690674,0.5016453862190247,0.10249770432710648,0.35333186388015747,-0.007612983696162701,0.0,2.858743190765381,0.4953131675720215,0.10152987390756607,0.35231292247772217,-0.006340609863400459,0.0,2.8629181385040283,0.49734416604042053,0.1011418029665947,0.35221192240715027,-0.006028380244970322
31,0.6646036971360445,0.0198974609375,0.003759765759241418,0.45141742285341024,0.6646036971360445,0.37139892578125,0.03405429021222517,0.12290856894105673,0.0541126528987661,3.652477629482746,0.7750978767871857,0.11834716796875,3.524956476719243e-05,-0.02292417618446052,17.572145223617554,4.961810797452927,0.003354825923452154,0.8737373737373737,0.013817996717989445,0.10135547816753387,0.013864175416529179,0.08580809831619263,0.0032367194071412086,-0.6775703430175781,0.6078949421644211,0.4711526408791542,0.6858149152249098,0.318337413482368,0.32432617899030447,0.623172502964735,0.2778311693109572,0.4688179548829794,0.7115054540336132,0.44888722710311413,0.7750978767871857,0.7953387554734945,0.3855805052444339,0.7071823328733444,0.9998678471893072,0.9997802767902613,0.222412109375,0.274658203125,0.2606201171875,0.2423095703125,0.23752519488334656,0.26201924681663513,52,0.23449131846427917,0.2265625149011612,0.25360578298568726,0.2578125,0.25367647409439087,51,0.24161921441555023,0.23284314572811127,0.23651961982250214,0.2769607901573181,0.27328431606292725,51,0.23339657485485077,0.23039215803146362,0.2671568691730499,0.2291666716337204,0.2242647111415863,51,0.24225172400474548,0.22671569883823395,0.2757353186607361,0.27328431606292725,0.27267158031463623,51,0.23592661321163177,0.19546569883823395,0.30882352590560913,0.22303922474384308,2.837796926498413,0.49920132756233215,0.10292821377515793,0.3549705445766449,-0.006978659890592098,0.0,0.0,2.8400986194610596,0.4995666444301605,0.10209456086158752,0.3544563353061676,-0.007303851656615734,0.0,2.8378729820251465,0.5010502338409424,0.10230148583650589,0.3532792627811432,-0.007760799489915371,0.0,2.871173143386841,0.5012075304985046,0.10129544883966446,0.3527994453907013,-0.00735133932903409,0.0,2.853898763656616,0.4976116418838501,0.10229866206645966,0.35374054312705994,-0.006659599021077156,0.0,2.87469482421875,0.4953634738922119,0.10204729437828064,0.35201796889305115,-0.006660529412329197
32,0.6595490146428347,0.01806640625,0.0034423828928993316,0.46192599181085825,0.6595490146428347,0.36859130859375,0.0385613520629704,0.11943181743845344,0.06585871672723442,3.314535140991211,0.770146831870079,0.118408203125,1.7441746422541815e-05,-0.02509293079492636,17.44784951210022,4.959956675767899,0.0033211617410415784,0.8535353535353535,0.013525123707950115,0.1018349751830101,0.013485079631209373,0.08620727062225342,0.0031895730644464493,-0.6777169108390808,0.5939277596771717,0.4602854307740927,0.6641832031309605,0.30848464742302895,0.31280472315847874,0.610554302111268,0.2726576183922589,0.472799327224493,0.7080777063965797,0.44645814318209887,0.770146831870079,0.7952332124114037,0.3870336962863803,0.7064815629273653,0.9999329447746277,0.9998291041702032,0.2186279296875,0.27880859375,0.2664794921875,0.236083984375,0.23790322244167328,0.2740384638309479,52,0.24193547666072845,0.2163461595773697,0.2572115361690521,0.2524038553237915,0.2653186321258545,51,0.24161921441555023,0.22732843458652496,0.24387255311012268,0.26348039507865906,0.2916666865348816,51,0.23719164729118347,0.20465686917304993,0.262254923582077,0.24142158031463623,0.2077205926179886,51,0.23655913770198822,0.21200981736183167,0.2861519753932953,0.29411765933036804,0.2751225531101227,51,0.23213155567646027,0.23284314572811127,0.2769607901573181,0.21507354080677032,2.8697640895843506,0.5019601583480835,0.09987188875675201,0.3505672812461853,-0.007525159977376461,0.0,0.0,2.847794532775879,0.5000839233398438,0.10174078494310379,0.3545401096343994,-0.006363205146044493,0.0,2.8401095867156982,0.5028438568115234,0.10156401246786118,0.3534213900566101,-0.0063018398359417915,0.0,2.8599610328674316,0.5013688802719116,0.10137572139501572,0.3532322943210602,-0.007317255716770887,0.0,2.861083984375,0.497925341129303,0.10213971138000488,0.35277923941612244,-0.006762271746993065,0.0,2.881051778793335,0.49819812178611755,0.10123598575592041,0.3511941432952881,-0.006529376842081547
33,0.6666964553296566,0.017578125,0.0033203125567524694,0.44638984370976686,0.6666964553296566,0.3682861328125,0.033216343028470874,0.11191719328053296,0.05879187141545117,3.288520209491253,0.7742214854806662,0.1180419921875,4.480356084798215e-05,-0.022975486441282555,16.926274001598358,4.960752964019775,0.003189589609974064,0.8333333333333334,0.013686584308743477,0.10100869089365005,0.01369547750800848,0.08554674685001373,0.0030917194671928883,-0.6778057217597961,0.6117036920040846,0.4632475068792701,0.6761049628257751,0.3170067723840475,0.3172947186976671,0.6166453845798969,0.28890275675803423,0.48083566781133413,0.7153324317187071,0.45159290824085474,0.7742214854806662,0.7958665154874325,0.3848589053377509,0.7125130966305733,0.9998335540294647,0.9998046904802322,0.2132568359375,0.277587890625,0.264892578125,0.2442626953125,0.23739919066429138,0.27223557233810425,52,0.23821339011192322,0.20793269574642181,0.27223557233810425,0.2475961595773697,0.2757353186607361,51,0.23592661321163177,0.2132353037595749,0.2555147111415863,0.2555147111415863,0.2708333432674408,51,0.23655913770198822,0.2352941334247589,0.24142158031463623,0.25245100259780884,0.22549019753932953,51,0.23972168564796448,0.21629902720451355,0.2757353186607361,0.2824755012989044,0.27267158031463623,51,0.23655913770198822,0.1936274617910385,0.293504923582077,0.240196093916893,2.819042682647705,0.5011610984802246,0.10264991223812103,0.3536432385444641,-0.006084814667701721,0.0,0.0,2.851062059402466,0.5016716718673706,0.10208576172590256,0.35402819514274597,-0.0059983814135193825,0.0,2.8477909564971924,0.5031090378761292,0.10185753554105759,0.3530290722846985,-0.0058295950293540955,0.0,2.8615801334381104,0.5025690197944641,0.10088984668254852,0.3523859679698944,-0.006226885598152876,0.0,2.846364736557007,0.4967048764228821,0.10236839950084686,0.35310259461402893,-0.005164139438420534,0.0,2.8665616512298584,0.49679914116859436,0.10248416662216187,0.35191988945007324,-0.006948491092771292
34,0.6684033013880253,0.0201416015625,0.0038818360117147677,0.436999854631722,0.6684033013880253,0.370849609375,0.03218738018767908,0.1138242098968476,0.053480110480450094,3.6437475457787514,0.7740424238145351,0.11810302734375,2.2272786244864617e-05,-0.02337167813675478,19.55087447166443,4.957003057003021,0.0030399207316804677,0.8131313131313131,0.014262411743402481,0.10134825855493546,0.014305958524346352,0.08689023554325104,0.00295633589848876,-0.6774263381958008,0.6137841027230024,0.4748703269287944,0.6817692760378122,0.3118015881627798,0.32419435027986765,0.6282539255917072,0.2849261644296348,0.4742190632969141,0.716406149789691,0.4575444431975484,0.7740424238145351,0.7957609612494707,0.3847940992563963,0.7107336893677711,0.9999165013432503,0.9998535178601742,0.21240234375,0.2774658203125,0.2816162109375,0.228515625,0.237273171544075,0.2842548191547394,52,0.23014888167381287,0.2085336595773697,0.2764423191547394,0.23076924681663513,0.25245100259780884,51,0.24161921441555023,0.2083333432674408,0.29411765933036804,0.2450980544090271,0.28492647409439087,51,0.23466159403324127,0.20710785686969757,0.27389708161354065,0.2340686321258545,0.19424019753932953,51,0.23908917605876923,0.22610294818878174,0.2910539209842682,0.28860294818878174,0.2751225531101227,51,0.24098670482635498,0.21200981736183167,0.27450981736183167,0.23835785686969757,2.834231376647949,0.49827253818511963,0.10141336917877197,0.3527909815311432,-0.004940742161124945,0.0,0.0,2.8534693717956543,0.5006623268127441,0.10105250775814056,0.3522903025150299,-0.0045508346520364285,0.0,2.85007381439209,0.5003058314323425,0.10235430300235748,0.3542936444282532,-0.0059098899364471436,0.0,2.8573689460754395,0.501403272151947,0.10200977325439453,0.3532620966434479,-0.006237350404262543,0.0,2.8672242164611816,0.49617692828178406,0.10155768692493439,0.3514336049556732,-0.005130686331540346,0.0,2.848581075668335,0.49780136346817017,0.10265979170799255,0.35208985209465027,-0.005453845486044884
35,0.6710899826139212,0.018798828125,0.0036132813274889486,0.4264570716768503,0.6710899826139212,0.36126708984375,0.03083621693076566,0.11109331692568958,0.05297266959678382,3.584982767701149,0.770685575902462,0.1180419921875,6.511677047305042e-05,-0.023176631366368383,17.567120850086212,4.952783167362213,0.0032328070665244013,0.7929292929292929,0.01435190811753273,0.10106416046619415,0.014152009040117264,0.08576404303312302,0.0031404676847159863,-0.6779996752738953,0.6204514540731907,0.4821407897397876,0.6887861974537373,0.3177510164678097,0.33280831295996904,0.6332633905112743,0.28994467854499817,0.47582392673939466,0.7194023169577122,0.45682431664317846,0.770685575902462,0.7958665117621422,0.38747794181108475,0.7032554633915424,0.999770063906908,0.9998535178601742,0.2225341796875,0.283447265625,0.2652587890625,0.228759765625,0.2387852817773819,0.2836538553237915,52,0.23697270452976227,0.23317308723926544,0.2506009638309479,0.23257212340831757,0.3082107901573181,51,0.23845666646957397,0.2083333432674408,0.24754902720451355,0.23590686917304993,0.2971813976764679,51,0.23972168564796448,0.21629902720451355,0.2720588445663452,0.21446079015731812,0.22855393588542938,51,0.23845666646957397,0.2236519753932953,0.2610294222831726,0.2867647111415863,0.2696078419685364,51,0.24035419523715973,0.23100490868091583,0.2671568691730499,0.23223039507865906,2.872368335723877,0.4971334934234619,0.10165838897228241,0.35155534744262695,-0.0041930279694497585,0.0,0.0,2.8480923175811768,0.5012497305870056,0.10097940266132355,0.35198116302490234,-0.0043624211102724075,0.0,2.848961114883423,0.5002783536911011,0.10085901618003845,0.35179340839385986,-0.006274855695664883,0.0,2.8682591915130615,0.4999050498008728,0.10134129226207733,0.3516671657562256,-0.004755372181534767,0.0,2.8424885272979736,0.49492213129997253,0.10258268564939499,0.3539365530014038,-0.003968519624322653,0.0,2.860630512237549,0.4959411025047302,0.10252510011196136,0.35182586312294006,-0.005088517442345619
36,0.6711454708129168,0.017578125,0.0034179688391304808,0.41754358168691397,0.6711454708129168,0.36273193359375,0.030934021633584052,0.11119010858237743,0.05549541371874511,3.264457128942013,0.764259522780776,0.11773681640625,3.5307147648825884e-05,-0.023302170739043504,19.657362937927246,4.947147190570831,0.0032916370837483555,0.7727272727272727,0.014108513481914997,0.1014832854270935,0.014579780399799347,0.08594594150781631,0.0032036106567829847,-0.6775636076927185,0.6253721043467522,0.4788298662751913,0.6902128700166941,0.313692850060761,0.33081008959561586,0.6291624251753092,0.29842451866716146,0.47810026071965694,0.7162291668355465,0.4582578847184777,0.764259522780776,0.7963942643254995,0.38121725153177977,0.7135304193943739,0.9998707119375467,0.9999023452401161,0.221923828125,0.2921142578125,0.2601318359375,0.225830078125,0.23664313554763794,0.29807692766189575,52,0.23573200404644012,0.24699519574642181,0.24098558723926544,0.21394231915473938,0.27879902720451355,51,0.23908917605876923,0.21446079015731812,0.2769607901573181,0.2297794222831726,0.2916666865348816,51,0.22833648324012756,0.21017158031463623,0.2542892098426819,0.24387255311012268,0.22610294818878174,51,0.24035419523715973,0.2352941334247589,0.2873774468898773,0.2512255012989044,0.27757352590560913,51,0.23972168564796448,0.20220589637756348,0.30453431606292725,0.21568627655506134,2.834784507751465,0.49733734130859375,0.10265202075242996,0.3538961708545685,-0.005068792961537838,0.0,0.0,2.863701581954956,0.5012196898460388,0.09979509562253952,0.35154491662979126,-0.0051167928613722324,0.0,2.86698055267334,0.4993148744106293,0.10173635929822922,0.35332685708999634,-0.004524948541074991,0.0,2.862586736679077,0.5002298951148987,0.10127799212932587,0.3523434102535248,-0.005326989572495222,0.0,2.8525657653808594,0.4953767955303192,0.10100433230400085,0.35274937748908997,-0.004063601605594158,0.0,2.8665454387664795,0.4961337745189667,0.10191643238067627,0.35123908519744873,-0.005249876994639635
37,0.6679083742201328,0.0186767578125,0.003588867257349193,0.4448090409860015,0.6679083742201328,0.35980224609375,0.034559087769594043,0.11414231429807842,0.05796842335257679,3.21253302693367,0.7693593762814999,0.11773681640625,3.2022943435461304e-05,-0.02603608975186944,19.7069354057312,4.939497202634811,0.003143303852993995,0.7525252525252525,0.013631977140903473,0.10127732902765274,0.014607010409235954,0.08615867048501968,0.003053187858313322,-0.6769152879714966,0.6129854712635279,0.47038242034614086,0.6788958422839642,0.31098423805087805,0.31876569986343384,0.6203976329416037,0.3017266495153308,0.477885153144598,0.7071758937090635,0.45113529544323683,0.7693593762814999,0.7963942680507898,0.3838833048939705,0.7159028016030788,0.9998808950185776,0.9998535178601742,0.2109375,0.2855224609375,0.277099609375,0.2264404296875,0.23676913976669312,0.293870210647583,52,0.23511165380477905,0.21213942766189575,0.24819712340831757,0.24579328298568726,0.2751225531101227,51,0.23592661321163177,0.21568627655506134,0.31127452850341797,0.1979166716337204,0.2879902124404907,51,0.24035419523715973,0.22242647409439087,0.2598039209842682,0.2297794222831726,0.23100490868091583,51,0.23972168564796448,0.22120098769664764,0.29473039507865906,0.25306373834609985,0.3137255012989044,51,0.23276406526565552,0.18321079015731812,0.2757353186607361,0.22732843458652496,2.8604955673217773,0.49845725297927856,0.10203424096107483,0.3545292615890503,-0.005350466817617416,0.0,0.0,2.8551721572875977,0.5010547637939453,0.10084746778011322,0.3530694544315338,-0.004629594273865223,0.0,2.869882345199585,0.49951884150505066,0.1014057844877243,0.353301465511322,-0.005609222687780857,0.0,2.860697031021118,0.5002828240394592,0.10079041868448257,0.35266464948654175,-0.0051850825548172,0.0,2.8534607887268066,0.4963517487049103,0.1012958213686943,0.3522186279296875,-0.005217977799475193,0.0,2.8726179599761963,0.49693119525909424,0.1034180149435997,0.35345420241355896,-0.005770742893218994
38,0.6668103355914354,0.019287109375,0.003710937560754246,0.44059417489916086,0.6668103355914354,0.36456298828125,0.030696154339239,0.11682996735908091,0.05536967585794628,3.234760209918022,0.7624969650059938,0.1187744140625,4.624990011126151e-05,-0.023626859387150034,19.89277219772339,4.942779034376144,0.00320118575473316,0.7323232323232324,0.013688158243894577,0.1011955738067627,0.013460474088788033,0.08437113463878632,0.003115258179605007,-0.6778614521026611,0.6112518832087517,0.4752053078263998,0.6837747432291508,0.3196774898096919,0.32458477187901735,0.6286796294152737,0.2860515508800745,0.46576108038425446,0.7105931770056486,0.45459419302642345,0.7624969650059938,0.7945999186486006,0.379028563387692,0.7127808649092913,0.9998284801840782,0.999853515997529,0.228271484375,0.2794189453125,0.2623291015625,0.22998046875,0.24004535377025604,0.2758413553237915,52,0.2406947910785675,0.21153846383094788,0.270432710647583,0.2421875149011612,0.262254923582077,51,0.24225172400474548,0.25735294818878174,0.25735294818878174,0.22303922474384308,0.31127452850341797,51,0.23908917605876923,0.21507354080677032,0.2696078419685364,0.20404411852359772,0.24264706671237946,51,0.24098670482635498,0.21997550129890442,0.2855392396450043,0.25183823704719543,0.262254923582077,51,0.23719164729118347,0.23774510622024536,0.262254923582077,0.23774510622024536,2.858576774597168,0.4985867738723755,0.10273019969463348,0.3539136052131653,-0.004404761828482151,0.0,0.0,2.86163330078125,0.4995743930339813,0.101148821413517,0.3527613580226898,-0.004992205183953047,0.0,2.86445951461792,0.49941614270210266,0.10047159343957901,0.3510420322418213,-0.004815657157450914,0.0,2.8815758228302,0.4994273781776428,0.0999741479754448,0.35056567192077637,-0.0047242650762200356,0.0,2.8506884574890137,0.4982762336730957,0.10119276493787766,0.3514353632926941,-0.005119833629578352,0.0,2.8547203540802,0.4978117346763611,0.10220853239297867,0.35104262828826904,-0.00445076497271657
39,0.6680169738829136,0.019287109375,0.0036865235033474164,0.43573988135904074,0.6680169738829136,0.3631591796875,0.03428150061517954,0.11432742327451706,0.055956338881514966,3.400484561920166,0.7586057353764772,0.11627197265625,8.668333095762648e-06,-0.0240783819463104,17.592950522899628,4.927975982427597,0.0030675841408083215,0.7121212121212122,0.014371649362146854,0.10091418027877808,0.014589386992156506,0.08593524247407913,0.002970075234770775,-0.6784219741821289,0.6171052772551775,0.4723212579265237,0.680401498451829,0.31347248423844576,0.32661611679941416,0.6254144925624132,0.2950738100335002,0.4753873897716403,0.7156342100352049,0.454194625839591,0.7586057353764772,0.7989274617284536,0.3800295190885663,0.7097618132829666,0.9999665953218937,0.9998291041702032,0.2176513671875,0.3028564453125,0.267333984375,0.212158203125,0.23475301265716553,0.28485578298568726,52,0.231389582157135,0.20372596383094788,0.27163463830947876,0.2397836595773697,0.30575981736183167,51,0.22960150241851807,0.2242647111415863,0.2665441334247589,0.2034313827753067,0.30024510622024536,51,0.23339657485485077,0.2389705926179886,0.2555147111415863,0.20526961982250214,0.2028186321258545,51,0.24667930603027344,0.20955882966518402,0.3192402124404907,0.26838237047195435,0.27450981736183167,51,0.23276406526565552,0.21200981736183167,0.30453431606292725,0.2089460790157318,2.8665192127227783,0.5005219578742981,0.1014733612537384,0.35403600335121155,-0.004472600761801004,0.0,0.0,2.8500232696533203,0.502065896987915,0.1006917804479599,0.35247790813446045,-0.0046568335965275764,0.0,2.8692808151245117,0.5044390559196472,0.10014687478542328,0.3508986532688141,-0.004941863939166069,0.0,2.875988006591797,0.5001826882362366,0.10023896396160126,0.34935325384140015,-0.004252937622368336,0.0,2.8677237033843994,0.49573302268981934,0.10068348795175552,0.3514584004878998,-0.004124877974390984,0.0,2.8682539463043213,0.49640971422195435,0.10168113559484482,0.3500926196575165,-0.0046401312574744225
40,0.6647461950778961,0.0167236328125,0.003198242269718321,0.4437007838860154,0.6647461950778961,0.372314453125,0.03390753688290715,0.11248966329731047,0.0530387326143682,3.238680139183998,0.7584826592355967,0.1173095703125,2.7342187371104387e-05,-0.023900508414953947,15.622431635856628,4.917732268571854,0.0031551867577945814,0.6919191919191919,0.01402340829372406,0.10131878405809402,0.014008952304720879,0.08580365031957626,0.003050298895686865,-0.679367184638977,0.602517357096076,0.4668804071843624,0.6772820875048637,0.3114179437980056,0.3279217267408967,0.6175458058714867,0.29125674068927765,0.4743197439238429,0.7106669563800097,0.4526945035904646,0.7584826592355967,0.7971330992877483,0.3760906374081969,0.7209320031106472,0.9999033100903034,0.9998535178601742,0.218505859375,0.2869873046875,0.2755126953125,0.218994140625,0.23424898087978363,0.24098558723926544,52,0.23573200404644012,0.22175481915473938,0.29507213830947876,0.2421875149011612,0.30392158031463623,51,0.23149904608726501,0.2028186321258545,0.262254923582077,0.23100490868091583,0.2824755012989044,51,0.23908917605876923,0.2077205926179886,0.28982844948768616,0.21997550129890442,0.19178922474384308,51,0.23276406526565552,0.2450980544090271,0.2910539209842682,0.2720588445663452,0.25796568393707275,51,0.23213155567646027,0.21507354080677032,0.3174019753932953,0.20955882966518402,2.869431972503662,0.4986906051635742,0.10065241903066635,0.35304883122444153,-0.0052298009395599365,0.0,0.0,2.8512110710144043,0.5029033422470093,0.10224372893571854,0.3540060818195343,-0.004678777884691954,0.0,2.865499258041382,0.4990655779838562,0.09993705153465271,0.3516845405101776,-0.003651418024674058,0.0,2.876396417617798,0.4993498623371124,0.10030361264944077,0.35242870450019836,-0.003312492510303855,0.0,2.8717939853668213,0.49699023365974426,0.10003149509429932,0.35064056515693665,-0.002659472171217203,0.0,2.8699443340301514,0.4976203441619873,0.10084652155637741,0.34953629970550537,-0.004191818181425333
41,0.665621081367135,0.0201416015625,0.0038574219252041075,0.45639393758028746,0.665621081367135,0.36151123046875,0.031019289162941277,0.11545464466325939,0.05043048469815403,3.497167654335499,0.7618574388325214,0.11834716796875,2.8529542888122705e-05,-0.025107706838753074,18.136919498443604,4.909310519695282,0.0032140574912773445,0.6717171717171717,0.014367276802659035,0.1016540378332138,0.013331128284335136,0.08589275926351547,0.003118390217423439,-0.6804062724113464,0.6028280537575483,0.47064850851893425,0.6867502611130476,0.3111347667872906,0.3310939520597458,0.6217553112655878,0.28811864741146564,0.4768460597842932,0.7137216702103615,0.4529434721916914,0.7618574388325214,0.7953387629240751,0.3786135744303465,0.7184842359274626,0.9998928476125002,0.9998291041702032,0.198486328125,0.2939453125,0.286865234375,0.220703125,0.23840725421905518,0.29507213830947876,52,0.23759305477142334,0.1820913553237915,0.28786060214042664,0.23497596383094788,0.3033088445663452,51,0.23782415688037872,0.20159314572811127,0.262254923582077,0.23284314572811127,0.2984068691730499,51,0.23402908444404602,0.18382354080677032,0.30943629145622253,0.2083333432674408,0.19975490868091583,51,0.24288424849510193,0.21752451360225677,0.2959558963775635,0.2867647111415863,0.2879902124404907,51,0.23972168564796448,0.2077205926179886,0.2769607901573181,0.22732843458652496,2.8744235038757324,0.5006324648857117,0.09976464509963989,0.35121509432792664,-0.003909891005605459,0.0,0.0,2.86045241355896,0.501567542552948,0.10115394741296768,0.35400575399398804,-0.0035152018535882235,0.0,2.8488683700561523,0.5003177523612976,0.10011505335569382,0.351349413394928,-0.0038393731229007244,0.0,2.8870012760162354,0.5035691261291504,0.10089904814958572,0.3533676564693451,-0.0032268657814711332,0.0,2.8713974952697754,0.4985620379447937,0.10001621395349503,0.35151106119155884,-0.0034411761444061995,0.0,2.864914894104004,0.49783453345298767,0.10255470126867294,0.35179921984672546,-0.0030702450312674046
42,0.6646411661058664,0.01806640625,0.003417968866415322,0.44710779655724764,0.6646411661058664,0.35699462890625,0.03299679094925523,0.12445722031407058,0.05534892703872174,3.32636571675539,0.7525254189968109,0.1181640625,2.1283763617319096e-05,-0.02487204782664776,17.529714345932007,4.897890955209732,0.003250588706578128,0.6515151515151515,0.013689620420336723,0.10121429711580276,0.014460974372923374,0.08511195331811905,0.0031575518660247326,-0.6809076070785522,0.6036607995629311,0.4671338815242052,0.6781789232045412,0.3108783131465316,0.3239777563139796,0.6197585389018059,0.29085577465593815,0.48109182994812727,0.7088842522352934,0.45114908274263144,0.7525254189968109,0.7956554051488638,0.3752720160409808,0.7127872370183468,0.9999186620116234,0.9998046904802322,0.199462890625,0.30615234375,0.2664794921875,0.2279052734375,0.23765119910240173,0.28786060214042664,52,0.24007444083690643,0.21394231915473938,0.2896634638309479,0.2085336595773697,0.31495100259780884,51,0.23213155567646027,0.18688726425170898,0.2346813827753067,0.26348039507865906,0.3033088445663452,51,0.23845666646957397,0.1985294222831726,0.2653186321258545,0.23284314572811127,0.22855393588542938,51,0.24035419523715973,0.1979166716337204,0.32659316062927246,0.24693627655506134,0.29534316062927246,51,0.23719164729118347,0.19975490868091583,0.2984068691730499,0.20649510622024536,2.858802318572998,0.5003809332847595,0.09858246892690659,0.349884033203125,-0.0045229848474264145,0.0,0.0,2.86978816986084,0.5024850964546204,0.09948543459177017,0.35246527194976807,-0.0045297048054635525,0.0,2.8385603427886963,0.5022262930870056,0.10014058649539948,0.35215774178504944,-0.004610746167600155,0.0,2.867828130722046,0.5040518045425415,0.09942883253097534,0.35101795196533203,-0.004444093909114599,0.0,2.8570644855499268,0.4962560832500458,0.10010688751935959,0.3506816029548645,-0.004844074137508869,0.0,2.8781638145446777,0.49644115567207336,0.10186249017715454,0.3508321940898895,-0.0032436312176287174
43,0.6650306861847639,0.01806640625,0.003369140704307938,0.4427053742110729,0.6650306861847639,0.3587646484375,0.034744423523079604,0.12188044958747923,0.06251967698335648,3.102098971605301,0.7474896013736725,0.11822509765625,2.1748938092286396e-05,-0.022882909543113783,21.697596073150635,4.8861624002456665,0.0031698259263066575,0.6313131313131313,0.013680984266102314,0.10177577286958694,0.013727406039834023,0.08639013022184372,0.0030633723363280296,-0.6810349822044373,0.6084614023566246,0.46359589882194996,0.6719515193253756,0.31281397491693497,0.32047178503125906,0.616092786192894,0.2929627215489745,0.4853840870782733,0.7084205094724894,0.45146981067955494,0.7474896013736725,0.7955498713999987,0.37411270663142204,0.710671603679657,0.9999178424477577,0.9997558631002903,0.214111328125,0.30126953125,0.265380859375,0.21923828125,0.23714716732501984,0.31069713830947876,52,0.23759305477142334,0.21995192766189575,0.2475961595773697,0.22175481915473938,0.2984068691730499,51,0.23592661321163177,0.20710785686969757,0.27879902720451355,0.21568627655506134,0.3192402124404907,51,0.24288424849510193,0.2089460790157318,0.2653186321258545,0.20649510622024536,0.2291666716337204,51,0.23845666646957397,0.19914215803146362,0.2904411852359772,0.28125,0.2542892098426819,51,0.23086653649806976,0.2352941334247589,0.2873774468898773,0.22303922474384308,2.8360347747802734,0.4988570511341095,0.10038663446903229,0.35232192277908325,-0.0026575238443911076,0.0,0.0,2.87046480178833,0.5007246136665344,0.0988377034664154,0.351522833108902,-0.0044298660941421986,0.0,2.8688366413116455,0.5009423494338989,0.09956749528646469,0.35093507170677185,-0.0043434519320726395,0.0,2.884495258331299,0.5016088485717773,0.09956648200750351,0.35035204887390137,-0.004016065504401922,0.0,2.866349220275879,0.49633529782295227,0.10084971785545349,0.3523638844490051,-0.002793240826576948,0.0,2.8702938556671143,0.4948977828025818,0.1001933142542839,0.3495114743709564,-0.0017723459750413895
44,0.6711258944123983,0.01806640625,0.0034912110004370334,0.4217342296615243,0.6711258944123983,0.3587646484375,0.03176866832654923,0.11889489670284092,0.05334823904559016,3.2896238788962364,0.7467833459377289,0.119384765625,9.746822598244442e-06,-0.026328749634558335,20.758973479270935,4.884975999593735,0.0031989239796530455,0.6111111111111112,0.013723047450184822,0.10125461220741272,0.013838709332048893,0.08462470024824142,0.003112148493528366,-0.6814798712730408,0.6208190098404884,0.4770340584218502,0.6835897266864777,0.3221247037872672,0.31934007722884417,0.6263533029705286,0.3039098037406802,0.47925287391990423,0.714798841625452,0.4564402224496007,0.7467833459377289,0.7935444172471762,0.3716379636898637,0.7120430693030357,0.9999619405716658,0.9998779315501451,0.2120361328125,0.2996826171875,0.2584228515625,0.2298583984375,0.23903729021549225,0.31670674681663513,52,0.23449131846427917,0.19891828298568726,0.2584134638309479,0.22596155107021332,0.31066176295280457,51,0.23782415688037872,0.22242647409439087,0.2450980544090271,0.22181373834609985,0.27389708161354065,51,0.23972168564796448,0.2352941334247589,0.2450980544090271,0.24571079015731812,0.22732843458652496,51,0.24035419523715973,0.20465686917304993,0.3075980544090271,0.2604166865348816,0.28308823704719543,51,0.24288424849510193,0.19914215803146362,0.28921568393707275,0.22855393588542938,2.8606276512145996,0.5004580616950989,0.09965796768665314,0.35042041540145874,-0.003670791629701853,0.0,0.0,2.864794969558716,0.5027191638946533,0.09926917403936386,0.35138118267059326,-0.004436802584677935,0.0,2.8784420490264893,0.5000782012939453,0.09762971103191376,0.35035523772239685,-0.0035872606094926596,0.0,2.859306812286377,0.5005233287811279,0.09945318847894669,0.3517788052558899,-0.004235030151903629,0.0,2.856170177459717,0.4969300925731659,0.10081306844949722,0.35228681564331055,-0.0031191057059913874,0.0,2.866239070892334,0.4962003529071808,0.10155750066041946,0.35166236758232117,-0.003273473819717765
45,0.6687416266649961,0.0185546875,0.0035888672719011083,0.4173650713637471,0.6687416266649961,0.36279296875,0.03255453711608425,0.11524172616191208,0.05309846927411854,3.341916859149933,0.7525353971868753,0.116943359375,3.200091261845728e-05,-0.021403617662144825,21.965576171875,4.879188150167465,0.0030619125318480656,0.5909090909090909,0.013702208176255226,0.10087281465530396,0.014549228362739086,0.08639981597661972,0.002984538208693266,-0.6820354461669922,0.6265577655285597,0.467324236407876,0.6809773221611977,0.3117768857628107,0.3237644452601671,0.620237922295928,0.29023270681500435,0.4874128447845578,0.7144394125789404,0.45569470152258873,0.7525353971868753,0.7977664079517126,0.3757901703938842,0.713270990177989,0.9998813699930906,0.9998779315501451,0.197509765625,0.2994384765625,0.281005859375,0.2220458984375,0.2353830635547638,0.29326924681663513,52,0.2338709682226181,0.19951923191547394,0.2836538553237915,0.22355769574642181,0.2708333432674408,51,0.23466159403324127,0.2132353037595749,0.2665441334247589,0.24938726425170898,0.2910539209842682,51,0.23719164729118347,0.2291666716337204,0.2824755012989044,0.19730393588542938,0.2291666716337204,51,0.23719164729118347,0.17340686917304993,0.3125,0.28492647409439087,0.2873774468898773,51,0.23402908444404602,0.1721813827753067,0.3296568691730499,0.21078431606292725,2.8581371307373047,0.4987550973892212,0.10034864395856857,0.3513692021369934,-0.002880427986383438,0.0,0.0,2.8706698417663574,0.5009980201721191,0.09991580247879028,0.3530595600605011,-0.003941063769161701,0.0,2.8562419414520264,0.5012617707252502,0.09984298050403595,0.3526025116443634,-0.004308801144361496,0.0,2.898134231567383,0.4992884695529938,0.09907516837120056,0.3510182797908783,-0.0035987584851682186,0.0,2.8637726306915283,0.49711665511131287,0.10155210644006729,0.352493554353714,-0.002371059497818351,0.0,2.8798129558563232,0.4948504865169525,0.10063371807336807,0.35091185569763184,-0.0019407194340601563
46,0.6661509554833174,0.018798828125,0.003540039147992502,0.4254301153123379,0.6661509554833174,0.35711669921875,0.031504813698120415,0.11105881328694522,0.05849321442656219,3.535250850021839,0.7524826340377331,0.11767578125,2.2182593525266192e-05,-0.02459841116797179,17.806591868400574,4.872819274663925,0.003155361584504135,0.5707070707070707,0.013943145051598549,0.10163126140832901,0.01443462260067463,0.08694733679294586,0.0030721088405698538,-0.6822450160980225,0.6211438570171595,0.47188026923686266,0.6864951532334089,0.31562295742332935,0.324517454020679,0.6249417662620544,0.2695178361609578,0.48642495181411505,0.7164471913129091,0.45769905485212803,0.7524826340377331,0.7964998111128807,0.37519199028611183,0.7134065181016922,0.999918831512332,0.9997802767902613,0.202880859375,0.293701171875,0.264404296875,0.239013671875,0.23651713132858276,0.30048078298568726,52,0.23697270452976227,0.21033655107021332,0.22836539149284363,0.2608173191547394,0.2867647111415863,51,0.23276406526565552,0.21997550129890442,0.2714460790157318,0.22181373834609985,0.2922794222831726,51,0.23655913770198822,0.2132353037595749,0.2542892098426819,0.240196093916893,0.23835785686969757,51,0.23972168564796448,0.1930147111415863,0.31066176295280457,0.25796568393707275,0.31066176295280457,51,0.23655913770198822,0.1776960790157318,0.27818629145622253,0.23345589637756348,2.8859519958496094,0.4975103735923767,0.09959927201271057,0.3493528366088867,-0.0038762688636779785,0.0,0.0,2.844275951385498,0.4983758330345154,0.09944164007902145,0.35117095708847046,-0.004204915836453438,0.0,2.873591899871826,0.5003224611282349,0.09931214153766632,0.352638840675354,-0.003431732766330242,0.0,2.8736071586608887,0.4979166090488434,0.09942613542079926,0.3501751124858856,-0.0024916408583521843,0.0,2.8591818809509277,0.4952349364757538,0.10060437768697739,0.3521287441253662,-0.0027624410577118397,0.0,2.864658832550049,0.49516960978507996,0.10222360491752625,0.35250377655029297,-0.0026982855051755905
47,0.6678480952978134,0.0185546875,0.003564453256331035,0.42143465019762516,0.6678480952978134,0.36895751953125,0.031157663965132087,0.1148817134089768,0.051032231538556516,3.5458983033895493,0.7526200748980045,0.11724853515625,3.414011992575183e-05,-0.02526874562317971,15.029636263847351,4.8669098019599915,0.003060088216443546,0.5505050505050505,0.013568883761763573,0.10149558633565903,0.01229059137403965,0.0848875641822815,0.002968942280858755,-0.6825446486473083,0.6225613579154015,0.4678521016612649,0.6877371817827225,0.31950627360492945,0.3292010426521301,0.6226758547127247,0.28467657789587975,0.484176573343575,0.7115433104336262,0.4565628655254841,0.7526200748980045,0.7972386609762907,0.37000607047230005,0.7116329781711102,0.9998742565512657,0.9998535178601742,0.2095947265625,0.2867431640625,0.2734375,0.230224609375,0.23576107621192932,0.2758413553237915,52,0.2320099174976349,0.21274039149284363,0.2680288553237915,0.24338942766189575,0.293504923582077,51,0.23276406526565552,0.19424019753932953,0.2971813976764679,0.21507354080677032,0.28982844948768616,51,0.23592661321163177,0.21262255311012268,0.2757353186607361,0.22181373834609985,0.2138480395078659,51,0.24161921441555023,0.2089460790157318,0.2879902124404907,0.28921568393707275,0.23713235557079315,51,0.23655913770198822,0.2193627506494522,0.2867647111415863,0.2567402124404907,2.8608059883117676,0.4956916272640228,0.10087645798921585,0.3532021641731262,-0.0010115399491041899,0.0,0.0,2.8626503944396973,0.4999605417251587,0.10045505315065384,0.35265815258026123,-0.004064156673848629,0.0,2.8817389011383057,0.501438558101654,0.09974463284015656,0.3531545102596283,-0.002706599421799183,0.0,2.8757271766662598,0.4975432753562927,0.09994016587734222,0.35156190395355225,-0.0017146492609754205,0.0,2.878425359725952,0.495450496673584,0.10040169209241867,0.353199303150177,-0.001112340367399156,0.0,2.8561079502105713,0.4932108521461487,0.10050167888402939,0.35074639320373535,-0.0023550752084702253
48,0.6655556336045265,0.0194091796875,0.003735351641807938,0.4413033202290535,0.6655556336045265,0.36456298828125,0.029775823117233813,0.11987976776435971,0.055319656850770116,3.4009182527661324,0.7505978252738714,0.11907958984375,1.584402807353058e-05,-0.025754646165296435,17.520859718322754,4.8621759712696075,0.0030840272665955126,0.5303030303030303,0.014055546373128891,0.10143044590950012,0.013665176928043365,0.08572687208652496,0.002993612550199032,-0.682026743888855,0.6065008416771889,0.47101047169417143,0.6915854290127754,0.3156370148062706,0.3245934210717678,0.6246646512299776,0.28847155068069696,0.4809316573664546,0.7096108961850405,0.4575961446389556,0.7505978252738714,0.7940721642225981,0.36695588286966085,0.7156759686768055,0.9999381676316261,0.9998535178601742,0.2154541015625,0.2825927734375,0.2664794921875,0.2354736328125,0.2392893135547638,0.28725963830947876,52,0.24131514132022858,0.24158655107021332,0.24519231915473938,0.22596155107021332,0.2616421580314636,51,0.23529410362243652,0.2506127655506134,0.25306373834609985,0.2346813827753067,0.2763480544090271,51,0.24098670482635498,0.23345589637756348,0.2702206075191498,0.21997550129890442,0.24325981736183167,51,0.24098670482635498,0.18137255311012268,0.2965686321258545,0.27879902720451355,0.2855392396450043,51,0.23782415688037872,0.16973039507865906,0.2910539209842682,0.25367647409439087,2.8554651737213135,0.4962722361087799,0.09913242608308792,0.3518625497817993,-0.0011137069668620825,0.0,0.0,2.8576695919036865,0.5007349252700806,0.09927007555961609,0.350691556930542,-0.002798140048980713,0.0,2.8696703910827637,0.5014431476593018,0.09915941208600998,0.3512432873249054,-0.002848702948540449,0.0,2.8859481811523438,0.5010969638824463,0.09838341176509857,0.3514420986175537,-0.001032003783620894,0.0,2.8508265018463135,0.4965420663356781,0.10158281028270721,0.353352814912796,-0.0004490031278692186,0.0,2.8525102138519287,0.4952595829963684,0.1018586978316307,0.35273927450180054,-0.0010799737647175789
49,0.666719064116478,0.01708984375,0.0032958984902506927,0.42732502799481153,0.666719064116478,0.362060546875,0.03293251636205241,0.11770311906002462,0.0539791586343199,3.1891933754086494,0.7551214415580034,0.11767578125,1.683512770078721e-05,-0.02408184061641805,17.033063113689423,4.857571631669998,0.0030921952420612797,0.51010101010101,0.013717614114284515,0.10208696126937866,0.01289416290819645,0.08513777703046799,0.002998875454068184,-0.681609034538269,0.6184790600091219,0.47109380830079317,0.6875340454280376,0.3134218901395798,0.3205876126885414,0.624137407168746,0.27944487892091274,0.4842360494658351,0.7109509650617838,0.45573133137077093,0.7551214415580034,0.7964998111128807,0.3713095476850867,0.7115178667008877,0.9999356549233198,0.9998779315501451,0.2066650390625,0.2724609375,0.2711181640625,0.249755859375,0.23853325843811035,0.2998798191547394,52,0.23945409059524536,0.18870192766189575,0.24639424681663513,0.2650240361690521,0.280637264251709,51,0.23276406526565552,0.21507354080677032,0.2763480544090271,0.22794118523597717,0.2561274468898773,51,0.23845666646957397,0.20036765933036804,0.28125,0.262254923582077,0.24877451360225677,51,0.23972168564796448,0.21997550129890442,0.27267158031463623,0.25857844948768616,0.293504923582077,51,0.24225172400474548,0.20955882966518402,0.25245100259780884,0.2444853037595749,2.8770391941070557,0.49893027544021606,0.09876902401447296,0.3505569100379944,-0.0024716632906347513,0.0,0.0,2.8493194580078125,0.5020958185195923,0.09961359947919846,0.3532012104988098,-0.002995922463014722,0.0,2.869126319885254,0.5008031725883484,0.09966833889484406,0.35245051980018616,-0.002348059555515647,0.0,2.854214668273926,0.5019487738609314,0.10056149959564209,0.35491326451301575,-0.0020564154256135225,0.0,2.856132984161377,0.49789997935295105,0.10060716420412064,0.35245299339294434,-0.0009726084535941482,0.0,2.862863063812256,0.49523860216140747,0.1016135886311531,0.3524743616580963,-0.000624248234089464
50,0.6652099322527647,0.02001953125,0.0037109375716681825,0.44224396999925375,0.6652099322527647,0.3634033203125,0.031703323184046894,0.1124791749753058,0.05233001185115427,3.865654446184635,0.7513609565794468,0.11956787109375,1.3782703024656229e-05,-0.025820223178016022,14.43102514743805,4.851044237613678,0.0030724363459739834,0.48989898989898983,0.013674294576048851,0.10119970142841339,0.014868205413222313,0.08683116734027863,0.0029671769589185715,-0.6825923323631287,0.6081012077629566,0.4717957489192486,0.6848955135792494,0.3083065114915371,0.32912488281726837,0.6228670105338097,0.27322622248902917,0.4850112125277519,0.7169509660452604,0.45560793299227953,0.7513609565794468,0.7932277657091618,0.3681769920513034,0.7123891990631819,0.9999465178698301,0.9997070338577032,0.19970703125,0.2879638671875,0.2799072265625,0.232421875,0.241179421544075,0.28786060214042664,52,0.24255582690238953,0.1742788553237915,0.3203125,0.21754808723926544,0.28982844948768616,51,0.24035419523715973,0.2242647111415863,0.26409316062927246,0.22181373834609985,0.2763480544090271,51,0.24035419523715973,0.23100490868091583,0.2708333432674408,0.22181373834609985,0.2395833432674408,51,0.24161921441555023,0.1936274617910385,0.29534316062927246,0.2714460790157318,0.2720588445663452,51,0.24098670482635498,0.17585784196853638,0.2904411852359772,0.2616421580314636,2.8799915313720703,0.4986839294433594,0.09983781725168228,0.3514612913131714,-0.002710931468755007,0.0,0.0,2.8767309188842773,0.499126672744751,0.10058219730854034,0.35430872440338135,-0.0024811753537505865,0.0,2.873398542404175,0.5007780194282532,0.09936561435461044,0.35105597972869873,-0.0029140980914235115,0.0,2.8884434700012207,0.502676784992218,0.09879855811595917,0.35274940729141235,-0.002579519059509039,0.0,2.862678289413452,0.49627336859703064,0.1005401462316513,0.3528886139392853,-0.0030257869511842728,0.0,2.857060670852661,0.49435025453567505,0.10124862194061279,0.3509922921657562,-0.0026165475137531757
51,0.6676023621112108,0.017578125,0.003442382894718321,0.43158988282084465,0.6676023621112108,0.3597412109375,0.031007762590888888,0.11208507977426052,0.052541382843628526,3.476386711001396,0.7439920958131552,0.1177978515625,2.3193014238170884e-05,-0.024240477534476668,18.8403879404068,4.843741953372955,0.0030431519262492657,0.4696969696969697,0.013822492212057114,0.10092942416667938,0.014415844343602657,0.08629997819662094,0.0029592979699373245,-0.6830158233642578,0.6190508268773556,0.4806659556925297,0.6855009477585554,0.312442310154438,0.3280754964798689,0.633733032271266,0.28366658091545105,0.4781756615266204,0.7151253987103701,0.4592238599434495,0.7439920958131552,0.7962887100875378,0.36994368117302656,0.712475186213851,0.9999125804752111,0.9999267589300871,0.2247314453125,0.2880859375,0.27001953125,0.2171630859375,0.23790322244167328,0.2896634638309479,52,0.23573200404644012,0.23858174681663513,0.27163463830947876,0.20012019574642181,0.2959558963775635,51,0.23655913770198822,0.21200981736183167,0.2904411852359772,0.20159314572811127,0.29473039507865906,51,0.24161921441555023,0.2395833432674408,0.2567402124404907,0.2089460790157318,0.2450980544090271,51,0.23782415688037872,0.22732843458652496,0.27328431606292725,0.2542892098426819,0.2769607901573181,51,0.23782415688037872,0.20588235557079315,0.2867647111415863,0.23039215803146362,2.8761258125305176,0.4982961416244507,0.09945932030677795,0.3503611981868744,-0.002434302819892764,0.0,0.0,2.8784573078155518,0.4991282820701599,0.09926959872245789,0.3513137400150299,-0.00230875494889915,0.0,2.8791019916534424,0.501492977142334,0.09952511638402939,0.3519474267959595,-0.003185051726177335,0.0,2.880232095718384,0.5040475130081177,0.09842951595783234,0.3510337769985199,-0.0037748271133750677,0.0,2.8464443683624268,0.4979402422904968,0.10014575719833374,0.35200485587120056,-0.002050382550805807,0.0,2.8567211627960205,0.49421271681785583,0.10023177415132523,0.3507968485355377,-0.00163600395899266
52,0.6718192268162966,0.0186767578125,0.003637695392171736,0.4195978716015816,0.6718192268162966,0.35919189453125,0.030171596619766206,0.11662023398093879,0.05164254072587937,3.212504491209984,0.7523514423519373,0.11749267578125,3.443705186756407e-05,-0.025799216964514926,19.59377956390381,4.854374796152115,0.002957524688099511,0.4494949494949494,0.013509638607501984,0.1015148013830185,0.013142160139977932,0.08539007604122162,0.0028788538184016943,-0.683276891708374,0.6240129079669714,0.47714882995933294,0.6846984997391701,0.31586216762661934,0.3306920174509287,0.6286083310842514,0.2988854879513383,0.48690738901495934,0.715635733678937,0.45836193952709436,0.7523514423519373,0.7968164570629597,0.3670581076294184,0.7127322684973478,0.9998717755079269,0.9999023452401161,0.208251953125,0.2847900390625,0.28515625,0.2218017578125,0.23765119910240173,0.2944711744785309,52,0.23821339011192322,0.21033655107021332,0.2680288553237915,0.22716346383094788,0.2971813976764679,51,0.23086653649806976,0.20465686917304993,0.27757352590560913,0.22058823704719543,0.30575981736183167,51,0.23845666646957397,0.1924019604921341,0.2720588445663452,0.2297794222831726,0.20649510622024536,51,0.24098670482635498,0.21813726425170898,0.2708333432674408,0.30453431606292725,0.30392158031463623,51,0.23972168564796448,0.21568627655506134,0.2555147111415863,0.2248774617910385,2.8466501235961914,0.4993782639503479,0.101262167096138,0.3522903323173523,-0.004575181752443314,0.0,0.0,2.862757921218872,0.5035071969032288,0.09909220039844513,0.3530985414981842,-0.0033954628743231297,0.0,2.8670105934143066,0.502105712890625,0.09999267756938934,0.35310348868370056,-0.0032998372334986925,0.0,2.8687973022460938,0.5043229460716248,0.09959709644317627,0.3528495132923126,-0.004819999448955059,0.0,2.868807077407837,0.49628305435180664,0.10039523988962173,0.3532925546169281,-0.0025296537205576897,0.0,2.862910032272339,0.49433010816574097,0.1018848642706871,0.3519984483718872,-0.0027892792131751776
53,0.6673657782375813,0.0169677734375,0.0033203125840373104,0.42612006701529026,0.6673657782375813,0.365478515625,0.03338108758907765,0.11230125301517546,0.05341856298036873,3.6823503226041794,0.7518507540225983,0.11785888671875,1.2738300512182832e-05,-0.024582217796705663,15.812908470630646,4.844859570264816,0.003065848461119458,0.4292929292929293,0.013528117910027504,0.10149876773357391,0.01307573914527893,0.08610585331916809,0.002974843606352806,-0.6832816004753113,0.6253938097506762,0.47542297933250666,0.6810130663216114,0.3132361527532339,0.3251459514722228,0.6257504802197218,0.2694637798704207,0.49162234365940094,0.7166747860610485,0.45594053715467453,0.7518507540225983,0.7961831614375114,0.3688431177288294,0.7129341661930084,0.9999513551592827,0.9999267589300871,0.2081298828125,0.2852783203125,0.28369140625,0.222900390625,0.23450100421905518,0.2890625,52,0.23325061798095703,0.21754808723926544,0.25120192766189575,0.2421875149011612,0.2450980544090271,51,0.23529410362243652,0.2291666716337204,0.2861519753932953,0.2395833432674408,0.2916666865348816,51,0.2302340269088745,0.19424019753932953,0.2977941334247589,0.21629902720451355,0.20465686917304993,51,0.24288424849510193,0.2089460790157318,0.3167892396450043,0.2696078419685364,0.31433823704719543,51,0.23086653649806976,0.19056373834609985,0.28370100259780884,0.21139706671237946,2.8586015701293945,0.5016818046569824,0.09983354806900024,0.35191065073013306,-0.004420089535415173,0.0,0.0,2.8601438999176025,0.5038086771965027,0.09937893599271774,0.3527856469154358,-0.004511261824518442,0.0,2.857041358947754,0.5012989044189453,0.10039806365966797,0.35391396284103394,-0.0036754037719219923,0.0,2.8818883895874023,0.5028897523880005,0.09992235898971558,0.35351863503456116,-0.00431464659050107,0.0,2.868875026702881,0.4988698661327362,0.09962257742881775,0.351279616355896,-0.002921756124123931,0.0,2.8710343837738037,0.49684223532676697,0.10143344849348068,0.35281944274902344,-0.0028734004590660334
54,0.6642727386206388,0.01904296875,0.00361328132385097,0.44837767630815506,0.6642727386206388,0.365478515625,0.035304701304994524,0.1150273063685745,0.054698292282409966,3.6813105642795563,0.7506239078938961,0.118408203125,6.953634773765316e-05,-0.024366637895582244,17.478537797927856,4.836241632699966,0.002960049139801413,0.40909090909090917,0.014083392918109894,0.10119267553091049,0.01414562575519085,0.08650315552949905,0.002879826817661524,-0.6834812164306641,0.6120935585349798,0.47686324920505285,0.6808981951326132,0.3189466195181012,0.32548046205192804,0.6292853709310293,0.2754306076094508,0.4751193383708596,0.7157222982496023,0.45583481434732676,0.7506239078938961,0.795233216136694,0.3694700635969639,0.7036183569580317,0.9997447039932013,0.9998046904802322,0.215576171875,0.2822265625,0.279541015625,0.22265625,0.23954132199287415,0.2944711744785309,52,0.23821339011192322,0.24278846383094788,0.24579328298568726,0.21694712340831757,0.26838237047195435,51,0.23845666646957397,0.23161765933036804,0.2971813976764679,0.2028186321258545,0.2702206075191498,51,0.23845666646957397,0.21078431606292725,0.28002452850341797,0.2389705926179886,0.22242647409439087,51,0.23719164729118347,0.20955882966518402,0.2818627655506134,0.2861519753932953,0.28921568393707275,51,0.24541428685188293,0.1825980395078659,0.2959558963775635,0.23223039507865906,2.904212474822998,0.5006316900253296,0.09984143823385239,0.35344982147216797,-0.0041977716609835625,0.0,0.0,2.8633499145507812,0.5019954442977905,0.09823223948478699,0.35146236419677734,-0.004602411296218634,0.0,2.87846302986145,0.5019232034683228,0.09975190460681915,0.35302144289016724,-0.004429087974131107,0.0,2.8709375858306885,0.5056750774383545,0.09996259212493896,0.35325753688812256,-0.004896835889667273,0.0,2.857396364212036,0.4963597059249878,0.10090073943138123,0.3540460169315338,-0.004459289368242025,0.0,2.8565919399261475,0.4974665343761444,0.10143773257732391,0.3530636727809906,-0.0032586518209427595
55,0.6656761318445206,0.0172119140625,0.0031982422678993316,0.45134202763438225,0.6656761318445206,0.3572998046875,0.03268823021790013,0.11848618951626122,0.051871641306206584,3.2418610602617264,0.7497239019721746,0.1173095703125,2.7586095860065996e-05,-0.023877585248555988,19.498843908309937,4.8415186405181885,0.003173378121573478,0.38888888888888884,0.013808390125632286,0.10096339136362076,0.013087965548038483,0.08502061665058136,0.0030821580439805984,-0.6833518147468567,0.6011248454451561,0.4700742270797491,0.6876915562897921,0.3136698678135872,0.32758673653006554,0.6218711733818054,0.299075192771852,0.4796005031093955,0.7171535398811102,0.4494865648448467,0.7497239019721746,0.7971331216394901,0.36635793931782246,0.7030471116304398,0.9998961482197046,0.9997558631002903,0.2099609375,0.2801513671875,0.275146484375,0.2347412109375,0.23601309955120087,0.2836538553237915,52,0.2388337403535843,0.23617789149284363,0.27944713830947876,0.2007211595773697,0.2984068691730499,51,0.23655913770198822,0.2187500149011612,0.26286765933036804,0.21997550129890442,0.2910539209842682,51,0.2302340269088745,0.20710785686969757,0.2591911852359772,0.24264706671237946,0.26286765933036804,51,0.23845666646957397,0.19730393588542938,0.2567402124404907,0.28308823704719543,0.2910539209842682,51,0.23592661321163177,0.18995098769664764,0.2708333432674408,0.24816177785396576,2.870570182800293,0.5050021409988403,0.09852232038974762,0.3514130711555481,-0.004069109912961721,0.0,0.0,2.875401020050049,0.5056638717651367,0.09840388596057892,0.35308849811553955,-0.004216951318085194,0.0,2.8673923015594482,0.5053133368492126,0.0989280417561531,0.35233843326568604,-0.00561541086062789,0.0,2.8652734756469727,0.50507652759552,0.09956075996160507,0.35285288095474243,-0.00376251176930964,0.0,2.8469254970550537,0.49960261583328247,0.10179704427719116,0.355652779340744,-0.0026245275512337685,0.0,2.862294912338257,0.49781978130340576,0.10123070329427719,0.35322922468185425,-0.002186562167480588
56,0.6642594560980797,0.02001953125,0.0037597656992147677,0.44430444203317165,0.6642594560980797,0.36895751953125,0.03317918814718723,0.12056170706637204,0.05507523473352194,3.5354621037840843,0.7314536087214947,0.11810302734375,2.4816007504924187e-05,-0.025103864929405972,18.337639451026917,4.850225269794464,0.0030235391604946926,0.36868686868686873,0.014284518547356129,0.10144398361444473,0.01416584849357605,0.08543076366186142,0.0029365539085119963,-0.6830421686172485,0.6089418437331915,0.469983852468431,0.6871957834810019,0.3203372349962592,0.3254166217520833,0.6212864704430103,0.2867386294528842,0.4726020321249962,0.7103736698627472,0.4512386303395033,0.7314536087214947,0.7957609612494707,0.3598269885405898,0.7029588464647532,0.9999083653092384,0.9997558631002903,0.22607421875,0.30517578125,0.24853515625,0.22021484375,0.23941531777381897,0.29086539149284363,52,0.2406947910785675,0.23918269574642181,0.23317308723926544,0.2367788553237915,0.3075980544090271,51,0.23592661321163177,0.21752451360225677,0.2567402124404907,0.21813726425170898,0.280637264251709,51,0.24478177726268768,0.23223039507865906,0.25,0.23713235557079315,0.1881127506494522,51,0.23782415688037872,0.24571079015731812,0.30575981736183167,0.2604166865348816,0.24264706671237946,51,0.23782415688037872,0.19546569883823395,0.34129902720451355,0.22058823704719543,2.8589091300964355,0.5012613534927368,0.09902667999267578,0.35040074586868286,-0.00484558567404747,0.0,0.0,2.8637590408325195,0.5030463933944702,0.09817622601985931,0.3521333932876587,-0.005293171852827072,0.0,2.8729145526885986,0.5025790333747864,0.09856829047203064,0.35197263956069946,-0.005217188969254494,0.0,2.8719310760498047,0.5059334635734558,0.09888740628957748,0.3529168665409088,-0.0041765570640563965,0.0,2.8760974407196045,0.4991464912891388,0.09826444834470749,0.3509194254875183,-0.002079565543681383,0.0,2.863656759262085,0.4954083263874054,0.09869175404310226,0.34897223114967346,-0.0023435510229319334
57,0.6650928016752005,0.0196533203125,0.0038085938122094376,0.44553247187286615,0.6650928016752005,0.361572265625,0.031189897272270173,0.11368275480344892,0.05783836683258414,3.3387187868356705,0.7433229945600033,0.11785888671875,5.4248082712149426e-05,-0.023096415941836312,19.674879670143127,4.846784234046936,0.0031220824021147564,0.3484848484848484,0.013970361091196537,0.10246899724006653,0.013418511487543583,0.08663251996040344,0.003029539715498686,-0.6835784316062927,0.6058018915355206,0.4676906708627939,0.6779894288629293,0.3072123574092984,0.3246909510344267,0.6209211871027946,0.3059413796290755,0.47588443849235773,0.7096945103257895,0.452987402677536,0.7433229945600033,0.7961831651628017,0.36121262703090906,0.7043567486107349,0.9998023100197315,0.9998779315501451,0.2059326171875,0.2879638671875,0.269775390625,0.236328125,0.23563507199287415,0.27223557233810425,52,0.23697270452976227,0.21814905107021332,0.2584134638309479,0.25120192766189575,0.30392158031463623,51,0.23213155567646027,0.20404411852359772,0.2610294222831726,0.23100490868091583,0.3020833432674408,51,0.24098670482635498,0.2193627506494522,0.2389705926179886,0.2395833432674408,0.2089460790157318,51,0.23402908444404602,0.21017158031463623,0.2873774468898773,0.293504923582077,0.2971813976764679,51,0.23402908444404602,0.1776960790157318,0.27450981736183167,0.2506127655506134,2.851370334625244,0.501007080078125,0.0993669331073761,0.3535544276237488,-0.003518911777064204,0.0,0.0,2.8526196479797363,0.5048558115959167,0.09927000105381012,0.3541768193244934,-0.0031740039121359587,0.0,2.867489814758301,0.50413978099823,0.09892015159130096,0.35238730907440186,-0.0031306964810937643,0.0,2.87501859664917,0.5043398141860962,0.09825888276100159,0.3519681692123413,-0.004952356684952974,0.0,2.8670248985290527,0.5008225440979004,0.09941532462835312,0.35317546129226685,-0.003508250694721937,0.0,2.8509738445281982,0.49636176228523254,0.10146868228912354,0.35283362865448,-0.002947755390778184
58,0.6688048299401999,0.017578125,0.003198242251528427,0.430529722943902,0.6688048299401999,0.35833740234375,0.03285217424854636,0.11556662293151021,0.052179525257088244,2.7544355988502502,0.7436446733772755,0.1182861328125,2.2628522078023405e-05,-0.022817817196482792,19.943578362464905,4.83953994512558,0.0030840231920592487,0.3282828282828283,0.013993680477142334,0.10117541253566742,0.01240730844438076,0.08477582782506943,0.002979936543852091,-0.6831647157669067,0.6164032835513353,0.4701502909883857,0.6808486860245466,0.3110765926539898,0.32291523180902004,0.6207839418202639,0.32173542864620686,0.47683263570070267,0.7125639095902443,0.4499416835606098,0.7436446733772755,0.795444319024682,0.3632404347881675,0.705706650391221,0.9999139029532671,0.9996826220303774,0.208251953125,0.285400390625,0.2764892578125,0.2298583984375,0.23815523087978363,0.278245210647583,52,0.23511165380477905,0.21033655107021332,0.2680288553237915,0.24338942766189575,0.30024510622024536,51,0.24098670482635498,0.18933823704719543,0.2591911852359772,0.2512255012989044,0.2904411852359772,51,0.23339657485485077,0.23223039507865906,0.2757353186607361,0.20159314572811127,0.23223039507865906,51,0.24414926767349243,0.20955882966518402,0.29411765933036804,0.26409316062927246,0.31556373834609985,51,0.23719164729118347,0.19975490868091583,0.26409316062927246,0.22058823704719543,2.861609697341919,0.5027210712432861,0.0994899719953537,0.35303497314453125,-0.004787124693393707,0.0,0.0,2.8560950756073,0.5040856599807739,0.09940188378095627,0.3538779020309448,-0.0036173046100884676,0.0,2.848288059234619,0.5041491389274597,0.09919437021017075,0.35406601428985596,-0.0041913180612027645,0.0,2.891880512237549,0.5062035918235779,0.0978640764951706,0.35238906741142273,-0.00416222820058465,0.0,2.858856201171875,0.500572681427002,0.09977167099714279,0.35361647605895996,-0.0036192783154547215,0.0,2.8682057857513428,0.4971420466899872,0.10122763365507126,0.3522937297821045,-0.0028015831485390663
59,0.6662816926836967,0.0185546875,0.0035644532035803422,0.43549302499741316,0.6662816926836967,0.3612060546875,0.03334369702497497,0.1191741805523634,0.0518905472708866,3.2709945663809776,0.7369417008012533,0.118408203125,1.806397993053821e-05,-0.024103390576783568,20.398304104804993,4.846443861722946,0.0030568769725505263,0.3080808080808082,0.01360487099736929,0.10078967362642288,0.01236790046095848,0.08456319570541382,0.0029689762741327286,-0.6819889545440674,0.612536184489727,0.4773454600945115,0.6798653211444616,0.3110863510519266,0.32683081086724997,0.6277145054191351,0.29600399918854237,0.4854152565822005,0.7109845690429211,0.4529498806223273,0.7369417008012533,0.7952332124114037,0.3598364209756255,0.7075762879103422,0.9999309796839952,0.9998535178601742,0.2093505859375,0.298828125,0.2830810546875,0.208740234375,0.23853325843811035,0.29567310214042664,52,0.23697270452976227,0.2265625149011612,0.29567310214042664,0.1820913553237915,0.30575981736183167,51,0.24414926767349243,0.2242647111415863,0.2665441334247589,0.2034313827753067,0.3008578419685364,51,0.24225172400474548,0.21139706671237946,0.30024510622024536,0.1875,0.2236519753932953,51,0.23845666646957397,0.21752451360225677,0.26776960492134094,0.2910539209842682,0.2616421580314636,51,0.23086653649806976,0.1666666716337204,0.3241421580314636,0.24754902720451355,2.8438475131988525,0.503113865852356,0.09924667328596115,0.3535958230495453,-0.0032610464841127396,0.0,0.0,2.8739519119262695,0.505278468132019,0.09812047332525253,0.35264894366264343,-0.0036381464451551437,0.0,2.8742051124572754,0.5027183890342712,0.09724247455596924,0.3524935841560364,-0.003950333688408136,0.0,2.884023427963257,0.5050709247589111,0.09932028502225876,0.3529643714427948,-0.004349189344793558,0.0,2.868464469909668,0.49836796522140503,0.09996088594198227,0.3532063066959381,-0.0032681189477443695,0.0,2.840395450592041,0.4963514804840088,0.10014896094799042,0.351377010345459,-0.0014882143586874008
60,0.6608491949737072,0.0185546875,0.003540039135259576,0.4554206021130085,0.6608491949737072,0.35894775390625,0.03334442537743598,0.11994661623612046,0.05520613549742848,3.306654267013073,0.7411923334002495,0.11895751953125,1.2571923149848948e-05,-0.021429254673421383,16.734013378620148,4.844557374715805,0.003155403523123823,0.28787878787878785,0.014254683628678322,0.10173376649618149,0.013393491506576538,0.08398403972387314,0.003070626873522997,-0.68241947889328,0.5998328477144241,0.4669759888201952,0.6764526646584272,0.30646419804543257,0.32426890451461077,0.6178015246987343,0.2862036442384124,0.4853233443573117,0.7041952684521675,0.44798835180699825,0.7411923334002495,0.7942832615226507,0.36069336626678705,0.7064940854907036,0.9999515656381845,0.9998291041702032,0.1934814453125,0.291259765625,0.2869873046875,0.228271484375,0.23752519488334656,0.29807692766189575,52,0.23573200404644012,0.20012019574642181,0.2764423191547394,0.22536058723926544,0.30575981736183167,51,0.23655913770198822,0.16789215803146362,0.3075980544090271,0.2187500149011612,0.2696078419685364,51,0.23908917605876923,0.1985294222831726,0.2855392396450043,0.24632354080677032,0.23835785686969757,51,0.23592661321163177,0.18933823704719543,0.30514708161354065,0.2671568691730499,0.2984068691730499,51,0.24035419523715973,0.21139706671237946,0.27757352590560913,0.21262255311012268,2.8838257789611816,0.5019029378890991,0.09869550913572311,0.35211774706840515,-0.004030770622193813,0.0,0.0,2.8778321743011475,0.5051589608192444,0.09854859858751297,0.35369405150413513,-0.004462092183530331,0.0,2.8734114170074463,0.5059326887130737,0.09915445744991302,0.3542087972164154,-0.0033625371288508177,0.0,2.867076873779297,0.5045300722122192,0.09960348159074783,0.3551957607269287,-0.003965430427342653,0.0,2.858743190765381,0.49670517444610596,0.09938469529151917,0.35273197293281555,-0.0018077294807881117,0.0,2.8592770099639893,0.49668025970458984,0.09980035573244095,0.3514743149280548,-0.0021284327376633883
61,0.6624245326966047,0.019287109375,0.003784179769354523,0.4432476032525301,0.6624245326966047,0.3638916015625,0.032017246005125344,0.11887332005426288,0.05001693230587989,3.6583537459373474,0.7328393738716841,0.11798095703125,1.2430590508719086e-05,-0.02482982490619179,17.422364056110382,4.843186616897583,0.003158639054163359,0.26767676767676774,0.013756627216935158,0.10127221792936325,0.013739192858338356,0.08363404870033264,0.0030810036696493626,-0.6818450093269348,0.6024407036602497,0.477551051415503,0.6825605407357216,0.30971625726670027,0.3210229929536581,0.6295770909637213,0.2782580368220806,0.480587943457067,0.7088010981678963,0.4521202156320214,0.7328393738716841,0.7959720697253942,0.35960191395133734,0.7059887889772654,0.9999513272196054,0.9999267589300871,0.2169189453125,0.286376953125,0.26953125,0.2271728515625,0.23626510798931122,0.2818509638309479,52,0.23263026773929596,0.23557692766189575,0.25420674681663513,0.22836539149284363,0.2971813976764679,51,0.23213155567646027,0.1881127506494522,0.28860294818878174,0.22610294818878174,0.3082107901573181,51,0.23845666646957397,0.22549019753932953,0.2561274468898773,0.21017158031463623,0.2236519753932953,51,0.23782415688037872,0.21446079015731812,0.26286765933036804,0.29901960492134094,0.25,51,0.24035419523715973,0.22058823704719543,0.2818627655506134,0.24754902720451355,2.876831531524658,0.5011435747146606,0.09687906503677368,0.3515459895133972,-0.002030246425420046,0.0,0.0,2.87404465675354,0.5051978826522827,0.09730791300535202,0.35280951857566833,-0.003307297360152006,0.0,2.8808412551879883,0.5058348774909973,0.09920969605445862,0.352689266204834,-0.0036255361046642065,0.0,2.8848836421966553,0.5044733285903931,0.09732570499181747,0.35219088196754456,-0.003645002143457532,0.0,2.8667938709259033,0.4994221031665802,0.10032497346401215,0.35303759574890137,-0.0017996133537963033,0.0,2.8480255603790283,0.49690765142440796,0.09899333864450455,0.35063329339027405,-0.0020538615062832832
62,0.6686507072299719,0.017333984375,0.0032958985302684596,0.42558213975280523,0.6686507072299719,0.3642578125,0.03137267829151824,0.10767839779146016,0.051200742716901004,3.260156996548176,0.73362678848207,0.11773681640625,2.7019088690349857e-05,-0.02203367039328441,18.282912731170654,4.851042479276657,0.003233978452044539,0.2474747474747474,0.01347700972110033,0.10119485855102539,0.01343198586255312,0.08479505777359009,0.0031498190946877003,-0.6815972328186035,0.6171246152371168,0.48161940928548574,0.6886957716196775,0.3116814475506544,0.3266532449051738,0.6316063497215509,0.2956195971928537,0.47435881197452545,0.7146569583564997,0.45600207056850195,0.73362678848207,0.7963942624628544,0.3582902913913131,0.70673474855721,0.9998983349651098,0.9998291041702032,0.211181640625,0.27978515625,0.2850341796875,0.2239990234375,0.2363911271095276,0.2896634638309479,52,0.23325061798095703,0.21213942766189575,0.2884615361690521,0.20973558723926544,0.2757353186607361,51,0.23719164729118347,0.240196093916893,0.2567402124404907,0.22732843458652496,0.2610294222831726,51,0.23466159403324127,0.22120098769664764,0.2971813976764679,0.22058823704719543,0.24142158031463623,51,0.23908917605876923,0.1881127506494522,0.2769607901573181,0.293504923582077,0.28921568393707275,51,0.23782415688037872,0.19424019753932953,0.29534316062927246,0.22120098769664764,2.8574914932250977,0.5035855770111084,0.09818877279758453,0.35215938091278076,-0.0025736233219504356,0.0,0.0,2.883884906768799,0.5042967796325684,0.09763938188552856,0.3526923954486847,-0.0029016246553510427,0.0,2.869488477706909,0.5042800307273865,0.09799226373434067,0.35204556584358215,-0.0031895232386887074,0.0,2.873695135116577,0.5043991804122925,0.09872987866401672,0.3530949652194977,-0.0033516855910420418,0.0,2.859077215194702,0.5000824332237244,0.09988418966531754,0.3535025417804718,-0.0016321848379448056,0.0,2.8595285415649414,0.4952879548072815,0.09922561794519424,0.3519628643989563,-0.0006144883809611201
63,0.6657294668257236,0.0185546875,0.003491211025902885,0.4308718694373965,0.6657294668257236,0.3614501953125,0.03440549602964893,0.11742348689585924,0.05394329747650772,3.6343017667531967,0.7290725316852331,0.11822509765625,6.543957738347483e-05,-0.025140053709037602,18.070685267448425,4.8491067588329315,0.0031149770074989647,0.2272727272727273,0.013746860437095165,0.10087765008211136,0.014002019539475441,0.0849551185965538,0.0030228528194129467,-0.6816471815109253,0.6182013507932425,0.4740371936932206,0.6814173739403486,0.31237095408141613,0.3290016623213887,0.6246870364993811,0.27604258339852095,0.48552411887794733,0.7130957711488008,0.4526253044605255,0.7290725316852331,0.7955498620867729,0.362347730435431,0.7022500280290842,0.9997582584619522,0.9997802767902613,0.209228515625,0.2982177734375,0.2791748046875,0.21337890625,0.23790322244167328,0.3070913553237915,52,0.23573200404644012,0.22596155107021332,0.25661057233810425,0.21033655107021332,0.29411765933036804,51,0.24035419523715973,0.20036765933036804,0.28860294818878174,0.21691177785396576,0.3069853186607361,51,0.23529410362243652,0.19546569883823395,0.2714460790157318,0.22610294818878174,0.19546569883823395,51,0.24225172400474548,0.21078431606292725,0.29534316062927246,0.2984068691730499,0.28125,51,0.23592661321163177,0.2132353037595749,0.2873774468898773,0.21813726425170898,2.8867111206054688,0.5016745328903198,0.09985214471817017,0.3528826832771301,-0.002585603855550289,0.0,0.0,2.890639543533325,0.506588339805603,0.0963398739695549,0.3509195148944855,-0.0023983800783753395,0.0,2.8791260719299316,0.5065755844116211,0.09825260192155838,0.3529626131057739,-0.004168703220784664,0.0,2.8840367794036865,0.5037727952003479,0.0993342325091362,0.35190796852111816,-0.0033257724717259407,0.0,2.884536027908325,0.49520236253738403,0.09799845516681671,0.3513859510421753,-0.0006151304696686566,0.0,2.8576600551605225,0.49266189336776733,0.09974280744791031,0.35094332695007324,-0.0019481591880321503
64,0.667054083198309,0.0191650390625,0.003735351629075012,0.43103064596652985,0.667054083198309,0.36102294921875,0.02956755831837654,0.11553461034782231,0.05101715284399688,3.209107682108879,0.7237295061349869,0.11700439453125,5.0687641302005204e-05,-0.02223444340052083,19.643378496170044,4.846443563699722,0.0029875477630412206,0.20707070707070696,0.014384178444743156,0.10142195969820023,0.01435292698442936,0.08481196314096451,0.0028830221854150295,-0.6814324259757996,0.6135276164859533,0.4741023536771536,0.6907166671007872,0.3070501470938325,0.3262849161401391,0.6284508984535933,0.31178843043744564,0.48326160572469234,0.710992718115449,0.4547925191000104,0.7237295061349869,0.7976608537137508,0.3585087349638343,0.7077065948396921,0.9998111464083195,0.9999023452401161,0.209716796875,0.294189453125,0.2833251953125,0.2127685546875,0.23714716732501984,0.28125,52,0.23945409059524536,0.22475962340831757,0.2740384638309479,0.21995192766189575,0.28125,51,0.23592661321163177,0.21568627655506134,0.31004902720451355,0.1930147111415863,0.3008578419685364,51,0.23339657485485077,0.2236519753932953,0.27389708161354065,0.20159314572811127,0.2297794222831726,51,0.23529410362243652,0.20036765933036804,0.3075980544090271,0.262254923582077,0.2965686321258545,51,0.24161921441555023,0.18382354080677032,0.30024510622024536,0.2193627506494522,2.865359306335449,0.500436007976532,0.09588339924812317,0.3507462441921234,-0.0005762014770880342,0.0,0.0,2.8821282386779785,0.5052458643913269,0.09734338521957397,0.3523845672607422,-0.002433052519336343,0.0,2.879242420196533,0.5051400065422058,0.09803970903158188,0.3528798520565033,-0.0018502742750570178,0.0,2.894960403442383,0.506481409072876,0.09687075018882751,0.3510921001434326,-0.0014588219346478581,0.0,2.863877296447754,0.4957505464553833,0.09812118858098984,0.3514837920665741,-8.71859592734836e-05,0.0,2.8671300411224365,0.4914974272251129,0.09912765771150589,0.3514755666255951,0.0003063561744056642
65,0.6680482849478722,0.0184326171875,0.0035400391516304808,0.42315555922687054,0.6680482849478722,0.361572265625,0.03225640970049426,0.1170018301345408,0.0556419522035867,3.1020395159721375,0.7242631409317255,0.11785888671875,1.3087987728205912e-05,-0.023265021911356598,20.498687386512756,4.849869072437286,0.0032161426061065868,0.18686868686868685,0.013697014190256596,0.10115368664264679,0.01288454607129097,0.08425258100032806,0.003110813908278942,-0.6815682649612427,0.6119888331741095,0.4684795457869768,0.6829535327851772,0.31009559240192175,0.3230478707700968,0.6191697604954243,0.30890539195388556,0.48023607209324837,0.7112562973052263,0.45446239318698645,0.7242631409317255,0.7961831595748663,0.35826597921550274,0.7106285598129034,0.9999496974050999,0.9998535178601742,0.2138671875,0.2781982421875,0.28076171875,0.2271728515625,0.237273171544075,0.29026442766189575,52,0.23945409059524536,0.24399039149284363,0.2506009638309479,0.21514423191547394,0.27818629145622253,51,0.24098670482635498,0.2193627506494522,0.28125,0.22120098769664764,0.28921568393707275,51,0.23213155567646027,0.20710785686969757,0.27450981736183167,0.2291666716337204,0.23590686917304993,51,0.23782415688037872,0.1825980395078659,0.27389708161354065,0.3075980544090271,0.2904411852359772,51,0.23592661321163177,0.21568627655506134,0.2591911852359772,0.2346813827753067,2.8585622310638428,0.5008724927902222,0.09805750846862793,0.352145791053772,-0.0008171109948307276,0.0,0.0,2.8775742053985596,0.5013638734817505,0.0957111045718193,0.3506324887275696,-0.000581479340326041,0.0,2.8826050758361816,0.5022420883178711,0.09739947319030762,0.3516419529914856,-0.0019282151479274035,0.0,2.877495050430298,0.5030483603477478,0.09769342839717865,0.35286226868629456,-0.0021602895576506853,0.0,2.861032724380493,0.49696269631385803,0.09969162195920944,0.3540116846561432,-0.0010822275653481483,0.0,2.8563008308410645,0.49322667717933655,0.099253349006176,0.3524090647697449,-6.14567834418267e-05
66,0.669842004776001,0.019775390625,0.0037841797493456397,0.42512001749128103,0.669842004776001,0.3623046875,0.029074935941025615,0.11006131349131465,0.051082284189760685,3.217845171689987,0.7307307384908199,0.118408203125,1.3018978306078566e-05,-0.023403497092658654,19.783793568611145,4.855279266834259,0.0030954447283875197,0.16666666666666674,0.014042788185179234,0.10184802114963531,0.013463810086250305,0.08473102748394012,0.0029909880831837654,-0.6818093657493591,0.6182134468108416,0.4750794302672148,0.6930588372051716,0.31615639477968216,0.32810436747968197,0.6282045226544142,0.3044367143884301,0.49304901622235775,0.7174833044409752,0.4592406917363405,0.7307307384908199,0.7952332124114037,0.3614664888009429,0.7119306139647961,0.9999494664371014,0.9998291041702032,0.18896484375,0.285400390625,0.281982421875,0.24365234375,0.23739919066429138,0.2974759638309479,52,0.24007444083690643,0.17307692766189575,0.2764423191547394,0.2530048191547394,0.2910539209842682,51,0.23339657485485077,0.17830882966518402,0.280637264251709,0.25,0.2971813976764679,51,0.23719164729118347,0.1936274617910385,0.2720588445663452,0.23713235557079315,0.21017158031463623,51,0.23908917605876923,0.22549019753932953,0.26409316062927246,0.30024510622024536,0.280637264251709,51,0.23719164729118347,0.17463235557079315,0.2769607901573181,0.26776960492134094,2.854954242706299,0.49668818712234497,0.09731997549533844,0.3528289794921875,-0.0006821610732004046,0.0,0.0,2.863213062286377,0.5048500895500183,0.098293237388134,0.3536127805709839,-0.00154495844617486,0.0,2.8542046546936035,0.4997997581958771,0.09810575097799301,0.35384729504585266,-0.00023157002578955144,0.0,2.8776652812957764,0.5013159513473511,0.09767141193151474,0.3516201674938202,-0.002002644818276167,0.0,2.870506525039673,0.49701446294784546,0.0980060026049614,0.35246017575263977,-0.0011410145089030266,0.0,2.8342442512512207,0.49157997965812683,0.10021915286779404,0.3534170389175415,0.000365602521924302
67,0.6616847235709429,0.016845703125,0.0031738282050355338,0.44803672563284636,0.6616847235709429,0.36456298828125,0.036775239859707654,0.12140413792803884,0.05769249715376645,3.431431829929352,0.7175175584852695,0.11859130859375,1.707689074592622e-05,-0.025511948624625802,16.491547882556915,4.851459205150604,0.0030208840616978705,0.1464646464646464,0.013910871930420399,0.1013975441455841,0.012804079800844193,0.08537647128105164,0.0029153316281735897,-0.6828986406326294,0.6162400413304567,0.4686921937391162,0.6725402716547251,0.3121994147077203,0.32346754614263773,0.6186588648706675,0.27408685395494103,0.48267721477895975,0.7122805286198854,0.4496607631444931,0.7175175584852695,0.7949165627360344,0.3586394339799881,0.7087312527000904,0.9999347981065512,0.9998046904802322,0.204833984375,0.281005859375,0.289306640625,0.224853515625,0.23664313554763794,0.27223557233810425,52,0.2295285314321518,0.21574519574642181,0.23858174681663513,0.2734375,0.29411765933036804,51,0.23908917605876923,0.2138480395078659,0.28125,0.21078431606292725,0.2708333432674408,51,0.23719164729118347,0.2034313827753067,0.2916666865348816,0.2340686321258545,0.1936274617910385,51,0.23402908444404602,0.20955882966518402,0.28431373834609985,0.3125,0.3235294222831726,51,0.24351675808429718,0.18137255311012268,0.28370100259780884,0.21139706671237946,2.8634426593780518,0.4993617832660675,0.0977044627070427,0.3521198332309723,0.0012434989912435412,0.0,0.0,2.852329730987549,0.5017253160476685,0.09746628999710083,0.3525139391422272,-0.0020936415530741215,0.0,2.872915267944336,0.49773740768432617,0.09563246369361877,0.3522244691848755,-0.0002824975526891649,0.0,2.8665401935577393,0.4988188147544861,0.09703516960144043,0.3541422188282013,-0.001003345474600792,0.0,2.8829867839813232,0.4947979748249054,0.09751499444246292,0.35249248147010803,0.0017919387901201844,0.0,2.865114688873291,0.491141140460968,0.09935685247182846,0.35299918055534363,0.00156278011854738
68,0.6607310920953751,0.018310546875,0.003393554767171736,0.45804039388895035,0.6607310920953751,0.35650634765625,0.03628323267912492,0.12080196780152619,0.05465537519194186,3.556269481778145,0.7151792123913765,0.1181640625,1.5666612375397904e-05,-0.026152860635193065,17.7990842461586,4.840766400098801,0.0029237707203719765,0.1262626262626263,0.01397484727203846,0.10093438625335693,0.013853217475116253,0.08773675560951233,0.002832440659403801,-0.6836943030357361,0.6024771891534328,0.47196841891855,0.6721281670033932,0.30800718627870083,0.32117628678679466,0.6223896313458681,0.28423129860311747,0.48313929233700037,0.7068774085491896,0.44910385087132454,0.7151792123913765,0.7956554125994444,0.36064354702830315,0.7068081982433796,0.9999394956976175,0.9997314494103193,0.2076416015625,0.27490234375,0.2886962890625,0.228759765625,0.23525704443454742,0.2740384638309479,52,0.23697270452976227,0.23557692766189575,0.2734375,0.21694712340831757,0.2818627655506134,51,0.23466159403324127,0.23284314572811127,0.28002452850341797,0.20526961982250214,0.29963237047195435,51,0.23213155567646027,0.19730393588542938,0.2647058963775635,0.23835785686969757,0.24325981736183167,51,0.23972168564796448,0.2132353037595749,0.2542892098426819,0.28921568393707275,0.33639708161354065,51,0.23276406526565552,0.15870098769664764,0.2647058963775635,0.240196093916893,2.8636255264282227,0.49604132771492004,0.09822164475917816,0.3554263710975647,-0.001001262106001377,0.0,0.0,2.87534761428833,0.49828898906707764,0.09611449390649796,0.35170453786849976,0.0005688666715286672,0.0,2.877835750579834,0.49837324023246765,0.09604766964912415,0.35157904028892517,-0.00038738761213608086,0.0,2.8612537384033203,0.5009353756904602,0.0961330309510231,0.3529396057128906,-0.0011473777703940868,0.0,2.842109441757202,0.4920770823955536,0.09811880439519882,0.3536607325077057,0.001795044168829918,0.0,2.8514368534088135,0.48974087834358215,0.09967926889657974,0.35547393560409546,0.0005787689588032663
69,0.662089517340064,0.018798828125,0.0035156250723957783,0.45148206129670143,0.662089517340064,0.35394287109375,0.03284802008420229,0.12197801959700882,0.052089108736254275,3.4574492424726486,0.7162275835871696,0.11883544921875,2.425526876237427e-05,-0.026390453102067113,17.006227374076843,4.8412754237651825,0.0029614158120239154,0.10606060606060597,0.01392828393727541,0.10147245228290558,0.014241181313991547,0.08629526197910309,0.0028752624057233334,-0.68443363904953,0.6037953868508339,0.4667270313948393,0.683822387829423,0.3039387557655573,0.32485069800168276,0.620092673227191,0.2857115026563406,0.4891303488984704,0.7062386721372604,0.4488159231841564,0.7162275835871696,0.7944943625479937,0.35637213196605444,0.7067842986434698,0.9999100510030985,0.9997558631002903,0.1905517578125,0.2894287109375,0.2867431640625,0.2332763671875,0.23689515888690948,0.28786060214042664,52,0.24007444083690643,0.20492789149284363,0.26742789149284363,0.2397836595773697,0.31556373834609985,51,0.23213155567646027,0.1825980395078659,0.2591911852359772,0.24264706671237946,0.3063725531101227,51,0.23782415688037872,0.1770833432674408,0.3008578419685364,0.21568627655506134,0.2352941334247589,51,0.23972168564796448,0.20649510622024536,0.2671568691730499,0.2910539209842682,0.31556373834609985,51,0.23466159403324127,0.18137255311012268,0.2702206075191498,0.23284314572811127,2.8557491302490234,0.49505528807640076,0.09844919294118881,0.35602647066116333,0.0008785795653238893,0.0,0.0,2.8561134338378906,0.4972447156906128,0.09720329195261002,0.3524104058742523,0.00040818232810124755,0.0,2.8654673099517822,0.49803170561790466,0.09593387693166733,0.352642297744751,0.00029174916562624276,0.0,2.8778815269470215,0.5007333159446716,0.09638014435768127,0.3533906638622284,-0.0016287717735394835,0.0,2.8578858375549316,0.491700142621994,0.09775150567293167,0.3532103896141052,0.0007586400606669486,0.0,2.8574304580688477,0.48964425921440125,0.09922408312559128,0.3532797694206238,0.0018221557838842273
70,0.6577593926340342,0.0191650390625,0.0034423828874423634,0.4547992190346122,0.6577593926340342,0.35064697265625,0.035116389277391136,0.1260084891691804,0.054971133009530604,3.471910245716572,0.7213869728147984,0.1170654296875,3.8574021544945936e-05,-0.025943061336874962,17.35107845067978,4.834504306316376,0.00297959144518245,0.08585858585858586,0.013767652213573456,0.10133248567581177,0.014388324692845345,0.08633320033550262,0.002889161929488182,-0.6849283576011658,0.5968086961656809,0.4601681837812066,0.6782165002077818,0.305241790600121,0.3200759943574667,0.6111133564263582,0.27520519820973277,0.48718798253685236,0.7035923302173615,0.44678833428770304,0.7213869728147984,0.7975553162395954,0.35591590870171785,0.7045504320412874,0.999855725094676,0.9996093809604645,0.17919921875,0.288330078125,0.2806396484375,0.2518310546875,0.23500503599643707,0.301682710647583,52,0.23511165380477905,0.1953125,0.2896634638309479,0.2133413553237915,0.3026960790157318,51,0.23655913770198822,0.1881127506494522,0.26838237047195435,0.24080882966518402,0.2977941334247589,51,0.23339657485485077,0.18504902720451355,0.26776960492134094,0.24938726425170898,0.2867647111415863,51,0.23592661321163177,0.17279411852359772,0.26776960492134094,0.27267158031463623,0.30453431606292725,51,0.23402908444404602,0.15441176295280457,0.2714460790157318,0.2696078419685364,2.8484606742858887,0.4957830309867859,0.09951062500476837,0.3561501204967499,0.0003787013120017946,0.0,0.0,2.8718385696411133,0.4960916340351105,0.09607651084661484,0.35233667492866516,0.0007610274478793144,0.0,2.861234664916992,0.5002727508544922,0.09658269584178925,0.35215774178504944,-0.0016032856656238437,0.0,2.8616394996643066,0.49636220932006836,0.09720581769943237,0.35204315185546875,-0.0008524603908881545,0.0,2.838319778442383,0.4916795790195465,0.09937766939401627,0.3544185161590576,-3.244795516366139e-05,0.0,2.838618278503418,0.48858827352523804,0.09934414178133011,0.35564056038856506,0.0010815111454576254
71,0.6549697816371918,0.0184326171875,0.0035156250924046617,0.4629604686051607,0.6549697816371918,0.3577880859375,0.03447968070395291,0.12702182168141007,0.06026734260376543,3.4235353991389275,0.7299931142479181,0.1192626953125,5.282818389851229e-05,-0.024929260020144284,16.472088098526,4.84467813372612,0.002996281808009371,0.06565656565656575,0.014348143711686134,0.10136981308460236,0.014984218403697014,0.08617287874221802,0.0029020055662840605,-0.6848026514053345,0.5896326489746571,0.45445225574076176,0.670353427529335,0.3015773110091686,0.31420133728533983,0.6053809933364391,0.2671629535034299,0.4860475128516555,0.7001599408686161,0.4487741533666849,0.7299931142479181,0.793755516409874,0.35499808844178915,0.7018855102360249,0.999805198982358,0.9998291041702032,0.171630859375,0.27978515625,0.2890625,0.259521484375,0.23651713132858276,0.2914663553237915,52,0.2338709682226181,0.18088942766189575,0.26382213830947876,0.26382213830947876,0.2984068691730499,51,0.23529410362243652,0.16053922474384308,0.3063725531101227,0.2346813827753067,0.27757352590560913,51,0.23529410362243652,0.17401961982250214,0.28431373834609985,0.26409316062927246,0.25306373834609985,51,0.23592661321163177,0.18443627655506134,0.27267158031463623,0.28982844948768616,0.3014706075191498,51,0.24225172400474548,0.15808823704719543,0.25857844948768616,0.2818627655506134,2.8424978256225586,0.49653831124305725,0.09733141958713531,0.3544643521308899,-0.0007571299211122096,0.0,0.0,2.8406174182891846,0.4954562783241272,0.09675326943397522,0.35489410161972046,-0.0012471395311877131,0.0,2.8647007942199707,0.49753227829933167,0.09747552126646042,0.3542811870574951,-0.00046256568748503923,0.0,2.8618710041046143,0.4951392710208893,0.09865162521600723,0.3536074757575989,-0.0006852410733699799,0.0,2.850262403488159,0.49477556347846985,0.0990166962146759,0.3541678786277771,0.00038733179098926485,0.0,2.8382279872894287,0.48947376012802124,0.10013242065906525,0.3551619350910187,7.029617700027302e-05
72,0.6607097610831261,0.018798828125,0.003564453198123374,0.4456379013136029,0.6607097610831261,0.35565185546875,0.034352013433817774,0.1229605171829462,0.05284542287699878,3.6243457943201065,0.7130232974886894,0.11712646484375,3.153923323973018e-05,-0.024912440625485033,15.9416983127594,4.845992803573608,0.003166221344145015,0.045454545454545414,0.013748785480856895,0.10173238813877106,0.013095805421471596,0.08373456448316574,0.003056370187550783,-0.685480535030365,0.6007023584097624,0.46775427740067244,0.6899131592363119,0.30992408469319344,0.32186851371079683,0.6194330863654613,0.2684823041781783,0.48925711400806904,0.7078575734049082,0.4491905067116022,0.7130232974886894,0.7974497582763433,0.3564996225759387,0.7010485418140888,0.9998789113014936,0.9998046904802322,0.188720703125,0.2828369140625,0.285888671875,0.2425537109375,0.23752519488334656,0.27163463830947876,52,0.23759305477142334,0.20973558723926544,0.254807710647583,0.26382213830947876,0.3192402124404907,51,0.23466159403324127,0.18688726425170898,0.25367647409439087,0.240196093916893,0.2916666865348816,51,0.24035419523715973,0.16544118523597717,0.3082107901573181,0.2346813827753067,0.23345589637756348,51,0.23908917605876923,0.2138480395078659,0.2671568691730499,0.2855392396450043,0.3278186321258545,51,0.23592661321163177,0.1672794222831726,0.2647058963775635,0.240196093916893,2.8700315952301025,0.49457284808158875,0.09404812008142471,0.34932559728622437,-0.00042215504799969494,0.0,0.0,2.856971263885498,0.4981929659843445,0.09510345011949539,0.3539949953556061,-0.001818517572246492,0.0,2.8625261783599854,0.49827614426612854,0.09556430578231812,0.35194891691207886,-0.0008162995218299329,0.0,2.8708035945892334,0.49694153666496277,0.09740622341632843,0.35360777378082275,-0.0014336553867906332,0.0,2.8645005226135254,0.4933900833129883,0.09759460389614105,0.35257887840270996,-0.00015310029266402125,0.0,2.850630283355713,0.4893953502178192,0.09957876056432724,0.3553849756717682,0.00034309772308915854
73,0.6646807827055454,0.01904296875,0.003759765710128704,0.4445282006636262,0.6646807827055454,0.35882568359375,0.029580894217360765,0.11855330923572183,0.05230667139403522,3.5790237560868263,0.724063653498888,0.11767578125,3.427939547615e-05,-0.026692797662690282,16.119421303272247,4.838410913944244,0.0030309708963613957,0.025252525252525304,0.013837631791830063,0.10167384147644043,0.014904685318470001,0.08522094041109085,0.002942962571978569,-0.6863755583763123,0.6044308859854937,0.46925975289195776,0.6875382605940104,0.3068860564380884,0.32208049297332764,0.6210658214986324,0.29856002144515514,0.49009205773472786,0.7079000156372786,0.45327849220484495,0.724063653498888,0.7964998073875904,0.3599413298070431,0.7030714061111212,0.9998678397387266,0.9999511726200581,0.17236328125,0.2803955078125,0.2913818359375,0.255859375,0.2348790317773819,0.3040865361690521,52,0.2295285314321518,0.18088942766189575,0.2818509638309479,0.23317308723926544,0.2959558963775635,51,0.23466159403324127,0.15318627655506134,0.28370100259780884,0.2671568691730499,0.2598039209842682,51,0.23529410362243652,0.1924019604921341,0.3014706075191498,0.24632354080677032,0.2561274468898773,51,0.23908917605876923,0.16911765933036804,0.28002452850341797,0.29473039507865906,0.29534316062927246,51,0.23592661321163177,0.1660539209842682,0.2616421580314636,0.2769607901573181,2.841055154800415,0.49157512187957764,0.09720933437347412,0.35489988327026367,0.0002795105392578989,0.0,0.0,2.8715686798095703,0.4986986815929413,0.09586557745933533,0.3531133830547333,-0.0005064360448159277,0.0,2.853646755218506,0.4955069422721863,0.09764374047517776,0.3541731834411621,-0.0003628772683441639,0.0,2.872562885284424,0.4940562844276428,0.09800394624471664,0.35411739349365234,-4.2786621634149924e-05,0.0,2.8521041870117188,0.4907175898551941,0.09839943051338196,0.354583740234375,0.0005271339905448258,0.0,2.846750497817993,0.48656541109085083,0.09975314885377884,0.3559172749519348,0.0004426546802278608
74,0.6653594225645065,0.0184326171875,0.0034423828528815648,0.44116805028170347,0.6653594225645065,0.3609619140625,0.03501665155636147,0.12149980571120977,0.05547808518167585,3.40295697003603,0.7169677037745714,0.118408203125,2.4171035297476662e-05,-0.024629283463582397,20.253369212150574,4.832439631223679,0.0030427764577325433,0.005050505050504972,0.014104139059782028,0.10158736258745193,0.013317364268004894,0.08583749085664749,0.002968658460304141,-0.686659038066864,0.6132932566106319,0.46745204273611307,0.6775756794959307,0.3136123791337013,0.3242077501490712,0.6176865920424461,0.2992423316463828,0.4990851739421487,0.7120844163000584,0.4516324270516634,0.7169677037745714,0.7952332142740488,0.3587137656286359,0.7024397570639849,0.9999073129147291,0.9997558612376451,0.17822265625,0.2816162109375,0.2913818359375,0.248779296875,0.23752519488334656,0.28485578298568726,52,0.23697270452976227,0.16887019574642181,0.2920673191547394,0.25420674681663513,0.2824755012989044,51,0.23719164729118347,0.18382354080677032,0.29473039507865906,0.2389705926179886,0.28860294818878174,51,0.23466159403324127,0.18504902720451355,0.2984068691730499,0.22794118523597717,0.24264706671237946,51,0.24225172400474548,0.1930147111415863,0.28431373834609985,0.28002452850341797,0.2916666865348816,51,0.23655913770198822,0.16053922474384308,0.26776960492134094,0.28002452850341797,2.869951009750366,0.4948558211326599,0.09765968471765518,0.3554314970970154,-0.00035299418959766626,0.0,0.0,2.8651387691497803,0.4971918761730194,0.09592419862747192,0.35526108741760254,-0.0007132691098377109,0.0,2.874330759048462,0.49626097083091736,0.09769626706838608,0.3541778326034546,-0.0016415780410170555,0.0,2.883068799972534,0.498477578163147,0.09621752053499222,0.3542669117450714,-0.00015107670333236456,0.0,2.863043785095215,0.49210378527641296,0.09716950356960297,0.35366424918174744,4.182253542239778e-05,0.0,2.8399274349212646,0.4881664514541626,0.09980770200490952,0.35523203015327454,0.0005937611567787826
75,0.6661572977900505,0.0179443359375,0.0033203125967702363,0.440422291867435,0.6661572977900505,0.3536376953125,0.03276431647827849,0.12190882302820683,0.05457920511253178,3.2668021619319916,0.7165346015244722,0.120361328125,6.742770369783102e-05,-0.024896821909351274,17.253804922103882,4.8129772543907166,0.0029281962488312274,0.0,0.013552720658481121,0.10186055302619934,0.013104161247611046,0.08555825799703598,0.002840811852365732,-0.687067985534668,0.6118907034397125,0.4746800381690264,0.6795740518718958,0.3084763381630182,0.3254374461248517,0.6273308657109737,0.3028406295925379,0.5039168456569314,0.7147133983671665,0.45266804564744234,0.7165346015244722,0.7918556127697229,0.3540187207981944,0.7002329099923372,0.9997500665485859,0.9997314475476742,0.1800537109375,0.282470703125,0.31103515625,0.2264404296875,0.24004535377025604,0.28786060214042664,52,0.23945409059524536,0.17908655107021332,0.3233173191547394,0.20973558723926544,0.29534316062927246,51,0.24225172400474548,0.17830882966518402,0.2922794222831726,0.2340686321258545,0.3033088445663452,51,0.23402908444404602,0.18321079015731812,0.3186274766921997,0.19485294818878174,0.24693627655506134,51,0.24035419523715973,0.21078431606292725,0.25183823704719543,0.2904411852359772,0.33026960492134094,51,0.24414926767349243,0.14889706671237946,0.27389708161354065,0.24693627655506134,2.881082534790039,0.4935668706893921,0.09862475097179413,0.3565382957458496,-0.00014785557868890464,0.0,0.0,2.8910653591156006,0.4958631992340088,0.09627702087163925,0.3544040322303772,-0.0019980885554105043,0.0,2.8804211616516113,0.4933518171310425,0.09626973420381546,0.35387223958969116,-0.0013292714720591903,0.0,2.90396785736084,0.49540239572525024,0.09615345299243927,0.35390570759773254,-0.00210646353662014,0.0,2.86000394821167,0.48800063133239746,0.09820158779621124,0.35451236367225647,0.000802772119641304,0.0,2.8713109493255615,0.48899126052856445,0.09973257035017014,0.35485729575157166,-6.913807010278106e-05
76,0.6602762714028358,0.0167236328125,0.0031738281868456397,0.4513631947338581,0.6602762714028358,0.34808349609375,0.03439055889612064,0.1324962351936847,0.05418904311954975,3.3093194514513016,0.7120304703712463,0.115966796875,4.366598743743566e-05,-0.02502667036605999,17.66450560092926,4.803667485713959,0.002945444211945869,0.0,0.01375548355281353,0.10072251409292221,0.01362636312842369,0.08368378132581711,0.0028520880732685328,-0.6877886652946472,0.5964424256235361,0.46586052887141705,0.6733831688761711,0.30882262252271175,0.3209786405786872,0.6178857572376728,0.28566029760986567,0.49487924482673407,0.7093289960175753,0.4496450684964657,0.7120304703712463,0.799455201253295,0.3597849262878299,0.700929244980216,0.9998361449688673,0.9998291041702032,0.1680908203125,0.3023681640625,0.3074951171875,0.2220458984375,0.2358870953321457,0.3197115361690521,52,0.23945409059524536,0.17548078298568726,0.29326924681663513,0.21153846383094788,0.32046568393707275,51,0.23339657485485077,0.17401961982250214,0.2971813976764679,0.2083333432674408,0.33088237047195435,51,0.23213155567646027,0.13419118523597717,0.30943629145622253,0.22549019753932953,0.22732843458652496,51,0.24161921441555023,0.1666666716337204,0.28860294818878174,0.3174019753932953,0.32046568393707275,51,0.23276406526565552,0.18995098769664764,0.25183823704719543,0.23774510622024536,2.8906548023223877,0.4926847815513611,0.09491097182035446,0.3512251377105713,-0.0006757040973752737,0.0,0.0,2.8916709423065186,0.4983801543712616,0.09490226954221725,0.354097455739975,-0.0015288671711459756,0.0,2.9036762714385986,0.4931308925151825,0.09570851176977158,0.3522779941558838,-0.001634641899727285,0.0,2.899855136871338,0.4963186979293823,0.09656057506799698,0.35493791103363037,-0.0026818953920155764,0.0,2.8777008056640625,0.49326685070991516,0.09829384088516235,0.3539965748786926,-0.00031541523640044034,0.0,2.8599400520324707,0.4903789758682251,0.09938738495111465,0.3544245958328247,-0.00012462148151826113
77,0.6658948231488466,0.0198974609375,0.003833007904177066,0.4398753298446536,0.6658948231488466,0.3594970703125,0.03237441717647016,0.1050439914688468,0.053056381177157164,3.5263731703162193,0.72121137753129,0.11773681640625,7.708190256039416e-05,-0.025119299069046974,19.36440658569336,4.801081001758575,0.002801519396598451,0.0,0.014535075053572655,0.10102985799312592,0.015378626994788647,0.08531419187784195,0.002702658995985985,-0.6886130571365356,0.6123623251914978,0.47316533233970404,0.6881849579513073,0.31060400884598494,0.3284713579341769,0.6241437047719955,0.29107182379812,0.5000517722219229,0.7193146850913763,0.4542149007320404,0.72121137753129,0.7963942568749189,0.35317905340343714,0.698450144380331,0.9997229985892773,0.9998535178601742,0.1712646484375,0.2921142578125,0.311767578125,0.224853515625,0.23664313554763794,0.29807692766189575,52,0.2388337403535843,0.16346155107021332,0.29326924681663513,0.24519231915473938,0.29411765933036804,51,0.23466159403324127,0.18688726425170898,0.3131127655506134,0.20588235557079315,0.2904411852359772,51,0.23782415688037872,0.18566177785396576,0.29534316062927246,0.22855393588542938,0.19975490868091583,51,0.23466159403324127,0.16544118523597717,0.29963237047195435,0.33517158031463623,0.3223039209842682,51,0.23719164729118347,0.15502451360225677,0.27818629145622253,0.2444853037595749,2.882260322570801,0.4935845732688904,0.09733282029628754,0.35397762060165405,-0.0002704300859477371,0.0,0.0,2.867893695831299,0.4980540871620178,0.09715234488248825,0.35555124282836914,-0.0011850637383759022,0.0,2.89172101020813,0.4959867298603058,0.09656020998954773,0.3538150489330292,-0.0018911240622401237,0.0,2.895244598388672,0.49916452169418335,0.09693611413240433,0.35429733991622925,-0.0038275038823485374,0.0,2.8938381671905518,0.4930275082588196,0.09887523949146271,0.3540860116481781,0.001648169243708253,0.0,2.8624393939971924,0.49124133586883545,0.09897132217884064,0.35517773032188416,0.0003454960824456066
78,0.6620223894715309,0.0198974609375,0.0036865235433651833,0.45159417390823364,0.6620223894715309,0.34967041015625,0.03755748405819759,0.12047816254198551,0.059861825313419104,3.5772366672754288,0.7239107359200716,0.11859130859375,2.4990866140717216e-05,-0.024632792366901413,17.505278646945953,4.792091876268387,0.0029668107017641887,0.0,0.014026358723640442,0.10128632932901382,0.014105108566582203,0.0851280689239502,0.002871436532586813,-0.6881789565086365,0.6035387013107538,0.46728709526360035,0.6749014463275671,0.3099359832704067,0.3195488303899765,0.6201114412397146,0.2868169145658612,0.4932142607867718,0.7142413780093193,0.45139122754335403,0.7239107359200716,0.7949165664613247,0.3533849213272333,0.7055178135633469,0.9999047573655844,0.9997070357203484,0.167724609375,0.2952880859375,0.302001953125,0.2349853515625,0.23676913976669312,0.31370192766189575,52,0.2388337403535843,0.18269231915473938,0.2734375,0.23016828298568726,0.30943629145622253,51,0.23908917605876923,0.15502451360225677,0.30575981736183167,0.2297794222831726,0.29473039507865906,51,0.23213155567646027,0.15931373834609985,0.31066176295280457,0.2352941334247589,0.25367647409439087,51,0.23529410362243652,0.18995098769664764,0.2671568691730499,0.28921568393707275,0.33149510622024536,51,0.23845666646957397,0.1513480395078659,0.2910539209842682,0.22610294818878174,2.8879647254943848,0.49497464299201965,0.09691696614027023,0.35293638706207275,-0.0012288608122617006,0.0,0.0,2.8854446411132812,0.4975450336933136,0.09591224044561386,0.35275012254714966,-0.0016453108983114362,0.0,2.884375810623169,0.49666592478752136,0.09731794148683548,0.35343337059020996,-0.001272906782105565,0.0,2.8874261379241943,0.49826133251190186,0.09825234860181808,0.3547019958496094,-0.002519571455195546,0.0,2.8775277137756348,0.49318456649780273,0.09884337335824966,0.3543608486652374,0.0003459087456576526,0.0,2.8708362579345703,0.4894999563694,0.09927761554718018,0.3547438979148865,-1.9452152628218755e-05
79,0.6629101801663637,0.0169677734375,0.00314941412943881,0.4491476211696863,0.6629101801663637,0.352294921875,0.03474697779165581,0.12482274137437344,0.05604249343741685,3.0979276597499847,0.7149124592542648,0.11639404296875,3.130267317885682e-05,-0.024625892168842256,16.01352369785309,4.801614463329315,0.0029626276809722185,0.0,0.013446454890072346,0.1011388897895813,0.013031107373535633,0.08487077802419662,0.0028731224592775106,-0.6875271201133728,0.6071211565285921,0.46044697239995,0.6724458578974009,0.3091326607391238,0.32376400474458933,0.6112932879477739,0.30293103819712996,0.49695129971951246,0.7089051511138678,0.4491804847493768,0.7149124592542648,0.7987163607031107,0.3566470043733716,0.6993292979896069,0.9998812451958656,0.9997558631002903,0.1688232421875,0.313232421875,0.2816162109375,0.236328125,0.23311491310596466,0.31911060214042664,52,0.23325061798095703,0.1616586595773697,0.28485578298568726,0.2343750149011612,0.3082107901573181,51,0.23213155567646027,0.1770833432674408,0.3333333432674408,0.18137255311012268,0.3333333432674408,51,0.23466159403324127,0.16299019753932953,0.25796568393707275,0.24571079015731812,0.25857844948768616,51,0.23339657485485077,0.1660539209842682,0.3008578419685364,0.27450981736183167,0.25735294818878174,51,0.23213155567646027,0.1764705926179886,0.30453431606292725,0.2616421580314636,2.9027011394500732,0.49693721532821655,0.0981820747256279,0.3532155752182007,-0.001361751463264227,0.0,0.0,2.896911144256592,0.4987669289112091,0.09663543850183487,0.35418158769607544,-0.0022879820317029953,0.0,2.91787052154541,0.4972250461578369,0.09630186855792999,0.35393914580345154,-0.0024549500085413456,0.0,2.8972742557525635,0.49697837233543396,0.0964513048529625,0.3528158366680145,-0.00265325210057199,0.0,2.86491322517395,0.4923116862773895,0.0988706424832344,0.35443115234375,8.44343303469941e-05,0.0,2.8529114723205566,0.48745572566986084,0.09771668165922165,0.3523752689361572,0.00041793749551288784
80,0.660649873316288,0.0196533203125,0.0037109375953150447,0.4462763834744692,0.660649873316288,0.3480224609375,0.03447759005939588,0.11355246370658278,0.05791118589695543,3.7850660011172295,0.7213604655116796,0.1171875,2.282802121933783e-05,-0.0248952655820176,18.932201266288757,4.802940100431442,0.0028975565219298005,0.0,0.014210421591997147,0.10132329165935516,0.013632731512188911,0.0853412076830864,0.002787709701806307,-0.6884357333183289,0.6049075592309237,0.46668522618710995,0.6828079912811518,0.3138856031000614,0.3235922958701849,0.6179377846419811,0.26434549083933234,0.5016891760751605,0.7161190621554852,0.4524651598185301,0.7213604655116796,0.7973442133516073,0.3550104722380638,0.6971809361129999,0.9999130927026272,0.9997802767902613,0.1685791015625,0.307861328125,0.291015625,0.2325439453125,0.2348790317773819,0.3515625,52,0.2338709682226181,0.15805289149284363,0.2584134638309479,0.2319711595773697,0.293504923582077,51,0.23655913770198822,0.18382354080677032,0.2959558963775635,0.22671569883823395,0.29901960492134094,51,0.23466159403324127,0.1776960790157318,0.28860294818878174,0.2346813827753067,0.2291666716337204,51,0.23719164729118347,0.1825980395078659,0.32107844948768616,0.2671568691730499,0.34558823704719543,51,0.23213155567646027,0.1409313827753067,0.27328431606292725,0.240196093916893,2.9032864570617676,0.49839213490486145,0.09612898528575897,0.3518136739730835,-0.003085944103077054,0.0,0.0,2.8958723545074463,0.49912601709365845,0.09529247879981995,0.3530963063240051,-0.002839841414242983,0.0,2.896512508392334,0.5012191534042358,0.09801590442657471,0.35460588335990906,-0.0028809045907109976,0.0,2.9048988819122314,0.5004693269729614,0.09755028039216995,0.3533584177494049,-0.0021498335991054773,0.0,2.8829245567321777,0.4946683347225189,0.09743780642747879,0.35296526551246643,-0.002059847814962268,0.0,2.8688926696777344,0.49031323194503784,0.10029510408639908,0.35616782307624817,2.4035098249441944e-05
81,0.6650473307818174,0.017333984375,0.0033447266378061613,0.435198575258255,0.6650473307818174,0.35443115234375,0.030123809759970754,0.12022112123668194,0.051725751953199506,3.537423260509968,0.7176470328122377,0.1180419921875,2.629389023983686e-05,-0.02468829478311818,15.924938797950745,4.800927519798279,0.0029683153989026323,0.0,0.013983959332108498,0.1015724316239357,0.014309180900454521,0.08622165024280548,0.002873132936656475,-0.6899135708808899,0.6103621758520603,0.47146567422896624,0.6918083094060421,0.31544978357851505,0.3254811419174075,0.6241199467331171,0.2844146052375436,0.49828041065484285,0.7113208901137114,0.45475098118185997,0.7176470328122377,0.7958665117621422,0.356291513890028,0.6992065329104662,0.9999009910970926,0.9998779315501451,0.185546875,0.2999267578125,0.2840576171875,0.23046875,0.23626510798931122,0.32932692766189575,52,0.2320099174976349,0.19471155107021332,0.2632211744785309,0.21274039149284363,0.2977941334247589,51,0.23529410362243652,0.19056373834609985,0.2855392396450043,0.22610294818878174,0.29963237047195435,51,0.24161921441555023,0.18382354080677032,0.28492647409439087,0.23161765933036804,0.23345589637756348,51,0.23466159403324127,0.18014706671237946,0.29411765933036804,0.2922794222831726,0.29473039507865906,51,0.23782415688037872,0.17830882966518402,0.27818629145622253,0.24877451360225677,2.893157958984375,0.4999883770942688,0.096797876060009,0.35343077778816223,-0.0008089905022643507,0.0,0.0,2.9004604816436768,0.5009170174598694,0.0952032208442688,0.3525387942790985,-0.0028579768259078264,0.0,2.9019839763641357,0.5029728412628174,0.0971689447760582,0.3540390729904175,-0.0036200357135385275,0.0,2.8943347930908203,0.5004517436027527,0.09648192673921585,0.3544716536998749,-0.00305952993221581,0.0,2.874957323074341,0.49337413907051086,0.09837087243795395,0.35434192419052124,-0.0007185963913798332,0.0,2.8584325313568115,0.4919235110282898,0.09987715631723404,0.3546993136405945,0.00029060299857519567
82,0.6680299378931522,0.0198974609375,0.0038330079114530236,0.4344199141487479,0.6680299378931522,0.34674072265625,0.031729380309116095,0.11641236743889749,0.05289892328437418,3.4602034986019135,0.7115360088646412,0.11798095703125,4.011367303569102e-05,-0.026512810174608603,17.4200302362442,4.788047939538956,0.0029213049565441906,0.0,0.013611681759357452,0.10190913081169128,0.014055036939680576,0.0855388417840004,0.0028322609141469,-0.6911210417747498,0.6107917707413435,0.4730543801560998,0.6844075005501509,0.30902664083987474,0.3253403063863516,0.6241135913878679,0.30876973923295736,0.5001882640644908,0.7114462666213512,0.4524127831682563,0.7115360088646412,0.7959720585495234,0.35791347455233335,0.7006611097604036,0.999851044267416,0.9998535178601742,0.1749267578125,0.309326171875,0.300537109375,0.2152099609375,0.237273171544075,0.3539663553237915,52,0.2338709682226181,0.15985576808452606,0.3070913553237915,0.17908655107021332,0.31127452850341797,51,0.23845666646957397,0.18443627655506134,0.27818629145622253,0.22610294818878174,0.32107844948768616,51,0.23782415688037872,0.1458333432674408,0.30024510622024536,0.23284314572811127,0.21629902720451355,51,0.23655913770198822,0.2034313827753067,0.2922794222831726,0.2879902124404907,0.3290441334247589,51,0.23972168564796448,0.18137255311012268,0.2671568691730499,0.22242647409439087,2.8933982849121094,0.49951475858688354,0.09717434644699097,0.3538440465927124,-0.002845283132046461,0.0,0.0,2.919867992401123,0.5017440915107727,0.09483125805854797,0.3526794910430908,-0.0034193505998700857,0.0,2.901434898376465,0.5039469599723816,0.09644076973199844,0.35321393609046936,-0.0034871043171733618,0.0,2.8869364261627197,0.5020025968551636,0.09734121710062027,0.35536617040634155,-0.0032520017120987177,0.0,2.8805272579193115,0.49616679549217224,0.0970071405172348,0.3532390594482422,-0.0005532368086278439,0.0,2.8639121055603027,0.4936370253562927,0.09903505444526672,0.3548884689807892,0.000546460272744298
83,0.6631529554724693,0.017578125,0.0034179688282165444,0.44507220201194286,0.6631529554724693,0.35162353515625,0.032919294317252934,0.12314092740416527,0.05348125332966447,3.3567744120955467,0.7097380310297012,0.1171875,2.4536549727116608e-05,-0.023123913997551426,17.873320698738098,4.774603247642517,0.0029105179419275373,0.0,0.014253591187298298,0.10106370598077774,0.014985230751335621,0.08638764172792435,0.00282222218811512,-0.6919927597045898,0.6076688468456268,0.472671814262867,0.6786106061190367,0.3054926060140133,0.32223688438534737,0.623752061277628,0.2831946974620223,0.5011990871280432,0.7078270446509123,0.4471001587808132,0.7097380310297012,0.797344209626317,0.36075589898973703,0.6990727689117193,0.9999058078974485,0.9999023452401161,0.1810302734375,0.3079833984375,0.2965087890625,0.2144775390625,0.23702116310596466,0.31129810214042664,52,0.23573200404644012,0.1694711595773697,0.296875,0.22235578298568726,0.33088237047195435,51,0.23655913770198822,0.19424019753932953,0.27389708161354065,0.20098039507865906,0.31495100259780884,51,0.23529410362243652,0.15808823704719543,0.3125,0.21446079015731812,0.22303922474384308,51,0.23845666646957397,0.18933823704719543,0.2916666865348816,0.2959558963775635,0.3033088445663452,51,0.23908917605876923,0.19424019753932953,0.2910539209842682,0.21139706671237946,2.8940320014953613,0.4983474016189575,0.09687085449695587,0.3547760248184204,-0.0013244783040136099,0.0,0.0,2.8934926986694336,0.5021196603775024,0.09589073807001114,0.35446739196777344,-0.004112171474844217,0.0,2.921267032623291,0.5012986063957214,0.09519676119089127,0.3522054851055145,-0.003581744385883212,0.0,2.9107484817504883,0.5019883513450623,0.09698786586523056,0.35544395446777344,-0.0031157988123595715,0.0,2.8735580444335938,0.49708685278892517,0.09795663505792618,0.35375460982322693,-0.0020333121065050364,0.0,2.881004810333252,0.493792861700058,0.09788063913583755,0.354097455739975,0.0005094147054478526
84,0.6613597106188536,0.01708984375,0.003271484436481842,0.45253247022628784,0.6613597106188536,0.3536376953125,0.033542638760991395,0.12292946130037308,0.05530224461108446,3.5536546632647514,0.7144901193678379,0.1171875,4.520119947210022e-05,-0.023233778367284685,14.681549668312073,4.7644869685173035,0.0028825890767620876,0.0,0.013558551669120789,0.10146995633840561,0.013384789228439331,0.08686717599630356,0.0027692667208611965,-0.6916834712028503,0.6020587775856256,0.469645612873137,0.6837269272655249,0.3054222697392106,0.3170314645394683,0.6210294142365456,0.2827737918123603,0.49595225788652897,0.7068179734051228,0.44603888876736164,0.7144901193678379,0.7973442040383816,0.3568585738539696,0.6970327459275723,0.9998322576284409,0.9998535178601742,0.1864013671875,0.296875,0.3060302734375,0.210693359375,0.23702116310596466,0.2764423191547394,52,0.2320099174976349,0.19891828298568726,0.3040865361690521,0.22055289149284363,0.3223039209842682,51,0.23466159403324127,0.18566177785396576,0.3192402124404907,0.17279411852359772,0.33149510622024536,51,0.24225172400474548,0.17034314572811127,0.2861519753932953,0.21200981736183167,0.23100490868091583,51,0.24098670482635498,0.17953431606292725,0.2714460790157318,0.3180147111415863,0.3026960790157318,51,0.23529410362243652,0.19730393588542938,0.28308823704719543,0.21691177785396576,2.903463840484619,0.5009967088699341,0.09766446053981781,0.35412412881851196,-0.0034393221139907837,0.0,0.0,2.898932933807373,0.5021709203720093,0.09669993817806244,0.3555528223514557,-0.003400825196877122,0.0,2.9273617267608643,0.5013971328735352,0.09635407477617264,0.3529730439186096,-0.0030070480424910784,0.0,2.9086573123931885,0.5016832947731018,0.09541884064674377,0.35297343134880066,-0.004301306325942278,0.0,2.8760077953338623,0.4965014159679413,0.09930334240198135,0.35667482018470764,-0.0017603107262402773,0.0,2.8793721199035645,0.4922558069229126,0.09802887588739395,0.3539191782474518,0.0008269750396721065
85,0.6626012250781059,0.020263671875,0.0038085938067524694,0.46761881466954947,0.6626012250781059,0.35980224609375,0.03638998733367771,0.1186954970471561,0.05365966586396098,3.172118626534939,0.7034294623881578,0.1181640625,3.621194033773256e-05,-0.022344342272845097,19.08638882637024,4.752886950969696,0.0028473974525695667,0.0,0.013208363205194473,0.10104627907276154,0.013591315597295761,0.08745597302913666,0.0027541429735720158,-0.6920842528343201,0.5947913471609354,0.4668955458328128,0.670398473739624,0.30232864059507847,0.3149640494957566,0.6177890561521053,0.3224529856815934,0.49276830442249775,0.7082793414592743,0.4441951122134924,0.7034294623881578,0.7956554163247347,0.35916727874428034,0.6947584338486195,0.9998624436557293,0.9997558631002903,0.19091796875,0.3026123046875,0.3114013671875,0.195068359375,0.237273171544075,0.30829328298568726,52,0.2388337403535843,0.19951923191547394,0.3046875,0.1875,0.2977941334247589,51,0.24161921441555023,0.1770833432674408,0.3376225531101227,0.1875,0.31066176295280457,51,0.23339657485485077,0.17279411852359772,0.31433823704719543,0.20220589637756348,0.17401961982250214,51,0.23845666646957397,0.2242647111415863,0.311887264251709,0.28982844948768616,0.31066176295280457,51,0.23402908444404602,0.18075981736183167,0.28431373834609985,0.2242647111415863,2.877965211868286,0.49879664182662964,0.09642554074525833,0.3540971875190735,-0.0023785994853824377,0.0,0.0,2.907592296600342,0.5020164251327515,0.09526947885751724,0.3541467487812042,-0.0023740974720567465,0.0,2.9159955978393555,0.4996347725391388,0.09719622880220413,0.3555346131324768,-0.0024206028319895267,0.0,2.8984878063201904,0.5014698505401611,0.0963154211640358,0.3543013036251068,-0.00246995291672647,0.0,2.9089291095733643,0.4975511431694031,0.09483680129051208,0.3516440689563751,-0.0012877914123237133,0.0,2.881375789642334,0.4922507107257843,0.09777354449033737,0.354787141084671,-0.00024080932780634612
86,0.669260248541832,0.0172119140625,0.003295898510259576,0.43453528359532356,0.669260248541832,0.3502197265625,0.03536837687715888,0.11837154719978571,0.05258332134690136,2.9361110851168633,0.7035734448581934,0.118408203125,5.8417377813313465e-05,-0.02401576453121379,18.496960759162903,4.750170856714249,0.002713007226702757,0.0,0.013650201261043549,0.101314015686512,0.012765021994709969,0.08629130572080612,0.0026121018454432487,-0.6938429474830627,0.6197685431689024,0.4724150700494647,0.6760775242000818,0.30927031487226486,0.32966965809464455,0.6228679399937391,0.3219230556860566,0.4935499159619212,0.7164001669734716,0.4507979592308402,0.7035734448581934,0.7952332086861134,0.35692512337118387,0.6934459786862135,0.9997800402343273,0.9998535178601742,0.185302734375,0.30078125,0.3096923828125,0.2042236328125,0.23765119910240173,0.30649039149284363,52,0.2431761771440506,0.20012019574642181,0.286057710647583,0.20733173191547394,0.3186274766921997,51,0.24098670482635498,0.17034314572811127,0.30514708161354065,0.20588235557079315,0.3345588445663452,51,0.23276406526565552,0.18443627655506134,0.29901960492134094,0.1819853037595749,0.1979166716337204,51,0.23908917605876923,0.19485294818878174,0.28860294818878174,0.3186274766921997,0.3400735557079315,51,0.23213155567646027,0.1764705926179886,0.2555147111415863,0.22794118523597717,2.8693294525146484,0.4988773465156555,0.09672258049249649,0.35423070192337036,-0.0036012090276926756,0.0,0.0,2.8902480602264404,0.4998873472213745,0.09442940354347229,0.3539486825466156,-0.0035417729523032904,0.0,2.8927690982818604,0.499856561422348,0.09533213824033737,0.3545854091644287,-0.0024360492825508118,0.0,2.923382043838501,0.5005450248718262,0.0941770151257515,0.35184192657470703,-0.0036861086264252663,0.0,2.8859786987304688,0.49577558040618896,0.09760309755802155,0.35451632738113403,-0.0005386757547967136,0.0,2.8758537769317627,0.49228692054748535,0.09992412477731705,0.355516642332077,-0.00018489942885935307
87,0.6674254164099693,0.0181884765625,0.003442382894718321,0.4313002163544297,0.6674254164099693,0.34307861328125,0.03063697076868266,0.11598475114442408,0.05049702269025147,3.5436075553297997,0.6983825042843819,0.117919921875,4.781676074599485e-05,-0.026002893660916016,15.949503183364868,4.7418935894966125,0.0027875659143319353,0.0,0.0132796885445714,0.10102102160453796,0.013463383540511131,0.08671361953020096,0.0027003875002264977,-0.695042610168457,0.6159753147512674,0.4761538812890649,0.6844705082476139,0.3137430166825652,0.331697802990675,0.6296959612518549,0.29163307417184114,0.504640000872314,0.7190635818988085,0.4567785859107971,0.6983825042843819,0.7960776165127754,0.3611668087542057,0.6941602230072021,0.9998211208730936,0.9998046886175871,0.1746826171875,0.3203125,0.29443359375,0.2105712890625,0.2348790317773819,0.3461538553237915,52,0.23511165380477905,0.16045673191547394,0.2896634638309479,0.20372596383094788,0.3327206075191498,51,0.23845666646957397,0.1819853037595749,0.2928921580314636,0.1924019604921341,0.3609068691730499,51,0.22960150241851807,0.1715686321258545,0.28982844948768616,0.1776960790157318,0.21997550129890442,51,0.23339657485485077,0.20159314572811127,0.2873774468898773,0.2910539209842682,0.30882352590560913,51,0.23782415688037872,0.15808823704719543,0.27389708161354065,0.2591911852359772,2.8874704837799072,0.4989039897918701,0.09644162654876709,0.3523457944393158,-0.0019993148744106293,0.0,0.0,2.8959457874298096,0.5021394491195679,0.09413951635360718,0.35303544998168945,-0.003401026828214526,0.0,2.9117887020111084,0.5008504986763,0.09496919810771942,0.3521571457386017,-0.003491730894893408,0.0,2.9321019649505615,0.5036107897758484,0.0938384160399437,0.35028278827667236,-0.004010601434856653,0.0,2.8833487033843994,0.49550434947013855,0.09690621495246887,0.35360947251319885,-0.0010233219945803285,0.0,2.8455798625946045,0.4923565983772278,0.09953361004590988,0.3558604121208191,4.780183007824235e-05
88,0.6653040405362844,0.01806640625,0.003515625088766683,0.44998622220009565,0.6653040405362844,0.34661865234375,0.03199713578214869,0.11855225590988994,0.05285309429746121,3.5137860104441643,0.7043370120227337,0.1170654296875,5.200700981228268e-05,-0.023666857334319502,19.73729634284973,4.7402302622795105,0.0028073432622477412,0.0,0.013743454590439796,0.10121345520019531,0.014655331149697304,0.08770182728767395,0.002709495835006237,-0.6962440609931946,0.6050493847578764,0.4766796939074993,0.6855551283806562,0.3147315317764878,0.3277870714664459,0.6271048411726952,0.29534406401216984,0.5050087105482817,0.7138582915067673,0.4516743067651987,0.7043370120227337,0.79755531065166,0.3611262543126941,0.6980683039873838,0.9998082146048546,0.9999023452401161,0.17333984375,0.329345703125,0.2994384765625,0.1978759765625,0.23689515888690948,0.34375,52,0.2363523542881012,0.18389423191547394,0.270432710647583,0.20192308723926544,0.3480392396450043,51,0.23086653649806976,0.17585784196853638,0.2824755012989044,0.1936274617910385,0.34191176295280457,51,0.23466159403324127,0.15257354080677032,0.3131127655506134,0.1924019604921341,0.17463235557079315,51,0.23655913770198822,0.1930147111415863,0.32536765933036804,0.3069853186607361,0.324754923582077,51,0.24604679644107819,0.1611519604921341,0.2873774468898773,0.22671569883823395,2.8891587257385254,0.49965667724609375,0.09807691723108292,0.35476917028427124,-0.0019234685460105538,0.0,0.0,2.8905458450317383,0.5026654005050659,0.09376639872789383,0.3522176742553711,-0.0037263580597937107,0.0,2.8918676376342773,0.5017181634902954,0.09530268609523773,0.35191893577575684,-0.0028043154161423445,0.0,2.9116158485412598,0.5023760795593262,0.09579166024923325,0.3520120084285736,-0.004221886396408081,0.0,2.8928639888763428,0.49912339448928833,0.09723103046417236,0.35245394706726074,-0.0017172835068777204,0.0,2.858964681625366,0.4949520528316498,0.09969364106655121,0.3559929430484772,-0.001037372276186943
89,0.6560968700796366,0.0191650390625,0.0035888672828150447,0.4836956337094307,0.6560968700796366,0.3504638671875,0.03690844401717186,0.12511329515837133,0.05687227344606072,3.2626286149024963,0.709267495200038,0.1170654296875,3.775273034989368e-05,-0.02507321716984734,17.62630194425583,4.7158485651016235,0.002983622529427521,0.0,0.013716036453843117,0.10133310407400131,0.01373993419110775,0.08596911281347275,0.002866927534341812,-0.6968421339988708,0.5752474498003721,0.4528731843456626,0.6694881804287434,0.3016588306054473,0.3110085129737854,0.6035146452486515,0.3034967565909028,0.4911612803116441,0.702007669955492,0.4397432114928961,0.709267495200038,0.7975553087890148,0.3609927035868168,0.6943556740880013,0.999857584014535,0.9997558631002903,0.1788330078125,0.3046875,0.3004150390625,0.216064453125,0.23563507199287415,0.3227163553237915,52,0.23263026773929596,0.21694712340831757,0.2740384638309479,0.18629808723926544,0.3131127655506134,51,0.23086653649806976,0.17585784196853638,0.29901960492134094,0.21200981736183167,0.311887264251709,51,0.23529410362243652,0.16850490868091583,0.29534316062927246,0.2242647111415863,0.2248774617910385,51,0.23908917605876923,0.1764705926179886,0.2867647111415863,0.311887264251709,0.3223039209842682,51,0.24035419523715973,0.15563726425170898,0.28860294818878174,0.23345589637756348,2.8695785999298096,0.4999292492866516,0.09673890471458435,0.3542301654815674,-0.0029159490950405598,0.0,0.0,2.8982980251312256,0.5015091896057129,0.09367574751377106,0.35213351249694824,-0.005015755072236061,0.0,2.8895998001098633,0.5008353590965271,0.09605350345373154,0.35317447781562805,-0.0031580610666424036,0.0,2.8895175457000732,0.5022178292274475,0.09617998450994492,0.35353365540504456,-0.003100017784163356,0.0,2.866065740585327,0.4972909092903137,0.09769189357757568,0.35493215918540955,-0.0010003600036725402,0.0,2.8655292987823486,0.49572163820266724,0.1001659706234932,0.35461723804473877,0.00019834480190183967
90,0.654524652287364,0.0186767578125,0.003613281298385118,0.4801357388496399,0.654524652287364,0.35284423828125,0.0357375749736093,0.12805785704404116,0.05213526159059256,3.440470203757286,0.7117229886353016,0.1180419921875,8.368669022473796e-05,-0.024847972992574796,18.252484917640686,4.72439569234848,0.0028282809507800266,0.0,0.01423284038901329,0.1016368716955185,0.014668920077383518,0.08739244192838669,0.002730659209191799,-0.6977694630622864,0.5809918027371168,0.4594590477645397,0.6671551745384932,0.3037573769688606,0.31505137402564287,0.6102238893508911,0.2771692667156458,0.49097459577023983,0.699431324377656,0.4418071350082755,0.7117229886353016,0.7958665117621422,0.3612500261515379,0.6956573463976383,0.9996958132833242,0.9998779315501451,0.1846923828125,0.3013916015625,0.29833984375,0.215576171875,0.2377772033214569,0.32632213830947876,52,0.2338709682226181,0.20012019574642181,0.2740384638309479,0.19951923191547394,0.31004902720451355,51,0.24035419523715973,0.18933823704719543,0.3075980544090271,0.1930147111415863,0.3020833432674408,51,0.23908917605876923,0.1875,0.3026960790157318,0.2077205926179886,0.21813726425170898,51,0.24035419523715973,0.18382354080677032,0.30453431606292725,0.293504923582077,0.31433823704719543,51,0.23529410362243652,0.1623774617910385,0.26348039507865906,0.2598039209842682,2.8766162395477295,0.4989089071750641,0.09927904605865479,0.35522976517677307,-0.003447165945544839,0.0,0.0,2.8897781372070312,0.499930202960968,0.09423317015171051,0.35239437222480774,-0.002903434680774808,0.0,2.885161876678467,0.5011065602302551,0.09644155204296112,0.35361891984939575,-0.0028146777767688036,0.0,2.8941538333892822,0.4997396469116211,0.09570765495300293,0.3528725206851959,-0.002898424630984664,0.0,2.8796210289001465,0.49630072712898254,0.09761618822813034,0.353515625,-0.0011835988843813539,0.0,2.856137275695801,0.4959779679775238,0.10074365884065628,0.35572221875190735,-0.0003482189786154777
91,0.662273496389389,0.0201416015625,0.0037353516399889486,0.45085501577705145,0.662273496389389,0.35601806640625,0.03547258803155273,0.12153155426494777,0.053388029220514,3.5172891095280647,0.7014768645167351,0.11767578125,2.0493618102079836e-05,-0.026422623777762055,14.561443030834198,4.722717106342316,0.0028414705448085442,0.0,0.014241689816117287,0.10148463398218155,0.013702718541026115,0.08629915118217468,0.0027423868887126446,-0.6984567046165466,0.6036915723234415,0.4760923208668828,0.6767627689987421,0.3052460253238678,0.33038320392370224,0.6268736179918051,0.28789860289543867,0.4871082156896591,0.708683030679822,0.44939494505524635,0.7014768645167351,0.7964998129755259,0.35938968509435654,0.6998657435178757,0.9999206848442554,0.9997070357203484,0.1995849609375,0.3106689453125,0.302001953125,0.187744140625,0.23576107621192932,0.3052884638309479,52,0.23511165380477905,0.20793269574642181,0.296875,0.1899038553237915,0.3229166865348816,51,0.23402908444404602,0.21078431606292725,0.29473039507865906,0.1715686321258545,0.30575981736183167,51,0.23213155567646027,0.20404411852359772,0.31556373834609985,0.17463235557079315,0.2028186321258545,51,0.24098670482635498,0.1936274617910385,0.3033088445663452,0.30024510622024536,0.3026960790157318,51,0.23655913770198822,0.18137255311012268,0.31617647409439087,0.19975490868091583,2.9031033515930176,0.4957239627838135,0.09782257676124573,0.35197433829307556,0.0006355635123327374,0.0,0.0,2.9021902084350586,0.501068115234375,0.09499189257621765,0.35275644063949585,-0.001380779780447483,0.0,2.9122071266174316,0.5010197162628174,0.09501849114894867,0.3515303432941437,-0.0015358119271695614,0.0,2.9154574871063232,0.49834689497947693,0.09632369130849838,0.3512190878391266,-0.000511497724801302,0.0,2.8890583515167236,0.4986988604068756,0.0969529002904892,0.3526427447795868,3.732000186573714e-05,0.0,2.8853957653045654,0.4948462247848511,0.0973258838057518,0.35289114713668823,0.0004513117019087076
92,0.660866504535079,0.0174560546875,0.0033203125858563,0.4715414922684431,0.660866504535079,0.34857177734375,0.03442858217749745,0.13135021971538663,0.05022926314268261,3.3364372327923775,0.7058241907507181,0.1171875,4.705320743852992e-05,-0.026815168384928256,14.08781498670578,4.720790475606918,0.0027651222626445815,0.0,0.013800330460071564,0.10176322609186172,0.0144121702760458,0.08801719546318054,0.002652586903423071,-0.6998724937438965,0.5898159351199865,0.46588719449937344,0.6791659146547318,0.30639798287302256,0.3257032325491309,0.6174829285591841,0.2991082612425089,0.489987432025373,0.7012539710849524,0.44601798336952925,0.7058241907507181,0.7973442040383816,0.3621164420619607,0.697571188211441,0.9998225383460522,0.9998291041702032,0.1954345703125,0.3118896484375,0.2891845703125,0.2034912109375,0.2348790317773819,0.3197115361690521,52,0.23821339011192322,0.18088942766189575,0.30348560214042664,0.19591346383094788,0.35110294818878174,51,0.23276406526565552,0.17892158031463623,0.28308823704719543,0.18688726425170898,0.31127452850341797,51,0.23972168564796448,0.20649510622024536,0.28982844948768616,0.1924019604921341,0.21752451360225677,51,0.23466159403324127,0.19607843458652496,0.33149510622024536,0.2549019753932953,0.31433823704719543,51,0.22896899282932281,0.21507354080677032,0.24571079015731812,0.2248774617910385,2.8739166259765625,0.4973098039627075,0.09736274182796478,0.35358357429504395,0.0005299869226291776,0.0,0.0,2.8913514614105225,0.4987295866012573,0.09593851864337921,0.35275760293006897,-0.0011012835893779993,0.0,2.9158425331115723,0.5006116628646851,0.0939655601978302,0.3503511846065521,-0.001742045977152884,0.0,2.911766290664673,0.4970819354057312,0.09605029970407486,0.35000139474868774,-0.0008786936523392797,0.0,2.8747894763946533,0.4947800934314728,0.0969194546341896,0.35154077410697937,0.0015924996696412563,0.0,2.8660967350006104,0.49294596910476685,0.09946618974208832,0.3547343909740448,0.0033698666375130415
93,0.6588555946946144,0.018798828125,0.0035888672828150447,0.4588171476498246,0.6588555946946144,0.35528564453125,0.03449205699143931,0.12641752581112087,0.05556788376998156,3.4210971891880035,0.7088456526398659,0.11749267578125,2.4161688612300836e-05,-0.025415148760657758,17.179728746414185,4.702472537755966,0.0027363723202142864,0.0,0.014146015048027039,0.10149519890546799,0.015095818787813187,0.08779075741767883,0.0026636875700205564,-0.701866090297699,0.5944030061364174,0.4641632093116641,0.6774916909635067,0.3016665745526552,0.3182720597833395,0.6163309440016747,0.2899996591731906,0.4838982028886676,0.7035169266164303,0.44886533450335264,0.7088456526398659,0.79681646078825,0.3561596143990755,0.6934297680854797,0.9999090041965246,0.9998291041702032,0.1995849609375,0.2991943359375,0.303955078125,0.197265625,0.23525704443454742,0.32632213830947876,52,0.23325061798095703,0.18088942766189575,0.30048078298568726,0.19230769574642181,0.2965686321258545,51,0.23402908444404602,0.20526961982250214,0.3131127655506134,0.18504902720451355,0.3137255012989044,51,0.23845666646957397,0.19975490868091583,0.28982844948768616,0.19669118523597717,0.20036765933036804,51,0.23466159403324127,0.2028186321258545,0.28982844948768616,0.3069853186607361,0.30943629145622253,51,0.23592661321163177,0.20955882966518402,0.26899510622024536,0.21200981736183167,2.8799753189086914,0.49730604887008667,0.09595764428377151,0.35234642028808594,0.00026531191542744637,0.0,0.0,2.891796112060547,0.49941450357437134,0.09584502130746841,0.3520936369895935,-0.0012571101542562246,0.0,2.909717082977295,0.5002883076667786,0.09599156677722931,0.3520997166633606,-0.0007495699683204293,0.0,2.90203857421875,0.49582645297050476,0.09586513787508011,0.35060715675354004,-0.001748240552842617,0.0,2.8810431957244873,0.49452000856399536,0.09706486016511917,0.35324016213417053,0.0012426122557371855,0.0,2.8665335178375244,0.4950242340564728,0.09878858178853989,0.35439661145210266,0.002292338525876403
94,0.6629901621490717,0.0186767578125,0.003393554772628704,0.43863553926348686,0.6629901621490717,0.35186767578125,0.03280130954226479,0.1200764337554574,0.050853801309131086,3.3770607858896255,0.7014302648603916,0.11700439453125,4.3685740303445186e-05,-0.026503756642341614,14.4321950674057,4.7043192982673645,0.002766664605587721,0.0,0.0135114137083292,0.10160490870475769,0.013740205205976963,0.08828361332416534,0.0026487084105610847,-0.7025632858276367,0.6081386301666498,0.4740922534838319,0.6903121639043093,0.3090069917961955,0.32966019213199615,0.6251999083906412,0.2773693292401731,0.4859444946050644,0.7116380780935287,0.4496127516031265,0.7014302648603916,0.7976608593016863,0.3612870965152979,0.6891594994813204,0.9998348690569401,0.9996582083404064,0.2103271484375,0.3043212890625,0.28271484375,0.20263671875,0.23311491310596466,0.3431490659713745,52,0.23325061798095703,0.21274039149284363,0.26742789149284363,0.17668269574642181,0.30392158031463623,51,0.23086653649806976,0.22120098769664764,0.3020833432674408,0.17279411852359772,0.30943629145622253,51,0.23213155567646027,0.20710785686969757,0.2702206075191498,0.2132353037595749,0.22120098769664764,51,0.23655913770198822,0.20955882966518402,0.2977941334247589,0.2714460790157318,0.3026960790157318,51,0.23276406526565552,0.20098039507865906,0.2665441334247589,0.2297794222831726,2.8745832443237305,0.4955565631389618,0.09596925973892212,0.3527631163597107,-0.0004243128059897572,0.0,0.0,2.9000985622406006,0.497918963432312,0.09335233271121979,0.35057422518730164,-0.00195723632350564,0.0,2.8962903022766113,0.49807044863700867,0.09561387449502945,0.35155683755874634,-0.00025398991419933736,0.0,2.9009382724761963,0.49947306513786316,0.09525454044342041,0.35109755396842957,-0.0021174780558794737,0.0,2.8713266849517822,0.4983944892883301,0.09659083187580109,0.35345298051834106,0.0015571443364024162,0.0,2.870927572250366,0.4931819438934326,0.09981470555067062,0.35454726219177246,0.003086053766310215
95,0.6593343634158373,0.0181884765625,0.0034667969521251507,0.4577853586524725,0.6593343634158373,0.35968017578125,0.03419025510083884,0.1271510177757591,0.05595739930868149,3.5464263632893562,0.711614141240716,0.11773681640625,5.356473977879972e-05,-0.026182276546023786,14.428888440132141,4.695575654506683,0.00278314073511865,0.0,0.013518079183995724,0.10134803503751755,0.013407746329903603,0.08618921786546707,0.002678530290722847,-0.7030308842658997,0.5993624199181795,0.4611557936295867,0.6759446077048779,0.3060237066820264,0.32140734046697617,0.6121913511306047,0.28034106688573956,0.4802568210288882,0.707633251324296,0.44928365107625723,0.711614141240716,0.7963942550122738,0.35683534387499094,0.6935204342007637,0.9998081922531128,0.9998291041702032,0.20361328125,0.29541015625,0.286376953125,0.214599609375,0.23550906777381897,0.3040865361690521,52,0.2388337403535843,0.22235578298568726,0.286057710647583,0.1875,0.2977941334247589,51,0.23592661321163177,0.18995098769664764,0.2977941334247589,0.21446079015731812,0.3020833432674408,51,0.23972168564796448,0.2138480395078659,0.2928921580314636,0.19117647409439087,0.2193627506494522,51,0.23719164729118347,0.20220589637756348,0.3026960790157318,0.2757353186607361,0.27941176295280457,51,0.22580644488334656,0.18933823704719543,0.2702206075191498,0.2610294222831726,2.876596212387085,0.4990740418434143,0.09616042673587799,0.3527202904224396,-0.0003896118432749063,0.0,0.0,2.889139413833618,0.5039324164390564,0.09495717287063599,0.3522724509239197,-0.001937473309226334,0.0,2.8888959884643555,0.4998798966407776,0.09716498106718063,0.3528713881969452,-0.00081488216528669,0.0,2.8951375484466553,0.5009149312973022,0.09555140137672424,0.3512928783893585,-0.0007443669601343572,0.0,2.875040292739868,0.49740099906921387,0.09742218255996704,0.3525790870189667,0.00039974332321435213,0.0,2.844479560852051,0.4938848614692688,0.09958859533071518,0.35476064682006836,0.001955208368599415
96,0.6632279437035322,0.0196533203125,0.0035888672500732355,0.4520165855064988,0.6632279437035322,0.35345458984375,0.03365898062475026,0.12102333689108491,0.05360483087133616,3.37338824570179,0.7045881040394306,0.1171875,3.6126847996642564e-05,-0.024511096358764917,17.30083727836609,4.691119432449341,0.002677735159522854,0.0,0.013842148706316948,0.1017468124628067,0.014070838689804077,0.08693087100982666,0.002580864354968071,-0.7046175003051758,0.6063015572726727,0.4745867382735014,0.685302909463644,0.3164046751335263,0.3228310402482748,0.6235349699854851,0.2938417997211218,0.4813754027709365,0.7098387908190489,0.45025636348873377,0.7045881040394306,0.7973442170768976,0.35462910402566195,0.6938320528715849,0.9998631048947573,0.9996582083404064,0.21240234375,0.3089599609375,0.2833251953125,0.1953125,0.23576107621192932,0.32151442766189575,52,0.23076923191547394,0.20793269574642181,0.28305289149284363,0.1875,0.3278186321258545,51,0.23782415688037872,0.20955882966518402,0.2861519753932953,0.1764705926179886,0.3241421580314636,51,0.23845666646957397,0.19914215803146362,0.2647058963775635,0.21200981736183167,0.20098039507865906,51,0.24288424849510193,0.21200981736183167,0.29473039507865906,0.2922794222831726,0.2904411852359772,51,0.22896899282932281,0.23345589637756348,0.2763480544090271,0.19975490868091583,2.8713347911834717,0.501613438129425,0.09762294590473175,0.35299748182296753,0.001837364281527698,0.0,0.0,2.8796162605285645,0.5041344165802002,0.095004141330719,0.35207557678222656,-0.00033139088191092014,0.0,2.902358293533325,0.5000011920928955,0.09508061408996582,0.3504249155521393,-0.00040723264100961387,0.0,2.889846086502075,0.4985033869743347,0.0959157943725586,0.3501567542552948,-0.0008815935580059886,0.0,2.874924421310425,0.4976854622364044,0.09798968583345413,0.3532443344593048,0.0011886530555784702,0.0,2.875149726867676,0.49614253640174866,0.09787172824144363,0.3530043959617615,0.002942177467048168
97,0.6626723613590002,0.017578125,0.0033691406897560228,0.44853124395012856,0.6626723613590002,0.35723876953125,0.03129637899110094,0.11730024660937488,0.049244180554524064,3.2808092460036278,0.706807492300868,0.11669921875,4.2851542320386515e-05,-0.024331092310603708,19.075031995773315,4.6798825562000275,0.0027088434726465493,0.0,0.013487810268998146,0.10105644911527634,0.012600555084645748,0.0877867043018341,0.002611821051687002,-0.7057209014892578,0.6038328800350428,0.47536872047930956,0.6818856783211231,0.3017091313377023,0.32229612208902836,0.6248100027441978,0.2983410134911537,0.4912343705072999,0.7112694960087538,0.45065246522426605,0.706807492300868,0.7981886100023985,0.35700671654194593,0.6930855289101601,0.9998437184840441,0.9998535178601742,0.2110595703125,0.3076171875,0.279541015625,0.2017822265625,0.23450100421905518,0.30649039149284363,52,0.2388337403535843,0.22295673191547394,0.2788461744785309,0.19170673191547394,0.3137255012989044,51,0.23655913770198822,0.22120098769664764,0.26899510622024536,0.19607843458652496,0.3235294222831726,51,0.22707146406173706,0.21017158031463623,0.27328431606292725,0.1930147111415863,0.19178922474384308,51,0.23402908444404602,0.22549019753932953,0.2977941334247589,0.28492647409439087,0.2916666865348816,51,0.23592661321163177,0.17524510622024536,0.2965686321258545,0.23651961982250214,2.8657283782958984,0.49892982840538025,0.09714481234550476,0.3516784608364105,0.00017267030489165336,0.0,0.0,2.9000401496887207,0.5045818090438843,0.09510886669158936,0.3508809208869934,-0.0006825446616858244,0.0,2.878282308578491,0.5021222829818726,0.0956103578209877,0.35023775696754456,5.253833660390228e-05,0.0,2.886019229888916,0.49853411316871643,0.09533821046352386,0.34978029131889343,-0.0001688021293375641,0.0,2.8724043369293213,0.4991372227668762,0.096621572971344,0.35273757576942444,0.002192575251683593,0.0,2.848588705062866,0.49408474564552307,0.10007213801145554,0.3537568747997284,0.001650188583880663
98,0.6613507755100727,0.019775390625,0.0037109375716681825,0.4463443486019969,0.6613507755100727,0.348876953125,0.033489677880425006,0.12187358201481402,0.0560360592789948,3.457906685769558,0.7129094898700714,0.1182861328125,3.0426505145619842e-05,-0.025606759474612772,16.902802050113678,4.679900288581848,0.0026249918300891295,0.0,0.013736085966229439,0.10152065753936768,0.015013005584478378,0.08825360238552094,0.0025187996216118336,-0.7068202495574951,0.6035271156579256,0.474070661701262,0.6779353693127632,0.3057407205924392,0.31859330739825964,0.6252124309539795,0.2818555240519345,0.4854505816474557,0.7100063618272543,0.4507441474124789,0.7129094898700714,0.7954443115741014,0.35796003229916096,0.69522625207901,0.9998845104128122,0.9997558631002903,0.2066650390625,0.3052978515625,0.28173828125,0.206298828125,0.23664313554763794,0.33954328298568726,52,0.2363523542881012,0.21033655107021332,0.25961539149284363,0.19050481915473938,0.3443627655506134,51,0.23845666646957397,0.17585784196853638,0.27941176295280457,0.20036765933036804,0.311887264251709,51,0.23402908444404602,0.23345589637756348,0.2653186321258545,0.18933823704719543,0.21139706671237946,51,0.23719164729118347,0.22181373834609985,0.2653186321258545,0.3014706075191498,0.3033088445663452,51,0.23719164729118347,0.19178922474384308,0.2647058963775635,0.240196093916893,2.903568983078003,0.5032479763031006,0.09556540846824646,0.350142240524292,-0.0005714976578019559,0.0,0.0,2.8948235511779785,0.5025544762611389,0.09511776268482208,0.34923166036605835,0.00011421738599892706,0.0,2.8843517303466797,0.5014230012893677,0.09611919522285461,0.35081106424331665,-0.000847167510073632,0.0,2.903308391571045,0.5020627379417419,0.0949263721704483,0.3489173650741577,-0.000982255325652659,0.0,2.8768346309661865,0.4983980655670166,0.09906452894210815,0.3530499339103699,0.0018623736687004566,0.0,2.8593289852142334,0.49576622247695923,0.09997347742319107,0.35494518280029297,0.0017272341065108776
99,0.6674429420381784,0.01708984375,0.0033203125803993316,0.43646607641130686,0.6674429420381784,0.35198974609375,0.03412087442120537,0.12020334834232926,0.05299421900417656,3.3716818168759346,0.7140831034630537,0.1170654296875,3.461984830721576e-05,-0.023957750585395843,14.427218079566956,4.673406600952148,0.0026890017761616036,0.0,0.013650715351104736,0.10102616995573044,0.01374630443751812,0.08548767119646072,0.002579126972705126,-0.7072860598564148,0.6147540789097548,0.4702596804127097,0.6763748042285442,0.3106620432808995,0.32714226841926575,0.621520321816206,0.3035628814250231,0.48992498498409986,0.7121392842382193,0.4529601773247123,0.7140831034630537,0.79755531065166,0.3589020697399974,0.6981009021401405,0.9998696725815535,0.9999023452401161,0.19775390625,0.3013916015625,0.2838134765625,0.217041015625,0.23576107621192932,0.3179086744785309,52,0.23263026773929596,0.15925481915473938,0.29807692766189575,0.22475962340831757,0.31433823704719543,51,0.23466159403324127,0.2291666716337204,0.2567402124404907,0.19975490868091583,0.3272058963775635,51,0.23592661321163177,0.1930147111415863,0.27450981736183167,0.20526961982250214,0.21752451360225677,51,0.23592661321163177,0.2138480395078659,0.2818627655506134,0.2867647111415863,0.3026960790157318,51,0.23972168564796448,0.19424019753932953,0.2653186321258545,0.23774510622024536,2.9021780490875244,0.4986964762210846,0.09859742224216461,0.35351160168647766,-0.0014839882496744394,0.0,0.0,2.8781988620758057,0.501033365726471,0.09632934629917145,0.3532925248146057,-0.0008534113294444978,0.0,2.891439914703369,0.5037894248962402,0.09603619575500488,0.3507622480392456,-0.0015708041610196233,0.0,2.8929874897003174,0.503076434135437,0.09536771476268768,0.35158294439315796,-0.0009148603421635926,0.0,2.867943286895752,0.49861910939216614,0.09799656271934509,0.3532212972640991,0.0011717310408130288,0.0,2.857426881790161,0.4963921308517456,0.09991905838251114,0.3543461263179779,0.0026223333552479744
