gait,gait_id,grid_mode,frequency_residual,frequency,duration_residual,duration,footswing_height_residual,footswing_height,stance_width_residual,stance_width,body_pitch_residual,body_pitch,task_id,condition,cmd_vx,target_gait,samples,reward_mean,weighted_metric_reward_mean,measured_vx_mean,vx_abs_error_mean,vy_abs_mean,yaw_abs_mean,lateral_offset_abs_mean,lateral_vel_abs_mean,lateral_vel_sq_mean,base_z_vel_abs_mean,base_z_vel_sq_mean,roll_rate_abs_mean,roll_rate_sq_mean,pitch_rate_abs_mean,pitch_rate_sq_mean,yaw_rate_abs_mean,yaw_rate_sq_mean,gravity_x_sq_mean,gravity_y_sq_mean,torque_penalty_mean,slip_penalty_mean,mechanical_power_abs_mean,positive_mechanical_power_mean,contact_force_mean_mean,stance_contact_force_mean_mean,peak_contact_force_mean,swing_foot_clearance_mean_mean,scuffing_ratio_mean,foot_impact_vel_sum_mean,foot_impact_vel_sq_sum_mean,foot_impact_count_mean,forward_distance_mean,target_forward_distance_mean,actual_frequency_mean,actual_duration_mean,actual_footswing_height_mean,actual_stance_width_mean,actual_body_pitch_mean,score_progress,score_yaw_tracking,score_orientation,score_pitch_rate,score_roll_rate,score_yaw_rate,score_lateral_drift,score_vertical_bounce,score_slip,score_energy,score_clearance,score_gait_stability,score_action_smoothness,score_action_magnitude,score_action_boundary_margin,score_survival,done_rate,edge_reset_rate,fall_rate,foot_impact_rate,foot_impact_vel_mean,foot_impact_vel_rms,lateral_vel_rms,base_z_vel_rms,roll_rate_rms,pitch_rate_rms,yaw_rate_rms,orientation_rms,forward_distance_ratio,progress_deficit,transport_cost_proxy,progress_score,yaw_score,orientation_score,lateral_score,slip_score,energy_score,impact_score,scuffing_score,smoothness_score,survival_score,neutral_score
pronking,0,action_space,-1.0,2.5999999046325684,0.0,0.5,-1.0,0.04999999701976776,-1.0,0.2900000214576721,-1.0,-0.03999999910593033,push_lateral_pace_recovery,push_lateral,1.5,pacing,1000,0.704875111579895,0.704875111579895,1.219357967376709,0.2952883243560791,0.06606417894363403,0.1464879810810089,1.3204514980316162,0.06606417894363403,0.011178188025951385,0.5046371221542358,0.35187745094299316,0.5530608892440796,0.6508722305297852,0.5238958597183228,0.6275362968444824,0.1464879810810089,0.04995660111308098,0.008310386911034584,0.0015628328546881676,0.4063488245010376,0.022969795390963554,211.19192504882812,141.3544158935547,35.7956657409668,42.07039260864258,258.9286193847656,0.03669055551290512,0.1679166853427887,0.6172422170639038,1.9023962020874023,1.0390000343322754,0.024387158453464508,0.029999924823641777,2.6145310401916504,0.5,0.0510903000831604,0.29145365953445435,-0.03854621946811676,0.7710765600204468,0.7840926051139832,0.8376253843307495,0.5522980690002441,0.5380048751831055,0.8855025768280029,0.44878971576690674,0.20835715532302856,0.8096542358398438,0.5628100633621216,0.1386294811964035,0.9792481660842896,0.9597500562667847,0.06472314894199371,0.15209150314331055,1.0,0.024000000208616257,0.004999999888241291,0.01900000125169754,1.039,0.5940733277189605,1.3531399047023358,0.10572695032938094,0.5931925917802693,0.8067665278937799,0.7921718859215356,0.2235097338217756,0.09936407683726928,0.12193579226732254,0.028063831850886345,173.19928249058827,0.7055478096008301,0.8068743944168091,0.8208093643188477,0.2135220319032669,0.6316651105880737,0.44365960359573364,0.6327075958251953,0.4318903982639313,0.9597500562667847,0.9809999987483025,0.6706666315977391
pronking,0,action_space,-1.0,2.5999999046325684,0.0,0.5,-1.0,0.04999999701976776,-1.0,0.2900000214576721,0.0,0.0,push_lateral_pace_recovery,push_lateral,1.5,pacing,1000,0.7181562185287476,0.7181562185287476,1.2299010753631592,0.28342026472091675,0.0641808956861496,0.14447051286697388,1.3662669658660889,0.0641808956861496,0.010051527991890907,0.5025471448898315,0.34846240282058716,0.5317676067352295,0.5699247121810913,0.5496509075164795,0.7102311849594116,0.14447051286697388,0.05252058804035187,0.006255174987018108,0.0015196214662864804,0.4058089256286621,0.01984396204352379,210.29331970214844,140.26473999023438,35.94974136352539,41.57347106933594,554.8673706054688,0.036484185606241226,0.16383333504199982,0.6528815627098083,2.0353243350982666,1.040000081062317,0.02459803596138954,0.029999924823641777,2.6150431632995605,0.5,0.05112871527671814,0.2915048599243164,0.0,0.7794244289398193,0.7988252639770508,0.8759986162185669,0.5475513935089111,0.5342230796813965,0.8917620182037354,0.43784695863723755,0.20904967188835144,0.8112690448760986,0.560926079750061,0.13910932838916779,0.9783835411071777,0.9619680643081665,0.12018716335296631,0.20538972318172455,1.0,0.02500000037252903,0.005000000353902578,0.020000001415610313,1.04,0.6277707026554988,1.398943357691385,0.10025730892005284,0.5903070411409533,0.7549335813044028,0.8427521491870618,0.22917370713140692,0.08817480622776888,0.12299017980694771,0.027009444311261177,170.98393026451663,0.7251996994018555,0.8116246461868286,0.8559905886650085,0.20860816538333893,0.6724151968955994,0.44413894414901733,0.6130794882774353,0.4407988488674164,0.9619680643081665,0.9799999985843897,0.6784655093573606
pronking,0,action_space,-1.0,2.5999999046325684,0.0,0.5,-1.0,0.04999999701976776,-1.0,0.2900000214576721,1.0,0.03999999910593033,push_lateral_pace_recovery,push_lateral,1.5,pacing,1000,0.715810239315033,0.715810239315033,1.2133212089538574,0.30245906114578247,0.062088824808597565,0.14438582956790924,1.4395591020584106,0.062088824808597565,0.009306552819907665,0.4980863928794861,0.3366059362888336,0.5145894885063171,0.6045593023300171,0.5155551433563232,0.5662434101104736,0.14438582956790924,0.04875067621469498,0.0035617072135210037,0.0013037051539868116,0.4104823172092438,0.019260937348008156,211.17117309570312,139.70921325683594,35.97947692871094,41.06011962890625,270.6157531738281,0.036665450781583786,0.15858334302902222,0.7066386938095093,2.2582616806030273,1.065000057220459,0.024266432970762253,0.029999924823641777,2.6146395206451416,0.5,0.051098424941301346,0.2914644777774811,0.03853542357683182,0.7730638384819031,0.7971037030220032,0.9202739000320435,0.5478509664535522,0.5563830733299255,0.8931571245193481,0.4439588189125061,0.20413696765899658,0.8132652044296265,0.5654829740524292,0.13873055577278137,0.9783835411071777,0.9589852094650269,0.06513876467943192,0.15121786296367645,1.0,0.02500000037252903,0.0010000000474974513,0.024000000208616257,1.065,0.6635104327134683,1.4561707693441628,0.09647047641588417,0.5801775041216555,0.7775341165055184,0.7524914684635791,0.2207955529776245,0.06975250796571988,0.12133216485381126,0.02866745926439762,174.0439147831083,0.693554162979126,0.8118231892585754,0.9072762727737427,0.19677583873271942,0.6803017854690552,0.4400070011615753,0.5885412096977234,0.45252299308776855,0.9589852094650269,0.9759999997913837,0.6768883212636679
pronking,0,action_space,-1.0,2.5999999046325684,0.0,0.5,-1.0,0.04999999701976776,0.0,0.33000001311302185,-1.0,-0.03999999910593033,push_lateral_pace_recovery,push_lateral,1.5,pacing,1000,0.7191424369812012,0.7191424369812012,1.251905083656311,0.27229392528533936,0.06169655919075012,0.14965298771858215,1.3507018089294434,0.06169655919075012,0.009102310985326767,0.5032914280891418,0.3518913984298706,0.5671322345733643,0.6406018733978271,0.5126301050186157,0.6380964517593384,0.14965298771858215,0.07129490375518799,0.00866761989891529,0.0013317458797246218,0.42507535219192505,0.025466999039053917,214.94097900390625,143.84988403320312,34.86236572265625,40.38511657714844,205.44984436035156,0.03676583617925644,0.1679166704416275,0.5843232870101929,1.8101551532745361,1.0290000438690186,0.025038085877895355,0.029999924823641777,2.614978313446045,0.5,0.05112379789352417,0.33000147342681885,-0.0385015606880188,0.7901771068572998,0.7951220273971558,0.8342295289039612,0.5506634712219238,0.5163836479187012,0.8892028331756592,0.4702172875404358,0.20925095677375793,0.800715446472168,0.5501200556755066,0.13904789090156555,0.9783835411071777,0.9619935750961304,0.12010833621025085,0.20454645156860352,1.0,0.02500000037252903,0.006000000052154064,0.01900000125169754,1.029,0.5678554938995688,1.326325740593981,0.09540603222714363,0.593204347952601,0.8003760824748746,0.7988093963889874,0.2670110554924421,0.09999682884291837,0.12519042938947678,0.02480919472873211,171.6911144542605,0.7433592081069946,0.7993469834327698,0.8187411427497864,0.2159414440393448,0.6008920669555664,0.4273505210876465,0.6441748738288879,0.43189042806625366,0.9619935750961304,0.9809999987483025,0.6756783804068199
pronking,0,action_space,-1.0,2.5999999046325684,0.0,0.5,-1.0,0.04999999701976776,0.0,0.33000001311302185,0.0,0.0,push_lateral_pace_recovery,push_lateral,1.5,pacing,1000,0.7338371872901917,0.7338371872901917,1.2156813144683838,0.30701422691345215,0.07090837508440018,0.16768468916416168,1.3680050373077393,0.07090837508440018,0.01941109448671341,0.4953603148460388,0.33976271748542786,0.6096091270446777,1.302030324935913,0.5546380281448364,0.7330933809280396,0.16768468916416168,0.10680317878723145,0.006603078916668892,0.006659376434981823,0.45309463143348694,0.023895055055618286,239.39199829101562,162.49697875976562,34.970794677734375,40.52779006958008,326.50823974609375,0.04191266745328903,0.15133333206176758,0.6448127031326294,2.0267951488494873,1.0140000581741333,0.02431362122297287,0.029999924823641777,2.615548610687256,0.5,0.0511666014790535,0.33000147342681885,0.0,0.7627634406089783,0.7860523462295532,0.8672064542770386,0.5453698635101318,0.5362632274627686,0.879623293876648,0.45498740673065186,0.21403595805168152,0.8122562170028687,0.5432463884353638,0.1395827978849411,0.9775189161300659,0.9646603465080261,0.23535531759262085,0.3120485544204712,0.9995999932289124,0.026000000536441803,0.0020000000949949026,0.024000000208616257,1.014,0.6359099438909949,1.4137933655309889,0.13932370396566912,0.5828916858949249,1.1410654341166913,0.8562087250945528,0.32680755619665747,0.1151627342140274,0.12156810611486435,0.028431518003344536,196.92002784109707,0.6858948469161987,0.7548912763595581,0.7670148611068726,0.17269523441791534,0.6200835108757019,0.40406107902526855,0.6067108511924744,0.4692279100418091,0.9646603465080261,0.9759999997913837,0.6391770772826977
pronking,0,action_space,-1.0,2.5999999046325684,0.0,0.5,-1.0,0.04999999701976776,0.0,0.33000001311302185,1.0,0.03999999910593033,push_lateral_pace_recovery,push_lateral,1.5,pacing,1000,0.7244717478752136,0.7244717478752136,1.2712469100952148,0.26310068368911743,0.0668388307094574,0.13125482201576233,1.4101332426071167,0.0668388307094574,0.012119200080633163,0.49765998125076294,0.34760332107543945,0.5395776033401489,0.6237801313400269,0.5262479782104492,0.5767021179199219,0.13125482201576233,0.043165698647499084,0.003898357506841421,0.0014070237521082163,0.43637675046920776,0.021094419062137604,218.62979125976562,146.72549438476562,35.59619140625,41.4553108215332,196.0349884033203,0.03708464652299881,0.1535833477973938,0.6590477824211121,2.0738344192504883,1.0280001163482666,0.025424938648939133,0.029999924823641777,2.614393472671509,0.5,0.051079973578453064,0.33000147342681885,0.03856000676751137,0.7936264276504517,0.8172138929367065,0.9159553050994873,0.541437029838562,0.5356667041778564,0.9041140079498291,0.4294459819793701,0.21103905141353607,0.8054317831993103,0.5473942756652832,0.13849994540214539,0.9792482256889343,0.9635125994682312,0.1189492866396904,0.20011787116527557,1.0,0.024000000208616257,0.007000000216066837,0.017000000923871994,1.028,0.641097013124696,1.420333929510487,0.110087238500351,0.5895789354068202,0.7897975255342516,0.7594090583604609,0.20776356429244056,0.07283804815444767,0.12712469324469566,0.022874930873513222,171.98058813247422,0.7581394910812378,0.8417448997497559,0.8993278741836548,0.1915670931339264,0.6558072566986084,0.41779956221580505,0.6039057374000549,0.46397864818573,0.9635125994682312,0.982999999076128,0.6898709923411026
pronking,0,action_space,-1.0,2.5999999046325684,0.0,0.5,-1.0,0.04999999701976776,1.0,0.3700000047683716,-1.0,-0.03999999910593033,push_lateral_pace_recovery,push_lateral,1.5,pacing,1000,0.7052183747291565,0.7052183747291565,1.2381854057312012,0.28345566987991333,0.06835711002349854,0.15393349528312683,1.3875802755355835,0.06835711002349854,0.01827375777065754,0.5039587020874023,0.3487693667411804,0.46896106004714966,0.6013545393943787,0.5276786088943481,0.650469958782196,0.15393349528312683,0.07841779291629791,0.008923223242163658,0.002335876226425171,0.4203731417655945,0.030956175178289413,213.89141845703125,141.91419982910156,36.12305450439453,42.812530517578125,726.30810546875,0.037549227476119995,0.15716668963432312,0.6798920631408691,2.1032559871673584,1.0380001068115234,0.02476370893418789,0.029999924823641777,2.6140799522399902,0.5,0.05105644464492798,0.3685910105705261,-0.03859136253595352,0.7818087339401245,0.7965391874313354,0.8291051983833313,0.5640035271644592,0.5903829336166382,0.8909820318222046,0.448428750038147,0.20883309841156006,0.8086881041526794,0.552404522895813,0.1382061243057251,0.9792482256889343,0.960639476776123,0.06417545676231384,0.14697498083114624,1.0,0.024000000208616257,0.003000000026077032,0.021000001579523087,1.038,0.6550020133369461,1.4234669133308946,0.13518046371668332,0.5905669875138471,0.7754705277406606,0.8065171782313109,0.2800317712622943,0.10610890381390635,0.12381854467093945,0.02618107944726944,172.74587268351726,0.7251415252685547,0.7890266180038452,0.798370897769928,0.17324379086494446,0.5384161472320557,0.4313884675502777,0.6025621294975281,0.45573970675468445,0.960639476776123,0.9789999984204769,0.656879461155488
pronking,0,action_space,-1.0,2.5999999046325684,0.0,0.5,-1.0,0.04999999701976776,1.0,0.3700000047683716,0.0,0.0,push_lateral_pace_recovery,push_lateral,1.5,pacing,1000,0.7105050683021545,0.7105050683021545,1.230184555053711,0.2955946922302246,0.07316741347312927,0.1790114790201187,1.5157780647277832,0.07316741347312927,0.01777520775794983,0.49320918321609497,0.3373976945877075,0.5334059000015259,0.7183709144592285,0.5259459614753723,0.6382217407226562,0.1790114790201187,0.13752426207065582,0.00641381461173296,0.00253754248842597,0.4307684898376465,0.02228543534874916,212.8447265625,143.90609741210938,35.41270446777344,41.62516784667969,211.31396484375,0.03796233981847763,0.15575000643730164,0.5832585096359253,1.7783641815185547,1.0360000133514404,0.02460368350148201,0.029999924823641777,2.614388942718506,0.5,0.05107961595058441,0.3685600757598877,0.0,0.7717503905296326,0.7779884934425354,0.8795117139816284,0.550000011920929,0.55774986743927,0.8763183355331421,0.40793752670288086,0.2077849805355072,0.8107364177703857,0.5499948263168335,0.13849584758281708,0.9792482256889343,0.9635127186775208,0.11894450336694717,0.20008543133735657,1.0,0.024000000208616257,0.006000000052154064,0.018000001087784767,1.036,0.5629908145624698,1.3101784537857268,0.1333236954106427,0.5808594447779148,0.8475676459488225,0.7988878148542862,0.3708426378811582,0.09461161186746017,0.12301841750741005,0.026981206610798836,173.01853261619516,0.7050370573997498,0.7258215546607971,0.8360832333564758,0.15392616391181946,0.6403703093528748,0.4225122034549713,0.6510675549507141,0.4589793384075165,0.9635127186775208,0.9819999989122152,0.6467019994862568
pronking,0,action_space,-1.0,2.5999999046325684,0.0,0.5,-1.0,0.04999999701976776,1.0,0.3700000047683716,1.0,0.03999999910593033,push_lateral_pace_recovery,push_lateral,1.5,pacing,1000,0.7224533557891846,0.7224533557891846,1.2613428831100464,0.2688711881637573,0.05963009595870972,0.14257259666919708,1.3288772106170654,0.05963009595870972,0.009930877014994621,0.505462646484375,0.353485107421875,0.4953399896621704,0.5093108415603638,0.5096628069877625,0.5949256420135498,0.14257259666919708,0.04756125062704086,0.004046569112688303,0.0011740223271772265,0.43055519461631775,0.01882413774728775,216.46481323242188,144.05789184570312,35.14802169799805,41.097843170166016,277.75347900390625,0.03779435157775879,0.15641668438911438,0.6994781494140625,2.1890392303466797,1.0320000648498535,0.025226857513189316,0.029999924823641777,2.614394187927246,0.5,0.05108000338077545,0.36855965852737427,0.03855998441576958,0.7941012382507324,0.8007864952087402,0.9190546274185181,0.5696735382080078,0.570103108882904,0.8954705595970154,0.4684164524078369,0.2057996541261673,0.8193173408508301,0.5507590770721436,0.13850033283233643,0.9792482256889343,0.9599826335906982,0.06457656621932983,0.15023261308670044,1.0,0.024000000208616257,0.004999999888241291,0.01900000125169754,1.032,0.6777889044709908,1.4564209152121657,0.09965378575345053,0.5945461356546479,0.713660172323189,0.7713142303974106,0.21808542048252758,0.07225366039077556,0.12613428756594658,0.023865336552262306,171.6145674035062,0.7488872408866882,0.816058337688446,0.900854229927063,0.2170788198709488,0.6862709522247314,0.4226924777030945,0.5884340405464172,0.4574519693851471,0.9599826335906982,0.9809999987483025,0.6914874624747498
pronking,0,action_space,-1.0,2.5999999046325684,0.0,0.5,0.0,0.07999999821186066,-1.0,0.2900000214576721,-1.0,-0.03999999910593033,push_lateral_pace_recovery,push_lateral,1.5,pacing,1000,0.7224129438400269,0.7224129438400269,1.249302864074707,0.27249622344970703,0.06355249881744385,0.13848087191581726,1.2854158878326416,0.06355249881744385,0.010876696556806564,0.49943485856056213,0.350238561630249,0.5533363819122314,0.6986866593360901,0.531303346157074,0.6580017805099487,0.13848087191581726,0.04438301920890808,0.008650771342217922,0.0014499833341687918,0.4125228524208069,0.021303439512848854,224.3120880126953,153.29583740234375,35.343162536621094,40.96141815185547,299.0388488769531,0.039237432181835175,0.17108334600925446,0.6828219294548035,2.2946696281433105,1.0299999713897705,0.02498607710003853,0.029999924823641777,2.6143946647644043,0.5,0.08000031858682632,0.2914400100708008,-0.038559891283512115,0.7958043813705444,0.8031507730484009,0.8342657089233398,0.5601558685302734,0.517920196056366,0.8967704772949219,0.48290079832077026,0.21667104959487915,0.7995858192443848,0.5521126985549927,0.5,0.9792482256889343,0.9635125994682312,0.11895065009593964,0.20012706518173218,1.0,0.024000000208616257,0.004000000189989805,0.020000001415610313,1.03,0.6629338829262743,1.4925932595911933,0.10429140212312117,0.5918095653419679,0.835874786876653,0.8111730891184377,0.21067277756964253,0.10050251079643092,0.12493038550019264,0.025069238618016243,179.54980690677556,0.7430315613746643,0.8254970908164978,0.8170825839042664,0.2224729359149933,0.653071403503418,0.4382149577140808,0.5729489326477051,0.425106018781662,0.9635125994682312,0.9799999985843897,0.680557381743804
pronking,0,action_space,-1.0,2.5999999046325684,0.0,0.5,0.0,0.07999999821186066,-1.0,0.2900000214576721,0.0,0.0,push_lateral_pace_recovery,push_lateral,1.5,pacing,1000,0.7308080196380615,0.7308080196380615,1.2350075244903564,0.2844282388687134,0.0640229657292366,0.14151912927627563,1.4839539527893066,0.0640229657292366,0.011855373159050941,0.49089786410331726,0.33596497774124146,0.5794109106063843,0.7855747938156128,0.514259934425354,0.5840260982513428,0.14151912927627563,0.059338103979825974,0.006078979931771755,0.0015328521840274334,0.41298186779022217,0.021035142242908478,216.7569580078125,147.13894653320312,35.90941619873047,40.978492736816406,239.439208984375,0.03870800882577896,0.14341667294502258,0.6807180643081665,2.19878888130188,1.0540001392364502,0.02470014989376068,0.029999924823641777,2.613675594329834,0.5,0.08000031858682632,0.29136812686920166,0.0,0.7847164869308472,0.8056716918945312,0.8796291351318359,0.5576748847961426,0.5297892093658447,0.8969945907592773,0.4098666310310364,0.21529129147529602,0.8080987930297852,0.5559686422348022,0.5,0.9801129102706909,0.9687860012054443,0.2313518077135086,0.29808682203292847,1.0,0.023000001907348633,0.0020000000949949026,0.021000001579523087,1.054,0.645842521421371,1.4443466229373283,0.10888238222527527,0.5796248594921042,0.8863265728926403,0.7642160023523079,0.24359413781909034,0.0872458143167865,0.1235007494688034,0.02649887464940548,175.51063755442328,0.723541259765625,0.818504273891449,0.8587850332260132,0.17887617647647858,0.656585156917572,0.437812864780426,0.593609094619751,0.4881740212440491,0.9687860012054443,0.9789999984204769,0.6713777129084637
pronking,0,action_space,-1.0,2.5999999046325684,0.0,0.5,0.0,0.07999999821186066,-1.0,0.2900000214576721,1.0,0.03999999910593033,push_lateral_pace_recovery,push_lateral,1.5,pacing,1000,0.7218021154403687,0.7218021154403687,1.2516140937805176,0.27131110429763794,0.06510098278522491,0.13814890384674072,1.4598722457885742,0.06510098278522491,0.012983008287847042,0.490458607673645,0.34025904536247253,0.5822034478187561,0.6902597546577454,0.5220901966094971,0.5674198865890503,0.13814890384674072,0.041170667856931686,0.0036249542608857155,0.001378315151669085,0.4204593896865845,0.02046208083629608,224.91452026367188,153.61724853515625,35.25080490112305,40.96408462524414,199.83358764648438,0.039321672171354294,0.15166667103767395,0.7303075790405273,2.5454063415527344,1.0390000343322754,0.0250322874635458,0.029999924823641777,2.614993095397949,0.5,0.08000031858682632,0.29149994254112244,0.03850003331899643,0.7847772836685181,0.7993853092193604,0.918027400970459,0.5341416597366333,0.5180803537368774,0.8928236961364746,0.423808753490448,0.2140893042087555,0.8072729706764221,0.5540052056312561,0.5,0.9783835411071777,0.9619923233985901,0.1201254278421402,0.20467501878738403,1.0,0.02500000037252903,0.004999999888241291,0.020000001415610313,1.039,0.7028947229908566,1.5652033880021095,0.1139430045586259,0.5833172767563742,0.8308187255098102,0.7532727836508168,0.20290556388855305,0.07073379257861691,0.125161437317729,0.02483818680047989,179.69957463830923,0.744949460029602,0.8262555003166199,0.904778242111206,0.17914991080760956,0.6641537547111511,0.43131405115127563,0.5420129299163818,0.4684465229511261,0.9619923233985901,0.9799999985843897,0.6830920157715297
pronking,0,action_space,-1.0,2.5999999046325684,0.0,0.5,0.0,0.07999999821186066,0.0,0.33000001311302185,-1.0,-0.03999999910593033,push_lateral_pace_recovery,push_lateral,1.5,pacing,1000,0.7182002067565918,0.7182002067565918,1.2456986904144287,0.27697932720184326,0.058178551495075226,0.1509874314069748,1.54954195022583,0.058178551495075226,0.009194482117891312,0.4916790723800659,0.3402462303638458,0.5055837631225586,0.5375361442565918,0.5230768918991089,0.6345571875572205,0.1509874314069748,0.05590800568461418,0.009191762655973434,0.0012524037156254053,0.41870689392089844,0.02234310284256935,218.07308959960938,147.98577880859375,35.69065475463867,41.39368438720703,296.8236083984375,0.039442285895347595,0.15150001645088196,0.6831585168838501,2.24815034866333,1.0440001487731934,0.02491396851837635,0.029999924823641777,2.6145687103271484,0.5,0.08000031858682632,0.33000147342681885,-0.038542479276657104,0.7845635414123535,0.7854375839233398,0.8294937014579773,0.5626062154769897,0.5431547164916992,0.8864489793777466,0.37897107005119324,0.21683233976364136,0.8092110753059387,0.5496270656585693,0.5,0.9792482256889343,0.9672430753707886,0.23318171501159668,0.3061917722225189,1.0,0.024000000208616257,0.007000000216066837,0.017000000923871994,1.044,0.6543663287984913,1.467447020271478,0.09588786220315537,0.5833062920660516,0.7331685646947718,0.7965909788324372,0.23644873796367402,0.1021967043088907,0.12456984259188175,0.025429781526327133,175.06086445917282,0.7357460856437683,0.7961465120315552,0.8114898800849915,0.17667709290981293,0.6396321654319763,0.43282845616340637,0.5837104916572571,0.46883702278137207,0.9672430753707886,0.982999999076128,0.6635393590117112
pronking,0,action_space,-1.0,2.5999999046325684,0.0,0.5,0.0,0.07999999821186066,0.0,0.33000001311302185,0.0,0.0,push_lateral_pace_recovery,push_lateral,1.5,pacing,1000,0.7599223256111145,0.7599223256111145,1.1901447772979736,0.33062833547592163,0.06901693344116211,0.17095276713371277,1.3863502740859985,0.06901693344116211,0.013584274798631668,0.4841104745864868,0.3318484425544739,0.565498411655426,0.6807730793952942,0.5373481512069702,0.652841329574585,0.17095276713371277,0.08862802386283875,0.005918608047068119,0.0034096594899892807,0.4713563919067383,0.022173915058374405,262.2595520019531,185.2430419921875,34.01664733886719,39.560882568359375,204.38890075683594,0.04719553887844086,0.15558332204818726,0.6906784772872925,2.389781951904297,1.0090000629425049,0.023802898824214935,0.029999924823641777,2.6143922805786133,0.5,0.08000031858682632,0.33000147342681885,0.0,0.7478559017181396,0.7654913067817688,0.86651611328125,0.5479408502578735,0.5296377539634705,0.8663030862808228,0.42336148023605347,0.22666460275650024,0.8158257007598877,0.5321563482284546,0.5,0.9792482256889343,0.9716157913208008,0.47576987743377686,0.5248852968215942,0.9998000264167786,0.024000000208616257,0.003000000026077032,0.021000001579523087,1.009,0.6845178065380327,1.538981984412467,0.11655159715178368,0.57606288072959,0.8250897402072663,0.807985971149614,0.2977045916052333,0.09658295676286474,0.11901449412107468,0.03098512999713421,220.35936888062471,0.6458032727241516,0.7465829849243164,0.8298043012619019,0.19051282107830048,0.6418001651763916,0.38956958055496216,0.5531553626060486,0.45936205983161926,0.9716157913208008,0.9789999984204769,0.6458703736082102
pronking,0,action_space,-1.0,2.5999999046325684,0.0,0.5,0.0,0.07999999821186066,0.0,0.33000001311302185,1.0,0.03999999910593033,push_lateral_pace_recovery,push_lateral,1.5,pacing,1000,0.7392830848693848,0.7392830848693848,1.235970377922058,0.28797829151153564,0.06306035816669464,0.14301621913909912,1.4459915161132812,0.06306035816669464,0.010638858191668987,0.491792768239975,0.3377317786216736,0.5361493825912476,0.6043838858604431,0.5240730047225952,0.6056841015815735,0.14301621913909912,0.045532602816820145,0.003900993149727583,0.0016046096570789814,0.4206109941005707,0.02430754527449608,221.73757934570312,151.86880493164062,35.357601165771484,40.720008850097656,203.67214965820312,0.03974311798810959,0.15941667556762695,0.6980587840080261,2.3398423194885254,1.0429999828338623,0.024719422683119774,0.029999924823641777,2.614394187927246,0.5,0.08000031858682632,0.33000147342681885,0.038559917360544205,0.7793983817100525,0.7967674732208252,0.9166682958602905,0.5457868576049805,0.5438085794448853,0.893072247505188,0.4345551133155823,0.2121109664440155,0.8161523342132568,0.5520366430282593,0.5,0.9792481660842896,0.9673757553100586,0.2328515499830246,0.30408281087875366,1.0,0.024000000208616257,0.003000000026077032,0.021000001579523087,1.043,0.6692796891853428,1.4977907300751307,0.10314484083883686,0.5811469509699535,0.7774213052524629,0.7782570922141175,0.21338369857329811,0.07419974937158862,0.12359711341559887,0.026402510702610016,179.40363564254142,0.7176839709281921,0.8150250911712646,0.8957337737083435,0.1903732568025589,0.6149889826774597,0.4311833083629608,0.5707270503044128,0.450641393661499,0.9673757553100586,0.9789999984204769,0.678332857023447
pronking,0,action_space,-1.0,2.5999999046325684,0.0,0.5,0.0,0.07999999821186066,1.0,0.3700000047683716,-1.0,-0.03999999910593033,push_lateral_pace_recovery,push_lateral,1.5,pacing,1000,0.7084169387817383,0.7084169387817383,1.2603530883789062,0.2660766839981079,0.05817126855254173,0.14347076416015625,1.538225769996643,0.05817126855254173,0.008906638249754906,0.4918401539325714,0.33975446224212646,0.4814758896827698,0.4915054142475128,0.5141363739967346,0.61435866355896,0.14347076416015625,0.041873104870319366,0.007812495343387127,0.0010962411761283875,0.4282955527305603,0.02053838223218918,225.00782775878906,152.90049743652344,35.70197296142578,41.00979995727539,214.68556213378906,0.03937578946352005,0.148416668176651,0.743141770362854,2.5016021728515625,1.0470000505447388,0.025207068771123886,0.029999924823641777,2.6144397258758545,0.5,0.08000031858682632,0.3685549795627594,-0.03855539858341217,0.7890000343322754,0.7870112061500549,0.8476535081863403,0.5614207983016968,0.5681014060974121,0.8869133591651917,0.4031049907207489,0.21730530261993408,0.8161466121673584,0.5472785234451294,0.5,0.9792481660842896,0.9635026454925537,0.11900262534618378,0.2005978375673294,1.0,0.024000000208616257,0.004999999888241291,0.01900000125169754,1.047,0.7097819709960005,1.5457376001572438,0.0943749874159192,0.5828846045677707,0.7010744712564514,0.7838103492293017,0.20462918870561786,0.09438610342373242,0.12603534385561943,0.023964280262589455,178.52761248690956,0.7533787488937378,0.8139644265174866,0.836796224117279,0.17971940338611603,0.6631410121917725,0.4246070683002472,0.5502810478210449,0.4761209785938263,0.9635026454925537,0.9809999987483025,0.6726068197152554
pronking,0,action_space,-1.0,2.5999999046325684,0.0,0.5,0.0,0.07999999821186066,1.0,0.3700000047683716,0.0,0.0,push_lateral_pace_recovery,push_lateral,1.5,pacing,1000,0.7402175068855286,0.7402175068855286,1.2610993385314941,0.2797078788280487,0.06341475248336792,0.14450621604919434,1.3114932775497437,0.06341475248336792,0.010499411262571812,0.49649274349212646,0.34457987546920776,0.5652880072593689,0.6563489437103271,0.5386285781860352,0.6756008267402649,0.14450621604919434,0.0475945770740509,0.005952479317784309,0.0014981641434133053,0.44193553924560547,0.02420642599463463,221.86557006835938,151.63668823242188,35.4531364440918,41.38080596923828,210.3585662841797,0.039738282561302185,0.15591667592525482,0.6841040849685669,2.2420568466186523,1.0360000133514404,0.025221973657608032,0.029999924823641777,2.6149959564208984,0.5,0.08000031858682632,0.3684995174407959,0.0,0.7780596017837524,0.7878255844116211,0.8812539577484131,0.5459398031234741,0.5136032104492188,0.8863784074783325,0.4697050154209137,0.2108868509531021,0.8026862144470215,0.5373097658157349,0.5,0.9783835411071777,0.9660163521766663,0.23414283990859985,0.30835068225860596,1.0,0.02500000037252903,0.007000000216066837,0.018000001087784767,1.036,0.6603321090168014,1.4711041215735268,0.1024666348748304,0.587009263529297,0.810153654383122,0.8219494064358615,0.21816181396855616,0.08631710989831398,0.12610986828804016,0.023889755830168724,175.93028819340594,0.7312893867492676,0.8115409016609192,0.8615580201148987,0.21838809549808502,0.6162340044975281,0.4131803512573242,0.5821443200111389,0.4585970342159271,0.9660163521766663,0.9819999989122152,0.6821560285603389
pronking,0,action_space,-1.0,2.5999999046325684,0.0,0.5,0.0,0.07999999821186066,1.0,0.3700000047683716,1.0,0.03999999910593033,push_lateral_pace_recovery,push_lateral,1.5,pacing,1000,0.7232003211975098,0.7232003211975098,1.2665702104568481,0.27324992418289185,0.05564119666814804,0.14178231358528137,1.5048227310180664,0.05564119666814804,0.009139712899923325,0.505135178565979,0.3480774164199829,0.5274531841278076,0.5648062229156494,0.509895384311676,0.5877183079719543,0.14178231358528137,0.037276703864336014,0.003406804520636797,0.001111513702198863,0.44746270775794983,0.0165218785405159,224.99365234375,152.72805786132812,35.21259307861328,39.9400634765625,206.3368377685547,0.03977549448609352,0.14283332228660583,0.6690453290939331,2.226217746734619,1.061000108718872,0.02533140778541565,0.029999924823641777,2.614407539367676,0.5,0.08000031858682632,0.3685583472251892,0.03855864703655243,0.787091851234436,0.791226327419281,0.9292343854904175,0.5590707659721375,0.5439802408218384,0.891622006893158,0.4257568120956421,0.20396459102630615,0.8133499622344971,0.5416526198387146,0.5,0.9792482256889343,0.9635120630264282,0.118964284658432,0.20022374391555786,1.0,0.024000000208616257,0.0,0.024000000208616257,1.061,0.6305799133703464,1.448525453058991,0.0956018456930792,0.5899808610624441,0.7515359092655849,0.7666278810296129,0.19307175832921813,0.06721843662891648,0.12665703892707825,0.023342585191130638,177.64009486895753,0.7418100237846375,0.8178942203521729,0.9135963916778564,0.1849597692489624,0.7186092138290405,0.4086380898952484,0.5918177962303162,0.48959994316101074,0.9635120630264282,0.9759999997913837,0.6824453700429353
pronking,0,action_space,-1.0,2.5999999046325684,0.0,0.5,1.0,0.10999999940395355,-1.0,0.2900000214576721,-1.0,-0.03999999910593033,push_lateral_pace_recovery,push_lateral,1.5,pacing,1000,0.7193688154220581,0.7193688154220581,1.250319480895996,0.2682395875453949,0.060314811766147614,0.13699740171432495,1.2237423658370972,0.060314811766147614,0.008928341791033745,0.4929651618003845,0.34352409839630127,0.5566543340682983,0.7234002947807312,0.5037435293197632,0.5707990527153015,0.13699740171432495,0.04680643975734711,0.0073874639347195625,0.0011477409861981869,0.41241785883903503,0.018519366160035133,230.65200805664062,158.48741149902344,35.77595520019531,41.762168884277344,215.91567993164062,0.04174364358186722,0.16066667437553406,0.8081862926483154,2.8885157108306885,1.0450000762939453,0.025006383657455444,0.029999924823641777,2.6149470806121826,0.5,0.1088787317276001,0.29149526357650757,-0.03850465267896652,0.7917211055755615,0.8039815425872803,0.8542213439941406,0.5632822513580322,0.527235209941864,0.8989722728729248,0.4973510801792145,0.2240188866853714,0.8099480867385864,0.5507122278213501,0.8609809279441833,0.9783835411071777,0.9583286046981812,0.06553584337234497,0.1544472873210907,1.0,0.02500000037252903,0.009000000543892384,0.01600000075995922,1.045,0.773383940920305,1.6625672271186496,0.09448990311686083,0.5861092887817948,0.8505294202911098,0.7555124437858728,0.21634795991029615,0.09238617277990116,0.12503191828727722,0.024967705830931664,184.47445759331225,0.7499041557312012,0.8288775086402893,0.8430709838867188,0.24602818489074707,0.6904668211936951,0.438306987285614,0.5010584592819214,0.4478336572647095,0.9583286046981812,0.9839999992400408,0.6932034046413043
pronking,0,action_space,-1.0,2.5999999046325684,0.0,0.5,1.0,0.10999999940395355,-1.0,0.2900000214576721,0.0,0.0,push_lateral_pace_recovery,push_lateral,1.5,pacing,1000,0.7209562063217163,0.7209562063217163,1.2347863912582397,0.27895939350128174,0.060746610164642334,0.141586035490036,1.4573733806610107,0.060746610164642334,0.012117952108383179,0.48856812715530396,0.3343721032142639,0.503756046295166,0.5000293254852295,0.5027745962142944,0.5140877366065979,0.141586035490036,0.04446963220834732,0.004859091714024544,0.0012847678735852242,0.41269394755363464,0.018619604408740997,229.35183715820312,159.17318725585938,35.30735778808594,40.346923828125,203.70535278320312,0.04177948832511902,0.15133334696292877,0.7503179311752319,2.7041661739349365,1.0380001068115234,0.024695727974176407,0.029999924823641777,2.614037036895752,0.5,0.10894699394702911,0.2914040982723236,0.0,0.7801271080970764,0.7978259325027466,0.9003045558929443,0.5471984148025513,0.5396924018859863,0.8955426216125488,0.43805480003356934,0.22434495389461517,0.8152720332145691,0.5522459149360657,0.8618342876434326,0.9792482256889343,0.9640369415283203,0.1183672621846199,0.19649559259414673,1.0,0.024000000208616257,0.005000000353902578,0.01900000125169754,1.038,0.7228495867955202,1.6140537698270971,0.11008157024853515,0.5782491705262222,0.7071275171319735,0.7169991189719817,0.21087824024386043,0.0783827760902213,0.12347863987088203,0.02652098424732685,185.74211603068852,0.7325136065483093,0.8183492422103882,0.8843722343444824,0.18273241817951202,0.689083993434906,0.4380650222301483,0.5213715434074402,0.4692278802394867,0.9640369415283203,0.9809999987483025,0.6783010195463132
pronking,0,action_space,-1.0,2.5999999046325684,0.0,0.5,1.0,0.10999999940395355,-1.0,0.2900000214576721,1.0,0.03999999910593033,push_lateral_pace_recovery,push_lateral,1.5,pacing,1000,0.7157712578773499,0.7157712578773499,1.2545084953308105,0.2677658796310425,0.05742814391851425,0.13928771018981934,1.4410172700881958,0.05742814391851425,0.009113246574997902,0.4865722358226776,0.3297554552555084,0.5537146925926208,0.6398321390151978,0.4793957471847534,0.5005875825881958,0.13928771018981934,0.05395391210913658,0.0029220443684607744,0.0013181788381189108,0.4207325577735901,0.020293157547712326,225.9257354736328,155.76773071289062,35.52798843383789,40.55860900878906,208.00022888183594,0.041328586637973785,0.14641667902469635,0.7231118083000183,2.6550869941711426,1.058000087738037,0.02509017288684845,0.029999924823641777,2.614999771118164,0.5,0.10887475311756134,0.2915005087852478,0.03849935531616211,0.78635573387146,0.8078724145889282,0.9286314249038696,0.5539720058441162,0.5116053819656372,0.9000790119171143,0.4228697121143341,0.21858763694763184,0.8131253719329834,0.5509777665138245,0.860931396484375,0.9783835411071777,0.9583141803741455,0.0655730664730072,0.15483105182647705,1.0,0.02500000037252903,0.006000000052154064,0.01900000125169754,1.058,0.683470525903828,1.5841508593687212,0.09546332581152776,0.5742433763270661,0.7998950800043702,0.7075221428253647,0.23227981425241537,0.06511699629574207,0.12545086443424225,0.024548759683966637,180.09103670043845,0.7506661415100098,0.8236491084098816,0.918691873550415,0.19725021719932556,0.6664013266563416,0.4310784935951233,0.5339871644973755,0.48090603947639465,0.9583141803741455,0.9809999987483025,0.6907396564881008
pronking,0,action_space,-1.0,2.5999999046325684,0.0,0.5,1.0,0.10999999940395355,0.0,0.33000001311302185,-1.0,-0.03999999910593033,push_lateral_pace_recovery,push_lateral,1.5,pacing,1000,0.7036410570144653,0.7036410570144653,1.1950361728668213,0.33328938484191895,0.06748288869857788,0.18379592895507812,1.3871381282806396,0.06748288869857788,0.01343440916389227,0.48684805631637573,0.34078848361968994,0.6514630317687988,1.0983237028121948,0.5642998814582825,0.8367413282394409,0.18379592895507812,0.09639076143503189,0.014665713533759117,0.005556674674153328,0.49498069286346436,0.031134430319070816,294.1795959472656,213.5655517578125,33.330360412597656,37.95066833496094,206.63345336914062,0.05664999783039093,0.14091667532920837,0.7401100397109985,2.6249678134918213,0.9810000658035278,0.023900717496871948,0.029999924823641777,2.6149158477783203,0.5,0.10888110101222992,0.33000147342681885,-0.03850780799984932,0.7475361824035645,0.7480392456054688,0.8099006414413452,0.5352031588554382,0.4947212338447571,0.8473171591758728,0.4517008066177368,0.23725712299346924,0.8122348189353943,0.5143316388130188,0.8610105514526367,0.9783835411071777,0.9620201587677002,0.12003268301486969,0.20371118187904358,0.9994000196456909,0.024000000208616257,0.007000000216066837,0.017000000923871994,0.981,0.7544444295122962,1.6357897566212392,0.1159068986898203,0.583770917072519,1.0480094001545,0.9147356603081793,0.3104686158616228,0.1422054436648346,0.11950358748435974,0.030496036633849144,246.16794254984444,0.6412554979324341,0.7133312225341797,0.6673452258110046,0.1909342110157013,0.536500096321106,0.3715910315513611,0.5122451186180115,0.4943144619464874,0.9620201587677002,0.982999999076128,0.616297868008797
pronking,0,action_space,-1.0,2.5999999046325684,0.0,0.5,1.0,0.10999999940395355,0.0,0.33000001311302185,0.0,0.0,push_lateral_pace_recovery,push_lateral,1.5,pacing,1000,0.7293473482131958,0.7293473482131958,1.261244535446167,0.26480352878570557,0.06151135265827179,0.1489332765340805,1.5327377319335938,0.06151135265827179,0.011427085846662521,0.489918053150177,0.3377005457878113,0.5292086601257324,0.563697338104248,0.5171686410903931,0.633047342300415,0.1489332765340805,0.04940365254878998,0.004785474389791489,0.00133619736880064,0.42513421177864075,0.020750584080815315,238.52896118164062,166.8709716796875,35.011680603027344,39.95166778564453,209.364013671875,0.04241398721933365,0.14483332633972168,0.7538390159606934,2.73396635055542,1.0390000343322754,0.02522490918636322,0.029999924823641777,2.6149654388427734,0.5,0.10887737572193146,0.33000147342681885,0.0,0.7876485586166382,0.7814803123474121,0.9001858830451965,0.5602649450302124,0.5273017883300781,0.8819416761398315,0.3900644779205322,0.21927869319915771,0.8113482594490051,0.5442988276481628,0.8609639406204224,0.9783835411071777,0.966018795967102,0.2340930700302124,0.30798596143722534,1.0,0.02500000037252903,0.006000000052154064,0.01900000125169754,1.039,0.7255428193049206,1.622141762185217,0.10689754836600567,0.5811200786307519,0.7507978010784582,0.7956427227722347,0.22226932435401422,0.07824111296877191,0.1261245459318161,0.023875078186392784,189.12189863106974,0.7554183006286621,0.8010665774345398,0.8847647905349731,0.1718248724937439,0.6603325605392456,0.42730021476745605,0.5179710388183594,0.4847283661365509,0.966018795967102,0.9809999987483025,0.6767522979241152
pronking,0,action_space,-1.0,2.5999999046325684,0.0,0.5,1.0,0.10999999940395355,0.0,0.33000001311302185,1.0,0.03999999910593033,push_lateral_pace_recovery,push_lateral,1.5,pacing,1000,0.7329074740409851,0.7329074740409851,1.2281639575958252,0.2968403697013855,0.05735667049884796,0.1476173996925354,1.2692646980285645,0.05735667049884796,0.008911041542887688,0.4940680265426636,0.34122318029403687,0.548996090888977,0.6377819776535034,0.5303783416748047,0.6032509803771973,0.1476173996925354,0.04389309510588646,0.004157218616455793,0.0012009218335151672,0.4283909797668457,0.01917412132024765,232.25921630859375,159.41751098632812,35.272621154785156,40.0691032409668,209.6914520263672,0.042492061853408813,0.15166667103767395,0.8425434827804565,3.101930618286133,1.0260000228881836,0.024563279002904892,0.029999924823641777,2.614993095397949,0.5,0.10887525975704193,0.33000147342681885,0.03850002959370613,0.7787724137306213,0.7919479608535767,0.9193331003189087,0.5358090400695801,0.5332021713256836,0.8920485973358154,0.4921252131462097,0.2144838273525238,0.8070451021194458,0.544789731502533,0.8609378337860107,0.9783835411071777,0.9619923830032349,0.120125412940979,0.2046748399734497,1.0,0.02500000037252903,0.0020000000949949026,0.023000001907348633,1.026,0.8211923937583759,1.738770897496,0.09439831324175071,0.5841431162771987,0.7986125328677878,0.7766923331520643,0.20950679011880846,0.07319932001030448,0.12281639501452446,0.027183229103684425,189.11092030680453,0.7029589414596558,0.8041986227035522,0.898379385471344,0.23516084253787994,0.681484043598175,0.42452603578567505,0.4696201682090759,0.4684465229511261,0.9619923830032349,0.9769999980926514,0.685612820661985
pronking,0,action_space,-1.0,2.5999999046325684,0.0,0.5,1.0,0.10999999940395355,1.0,0.3700000047683716,-1.0,-0.03999999910593033,push_lateral_pace_recovery,push_lateral,1.5,pacing,1000,0.7103527188301086,0.7103527188301086,1.2839760780334473,0.2593734860420227,0.05313987657427788,0.1447022706270218,1.389854907989502,0.05313987657427788,0.007228009402751923,0.4947090744972229,0.3454073369503021,0.5723575353622437,0.6784666180610657,0.5246842503547668,0.5974069833755493,0.1447022706270218,0.05641203373670578,0.007822928950190544,0.0010884141083806753,0.4438832402229309,0.02540292777121067,235.241455078125,161.50485229492188,35.11436462402344,40.050926208496094,204.75003051757812,0.04259321838617325,0.1430833339691162,0.7702329158782959,2.8112010955810547,1.0480000972747803,0.025679511949419975,0.029999924823641777,2.6146059036254883,0.5,0.10890433192253113,0.36853843927383423,-0.038538772612810135,0.8020508289337158,0.7974206209182739,0.850045919418335,0.5436680316925049,0.5177221298217773,0.8921017050743103,0.4462488293647766,0.2208656668663025,0.8008846640586853,0.5330102443695068,0.8613009452819824,0.9792481660842896,0.9597131609916687,0.06477883458137512,0.1528574526309967,1.0,0.024000000208616257,0.0020000000949949026,0.02200000174343586,1.048,0.7349550087033337,1.6378166565204164,0.08501770052613704,0.5877136521728095,0.8236908510242575,0.7729210718925635,0.23751217597568716,0.09439991026781339,0.12839755974709988,0.02160206437110901,183.21326939238895,0.764068067073822,0.8110809326171875,0.8367525935173035,0.2155817449092865,0.6016625165939331,0.41157397627830505,0.5113961100578308,0.48898831009864807,0.9597131609916687,0.9779999982565641,0.6819369501601428
pronking,0,action_space,-1.0,2.5999999046325684,0.0,0.5,1.0,0.10999999940395355,1.0,0.3700000047683716,0.0,0.0,push_lateral_pace_recovery,push_lateral,1.5,pacing,1000,0.7161792516708374,0.7161792516708374,1.2964601516723633,0.2612411379814148,0.05685886740684509,0.14705345034599304,1.5063765048980713,0.05685886740684509,0.00867412332445383,0.49559712409973145,0.3480258285999298,0.6060004234313965,0.7438834309577942,0.49626970291137695,0.5538080930709839,0.14705345034599304,0.053367599844932556,0.005012498702853918,0.0013219828251749277,0.448553204536438,0.025277381762862206,237.1973876953125,164.2895050048828,34.85503387451172,40.660255432128906,267.69232177734375,0.04307471215724945,0.15841668844223022,0.7367056608200073,2.66076922416687,1.0260000228881836,0.025929192081093788,0.029999924823641777,2.615067481994629,0.5,0.10886970162391663,0.3684921860694885,0.0,0.7913371920585632,0.7915489673614502,0.8947305083274841,0.5554550886154175,0.49146348237991333,0.8874637484550476,0.4078384041786194,0.21485278010368347,0.7976215481758118,0.5294312238693237,0.8608680963516235,0.9783835411071777,0.9619646668434143,0.12021458148956299,0.20561456680297852,1.0,0.02500000037252903,0.007000000216066837,0.018000001087784767,1.026,0.7180366739194993,1.6103857137788546,0.09313497369116411,0.5899371395326198,0.8624867714682899,0.744182835780955,0.23101428493695483,0.07958945613602876,0.12964596040546894,0.020353663712739944,182.95771558373062,0.7611021399497986,0.805536150932312,0.8810070753097534,0.18640026450157166,0.603175163269043,0.4077478051185608,0.5229154229164124,0.452900230884552,0.9619646668434143,0.9819999989122152,0.6809361912310125
pronking,0,action_space,-1.0,2.5999999046325684,0.0,0.5,1.0,0.10999999940395355,1.0,0.3700000047683716,1.0,0.03999999910593033,push_lateral_pace_recovery,push_lateral,1.5,pacing,1000,0.7246052026748657,0.7246052026748657,1.2411315441131592,0.28773200511932373,0.05760163068771362,0.1460968255996704,1.2591617107391357,0.05760163068771362,0.009272212162613869,0.485018253326416,0.3275577425956726,0.534449577331543,0.6560539603233337,0.5164977312088013,0.6114221215248108,0.1460968255996704,0.05287353694438934,0.00433701928704977,0.001272057183086872,0.43681979179382324,0.02804769203066826,233.4256591796875,161.6234588623047,35.28972625732422,40.990238189697266,345.0006408691406,0.04264284670352936,0.15133336186408997,0.7840180397033691,2.8190314769744873,1.0269999504089355,0.024822624400258064,0.029999924823641777,2.6149940490722656,0.5,0.10887524485588074,0.3684996962547302,0.03849998861551285,0.774787425994873,0.7893004417419434,0.9181092977523804,0.5563064813613892,0.5470946431159973,0.8890051245689392,0.49644267559051514,0.21671253442764282,0.8136188387870789,0.5397807359695435,0.8609374761581421,0.9783835411071777,0.9583152532577515,0.06556864827871323,0.1547926962375641,1.0,0.02500000037252903,0.004000000189989805,0.021000001579523087,1.027,0.7634059828003287,1.6567795423053011,0.09629232660297428,0.5723266048295087,0.8099715799479225,0.7819348575967251,0.2299424644218404,0.07489376789918266,0.12411312200129032,0.025886502116918564,188.07487432484845,0.7180911302566528,0.8077983260154724,0.8938819766044617,0.23583899438381195,0.5706644654273987,0.41742950677871704,0.503470778465271,0.4692278504371643,0.9583152532577515,0.9789999984204769,0.6883182057585472
pronking,0,action_space,0.0,3.0,0.0,0.5,-1.0,0.04999999701976776,-1.0,0.2900000214576721,-1.0,-0.03999999910593033,push_lateral_pace_recovery,push_lateral,1.5,pacing,1000,0.7056132555007935,0.7056132555007935,1.201865315437317,0.3033413887023926,0.06465374678373337,0.14802142977714539,1.4381352663040161,0.06465374678373337,0.009825662709772587,0.45030897855758667,0.29179033637046814,0.511223316192627,0.5121810436248779,0.5425052642822266,0.7594205737113953,0.14802142977714539,0.04554963856935501,0.010847985744476318,0.0012434927048161626,0.403419554233551,0.031042587012052536,202.7804412841797,138.24822998046875,35.85309600830078,41.17070770263672,214.0299530029297,0.03698176145553589,0.17491666972637177,0.6987769603729248,2.1099305152893066,1.1850000619888306,0.02403729408979416,0.029999924823641777,3.000000238418579,0.5,0.051079973578453064,0.2914400100708008,-0.03855999559164047,0.7692756652832031,0.7843664884567261,0.8207809925079346,0.569218635559082,0.5415752530097961,0.8884761333465576,0.4196300506591797,0.23999148607254028,0.8106919527053833,0.5634332895278931,0.1385001540184021,0.9792482256889343,0.963512659072876,0.1189495176076889,0.20011954009532928,1.0,0.024000000208616257,0.003000000026077032,0.021000001579523087,1.185,0.589685161606672,1.3343657669222753,0.09912448088021741,0.5401762086305432,0.7156682496973565,0.8714474015747568,0.21342361296106627,0.10996125885643762,0.1201864704489708,0.02981315366923809,168.72143548829757,0.692072868347168,0.8032386302947998,0.7851899862289429,0.1950208991765976,0.5374864339828491,0.44626644253730774,0.6407390236854553,0.4170357286930084,0.963512659072876,0.9789999984204769,0.6573183423815628
pronking,0,action_space,0.0,3.0,0.0,0.5,-1.0,0.04999999701976776,-1.0,0.2900000214576721,0.0,0.0,push_lateral_pace_recovery,push_lateral,1.5,pacing,1000,0.7523643970489502,0.7523643970489502,1.2300732135772705,0.27449801564216614,0.05844411253929138,0.13765597343444824,1.2169029712677002,0.05844411253929138,0.007388582453131676,0.4501599073410034,0.28633904457092285,0.5027869939804077,0.5099232792854309,0.49378377199172974,0.5487896800041199,0.13765597343444824,0.03660602122545242,0.004806548357009888,0.0011192033998668194,0.4005330502986908,0.01939680613577366,203.7064208984375,139.25662231445312,35.894622802734375,40.758602142333984,207.81423950195312,0.03534914553165436,0.15066668391227722,0.7555197477340698,2.3189773559570312,1.1850000619888306,0.024601474404335022,0.029999924823641777,3.000000238418579,0.5,0.051080722361803055,0.2914409041404724,0.0,0.7881046533584595,0.7994362115859985,0.8996398448944092,0.5743986368179321,0.5411996841430664,0.8994061946868896,0.5141718983650208,0.23796990513801575,0.8118327856063843,0.5671988725662231,0.1385093331336975,0.9792482256889343,0.9673753976821899,0.23286598920822144,0.30418336391448975,1.0,0.024000000208616257,0.007000000216066837,0.017000000923871994,1.185,0.6375693792029272,1.398907666319379,0.08595686390935674,0.5351065730963532,0.714089125589678,0.7408034017228322,0.19132700077472709,0.07697890462247893,0.12300737202167511,0.026992252096533775,165.60511898801795,0.739784300327301,0.827379584312439,0.8882384896278381,0.2554638087749481,0.6784557104110718,0.44885018467903137,0.6130948066711426,0.47079455852508545,0.9673753976821899,0.982999999076128,0.7008420555637432
pronking,0,action_space,0.0,3.0,0.0,0.5,-1.0,0.04999999701976776,-1.0,0.2900000214576721,1.0,0.03999999910593033,push_lateral_pace_recovery,push_lateral,1.5,pacing,1000,0.719700813293457,0.719700813293457,1.2034342288970947,0.2980463206768036,0.06439241766929626,0.14216583967208862,1.4278066158294678,0.06439241766929626,0.01321862731128931,0.44038087129592896,0.2718230187892914,0.49300694465637207,0.5369905829429626,0.532866358757019,0.6867906451225281,0.14216583967208862,0.04149433970451355,0.004260647110641003,0.0015164314536377788,0.39504730701446533,0.018481973558664322,199.95648193359375,138.03744506835938,35.401729583740234,40.16150665283203,390.69024658203125,0.03596336022019386,0.15925002098083496,0.6389299631118774,1.9201323986053467,1.1640000343322754,0.024068690836429596,0.029999924823641777,3.000000238418579,0.5,0.05102737993001938,0.291369765996933,0.03863012045621872,0.7646644115447998,0.7944588661193848,0.9187134504318237,0.5460826754570007,0.5672454833984375,0.893180251121521,0.429054319858551,0.24198517203330994,0.8200353384017944,0.5725555419921875,0.13784286379814148,0.9801129102706909,0.9651056528091431,0.11764083802700043,0.19398720562458038,1.0,0.023000001907348633,0.004999999888241291,0.018000001087784767,1.164,0.5489088759799183,1.2843668544005544,0.11497228931916295,0.5213664918167367,0.7327964130254477,0.8287283301073568,0.20370159475201355,0.07600709548640036,0.12034345418214798,0.029656169936060905,166.15489000744714,0.7009446024894714,0.8170040249824524,0.8908835649490356,0.18411785364151,0.6909834146499634,0.45380187034606934,0.6620596647262573,0.4510170519351959,0.9651056528091431,0.9819999989122152,0.675085711842164
pronking,0,action_space,0.0,3.0,0.0,0.5,-1.0,0.04999999701976776,0.0,0.33000001311302185,-1.0,-0.03999999910593033,push_lateral_pace_recovery,push_lateral,1.5,pacing,1000,0.7302322387695312,0.7302322387695312,1.222414493560791,0.28252625465393066,0.057498738169670105,0.14239181578159332,1.3796474933624268,0.057498738169670105,0.008658106438815594,0.4454464614391327,0.2833564877510071,0.49386119842529297,0.4720988869667053,0.5340932607650757,0.7747310400009155,0.14239181578159332,0.04949194937944412,0.010065887123346329,0.0012319625820964575,0.41153597831726074,0.028184309601783752,204.7729034423828,141.17227172851562,35.25841522216797,39.35688018798828,201.63827514648438,0.036026593297719955,0.1469166874885559,0.7204902768135071,2.2225232124328613,1.1820000410079956,0.02444828674197197,0.029999924823641777,3.000000238418579,0.5,0.05103491246700287,0.33000147342681885,-0.03862008452415466,0.7812288999557495,0.7917847633361816,0.8253469467163086,0.5681900978088379,0.5400856733322144,0.8916846513748169,0.45312583446502686,0.24645376205444336,0.8046615123748779,0.5577392578125,0.13793691992759705,0.9801129102706909,0.9687350988388062,0.23155909776687622,0.29980728030204773,1.0,0.023000001907348633,0.004999999888241291,0.018000001087784767,1.182,0.6095518057318104,1.3712429654097031,0.09304894646805838,0.5323123967662289,0.687094525496096,0.8801880708126619,0.22246786145293915,0.1062913435113264,0.12224143370985985,0.027758190408349037,167.51511416221555,0.7266688942909241,0.8164788484573364,0.7977524399757385,0.211652472615242,0.5691073536872864,0.43908074498176575,0.6249542236328125,0.47970524430274963,0.9687350988388062,0.9819999989122152,0.6714718596866498
pronking,0,action_space,0.0,3.0,0.0,0.5,-1.0,0.04999999701976776,0.0,0.33000001311302185,0.0,0.0,push_lateral_pace_recovery,push_lateral,1.5,pacing,1000,0.7626889944076538,0.7626889944076538,1.236865758895874,0.2739853262901306,0.06531757861375809,0.14018487930297852,1.519789457321167,0.06531757861375809,0.013178314082324505,0.4376228451728821,0.2748108506202698,0.5572110414505005,0.6137998104095459,0.5154794454574585,0.6140775680541992,0.14018487930297852,0.0387764573097229,0.006514051463454962,0.0015455108368769288,0.4185137152671814,0.024188309907913208,206.05953979492188,141.90985107421875,34.955726623535156,38.912689208984375,334.3028564453125,0.0362992137670517,0.1679166555404663,0.6977424621582031,2.08646821975708,1.165000081062317,0.024737313389778137,0.029999924823641777,3.000000238418579,0.5,0.05108204483985901,0.33000147342681885,0.0,0.7924416661262512,0.7957364916801453,0.8749045133590698,0.5630382299423218,0.4965243339538574,0.8937125205993652,0.38871586322784424,0.24764315783977509,0.8031593561172485,0.5534383058547974,0.1385260969400406,0.9792481660842896,0.9716145396232605,0.4758220911026001,0.5252413153648376,1.0,0.024000000208616257,0.0020000000949949026,0.02200000174343586,1.165,0.598920542180794,1.3382674141369801,0.11479683829411202,0.5242240462056942,0.7834537704354647,0.7836310152451849,0.19691738701730455,0.08977506502549519,0.12368656694889069,0.0263130571693182,166.59814398845288,0.7406168580055237,0.821586549282074,0.8511292934417725,0.16807319223880768,0.6164573431015015,0.4329957365989685,0.6390708684921265,0.43189045786857605,0.9716145396232605,0.9779999982565641,0.6702293229217714
pronking,0,action_space,0.0,3.0,0.0,0.5,-1.0,0.04999999701976776,0.0,0.33000001311302185,1.0,0.03999999910593033,push_lateral_pace_recovery,push_lateral,1.5,pacing,1000,0.7293490171432495,0.7293490171432495,1.1931126117706299,0.3141499161720276,0.0646783709526062,0.15484070777893066,1.53428316116333,0.0646783709526062,0.01094043254852295,0.43784984946250916,0.27455684542655945,0.5181686878204346,0.5483393669128418,0.5428531169891357,0.7284958362579346,0.15484070777893066,0.05970894545316696,0.006087433081120253,0.0014578497502952814,0.4113174080848694,0.02731897495687008,201.31663513183594,138.43019104003906,35.69755554199219,40.58428955078125,196.87181091308594,0.03677310794591904,0.16066667437553406,0.740491509437561,2.2576515674591064,1.190000057220459,0.02386225387454033,0.029999924823641777,3.000000238418579,0.5,0.05105109140276909,0.33000147342681885,0.038598500192165375,0.7548273801803589,0.7861597537994385,0.9086853861808777,0.5523419380187988,0.5500447154045105,0.8832061290740967,0.404860258102417,0.2434941530227661,0.8140127658843994,0.5602730512619019,0.13813941180706024,0.9801128506660461,0.9685958623886108,0.23195919394493103,0.3024680018424988,1.0,0.023000001907348633,0.004000000189989805,0.01900000125169754,1.19,0.6222617269564076,1.3773837601941727,0.10459652264068318,0.5239817224164975,0.740499403722138,0.8535196753783327,0.24435413942302464,0.0868635874887489,0.11931126937270164,0.03068835474550724,168.73229999058805,0.6738412976264954,0.7868194580078125,0.8599288463592529,0.17323750257492065,0.5790424346923828,0.4392727315425873,0.622322678565979,0.4478336572647095,0.9685958623886108,0.9809999987483025,0.658331356751613
pronking,0,action_space,0.0,3.0,0.0,0.5,-1.0,0.04999999701976776,1.0,0.3700000047683716,-1.0,-0.03999999910593033,push_lateral_pace_recovery,push_lateral,1.5,pacing,1000,0.7052531838417053,0.7052531838417053,1.232110619544983,0.2821669280529022,0.05755254626274109,0.14733222126960754,1.533276081085205,0.05755254626274109,0.008835693821310997,0.4474419355392456,0.2895909547805786,0.49691200256347656,0.4670148491859436,0.5475329160690308,0.7406274080276489,0.14733222126960754,0.04572264105081558,0.010326473042368889,0.0011877687647938728,0.4135591387748718,0.024685068055987358,202.2622833251953,136.747802734375,35.809715270996094,40.37868118286133,226.38372802734375,0.03617200255393982,0.156166672706604,0.7942261695861816,2.4021735191345215,1.1730000972747803,0.024642229080200195,0.029999924823641777,3.000000238418579,0.5,0.05111536756157875,0.36851248145103455,-0.038512811064720154,0.7847568988800049,0.788798451423645,0.8189519643783569,0.5602178573608398,0.5392851829528809,0.887236475944519,0.4079890847206116,0.24884989857673645,0.8115129470825195,0.5523227453231812,0.13894250988960266,0.9783835411071777,0.9620685577392578,0.11996299773454666,0.2028583586215973,1.0,0.02500000037252903,0.004000000189989805,0.021000001579523087,1.173,0.6770896293724691,1.431044587099744,0.0939983713758435,0.5381365577440159,0.6833848470561398,0.8605971229487401,0.21382853189136286,0.10730443517004673,0.12321114540100098,0.02678847871720791,164.15919164781693,0.7272589206695557,0.804875373840332,0.794307291507721,0.18086761236190796,0.6103630065917969,0.4373076856136322,0.5993124842643738,0.45802414417266846,0.9620685577392578,0.9789999984204769,0.6608215702267795
pronking,0,action_space,0.0,3.0,0.0,0.5,-1.0,0.04999999701976776,1.0,0.3700000047683716,0.0,0.0,push_lateral_pace_recovery,push_lateral,1.5,pacing,1000,0.7336241602897644,0.7336241602897644,1.2293765544891357,0.28276336193084717,0.05864185094833374,0.14533665776252747,1.4596562385559082,0.05864185094833374,0.008371519856154919,0.4456031918525696,0.2833925485610962,0.5038170218467712,0.5345216393470764,0.5284975171089172,0.7152340412139893,0.14533665776252747,0.04063967242836952,0.006341136991977692,0.001211280468851328,0.4207800030708313,0.02572384476661682,205.24530029296875,142.947509765625,35.38862609863281,40.136497497558594,228.65701293945312,0.036827899515628815,0.1458333432674408,0.7391853332519531,2.3402042388916016,1.186000108718872,0.024587536230683327,0.029999924823641777,3.000000238418579,0.5,0.051080405712127686,0.3685591220855713,0.0,0.7818880081176758,0.782025933265686,0.8864494562149048,0.5727035999298096,0.5496600866317749,0.8859594464302063,0.4285256862640381,0.24464182555675507,0.8123824000358582,0.5549080967903137,0.13850554823875427,0.9792481660842896,0.967375636100769,0.23285940289497375,0.30413657426834106,1.0,0.024000000208616257,0.007000000216066837,0.017000000923871994,1.186,0.6232591085450042,1.4047030441082191,0.09149601005593042,0.5323462675374894,0.7311098681778796,0.8457151064123126,0.20159283823680227,0.08690464579542925,0.12293768115341663,0.02706194296479225,166.95071948745428,0.7262794375419617,0.8095899224281311,0.8598061203956604,0.196501225233078,0.5978132486343384,0.431037575006485,0.6106094717979431,0.4823107123374939,0.967375636100769,0.982999999076128,0.6761325970292091
pronking,0,action_space,0.0,3.0,0.0,0.5,-1.0,0.04999999701976776,1.0,0.3700000047683716,1.0,0.03999999910593033,push_lateral_pace_recovery,push_lateral,1.5,pacing,1000,0.7172979712486267,0.7172979712486267,1.2335442304611206,0.2803718149662018,0.06503142416477203,0.14277049899101257,1.531156301498413,0.06503142416477203,0.010035373270511627,0.43951642513275146,0.2804751992225647,0.5012383460998535,0.5408164858818054,0.5361239314079285,0.7014455795288086,0.14277049899101257,0.03763434290885925,0.0043953461572527885,0.001196600031107664,0.4210122525691986,0.025836586952209473,205.03347778320312,140.4708251953125,35.93606948852539,40.646461486816406,393.4808349609375,0.03695901483297348,0.140666663646698,0.7257934212684631,2.1284029483795166,1.184000015258789,0.024670878425240517,0.029999924823641777,3.000000238418579,0.5,0.05112496018409729,0.3684996962547302,0.03850002586841583,0.7762653827667236,0.7884520292282104,0.9189646244049072,0.5578128099441528,0.5636885166168213,0.8914759159088135,0.405082106590271,0.2463640570640564,0.8230879306793213,0.5568259358406067,0.13906237483024597,0.9783835411071777,0.9619923233985901,0.12012553215026855,0.20467576384544373,1.0,0.02500000037252903,0.004999999888241291,0.020000001415610313,1.184,0.6130011275007918,1.34076005573459,0.10017671022004879,0.5295990929208289,0.7354022612705277,0.8375234799865665,0.19399572909953264,0.07477931658126098,0.12335439212620258,0.026645231992006302,166.21493799744658,0.7302024960517883,0.8155975937843323,0.8941882848739624,0.17695429921150208,0.5964667797088623,0.43083739280700684,0.6380048394203186,0.49493277072906494,0.9619923233985901,0.9799999985843897,0.6770572556326022
pronking,0,action_space,0.0,3.0,0.0,0.5,0.0,0.07999999821186066,-1.0,0.2900000214576721,-1.0,-0.03999999910593033,push_lateral_pace_recovery,push_lateral,1.5,pacing,1000,0.7306549549102783,0.7306549549102783,1.218484878540039,0.28765514492988586,0.05701640248298645,0.1437499225139618,1.3651764392852783,0.05701640248298645,0.007063273340463638,0.45019733905792236,0.2884495258331299,0.51503986120224,0.4997061491012573,0.5579351186752319,0.8181149959564209,0.1437499225139618,0.0383133627474308,0.009213430806994438,0.001114638987928629,0.4082242548465729,0.029667839407920837,214.64730834960938,148.84341430664062,36.071083068847656,41.606239318847656,237.30062866210938,0.03763263300061226,0.15508335828781128,0.8461952805519104,2.8144302368164062,1.1710000038146973,0.02436969429254532,0.029999924823641777,3.000000238418579,0.5,0.08000031858682632,0.2914445400238037,-0.03855535387992859,0.7742789387702942,0.7775871753692627,0.8379323482513428,0.5522618293762207,0.5294779539108276,0.8859928846359253,0.453125536441803,0.24660822749137878,0.8123791217803955,0.5546154975891113,0.5,0.9792481660842896,0.967369019985199,0.2329273819923401,0.3046756088733673,1.0,0.024000000208616257,0.010999999940395355,0.013000000268220901,1.171,0.7226261233387596,1.5503037293062873,0.08404328254217369,0.5370749722647015,0.7068989666856624,0.9044970956041931,0.19573799515533719,0.10162711151520085,0.12184847146272659,0.028151152655482292,176.15918927676387,0.7182181477546692,0.8133120536804199,0.8133763074874878,0.2216973900794983,0.5524696707725525,0.4419986307621002,0.5483396053314209,0.46051180362701416,0.967369019985199,0.9869999997317791,0.6760309722561103
pronking,0,action_space,0.0,3.0,0.0,0.5,0.0,0.07999999821186066,-1.0,0.2900000214576721,0.0,0.0,push_lateral_pace_recovery,push_lateral,1.5,pacing,1000,0.7529610395431519,0.7529610395431519,1.1898853778839111,0.314800500869751,0.08298897743225098,0.17964181303977966,1.5461030006408691,0.08298897743225098,0.02912982553243637,0.4440132975578308,0.28347155451774597,0.6035594940185547,1.099757194519043,0.5456046462059021,0.7509822249412537,0.17964181303977966,0.13493773341178894,0.005441412795335054,0.006692272610962391,0.4141036868095398,0.025977229699492455,226.35922241210938,160.91384887695312,34.80979919433594,40.71269226074219,385.0802917480469,0.043178658932447433,0.15958334505558014,0.7896723747253418,2.5907180309295654,1.1579999923706055,0.023797722533345222,0.029999924823641777,3.000000238418579,0.5,0.08000031858682632,0.2914310693740845,0.0,0.7518699169158936,0.7607083320617676,0.8816472887992859,0.5507906079292297,0.5283466577529907,0.8699734210968018,0.36958783864974976,0.24236726760864258,0.8180326223373413,0.5532205700874329,0.5,0.9792481660842896,0.9716250896453857,0.4756118953227997,0.5238150358200073,0.9998000264167786,0.024000000208616257,0.004000000189989805,0.020000001415610313,1.158,0.6819277221468858,1.4957388448815692,0.17067461888762597,0.5324204677862657,1.0486930888105648,0.8665923060708846,0.3673387175506945,0.11015300906601437,0.11898861266672611,0.031011011451482773,190.23615771686008,0.6727392673492432,0.7241825461387634,0.7845274806022644,0.11899194121360779,0.5947913527488708,0.43683165311813354,0.5716041326522827,0.450266033411026,0.9716250896453857,0.9799999985843897,0.6242576853778118
pronking,0,action_space,0.0,3.0,0.0,0.5,0.0,0.07999999821186066,-1.0,0.2900000214576721,1.0,0.03999999910593033,push_lateral_pace_recovery,push_lateral,1.5,pacing,1000,0.7361248135566711,0.7361248135566711,1.2053487300872803,0.2999342679977417,0.07012605667114258,0.14791113138198853,1.3998315334320068,0.07012605667114258,0.019591303542256355,0.4425000846385956,0.27923882007598877,0.6493726968765259,1.1862542629241943,0.532461404800415,0.7313483953475952,0.14791113138198853,0.06947305798530579,0.006691471207886934,0.00366482837125659,0.41673439741134644,0.030330192297697067,219.05458068847656,151.90643310546875,34.70198059082031,39.34435272216797,256.9167785644531,0.0397830568253994,0.15416666865348816,0.8444609642028809,2.930863618850708,1.1730000972747803,0.024106957018375397,0.029999924823641777,3.000000238418579,0.5,0.08000031858682632,0.291439950466156,0.03856000304222107,0.7670457363128662,0.8007439374923706,0.8967383503913879,0.541433572769165,0.478120893239975,0.8946776390075684,0.4377226233482361,0.2448638379573822,0.7997117042541504,0.5493952035903931,0.5,0.9792482256889343,0.9673757553100586,0.2328498810529709,0.3040717542171478,1.0,0.024000000208616257,0.004000000189989805,0.020000001415610313,1.173,0.7199155477408354,1.580697527311092,0.13996893777640937,0.5284305253067699,1.0891530025318732,0.8551890991749107,0.26357742313275956,0.1017659057796054,0.12053478509187698,0.0294648390263319,181.73543906468848,0.6977863907814026,0.8035008311271667,0.8129172325134277,0.1666836440563202,0.5451992750167847,0.4345393478870392,0.5354481935501099,0.4626273810863495,0.9673757553100586,0.9799999985843897,0.6551093471546968
pronking,0,action_space,0.0,3.0,0.0,0.5,0.0,0.07999999821186066,0.0,0.33000001311302185,-1.0,-0.03999999910593033,push_lateral_pace_recovery,push_lateral,1.5,pacing,1000,0.7687457203865051,0.7687457203865051,1.2173813581466675,0.2907447814941406,0.07145019620656967,0.15626263618469238,1.3721305131912231,0.07145019620656967,0.017525941133499146,0.44969043135643005,0.29221102595329285,0.5764040350914001,0.8504705429077148,0.5489615201950073,0.7398426532745361,0.15626263618469238,0.05556795373558998,0.008943354710936546,0.002801072085276246,0.4165414869785309,0.029338378459215164,218.6412811279297,154.67324829101562,34.24241638183594,38.61391830444336,291.1636962890625,0.03938417136669159,0.15591666102409363,0.7754167318344116,2.5916337966918945,1.1640000343322754,0.024347616359591484,0.029999924823641777,3.000000238418579,0.5,0.08000031858682632,0.33000147342681885,-0.03856104612350464,0.7739763855934143,0.7762684226036072,0.8313250541687012,0.5531240701675415,0.5156874656677246,0.8787423372268677,0.47728729248046875,0.24893879890441895,0.8044804930686951,0.5502750873565674,0.5,0.9792481660842896,0.9716158509254456,0.4757535755634308,0.5247763395309448,1.0,0.024000000208616257,0.004000000189989805,0.020000001415610313,1.164,0.6661655386698615,1.4921425902050602,0.1323855775131836,0.5405654687022589,0.9222095981433477,0.8601410659156649,0.23572855943985654,0.10837170662222124,0.12173808179795742,0.028261542320251465,179.5996625583191,0.7131025195121765,0.7833465337753296,0.7906589508056641,0.17859236896038055,0.5561220049858093,0.43470701575279236,0.5731416344642639,0.4585970640182495,0.9716158509254456,0.9799999985843897,0.654713767938889
pronking,0,action_space,0.0,3.0,0.0,0.5,0.0,0.07999999821186066,0.0,0.33000001311302185,0.0,0.0,push_lateral_pace_recovery,push_lateral,1.5,pacing,1000,0.8442003726959229,0.8442003726959229,1.2156951427459717,0.28992515802383423,0.07663153111934662,0.16677959263324738,1.389115810394287,0.07663153111934662,0.02380334585905075,0.4358521103858948,0.27318304777145386,0.5182093381881714,0.7695797085762024,0.56855708360672,0.7651627063751221,0.16677959263324738,0.061237823218107224,0.005343099124729633,0.0026037986390292645,0.40727370977401733,0.023301556706428528,214.45492553710938,152.4536590576172,34.73339080810547,39.536380767822266,540.068603515625,0.03978520631790161,0.14908334612846375,0.713918924331665,2.3230059146881104,1.162000060081482,0.024313896894454956,0.029999924823641777,3.000000238418579,0.5,0.08000031858682632,0.33000147342681885,0.0,0.7671744227409363,0.753070056438446,0.8917036056518555,0.5426334142684937,0.5576440095901489,0.8672642707824707,0.44253069162368774,0.250929057598114,0.8192064762115479,0.5563160181045532,0.5,0.9792481660842896,0.976282000541687,1.0,1.0,1.0,0.024000000208616257,0.004000000189989805,0.020000001415610313,1.162,0.6143880243350635,1.4139110499934073,0.15428332981579945,0.5226691570883573,0.877256922786137,0.8747357923253867,0.24746277137805442,0.08914537432620324,0.12156948447227478,0.028430139645934105,176.40518415883915,0.7144613265991211,0.7571799755096436,0.8530492782592773,0.15486790239810944,0.6274877190589905,0.44283971190452576,0.6066604256629944,0.4745364785194397,0.976282000541687,0.9799999985843897,0.6554136601969218
pronking,0,action_space,0.0,3.0,0.0,0.5,0.0,0.07999999821186066,0.0,0.33000001311302185,1.0,0.03999999910593033,push_lateral_pace_recovery,push_lateral,1.5,pacing,1000,0.7717238664627075,0.7717238664627075,1.2451510429382324,0.2650182843208313,0.06436134874820709,0.14753179252147675,1.557352066040039,0.06436134874820709,0.01292654313147068,0.4395536780357361,0.2804500460624695,0.5396720170974731,0.7053173780441284,0.5273507833480835,0.6311885714530945,0.14753179252147675,0.048421334475278854,0.0036427699960768223,0.00156910321675241,0.41797447204589844,0.03152330964803696,220.88929748535156,155.326416015625,35.045536041259766,41.105743408203125,235.64418029785156,0.039509233087301254,0.1615000218153,0.7837255001068115,2.5840024948120117,1.1800000667572021,0.024903010576963425,0.029999924823641777,3.000000238418579,0.5,0.08000031858682632,0.33000147342681885,0.03856828808784485,0.7885112166404724,0.7859885692596436,0.9245649576187134,0.5635508298873901,0.5500025749206543,0.8915197253227234,0.4092816114425659,0.24833518266677856,0.8213793039321899,0.5540099143981934,0.5,0.9792482256889343,0.9716250896453857,0.47562140226364136,0.5238791704177856,1.0,0.024000000208616257,0.004999999888241291,0.01900000125169754,1.18,0.6641741219213453,1.4798082907805739,0.11369495649091335,0.5295753450288915,0.8398317557964383,0.794473770147948,0.22004848210173789,0.07219330448753009,0.12451505288481712,0.025484571233391762,177.39960042446762,0.7550745606422424,0.8044018745422363,0.9010112881660461,0.16269420087337494,0.5323435664176941,0.4334629476070404,0.5784181952476501,0.4459715485572815,0.9716250896453857,0.9809999987483025,0.6775179016284454
pronking,0,action_space,0.0,3.0,0.0,0.5,0.0,0.07999999821186066,1.0,0.3700000047683716,-1.0,-0.03999999910593033,push_lateral_pace_recovery,push_lateral,1.5,pacing,1000,0.7361389398574829,0.7361389398574829,1.2372775077819824,0.2775620222091675,0.06805900484323502,0.15500429272651672,1.2199355363845825,0.06805900484323502,0.012102494016289711,0.44383805990219116,0.2871384620666504,0.49213480949401855,0.4994717836380005,0.52379310131073,0.6199392080307007,0.15500429272651672,0.05081356316804886,0.008783742785453796,0.0013051882851868868,0.41236233711242676,0.028196781873703003,209.83010864257812,148.29542541503906,34.547080993652344,38.99536895751953,341.2120056152344,0.040545038878917694,0.15783335268497467,0.7130632400512695,2.357569694519043,1.1720001697540283,0.024745553731918335,0.029999924823641777,3.000000238418579,0.5,0.08000031858682632,0.36855947971343994,-0.03855980932712555,0.7902552485466003,0.775714635848999,0.8385676145553589,0.5492163896560669,0.5487209558486938,0.8796359300613403,0.4772503077983856,0.24976897239685059,0.8129927515983582,0.5510006546974182,0.5,0.9792481660842896,0.967375636100769,0.23285311460494995,0.3040933609008789,1.0,0.024000000208616257,0.0010000000474974513,0.023000001907348633,1.172,0.6084156752446406,1.418301072299985,0.11001133585358243,0.5358530228212307,0.706733177117079,0.787362183515757,0.22541863979726445,0.10044367113283287,0.12372776865959167,0.02627185545861721,169.59017465591216,0.7347957491874695,0.7864207625389099,0.8172758221626282,0.23177564144134521,0.5689654350280762,0.4383556544780731,0.6047776341438293,0.4542231261730194,0.967375636100769,0.9769999980926514,0.6758261792934858
pronking,0,action_space,0.0,3.0,0.0,0.5,0.0,0.07999999821186066,1.0,0.3700000047683716,0.0,0.0,push_lateral_pace_recovery,push_lateral,1.5,pacing,1000,0.7557550668716431,0.7557550668716431,1.232534646987915,0.2786600887775421,0.06962250173091888,0.16265609860420227,1.6551299095153809,0.06962250173091888,0.011638895608484745,0.4367739260196686,0.27325594425201416,0.4776802957057953,0.48039811849594116,0.5290961265563965,0.6661750078201294,0.16265609860420227,0.05730452761054039,0.005686978809535503,0.0013742372393608093,0.4211212396621704,0.02651870995759964,209.64266967773438,145.4239959716797,35.31577682495117,39.48652267456055,240.43040466308594,0.03922685980796814,0.1497499942779541,0.8574748039245605,2.9034767150878906,1.1720000505447388,0.024650689214468002,0.029999924823641777,3.000000238418579,0.5,0.08000031858682632,0.36866557598114014,0.0,0.7890804409980774,0.7661720514297485,0.8928807377815247,0.5583784580230713,0.5584958791732788,0.8756158351898193,0.3533288538455963,0.25227290391921997,0.8025314807891846,0.5497254133224487,0.5,0.9801128506660461,0.9730138778686523,0.4738151431083679,0.5180245637893677,1.0,0.023000001907348633,0.00800000037997961,0.015000000596046448,1.172,0.7316337299021438,1.5739660354122638,0.10788371336065859,0.5227388872582699,0.6931075807520367,0.8161954470714288,0.23938364106709628,0.0840310421742841,0.12325344607234001,0.026746178045868874,170.09069091084945,0.733002781867981,0.7675358653068542,0.8682945370674133,0.15138819813728333,0.588384747505188,0.4307435154914856,0.5382983684539795,0.47295740246772766,0.9730138778686523,0.9849999994039536,0.6621015866597493
pronking,0,action_space,0.0,3.0,0.0,0.5,0.0,0.07999999821186066,1.0,0.3700000047683716,1.0,0.03999999910593033,push_lateral_pace_recovery,push_lateral,1.5,pacing,1000,0.7269580960273743,0.7269580960273743,1.240050196647644,0.2717200517654419,0.06515645980834961,0.1490960419178009,1.6601104736328125,0.06515645980834961,0.010485947132110596,0.438951313495636,0.2792953848838806,0.507082998752594,0.5066679120063782,0.5137185454368591,0.6936741471290588,0.1490960419178009,0.04638171195983887,0.0039403075352311134,0.001154093537479639,0.41904711723327637,0.019982637837529182,213.61390686035156,150.84716796875,35.29383850097656,40.50798797607422,217.29774475097656,0.03982832655310631,0.14283332228660583,0.7764489650726318,2.615830898284912,1.186000108718872,0.02480100281536579,0.029999924823641777,3.000000238418579,0.5,0.08000031858682632,0.36860668659210205,0.038607072085142136,0.7808152437210083,0.778272271156311,0.9247814416885376,0.5698776245117188,0.5446982383728027,0.885988712310791,0.3636547923088074,0.2470582276582718,0.8181670308113098,0.5524417161941528,0.5,0.9801129102706909,0.9686838388442993,0.23178786039352417,0.3016752600669861,1.0,0.023000001907348633,0.006000000052154064,0.017000000923871994,1.186,0.6546787306993044,1.485123194436526,0.10240091372693212,0.5284840441147496,0.7118060915771782,0.8328710267076522,0.21536413805422402,0.0713750731888294,0.12400501407682896,0.02599461004137993,172.2623063468206,0.7442880272865295,0.8006780743598938,0.9031306505203247,0.15414994955062866,0.6705528497695923,0.43253403902053833,0.5761439204216003,0.48959994316101074,0.9686838388442993,0.982999999076128,0.6738550512072367
pronking,0,action_space,0.0,3.0,0.0,0.5,1.0,0.10999999940395355,-1.0,0.2900000214576721,-1.0,-0.03999999910593033,push_lateral_pace_recovery,push_lateral,1.5,pacing,1000,0.7090601921081543,0.7090601921081543,1.2454562187194824,0.2605099678039551,0.06716856360435486,0.1494540572166443,1.4953280687332153,0.06716856360435486,0.012183809652924538,0.44453537464141846,0.28550851345062256,0.5429970622062683,0.6373320817947388,0.5233966112136841,0.5939002633094788,0.1494540572166443,0.04653429985046387,0.007146237418055534,0.001283224206417799,0.4074053168296814,0.020820850506424904,228.75302124023438,163.80548095703125,35.150482177734375,40.42241668701172,279.1252746582031,0.041641540825366974,0.1523333340883255,0.8051192760467529,2.818179130554199,1.180999994277954,0.02490912191569805,0.029999924823641777,3.000000238418579,0.5,0.10893600434064865,0.2914188504219055,-0.038581013679504395,0.7959396839141846,0.778007447719574,0.8582876920700073,0.5463608503341675,0.5240516066551208,0.8861502408981323,0.398088276386261,0.25134986639022827,0.8066126108169556,0.552463173866272,0.8616968393325806,0.9792481660842896,0.9637177586555481,0.11865361034870148,0.19742700457572937,1.0,0.024000000208616257,0.005000000353902578,0.01900000125169754,1.181,0.6817267253982324,1.5447540230077899,0.11038029558270143,0.5343299668281974,0.7983308097491533,0.7706492479133933,0.21571810274166578,0.09181209955378067,0.12454560957849026,0.025454014539718628,183.6700622647556,0.7622644305229187,0.7998227477073669,0.8448558449745178,0.1756952553987503,0.6594052314758301,0.4427231550216675,0.5506993532180786,0.46688762307167053,0.9637177586555481,0.9809999987483025,0.6731796123278446
pronking,0,action_space,0.0,3.0,0.0,0.5,1.0,0.10999999940395355,-1.0,0.2900000214576721,0.0,0.0,push_lateral_pace_recovery,push_lateral,1.5,pacing,1000,0.7210135459899902,0.7210135459899902,1.2029955387115479,0.3012361228466034,0.07682612538337708,0.18628552556037903,1.579241394996643,0.07682612538337708,0.018577320501208305,0.43842458724975586,0.2714531421661377,0.5077506303787231,0.6161486506462097,0.5351252555847168,0.6986998319625854,0.18628552556037903,0.11377248913049698,0.00522151542827487,0.0028029833920300007,0.4046184718608856,0.025625433772802353,216.23101806640625,152.68994140625,35.624671936035156,41.617210388183594,744.142822265625,0.04266521707177162,0.15575002133846283,0.8593448400497437,2.9601144790649414,1.1760001182556152,0.02405991405248642,0.029999924823641777,3.000000238418579,0.5,0.1090100035071373,0.29132020473480225,0.0,0.7635791301727295,0.7444513440132141,0.8973995447158813,0.5513560175895691,0.5576847791671753,0.8621293306350708,0.37884679436683655,0.2470289170742035,0.81090247631073,0.5551302433013916,0.8626217842102051,0.9809775352478027,0.9700943231582642,0.23027607798576355,0.29559484124183655,1.0,0.02200000174343586,0.006000000052154064,0.01600000075995922,1.176,0.7307354155040923,1.586538357785564,0.13629864453180857,0.5210116526203015,0.7849513683319558,0.8358826663848136,0.3373017775383002,0.08957956697989151,0.1202995702624321,0.029700053855776787,179.74382373686737,0.6956053376197815,0.7067890763282776,0.8517263531684875,0.1421620398759842,0.5989910364151001,0.4451976418495178,0.5329775214195251,0.4589793086051941,0.9700943231582642,0.9839999992400408,0.6434655140798824
pronking,0,action_space,0.0,3.0,0.0,0.5,1.0,0.10999999940395355,-1.0,0.2900000214576721,1.0,0.03999999910593033,push_lateral_pace_recovery,push_lateral,1.5,pacing,1000,0.7109257578849792,0.7109257578849792,1.2383182048797607,0.2669231593608856,0.06615588068962097,0.14118526875972748,1.6526182889938354,0.06615588068962097,0.014587842859327793,0.4434658885002136,0.2845154404640198,0.6510445475578308,0.8029307126998901,0.5039705634117126,0.5481874942779541,0.14118526875972748,0.04105488210916519,0.003589838743209839,0.001862905453890562,0.424605131149292,0.029097655788064003,234.86253356933594,167.7989501953125,34.97840881347656,39.73124694824219,205.17373657226562,0.04130961745977402,0.13641667366027832,0.8442670106887817,2.991617202758789,1.1690001487731934,0.024766363203525543,0.029999924823641777,3.000000238418579,0.5,0.10892026871442795,0.2914399206638336,0.03856002539396286,0.7976558208465576,0.7866727113723755,0.9243804812431335,0.5561379194259644,0.4425511360168457,0.8875961303710938,0.3546396493911743,0.24735307693481445,0.7986823320388794,0.5424762964248657,0.8615002036094666,0.9792482256889343,0.9635125994682312,0.11894914507865906,0.20011702179908752,1.0,0.024000000208616257,0.003000000026077032,0.021000001579523087,1.169,0.7222129749986634,1.5997265558414973,0.12078014265320187,0.5333998879490132,0.8960640114968853,0.7403968491815414,0.20262004370043254,0.07384269901012828,0.12383181601762772,0.02616780810058117,189.66250568216495,0.7520203590393066,0.8192771673202515,0.8966811895370483,0.1430765986442566,0.5588058829307556,0.42775261402130127,0.5274077653884888,0.5055626034736633,0.9635125994682312,0.9789999984204769,0.6724871845963675
pronking,0,action_space,0.0,3.0,0.0,0.5,1.0,0.10999999940395355,0.0,0.33000001311302185,-1.0,-0.03999999910593033,push_lateral_pace_recovery,push_lateral,1.5,pacing,1000,0.7238075733184814,0.7238075733184814,1.2695963382720947,0.23887507617473602,0.05651756376028061,0.1410156786441803,1.6637448072433472,0.05651756376028061,0.009235160425305367,0.44641661643981934,0.2937966585159302,0.5146511793136597,0.5179688930511475,0.545028030872345,0.6789723038673401,0.1410156786441803,0.04130370914936066,0.007301240228116512,0.001068356679752469,0.41686147451400757,0.027141854166984558,226.58929443359375,163.04991149902344,35.06376647949219,40.77831268310547,413.4586181640625,0.04105198383331299,0.15175001323223114,0.7902919054031372,2.7714333534240723,1.1710000038146973,0.025391925126314163,0.029999924823641777,3.000000238418579,0.5,0.1089208573102951,0.33000147342681885,-0.03856081888079643,0.8066133260726929,0.7892928123474121,0.8589218854904175,0.5488394498825073,0.5301768779754639,0.8942166566848755,0.37290382385253906,0.2546239495277405,0.8039487600326538,0.5457322597503662,0.8615075945854187,0.9792482256889343,0.9673759937286377,0.2328367382287979,0.3039798140525818,1.0,0.024000000208616257,0.008999999612569809,0.015000000596046448,1.171,0.674886310945506,1.5384158746823287,0.09609974206679936,0.5420301269449238,0.7197005579066529,0.8239977571980036,0.20323313988953834,0.09148550108005629,0.12695962563157082,0.02303999848663807,178.4734939783924,0.7959290742874146,0.8196693658828735,0.8458679914474487,0.157481387257576,0.5810973048210144,0.4344289302825928,0.5533963441848755,0.4682513475418091,0.9673759937286377,0.9849999994039536,0.6775269493078575
pronking,0,action_space,0.0,3.0,0.0,0.5,1.0,0.10999999940395355,0.0,0.33000001311302185,0.0,0.0,push_lateral_pace_recovery,push_lateral,1.5,pacing,1000,0.7726666927337646,0.7726666927337646,1.2495598793029785,0.25705111026763916,0.058585312217473984,0.14828097820281982,1.4409854412078857,0.058585312217473984,0.008706423453986645,0.4411308467388153,0.2796243131160736,0.5446391701698303,0.649709939956665,0.4974183440208435,0.6055197715759277,0.14828097820281982,0.04715750366449356,0.005011872388422489,0.0010673573706299067,0.4179253578186035,0.02308879792690277,228.1092529296875,162.43765258789062,34.51048278808594,38.81896209716797,196.21165466308594,0.0414355993270874,0.15275001525878906,0.8853825330734253,3.1401889324188232,1.1700000762939453,0.024991197511553764,0.029999924823641777,3.000000238418579,0.5,0.10892026126384735,0.33000147342681885,0.0,0.7976599931716919,0.7818006277084351,0.9051848649978638,0.5649278163909912,0.5206884145736694,0.8839674592018127,0.4265745282173157,0.2529292106628418,0.8100140690803528,0.546363115310669,0.8614999055862427,0.9792481660842896,0.9716157913208008,0.4757722020149231,0.5249006748199463,1.0,0.024000000208616257,0.004999999888241291,0.01900000125169754,1.17,0.7567371335803953,1.63826804649732,0.09330821750514069,0.5287951523189992,0.8060458671543853,0.7781515093964206,0.21715778518048476,0.07796941553617287,0.12495598755776882,0.025043636560440063,182.5516781612178,0.7677423357963562,0.8026211261749268,0.8855161666870117,0.1988680213689804,0.6301634907722473,0.4335055351257324,0.5112070441246033,0.4659159183502197,0.9716157913208008,0.9809999987483025,0.6862940081419089
pronking,0,action_space,0.0,3.0,0.0,0.5,1.0,0.10999999940395355,0.0,0.33000001311302185,1.0,0.03999999910593033,push_lateral_pace_recovery,push_lateral,1.5,pacing,1000,0.7368614673614502,0.7368614673614502,1.2357910871505737,0.2704364061355591,0.058150142431259155,0.15071657299995422,1.5440853834152222,0.058150142431259155,0.008950093761086464,0.4306052625179291,0.26808273792266846,0.5259094834327698,0.6012481451034546,0.5038757920265198,0.6261276006698608,0.15071657299995422,0.045654404908418655,0.004497879650443792,0.0011108568869531155,0.4178456664085388,0.028850356116890907,222.4510955810547,156.75234985351562,35.227272033691406,39.80046081542969,203.25244140625,0.04144001007080078,0.13758333027362823,0.8934096097946167,3.177309036254883,1.1720000505447388,0.024715814739465714,0.029999924823641777,3.000000238418579,0.5,0.10896176099777222,0.33000147342681885,0.03861536458134651,0.79329913854599,0.7810136079788208,0.9237524271011353,0.5629950761795044,0.5359512567520142,0.886462390422821,0.41354334354400635,0.2515501379966736,0.8035905361175537,0.547858715057373,0.8620189428329468,0.9801128506660461,0.9687283635139465,0.23163765668869019,0.3004183769226074,1.0,0.023000001907348633,0.006000000052154064,0.017000000923871994,1.172,0.7622948343843323,1.64651582646535,0.09460493518356462,0.5177670691755787,0.7754019248773211,0.7912822509508607,0.21366891423044826,0.07489149843204439,0.12357907369732857,0.026420550420880318,180.00703993906566,0.7463628649711609,0.7967973947525024,0.8938880562782288,0.17851416766643524,0.5615766048431396,0.4335746467113495,0.5077563524246216,0.502622127532959,0.9687283635139465,0.982999999076128,0.6785686556727458
pronking,0,action_space,0.0,3.0,0.0,0.5,1.0,0.10999999940395355,1.0,0.3700000047683716,-1.0,-0.03999999910593033,push_lateral_pace_recovery,push_lateral,1.5,pacing,1000,0.7163184881210327,0.7163184881210327,1.2613853216171265,0.2586166262626648,0.06312517076730728,0.15398341417312622,1.3849879503250122,0.06312517076730728,0.008823984302580357,0.4511943757534027,0.3075631856918335,0.5657317638397217,0.6291496753692627,0.5234858989715576,0.5950335264205933,0.15398341417312622,0.04711403697729111,0.007291956804692745,0.0011432362953200936,0.4401606321334839,0.022552963346242905,234.6515655517578,167.46493530273438,34.58066177368164,38.20693588256836,217.18186950683594,0.04197085648775101,0.14899998903274536,0.8673052787780762,3.0220155715942383,1.1660001277923584,0.02522769197821617,0.029999924823641777,3.000000238418579,0.5,0.10884366929531097,0.3684576153755188,-0.038457922637462616,0.8035978078842163,0.7668173313140869,0.8561041355133057,0.5347781181335449,0.5092612504959106,0.8753170371055603,0.4393502473831177,0.25659245252609253,0.7973452806472778,0.5349955558776855,0.860542893409729,0.9775189161300659,0.9605726003646851,0.12107661366462708,0.2066952884197235,0.9998000264167786,0.026000000536441803,0.0020000000949949026,0.024000000208616257,1.166,0.7438295341478612,1.6099005266135837,0.09393606497283329,0.5545837950137323,0.7931895582830517,0.771384162671618,0.21705768122158475,0.09184330732292277,0.12613845989108086,0.02386116422712803,186.02687182924313,0.7652671933174133,0.7889053821563721,0.8447590470314026,0.20982788503170013,0.6369530558586121,0.4146496653556824,0.5231197476387024,0.4747343361377716,0.9605726003646851,0.9759999997913837,0.6786556742512263
pronking,0,action_space,0.0,3.0,0.0,0.5,1.0,0.10999999940395355,1.0,0.3700000047683716,0.0,0.0,push_lateral_pace_recovery,push_lateral,1.5,pacing,1000,0.7354539036750793,0.7354539036750793,1.2428227663040161,0.2704882025718689,0.06355632096529007,0.15987147390842438,1.4543445110321045,0.06355632096529007,0.009920476004481316,0.4365999400615692,0.2824363708496094,0.5222377777099609,0.5605396032333374,0.5302263498306274,0.6586071848869324,0.15987147390842438,0.055048540234565735,0.004889231640845537,0.001071559265255928,0.4300527572631836,0.01848657988011837,227.76210021972656,162.36903381347656,34.22618103027344,38.094383239746094,204.62545776367188,0.04259886592626572,0.1419166624546051,0.844202995300293,3.0548853874206543,1.1800000667572021,0.02485644444823265,0.029999924823641777,3.000000238418579,0.5,0.10889331996440887,0.3685237765312195,0.0,0.7892534732818604,0.7637648582458496,0.9050614833831787,0.5450538396835327,0.5291484594345093,0.8761237859725952,0.4257996082305908,0.25281351804733276,0.813379168510437,0.5397385954856873,0.8611633777618408,0.9792481660842896,0.9670106172561646,0.23356576263904572,0.30752032995224,1.0,0.024000000208616257,0.003000000026077032,0.021000001579523087,1.18,0.7154262736692267,1.6090014942178044,0.09960158635524494,0.531447429996241,0.7486919281208643,0.8115461692885577,0.234624253295702,0.07720615847263394,0.12428222224116325,0.02571740187704563,183.2619311416862,0.746279239654541,0.7744603157043457,0.8876162171363831,0.19152171909809113,0.6909197568893433,0.42311742901802063,0.5234982967376709,0.4918491244316101,0.9670106172561646,0.9789999984204769,0.6766335194309553
pronking,0,action_space,0.0,3.0,0.0,0.5,1.0,0.10999999940395355,1.0,0.3700000047683716,1.0,0.03999999910593033,push_lateral_pace_recovery,push_lateral,1.5,pacing,1000,0.7304000854492188,0.7304000854492188,1.2613338232040405,0.25740519165992737,0.0574241578578949,0.14379523694515228,1.340750813484192,0.0574241578578949,0.007316635921597481,0.4306178689002991,0.26554614305496216,0.5269956588745117,0.5569164156913757,0.5135095119476318,0.6153182983398438,0.14379523694515228,0.035977400839328766,0.0037878237199038267,0.0009332726476714015,0.43802863359451294,0.023491382598876953,229.53514099121094,163.18980407714844,35.69269561767578,40.06829833984375,206.80673217773438,0.04128037393093109,0.13341666758060455,0.9172176718711853,3.2534255981445312,1.184000015258789,0.025226682424545288,0.029999924823641777,3.000000238418579,0.5,0.10892010480165482,0.36855947971343994,0.03855980187654495,0.7972643375396729,0.7813687324523926,0.9296066761016846,0.5661507844924927,0.5249135494232178,0.8880261778831482,0.46376609802246094,0.2526623010635376,0.8051986694335938,0.5375499129295349,0.8614981770515442,0.9792481660842896,0.963512659072876,0.11895156651735306,0.20013335347175598,1.0,0.024000000208616257,0.007000000216066837,0.017000000923871994,1.184,0.7746770704114759,1.6576566038714837,0.08553733641865101,0.5153116950496681,0.7462683268713578,0.7844222704257215,0.18967709624340195,0.06871023480948983,0.12613341212272644,0.023866211995482445,181.9781066428122,0.7671831250190735,0.8132060766220093,0.9098987579345703,0.22603090107440948,0.6251099705696106,0.4164215326309204,0.5031050443649292,0.5132032632827759,0.963512659072876,0.982999999076128,0.6981296036870052
pronking,0,action_space,1.0,3.4000000953674316,0.0,0.5,-1.0,0.04999999701976776,-1.0,0.2900000214576721,-1.0,-0.03999999910593033,push_lateral_pace_recovery,push_lateral,1.5,pacing,1000,0.6932209730148315,0.6932209730148315,1.2209668159484863,0.28556886315345764,0.0584392249584198,0.17162162065505981,1.4726183414459229,0.0584392249584198,0.008467628620564938,0.399014413356781,0.23444850742816925,0.515379786491394,0.49751853942871094,0.5427130460739136,0.6035017967224121,0.17162162065505981,0.04911163076758385,0.00777833629399538,0.0010995399206876755,0.39208734035491943,0.028856918215751648,212.1697998046875,147.2523193359375,36.39139175415039,39.97880554199219,343.1954040527344,0.033938221633434296,0.14991667866706848,0.94828200340271,2.8464670181274414,1.317000150680542,0.02441931888461113,0.029999924823641777,3.3863525390625,0.5,0.051024243235588074,0.2913655638694763,-0.038634300231933594,0.7761335968971252,0.7293721437454224,0.8526432514190674,0.5051658153533936,0.5212153792381287,0.8592811226844788,0.39042437076568604,0.2875422239303589,0.8008233904838562,0.5659208297729492,0.1378035992383957,0.9801129102706909,0.9620506763458252,0.0633559599518776,0.14471587538719177,1.0,0.023000001907348633,0.009000000543892384,0.014000000432133675,1.317,0.7200318773134966,1.4701450713326125,0.09201971865075952,0.4841988304696421,0.7053499411134242,0.7768537807865854,0.22161144096725657,0.09422248253300831,0.12209659442305565,0.027903029695153236,173.77196254090424,0.7216620445251465,0.7448742985725403,0.8373128175735474,0.19359810650348663,0.5615028738975525,0.45649629831314087,0.5825549960136414,0.47256338596343994,0.9620506763458252,0.9859999995678663,0.6646096716897609
pronking,0,action_space,1.0,3.4000000953674316,0.0,0.5,-1.0,0.04999999701976776,-1.0,0.2900000214576721,0.0,0.0,push_lateral_pace_recovery,push_lateral,1.5,pacing,1000,0.7121468186378479,0.7121468186378479,1.2149066925048828,0.2941693663597107,0.06336061656475067,0.1763756275177002,1.4236884117126465,0.06336061656475067,0.012027939781546593,0.39035308361053467,0.22911697626113892,0.5581346750259399,0.5808342695236206,0.6004775762557983,0.7530530095100403,0.1763756275177002,0.06091935932636261,0.006253046449273825,0.0013372721150517464,0.3980937600135803,0.025806142017245293,203.66293334960938,141.82772827148438,35.631988525390625,39.329078674316406,409.2691345214844,0.03480985760688782,0.16083332896232605,0.8896279335021973,2.7409520149230957,1.3170000314712524,0.024298131465911865,0.029999924823641777,3.3862922191619873,0.5,0.051028717309236526,0.2913716435432434,0.0,0.7653347253799438,0.7240951061248779,0.893792986869812,0.4606021046638489,0.5035611987113953,0.8532911539077759,0.4319242537021637,0.2916908860206604,0.7990526556968689,0.5613689422607422,0.13785961270332336,0.9801128506660461,0.9650992155075073,0.11766214668750763,0.19421079754829407,1.0,0.023000001907348633,0.00800000037997961,0.015000000596046448,1.317,0.6754957704536826,1.442639502865915,0.1096719644282284,0.4786616511285805,0.7621248385426239,0.8677862694869286,0.24681847444298535,0.08712243433424924,0.12149065732955933,0.02850896678864956,167.63668733250543,0.7074117064476013,0.7326526045799255,0.8591546416282654,0.18933314085006714,0.5968300700187683,0.45104530453681946,0.5943409204483032,0.4474606513977051,0.9650992155075073,0.9849999994039536,0.6624683672801042
pronking,0,action_space,1.0,3.4000000953674316,0.0,0.5,-1.0,0.04999999701976776,-1.0,0.2900000214576721,1.0,0.03999999910593033,push_lateral_pace_recovery,push_lateral,1.5,pacing,1000,0.7065080404281616,0.7065080404281616,1.2307555675506592,0.2787246108055115,0.061150599271059036,0.1681247353553772,1.541586995124817,0.061150599271059036,0.01503642275929451,0.3781830668449402,0.21726593375205994,0.5739832520484924,0.6483954191207886,0.6114686727523804,0.7758972644805908,0.1681247353553772,0.0515546090900898,0.004252210725098848,0.0015290520386770368,0.3864603638648987,0.01919904351234436,203.93905639648438,147.5699462890625,33.722023010253906,37.436187744140625,348.5410461425781,0.03572908043861389,0.15191668272018433,0.6969304084777832,2.0965490341186523,1.3390001058578491,0.024615105241537094,0.029999924823641777,3.3860654830932617,0.5,0.0510457381606102,0.29139426350593567,0.03860561549663544,0.7792760133743286,0.7436680197715759,0.9202923774719238,0.45484215021133423,0.4884943962097168,0.8701292872428894,0.40659797191619873,0.28935515880584717,0.804513156414032,0.562955379486084,0.13807253539562225,0.9801129102706909,0.9612492918968201,0.06381294131278992,0.14662933349609375,1.0,0.023000001907348633,0.0020000000949949026,0.021000001579523087,1.339,0.5204857049191327,1.2513021830048412,0.12262309227586177,0.4661179397449319,0.8052300411191752,0.8808503076463053,0.22705640068073352,0.0760346155627546,0.12307552620768547,0.026924097910523415,165.7023228441256,0.7328973412513733,0.7537766098976135,0.8908089995384216,0.15845012664794922,0.6811444759368896,0.4616627097129822,0.6760830879211426,0.4678612947463989,0.9612492918968201,0.9789999984204769,0.665245258464263
pronking,0,action_space,1.0,3.4000000953674316,0.0,0.5,-1.0,0.04999999701976776,0.0,0.33000001311302185,-1.0,-0.03999999910593033,push_lateral_pace_recovery,push_lateral,1.5,pacing,1000,0.7080740332603455,0.7080740332603455,1.2038822174072266,0.31050217151641846,0.06441035866737366,0.1595611721277237,1.4640922546386719,0.06441035866737366,0.01226428896188736,0.3849647641181946,0.23049326241016388,0.5305315256118774,0.5806680917739868,0.5642646551132202,0.764362096786499,0.1595611721277237,0.04764232039451599,0.008273560553789139,0.0013909968547523022,0.39235779643058777,0.030419904738664627,202.84848022460938,147.08059692382812,33.84778594970703,36.52360153198242,195.98008728027344,0.03608715534210205,0.15074999630451202,0.7090137004852295,2.090634822845459,1.3230000734329224,0.024077631533145905,0.029999924823641777,3.3856115341186523,0.5,0.051079779863357544,0.33000147342681885,-0.03856026381254196,0.7635047435760498,0.7586435079574585,0.8503504991531372,0.5034684538841248,0.5116879343986511,0.8733371496200562,0.42572033405303955,0.2992251217365265,0.8038177490234375,0.5579181909561157,0.13849785923957825,0.9792481660842896,0.963512659072876,0.11894682049751282,0.20010146498680115,1.0,0.02500000037252903,0.003000000026077032,0.02200000174343586,1.323,0.5359135841836735,1.2570691313233038,0.11074425024301424,0.4800971385148675,0.762015808086674,0.8742780431799136,0.21827120834987832,0.09830848085766274,0.12038815766572952,0.029611466452479362,168.49528740567285,0.6800109148025513,0.7752283215522766,0.8242419958114624,0.18097832798957825,0.5442219972610474,0.4562494456768036,0.6736425161361694,0.4705985188484192,0.963512659072876,0.9779999982565641,0.6542518451236763
pronking,0,action_space,1.0,3.4000000953674316,0.0,0.5,-1.0,0.04999999701976776,0.0,0.33000001311302185,0.0,0.0,push_lateral_pace_recovery,push_lateral,1.5,pacing,1000,0.7392652034759521,0.7392652034759521,1.1861448287963867,0.31998884677886963,0.06561985611915588,0.1811566948890686,1.2320940494537354,0.06561985611915588,0.01178007759153843,0.38315457105636597,0.21796751022338867,0.5293056964874268,0.5534218549728394,0.6277053356170654,0.9438676834106445,0.1811566948890686,0.06275781989097595,0.006471350323408842,0.0013984597753733397,0.3896455764770508,0.028604071587324142,199.22251892089844,140.16763305664062,34.716129302978516,38.21917724609375,191.21421813964844,0.035866186022758484,0.14258334040641785,0.7687888145446777,2.2542967796325684,1.3020000457763672,0.02372289076447487,0.029999924823641777,3.3852663040161133,0.5,0.05110567435622215,0.33000147342681885,0.0,0.7460047006607056,0.7239195108413696,0.8945863842964172,0.47918254137039185,0.5262233018875122,0.8558709025382996,0.4977726638317108,0.29276829957962036,0.8100631237030029,0.564401388168335,0.13882163166999817,0.9792481660842896,0.9670114517211914,0.2335396260023117,0.30733412504196167,1.0,0.024000000208616257,0.003000000026077032,0.021000001579523087,1.302,0.5904675086705549,1.3158307728503154,0.10853606585618639,0.4668699071726391,0.7439232856772527,0.9715285293858562,0.25051510910716734,0.08871195014642719,0.11861445382237434,0.03138517029583454,167.95800486105472,0.6639347076416016,0.7202351689338684,0.8543654680252075,0.2304559350013733,0.5643495321273804,0.4587310552597046,0.6486560702323914,0.4902122914791107,0.9670114517211914,0.9789999984204769,0.6621948761435655
pronking,0,action_space,1.0,3.4000000953674316,0.0,0.5,-1.0,0.04999999701976776,0.0,0.33000001311302185,1.0,0.03999999910593033,push_lateral_pace_recovery,push_lateral,1.5,pacing,1000,0.706262469291687,0.706262469291687,1.2192484140396118,0.29403918981552124,0.05642528086900711,0.16917166113853455,1.620675802230835,0.05642528086900711,0.008508104830980301,0.38181599974632263,0.22011354565620422,0.525733470916748,0.5218262076377869,0.609611988067627,0.7931906580924988,0.16917166113853455,0.05422450229525566,0.004730925429612398,0.0009456533007323742,0.3974248468875885,0.023814164102077484,201.49351501464844,141.740234375,35.516395568847656,38.73700714111328,189.53529357910156,0.03521542623639107,0.1471666693687439,0.8260269165039062,2.496889591217041,1.308000087738037,0.024384964257478714,0.029999924823641777,3.3868095874786377,0.5,0.050989940762519836,0.33000147342681885,0.038680024445056915,0.7753852605819702,0.7366390228271484,0.9210045337677002,0.45863860845565796,0.5244025588035583,0.8613907098770142,0.36716192960739136,0.2978708744049072,0.8047366142272949,0.5593792796134949,0.13737498223781586,0.9809775352478027,0.966553270816803,0.11659668385982513,0.19100159406661987,1.0,0.021000001579523087,0.006000000052154064,0.015000000596046448,1.308,0.6315190026519495,1.3816427420958444,0.09223938871751211,0.4691626004448822,0.722375392464186,0.8906125184907849,0.23286155177541795,0.07534307353927613,0.12192482128739357,0.028074802830815315,165.2604282232039,0.7076283693313599,0.7511194944381714,0.8926759958267212,0.16682033240795135,0.6210874915122986,0.45164912939071655,0.6204972267150879,0.47910603880882263,0.966553270816803,0.9849999994039536,0.6642798682053884
pronking,0,action_space,1.0,3.4000000953674316,0.0,0.5,-1.0,0.04999999701976776,1.0,0.3700000047683716,-1.0,-0.03999999910593033,push_lateral_pace_recovery,push_lateral,1.5,pacing,1000,0.714023768901825,0.714023768901825,1.211878776550293,0.3051155209541321,0.06054387986660004,0.16544616222381592,1.1808574199676514,0.06054387986660004,0.009153551422059536,0.3962925672531128,0.2353237122297287,0.5204184651374817,0.5779260396957397,0.6080268621444702,0.8520095348358154,0.16544616222381592,0.055785782635211945,0.008351600728929043,0.0013638567179441452,0.4067344665527344,0.03676654398441315,215.0750732421875,148.3766632080078,36.64031219482422,40.34452819824219,215.1062469482422,0.034924499690532684,0.13850000500679016,0.967792272567749,2.8780364990234375,1.3250000476837158,0.024237578734755516,0.029999924823641777,3.3850090503692627,0.5,0.05112496018409729,0.368499755859375,-0.03850002586841583,0.7601012587547302,0.7572553157806396,0.856042742729187,0.5047942996025085,0.5357028245925903,0.8708242177963257,0.5041545629501343,0.3023545742034912,0.8087449073791504,0.5544350147247314,0.1390623301267624,0.9783835411071777,0.9583152532577515,0.06556843966245651,0.15479135513305664,1.0,0.02500000037252903,0.006000000052154064,0.01900000125169754,1.325,0.7304092349646226,1.4738055305043753,0.09567419412809045,0.4851017545110806,0.7602144695385242,0.9230436256406386,0.23619014085099307,0.09856702007706832,0.12118789367377758,0.028811730444431305,177.47243156977746,0.6890910267829895,0.7605417370796204,0.8234032988548279,0.2556544840335846,0.4793468117713928,0.44331756234169006,0.5809876918792725,0.5003237128257751,0.9583152532577515,0.9809999987483025,0.6731728544602027
pronking,0,action_space,1.0,3.4000000953674316,0.0,0.5,-1.0,0.04999999701976776,1.0,0.3700000047683716,0.0,0.0,push_lateral_pace_recovery,push_lateral,1.5,pacing,1000,0.7231543064117432,0.7231543064117432,1.1991747617721558,0.31091737747192383,0.06715989112854004,0.18696671724319458,1.2682130336761475,0.06715989112854004,0.013197292573750019,0.38407444953918457,0.22450238466262817,0.5314019918441772,0.6479148864746094,0.6154803037643433,0.8904412984848022,0.18696671724319458,0.08180581033229828,0.006482277996838093,0.0015403185971081257,0.39813339710235596,0.03837753087282181,204.63143920898438,144.8822021484375,35.09880828857422,38.71392059326172,196.29611206054688,0.03649873286485672,0.14900001883506775,0.8814801573753357,2.7101707458496094,1.308000087738037,0.023983489722013474,0.029999924823641777,3.3856358528137207,0.5,0.0510779470205307,0.36856234073638916,0.0,0.7511916160583496,0.7359814643859863,0.8933836817741394,0.48731452226638794,0.5422004461288452,0.855772852897644,0.49881091713905334,0.3000689744949341,0.8125059604644775,0.560198962688446,0.13847479224205017,0.9792482256889343,0.9635162353515625,0.1189190149307251,0.19987350702285767,1.0,0.024000000208616257,0.00800000037997961,0.01600000075995922,1.308,0.6739144514824637,1.439442852779905,0.11487946976614237,0.47381682606533526,0.8049316036003366,0.9436319719492352,0.2860171504163663,0.08956894882684634,0.11991744861006737,0.030082175508141518,170.64355065860244,0.6793094873428345,0.7049943208694458,0.8517587780952454,0.21606869995594025,0.4641485810279846,0.4510095417499542,0.5957114100456238,0.47473424673080444,0.9635162353515625,0.9839999992400408,0.6596983909033811
pronking,0,action_space,1.0,3.4000000953674316,0.0,0.5,-1.0,0.04999999701976776,1.0,0.3700000047683716,1.0,0.03999999910593033,push_lateral_pace_recovery,push_lateral,1.5,pacing,1000,0.7194812297821045,0.7194812297821045,1.227977991104126,0.28906822204589844,0.061624906957149506,0.1713627278804779,1.3471417427062988,0.061624906957149506,0.012859467417001724,0.3740764260292053,0.21956181526184082,0.5320273637771606,0.5910083055496216,0.5919375419616699,0.7150914072990417,0.1713627278804779,0.06780092418193817,0.0038809734396636486,0.001456109806895256,0.3941923975944519,0.025646328926086426,201.3480224609375,146.6920166015625,33.54838943481445,36.78827667236328,300.693603515625,0.03652564808726311,0.1485000103712082,0.7046818733215332,2.13055419921875,1.314000129699707,0.02455955743789673,0.029999924823641777,3.386003255844116,0.5,0.05105040967464447,0.368598997592926,0.038599416613578796,0.7725316286087036,0.740129828453064,0.9237226843833923,0.4700508117675781,0.5279786586761475,0.8632864952087402,0.48520416021347046,0.29883909225463867,0.8155437707901001,0.5585630536079407,0.13813069462776184,0.9801128506660461,0.961381196975708,0.06378231942653656,0.148264080286026,1.0,0.023000001907348633,0.0020000000949949026,0.021000001579523087,1.314,0.5362875370855926,1.2733523257202393,0.11339959178498715,0.46857423666036185,0.7687706456087027,0.8456307748060271,0.2603861059694587,0.07305534372350118,0.12279778718948364,0.027201836928725243,163.96712638139152,0.7158806920051575,0.7455360293388367,0.898757815361023,0.20102396607398987,0.5987407565116882,0.4545784294605255,0.6667390465736389,0.4759225845336914,0.961381196975708,0.9789999984204769,0.6732194570776744
pronking,0,action_space,1.0,3.4000000953674316,0.0,0.5,0.0,0.07999999821186066,-1.0,0.2900000214576721,-1.0,-0.03999999910593033,push_lateral_pace_recovery,push_lateral,1.5,pacing,1000,0.7107542753219604,0.7107542753219604,1.2400591373443604,0.27751868963241577,0.05875221639871597,0.1734103411436081,1.4169511795043945,0.05875221639871597,0.00977195706218481,0.3972628116607666,0.24138019979000092,0.5740830898284912,0.6642659306526184,0.5447437167167664,0.6320570111274719,0.1734103411436081,0.06089702993631363,0.007709323428571224,0.0016203843988478184,0.41326361894607544,0.028409816324710846,230.3796844482422,165.84706115722656,35.52960968017578,38.53044891357422,388.7882385253906,0.037030331790447235,0.140500009059906,0.9351211190223694,3.0451693534851074,1.319000005722046,0.024801183491945267,0.029999924823641777,3.3850836753845215,0.5,0.08000031858682632,0.29149243235588074,-0.03850744664669037,0.7800693511962891,0.735841691493988,0.8488894701004028,0.5018682479858398,0.47381845116615295,0.8590030670166016,0.4406677484512329,0.2938709259033203,0.7951322793960571,0.5450343489646912,0.5,0.9783835411071777,0.9620201587677002,0.12003666162490845,0.20373836159706116,0.9996000528335571,0.02500000037252903,0.004999999888241291,0.020000001415610313,1.319,0.708962163570887,1.5194391620884964,0.09885320967062633,0.4913045896284716,0.8150251104429963,0.7950201325296561,0.24677323585898375,0.09659041270964237,0.12400591745972633,0.02599370665848255,185.78120793626837,0.7348664402961731,0.7402913570404053,0.8297803997993469,0.19941039383411407,0.5665463805198669,0.43756622076034546,0.5614829659461975,0.4953453838825226,0.9620201587677002,0.9799999985843897,0.6642878025961229
pronking,0,action_space,1.0,3.4000000953674316,0.0,0.5,0.0,0.07999999821186066,-1.0,0.2900000214576721,0.0,0.0,push_lateral_pace_recovery,push_lateral,1.5,pacing,1000,0.7397973537445068,0.7397973537445068,1.2266823053359985,0.2834136486053467,0.0552583709359169,0.16895239055156708,1.2797433137893677,0.0552583709359169,0.008615374565124512,0.38471806049346924,0.23199722170829773,0.5330268144607544,0.5227928161621094,0.6123369932174683,0.7743428349494934,0.16895239055156708,0.05350823700428009,0.0056264037266373634,0.001321612624451518,0.40637779235839844,0.022435516119003296,209.36700439453125,146.17152404785156,35.82798385620117,39.26226806640625,311.6854553222656,0.03685631603002548,0.15325000882148743,0.9317945837974548,3.0462231636047363,1.3040001392364502,0.024533644318580627,0.029999924823641777,3.385608673095703,0.5,0.08000031858682632,0.29144003987312317,0.0,0.7824150323867798,0.7401974201202393,0.8953986763954163,0.4606384038925171,0.48164236545562744,0.8658866882324219,0.4723885655403137,0.29866823554039,0.8014758825302124,0.5508973598480225,0.5,0.9792482256889343,0.9673757553100586,0.23284968733787537,0.3040703535079956,1.0,0.024000000208616257,0.007000000216066837,0.017000000923871994,1.304,0.7145663770429928,1.5284177091551034,0.09281904203946792,0.4816608990859625,0.7230441315453084,0.8799675192582357,0.2313184752765764,0.08335476201806878,0.12266822159290314,0.027331402525305748,170.67744719541207,0.7252106070518494,0.751676619052887,0.8702625632286072,0.2340897172689438,0.6384510397911072,0.44363391399383545,0.5576547980308533,0.4647526144981384,0.9673757553100586,0.982999999076128,0.6802609091003735
pronking,0,action_space,1.0,3.4000000953674316,0.0,0.5,0.0,0.07999999821186066,-1.0,0.2900000214576721,1.0,0.03999999910593033,push_lateral_pace_recovery,push_lateral,1.5,pacing,1000,0.7155436277389526,0.7155436277389526,1.2251237630844116,0.28349512815475464,0.05574983358383179,0.17088955640792847,1.5221900939941406,0.05574983358383179,0.00881569366902113,0.3891465961933136,0.2323181927204132,0.5524480938911438,0.5761352181434631,0.6058312654495239,0.6783709526062012,0.17088955640792847,0.05009753257036209,0.00334886834025383,0.001094721257686615,0.39685285091400146,0.027472397312521935,215.219970703125,152.64395141601562,35.25334167480469,37.805137634277344,223.50997924804688,0.036798566579818726,0.14125001430511475,0.9028171300888062,2.930027484893799,1.318000078201294,0.024502474814653397,0.029999924823641777,3.385727882385254,0.5,0.08000031858682632,0.29142799973487854,0.03857194259762764,0.7767682075500488,0.729337215423584,0.9325421452522278,0.4408353269100189,0.5025284886360168,0.86211758852005,0.40933018922805786,0.29558369517326355,0.8084908723831177,0.5577306747436523,0.5,0.9792482256889343,0.9635884761810303,0.11879633367061615,0.19836919009685516,1.0,0.024000000208616257,0.004999999888241291,0.01900000125169754,1.318,0.6849901954755074,1.4910016756447384,0.09389192547296668,0.481993975813405,0.7590357159867137,0.8236327777633677,0.22382478095680577,0.06666025500956657,0.12251237407326698,0.027487250044941902,175.6720236666377,0.7250766158103943,0.7467443346977234,0.914962887763977,0.1829570233821869,0.5772684216499329,0.4521660804748535,0.5736295580863953,0.4934912919998169,0.9635884761810303,0.9809999987483025,0.6731875985860825
pronking,0,action_space,1.0,3.4000000953674316,0.0,0.5,0.0,0.07999999821186066,0.0,0.33000001311302185,-1.0,-0.03999999910593033,push_lateral_pace_recovery,push_lateral,1.5,pacing,1000,0.7434728741645813,0.7434728741645813,1.2267999649047852,0.287227064371109,0.05657784640789032,0.16005626320838928,1.2442059516906738,0.05657784640789032,0.00987012218683958,0.39154547452926636,0.2328290045261383,0.5041281580924988,0.49504828453063965,0.5800082683563232,0.8028082251548767,0.16005626320838928,0.05069279670715332,0.007462863810360432,0.0011526376474648714,0.40194976329803467,0.030414743348956108,228.2298583984375,165.54183959960938,35.304115295410156,38.58221435546875,203.7535858154297,0.036549024283885956,0.1393333375453949,0.8383501768112183,2.6394712924957275,1.319000005722046,0.024535994976758957,0.029999924823641777,3.3855936527252197,0.5,0.08000031858682632,0.33000147342681885,-0.0385584682226181,0.7783777117729187,0.7609541416168213,0.862608790397644,0.4946487843990326,0.5141189694404602,0.8753832578659058,0.5130894780158997,0.30327239632606506,0.8048716187477112,0.5488314628601074,0.5,0.9792482256889343,0.9673749208450317,0.23287492990493774,0.30425044894218445,1.0,0.024000000208616257,0.003000000026077032,0.021000001579523087,1.319,0.6355952218773692,1.4146078551782313,0.09934848859866757,0.4825235792436866,0.7035966774584994,0.8959956613482437,0.22515060894244396,0.09281972558581125,0.12267997488379478,0.0273196492344141,186.0367337197886,0.7189254760742188,0.7740025520324707,0.8417181968688965,0.23654697835445404,0.5442781448364258,0.4475802183151245,0.6063615679740906,0.4982433319091797,0.9673749208450317,0.9789999984204769,0.6774404520789782
pronking,0,action_space,1.0,3.4000000953674316,0.0,0.5,0.0,0.07999999821186066,0.0,0.33000001311302185,0.0,0.0,push_lateral_pace_recovery,push_lateral,1.5,pacing,1000,0.7614253759384155,0.7614253759384155,1.2334306240081787,0.2857722043991089,0.06383401900529861,0.16497831046581268,1.5371296405792236,0.06383401900529861,0.015934240072965622,0.3770570158958435,0.2246694564819336,0.6007649898529053,0.8770787715911865,0.5866207480430603,0.7728451490402222,0.16497831046581268,0.05482195317745209,0.006064324639737606,0.003540182951837778,0.40710511803627014,0.03935626894235611,217.949951171875,160.1528778076172,33.79512405395508,37.335609436035156,478.6235656738281,0.03878016769886017,0.14100000262260437,0.7378438711166382,2.3248963356018066,1.3040001392364502,0.0246686190366745,0.029999924823641777,3.38667893409729,0.5,0.08000031858682632,0.33000147342681885,0.0,0.7788435220718384,0.7516900897026062,0.892080545425415,0.4759202003479004,0.49223700165748596,0.8669836521148682,0.39721396565437317,0.3046724796295166,0.7991353869438171,0.5453245639801025,0.5,0.9809775352478027,0.9739553332328796,0.4738079905509949,0.5201117992401123,1.0,0.02200000174343586,0.004000000189989805,0.018000001087784767,1.304,0.5658311902379697,1.3352512459272552,0.12623089983425462,0.4739930975045244,0.9365248376798058,0.8791161180641737,0.23414088318243803,0.09800258971871807,0.1233430951833725,0.026656528934836388,176.7022375880541,0.7213267683982849,0.7617183327674866,0.8252324461936951,0.156325563788414,0.4551513195037842,0.4429890513420105,0.6403604745864868,0.49410855770111084,0.9739553332328796,0.9819999989122152,0.653752552297635
pronking,0,action_space,1.0,3.4000000953674316,0.0,0.5,0.0,0.07999999821186066,0.0,0.33000001311302185,1.0,0.03999999910593033,push_lateral_pace_recovery,push_lateral,1.5,pacing,1000,0.7270534038543701,0.7270534038543701,1.2179102897644043,0.2946627140045166,0.06363852322101593,0.17164386808872223,1.5706839561462402,0.06363852322101593,0.01031277235597372,0.38404303789138794,0.22397109866142273,0.5311926603317261,0.5358086824417114,0.6261464357376099,0.8050743341445923,0.17164386808872223,0.04922778904438019,0.004933467134833336,0.001103924005292356,0.40707266330718994,0.02587512880563736,211.33270263671875,147.60598754882812,35.596214294433594,39.126983642578125,200.35289001464844,0.037576280534267426,0.14691665768623352,0.9933689832687378,3.304857015609741,1.3170000314712524,0.02435820735991001,0.029999924823641777,3.3852310180664062,0.5,0.08000031858682632,0.33000147342681885,0.03852223604917526,0.7690715193748474,0.7324212789535522,0.9201797246932983,0.45918360352516174,0.5109734535217285,0.8624935150146484,0.3912526071071625,0.29690948128700256,0.8124808073043823,0.5520128011703491,0.5,0.9783835411071777,0.9661557674407959,0.23372942209243774,0.3055989742279053,1.0,0.02500000037252903,0.009000000543892384,0.01600000075995922,1.317,0.7542664362068148,1.5841031019175316,0.10155182103721096,0.47325584905146467,0.7319895371121854,0.8972593460892967,0.2218733626291813,0.07770065083463389,0.12179103679955006,0.02820858731865883,173.5207464891355,0.7065901756286621,0.7448174357414246,0.8862574100494385,0.1691550761461258,0.5960071682929993,0.4430178105831146,0.5340073704719543,0.4797053337097168,0.9661557674407959,0.9839999992400408,0.6623216730852921
pronking,0,action_space,1.0,3.4000000953674316,0.0,0.5,0.0,0.07999999821186066,1.0,0.3700000047683716,-1.0,-0.03999999910593033,push_lateral_pace_recovery,push_lateral,1.5,pacing,1000,0.7066270709037781,0.7066270709037781,1.2520639896392822,0.2763650417327881,0.06479895114898682,0.16953828930854797,1.559386968612671,0.06479895114898682,0.014592019841074944,0.3995451331138611,0.2440328299999237,0.49476850032806396,0.5035664439201355,0.5512616038322449,0.724104642868042,0.16953828930854797,0.06732523441314697,0.006884859874844551,0.0011757102329283953,0.4087611734867096,0.027759965509176254,227.88742065429688,160.34243774414062,36.07402801513672,39.215858459472656,208.51023864746094,0.037185583263635635,0.140583336353302,1.1044974327087402,3.656309127807617,1.308000087738037,0.02504129335284233,0.029999924823641777,3.3856539726257324,0.5,0.08000031858682632,0.36856406927108765,-0.038564521819353104,0.779702365398407,0.7578718066215515,0.8701034784317017,0.5299441814422607,0.535857081413269,0.8734748363494873,0.39275771379470825,0.30540311336517334,0.8135496377944946,0.5479580163955688,0.5,0.9792482256889343,0.9635174870491028,0.11889909207820892,0.19972577691078186,1.0,0.024000000208616257,0.004999999888241291,0.01900000125169754,1.308,0.8444170004001815,1.671928029218446,0.12079743308975958,0.4939967914874789,0.7096241568042448,0.8509433840556269,0.25947106662043645,0.08978067780860727,0.12520646676421165,0.02479315735399723,182.00940410397948,0.736747145652771,0.750187337398529,0.8511121273040771,0.15704429149627686,0.5739578604698181,0.4415242373943329,0.4971637427806854,0.4951390326023102,0.9635174870491028,0.9809999987483025,0.6586973116948054
pronking,0,action_space,1.0,3.4000000953674316,0.0,0.5,0.0,0.07999999821186066,1.0,0.3700000047683716,0.0,0.0,push_lateral_pace_recovery,push_lateral,1.5,pacing,1000,0.7356489300727844,0.7356489300727844,1.270294189453125,0.24994337558746338,0.055811524391174316,0.14685489237308502,1.5096430778503418,0.055811524391174316,0.009039508178830147,0.3835436701774597,0.22927656769752502,0.5319129228591919,0.571194052696228,0.5437263250350952,0.592246413230896,0.14685489237308502,0.04848572984337807,0.003992565907537937,0.0010497827315703034,0.4098430275917053,0.02720174938440323,216.72744750976562,153.65797424316406,35.99437713623047,38.943599700927734,201.93031311035156,0.03665729984641075,0.14625000953674316,0.9347996711730957,3.0609488487243652,1.3070001602172852,0.02540588565170765,0.029999924823641777,3.3856074810028076,0.5,0.08000031858682632,0.36855965852737427,0.0,0.8033345937728882,0.7840147018432617,0.9163839817047119,0.5051149129867554,0.5050375461578369,0.8902865052223206,0.4023492932319641,0.3067798614501953,0.8138492107391357,0.5469035506248474,0.5,0.9792482256889343,0.9673757553100586,0.23285186290740967,0.30408504605293274,1.0,0.024000000208616257,0.007000000216066837,0.017000000923871994,1.307,0.7152253714972264,1.5303481184966847,0.09507632817284303,0.4788283280023489,0.7557738105387273,0.7695754759806838,0.22019475435027527,0.07100949682337032,0.12702942825853825,0.02297019585967064,170.612012012012,0.778889000415802,0.8060063719749451,0.9040713906288147,0.18443959951400757,0.580401599407196,0.4405699372291565,0.5568321943283081,0.4813069701194763,0.9673757553100586,0.982999999076128,0.6885253743101389
pronking,0,action_space,1.0,3.4000000953674316,0.0,0.5,0.0,0.07999999821186066,1.0,0.3700000047683716,1.0,0.03999999910593033,push_lateral_pace_recovery,push_lateral,1.5,pacing,1000,0.7312088012695312,0.7312088012695312,1.2484766244888306,0.2742522954940796,0.058549486100673676,0.1492045670747757,1.2966322898864746,0.058549486100673676,0.008341934531927109,0.3828967809677124,0.23050476610660553,0.5694350004196167,0.5943745970726013,0.5888853073120117,0.7261162400245667,0.1492045670747757,0.03877817094326019,0.004381163045763969,0.001128651201725006,0.4114333391189575,0.02828790619969368,223.70413208007812,164.2891082763672,34.13174819946289,37.05912780761719,234.8212432861328,0.037641625851392746,0.14016667008399963,0.8012202382087708,2.5887484550476074,1.319000005722046,0.024969540536403656,0.029999924823641777,3.3850221633911133,0.5,0.08000031858682632,0.3685009479522705,0.03850135952234268,0.7891335487365723,0.7684968709945679,0.9222855567932129,0.47210657596588135,0.5003775954246521,0.8821437954902649,0.48183882236480713,0.29903241991996765,0.8071622848510742,0.5468101501464844,0.5,0.9783835411071777,0.9619935750961304,0.12011079490184784,0.2045634686946869,1.0,0.02500000037252903,0.003000000026077032,0.02200000174343586,1.319,0.6074451970005686,1.4009495444651907,0.09133419147245521,0.48010911895797764,0.7709569359390973,0.8521245449020739,0.19692173811760902,0.07422812302280703,0.12484770268201828,0.025151921436190605,179.18167444398114,0.740183413028717,0.8004189133644104,0.8956583142280579,0.23143158853054047,0.5679294466972351,0.4391708970069885,0.6122192144393921,0.49617165327072144,0.9619935750961304,0.9779999982565641,0.6907771500066304
pronking,0,action_space,1.0,3.4000000953674316,0.0,0.5,1.0,0.10999999940395355,-1.0,0.2900000214576721,-1.0,-0.03999999910593033,push_lateral_pace_recovery,push_lateral,1.5,pacing,1000,0.7098623514175415,0.7098623514175415,1.208693027496338,0.30966734886169434,0.07111215591430664,0.18883518874645233,1.1527578830718994,0.07111215591430664,0.02157076820731163,0.3932974934577942,0.23700296878814697,0.6980549097061157,1.3072494268417358,0.6070324182510376,0.7926925420761108,0.18883518874645233,0.12244059145450592,0.00827985443174839,0.006224445067346096,0.4409661293029785,0.03471388667821884,261.7386169433594,187.8515625,35.139591217041016,38.566497802734375,200.06065368652344,0.04341611638665199,0.14083334803581238,1.1164331436157227,3.873854160308838,1.2650001049041748,0.024173865094780922,0.029999924823641777,3.385525941848755,0.5,0.10891404002904892,0.291448175907135,-0.038551732897758484,0.7560389041900635,0.7531676888465881,0.8368372321128845,0.4849173128604889,0.44832730293273926,0.8638057708740234,0.5018665790557861,0.30895572900772095,0.7993979454040527,0.5282260179519653,0.8614223599433899,0.9792482256889343,0.9598948359489441,0.06464904546737671,0.15156781673431396,0.9998000264167786,0.024000000208616257,0.008999999612569809,0.015000000596046448,1.265,0.8825558145998024,1.7499528530669093,0.14686990231940522,0.48682950689964033,1.143350089360969,0.8903328265744843,0.3499151203570745,0.1204337971629828,0.12086932547390461,0.029130298644304276,216.5468079893862,0.681420624256134,0.7000613808631897,0.7481992244720459,0.20511731505393982,0.49943503737449646,0.41398221254348755,0.46506237983703613,0.4945204555988312,0.9598948359489441,0.9849999994039536,0.6395098146719811
pronking,0,action_space,1.0,3.4000000953674316,0.0,0.5,1.0,0.10999999940395355,-1.0,0.2900000214576721,0.0,0.0,push_lateral_pace_recovery,push_lateral,1.5,pacing,1000,0.709287703037262,0.709287703037262,1.2110958099365234,0.3001520037651062,0.06987155228853226,0.18056614696979523,1.4850449562072754,0.06987155228853226,0.022831324487924576,0.37843582034111023,0.22066494822502136,0.5706976652145386,0.7947942018508911,0.6161156296730042,0.8194617033004761,0.18056614696979523,0.06237228214740753,0.005481253378093243,0.0022357646375894547,0.40043705701828003,0.02659016102552414,225.5665283203125,164.65548706054688,34.315582275390625,38.12908172607422,205.22715759277344,0.03988943248987198,0.15266668796539307,0.8261526226997375,2.72776460647583,1.3250000476837158,0.02422192320227623,0.029999924823641777,3.386451244354248,0.5,0.10898341238498688,0.29135555028915405,0.0,0.7608842849731445,0.7216547727584839,0.9009758234024048,0.4604623317718506,0.5051447153091431,0.8529001474380493,0.41283202171325684,0.30400457978248596,0.8043365478515625,0.5451447367668152,0.8622897863388062,0.9809775352478027,0.9660289287567139,0.11718010902404785,0.1946338713169098,1.0,0.02200000174343586,0.003000000026077032,0.01900000125169754,1.325,0.6235113870872642,1.4348136173212436,0.1511003788477202,0.4697498783661592,0.8915123116653472,0.9052412403887021,0.24974443366651344,0.08784655949826776,0.12110961601138115,0.028890008106827736,186.2499452724017,0.6974217891693115,0.7217753529548645,0.8569802641868591,0.14346395432949066,0.5875445008277893,0.4489363729953766,0.5976963043212891,0.46611008048057556,0.9660289287567139,0.9809999987483025,0.6462062581991538
pronking,0,action_space,1.0,3.4000000953674316,0.0,0.5,1.0,0.10999999940395355,-1.0,0.2900000214576721,1.0,0.03999999910593033,push_lateral_pace_recovery,push_lateral,1.5,pacing,1000,0.7143909931182861,0.7143909931182861,1.1710867881774902,0.3385312557220459,0.081711545586586,0.18717534840106964,1.130331039428711,0.081711545586586,0.0345887653529644,0.38491034507751465,0.23854964971542358,0.7372686266899109,1.8992300033569336,0.6442700624465942,0.8163542151451111,0.18717534840106964,0.08843419700860977,0.004706341773271561,0.00603266479447484,0.4131089448928833,0.03558535873889923,230.9466552734375,168.43280029296875,33.466949462890625,37.657630920410156,332.4561462402344,0.04132058471441269,0.15558333694934845,0.8904057741165161,3.0627822875976562,1.287000060081482,0.02342173643410206,0.029999924823641777,3.385824203491211,0.5,0.10893639922142029,0.2914183735847473,0.03858152776956558,0.7323085069656372,0.7307761907577515,0.9018082618713379,0.4314185380935669,0.46126124262809753,0.8540094494819641,0.5021257400512695,0.30063897371292114,0.7933998703956604,0.538214385509491,0.8617016673088074,0.9801129102706909,0.9609564542770386,0.0640387013554573,0.14967840909957886,1.0,0.023000001907348633,0.003000000026077032,0.020000001415610313,1.287,0.6918459687014374,1.5426549095060866,0.18598055100726096,0.48841544786730856,1.3781255397665821,0.9035232233568272,0.2973788778790615,0.10362917816786159,0.11710868217051029,0.03289094194769859,197.2071221406651,0.6322858929634094,0.7044442296028137,0.8067187666893005,0.1616848260164261,0.49080559611320496,0.43770158290863037,0.5515923500061035,0.4593620300292969,0.9609564542770386,0.9799999985843897,0.6293792993021317
pronking,0,action_space,1.0,3.4000000953674316,0.0,0.5,1.0,0.10999999940395355,0.0,0.33000001311302185,-1.0,-0.03999999910593033,push_lateral_pace_recovery,push_lateral,1.5,pacing,1000,0.7010273933410645,0.7010273933410645,1.2593928575515747,0.26460105180740356,0.06618821620941162,0.1657736599445343,1.6352758407592773,0.06618821620941162,0.021250786259770393,0.3830074071884155,0.22899529337882996,0.6225969791412354,0.9679076671600342,0.5561565160751343,0.750839352607727,0.1657736599445343,0.10782723873853683,0.007656474597752094,0.003091864986345172,0.42383551597595215,0.030311832204461098,239.58499145507812,173.23501586914062,34.68056869506836,38.705223083496094,393.45745849609375,0.0396001823246479,0.15325000882148743,0.9206808805465698,3.183340072631836,1.315999984741211,0.025187861174345016,0.029999924823641777,3.386749744415283,0.5,0.10900582373142242,0.33000147342681885,-0.038674116134643555,0.7968605756759644,0.779486894607544,0.8583691120147705,0.5114697217941284,0.4729384779930115,0.8828206062316895,0.3541603684425354,0.3139055371284485,0.7980731725692749,0.5310304164886475,0.8625696897506714,0.9809775352478027,0.9665318131446838,0.1166672557592392,0.19173604249954224,1.0,0.02199999988079071,0.0020000000949949026,0.020000001415610313,1.316,0.6996054605872435,1.5552978007604048,0.14577649419495034,0.47853452684088527,0.9838229856839259,0.8665098687307186,0.328370581414561,0.10367419922091159,0.12593930587172508,0.024060318246483803,190.2384867585027,0.7557422518730164,0.7597171664237976,0.8065682053565979,0.12741681933403015,0.54539954662323,0.4284115135669708,0.5462176203727722,0.4647526144981384,0.9665318131446838,0.9799999985843897,0.6478744910504574
pronking,0,action_space,1.0,3.4000000953674316,0.0,0.5,1.0,0.10999999940395355,0.0,0.33000001311302185,0.0,0.0,push_lateral_pace_recovery,push_lateral,1.5,pacing,1000,0.748417317867279,0.748417317867279,1.261164903640747,0.2607380747795105,0.056621432304382324,0.14608356356620789,1.3011692762374878,0.056621432304382324,0.010301712900400162,0.38190752267837524,0.23514944314956665,0.6275919675827026,0.7288529872894287,0.5876855850219727,0.7559102773666382,0.14608356356620789,0.047926291823387146,0.0049583581276237965,0.0012152681592851877,0.42308440804481506,0.023021582514047623,226.1949005126953,160.55673217773438,34.90913009643555,38.189552307128906,376.4102783203125,0.03884478658437729,0.14266666769981384,0.9606808423995972,3.3101210594177246,1.3010001182556152,0.025223292410373688,0.029999924823641777,3.384408473968506,0.5,0.1088302731513977,0.33000147342681885,0.0,0.7973523139953613,0.7913912534713745,0.9054948091506958,0.4869474172592163,0.45401009917259216,0.8929500579833984,0.48169630765914917,0.31078529357910156,0.8003363609313965,0.5319396257400513,0.8603754043579102,0.9775188565254211,0.9646570086479187,0.23542869091033936,0.31258219480514526,1.0,0.026000000536441803,0.006000000052154064,0.020000001415610313,1.301,0.7384172068661126,1.5950829638292696,0.10149735415467814,0.4849221000836801,0.8537288722360447,0.8694310078244496,0.2189207432460139,0.07857242701424581,0.12611646205186844,0.023883162066340446,179.35394480112234,0.7619019746780396,0.8078296184539795,0.8838459253311157,0.22152860462665558,0.6310112476348877,0.4290555715560913,0.5293675065040588,0.49000808596611023,0.9646570086479187,0.9799999985843897,0.6911142530540626
pronking,0,action_space,1.0,3.4000000953674316,0.0,0.5,1.0,0.10999999940395355,0.0,0.33000001311302185,1.0,0.03999999910593033,push_lateral_pace_recovery,push_lateral,1.5,pacing,1000,0.7027297019958496,0.7027297019958496,1.2203150987625122,0.2912161648273468,0.07181243598461151,0.18887513875961304,1.7059595584869385,0.07181243598461151,0.020774967968463898,0.37229204177856445,0.2151356190443039,0.6351603269577026,1.2927329540252686,0.6232491731643677,0.8037014007568359,0.18887513875961304,0.11177202314138412,0.004641992039978504,0.004060226026922464,0.4126068651676178,0.03209453076124191,225.93304443359375,164.8833770751953,33.95957946777344,36.72639465332031,467.7781982421875,0.04075104370713234,0.14258334040641785,0.87434321641922,3.006730079650879,1.305999994277954,0.024406302720308304,0.029999924823641777,3.386209011077881,0.5,0.10896526277065277,0.33000147342681885,0.0386199876666069,0.7727029323577881,0.7302322387695312,0.911367654800415,0.4444732367992401,0.49474865198135376,0.8568682670593262,0.35681092739105225,0.304470419883728,0.8079566955566406,0.5405001640319824,0.8620623350143433,0.9801129102706909,0.9650329351425171,0.11777323484420776,0.1955614984035492,1.0,0.023000001907348633,0.006000000052154064,0.017000000923871994,1.306,0.6694817769399646,1.5173145608680885,0.1441352419377853,0.46382714349669524,1.1369841485373788,0.8964939490910332,0.33432323153108,0.09328567985977788,0.12203151360154152,0.027968110516667366,185.14320167201586,0.7123204469680786,0.6999557614326477,0.8402596116065979,0.11985662579536438,0.5262964367866516,0.4381413459777832,0.5623893737792969,0.4902122914791107,0.9650329351425171,0.982999999076128,0.6373640423019726
pronking,0,action_space,1.0,3.4000000953674316,0.0,0.5,1.0,0.10999999940395355,1.0,0.3700000047683716,-1.0,-0.03999999910593033,push_lateral_pace_recovery,push_lateral,1.5,pacing,1000,0.6923027038574219,0.6923027038574219,1.2316949367523193,0.2916738986968994,0.06122715771198273,0.15644289553165436,1.598399043083191,0.06122715771198273,0.009139541536569595,0.3809894919395447,0.22136740386486053,0.5300083160400391,0.5888078808784485,0.593646764755249,0.8165981769561768,0.15644289553165436,0.047113433480262756,0.008400295861065388,0.0011100323172286153,0.4242703318595886,0.03345893323421478,229.29104614257812,162.418701171875,35.7921257019043,39.08786392211914,300.2702331542969,0.03926847130060196,0.14300000667572021,1.0762755870819092,3.7601327896118164,1.3280000686645508,0.024633903056383133,0.029999924823641777,3.3859944343566895,0.5,0.10894916206598282,0.3685981333255768,-0.03859855234622955,0.7720288038253784,0.7702397108078003,0.8622726202011108,0.5048918724060059,0.5200084447860718,0.8812018036842346,0.36293941736221313,0.3129146099090576,0.8094115257263184,0.5313016176223755,0.8618612885475159,0.9801129102706909,0.9613804817199707,0.0637880340218544,0.1483067125082016,1.0,0.023000001907348633,0.004999999888241291,0.018000001087784767,1.328,0.8104485201548381,1.6826839604089265,0.09560094945433123,0.47049697540458274,0.7673381789527017,0.9036582191050866,0.2170562910405104,0.0975209114923256,0.12316951528191566,0.02683010883629322,186.15895811601123,0.7115606069564819,0.782905101776123,0.8267883658409119,0.16843760013580322,0.512129008769989,0.4280391335487366,0.4926992356777191,0.48919209837913513,0.9613804817199707,0.9819999989122152,0.6576111369217053
pronking,0,action_space,1.0,3.4000000953674316,0.0,0.5,1.0,0.10999999940395355,1.0,0.3700000047683716,0.0,0.0,push_lateral_pace_recovery,push_lateral,1.5,pacing,1000,0.7167868614196777,0.7167868614196777,1.2507641315460205,0.2782697081565857,0.06645673513412476,0.15784770250320435,1.488060474395752,0.06645673513412476,0.0191164780408144,0.3780418038368225,0.23123927414417267,0.6481736898422241,1.0134257078170776,0.5711855888366699,0.692743182182312,0.15784770250320435,0.07439344376325607,0.004486552439630032,0.004661635961383581,0.43441832065582275,0.023172441869974136,232.4405517578125,171.10162353515625,33.48586654663086,36.086219787597656,207.2934112548828,0.042086467146873474,0.14408335089683533,0.7953586578369141,2.7007975578308105,1.2990000247955322,0.025015268474817276,0.029999924823641777,3.384488105773926,0.5,0.10883622616529465,0.3684476613998413,0.0,0.7911093235015869,0.780632495880127,0.9043444395065308,0.49245893955230713,0.46659713983535767,0.8838861584663391,0.40731751918792725,0.3090103268623352,0.8049883246421814,0.5256308317184448,0.8604496717453003,0.9775189161300659,0.9604998230934143,0.12120714783668518,0.20825690031051636,0.9996000528335571,0.026000000536441803,0.003000000026077032,0.023000001907348633,1.299,0.6122852821731861,1.441920860692364,0.13826235221785574,0.4808734491986147,1.0066904726960904,0.8323119500417568,0.2727516155098922,0.0956461625001945,0.12507634237408638,0.024923281744122505,185.83883715189518,0.7336404919624329,0.7794560194015503,0.8327983021736145,0.15406355261802673,0.6291102170944214,0.4194392263889313,0.5946490168571472,0.486549437046051,0.9604998230934143,0.9769999980926514,0.6564750629357803
pronking,0,action_space,1.0,3.4000000953674316,0.0,0.5,1.0,0.10999999940395355,1.0,0.3700000047683716,1.0,0.03999999910593033,push_lateral_pace_recovery,push_lateral,1.5,pacing,1000,0.7238316535949707,0.7238316535949707,1.2686071395874023,0.26797133684158325,0.052493251860141754,0.14582271873950958,1.340846061706543,0.052493251860141754,0.008518475107848644,0.3789094388484955,0.22523611783981323,0.6055542230606079,0.6875578165054321,0.5885283946990967,0.773625373840332,0.14582271873950958,0.04442114755511284,0.00442326907068491,0.0012651002034544945,0.4343034029006958,0.028349626809358597,240.93341064453125,173.626953125,35.37385559082031,38.08257293701172,202.9623565673828,0.03809499740600586,0.13091666996479034,1.025234341621399,3.599170207977295,1.318000078201294,0.02537214383482933,0.029999924823641777,3.385359048843384,0.5,0.1089015081524849,0.3685346245765686,0.038535021245479584,0.7931972742080688,0.7867631912231445,0.9201724529266357,0.48032593727111816,0.45733875036239624,0.8912224769592285,0.4802291989326477,0.3070465326309204,0.8019326329231262,0.52842116355896,0.8612657785415649,0.9783835411071777,0.9589848518371582,0.0651414692401886,0.15123888850212097,1.0,0.02500000037252903,0.004999999888241291,0.020000001415610313,1.318,0.7778713012139605,1.6525076180841807,0.09229558552741644,0.4745904738190741,0.829191061520463,0.8795597613808467,0.2107632500107949,0.07542127865622145,0.12686071917414665,0.023138904944062233,189.91963952125607,0.750335693359375,0.8084449768066406,0.8924655318260193,0.2206416130065918,0.5672287940979004,0.41953563690185547,0.5052533149719238,0.5196585655212402,0.9589848518371582,0.9799999985843897,0.6899979398227655
trotting,1,action_space,-1.0,2.5999999046325684,0.0,0.5,-1.0,0.04999999701976776,-1.0,0.2900000214576721,-1.0,-0.03999999910593033,push_lateral_pace_recovery,push_lateral,1.5,pacing,1000,0.6921173334121704,0.6921173334121704,1.2787306308746338,0.232028529047966,0.08173348009586334,0.22894711792469025,1.491857647895813,0.08173348009586334,0.014946135692298412,0.17048057913780212,0.0822475254535675,0.5261934995651245,0.4957998991012573,0.5046154260635376,0.4242541193962097,0.22894711792469025,0.11197495460510254,0.005492487456649542,0.0018569444073364139,0.37507712841033936,0.020430179312825203,190.06576538085938,140.0359344482422,34.779762268066406,68.29708862304688,175.53367614746094,0.06049531698226929,0.21533335745334625,0.5641459226608276,1.5708962678909302,1.0220000743865967,0.025574587285518646,0.029999924823641777,2.614863872528076,0.5,0.0511152520775795,0.2914869785308838,-0.038512952625751495,0.817949652671814,0.6453099250793457,0.8717966079711914,0.48130226135253906,0.49242618680000305,0.7907494306564331,0.37406468391418457,0.6889134645462036,0.7948421239852905,0.49693310260772705,0.1389411836862564,1.0,0.9643750190734863,0.06546296924352646,0.1531095653772354,1.0,0.02500000037252903,0.0020000000949949026,0.023000001907348633,1.022,0.5520018336824242,1.2397904943564653,0.12225438925575806,0.2867882937875385,0.7041305980436139,0.6513479249957044,0.33462658980586485,0.08572882749685753,0.12787293642759323,0.022126687690615654,148.63628100537255,0.8062600493431091,0.5920478701591492,0.8633037805557251,0.1668299436569214,0.6645776033401489,0.4722937047481537,0.680947482585907,0.34072935581207275,0.9643750190734863,0.9769999980926514,0.6545510853712375
trotting,1,action_space,-1.0,2.5999999046325684,0.0,0.5,-1.0,0.04999999701976776,-1.0,0.2900000214576721,0.0,0.0,push_lateral_pace_recovery,push_lateral,1.5,pacing,1000,0.6996299624443054,0.6996299624443054,1.2664194107055664,0.2447560727596283,0.09274028986692429,0.2302858531475067,1.5505306720733643,0.09274028986692429,0.022841133177280426,0.14239388704299927,0.07690269500017166,0.5690994262695312,0.6875029802322388,0.5281394720077515,0.47729921340942383,0.2302858531475067,0.12779498100280762,0.00295119546353817,0.0027799061499536037,0.38929450511932373,0.023200351744890213,192.30136108398438,140.4717559814453,34.93464660644531,68.73604583740234,550.228271484375,0.06040406972169876,0.21674999594688416,0.5856587290763855,1.5823326110839844,1.0230000019073486,0.0253283828496933,0.029999924823641777,2.6143932342529297,0.5,0.05107995122671127,0.29143983125686646,0.0,0.8138995170593262,0.6570320725440979,0.9087136387825012,0.4732862114906311,0.48202717304229736,0.7960819005966187,0.3411516547203064,0.7700921297073364,0.7811119556427002,0.4887673854827881,0.1384998857975006,1.0,0.9716753959655762,0.11894920468330383,0.20011752843856812,1.0,0.024000000208616257,0.0020000000949949026,0.02199999988079071,1.023,0.5724913894489247,1.2436869003455626,0.15113283288974777,0.2773133516442576,0.8291579947345613,0.6908684487002021,0.3574842388173325,0.07570403961144857,0.1266419142484665,0.023357709869742393,151.84650476641588,0.7869251370429993,0.5884191393852234,0.8917031288146973,0.13434377312660217,0.6287591457366943,0.45905327796936035,0.6793021559715271,0.3383244276046753,0.9716753959655762,0.9780000001192093,0.6466498848719475
trotting,1,action_space,-1.0,2.5999999046325684,0.0,0.5,-1.0,0.04999999701976776,-1.0,0.2900000214576721,1.0,0.03999999910593033,push_lateral_pace_recovery,push_lateral,1.5,pacing,1000,0.694891095161438,0.694891095161438,1.232521891593933,0.2856462895870209,0.09411580860614777,0.2499617040157318,1.343565583229065,0.09411580860614777,0.025109056383371353,0.14759251475334167,0.08904940634965897,0.6269087195396423,1.0051213502883911,0.5409772396087646,0.49615877866744995,0.2499617040157318,0.15461674332618713,0.0026105218566954136,0.007078652270138264,0.4371384084224701,0.024586595594882965,237.11097717285156,176.03805541992188,33.622100830078125,65.80987548828125,337.2601623535156,0.06834855675697327,0.19716668128967285,0.5807743072509766,1.6125431060791016,0.9750000238418579,0.02465042844414711,0.029999924823641777,2.614393472671509,0.5,0.05107997730374336,0.29143989086151123,0.038560010492801666,0.78127121925354,0.6354327201843262,0.8967864513397217,0.4526514410972595,0.4714968204498291,0.7741321325302124,0.4037203788757324,0.7710007429122925,0.7904475927352905,0.473904013633728,0.13850004971027374,1.0,0.9657028913497925,0.06457635760307312,0.1502312570810318,0.9998000264167786,0.024000000208616257,0.003000000026077032,0.021000001579523087,0.975,0.5956659405048077,1.2860366828202432,0.1584583742923401,0.2984114715450111,1.0025574049840693,0.7043853907254536,0.3932133559865269,0.09843360263057366,0.12325214222073555,0.026747481897473335,192.3787145607716,0.7215344309806824,0.5353639125823975,0.8238362669944763,0.15790735185146332,0.6115663051605225,0.417163610458374,0.6613496541976929,0.37312811613082886,0.9657028913497925,0.9789999984204769,0.6231956380682114
trotting,1,action_space,-1.0,2.5999999046325684,0.0,0.5,-1.0,0.04999999701976776,0.0,0.33000001311302185,-1.0,-0.03999999910593033,push_lateral_pace_recovery,push_lateral,1.5,pacing,1000,0.7018442153930664,0.7018442153930664,1.2680261135101318,0.24418026208877563,0.08208790421485901,0.23875872790813446,1.4404432773590088,0.08208790421485901,0.016553349792957306,0.17665129899978638,0.09337394684553146,0.5238761305809021,0.5429327487945557,0.5111040472984314,0.4745054244995117,0.23875872790813446,0.11240464448928833,0.0059480974450707436,0.001721083652228117,0.39129167795181274,0.025783246383070946,182.53973388671875,132.20745849609375,35.300655364990234,68.89007568359375,447.92919921875,0.06035963445901871,0.19466665387153625,0.5958839654922485,1.6781702041625977,1.0220000743865967,0.02536052092909813,0.029999924823641777,2.6155829429626465,0.5,0.051169171929359436,0.33000147342681885,-0.038441069424152374,0.8051255941390991,0.6276677846908569,0.8673067092895508,0.4884501099586487,0.519759476184845,0.7762926816940308,0.39898842573165894,0.6823359131813049,0.7851357460021973,0.4857954978942871,0.1396150290966034,1.0,0.9693154692649841,0.12129028141498566,0.2091517150402069,1.0,0.026000000536441803,0.010000000707805157,0.01600000075995922,1.022,0.5830566645135151,1.2814231042971869,0.12865982198401063,0.30557150856310455,0.7368397035953992,0.6888435413789634,0.33526801888830426,0.08757386081073998,0.12680260464549065,0.02319701947271824,143.955816005567,0.787811815738678,0.5654930472373962,0.8578006029129028,0.1700759381055832,0.5971034169197083,0.4572233259677887,0.6633110046386719,0.37782156467437744,0.9693154692649841,0.9839999992400408,0.6492728209839418
trotting,1,action_space,-1.0,2.5999999046325684,0.0,0.5,-1.0,0.04999999701976776,0.0,0.33000001311302185,0.0,0.0,push_lateral_pace_recovery,push_lateral,1.5,pacing,1000,0.7221977114677429,0.7221977114677429,1.255178689956665,0.2606893479824066,0.08415554463863373,0.24731382727622986,1.4770159721374512,0.08415554463863373,0.021596260368824005,0.1630248725414276,0.10345713794231415,0.5982165932655334,0.918989896774292,0.5289096832275391,0.5358807444572449,0.24731382727622986,0.1452159881591797,0.0032057296484708786,0.0058205630630254745,0.40504783391952515,0.03421034663915634,196.4488067626953,142.17213439941406,34.8841552734375,67.89401245117188,438.5947265625,0.06352178752422333,0.18541668355464935,0.5826511979103088,1.6356654167175293,1.003000020980835,0.02510356530547142,0.029999924823641777,2.6161060333251953,0.5,0.05120839178562164,0.33000147342681885,0.0,0.8001880645751953,0.6281827688217163,0.906377911567688,0.4875817894935608,0.5053203105926514,0.7735533714294434,0.39165014028549194,0.7498122453689575,0.7525001764297485,0.47940880060195923,0.14010527729988098,1.0,0.9764204025268555,0.23657044768333435,0.31563693284988403,0.9995999932289124,0.027000000700354576,0.007000000216066837,0.020000001415610313,1.003,0.5809084587059135,1.2770172614398723,0.14695666153265732,0.3216475368199081,0.9586396073469383,0.7320387588490413,0.38107215610587414,0.09500680350109855,0.1255178265273571,0.024481797590851784,156.5106293905274,0.7619794011116028,0.5424597859382629,0.8348311185836792,0.14823725819587708,0.5044901371002197,0.4448155164718628,0.665182888507843,0.3957061469554901,0.9764204025268555,0.9799999985843897,0.6313781433571607
trotting,1,action_space,-1.0,2.5999999046325684,0.0,0.5,-1.0,0.04999999701976776,0.0,0.33000001311302185,1.0,0.03999999910593033,push_lateral_pace_recovery,push_lateral,1.5,pacing,1000,0.707640528678894,0.707640528678894,1.2870179414749146,0.22485944628715515,0.07897521555423737,0.238077312707901,1.4840620756149292,0.07897521555423737,0.014519387856125832,0.13140791654586792,0.08405771106481552,0.5743915438652039,0.6591383814811707,0.526168704032898,0.433952271938324,0.238077312707901,0.10768474638462067,0.0022537088952958584,0.001996101113036275,0.3932923972606659,0.028983671218156815,182.05914306640625,131.60739135742188,35.20594024658203,69.19535827636719,452.1439208984375,0.0597665011882782,0.20399999618530273,0.5985677242279053,1.656843662261963,1.027999997138977,0.025740357115864754,0.029999924823641777,2.6148698329925537,0.5,0.05111568421125412,0.33000147342681885,0.03851238638162613,0.8266693353652954,0.6276231408119202,0.9292788505554199,0.4672572612762451,0.49646759033203125,0.7737152576446533,0.37642285227775574,0.8119168877601624,0.7356408834457397,0.48013049364089966,0.1389465630054474,1.0,0.9705713391304016,0.11996772885322571,0.20289137959480286,1.0,0.02500000037252903,0.009999999776482582,0.015000000596046448,1.028,0.5822643472990637,1.2695336117532656,0.120496422586423,0.28992707887469826,0.8118733777389,0.6587505384728911,0.3281535408686316,0.06519056686616656,0.12870178557932377,0.021297838538885117,141.4581236200698,0.8168930411338806,0.567333459854126,0.9185158014297485,0.1695767194032669,0.5600812435150146,0.45539742708206177,0.668359637260437,0.3605949580669403,0.9705713391304016,0.9849999994039536,0.6637546206131959
trotting,1,action_space,-1.0,2.5999999046325684,0.0,0.5,-1.0,0.04999999701976776,1.0,0.3700000047683716,-1.0,-0.03999999910593033,push_lateral_pace_recovery,push_lateral,1.5,pacing,1000,0.6958781480789185,0.6958781480789185,1.279773235321045,0.23403975367546082,0.07771968841552734,0.23869091272354126,1.4095540046691895,0.07771968841552734,0.01420566625893116,0.181493878364563,0.09250348806381226,0.5150476098060608,0.5104473829269409,0.48775550723075867,0.41314491629600525,0.23869091272354126,0.10803951323032379,0.005787732545286417,0.0014394879108294845,0.3862064778804779,0.03296515718102455,189.37298583984375,136.62606811523438,35.378814697265625,69.20657348632812,474.25665283203125,0.06024476885795593,0.1993333399295807,0.577151894569397,1.5542242527008057,1.0199999809265137,0.025595463812351227,0.029999924823641777,2.6153533458709717,0.5,0.051151931285858154,0.3684636950492859,-0.038464054465293884,0.8133543133735657,0.6191983222961426,0.8739246129989624,0.5066947937011719,0.5192350745201111,0.7678025364875793,0.4079588055610657,0.6743589639663696,0.7362216711044312,0.4886906147003174,0.13939958810806274,1.0,0.9636036157608032,0.0660020038485527,0.15839219093322754,1.0,0.02500000037252903,0.007000000216066837,0.018000001087784767,1.02,0.5658351524203431,1.234402340538613,0.11918752560117674,0.30414386080243716,0.7144560048924923,0.6427634995050708,0.3286936464708799,0.08501306050317152,0.12797731906175613,0.02202230505645275,147.97386022246158,0.8032426834106445,0.5656761527061462,0.8654164671897888,0.18384407460689545,0.5172116160392761,0.46189719438552856,0.6832207441329956,0.36910775303840637,0.9636036157608032,0.9819999989122152,0.6562370137335398
trotting,1,action_space,-1.0,2.5999999046325684,0.0,0.5,-1.0,0.04999999701976776,1.0,0.3700000047683716,0.0,0.0,push_lateral_pace_recovery,push_lateral,1.5,pacing,1000,0.7089886665344238,0.7089886665344238,1.2502566576004028,0.2607821226119995,0.07154664397239685,0.2550271451473236,1.3987561464309692,0.07154664397239685,0.011870797723531723,0.14944931864738464,0.08755111694335938,0.5576795339584351,0.7160460948944092,0.5210813879966736,0.49415796995162964,0.2550271451473236,0.14495578408241272,0.004771962761878967,0.0021949177607893944,0.4075424075126648,0.03292256221175194,202.02699279785156,148.44651794433594,34.63652420043945,67.9677963256836,205.71194458007812,0.062462881207466125,0.20133334398269653,0.6043126583099365,1.7156661748886108,1.0069999694824219,0.025005128234624863,0.029999924823641777,2.614393711090088,0.5,0.051079973578453064,0.36855971813201904,0.0,0.8035204410552979,0.6110446453094482,0.9034682512283325,0.48759520053863525,0.5168853998184204,0.7602008581161499,0.4277147352695465,0.7650221586227417,0.72896409034729,0.47695767879486084,0.13849997520446777,1.0,0.9716753363609314,0.11894931644201279,0.20011818408966064,0.9998000264167786,0.024000000208616257,0.004000000189989805,0.020000001415610313,1.007,0.6001118391959409,1.3052739015200552,0.1089531905156142,0.2958903799439234,0.8461950690558349,0.7029637045762958,0.3807305925223408,0.08346784124840154,0.1250256411731243,0.024973982945084572,161.58841592221447,0.7618319988250732,0.5218430161476135,0.8699342608451843,0.19472400844097137,0.5176524519920349,0.4426017999649048,0.6531587839126587,0.36543506383895874,0.9716753363609314,0.9799999985843897,0.6459454207275158
trotting,1,action_space,-1.0,2.5999999046325684,0.0,0.5,-1.0,0.04999999701976776,1.0,0.3700000047683716,1.0,0.03999999910593033,push_lateral_pace_recovery,push_lateral,1.5,pacing,1000,0.7156175971031189,0.7156175971031189,1.2681045532226562,0.24396103620529175,0.08302675187587738,0.2534690201282501,1.1296095848083496,0.08302675187587738,0.016372855752706528,0.1429697424173355,0.09018747508525848,0.5367342233657837,0.5715950727462769,0.4884685277938843,0.411556214094162,0.2534690201282501,0.13529136776924133,0.0021682260558009148,0.0018399943364784122,0.39453649520874023,0.02601650170981884,187.29403686523438,135.2178955078125,35.13991928100586,69.01104736328125,298.92083740234375,0.060151029378175735,0.19816666841506958,0.6362427473068237,1.7753186225891113,1.0160000324249268,0.02536209113895893,0.029999924823641777,2.615767478942871,0.5,0.05118297040462494,0.368422269821167,0.038422659039497375,0.8139985799789429,0.6091602444648743,0.9323796033859253,0.48960578441619873,0.5155724883079529,0.758161187171936,0.4813491106033325,0.7887070775032043,0.7320818901062012,0.4820200204849243,0.13978764414787292,1.0,0.9627301692962646,0.06669767946004868,0.1613708734512329,1.0,0.026000000536441803,0.006000000052154064,0.020000001415610313,1.016,0.6262232262318529,1.321877766751493,0.1279564603789372,0.30031229592752023,0.7560390682671609,0.6415264718576794,0.36781974902014347,0.06331050775565875,0.12681045569479465,0.02318916842341423,147.6960526553278,0.7881491184234619,0.5259940028190613,0.9229645729064941,0.23291850090026855,0.5943244099617004,0.4542657136917114,0.646074652671814,0.371267169713974,0.9627301692962646,0.9799999985843897,0.6692643663248956
trotting,1,action_space,-1.0,2.5999999046325684,0.0,0.5,0.0,0.07999999821186066,-1.0,0.2900000214576721,-1.0,-0.03999999910593033,push_lateral_pace_recovery,push_lateral,1.5,pacing,1000,0.699566125869751,0.699566125869751,1.2951066493988037,0.22324904799461365,0.08711421489715576,0.22365541756153107,1.5069286823272705,0.08711421489715576,0.015962254256010056,0.17664533853530884,0.09069011360406876,0.5658090114593506,0.6438508033752441,0.518642783164978,0.4684915542602539,0.22365541756153107,0.10100945830345154,0.005900250747799873,0.001978738233447075,0.38835009932518005,0.02780999429523945,206.33990478515625,153.134033203125,34.910736083984375,68.34959411621094,442.41827392578125,0.06753647327423096,0.19191667437553406,0.6625493764877319,1.973973274230957,1.0150001049041748,0.025902122259140015,0.029999924823641777,2.615593910217285,0.5,0.08000031858682632,0.29155993461608887,-0.038440003991127014,0.8303296566009521,0.6604093313217163,0.8656806945800781,0.4802626967430115,0.48494648933410645,0.8011144399642944,0.35586294531822205,0.6797740459442139,0.7305335402488708,0.48798030614852905,0.5,1.0,0.9693149328231812,0.12130199372768402,0.2092350721359253,1.0,0.026000000536441803,0.004999999888241291,0.021000001579523087,1.015,0.6527579471982758,1.3945613101916003,0.1263418151524271,0.3011479928607673,0.8024031426753289,0.6844644287764368,0.3178198519656246,0.08876366926421501,0.12951061129570007,0.020489012822508812,159.32271282904807,0.819254457950592,0.6063987612724304,0.8542086482048035,0.16102851927280426,0.5733838677406311,0.4599211513996124,0.614958643913269,0.38305243849754333,0.9693149328231812,0.9789999984204769,0.6557068352897962
trotting,1,action_space,-1.0,2.5999999046325684,0.0,0.5,0.0,0.07999999821186066,-1.0,0.2900000214576721,0.0,0.0,push_lateral_pace_recovery,push_lateral,1.5,pacing,1000,0.7174275517463684,0.7174275517463684,1.30293869972229,0.21675175428390503,0.07673637568950653,0.2079349160194397,1.679511308670044,0.07673637568950653,0.012218788266181946,0.14295224845409393,0.07813756167888641,0.5592992305755615,0.5506369471549988,0.5206625461578369,0.47879794239997864,0.2079349160194397,0.08878268301486969,0.0030082142911851406,0.001974530518054962,0.3893340826034546,0.021987952291965485,207.5074920654297,154.18951416015625,35.233360290527344,69.74128723144531,341.3934326171875,0.06611499190330505,0.18966665863990784,0.7120356559753418,2.138928174972534,1.0290000438690186,0.02605876885354519,0.029999924823641777,2.614989995956421,0.5,0.08000031858682632,0.2914994955062866,0.0,0.8347927927970886,0.6764878034591675,0.9146919250488281,0.4792659282684326,0.48813360929489136,0.8117387890815735,0.31631574034690857,0.7697355151176453,0.7338640689849854,0.4878726303577423,0.5,1.0,0.9781496524810791,0.23413372039794922,0.3082890808582306,1.0,0.02500000037252903,0.003000000026077032,0.02199999988079071,1.029,0.6919685563957726,1.4417514381618672,0.11053862793694313,0.27953096729859184,0.7420491541367046,0.6919522688740739,0.2979642310997575,0.07058856004509585,0.13029384426772594,0.01970577985048294,159.26113186265638,0.8286766409873962,0.6489696502685547,0.9051497578620911,0.1460382044315338,0.6441916227340698,0.45901694893836975,0.5947216749191284,0.38738614320755005,0.9781496524810791,0.9780000001192093,0.6664372418935482
trotting,1,action_space,-1.0,2.5999999046325684,0.0,0.5,0.0,0.07999999821186066,-1.0,0.2900000214576721,1.0,0.03999999910593033,push_lateral_pace_recovery,push_lateral,1.5,pacing,1000,0.712422251701355,0.712422251701355,1.2982054948806763,0.22630095481872559,0.08946593850851059,0.21607282757759094,1.2857803106307983,0.08946593850851059,0.017312118783593178,0.13208860158920288,0.0730237364768982,0.5659376978874207,0.599379301071167,0.5611358284950256,0.5562921166419983,0.21607282757759094,0.09827177226543427,0.0025764505844563246,0.002376016229391098,0.38438791036605835,0.027382485568523407,204.72146606445312,152.27395629882812,34.95035934448242,69.28675079345703,462.0310363769531,0.06709953397512436,0.1837500035762787,0.6833915710449219,2.0263173580169678,1.0150001049041748,0.02596411481499672,0.029999924823641777,2.6150104999542236,0.5,0.08000031858682632,0.29150164127349854,0.03849833086133003,0.8241579532623291,0.6742599010467529,0.9184197187423706,0.4574803113937378,0.4806404709815979,0.8066851496696472,0.3915274739265442,0.7993679046630859,0.7282891869544983,0.487151563167572,0.5,1.0,0.9704938530921936,0.1201443001627922,0.20481567084789276,1.0,0.02500000037252903,0.007000000216066837,0.018000001087784767,1.015,0.6732920980218596,1.412930219694731,0.13157552501735714,0.27022904447319906,0.7741959061317536,0.7458499290353243,0.31348328865417097,0.07037376509642938,0.1298205740749836,0.02017905004322529,157.6957322024507,0.8147707581520081,0.6269586682319641,0.9056980013847351,0.1955336630344391,0.5783073902130127,0.4635802209377289,0.6070810556411743,0.39901748299598694,0.9704938530921936,0.9819999989122152,0.6752743135469083
trotting,1,action_space,-1.0,2.5999999046325684,0.0,0.5,0.0,0.07999999821186066,0.0,0.33000001311302185,-1.0,-0.03999999910593033,push_lateral_pace_recovery,push_lateral,1.5,pacing,1000,0.7119388580322266,0.7119388580322266,1.2909945249557495,0.22363293170928955,0.0821736603975296,0.23097404837608337,1.5417617559432983,0.0821736603975296,0.015779197216033936,0.1743047833442688,0.09114551544189453,0.5469347834587097,0.5974557399749756,0.5198454856872559,0.4635261297225952,0.23097404837608337,0.10301276296377182,0.005951084662228823,0.001830922905355692,0.39424601197242737,0.024743739515542984,200.04270935058594,148.07647705078125,34.934715270996094,68.75038146972656,459.3431091308594,0.06809607148170471,0.17875000834465027,0.6331584453582764,1.8260862827301025,1.0250000953674316,0.025819897651672363,0.029999924823641777,2.6149935722351074,0.5,0.08000031858682632,0.33000147342681885,-0.038500018417835236,0.8272275924682617,0.6387079358100891,0.8671449422836304,0.4896717369556427,0.50681471824646,0.783728837966919,0.34270942211151123,0.6882195472717285,0.7332628965377808,0.4812771677970886,0.5,1.0,0.9781495928764343,0.2341393530368805,0.3083271384239197,1.0,0.02500000037252903,0.007000000216066837,0.018000001087784767,1.025,0.617715498761433,1.3347462284207947,0.1256152746127394,0.30190315573358045,0.7729526117266022,0.6808275330233019,0.3209560140638773,0.08821568776348408,0.12909948825836182,0.02090013585984707,154.9524072206601,0.8186925053596497,0.586554229259491,0.8558670878410339,0.15608638525009155,0.609647274017334,0.45452970266342163,0.6405764222145081,0.40911865234375,0.9781495928764343,0.9819999989122152,0.652618803943579
trotting,1,action_space,-1.0,2.5999999046325684,0.0,0.5,0.0,0.07999999821186066,0.0,0.33000001311302185,0.0,0.0,push_lateral_pace_recovery,push_lateral,1.5,pacing,1000,0.7600879669189453,0.7600879669189453,1.2806792259216309,0.23473265767097473,0.08221274614334106,0.23144957423210144,1.4593250751495361,0.08221274614334106,0.01600712351500988,0.14490219950675964,0.08053117990493774,0.5766252279281616,0.6775367259979248,0.5217881202697754,0.49062609672546387,0.23144957423210144,0.10166878998279572,0.0029730796813964844,0.0019856421276926994,0.39182496070861816,0.025289375334978104,201.4742431640625,148.6147003173828,35.004966735839844,68.53919982910156,459.4986877441406,0.06715452671051025,0.18325001001358032,0.6501252055168152,1.8815088272094727,1.0250000953674316,0.025613566860556602,0.029999924823641777,2.6155877113342285,0.5,0.08000031858682632,0.33000147342681885,0.0,0.8225235342979431,0.6331537961959839,0.9148759245872498,0.4950413405895233,0.49162912368774414,0.7809390425682068,0.3819781243801117,0.7658818960189819,0.7353590130805969,0.48751527070999146,0.5,1.0,0.987256646156311,0.4779646098613739,0.5311228036880493,1.0,0.026000000536441803,0.006000000052154064,0.020000001415610313,1.025,0.6342684713224085,1.3548499292514589,0.12651926143876227,0.2837801612250894,0.8231261908103306,0.7004470691818646,0.31885543743645917,0.07041819231625578,0.128067834302783,0.021931789815425873,157.31827227780096,0.8021997213363647,0.5852658748626709,0.9055847525596619,0.16872796416282654,0.6030305027961731,0.45673590898513794,0.631975531578064,0.40001627802848816,0.987256646156311,0.9799999985843897,0.6601671684437838
trotting,1,action_space,-1.0,2.5999999046325684,0.0,0.5,0.0,0.07999999821186066,0.0,0.33000001311302185,1.0,0.03999999910593033,push_lateral_pace_recovery,push_lateral,1.5,pacing,1000,0.732634425163269,0.732634425163269,1.268460988998413,0.24656543135643005,0.0834832638502121,0.25405701994895935,1.2863519191741943,0.0834832638502121,0.017871730029582977,0.144092857837677,0.0853423997759819,0.5990777015686035,0.8750717639923096,0.5511399507522583,0.5857453942298889,0.25405701994895935,0.17230753600597382,0.007992376573383808,0.0041250744834542274,0.38746583461761475,0.024847574532032013,196.9697265625,145.2281951904297,34.92955780029297,69.070068359375,525.5601196289062,0.06936190277338028,0.17016667127609253,0.6220287084579468,1.8140931129455566,1.0090000629425049,0.025369219481945038,0.029999924823641777,2.61499285697937,0.5,0.08000031858682632,0.33000147342681885,0.03850006312131882,0.8097600936889648,0.636013925075531,0.9157842993736267,0.48047173023223877,0.4883772134780884,0.7761190533638,0.43975746631622314,0.7837200164794922,0.7334027290344238,0.48770302534103394,0.5,1.0,0.9781496524810791,0.23413881659507751,0.30832362174987793,0.9998000264167786,0.026000000536441803,0.00800000037997961,0.018000001087784767,1.009,0.6164803632541501,1.3408623386748675,0.1336851900158839,0.2921342153462718,0.9354527053744136,0.7653400513692518,0.41509942906004316,0.11007929440561488,0.1268460974097252,0.023153526708483696,155.28244721032286,0.7841318845748901,0.5244266390800476,0.7847822308540344,0.19324691593647003,0.608382523059845,0.4607352614402771,0.6379610896110535,0.4270589053630829,0.9781496524810791,0.9819999989122152,0.6377245095104743
trotting,1,action_space,-1.0,2.5999999046325684,0.0,0.5,0.0,0.07999999821186066,1.0,0.3700000047683716,-1.0,-0.03999999910593033,push_lateral_pace_recovery,push_lateral,1.5,pacing,1000,0.7036972045898438,0.7036972045898438,1.287552833557129,0.22467760741710663,0.07466256618499756,0.23191146552562714,1.4456604719161987,0.07466256618499756,0.013192707672715187,0.17068526148796082,0.08589766919612885,0.5179502964019775,0.5283523797988892,0.4683629870414734,0.3729720413684845,0.23191146552562714,0.09956149756908417,0.005375439301133156,0.0015742289833724499,0.38670140504837036,0.029143942520022392,203.53607177734375,151.24359130859375,35.57417297363281,70.01271057128906,268.8912048339844,0.06680864840745926,0.17866666615009308,0.6979285478591919,2.0329861640930176,1.0250000953674316,0.025751058012247086,0.029999924823641777,2.614473819732666,0.5,0.08000031858682632,0.3685516119003296,-0.03855198994278908,0.8297500610351562,0.6285713911056519,0.8795377016067505,0.518401026725769,0.5114433169364929,0.7777165770530701,0.3882227838039398,0.6906051635742188,0.7384876608848572,0.4933583736419678,0.5,1.0,0.9716474413871765,0.11904485523700714,0.2011013627052307,1.0,0.024000000208616257,0.003000000026077032,0.021000001579523087,1.025,0.6809059403582317,1.40833272259993,0.11485951276544397,0.2930830414679922,0.7268785179098974,0.6107143697085279,0.3155336710544283,0.08336467048159914,0.12875529006123543,0.021244334056973457,158.07978241563384,0.8171601891517639,0.5840145945549011,0.8702337741851807,0.18095360696315765,0.5582888126373291,0.46144020557403564,0.609052836894989,0.4092891812324524,0.9716474413871765,0.9789999984204769,0.660120851527422
trotting,1,action_space,-1.0,2.5999999046325684,0.0,0.5,0.0,0.07999999821186066,1.0,0.3700000047683716,0.0,0.0,push_lateral_pace_recovery,push_lateral,1.5,pacing,1000,0.7300422787666321,0.7300422787666321,1.2916114330291748,0.2231370210647583,0.07572169601917267,0.23981593549251556,1.3795816898345947,0.07572169601917267,0.014296706765890121,0.1508365273475647,0.08710438013076782,0.5098819732666016,0.4692634344100952,0.5130167007446289,0.4819113612174988,0.23981593549251556,0.1075577586889267,0.0033844537101686,0.0017120400443673134,0.3904153108596802,0.02477205917239189,195.87774658203125,143.33624267578125,35.14708709716797,69.18113708496094,262.408935546875,0.0675385519862175,0.16349999606609344,0.6178339719772339,1.7729294300079346,1.0240000486373901,0.025832228362560272,0.029999924823641777,2.615001678466797,0.5,0.08000031858682632,0.36849886178970337,0.0,0.8280686140060425,0.6240749955177307,0.914782702922821,0.4994509816169739,0.5051265954971313,0.772303581237793,0.4175266921520233,0.7598123550415039,0.7348850965499878,0.4816337823867798,0.5,1.0,0.9781492948532104,0.2341524362564087,0.3084186911582947,1.0,0.026000000536441803,0.009000000543892384,0.017000000923871994,1.024,0.6033535003662109,1.3158177268608864,0.11956883693458811,0.2951345119276426,0.6850280537394766,0.6941983586969208,0.32795999556184696,0.07138973143622207,0.12916114181280136,0.020838482305407524,151.653772623122,0.8194183707237244,0.5626391172409058,0.9030928611755371,0.18909309804439545,0.6093020439147949,0.45802539587020874,0.6486616134643555,0.4415341019630432,0.9781492948532104,0.982999999076128,0.6657933648198079
trotting,1,action_space,-1.0,2.5999999046325684,0.0,0.5,0.0,0.07999999821186066,1.0,0.3700000047683716,1.0,0.03999999910593033,push_lateral_pace_recovery,push_lateral,1.5,pacing,1000,0.7174869179725647,0.7174869179725647,1.2903716564178467,0.2257876694202423,0.07788737118244171,0.24956080317497253,1.3139780759811401,0.07788737118244171,0.018441801890730858,0.14151382446289062,0.08574044704437256,0.5554248094558716,0.5776888728141785,0.5207290649414062,0.5040462017059326,0.24956080317497253,0.13215841352939606,0.0026547922752797604,0.002183376345783472,0.3993717133998871,0.030355237424373627,199.40060424804688,145.39117431640625,35.436729431152344,69.88397979736328,397.92962646484375,0.06750689446926117,0.17541667819023132,0.6050390005111694,1.728091835975647,1.0299999713897705,0.025807427242398262,0.029999924823641777,2.614933729171753,0.5,0.08000031858682632,0.3685058057308197,0.03850603848695755,0.8300715088844299,0.613288164138794,0.925650954246521,0.48823362588882446,0.4936384856700897,0.7624473571777344,0.4400567412376404,0.7869429588317871,0.7318683862686157,0.47925490140914917,0.5,1.0,0.9705216288566589,0.12005216628313065,0.2038557529449463,1.0,0.02500000037252903,0.004000000189989805,0.021000001579523087,1.03,0.5874164470191141,1.2952833767528376,0.13580059606176573,0.2928146974527962,0.760058466707778,0.7099621128665478,0.36353598656721187,0.0695569451677058,0.1290371362119913,0.020962487906217575,154.52959095645014,0.8155273795127869,0.5364370942115784,0.9077708125114441,0.18585023283958435,0.5449262857437134,0.44989392161369324,0.6574150323867798,0.41599443554878235,0.9705216288566589,0.9789999984204769,0.6603354232815596
trotting,1,action_space,-1.0,2.5999999046325684,0.0,0.5,1.0,0.10999999940395355,-1.0,0.2900000214576721,-1.0,-0.03999999910593033,push_lateral_pace_recovery,push_lateral,1.5,pacing,1000,0.6897812485694885,0.6897812485694885,1.2937005758285522,0.2198479175567627,0.09035304188728333,0.2190563976764679,1.5299787521362305,0.09035304188728333,0.01859811320900917,0.1802055537700653,0.09502266347408295,0.5662349462509155,0.5527440309524536,0.5480010509490967,0.5557326078414917,0.2190563976764679,0.09290959686040878,0.005510794930160046,0.002136730123311281,0.39852190017700195,0.029693881049752235,209.62606811523438,155.63815307617188,35.59049987792969,69.77735900878906,474.21636962890625,0.07522669434547424,0.14858335256576538,0.7077537775039673,2.2937018871307373,1.0169999599456787,0.02587401494383812,0.029999924823641777,2.615593433380127,0.5,0.1088302731513977,0.29155993461608887,-0.0384400375187397,0.8192601203918457,0.6491140127182007,0.8683772087097168,0.47115927934646606,0.46588557958602905,0.7929612994194031,0.3579728603363037,0.6780867576599121,0.7328517436981201,0.4781321585178375,0.8603754043579102,1.0,0.9628447890281677,0.06656062602996826,0.15935206413269043,1.0,0.026000000536441803,0.010999999940395355,0.015000000596046448,1.017,0.6959229715923058,1.5017857807047879,0.13637489948303966,0.30825746296575357,0.7434675722265589,0.7454747533226673,0.3048107558148314,0.08745012895057003,0.1293700747191906,0.020629549399018288,162.0360012447077,0.8242079615592957,0.6188718676567078,0.8581721782684326,0.14927858114242554,0.5521819591522217,0.45065924525260925,0.5690197348594666,0.47572430968284607,0.9628447890281677,0.9849999994039536,0.6569107392659554
trotting,1,action_space,-1.0,2.5999999046325684,0.0,0.5,1.0,0.10999999940395355,-1.0,0.2900000214576721,0.0,0.0,push_lateral_pace_recovery,push_lateral,1.5,pacing,1000,0.7176412343978882,0.7176412343978882,1.3032587766647339,0.2162303626537323,0.08058561384677887,0.2203608751296997,1.3307112455368042,0.08058561384677887,0.013372372835874557,0.1479278802871704,0.08561407029628754,0.5721923112869263,0.6585558652877808,0.5287197828292847,0.504879355430603,0.2203608751296997,0.10198615491390228,0.0031717633828520775,0.0022056689485907555,0.3867681324481964,0.026411833241581917,216.46795654296875,163.9344940185547,34.5435905456543,68.49813842773438,245.5284881591797,0.07501299679279327,0.16066667437553406,0.6761523485183716,2.100950241088867,1.0210000276565552,0.02606515772640705,0.029999924823641777,2.6153950691223145,0.5,0.10884515941143036,0.2915399670600891,0.0,0.8326146602630615,0.665589451789856,0.9107958078384399,0.4832586944103241,0.4819375276565552,0.8036097288131714,0.4239386320114136,0.7631229162216187,0.7417888045310974,0.48959559202194214,0.8605614900588989,1.0,0.9695191383361816,0.12101860344409943,0.20663726329803467,1.0,0.026000000536441803,0.004000000189989805,0.02199999988079071,1.021,0.662245194662096,1.4344816846297472,0.11563897628340783,0.2925988214198539,0.8115145502625204,0.7105486298844035,0.31935271239477875,0.07333097797958808,0.13032578863203526,0.01967383548617363,166.097447735551,0.8294252753257751,0.6153345704078674,0.8980328440666199,0.20226861536502838,0.5896437764167786,0.46137863397598267,0.5978386402130127,0.4478336572647095,0.9695191383361816,0.9780000001192093,0.6756638028682806
trotting,1,action_space,-1.0,2.5999999046325684,0.0,0.5,1.0,0.10999999940395355,-1.0,0.2900000214576721,1.0,0.03999999910593033,push_lateral_pace_recovery,push_lateral,1.5,pacing,1000,0.7139266729354858,0.7139266729354858,1.3084126710891724,0.21496610343456268,0.07572729140520096,0.20987167954444885,1.4092061519622803,0.07572729140520096,0.010636808350682259,0.14455290138721466,0.08112189173698425,0.5943937301635742,0.7048203349113464,0.5352262258529663,0.5553097128868103,0.20987167954444885,0.09317761659622192,0.0027652245480567217,0.0018332523759454489,0.39428383111953735,0.0214680265635252,217.81243896484375,163.99810791015625,35.09379577636719,69.58145141601562,530.0188598632812,0.07373681664466858,0.17283332347869873,0.6720668077468872,2.1115057468414307,1.0240000486373901,0.026168260723352432,0.029999924823641777,2.6159772872924805,0.5,0.10880148410797119,0.29159823060035706,0.038401633501052856,0.8338664174079895,0.681637704372406,0.9249387383460999,0.47780841588974,0.4716099798679352,0.8155279159545898,0.42995280027389526,0.7735781073570251,0.7399479746818542,0.48312824964523315,0.860015332698822,1.0,0.961685299873352,0.06734804064035416,0.16127046942710876,1.0,0.027000000700354576,0.00800000037997961,0.01900000125169754,1.024,0.6563152074813843,1.4359725632397435,0.10313490364896967,0.2848190508673608,0.8395357853667386,0.7451910579756109,0.3052500886096873,0.06781207063644473,0.13084130361676216,0.019158320501446724,166.47075022861742,0.8312358260154724,0.6437394618988037,0.9121329188346863,0.19751469790935516,0.6509252190589905,0.45449531078338623,0.5971993803977966,0.42140260338783264,0.961685299873352,0.9809999987483025,0.6810619903680606
trotting,1,action_space,-1.0,2.5999999046325684,0.0,0.5,1.0,0.10999999940395355,0.0,0.33000001311302185,-1.0,-0.03999999910593033,push_lateral_pace_recovery,push_lateral,1.5,pacing,1000,0.7072392106056213,0.7072392106056213,1.3035436868667603,0.21437178552150726,0.08004231005907059,0.23389020562171936,1.4162321090698242,0.08004231005907059,0.014026790857315063,0.17704924941062927,0.09418478608131409,0.5901856422424316,0.6967979669570923,0.5099042057991028,0.48084235191345215,0.23389020562171936,0.11287857592105865,0.005795290693640709,0.002010857220739126,0.39890921115875244,0.026570748537778854,212.29849243164062,158.44552612304688,35.026283264160156,69.34689331054688,469.26397705078125,0.07561302185058594,0.15258334577083588,0.6830953359603882,2.1666412353515625,1.0199999809265137,0.026070866733789444,0.029999924823641777,2.614994525909424,0.5,0.10887517035007477,0.33000147342681885,-0.038499895483255386,0.8387377858161926,0.6366153955459595,0.8671051263809204,0.49752819538116455,0.4779830574989319,0.7837236523628235,0.40684065222740173,0.6816595792770386,0.7259066104888916,0.4785318672657013,0.8609364628791809,1.0,0.9704952239990234,0.12012696266174316,0.20468538999557495,1.0,0.02500000037252903,0.00800000037997961,0.017000000923871994,1.02,0.6697012508616728,1.4574491257664208,0.11843475358742915,0.30689539925081005,0.8347442524253116,0.693427971683759,0.33597407031058013,0.08835240751886637,0.13035433366894722,0.019645290449261665,162.86258341055537,0.8320847153663635,0.5786564350128174,0.8554540276527405,0.18327492475509644,0.5877726674079895,0.45031028985977173,0.5879934430122375,0.46630436182022095,0.9704952239990234,0.982999999076128,0.6608402990759948
trotting,1,action_space,-1.0,2.5999999046325684,0.0,0.5,1.0,0.10999999940395355,0.0,0.33000001311302185,0.0,0.0,push_lateral_pace_recovery,push_lateral,1.5,pacing,1000,0.7305108904838562,0.7305108904838562,1.3013771772384644,0.2158374786376953,0.08408348262310028,0.23054292798042297,1.3223876953125,0.08408348262310028,0.017301270738244057,0.13916221261024475,0.07379238307476044,0.5602512359619141,0.5999245047569275,0.5054347515106201,0.5161699652671814,0.23054292798042297,0.10834182798862457,0.00301691354252398,0.0021053538657724857,0.392957866191864,0.02566290646791458,211.3692626953125,158.59164428710938,35.1810302734375,70.23069763183594,253.14535522460938,0.07542422413825989,0.1626666784286499,0.740339994430542,2.3294122219085693,1.0200001001358032,0.02602754347026348,0.029999924823641777,2.614788055419922,0.5,0.10889065265655518,0.33000147342681885,0.0,0.8334214687347412,0.6396802663803101,0.9139561653137207,0.4998737573623657,0.48664894700050354,0.7845759391784668,0.41137218475341797,0.7741650342941284,0.7376998662948608,0.48528891801834106,0.8611300587654114,1.0,0.9782885313034058,0.23375684022903442,0.30578798055648804,1.0,0.02500000037252903,0.007000000216066837,0.018000001087784767,1.02,0.7258234959022671,1.5112039445860221,0.13153429491293916,0.27164753463773683,0.7745479357386007,0.7184496957109672,0.32915319835697265,0.07157001752337683,0.1301377173513174,0.01986190676689148,162.4196784700345,0.8299886584281921,0.5877224802970886,0.9026274681091309,0.18854601681232452,0.5985422730445862,0.4557022154331207,0.5649972558021545,0.44337764382362366,0.9782885313034058,0.9819999989122152,0.6702132556491938
trotting,1,action_space,-1.0,2.5999999046325684,0.0,0.5,1.0,0.10999999940395355,0.0,0.33000001311302185,1.0,0.03999999910593033,push_lateral_pace_recovery,push_lateral,1.5,pacing,1000,0.7080402374267578,0.7080402374267578,1.3030844926834106,0.2138703465461731,0.07653839886188507,0.22817757725715637,1.4943995475769043,0.07653839886188507,0.013306815177202225,0.1405506432056427,0.08587583899497986,0.5678384900093079,0.6439741849899292,0.5095709562301636,0.44889065623283386,0.22817757725715637,0.10469995439052582,0.0022864893544465303,0.0017347901593893766,0.40077048540115356,0.02610301971435547,212.5153350830078,159.35333251953125,35.15116882324219,69.859130859375,560.998779296875,0.07469891011714935,0.16574999690055847,0.717082142829895,2.2373976707458496,1.0240000486373901,0.026061713695526123,0.029999924823641777,2.6144402027130127,0.5,0.108916737139225,0.33000147342681885,0.0385553203523159,0.8372963666915894,0.6428472995758057,0.9305574893951416,0.4900806248188019,0.4794083535671234,0.7867644429206848,0.3644021153450012,0.7890084981918335,0.7357160449028015,0.48182788491249084,0.861456036567688,1.0,0.9716652631759644,0.11900340020656586,0.2006029486656189,1.0,0.024000000208616257,0.004000000189989805,0.020000001415610313,1.024,0.7002755403518677,1.4781604980335448,0.11535516970297527,0.2930457967536471,0.8024800215518946,0.6699930270031427,0.32357372326956,0.06341355938469238,0.13030856847763062,0.01969105564057827,163.0863817935398,0.8327997326850891,0.5941342115402222,0.9227235317230225,0.17195269465446472,0.5932968854904175,0.44863709807395935,0.5791234374046326,0.436594694852829,0.9716652631759644,0.9799999985843897,0.669556233076713
trotting,1,action_space,-1.0,2.5999999046325684,0.0,0.5,1.0,0.10999999940395355,1.0,0.3700000047683716,-1.0,-0.03999999910593033,push_lateral_pace_recovery,push_lateral,1.5,pacing,1000,0.6859389543533325,0.6859389543533325,1.2868561744689941,0.22868505120277405,0.07746231555938721,0.2431740164756775,1.539036750793457,0.07746231555938721,0.015106295235455036,0.16933265328407288,0.08384157717227936,0.5438732504844666,0.5417054891586304,0.4986538290977478,0.45726606249809265,0.2431740164756775,0.11306317150592804,0.005210572853684425,0.0018508359789848328,0.3991245627403259,0.02726302295923233,211.74485778808594,159.2927703857422,35.228736877441406,69.31071472167969,326.31658935546875,0.07627187669277191,0.1433333456516266,0.6669827699661255,2.031935453414917,1.0320000648498535,0.025737129151821136,0.029999924823641777,2.6143932342529297,0.5,0.10892026126384735,0.36855965852737427,-0.03856000676751137,0.82602858543396,0.6120125651359558,0.8776419758796692,0.5098062753677368,0.49280816316604614,0.7620458602905273,0.34730350971221924,0.6958913207054138,0.7421022653579712,0.4807300567626953,0.8615000247955322,1.0,0.9657028913497925,0.06457634270191193,0.1502312272787094,1.0,0.024000000208616257,0.004000000189989805,0.020000001415610313,1.032,0.6463010921034702,1.4031855033861895,0.1229076695550568,0.28955410059655406,0.7360064464110558,0.67621450923364,0.3362486750991415,0.08403218926500283,0.12868564575910568,0.021313978359103203,164.54430727307962,0.8112431764602661,0.5535871982574463,0.8682911992073059,0.15863287448883057,0.5796908140182495,0.450116366147995,0.6112602949142456,0.4883774518966675,0.9657028913497925,0.9799999985843897,0.6490324900891536
trotting,1,action_space,-1.0,2.5999999046325684,0.0,0.5,1.0,0.10999999940395355,1.0,0.3700000047683716,0.0,0.0,push_lateral_pace_recovery,push_lateral,1.5,pacing,1000,0.6894242763519287,0.6894242763519287,1.2971665859222412,0.2183738350868225,0.07882218062877655,0.24931436777114868,1.7600681781768799,0.07882218062877655,0.016675863415002823,0.15200001001358032,0.08898985385894775,0.551872730255127,0.6086500883102417,0.4891476631164551,0.42161959409713745,0.24931436777114868,0.12259432673454285,0.0030748837161809206,0.0019404853228479624,0.4124091863632202,0.025178078562021255,215.87380981445312,160.616943359375,35.118995666503906,69.83350372314453,451.72662353515625,0.07532674819231033,0.163833349943161,0.77158522605896,2.4564411640167236,1.0240000486373901,0.02594335377216339,0.029999924823641777,2.6149935722351074,0.5,0.10887522995471954,0.36849963665008545,0.0,0.8381142616271973,0.6084768772125244,0.915071427822113,0.49716824293136597,0.4941595196723938,0.7576994895935059,0.2838582396507263,0.7589894533157349,0.7359863519668579,0.4717872142791748,0.8609372973442078,1.0,0.9704952239990234,0.12012603878974915,0.20467904210090637,1.0,0.02500000037252903,0.0020000000949949026,0.023000001907348633,1.024,0.7535011768341064,1.548827971065172,0.12913505881441656,0.29831167234781103,0.7801602965482425,0.6493224115161416,0.3501347265475718,0.07081927025202168,0.12971676886081696,0.02028285525739193,166.4194962753949,0.82634037733078,0.5370970368385315,0.904559314250946,0.12324444949626923,0.6043742895126343,0.4383145868778229,0.5489669442176819,0.4407987892627716,0.9704952239990234,0.9769999980926514,0.6447171763731883
trotting,1,action_space,-1.0,2.5999999046325684,0.0,0.5,1.0,0.10999999940395355,1.0,0.3700000047683716,1.0,0.03999999910593033,push_lateral_pace_recovery,push_lateral,1.5,pacing,1000,0.6933473944664001,0.6933473944664001,1.2726495265960693,0.23915910720825195,0.07479219138622284,0.2541311979293823,1.5509064197540283,0.07479219138622284,0.013177166692912579,0.1390143632888794,0.0848824679851532,0.5744378566741943,0.6646363735198975,0.541446328163147,0.6278687119483948,0.2541311979293823,0.12617696821689606,0.0033104317262768745,0.0018939028959721327,0.4059404134750366,0.03424254432320595,208.61669921875,155.06100463867188,34.86027145385742,68.90995788574219,190.59353637695312,0.0765763521194458,0.1549167037010193,0.6890283823013306,2.122889757156372,1.0140000581741333,0.025452986359596252,0.029999924823641777,2.614633560180664,0.5,0.10890223830938339,0.3685356378555298,0.03853599727153778,0.8271781802177429,0.6045454740524292,0.9215295910835266,0.48663538694381714,0.48394352197647095,0.7549748420715332,0.3599609136581421,0.7890147566795349,0.7322009801864624,0.474323034286499,0.8612749576568604,1.0,0.964944064617157,0.06513497978448868,0.15119102597236633,1.0,0.02500000037252903,0.007000000216066837,0.018000001087784767,1.014,0.6795151689819096,1.4469207078994428,0.11479184070704929,0.29134595927376994,0.8152523373286933,0.7923816706287411,0.35521397525561416,0.07214107444617808,0.12726493179798126,0.022734692320227623,163.92313426362793,0.7954968810081482,0.5242289900779724,0.901147186756134,0.1629275232553482,0.5041654109954834,0.44402214884757996,0.5925056338310242,0.46089568734169006,0.964944064617157,0.9819999989122152,0.6490786216006831
trotting,1,action_space,0.0,3.0,0.0,0.5,-1.0,0.04999999701976776,-1.0,0.2900000214576721,-1.0,-0.03999999910593033,push_lateral_pace_recovery,push_lateral,1.5,pacing,1000,0.6938253045082092,0.6938253045082092,1.2420547008514404,0.2858760952949524,0.09574198722839355,0.2336510717868805,1.4813268184661865,0.09574198722839355,0.03280274197459221,0.18587154150009155,0.09499061107635498,0.6060324907302856,1.6460634469985962,0.44350260496139526,0.43007755279541016,0.2336510717868805,0.154532328248024,0.006148128770291805,0.008284129202365875,0.41691339015960693,0.031238466501235962,217.82882690429688,162.3445587158203,33.226234436035156,65.95367431640625,320.68011474609375,0.06394128501415253,0.18683332204818726,0.5683813095092773,1.556933879852295,1.1480000019073486,0.02484109252691269,0.029999924823641777,3.000000238418579,0.5,0.05116025358438492,0.29154691100120544,-0.038452982902526855,0.7868688702583313,0.6767215132713318,0.8454905152320862,0.5885993242263794,0.543222188949585,0.8037608861923218,0.3623008131980896,0.6604207158088684,0.7292410731315613,0.47681838274002075,0.13950340449810028,1.0,0.9693912863731384,0.12113746255636215,0.20740389823913574,0.9998000264167786,0.026000000536441803,0.003000000026077032,0.023000001907348633,1.148,0.495105597200294,1.1645660299746872,0.1811152726155147,0.30820546892674533,1.2829900416599485,0.6558029832163088,0.3931060012872151,0.12013433303039428,0.12420546263456345,0.02579416148364544,175.37780482210093,0.7211554646492004,0.5793038010597229,0.7492780685424805,0.11796332150697708,0.5353848934173584,0.4343838095664978,0.7124443054199219,0.39291319251060486,0.9693912863731384,0.9769999980926514,0.6072027396697264
trotting,1,action_space,0.0,3.0,0.0,0.5,-1.0,0.04999999701976776,-1.0,0.2900000214576721,0.0,0.0,push_lateral_pace_recovery,push_lateral,1.5,pacing,1000,0.7330160737037659,0.7330160737037659,1.319665789604187,0.21340814232826233,0.07266490161418915,0.19297221302986145,1.5233840942382812,0.07266490161418915,0.013518644496798515,0.14879563450813293,0.08899758756160736,0.44646185636520386,0.4375358819961548,0.4099843502044678,0.3400317430496216,0.19297221302986145,0.08133257925510406,0.002792526036500931,0.002029622904956341,0.38759249448776245,0.026821056380867958,182.19528198242188,132.02186584472656,34.579429626464844,69.13871765136719,474.8017272949219,0.05821617692708969,0.19691666960716248,0.5778868794441223,1.4935919046401978,1.1700000762939453,0.026393316686153412,0.029999924823641777,3.000000238418579,0.5,0.05116996914148331,0.2915598154067993,0.0,0.8276894688606262,0.7054401636123657,0.9192477464675903,0.5987975597381592,0.5829281210899353,0.8311586380004883,0.3920108675956726,0.7660559415817261,0.7220189571380615,0.4844628572463989,0.13962489366531372,1.0,0.9772754907608032,0.2354290783405304,0.3125845491886139,1.0,0.026000000536441803,0.009999999776482582,0.01600000075995922,1.17,0.49392037676949785,1.1298558250339943,0.11626970584291729,0.29832463452019403,0.6614649514495494,0.583122408289736,0.285188673083459,0.06944169454626861,0.13196658343076706,0.018033040687441826,138.06168457020357,0.833457887172699,0.6890904307365417,0.908061683177948,0.16633407771587372,0.5848375558853149,0.4606185555458069,0.7267712354660034,0.37359485030174255,0.9772754907608032,0.9839999992400408,0.6796299262115589
trotting,1,action_space,0.0,3.0,0.0,0.5,-1.0,0.04999999701976776,-1.0,0.2900000214576721,1.0,0.03999999910593033,push_lateral_pace_recovery,push_lateral,1.5,pacing,1000,0.7133095264434814,0.7133095264434814,1.3014910221099854,0.2424025982618332,0.08234493434429169,0.20410937070846558,1.4499218463897705,0.08234493434429169,0.02044443041086197,0.1297547072172165,0.07528899610042572,0.47001856565475464,0.5923484563827515,0.4222617745399475,0.41636550426483154,0.20410937070846558,0.09287716448307037,0.002440531039610505,0.0018856695387512445,0.3811997175216675,0.026662738993763924,189.86663818359375,138.6249237060547,34.20749282836914,67.77752685546875,584.3651733398438,0.05911453068256378,0.18933331966400146,0.6045138239860535,1.5843136310577393,1.1579999923706055,0.02602982148528099,0.029999924823641777,3.000000238418579,0.5,0.05116957053542137,0.29155927896499634,0.038440555334091187,0.8176409006118774,0.698183536529541,0.9313713312149048,0.5954623222351074,0.5765565633773804,0.8215169906616211,0.378839373588562,0.8027466535568237,0.7275572419166565,0.4918954372406006,0.13961994647979736,1.0,0.9693151116371155,0.12129604816436768,0.20919376611709595,1.0,0.026000000536441803,0.004999999888241291,0.021000001579523087,1.158,0.5220326372584737,1.1696778842131528,0.14298402152290293,0.274388403728047,0.7696417714643297,0.6452639028063104,0.30475755032988167,0.06577385938472631,0.13014910742640495,0.019850516691803932,145.88394000273684,0.7905423045158386,0.6592803597450256,0.9171135425567627,0.15585792064666748,0.5866922736167908,0.46654564142227173,0.7103222012519836,0.38803234696388245,0.9693151116371155,0.9789999984204769,0.666307838108295
trotting,1,action_space,0.0,3.0,0.0,0.5,-1.0,0.04999999701976776,0.0,0.33000001311302185,-1.0,-0.03999999910593033,push_lateral_pace_recovery,push_lateral,1.5,pacing,1000,0.7182186841964722,0.7182186841964722,1.3215125799179077,0.21181342005729675,0.0782475620508194,0.21143153309822083,1.5471222400665283,0.0782475620508194,0.016813356429338455,0.1877787709236145,0.09952092915773392,0.4826880693435669,0.5378618240356445,0.43233025074005127,0.41753727197647095,0.21143153309822083,0.10028186440467834,0.00566352903842926,0.001996082253754139,0.40329301357269287,0.027521908283233643,195.57894897460938,140.719970703125,34.72370529174805,69.062255859375,302.8577575683594,0.058788757771253586,0.19608336687088013,0.6286964416503906,1.6135616302490234,1.1740000247955322,0.026430252939462662,0.029999924823641777,3.000000238418579,0.5,0.051125090569257736,0.33000147342681885,-0.038499847054481506,0.8362032175064087,0.6785902976989746,0.8663468360900879,0.5881010293960571,0.5708527565002441,0.8088011145591736,0.35691946744918823,0.662360429763794,0.7210792303085327,0.4762246310710907,0.13906383514404297,1.0,0.9781495332717896,0.23414182662963867,0.3083440065383911,1.0,0.02500000037252903,0.005000000353902578,0.019999999552965164,1.174,0.5355165341846785,1.1723538558835491,0.12966632727635366,0.31546937911267064,0.7333906353612953,0.6461712404436388,0.3166731191697179,0.08751920527623294,0.1321512646973133,0.017848359420895576,147.99628240145753,0.8357216119766235,0.6395228505134583,0.857964813709259,0.15207380056381226,0.576697051525116,0.4463793933391571,0.7092101573944092,0.3751547038555145,0.9781495332717896,0.9800000004470348,0.6607154028920027
trotting,1,action_space,0.0,3.0,0.0,0.5,-1.0,0.04999999701976776,0.0,0.33000001311302185,0.0,0.0,push_lateral_pace_recovery,push_lateral,1.5,pacing,1000,0.7653388977050781,0.7653388977050781,1.293350338935852,0.24278435111045837,0.0786437913775444,0.22154498100280762,1.4730889797210693,0.0786437913775444,0.02183467335999012,0.15376931428909302,0.09073618054389954,0.4703978896141052,0.5607877969741821,0.41395604610443115,0.37680119276046753,0.22154498100280762,0.13076914846897125,0.003256718162447214,0.0025470778346061707,0.39227208495140076,0.034381985664367676,194.10781860351562,142.1920166015625,34.675567626953125,68.7471923828125,391.14837646484375,0.05890846997499466,0.1861666738986969,0.6264271140098572,1.6327277421951294,1.152000069618225,0.025866996496915817,0.029999924823641777,3.000000238418579,0.5,0.051123686134815216,0.33000147342681885,0.0,0.8193924427032471,0.66996169090271,0.9155404567718506,0.6026986241340637,0.5761076211929321,0.8033522963523865,0.40017029643058777,0.7521471977233887,0.7237391471862793,0.48527729511260986,0.13904672861099243,1.0,0.9877471327781677,0.4768434166908264,0.5278427600860596,1.0,0.02500000037252903,0.005000000353902578,0.019999999552965164,1.152,0.5437735451592339,1.1905033880487559,0.14776560276326192,0.30122446870050174,0.748857661357739,0.6138413416840443,0.36162017154601767,0.07618264892384213,0.1293349824845791,0.0206646416336298,150.08139153017459,0.7899568676948547,0.6121231317520142,0.8904076218605042,0.14811260998249054,0.5027613043785095,0.4563276767730713,0.701647162437439,0.3942250609397888,0.9877471327781677,0.9800000004470348,0.6539332987024234
trotting,1,action_space,0.0,3.0,0.0,0.5,-1.0,0.04999999701976776,0.0,0.33000001311302185,1.0,0.03999999910593033,push_lateral_pace_recovery,push_lateral,1.5,pacing,1000,0.7456566095352173,0.7456566095352173,1.305448055267334,0.2289344072341919,0.07643425464630127,0.225816011428833,1.1720119714736938,0.07643425464630127,0.0175568088889122,0.13642844557762146,0.08880694955587387,0.4548732042312622,0.4630858898162842,0.44362491369247437,0.44637876749038696,0.225816011428833,0.10838381201028824,0.0025290613994002342,0.0022358973510563374,0.4037819802761078,0.03492969647049904,185.661376953125,132.92242431640625,34.75681686401367,69.29563903808594,237.48597717285156,0.05854007601737976,0.18783335387706757,0.5826828479766846,1.438023567199707,1.1630001068115234,0.026108959689736366,0.029999924823641777,3.000000238418579,0.5,0.051171764731407166,0.33000147342681885,0.0384376235306263,0.8233116865158081,0.6591480374336243,0.9272944927215576,0.5806140899658203,0.584409236907959,0.7949821949005127,0.48345354199409485,0.796023964881897,0.7163205742835999,0.4755818545818329,0.13964736461639404,1.0,0.9772698283195496,0.23546983301639557,0.31293025612831116,1.0,0.026000000536441803,0.007000000216066837,0.01900000125169754,1.163,0.5010170776682072,1.1119701391151422,0.1325021089979786,0.29800494887815854,0.6805041438641533,0.6681158338868994,0.32921696798659733,0.06902868063679453,0.13054479844868183,0.019454825669527054,142.22042478366146,0.8108729720115662,0.6005383729934692,0.9091008901596069,0.21802443265914917,0.49728402495384216,0.44594308733940125,0.7340931296348572,0.3909534513950348,0.9772698283195496,0.9809999987483025,0.6765930889508662
trotting,1,action_space,0.0,3.0,0.0,0.5,-1.0,0.04999999701976776,1.0,0.3700000047683716,-1.0,-0.03999999910593033,push_lateral_pace_recovery,push_lateral,1.5,pacing,1000,0.7063589096069336,0.7063589096069336,1.3040812015533447,0.23153477907180786,0.07174649834632874,0.20749343931674957,1.466984748840332,0.07174649834632874,0.013178173452615738,0.18420544266700745,0.0957135409116745,0.43765294551849365,0.4117097556591034,0.41714978218078613,0.42833298444747925,0.20749343931674957,0.092852883040905,0.006237112917006016,0.0014441778184846044,0.4029696583747864,0.028887130320072174,196.33993530273438,142.45606994628906,35.15087127685547,69.05768585205078,358.2946472167969,0.059484489262104034,0.200500026345253,0.7215262651443481,1.925966739654541,1.1660000085830688,0.026081614196300507,0.029999924823641777,3.000000238418579,0.5,0.05112849920988083,0.3684949278831482,-0.03849531710147858,0.8292946815490723,0.6646029949188232,0.867165744304657,0.599007248878479,0.591434121131897,0.8047878742218018,0.3942367434501648,0.6623409986495972,0.7272589206695557,0.47863325476646423,0.13910657167434692,1.0,0.9704850912094116,0.12017972767353058,0.20516139268875122,1.0,0.02500000037252903,0.004000000189989805,0.021000001579523087,1.166,0.6188046699118246,1.285212956549613,0.11479622577687708,0.3093760509665777,0.6416461296221644,0.6544715306623193,0.30471771041556645,0.08764297310960315,0.13040807098150253,0.019591553136706352,150.5580596276258,0.8069985508918762,0.6501609683036804,0.8575928807258606,0.1771872341632843,0.5611637234687805,0.44666817784309387,0.6616999506950378,0.3669608235359192,0.9704850912094116,0.9789999984204769,0.6634289051095645
trotting,1,action_space,0.0,3.0,0.0,0.5,-1.0,0.04999999701976776,1.0,0.3700000047683716,0.0,0.0,push_lateral_pace_recovery,push_lateral,1.5,pacing,1000,0.7274339199066162,0.7274339199066162,1.3214311599731445,0.21623677015304565,0.07423616945743561,0.22002875804901123,1.4286267757415771,0.07423616945743561,0.01636475883424282,0.1510966420173645,0.08553040772676468,0.43605658411979675,0.37905406951904297,0.4190721809864044,0.3467422127723694,0.22002875804901123,0.09439047425985336,0.002907457062974572,0.0018866920145228505,0.4129455089569092,0.037034064531326294,191.49493408203125,136.6844482421875,35.494537353515625,70.32424926757812,464.66021728515625,0.05908868461847305,0.19824999570846558,0.6697243452072144,1.740612506866455,1.1700000762939453,0.026428623124957085,0.029999924823641777,3.000000238418579,0.5,0.051124975085258484,0.3684996962547302,0.0,0.8223193883895874,0.6493412256240845,0.9189881086349487,0.5924222469329834,0.5867613554000854,0.7926296591758728,0.3906610608100891,0.7538171410560608,0.7259824275970459,0.4703293442726135,0.1390625536441803,1.0,0.9781496524810791,0.2341395914554596,0.3083289861679077,1.0,0.02500000037252903,0.00800000037997961,0.017000000923871994,1.17,0.5724138830462072,1.219714238876972,0.1279248171163157,0.29245582183770025,0.6156736712894607,0.5888482086007985,0.3072303277019594,0.06923979403130416,0.13214311562478542,0.017856508493423462,144.91480137786596,0.829416036605835,0.6162351965904236,0.9085703492164612,0.1727478951215744,0.4767889678478241,0.4378446936607361,0.6894054412841797,0.37111252546310425,0.9781496524810791,0.982999999076128,0.6702063666322292
trotting,1,action_space,0.0,3.0,0.0,0.5,-1.0,0.04999999701976776,1.0,0.3700000047683716,1.0,0.03999999910593033,push_lateral_pace_recovery,push_lateral,1.5,pacing,1000,0.7048513889312744,0.7048513889312744,1.317861557006836,0.222891166806221,0.08267489075660706,0.25265005230903625,1.5916516780853271,0.08267489075660706,0.02322264388203621,0.1375316083431244,0.0834144800901413,0.4423619508743286,0.4888913631439209,0.40958765149116516,0.3769187033176422,0.25265005230903625,0.1867561936378479,0.0032785627990961075,0.002720552496612072,0.40386658906936646,0.03080274909734726,190.22265625,137.20187377929688,34.61701583862305,68.98240661621094,435.5530700683594,0.0589473657310009,0.17641665041446686,0.5782984495162964,1.4463469982147217,1.1630001068115234,0.026357239112257957,0.029999924823641777,3.000000238418579,0.5,0.051125019788742065,0.3684995472431183,0.03849993273615837,0.8214693069458008,0.6413946151733398,0.9312798976898193,0.6050252914428711,0.5975357294082642,0.7844104766845703,0.3546215891838074,0.789985179901123,0.7298824787139893,0.47657281160354614,0.13906320929527283,1.0,0.9704951047897339,0.12012651562690735,0.20468226075172424,1.0,0.02500000037252903,0.007000000216066837,0.018000001087784767,1.163,0.49724712027421003,1.1151836172945409,0.15238977617293165,0.28881565070151805,0.6992076681100694,0.6139370515921336,0.4321529748108277,0.07745395597197202,0.1317861955612898,0.018213428556919098,144.34191151461997,0.8197778463363647,0.5281787514686584,0.8869361281394958,0.12795141339302063,0.5400708317756653,0.4458676278591156,0.7327808141708374,0.41391971707344055,0.9704951047897339,0.9819999989122152,0.6425482587745557
trotting,1,action_space,0.0,3.0,0.0,0.5,0.0,0.07999999821186066,-1.0,0.2900000214576721,-1.0,-0.03999999910593033,push_lateral_pace_recovery,push_lateral,1.5,pacing,1000,0.7162154912948608,0.7162154912948608,1.3192830085754395,0.21760272979736328,0.07729625701904297,0.20493489503860474,1.6282644271850586,0.07729625701904297,0.01588093861937523,0.18249979615211487,0.09273935109376907,0.450330525636673,0.504568338394165,0.4024769365787506,0.36197060346603394,0.20493489503860474,0.08506230264902115,0.005228133872151375,0.0015366917941719294,0.394744336605072,0.027165472507476807,202.77377319335938,150.59017944335938,34.54789733886719,69.45616912841797,144.05233764648438,0.06493759155273438,0.1627500057220459,0.646687388420105,1.825242042541504,1.1749999523162842,0.02638566493988037,0.029999924823641777,3.000000238418579,0.5,0.08000031858682632,0.2915571331977844,-0.038442812860012054,0.8254817724227905,0.6885148286819458,0.8797236680984497,0.604316234588623,0.5870816111564636,0.8199102282524109,0.33400803804397583,0.6673296689987183,0.726523756980896,0.4824957847595215,0.5,1.0,0.9772779941558838,0.2353830337524414,0.31224513053894043,1.0,0.026000000536441803,0.009000000543892384,0.017000000923871994,1.175,0.5503722365359043,1.2463536410681053,0.12601959617208439,0.30453136307081585,0.7103297392015662,0.6016399284173499,0.291654423331828,0.08224856026899988,0.13192832469940186,0.01807129941880703,153.69998088000415,0.8274523019790649,0.6570579409599304,0.8734568953514099,0.1428609937429428,0.5808228850364685,0.4540769159793854,0.6781753897666931,0.4431929588317871,0.9772779941558838,0.982999999076128,0.6626717010751749
trotting,1,action_space,0.0,3.0,0.0,0.5,0.0,0.07999999821186066,-1.0,0.2900000214576721,0.0,0.0,push_lateral_pace_recovery,push_lateral,1.5,pacing,1000,0.7618107795715332,0.7618107795715332,1.3038702011108398,0.22679683566093445,0.08639362454414368,0.2125450223684311,1.4486901760101318,0.08639362454414368,0.025271207094192505,0.15397846698760986,0.08943904936313629,0.4641321897506714,0.5768582224845886,0.42262589931488037,0.35251349210739136,0.2125450223684311,0.11153959482908249,0.003112057689577341,0.003777504898607731,0.4081253409385681,0.039218395948410034,206.96377563476562,153.90020751953125,35.19861602783203,70.2135009765625,428.12603759765625,0.06597435474395752,0.1731666922569275,0.7211122512817383,2.0100135803222656,1.1610000133514404,0.026077384129166603,0.029999924823641777,3.000000238418579,0.5,0.08000031858682632,0.291501522064209,0.0,0.8204081058502197,0.6923421621322632,0.9109082221984863,0.583441972732544,0.5885354280471802,0.8184942007064819,0.37262409925460815,0.7528271675109863,0.7217682003974915,0.47779831290245056,0.5,1.0,0.9877463579177856,0.4769032597541809,0.5282477736473083,1.0,0.02500000037252903,0.007000000216066837,0.018000001087784767,1.161,0.621112991057009,1.3157802687126312,0.15896920171590628,0.29906362092895267,0.7595118316949306,0.5937284666473315,0.3339754404579512,0.08300338901626289,0.13038692064583302,0.01961270347237587,158.730351731669,0.8140388131141663,0.6365108489990234,0.8712805509567261,0.14168991148471832,0.4564080834388733,0.4420860707759857,0.6486775875091553,0.4207007586956024,0.9877463579177856,0.9819999989122152,0.6564491806695095
trotting,1,action_space,0.0,3.0,0.0,0.5,0.0,0.07999999821186066,-1.0,0.2900000214576721,1.0,0.03999999910593033,push_lateral_pace_recovery,push_lateral,1.5,pacing,1000,0.7290225028991699,0.7290225028991699,1.3294873237609863,0.20587527751922607,0.06569882482290268,0.18941108882427216,1.6424676179885864,0.06569882482290268,0.009037332609295845,0.133550763130188,0.07935096323490143,0.4127533435821533,0.43174752593040466,0.4056938886642456,0.3642888069152832,0.18941108882427216,0.0745014101266861,0.0022965832613408566,0.001650828286074102,0.3936729431152344,0.026002060621976852,203.5445556640625,149.9770050048828,35.11457824707031,68.97799682617188,435.4168395996094,0.06475108861923218,0.16341668367385864,0.7457172274589539,2.109592914581299,1.1670000553131104,0.026589738205075264,0.029999924823641777,3.000000238418579,0.5,0.08000031858682632,0.2915000319480896,0.03849989175796509,0.8453578352928162,0.7041462659835815,0.935818076133728,0.5972909927368164,0.5987356901168823,0.8324462175369263,0.34755825996398926,0.8014411330223083,0.7375697493553162,0.4850711226463318,0.5,1.0,0.9781495928764343,0.23414137959480286,0.3083409070968628,1.0,0.02500000037252903,0.006000000052154064,0.01900000125169754,1.167,0.639003567340135,1.3445095350480216,0.09506488631085531,0.2816930301496674,0.6570749774039525,0.6035634241032861,0.272949464419123,0.06282842945207973,0.13294869102537632,0.017050933092832565,153.10003489785473,0.8440542221069336,0.698538064956665,0.9240877628326416,0.161505788564682,0.5944960117340088,0.4550509452819824,0.6364009380340576,0.44171807169914246,0.9781495928764343,0.9809999987483025,0.6828513752955657
trotting,1,action_space,0.0,3.0,0.0,0.5,0.0,0.07999999821186066,0.0,0.33000001311302185,-1.0,-0.03999999910593033,push_lateral_pace_recovery,push_lateral,1.5,pacing,1000,0.7648388147354126,0.7648388147354126,1.3220257759094238,0.21474090218544006,0.06761162728071213,0.2058764398097992,1.454688310623169,0.06761162728071213,0.010590722784399986,0.19388845562934875,0.10401350259780884,0.43528205156326294,0.4031755328178406,0.43357786536216736,0.4132341146469116,0.2058764398097992,0.09011310338973999,0.006011150777339935,0.0016292587388306856,0.4074212908744812,0.023863535374403,211.0823974609375,154.9647674560547,34.79975891113281,68.99819946289062,400.84576416015625,0.0665023922920227,0.1707499921321869,0.8256449699401855,2.4989864826202393,1.1590001583099365,0.026440516114234924,0.029999924823641777,3.000000238418579,0.5,0.08000031858682632,0.33000147342681885,-0.038380175828933716,0.836084246635437,0.672092080116272,0.8682301044464111,0.5824121236801147,0.579886794090271,0.8054651021957397,0.4175036549568176,0.6501798033714294,0.723268985748291,0.47400134801864624,0.5,1.0,0.986766517162323,0.47907453775405884,0.5343258380889893,1.0,0.027000000700354576,0.004000000189989805,0.023000001907348633,1.159,0.7123769607083154,1.4683859557468235,0.10291123740583429,0.3225112441416715,0.6349610482681914,0.6428328823628359,0.3001884464627844,0.087409436081985,0.13220258057117462,0.017797043547034264,159.66587135242014,0.8315576910972595,0.6545213460922241,0.8582943081855774,0.18890656530857086,0.6204745173454285,0.4427089989185333,0.5833083391189575,0.4258151352405548,0.986766517162323,0.9769999980926514,0.6705288898486358
trotting,1,action_space,0.0,3.0,0.0,0.5,0.0,0.07999999821186066,0.0,0.33000001311302185,0.0,0.0,push_lateral_pace_recovery,push_lateral,1.5,pacing,1000,0.8423917293548584,0.8423917293548584,1.3058650493621826,0.22968989610671997,0.06829853355884552,0.20221902430057526,1.5150173902511597,0.06829853355884552,0.011940330266952515,0.15090999007225037,0.08288244158029556,0.4154777526855469,0.3731716275215149,0.4323233366012573,0.42335081100463867,0.20221902430057526,0.08052514493465424,0.00317233894020319,0.0014092089841142297,0.401077002286911,0.02952904812991619,211.99197387695312,159.20619201660156,34.7349739074707,69.08941650390625,330.57861328125,0.06502200663089752,0.17733335494995117,0.7310789227485657,2.065492868423462,1.162000060081482,0.026117298752069473,0.029999924823641777,3.000000238418579,0.5,0.08000031858682632,0.33000147342681885,0.0,0.826382040977478,0.6772933006286621,0.9219461679458618,0.5981800556182861,0.5982385873794556,0.8129849433898926,0.39144086837768555,0.7535771131515503,0.7360150218009949,0.4836570620536804,0.5,1.0,1.0,1.0,1.0,1.0,0.02500000037252903,0.003000000026077032,0.02200000174343586,1.162,0.6291556432202022,1.3332413221992725,0.10927181826506098,0.28789310790690276,0.6108777516995646,0.650654140849529,0.28376952784725534,0.0676871326347735,0.13058649376034737,0.01941313035786152,162.3383472744717,0.809749960899353,0.6643638610839844,0.9124417901039124,0.1731107085943222,0.5540053248405457,0.4483621418476105,0.6412197351455688,0.41202685236930847,1.0,0.9779999982565641,0.6729101300812684
trotting,1,action_space,0.0,3.0,0.0,0.5,0.0,0.07999999821186066,0.0,0.33000001311302185,1.0,0.03999999910593033,push_lateral_pace_recovery,push_lateral,1.5,pacing,1000,0.7696982622146606,0.7696982622146606,1.3156887292861938,0.221974179148674,0.07321863621473312,0.2168438732624054,1.3606743812561035,0.07321863621473312,0.014301320537924767,0.14157962799072266,0.08386092633008957,0.44705653190612793,0.43631112575531006,0.44353538751602173,0.48011764883995056,0.2168438732624054,0.09673789143562317,0.0024793390184640884,0.0017028134316205978,0.39892578125,0.03406296670436859,201.88182067871094,147.6385498046875,35.191871643066406,69.9790267944336,420.42669677734375,0.06452520936727524,0.16441667079925537,0.7588745951652527,2.2179391384124756,1.1600000858306885,0.026313770562410355,0.029999924823641777,3.000000238418579,0.5,0.08000031858682632,0.33000147342681885,0.03843993693590164,0.8263099193572998,0.6681829690933228,0.9320726990699768,0.5761759281158447,0.5930134654045105,0.8032472729682922,0.40699589252471924,0.7830886840820312,0.724254846572876,0.4794837236404419,0.5,1.0,0.987256646156311,0.47797679901123047,0.531204342842102,1.0,0.026000000536441803,0.007000000216066837,0.01900000125169754,1.16,0.6542021652747845,1.382756793150275,0.11958812874999243,0.28958751065971333,0.6605385119395463,0.6929052235623214,0.31102715546335047,0.06466956355260708,0.13156885281205177,0.018430771306157112,153.44193211128191,0.8211166262626648,0.6248693466186523,0.9197595119476318,0.1926845759153366,0.5059794187545776,0.4502953588962555,0.6200196743011475,0.43951502442359924,0.987256646156311,0.9809999987483025,0.6767295041145422
trotting,1,action_space,0.0,3.0,0.0,0.5,0.0,0.07999999821186066,1.0,0.3700000047683716,-1.0,-0.03999999910593033,push_lateral_pace_recovery,push_lateral,1.5,pacing,1000,0.7244799137115479,0.7244799137115479,1.2902650833129883,0.24386394023895264,0.08728721737861633,0.23791354894638062,1.2726783752441406,0.08728721737861633,0.022846218198537827,0.18650087714195251,0.089702308177948,0.471710205078125,0.5231122970581055,0.4363318085670471,0.35593748092651367,0.23791354894638062,0.12285856902599335,0.00590066984295845,0.0018981891917064786,0.41844630241394043,0.0319954939186573,208.24212646484375,153.34356689453125,35.838565826416016,70.82029724121094,483.7998962402344,0.06611128896474838,0.17149999737739563,0.8218988180160522,2.3450849056243896,1.1640000343322754,0.025805313140153885,0.029999924823641777,3.000000238418579,0.5,0.08000031858682632,0.3684996962547302,-0.03849993273615837,0.8096083402633667,0.6381481885910034,0.8690213561058044,0.5782310962677002,0.5809488296508789,0.7779359817504883,0.4266965389251709,0.650949239730835,0.7274818420410156,0.4675145745277405,0.5,1.0,0.9781495928764343,0.23414058983325958,0.3083357810974121,1.0,0.02500000037252903,0.006000000052154064,0.01900000125169754,1.164,0.7060985761819426,1.4193933886523118,0.15114965497326757,0.29950343600357576,0.723265025463077,0.5966049622040649,0.3505118671685644,0.0883111489828149,0.12902656570076942,0.02097305841743946,161.39483983410955,0.788298487663269,0.5677758455276489,0.8555787205696106,0.1773548573255539,0.5273399353027344,0.433054119348526,0.6043091416358948,0.42422133684158325,0.9781495928764343,0.9809999987483025,0.6494723451443207
trotting,1,action_space,0.0,3.0,0.0,0.5,0.0,0.07999999821186066,1.0,0.3700000047683716,0.0,0.0,push_lateral_pace_recovery,push_lateral,1.5,pacing,1000,0.7608867287635803,0.7608867287635803,1.322209358215332,0.21372583508491516,0.06809109449386597,0.21441835165023804,1.5639798641204834,0.06809109449386597,0.012510744854807854,0.16258251667022705,0.10153812170028687,0.44051700830459595,0.4091227054595947,0.43112075328826904,0.3782790005207062,0.21441835165023804,0.09391621500253677,0.003456259146332741,0.0015313022304326296,0.4203593134880066,0.026249434798955917,198.86410522460938,144.02691650390625,34.637123107910156,68.81825256347656,472.7828369140625,0.06584110856056213,0.164083331823349,0.702201247215271,1.9415664672851562,1.1660001277923584,0.02644418552517891,0.029999924823641777,3.000000238418579,0.5,0.08000031858682632,0.3684396743774414,0.0,0.8343595266342163,0.6630266904830933,0.914677083492279,0.5779807567596436,0.5926942825317383,0.7986452579498291,0.3670434057712555,0.740430474281311,0.7236677408218384,0.4618677496910095,0.5,1.0,0.987256646156311,0.4779750406742096,0.5311928391456604,1.0,0.026000000536441803,0.007000000216066837,0.01900000125169754,1.166,0.6022309553561856,1.2904074131101408,0.11185144100461046,0.3186504694807256,0.6396270049486612,0.6150439012954328,0.306457525609238,0.0706226690005792,0.13222092762589455,0.01777869649231434,150.40288740130276,0.8330056071281433,0.6314400434494019,0.9050625562667847,0.16296908259391785,0.591562032699585,0.4314003884792328,0.6594904065132141,0.44024816155433655,0.987256646156311,0.9809999987483025,0.6689462409569668
trotting,1,action_space,0.0,3.0,0.0,0.5,0.0,0.07999999821186066,1.0,0.3700000047683716,1.0,0.03999999910593033,push_lateral_pace_recovery,push_lateral,1.5,pacing,1000,0.7333896160125732,0.7333896160125732,1.30061674118042,0.23000654578208923,0.07658006250858307,0.2313813716173172,1.3557679653167725,0.07658006250858307,0.014895269647240639,0.14550840854644775,0.09234194457530975,0.43032974004745483,0.4190831184387207,0.42710524797439575,0.33004382252693176,0.2313813716173172,0.10736998170614243,0.0019633842166513205,0.00174259627237916,0.41531455516815186,0.02702745422720909,202.0365753173828,147.65115356445312,34.803611755371094,68.99724578857422,272.6594543457031,0.06557051837444305,0.17116665840148926,0.7403477430343628,2.058370590209961,1.1640000343322754,0.02601233869791031,0.029999924823641777,3.000000238418579,0.5,0.08000031858682632,0.3683926463127136,0.038392990827560425,0.8247578144073486,0.643603503704071,0.9391014575958252,0.5754655599594116,0.6017769575119019,0.7849871516227722,0.40877312421798706,0.781710147857666,0.7348238825798035,0.4697207808494568,0.5,1.0,0.9764527678489685,0.23649069666862488,0.3149782121181488,1.0,0.027000000700354576,0.006000000052154064,0.021000001579523087,1.164,0.6360375053694158,1.3297968366225594,0.12204617833935087,0.3038781739041318,0.6473662938698004,0.5744944060014264,0.3276735901871593,0.0608767647713845,0.13006169348955154,0.01993793062865734,155.33905486563052,0.8092786073684692,0.5854506492614746,0.9285606145858765,0.1913457214832306,0.5824283361434937,0.4357750415802002,0.6426918506622314,0.4249289631843567,0.9764527678489685,0.9789999984204769,0.6696422472596169
trotting,1,action_space,0.0,3.0,0.0,0.5,1.0,0.10999999940395355,-1.0,0.2900000214576721,-1.0,-0.03999999910593033,push_lateral_pace_recovery,push_lateral,1.5,pacing,1000,0.6902968883514404,0.6902968883514404,1.3105747699737549,0.2181612253189087,0.09342634677886963,0.2231353521347046,1.6944820880889893,0.09342634677886963,0.023989984765648842,0.17865203320980072,0.08749804645776749,0.4251596927642822,0.39268267154693604,0.4312435984611511,0.40759748220443726,0.2231353521347046,0.1054283007979393,0.004856840707361698,0.002020451007410884,0.3896262049674988,0.027105970308184624,217.54896545410156,164.34988403320312,33.98576354980469,67.13137817382812,453.02886962890625,0.07393927872180939,0.12833333015441895,0.7252333760261536,2.279385566711426,1.1630001068115234,0.026211479678750038,0.029999924823641777,3.000000238418579,0.5,0.10885698348283768,0.2915242910385132,-0.038475655019283295,0.8245464563369751,0.6671628355979919,0.8796212673187256,0.5876564979553223,0.5909247994422913,0.7992742657661438,0.29694685339927673,0.6748812198638916,0.7391853332519531,0.48160842061042786,0.8607093095779419,1.0,0.9698392152786255,0.12071992456912994,0.20561212301254272,1.0,0.026000000536441803,0.0010000000474974513,0.02500000037252903,1.163,0.6235884767304385,1.3999709043488835,0.15488700644550157,0.29580068704749063,0.6266439751142079,0.6384336161296938,0.3246972448265296,0.08292943816747213,0.1310573983937502,0.018942225724458694,165.99508127144713,0.8266472220420837,0.6078094840049744,0.8714944124221802,0.11368977278470993,0.5815144777297974,0.45874884724617004,0.6126388907432556,0.5264143347740173,0.9698392152786255,0.974999999627471,0.6465703034057068
trotting,1,action_space,0.0,3.0,0.0,0.5,1.0,0.10999999940395355,-1.0,0.2900000214576721,0.0,0.0,push_lateral_pace_recovery,push_lateral,1.5,pacing,1000,0.7263456583023071,0.7263456583023071,1.3030328750610352,0.22519665956497192,0.09377087652683258,0.21324101090431213,1.3888672590255737,0.09377087652683258,0.023959338665008545,0.1536945104598999,0.08834228664636612,0.4593922197818756,0.5154184699058533,0.43035754561424255,0.4167965054512024,0.21324101090431213,0.10483922064304352,0.002900331048294902,0.0024701659567654133,0.40248745679855347,0.022361058741807938,220.82379150390625,166.4235076904297,34.62387466430664,69.12098693847656,492.74078369140625,0.07332463562488556,0.14941668510437012,0.7887899875640869,2.4605660438537598,1.1690000295639038,0.02606065757572651,0.029999924823641777,3.000000238418579,0.5,0.10883030295372009,0.2915598750114441,0.0,0.8257891535758972,0.6796792149543762,0.9138101935386658,0.5800036191940308,0.585028886795044,0.8103575706481934,0.37155425548553467,0.7529471516609192,0.7357931733131409,0.48041316866874695,0.8603756427764893,1.0,0.9772754907608032,0.23542821407318115,0.3125789761543274,1.0,0.026000000536441803,0.004999999888241291,0.021000001579523087,1.169,0.6747561308744119,1.4508090182725877,0.15478804432193252,0.2972243035930375,0.7179265073152358,0.6455977892242215,0.3237888519437374,0.07328367488779691,0.13030328787863255,0.01969633623957634,169.46908687439117,0.8163973093032837,0.6346273422241211,0.8981574177742004,0.15442387759685516,0.6394025087356567,0.44709914922714233,0.5908390283584595,0.47374626994132996,0.9772754907608032,0.9789999984204769,0.6634243900577228
trotting,1,action_space,0.0,3.0,0.0,0.5,1.0,0.10999999940395355,-1.0,0.2900000214576721,1.0,0.03999999910593033,push_lateral_pace_recovery,push_lateral,1.5,pacing,1000,0.7125594615936279,0.7125594615936279,1.2671926021575928,0.26336199045181274,0.07503387331962585,0.22142881155014038,1.4101812839508057,0.07503387331962585,0.012062972411513329,0.1416935920715332,0.08395566046237946,0.4698312282562256,0.5493394136428833,0.4635167419910431,0.5239907503128052,0.22142881155014038,0.1140618771314621,0.0025219712406396866,0.004620225168764591,0.45108991861343384,0.03044016659259796,265.166748046875,202.86935424804688,33.15840530395508,66.01241302490234,353.3529357910156,0.07900810241699219,0.14766667783260345,0.800918459892273,2.4804952144622803,1.1190000772476196,0.02534385584294796,0.029999924823641777,3.000000238418579,0.5,0.10887481272220612,0.2915005087852478,0.03849944472312927,0.8094672560691833,0.6734943389892578,0.9051535725593567,0.5712323188781738,0.5789229869842529,0.8044418096542358,0.4127364158630371,0.7733477354049683,0.7373052835464478,0.46361327171325684,0.8609321117401123,1.0,0.9704949855804443,0.12013198435306549,0.20472055673599243,0.9998000264167786,0.02500000037252903,0.004000000189989805,0.021000001579523087,1.119,0.7157447685398515,1.4888609692879586,0.10983156382166889,0.28975103185731615,0.7411743476692129,0.7238720538277501,0.3377304800154438,0.08451151643062783,0.1267192792147398,0.023280344903469086,209.2552841575837,0.7577224373817444,0.6124382615089417,0.8668893575668335,0.1917734146118164,0.5440014600753784,0.40568438172340393,0.5745450854301453,0.47790974378585815,0.9704949855804443,0.9789999984204769,0.6539739486880791
trotting,1,action_space,0.0,3.0,0.0,0.5,1.0,0.10999999940395355,0.0,0.33000001311302185,-1.0,-0.03999999910593033,push_lateral_pace_recovery,push_lateral,1.5,pacing,1000,0.7168601751327515,0.7168601751327515,1.2506234645843506,0.28517821431159973,0.08808603882789612,0.26012158393859863,1.3203845024108887,0.08808603882789612,0.025800812989473343,0.1880098283290863,0.0971011146903038,0.5927282571792603,1.192020058631897,0.5005624294281006,0.5604536533355713,0.26012158393859863,0.16933640837669373,0.006569809280335903,0.0064249467104673386,0.469296932220459,0.030662283301353455,270.154541015625,206.8543701171875,32.69928741455078,65.47142791748047,423.7999572753906,0.08175815641880035,0.13750001788139343,0.6835014224052429,2.068929433822632,1.1180000305175781,0.025012478232383728,0.029999924823641777,3.000000238418579,0.5,0.10887525975704193,0.33000147342681885,-0.038500018417835236,0.7834696769714355,0.6340913772583008,0.8318750262260437,0.5560413599014282,0.558073878288269,0.7721692323684692,0.4302588701248169,0.6496129035949707,0.732561469078064,0.45064809918403625,0.8609376549720764,1.0,0.9781495928764343,0.2341393679380417,0.30832743644714355,0.9998000264167786,0.02500000037252903,0.004999999888241291,0.020000001415610313,1.118,0.6113608263046456,1.3603540011230657,0.16062631474784367,0.3116105176182341,1.0917967112204987,0.7486345258773277,0.4115050526745616,0.11399454368873645,0.12506239116191864,0.024937232956290245,216.0158902067393,0.722305953502655,0.5083259344100952,0.7711324691772461,0.15939007699489594,0.5415902137756348,0.3911775052547455,0.629618763923645,0.5028315186500549,0.9781495928764343,0.9799999985843897,0.6113866717578508
trotting,1,action_space,0.0,3.0,0.0,0.5,1.0,0.10999999940395355,0.0,0.33000001311302185,0.0,0.0,push_lateral_pace_recovery,push_lateral,1.5,pacing,1000,0.7651849985122681,0.7651849985122681,1.3038586378097534,0.228529691696167,0.08044037222862244,0.22952207922935486,1.413214921951294,0.08044037222862244,0.020285815000534058,0.16331703960895538,0.09180654585361481,0.44977274537086487,0.47778353095054626,0.443417489528656,0.4249206781387329,0.22952207922935486,0.11975526809692383,0.0036110072396695614,0.0018231875728815794,0.40271005034446716,0.024126671254634857,212.37542724609375,158.74542236328125,34.23236846923828,68.14598083496094,441.65045166015625,0.07321277260780334,0.1352500170469284,0.6842318773269653,2.074287176132202,1.1679999828338623,0.026077184826135635,0.029999924823641777,3.000000238418579,0.5,0.10878527909517288,0.33000147342681885,0.0,0.8171768188476562,0.6544042229652405,0.912385106086731,0.5700744390487671,0.5975239276885986,0.7896578311920166,0.40743207931518555,0.7272998690605164,0.7368230819702148,0.4731554388999939,0.85981285572052,1.0,0.986766517162323,0.47907692193984985,0.53434157371521,1.0,0.027000000700354576,0.006000000052154064,0.021000001579523087,1.168,0.5858149071262307,1.3326405157910781,0.14242828019931314,0.302995950226426,0.6912188734044711,0.6518594005909042,0.34605674115226226,0.07371699134223494,0.13038592413067818,0.01961369998753071,162.88224895518277,0.8114737272262573,0.5904892683029175,0.8970139026641846,0.1621990203857422,0.6172177195549011,0.4469001591205597,0.6414765119552612,0.5085203051567078,0.986766517162323,0.9789999984204769,0.6587551131080359
trotting,1,action_space,0.0,3.0,0.0,0.5,1.0,0.10999999940395355,0.0,0.33000001311302185,1.0,0.03999999910593033,push_lateral_pace_recovery,push_lateral,1.5,pacing,1000,0.7192500829696655,0.7192500829696655,1.3153313398361206,0.21503667533397675,0.07155287265777588,0.21475569903850555,1.6744368076324463,0.07155287265777588,0.013580857776105404,0.14272978901863098,0.08749227970838547,0.4593629837036133,0.46218976378440857,0.4229689836502075,0.3471340537071228,0.21475569903850555,0.09071315824985504,0.0020140132401138544,0.0018641906790435314,0.4105842113494873,0.03159001097083092,212.84983825683594,159.1360321044922,34.35122299194336,68.98771667480469,438.31805419921875,0.07262600213289261,0.15333333611488342,0.7601574659347534,2.3251841068267822,1.1610000133514404,0.026306631043553352,0.029999924823641777,3.000000238418579,0.5,0.10887528955936432,0.33000147342681885,0.03850003331899643,0.8340404033660889,0.6647926568984985,0.935386061668396,0.5711003541946411,0.5944621562957764,0.7980464696884155,0.31905263662338257,0.7812003493309021,0.7315998077392578,0.4686506986618042,0.8609378337860107,1.0,0.9781495928764343,0.2341390997171402,0.30832552909851074,1.0,0.02500000037252903,0.006000000052154064,0.01900000125169754,1.161,0.6547436775779232,1.4151827881106154,0.11653693738941917,0.29579093919250715,0.6798453969722885,0.5891808327730315,0.3011862517610242,0.06227522717066061,0.13153315521776676,0.018466468900442123,161.8222206150393,0.8311349749565125,0.6305264830589294,0.9253677129745483,0.14283660054206848,0.5316338539123535,0.43991735577583313,0.6061149835586548,0.46455901861190796,0.9781495928764343,0.9809999987483025,0.666806616844275
trotting,1,action_space,0.0,3.0,0.0,0.5,1.0,0.10999999940395355,1.0,0.3700000047683716,-1.0,-0.03999999910593033,push_lateral_pace_recovery,push_lateral,1.5,pacing,1000,0.6941304206848145,0.6941304206848145,1.322852611541748,0.2114444375038147,0.07266118377447128,0.2089182734489441,1.6815249919891357,0.07266118377447128,0.013883169740438461,0.1942475140094757,0.10393868386745453,0.44462600350379944,0.4000924229621887,0.4471914768218994,0.38794320821762085,0.2089182734489441,0.08741730451583862,0.006140194833278656,0.0014970859047025442,0.42398834228515625,0.025145431980490685,220.85443115234375,164.69140625,34.786842346191406,69.74198913574219,493.1581115722656,0.07386809587478638,0.16075000166893005,0.735275149345398,2.2294490337371826,1.1730000972747803,0.0264570489525795,0.029999924823641777,3.000000238418579,0.5,0.10883025825023651,0.3684396743774414,-0.03844001516699791,0.835046648979187,0.6668820381164551,0.8660613298416138,0.5605873465538025,0.5902844667434692,0.8034564852714539,0.31928104162216187,0.6464718580245972,0.7275804281234741,0.46031975746154785,0.8603752851486206,1.0,0.9693149328231812,0.12130186706781387,0.20923423767089844,1.0,0.026000000536441803,0.006000000052154064,0.020000001415610313,1.173,0.6268330319559889,1.3786363929241559,0.11782686340745246,0.3223952292876781,0.632528594580663,0.6228508715716956,0.29566417523237176,0.08739153699289881,0.1322852447628975,0.017714379355311394,166.95316562511377,0.8362438678741455,0.6463148593902588,0.85834801197052,0.1409727931022644,0.6047690510749817,0.4282805919647217,0.6217858195304871,0.4476471245288849,0.9693149328231812,0.9799999985843897,0.6581896490966662
trotting,1,action_space,0.0,3.0,0.0,0.5,1.0,0.10999999940395355,1.0,0.3700000047683716,0.0,0.0,push_lateral_pace_recovery,push_lateral,1.5,pacing,1000,0.7348390817642212,0.7348390817642212,1.2991260290145874,0.22844499349594116,0.07977975904941559,0.23176422715187073,1.2843230962753296,0.07977975904941559,0.01723267324268818,0.159903883934021,0.08977727591991425,0.47064208984375,0.4885745048522949,0.4591958820819855,0.39360928535461426,0.23176422715187073,0.10891440510749817,0.0030961325392127037,0.001658462337218225,0.41069626808166504,0.03229730948805809,216.61370849609375,162.17825317382812,34.51161193847656,68.40550231933594,172.47596740722656,0.0731176808476448,0.15200001001358032,0.7393251657485962,2.24383544921875,1.1610000133514404,0.02598251774907112,0.029999924823641777,3.000000238418579,0.5,0.10883050411939621,0.3684399724006653,0.0,0.8190789222717285,0.6426500082015991,0.9183576107025146,0.565435528755188,0.5845865607261658,0.7830593585968018,0.4383707642555237,0.7405375838279724,0.7292824983596802,0.466715544462204,0.8603782653808594,1.0,0.9772756099700928,0.23542368412017822,0.31254827976226807,1.0,0.026000000536441803,0.003000000026077032,0.023000001907348633,1.161,0.6368003404931094,1.3902066735719056,0.131273276955701,0.29962856325776793,0.6989810475630186,0.6273828857680246,0.3300218251987256,0.06895357044004993,0.1299125887453556,0.02008703537285328,166.73802514787536,0.8115993738174438,0.584413468837738,0.9092893600463867,0.1961302012205124,0.5241663455963135,0.43981876969337463,0.6168257594108582,0.4676664173603058,0.9772756099700928,0.9769999980926514,0.6678007585115922
trotting,1,action_space,0.0,3.0,0.0,0.5,1.0,0.10999999940395355,1.0,0.3700000047683716,1.0,0.03999999910593033,push_lateral_pace_recovery,push_lateral,1.5,pacing,1000,0.718772292137146,0.718772292137146,1.3150758743286133,0.21707561612129211,0.08050063997507095,0.21559040248394012,1.3863259553909302,0.08050063997507095,0.025491513311862946,0.1466117799282074,0.0900648683309555,0.44813108444213867,0.416106641292572,0.46253320574760437,0.4632038474082947,0.21559040248394012,0.08990801870822906,0.002655469812452793,0.002006812021136284,0.4183509349822998,0.032521191984415054,219.00314331054688,163.12924194335938,35.209068298339844,70.902099609375,447.6904296875,0.07323585450649261,0.14916670322418213,0.7221178412437439,2.155980110168457,1.1700000762939453,0.026301508769392967,0.029999924823641777,3.000000238418579,0.5,0.10887517780065536,0.3684995770454407,0.038499921560287476,0.8329378962516785,0.6547897458076477,0.9275456666946411,0.5581405162811279,0.5875630378723145,0.7940990924835205,0.4241536259651184,0.7721953392028809,0.7354062795639038,0.4665667414665222,0.86093670129776,1.0,0.9704951643943787,0.12012665718793869,0.2046833336353302,1.0,0.02500000037252903,0.00800000037997961,0.017000000923871994,1.17,0.6171946990184295,1.3574674699691969,0.1596606191640974,0.30010809441092307,0.6450632847190825,0.6805908076137193,0.2998466586577697,0.0682809038720862,0.13150754384696484,0.01849208027124405,166.53270551583552,0.8282110095024109,0.6282656192779541,0.9109697341918945,0.15014463663101196,0.5218245387077332,0.4331367015838623,0.6308548450469971,0.4743387699127197,0.9704951643943787,0.982999999076128,0.6659402428911283
trotting,1,action_space,1.0,3.4000000953674316,0.0,0.5,-1.0,0.04999999701976776,-1.0,0.2900000214576721,-1.0,-0.03999999910593033,push_lateral_pace_recovery,push_lateral,1.5,pacing,1000,0.6929444074630737,0.6929444074630737,1.327716588973999,0.2369682788848877,0.08577616512775421,0.20542316138744354,1.5101706981658936,0.08577616512775421,0.020639166235923767,0.1925625205039978,0.09416019171476364,0.5237120985984802,0.5834022760391235,0.3739181160926819,0.3593311607837677,0.20542316138744354,0.10256445407867432,0.006924024783074856,0.002320805098861456,0.4007100462913513,0.026116343215107918,205.05581665039062,150.387451171875,34.27543640136719,68.98225402832031,241.74916076660156,0.05722332000732422,0.19741669297218323,0.759637713432312,2.0466690063476562,1.309000015258789,0.02655433490872383,0.029999924823641777,3.3843252658843994,0.5,0.05117620527744293,0.2915681004524231,-0.03843168914318085,0.8122425079345703,0.7044814825057983,0.8458808064460754,0.6467751264572144,0.5026277303695679,0.8257138729095459,0.3740951120853424,0.6290977597236633,0.7241641283035278,0.4787681996822357,0.13970306515693665,1.0,0.9627569913864136,0.06663385033607483,0.16069193184375763,1.0,0.026000000536441803,0.004999999888241291,0.021000001579523087,1.309,0.5803190483402167,1.2504143549059374,0.14366337820030464,0.30685532701056967,0.7638077480879095,0.5994423748649804,0.3202568564116533,0.09615003838759666,0.13277167454361916,0.01722794957458973,154.44246035130791,0.7988229990005493,0.6557427048683167,0.8311902284622192,0.14617450535297394,0.5931387543678284,0.44869133830070496,0.6764585971832275,0.3726620078086853,0.9627569913864136,0.9789999984204769,0.6508458059949752
trotting,1,action_space,1.0,3.4000000953674316,0.0,0.5,-1.0,0.04999999701976776,-1.0,0.2900000214576721,0.0,0.0,push_lateral_pace_recovery,push_lateral,1.5,pacing,1000,0.716328501701355,0.716328501701355,1.3303806781768799,0.23256663978099823,0.08361473679542542,0.1899024248123169,1.4103846549987793,0.08361473679542542,0.015616064891219139,0.16172775626182556,0.09420701861381531,0.5337045788764954,0.575822651386261,0.36937594413757324,0.3067033290863037,0.1899024248123169,0.09275668859481812,0.0031985128298401833,0.0021298062056303024,0.39641445875167847,0.02252988889813423,199.37155151367188,144.34201049804688,34.88892364501953,68.97709655761719,413.5644836425781,0.05739906430244446,0.19325000047683716,0.7472089529037476,1.9621517658233643,1.3040001392364502,0.02660762518644333,0.029999924823641777,3.38380765914917,0.5,0.05121500790119171,0.2916199266910553,0.0,0.8130688667297363,0.7227661609649658,0.9101227521896362,0.6489419341087341,0.5127566456794739,0.8417670726776123,0.40055978298187256,0.7390347719192505,0.7302306294441223,0.47713702917099,0.1401880532503128,1.0,0.9681347608566284,0.12247894704341888,0.2137976586818695,1.0,0.027000000700354576,0.003000000026077032,0.024000000208616257,1.304,0.5730129780213525,1.2266693444340226,0.12496425445390029,0.3069316187912469,0.758829790787276,0.5538080254802233,0.30455982761161743,0.07299533571037595,0.13303812593221664,0.01696149818599224,149.86052848188206,0.8054541945457458,0.6972374320030212,0.8989153504371643,0.17858225107192993,0.6372470855712891,0.45256271958351135,0.6864791512489319,0.3805072605609894,0.9681347608566284,0.9759999997913837,0.6753794388511242
trotting,1,action_space,1.0,3.4000000953674316,0.0,0.5,-1.0,0.04999999701976776,-1.0,0.2900000214576721,1.0,0.03999999910593033,push_lateral_pace_recovery,push_lateral,1.5,pacing,1000,0.7170044779777527,0.7170044779777527,1.3460770845413208,0.23598185181617737,0.08395540714263916,0.17814044654369354,1.2857383489608765,0.08395540714263916,0.015046460554003716,0.13645638525485992,0.08812952041625977,0.5004140138626099,0.4847894012928009,0.3848443925380707,0.35155147314071655,0.17814044654369354,0.06359632313251495,0.0020750435069203377,0.0017236601561307907,0.3946382999420166,0.028423301875591278,199.69537353515625,146.2608642578125,34.62688446044922,68.9649429321289,295.4994201660156,0.056471385061740875,0.20274999737739563,0.7438654899597168,1.8933109045028687,1.308000087738037,0.026921536773443222,0.029999924823641777,3.3840246200561523,0.5,0.05119876563549042,0.29159826040267944,0.03840162232518196,0.815273642539978,0.7170532941818237,0.9364405870437622,0.6407777667045593,0.5327169299125671,0.8431387543678284,0.43364614248275757,0.8009670972824097,0.7171831130981445,0.48132580518722534,0.1399848759174347,1.0,0.961685299873352,0.0673481747508049,0.16127127408981323,1.0,0.027000000700354576,0.007000000216066837,0.020000001415610313,1.308,0.5687044942780007,1.2031148383392705,0.12266401491066448,0.29686616583278697,0.6962681963818259,0.5929177625444498,0.25218311428903195,0.06163362445168326,0.1346076838672161,0.015391940250992775,148.35359418008588,0.8003150820732117,0.7280830144882202,0.9268402457237244,0.2046063244342804,0.5663935542106628,0.4541732370853424,0.6963719725608826,0.3628557324409485,0.961685299873352,0.9799999985843897,0.6905340427198471
trotting,1,action_space,1.0,3.4000000953674316,0.0,0.5,-1.0,0.04999999701976776,0.0,0.33000001311302185,-1.0,-0.03999999910593033,push_lateral_pace_recovery,push_lateral,1.5,pacing,1000,0.7166062593460083,0.7166062593460083,1.3251118659973145,0.2278977334499359,0.08005304634571075,0.1845902055501938,1.3663008213043213,0.08005304634571075,0.012983594089746475,0.1981717348098755,0.10083623975515366,0.5208128690719604,0.5300703644752502,0.378218412399292,0.3277815878391266,0.1845902055501938,0.06833789497613907,0.006865853443741798,0.0016041840426623821,0.39730304479599,0.026895929127931595,202.26519775390625,149.38955688476562,34.45594024658203,68.19306945800781,280.7403869628906,0.05639210715889931,0.19449999928474426,0.7480629682540894,1.9501744508743286,1.3000000715255737,0.026502244174480438,0.029999924823641777,3.3841586112976074,0.5,0.05118872597813606,0.33000147342681885,-0.03841501101851463,0.8246593475341797,0.7123209238052368,0.8512212634086609,0.6518128514289856,0.4948296844959259,0.8389685750007629,0.44386953115463257,0.6240694522857666,0.7296690940856934,0.47775641083717346,0.13985934853553772,1.0,0.9686586260795593,0.12190340459346771,0.21022263169288635,1.0,0.027000000700354576,0.003000000026077032,0.024000000208616257,1.3,0.5754330209585337,1.2247996119950681,0.11394557512139941,0.31754722444882694,0.7280593138441745,0.5725221286894739,0.2614151774020381,0.09203280657680815,0.1325112208724022,0.017488403245806694,152.6400924662131,0.8124105334281921,0.7112470269203186,0.8441705107688904,0.19672022759914398,0.5839624404907227,0.4517591595649719,0.6872662305831909,0.3781365156173706,0.9686586260795593,0.9759999997913837,0.6745325046089979
trotting,1,action_space,1.0,3.4000000953674316,0.0,0.5,-1.0,0.04999999701976776,0.0,0.33000001311302185,0.0,0.0,push_lateral_pace_recovery,push_lateral,1.5,pacing,1000,0.7318223118782043,0.7318223118782043,1.3299226760864258,0.23165234923362732,0.08159498870372772,0.19367502629756927,1.4452749490737915,0.08159498870372772,0.01477104052901268,0.163517564535141,0.08962079882621765,0.5099482536315918,0.4874909520149231,0.36192017793655396,0.2961534857749939,0.19367502629756927,0.06926725804805756,0.0033994042314589024,0.0017126298043876886,0.40353572368621826,0.02907191589474678,199.9058074951172,143.60079956054688,35.04534912109375,69.38899230957031,583.0484619140625,0.057224251329898834,0.19999998807907104,0.7774739265441895,2.0424082279205322,1.2970000505447388,0.02659844420850277,0.029999924823641777,3.383697986602783,0.5,0.05122324824333191,0.33000147342681885,0.0,0.8171471357345581,0.7002994418144226,0.9136465787887573,0.6537368893623352,0.5045660138130188,0.8314599990844727,0.39515888690948486,0.7340513467788696,0.7307631969451904,0.4755859375,0.14029088616371155,1.0,0.9759438037872314,0.2370629906654358,0.3157767653465271,1.0,0.02800000086426735,0.007000000216066837,0.021000001579523087,1.297,0.5994401518528335,1.2548773629056036,0.12153616963279977,0.29936733092676904,0.6982055227616888,0.544199858301152,0.2631867360792666,0.07149848974521483,0.13299222104251385,0.017007403075695038,150.31385740664385,0.8068227767944336,0.6872204542160034,0.9028122425079346,0.1753983348608017,0.5590936541557312,0.44616276025772095,0.6745703816413879,0.3678794503211975,0.9759438037872314,0.9789999984204769,0.6746295191920721
trotting,1,action_space,1.0,3.4000000953674316,0.0,0.5,-1.0,0.04999999701976776,0.0,0.33000001311302185,1.0,0.03999999910593033,push_lateral_pace_recovery,push_lateral,1.5,pacing,1000,0.7167115211486816,0.7167115211486816,1.338484764099121,0.22858138382434845,0.08379746973514557,0.19418922066688538,1.455698013305664,0.08379746973514557,0.015216905623674393,0.13957703113555908,0.09085214883089066,0.49732547998428345,0.4663560688495636,0.37743622064590454,0.33129048347473145,0.19418922066688538,0.0783139169216156,0.0018652424914762378,0.0017613291274756193,0.4051213264465332,0.03141865134239197,197.05181884765625,141.23013305664062,34.873878479003906,68.86338806152344,427.5445861816406,0.05648496747016907,0.18550002574920654,0.7359579801559448,1.9643468856811523,1.3100000619888306,0.026769692078232765,0.029999924823641777,3.383854866027832,0.5,0.05121148005127907,0.33000147342681885,0.038384661078453064,0.8217548131942749,0.7031714916229248,0.9414761066436768,0.6482068300247192,0.5231534838676453,0.8298348188400269,0.3822271227836609,0.7955182790756226,0.727421760559082,0.4702839255332947,0.14014388620853424,1.0,0.9681447744369507,0.12242478132247925,0.21331220865249634,1.0,0.027000000700354576,0.00800000037997961,0.01900000125169754,1.31,0.5617999127802958,1.2245413298746137,0.12335682236372009,0.30141690203253474,0.6829026789005617,0.5755783903819978,0.27984623799796843,0.06022102306463962,0.13384846039116383,0.01615116372704506,147.22006864253228,0.8113970160484314,0.6858512163162231,0.9300364851951599,0.17203864455223083,0.5334590077400208,0.4447501301765442,0.6873749494552612,0.3955412805080414,0.9681447744369507,0.9809999987483025,0.6790017237265905
trotting,1,action_space,1.0,3.4000000953674316,0.0,0.5,-1.0,0.04999999701976776,1.0,0.3700000047683716,-1.0,-0.03999999910593033,push_lateral_pace_recovery,push_lateral,1.5,pacing,1000,0.690049409866333,0.690049409866333,1.3383458852767944,0.21316128969192505,0.07763123512268066,0.2049517035484314,1.5248950719833374,0.07763123512268066,0.014788876287639141,0.19466817378997803,0.1000729501247406,0.5319665670394897,0.4732620120048523,0.33981430530548096,0.24729634821414948,0.2049517035484314,0.0770801305770874,0.007040504366159439,0.0015827236929908395,0.41340845823287964,0.02701856940984726,197.73672485351562,141.96469116210938,34.99270248413086,68.71585083007812,272.5624694824219,0.05701513588428497,0.20233333110809326,0.7702872157096863,1.9906971454620361,1.3170000314712524,0.026766929775476456,0.029999924823641777,3.385019540786743,0.5,0.05112415552139282,0.36850082874298096,-0.03850109875202179,0.8288297653198242,0.6823726892471313,0.852053165435791,0.665496826171875,0.49102067947387695,0.8193047046661377,0.3517187237739563,0.628534197807312,0.725231409072876,0.46479231119155884,0.13905233144760132,1.0,0.9642753601074219,0.06556123495101929,0.1547313630580902,1.0,0.02500000037252903,0.010999999940395355,0.014000000432133675,1.317,0.5848801597647352,1.229446672425207,0.12160952383608424,0.31634308926344606,0.6879404131208257,0.4972889986860251,0.27763308624349403,0.09286133780616279,0.13383464887738228,0.016164975240826607,147.74710112596944,0.833808958530426,0.6570126414299011,0.8415881395339966,0.1619168072938919,0.5825318694114685,0.4374394714832306,0.6853094696998596,0.36361244320869446,0.9642753601074219,0.9859999995678663,0.6638378859139407
trotting,1,action_space,1.0,3.4000000953674316,0.0,0.5,-1.0,0.04999999701976776,1.0,0.3700000047683716,0.0,0.0,push_lateral_pace_recovery,push_lateral,1.5,pacing,1000,0.7199084162712097,0.7199084162712097,1.33651602268219,0.21749484539031982,0.07456313073635101,0.20304951071739197,1.3356951475143433,0.07456313073635101,0.012955833226442337,0.1643158346414566,0.09947051107883453,0.5119519233703613,0.48502102494239807,0.359921395778656,0.3002610504627228,0.20304951071739197,0.07386843860149384,0.003652963787317276,0.001715269172564149,0.427018404006958,0.026990577578544617,197.17401123046875,140.589111328125,34.62042999267578,68.55123138427734,399.611328125,0.057935018092393875,0.1885833442211151,0.72281813621521,1.8765597343444824,1.3100000619888306,0.02673029527068138,0.029999924823641777,3.3847672939300537,0.5,0.05114305019378662,0.3684755265712738,0.0,0.8334192633628845,0.6749120354652405,0.9090573787689209,0.6579121947288513,0.5094531178474426,0.8145226240158081,0.43243011832237244,0.7382373809814453,0.7118481397628784,0.4504643678665161,0.1392885446548462,1.0,0.9698392748832703,0.12071731686592102,0.20559415221214294,1.0,0.026000000536441803,0.003000000026077032,0.023000001907348633,1.31,0.5517695536140267,1.19686599985654,0.11382369360744861,0.31538945936545587,0.6964345087245448,0.5479608110647355,0.27178748794139485,0.07326822612757473,0.1336514763534069,0.01634814776480198,147.5283557280291,0.8276076912879944,0.6621315479278564,0.8981980681419373,0.2029467225074768,0.5828580856323242,0.42569300532341003,0.6989877820014954,0.38949012756347656,0.9698392748832703,0.9769999980926514,0.6799308424576734
trotting,1,action_space,1.0,3.4000000953674316,0.0,0.5,-1.0,0.04999999701976776,1.0,0.3700000047683716,1.0,0.03999999910593033,push_lateral_pace_recovery,push_lateral,1.5,pacing,1000,0.6973366737365723,0.6973366737365723,1.2937647104263306,0.2554430663585663,0.08621713519096375,0.2348877191543579,1.4464569091796875,0.08621713519096375,0.023468133062124252,0.14506904780864716,0.09536325931549072,0.5680956840515137,0.9265109300613403,0.4090295732021332,0.39109909534454346,0.2348877191543579,0.12333185970783234,0.0025096603203564882,0.005017297808080912,0.4429852366447449,0.028390370309352875,218.41319274902344,160.64138793945312,33.70892333984375,66.75305938720703,443.5428161621094,0.06104077771306038,0.19724999368190765,0.7121937870979309,1.8446780443191528,1.2820000648498535,0.02587530016899109,0.029999924823641777,3.3844094276428223,0.5,0.051169924437999725,0.3684397339820862,0.03844006359577179,0.8033387660980225,0.6438833475112915,0.9253376722335815,0.6369156837463379,0.5218995809555054,0.7873902320861816,0.3719661235809326,0.784955620765686,0.7220247983932495,0.4447638988494873,0.1396244466304779,1.0,0.9628448486328125,0.06656043231487274,0.15935078263282776,0.9998000264167786,0.026000000536441803,0.003000000026077032,0.023000001907348633,1.282,0.5555333272901228,1.1995442382410777,0.15319312341656935,0.3088094223230417,0.9625543777165736,0.6253791612650228,0.351186360367017,0.08675804359503157,0.12937650084495544,0.02062312327325344,168.81987195109872,0.7702773809432983,0.5759569406509399,0.8602440357208252,0.1472211331129074,0.5667667388916016,0.412313848733902,0.6978670954704285,0.3729727268218994,0.9628448486328125,0.9769999980926514,0.638685486637629
trotting,1,action_space,1.0,3.4000000953674316,0.0,0.5,0.0,0.07999999821186066,-1.0,0.2900000214576721,-1.0,-0.03999999910593033,push_lateral_pace_recovery,push_lateral,1.5,pacing,1000,0.7191764712333679,0.7191764712333679,1.3321759700775146,0.2235007882118225,0.07956255972385406,0.1897062361240387,1.2004776000976562,0.07956255972385406,0.015024608001112938,0.19434088468551636,0.0981922298669815,0.5212002396583557,0.5317947268486023,0.37436068058013916,0.28849920630455017,0.1897062361240387,0.07535938918590546,0.00648821797221899,0.001840180717408657,0.4102124571800232,0.029435010626912117,215.83297729492188,160.19012451171875,34.51738739013672,68.71522521972656,412.5073547363281,0.062449753284454346,0.16700002551078796,0.7747970819473267,2.1965737342834473,1.312000036239624,0.026643548160791397,0.029999924823641777,3.38419246673584,0.5,0.08000031858682632,0.2915816009044647,-0.03841838240623474,0.8226817846298218,0.7078394889831543,0.8548568487167358,0.6339185237884521,0.5123881101608276,0.8363384008407593,0.4580234885215759,0.6320449113845825,0.7208367586135864,0.466165691614151,0.5,1.0,0.9691094160079956,0.12160448729991913,0.21197497844696045,1.0,0.026000000536441803,0.005000000353902578,0.021000001579523087,1.312,0.5905465381901439,1.2939156782300283,0.12257490771407066,0.3133563943291751,0.729242570650262,0.5371212212383255,0.27451664646411783,0.09126006075840432,0.13321774080395699,0.0167818833142519,162.01536594475826,0.8188859820365906,0.6977568864822388,0.8465652465820312,0.22291387617588043,0.5550482273101807,0.44024455547332764,0.6579973101615906,0.4338744282722473,0.9691094160079956,0.9789999984204769,0.6812933429311483
trotting,1,action_space,1.0,3.4000000953674316,0.0,0.5,0.0,0.07999999821186066,-1.0,0.2900000214576721,0.0,0.0,push_lateral_pace_recovery,push_lateral,1.5,pacing,1000,0.7221533060073853,0.7221533060073853,1.3524221181869507,0.211382195353508,0.08017580211162567,0.18055427074432373,1.652650237083435,0.08017580211162567,0.015412616543471813,0.15945160388946533,0.08786968886852264,0.49029746651649475,0.48058685660362244,0.36956751346588135,0.30736732482910156,0.18055427074432373,0.0701770931482315,0.0030100566800683737,0.0018432843498885632,0.3983922004699707,0.03085525706410408,216.8451690673828,162.1845703125,34.45039367675781,68.42537689208984,494.6527099609375,0.062123559415340424,0.17366665601730347,0.7534974813461304,2.034844398498535,1.314000129699707,0.027048427611589432,0.029999924823641777,3.384408473968506,0.5,0.08000031858682632,0.29155996441841125,0.0,0.8288333415985107,0.7250940203666687,0.9158768057823181,0.6530852317810059,0.5250126123428345,0.846799373626709,0.321810245513916,0.7379765510559082,0.7303193807601929,0.4751353859901428,0.5,1.0,0.9772754907608032,0.23542922735214233,0.312585711479187,1.0,0.026000000536441803,0.005000000353902578,0.021000001579523087,1.314,0.5734379273389936,1.2444226000304184,0.12414755955503842,0.29642821874531894,0.693243720926214,0.5544071832408934,0.2649095942925275,0.0696659244534725,0.13524213805794716,0.014757486060261726,160.33837819665666,0.8363319039344788,0.7218062877655029,0.907495379447937,0.1407313495874405,0.5395039916038513,0.4507761597633362,0.6789913773536682,0.4196504056453705,0.9772754907608032,0.9789999984204769,0.6759907387388059
trotting,1,action_space,1.0,3.4000000953674316,0.0,0.5,0.0,0.07999999821186066,-1.0,0.2900000214576721,1.0,0.03999999910593033,push_lateral_pace_recovery,push_lateral,1.5,pacing,1000,0.7142009139060974,0.7142009139060974,1.3437273502349854,0.21769985556602478,0.08439885079860687,0.19251291453838348,1.496539831161499,0.08439885079860687,0.01658906228840351,0.14213471114635468,0.0915309265255928,0.5280767679214478,0.580475389957428,0.35991859436035156,0.2953941226005554,0.19251291453838348,0.09176500141620636,0.001688951626420021,0.0021663415245711803,0.40429675579071045,0.02703515626490116,210.98912048339844,155.38833618164062,34.35752868652344,68.49058532714844,576.9492797851562,0.06321163475513458,0.1585833728313446,0.7943133115768433,2.250605344772339,1.308000087738037,0.026874534785747528,0.029999924823641777,3.384408473968506,0.5,0.08000031858682632,0.2915599048137665,0.03844000771641731,0.8301262259483337,0.714045524597168,0.9375855922698975,0.6489194631576538,0.5144466757774353,0.8388816118240356,0.36199384927749634,0.7887775897979736,0.7226547002792358,0.4683515429496765,0.5,1.0,0.9693149328231812,0.12130200862884521,0.2092350870370865,1.0,0.026000000536441803,0.003000000026077032,0.023000001907348633,1.308,0.607273160135345,1.3117340417114047,0.1287985337199283,0.30254078489617364,0.7618893554561764,0.5435017227208718,0.30292738637535954,0.06209100700577501,0.13437267392873764,0.015626950189471245,157.01780606497408,0.8273124098777771,0.6903115510940552,0.92579185962677,0.16068311035633087,0.5823386311531067,0.4454841911792755,0.6504040360450745,0.4525229036808014,0.9693149328231812,0.9769999980926514,0.6776640243255175
trotting,1,action_space,1.0,3.4000000953674316,0.0,0.5,0.0,0.07999999821186066,0.0,0.33000001311302185,-1.0,-0.03999999910593033,push_lateral_pace_recovery,push_lateral,1.5,pacing,1000,0.7169872522354126,0.7169872522354126,1.3506124019622803,0.21040847897529602,0.07308979332447052,0.1934349089860916,1.6463267803192139,0.07308979332447052,0.01379052922129631,0.2025323212146759,0.10576654970645905,0.522629976272583,0.4960927963256836,0.36445605754852295,0.3181285262107849,0.1934349089860916,0.08045166730880737,0.006904796697199345,0.0017884145490825176,0.4188295602798462,0.026755578815937042,216.6805877685547,158.6808624267578,34.58358383178711,69.04374694824219,413.61907958984375,0.06381019949913025,0.17274999618530273,0.8076806664466858,2.2729251384735107,1.3100000619888306,0.027012253180146217,0.029999924823641777,3.3844096660614014,0.5,0.08000031858682632,0.33000147342681885,-0.03844008967280388,0.837485671043396,0.7138137817382812,0.8500262498855591,0.6542022228240967,0.49150317907333374,0.839888334274292,0.3407977521419525,0.6149276494979858,0.7252542972564697,0.4631098508834839,0.5,1.0,0.9772756099700928,0.2354278713464737,0.3125765919685364,1.0,0.026000000536441803,0.00800000037997961,0.018000001087784767,1.31,0.6165500786468273,1.3172157337284485,0.11743308401509478,0.3252176958691809,0.7043385523494249,0.5640288345561643,0.28364003121704695,0.09323739188910135,0.1350612659007311,0.014938358217477798,160.43136243510233,0.837706983089447,0.6878595352172852,0.8404110074043274,0.14629393815994263,0.5856039524078369,0.4327223002910614,0.6480649709701538,0.42157819867134094,0.9772756099700928,0.9819999989122152,0.6630482546603068
trotting,1,action_space,1.0,3.4000000953674316,0.0,0.5,0.0,0.07999999821186066,0.0,0.33000001311302185,0.0,0.0,push_lateral_pace_recovery,push_lateral,1.5,pacing,1000,0.7716039419174194,0.7716039419174194,1.3580658435821533,0.204873725771904,0.07776527106761932,0.1878294199705124,1.4061567783355713,0.07776527106761932,0.013693148270249367,0.16736546158790588,0.09599862992763519,0.4974675178527832,0.47242945432662964,0.36348891258239746,0.27841752767562866,0.1878294199705124,0.07289022207260132,0.0030448799952864647,0.0017224764451384544,0.4187716841697693,0.033316563814878464,217.45538330078125,158.5869140625,34.59583282470703,68.75454711914062,234.64500427246094,0.06243617832660675,0.16591668128967285,0.8342590928077698,2.4516472816467285,1.311000108718872,0.027161311358213425,0.029999924823641777,3.384408473968506,0.5,0.08000031858682632,0.33000147342681885,0.0,0.8361358642578125,0.7120629549026489,0.9161643981933594,0.6471483707427979,0.5155909061431885,0.8379051685333252,0.40252530574798584,0.7301790714263916,0.7203477025032043,0.4604540467262268,0.5,1.0,0.987256646156311,0.47797542810440063,0.5311950445175171,1.0,0.026000000536441803,0.00800000037997961,0.018000001087784767,1.311,0.6363531908490656,1.3675010367028229,0.11701772630780931,0.30983645674393323,0.6873350379011895,0.5276528476902486,0.26998189211982593,0.06904604579861846,0.13580655679106712,0.014193067327141762,160.12138463566825,0.8454443216323853,0.7027184963226318,0.9090573191642761,0.18637029826641083,0.5135893225669861,0.43277236819267273,0.626557469367981,0.43623098731040955,0.987256646156311,0.9819999989122152,0.6870816925970408
trotting,1,action_space,1.0,3.4000000953674316,0.0,0.5,0.0,0.07999999821186066,0.0,0.33000001311302185,1.0,0.03999999910593033,push_lateral_pace_recovery,push_lateral,1.5,pacing,1000,0.7316761016845703,0.7316761016845703,1.322923183441162,0.22584369778633118,0.08079922199249268,0.20113444328308105,1.4850903749465942,0.08079922199249268,0.016620293259620667,0.1432657539844513,0.0955059677362442,0.5266783237457275,0.578804612159729,0.3677380084991455,0.27523157000541687,0.20113444328308105,0.08774113655090332,0.001833619549870491,0.0018500667065382004,0.4182029068470001,0.0261852964758873,214.39846801757812,159.76226806640625,34.48014831542969,68.83657836914062,468.0004577636719,0.06342093646526337,0.16866667568683624,0.7737823724746704,2.104825973510742,1.3100000619888306,0.02645844966173172,0.029999924823641777,3.3844079971313477,0.5,0.08000031858682632,0.33000147342681885,0.03843996301293373,0.8305590152740479,0.7026619911193848,0.9398202300071716,0.6531076431274414,0.5314070582389832,0.8322822451591492,0.36717909574508667,0.7847998142242432,0.7299132347106934,0.4638907015323639,0.5,1.0,0.977275550365448,0.2354298084974289,0.3125896453857422,1.0,0.026000000536441803,0.0060000005178153515,0.019999999552965164,1.31,0.590673548574666,1.2675713640851407,0.1289197163339288,0.30904039822690527,0.7607920952268951,0.5246251709605791,0.2962113038877877,0.060693379016237774,0.1322922483086586,0.017707375809550285,162.06418535949228,0.815444827079773,0.6672765612602234,0.9289747476577759,0.16243192553520203,0.5923213362693787,0.43326497077941895,0.6691920161247253,0.4302738606929779,0.977275550365448,0.9800000004470348,0.6739702406219947
trotting,1,action_space,1.0,3.4000000953674316,0.0,0.5,0.0,0.07999999821186066,1.0,0.3700000047683716,-1.0,-0.03999999910593033,push_lateral_pace_recovery,push_lateral,1.5,pacing,1000,0.694339394569397,0.694339394569397,1.3320804834365845,0.21576684713363647,0.07571592926979065,0.19276264309883118,1.665320873260498,0.07571592926979065,0.014710212126374245,0.1999654620885849,0.10545304417610168,0.5159195065498352,0.4535588026046753,0.35243698954582214,0.27402976155281067,0.19276264309883118,0.07684864848852158,0.006785964593291283,0.001687872689217329,0.4302801489830017,0.02475939691066742,213.18353271484375,157.13827514648438,34.46259307861328,68.68673706054688,248.61917114257812,0.06400220096111298,0.1744999885559082,0.755172848701477,2.08396053314209,1.305999994277954,0.0266415998339653,0.029999924823641777,3.385009288787842,0.5,0.08000031858682632,0.3684996962547302,-0.038500018417835236,0.8362171649932861,0.7030680179595947,0.8520433306694031,0.6633749008178711,0.5024381875991821,0.8319932222366333,0.31498271226882935,0.6283270120620728,0.7290043830871582,0.4514927864074707,0.5,1.0,0.9704951047897339,0.12012553215026855,0.20467576384544373,1.0,0.02500000037252903,0.004000000189989805,0.021000001579523087,1.306,0.578233423861026,1.2632029239854878,0.12128566331753413,0.32473534482113536,0.6734677442941683,0.5234785206222035,0.277215887871748,0.09205344796643204,0.1332079991698265,0.016791624948382378,160.0380272555751,0.8300898671150208,0.6896477341651917,0.8441063761711121,0.140925332903862,0.6094563603401184,0.42292505502700806,0.671044111251831,0.4179055094718933,0.9704951047897339,0.9789999984204769,0.6600538964072863
trotting,1,action_space,1.0,3.4000000953674316,0.0,0.5,0.0,0.07999999821186066,1.0,0.3700000047683716,0.0,0.0,push_lateral_pace_recovery,push_lateral,1.5,pacing,1000,0.7411861419677734,0.7411861419677734,1.3302719593048096,0.21669572591781616,0.0754581093788147,0.20397064089775085,1.318272352218628,0.0754581093788147,0.015053807757794857,0.1667451113462448,0.10121023654937744,0.5186648964881897,0.5010741353034973,0.3696591556072235,0.3137185871601105,0.20397064089775085,0.08272027969360352,0.0033038777764886618,0.0015834372024983168,0.44121497869491577,0.02532048337161541,212.49481201171875,154.17910766601562,34.37240219116211,68.50454711914062,283.5948181152344,0.06503373384475708,0.16875001788139343,0.7623993158340454,2.082143545150757,1.3070000410079956,0.02660543844103813,0.029999924823641777,3.3844106197357178,0.5,0.08000031858682632,0.3684398829936981,0.0,0.8300033807754517,0.6896964311599731,0.9136706590652466,0.6481209993362427,0.5164498090744019,0.822844386100769,0.44780606031417847,0.7277685403823853,0.7226643562316895,0.4426915645599365,0.5,1.0,0.977275550365448,0.23542559146881104,0.3125613331794739,1.0,0.026000000536441803,0.004999999888241291,0.021000001579523087,1.307,0.5833200397797915,1.2621690911300494,0.12269395974454023,0.31813556316353164,0.707865902063023,0.5601058713851431,0.28761133443173537,0.06990933399044064,0.13302719220519066,0.016972431913018227,159.7378720384116,0.828757107257843,0.6596537232398987,0.9068789482116699,0.19802767038345337,0.6026554703712463,0.4137762188911438,0.671482264995575,0.4300945997238159,0.977275550365448,0.9789999984204769,0.6799334492056798
trotting,1,action_space,1.0,3.4000000953674316,0.0,0.5,0.0,0.07999999821186066,1.0,0.3700000047683716,1.0,0.03999999910593033,push_lateral_pace_recovery,push_lateral,1.5,pacing,1000,0.71938157081604,0.71938157081604,1.3153396844863892,0.23338726162910461,0.08106952905654907,0.22337087988853455,1.4283047914505005,0.08106952905654907,0.02117263153195381,0.14769652485847473,0.09732726216316223,0.5038367509841919,0.5431981682777405,0.37868833541870117,0.34295326471328735,0.22337087988853455,0.11313673853874207,0.002151674358174205,0.0019011952681466937,0.429738312959671,0.02561279758810997,210.44387817382812,154.0886688232422,34.817169189453125,69.21084594726562,371.50018310546875,0.06334639340639114,0.1732500195503235,0.8336836099624634,2.3820393085479736,1.3100000619888306,0.026306789368391037,0.029999924823641777,3.384420871734619,0.5,0.08000031858682632,0.3684409260749817,0.038441237062215805,0.8188257217407227,0.6698466539382935,0.9391666650772095,0.6546785831451416,0.530476450920105,0.8067619800567627,0.41804325580596924,0.7787051796913147,0.7296397686004639,0.4518476724624634,0.5,1.0,0.9693154096603394,0.12128853797912598,0.20913997292518616,1.0,0.026000000536441803,0.007000000216066837,0.01900000125169754,1.31,0.6363996432937739,1.3484622461861189,0.14550818372845498,0.3119731753903887,0.7370197882538436,0.5856221176776774,0.3363580510984419,0.06366215222815592,0.13153394684195518,0.0184656772762537,159.99203905719745,0.8042231798171997,0.607170581817627,0.9221407771110535,0.1569610834121704,0.5991424322128296,0.4233836233615875,0.6347096562385559,0.42052552103996277,0.9693154096603394,0.9809999987483025,0.661816269159317
trotting,1,action_space,1.0,3.4000000953674316,0.0,0.5,1.0,0.10999999940395355,-1.0,0.2900000214576721,-1.0,-0.03999999910593033,push_lateral_pace_recovery,push_lateral,1.5,pacing,1000,0.6964714527130127,0.6964714527130127,1.3249685764312744,0.22805482149124146,0.08109502494335175,0.20286965370178223,1.5388271808624268,0.08109502494335175,0.027286428958177567,0.19846855103969574,0.10262357443571091,0.546383798122406,0.6471314430236816,0.39180949330329895,0.37299537658691406,0.20286965370178223,0.0997340977191925,0.006155919283628464,0.0027577325236052275,0.42234259843826294,0.025690019130706787,237.71560668945312,179.95822143554688,34.16433334350586,68.39606475830078,378.30914306640625,0.06983025372028351,0.15275001525878906,0.8244948387145996,2.4962453842163086,1.3020000457763672,0.02649936079978943,0.029999924823641777,3.3839035034179688,0.5,0.10879234969615936,0.2916103005409241,-0.03838947415351868,0.8186144828796387,0.7016210556030273,0.8564298152923584,0.6505345106124878,0.512014627456665,0.8289223909378052,0.38088780641555786,0.6294996738433838,0.7238017320632935,0.46111738681793213,0.8599013090133667,1.0,0.9614545106887817,0.0674838125705719,0.16304388642311096,1.0,0.027000000700354576,0.0020000000949949026,0.02500000037252903,1.302,0.6332525906658026,1.3846439807015414,0.16518604347273885,0.3203491445840162,0.8044448042119992,0.6107334742642768,0.31580705774126155,0.09441213802914163,0.13249680399894714,0.01750282011926174,179.41225997202608,0.8121777772903442,0.6626151204109192,0.836713969707489,0.12436234205961227,0.598217785358429,0.4296925961971283,0.6192106604576111,0.4659159183502197,0.9614545106887817,0.974999999627471,0.6474532636885459
trotting,1,action_space,1.0,3.4000000953674316,0.0,0.5,1.0,0.10999999940395355,-1.0,0.2900000214576721,0.0,0.0,push_lateral_pace_recovery,push_lateral,1.5,pacing,1000,0.7269034385681152,0.7269034385681152,1.3419420719146729,0.2156408131122589,0.06819620728492737,0.1874854564666748,1.3234431743621826,0.06819620728492737,0.010864360257983208,0.16523201763629913,0.09496727585792542,0.5345288515090942,0.5436286926269531,0.383322149515152,0.3747997283935547,0.1874854564666748,0.07242022454738617,0.0032076211646199226,0.001775089418515563,0.42771244049072266,0.027319785207509995,232.258544921875,174.3795166015625,34.33946990966797,68.37640380859375,508.35894775390625,0.06956350058317184,0.16300001740455627,0.8813232183456421,2.661395311355591,1.3170000314712524,0.026838820427656174,0.029999924823641777,3.3832106590270996,0.5,0.10874043405056,0.2916795611381531,0.0,0.8268080949783325,0.7161110639572144,0.9126169681549072,0.6409987807273865,0.5005167126655579,0.840255081653595,0.45053255558013916,0.7234939336776733,0.7254712581634521,0.45922812819480896,0.8592524528503418,1.0,0.9669545888900757,0.12365181744098663,0.21833258867263794,1.0,0.02800000086426735,0.006000000052154064,0.02199999988079071,1.317,0.6691899165658219,1.4215488958275246,0.10423224193109927,0.30816761000780957,0.7373118014971367,0.6122088927756234,0.2691100602864675,0.07058831761088719,0.13419410213828087,0.015805521979928017,173.07643137716835,0.8302704095840454,0.703626275062561,0.9051503539085388,0.21422457695007324,0.5790330767631531,0.4251025319099426,0.6033846735954285,0.4426392912864685,0.9669545888900757,0.9780000001192093,0.6898895058876428
trotting,1,action_space,1.0,3.4000000953674316,0.0,0.5,1.0,0.10999999940395355,-1.0,0.2900000214576721,1.0,0.03999999910593033,push_lateral_pace_recovery,push_lateral,1.5,pacing,1000,0.7054186463356018,0.7054186463356018,1.3521426916122437,0.19629031419754028,0.07543712854385376,0.2011234313249588,1.6166287660598755,0.07543712854385376,0.013834793120622635,0.1414400339126587,0.09115717560052872,0.5017607808113098,0.5602642893791199,0.3552969694137573,0.27044063806533813,0.2011234313249588,0.09623420238494873,0.0013132481835782528,0.0017850104486569762,0.4102664589881897,0.02541813999414444,231.77569580078125,175.31179809570312,34.08039093017578,67.94183349609375,440.86114501953125,0.06880538165569305,0.1601666659116745,0.8756774663925171,2.66343092918396,1.311000108718872,0.02704283781349659,0.029999924823641777,3.384408473968506,0.5,0.10883025079965591,0.29155993461608887,0.03844001144170761,0.8415161967277527,0.7117443680763245,0.9462279677391052,0.6490634679794312,0.5339942574501038,0.8363792300224304,0.3475634455680847,0.7914818525314331,0.7385921478271484,0.4697763919830322,0.8603752851486206,1.0,0.9628447890281677,0.06656075268983841,0.1593528389930725,1.0,0.026000000536441803,0.005000000353902578,0.021000001579523087,1.311,0.6679462168073036,1.425342884079087,0.11762139737574381,0.3019224662070193,0.748508042294216,0.5200390735948003,0.3102163799430145,0.055662003487435024,0.13521418906748295,0.014785435050725937,171.41363647384043,0.8571695685386658,0.667306125164032,0.9399155974388123,0.15057039260864258,0.6014795303344727,0.4401969909667969,0.6017575860023499,0.44895467162132263,0.9628447890281677,0.9789999984204769,0.6795801487870705
trotting,1,action_space,1.0,3.4000000953674316,0.0,0.5,1.0,0.10999999940395355,0.0,0.33000001311302185,-1.0,-0.03999999910593033,push_lateral_pace_recovery,push_lateral,1.5,pacing,1000,0.7111287713050842,0.7111287713050842,1.319772481918335,0.23101913928985596,0.07247014343738556,0.19688357412815094,1.4136936664581299,0.07247014343738556,0.01307821087539196,0.20032775402069092,0.10596644878387451,0.5175595283508301,0.5892306566238403,0.3919326961040497,0.38981226086616516,0.19688357412815094,0.08711623400449753,0.006742272526025772,0.0015710156876593828,0.4257025718688965,0.02421562932431698,228.5518798828125,170.7460174560547,34.2998161315918,67.94708251953125,481.4012451171875,0.07058510184288025,0.16050001978874207,0.8636261820793152,2.6480088233947754,1.2970000505447388,0.02639545127749443,0.029999924823641777,3.384408950805664,0.5,0.1088302731513977,0.33000147342681885,-0.03843999654054642,0.8238175511360168,0.7063063383102417,0.8575096130371094,0.6389851570129395,0.5132204294204712,0.8315677642822266,0.41252046823501587,0.628653883934021,0.7297166585922241,0.45352715253829956,0.860375165939331,1.0,0.9693149328231812,0.12130188941955566,0.2092342972755432,1.0,0.026000000536441803,0.004999999888241291,0.021000001579523087,1.297,0.6658643782828161,1.4288601463069497,0.11436000557621515,0.3255248819735206,0.7676136115415362,0.6243494701416549,0.2951545933989467,0.09117723517241107,0.13197725638747215,0.018022367730736732,173.17521240525068,0.8077688217163086,0.6786624193191528,0.846821129322052,0.18725988268852234,0.6161205768585205,0.4268147647380829,0.6002492308616638,0.44820699095726013,0.9693149328231812,0.9789999984204769,0.6673732608174666
trotting,1,action_space,1.0,3.4000000953674316,0.0,0.5,1.0,0.10999999940395355,0.0,0.33000001311302185,0.0,0.0,push_lateral_pace_recovery,push_lateral,1.5,pacing,1000,0.7257844805717468,0.7257844805717468,1.3237957954406738,0.22998127341270447,0.07866854220628738,0.18352651596069336,1.6121827363967896,0.07866854220628738,0.018711943179368973,0.16120851039886475,0.08755508065223694,0.5093092918395996,0.562187671661377,0.382135808467865,0.40190690755844116,0.18352651596069336,0.0702519491314888,0.003475307021290064,0.0016835855785757303,0.4111904501914978,0.0252226609736681,229.2637481689453,174.2122344970703,34.499114990234375,69.31532287597656,446.8232727050781,0.06917870044708252,0.15850001573562622,0.8291770815849304,2.4842958450317383,1.315999984741211,0.026475902646780014,0.029999924823641777,3.3850083351135254,0.5,0.10887522995471954,0.33000147342681885,0.0,0.8227541446685791,0.7165374755859375,0.9147791266441345,0.6703270673751831,0.5286388993263245,0.840015709400177,0.3536890149116516,0.7302252054214478,0.7374272346496582,0.4694160223007202,0.860937237739563,1.0,0.9781496524810791,0.234140083193779,0.30833232402801514,1.0,0.02500000037252903,0.005000000353902578,0.019999999552965164,1.316,0.6300737096908244,1.373958820619446,0.13679160493016,0.2958970778028011,0.7497917521961528,0.6339612823812202,0.26505084254061295,0.07182543142833041,0.13237951323390007,0.017620110884308815,173.18664174532032,0.8093162178993225,0.7140374779701233,0.9019665122032166,0.1371854543685913,0.6038356423377991,0.4393842816352844,0.6237905025482178,0.4527115523815155,0.9781496524810791,0.9800000004470348,0.6685505858980694
trotting,1,action_space,1.0,3.4000000953674316,0.0,0.5,1.0,0.10999999940395355,0.0,0.33000001311302185,1.0,0.03999999910593033,push_lateral_pace_recovery,push_lateral,1.5,pacing,1000,0.7306959629058838,0.7306959629058838,1.3194040060043335,0.23938316106796265,0.08302183449268341,0.20052260160446167,1.2227566242218018,0.08302183449268341,0.01831524260342121,0.14527960121631622,0.08752714097499847,0.49387845396995544,0.48206496238708496,0.38601070642471313,0.33960670232772827,0.20052260160446167,0.08247961848974228,0.0022641061805188656,0.0017767716199159622,0.40711742639541626,0.021483149379491806,238.06787109375,183.3590087890625,34.06510543823242,68.3057861328125,357.4322814941406,0.0685623288154602,0.16583333909511566,0.8691878914833069,2.629154682159424,1.319000005722046,0.026388093829154968,0.029999924823641777,3.3838143348693848,0.5,0.10878568887710571,0.33000147342681885,0.03838057816028595,0.814179003238678,0.6957101821899414,0.9365072250366211,0.6484565734863281,0.5408980846405029,0.8261476755142212,0.47364670038223267,0.769545316696167,0.7394817471504211,0.47512128949165344,0.8598179817199707,1.0,0.968134880065918,0.12247206270694733,0.2137497365474701,1.0,0.027000000700354576,0.0020000000949949026,0.02500000037252903,1.319,0.6589748796140542,1.4118406423390393,0.13533381914148884,0.29584986221899523,0.6943089819288564,0.5827578419272693,0.28719265048002585,0.06356789913497872,0.13194046914577484,0.018059154972434044,180.43591652772963,0.7951558232307434,0.6689184308052063,0.9223619699478149,0.204117089509964,0.6507283449172974,0.4429781436920166,0.6075483560562134,0.4364127814769745,0.968134880065918,0.974999999627471,0.6795619213237213
trotting,1,action_space,1.0,3.4000000953674316,0.0,0.5,1.0,0.10999999940395355,1.0,0.3700000047683716,-1.0,-0.03999999910593033,push_lateral_pace_recovery,push_lateral,1.5,pacing,1000,0.6925936937332153,0.6925936937332153,1.339647650718689,0.20634111762046814,0.07643234729766846,0.19353099167346954,1.6404578685760498,0.07643234729766846,0.014514969661831856,0.19147196412086487,0.094885915517807,0.5224827527999878,0.5570768117904663,0.3474608063697815,0.30274906754493713,0.19353099167346954,0.08183962106704712,0.006329622119665146,0.0014694023411720991,0.4197874069213867,0.02833901345729828,230.09124755859375,175.12814331054688,34.59049987792969,68.55216979980469,523.6047973632812,0.06944852322340012,0.15524999797344208,0.8329874277114868,2.4788174629211426,1.321000099182129,0.02679295465350151,0.029999924823641777,3.3856067657470703,0.5,0.10892010480165482,0.3685595393180847,-0.03855978697538376,0.8355298042297363,0.7057768702507019,0.8641162514686584,0.6713461875915527,0.5079343318939209,0.8341293334960938,0.345154732465744,0.6385093331336975,0.7375843524932861,0.4625922441482544,0.8614979982376099,1.0,0.9657028913497925,0.06457777321338654,0.15024089813232422,1.0,0.024000000208616257,0.004999999888241291,0.01900000125169754,1.321,0.6305733737757854,1.369843130940627,0.12047808789083539,0.3080355750847733,0.746375784568649,0.5502263784524849,0.2860762504421629,0.08831208558763202,0.13396477326750755,0.016034850850701332,171.75504875118116,0.8434061408042908,0.6876038312911987,0.8555759191513062,0.14503832161426544,0.5673491954803467,0.43189412355422974,0.6255540251731873,0.4601282477378845,0.9657028913497925,0.9809999987483025,0.6656881788602242
trotting,1,action_space,1.0,3.4000000953674316,0.0,0.5,1.0,0.10999999940395355,1.0,0.3700000047683716,0.0,0.0,push_lateral_pace_recovery,push_lateral,1.5,pacing,1000,0.7075319290161133,0.7075319290161133,1.3197442293167114,0.2205304205417633,0.07316473126411438,0.19319486618041992,1.6022303104400635,0.07316473126411438,0.013776103034615517,0.17422908544540405,0.10235686600208282,0.5281935930252075,0.6083449125289917,0.3872985243797302,0.36427831649780273,0.19319486618041992,0.0735606700181961,0.003572322428226471,0.0017426460981369019,0.4374767541885376,0.023933354765176773,230.39959716796875,172.2463836669922,34.12357711791992,67.52047729492188,200.75440979003906,0.07092977315187454,0.1534166932106018,0.8502153158187866,2.588543176651001,1.2990000247955322,0.026394881308078766,0.029999924823641777,3.384402275085449,0.5,0.10882978141307831,0.3684390187263489,0.0,0.8237349987030029,0.6950228214263916,0.9107053279876709,0.6450490355491638,0.5058309435844421,0.8242675065994263,0.3568228483200073,0.7143917083740234,0.7347518801689148,0.44399505853652954,0.8603693246841431,1.0,0.9693148136138916,0.12130880355834961,0.20928218960762024,1.0,0.026000000536441803,0.004999999888241291,0.021000001579523087,1.299,0.6545151731800904,1.4116372623279005,0.11737164493443686,0.3199325960293556,0.7799646867192076,0.6035547336388,0.27122070352057587,0.0729038306700229,0.13197440654039383,0.018025217577815056,174.57897678193038,0.8232176303863525,0.6884981989860535,0.8991554379463196,0.15293344855308533,0.6196087002754211,0.41688141226768494,0.6076355576515198,0.4643654227256775,0.9693148136138916,0.9789999984204769,0.6700767899552981
trotting,1,action_space,1.0,3.4000000953674316,0.0,0.5,1.0,0.10999999940395355,1.0,0.3700000047683716,1.0,0.03999999910593033,push_lateral_pace_recovery,push_lateral,1.5,pacing,1000,0.7200825214385986,0.7200825214385986,1.3192527294158936,0.219376802444458,0.07359787821769714,0.21302324533462524,1.2773665189743042,0.07359787821769714,0.013535311445593834,0.1550883650779724,0.09893496334552765,0.4982638955116272,0.4725956320762634,0.349947452545166,0.28625649213790894,0.21302324533462524,0.09858068078756332,0.0018229404231533408,0.0014664905611425638,0.43035170435905457,0.02789546176791191,222.28778076171875,164.86203002929688,34.74856948852539,68.47132110595703,534.1040649414062,0.06940954923629761,0.15674999356269836,0.8379188179969788,2.4969747066497803,1.3100000619888306,0.026385068893432617,0.029999924823641777,3.3838186264038086,0.5,0.10878601670265198,0.3683807849884033,0.038381028920412064,0.8244866132736206,0.6723294258117676,0.944287896156311,0.6487740874290466,0.531670093536377,0.8112232685089111,0.45880159735679626,0.764618992805481,0.7354183197021484,0.453349769115448,0.8598220944404602,1.0,0.9614163637161255,0.06754636764526367,0.16386491060256958,1.0,0.027000000700354576,0.007000000216066837,0.020000001415610313,1.31,0.6396326429061308,1.380611273339646,0.11634135741684397,0.31453928744360005,0.6874559128236977,0.5350294310950651,0.31397560540201735,0.057353561217206944,0.13192534446716309,0.0180742796510458,168.49522142746514,0.8248904347419739,0.6352167129516602,0.9363287687301636,0.21265743672847748,0.5724045634269714,0.42286452651023865,0.620939314365387,0.4566902220249176,0.9614163637161255,0.9799999985843897,0.6850439780988754
bounding,2,action_space,-1.0,2.5999999046325684,0.0,0.5,-1.0,0.08999999612569809,-1.0,0.3400000035762787,-1.0,-0.03999999910593033,push_lateral_pace_recovery,push_lateral,1.5,pacing,1000,0.6828892230987549,0.6828892230987549,1.263625144958496,0.3053878843784332,0.07052936404943466,0.17993634939193726,1.2462188005447388,0.07052936404943466,0.012994426302611828,0.18588672578334808,0.11143594980239868,0.5564584136009216,0.5231631994247437,1.743415355682373,4.486093521118164,0.17993634939193726,0.056823477149009705,0.019124001264572144,0.0014617042616009712,0.4639594554901123,0.03177175670862198,254.43731689453125,177.35296630859375,36.11872863769531,69.07951354980469,376.704833984375,0.07501311600208282,0.13774999976158142,0.6172704100608826,1.8208189010620117,1.0220000743865967,0.02527250349521637,0.029999924823641777,2.6150710582733154,0.5,0.09113076329231262,0.3415069580078125,-0.03849227353930473,0.7465065717697144,0.7065667510032654,0.7046618461608887,0.14941996335983276,0.47208958864212036,0.8416658043861389,0.467205673456192,0.679314374923706,0.7023462057113647,0.44527024030685425,0.6391350030899048,0.9783835411071777,0.9582782983779907,0.06562623381614685,0.15557202696800232,1.0,0.02500000037252903,0.003000000026077032,0.02199999988079071,1.022,0.6039827649140778,1.3347745647137939,0.11399309760951243,0.3338202357593061,0.7233002138978971,2.1180400187716386,0.23837675463226213,0.14347719514324608,0.12636251747608185,0.023637106642127037,201.35506001100373,0.6886328458786011,0.7234159708023071,0.6625136733055115,0.22177158296108246,0.5297049880027771,0.39537566900253296,0.6405643224716187,0.5022034049034119,0.9582782983779907,0.9780000001192093,0.6322834545221084
bounding,2,action_space,-1.0,2.5999999046325684,0.0,0.5,-1.0,0.08999999612569809,-1.0,0.3400000035762787,0.0,0.0,push_lateral_pace_recovery,push_lateral,1.5,pacing,1000,0.6753695011138916,0.6753695011138916,1.2773559093475342,0.30299896001815796,0.07289551198482513,0.18447574973106384,1.5363514423370361,0.07289551198482513,0.012532948516309261,0.17967471480369568,0.10077454149723053,0.5145238041877747,0.45890897512435913,1.804196834564209,4.843340873718262,0.18447574973106384,0.06260395795106888,0.01862507313489914,0.0012014914536848664,0.46877700090408325,0.034666940569877625,253.96826171875,177.21914672851562,35.86402130126953,68.6500473022461,330.81964111328125,0.07486166059970856,0.13983333110809326,0.6566545367240906,1.9725643396377563,1.027000069618225,0.02554711326956749,0.029999924823641777,2.615586757659912,0.5,0.09116945415735245,0.341558575630188,0.0,0.7447880506515503,0.7087926864624023,0.7090000510215759,0.1479494720697403,0.4828699827194214,0.8414267301559448,0.37303951382637024,0.6876147985458374,0.6964797973632812,0.43734073638916016,0.6396185159683228,0.9775189161300659,0.9604729413986206,0.121294304728508,0.20917412638664246,1.0,0.02500000037252903,0.003000000026077032,0.02199999988079071,1.027,0.6393909844358568,1.3858950787885413,0.11195065214776223,0.3174500614226284,0.6774282066199776,2.200759158499235,0.25020782951592235,0.14080683431063992,0.12773556634783745,0.022264057770371437,198.82341316170485,0.6926478743553162,0.7115475535392761,0.6726492643356323,0.16746005415916443,0.49990418553352356,0.39158448576927185,0.6186743378639221,0.4969992935657501,0.9604729413986206,0.9780000001192093,0.6189185079091635
bounding,2,action_space,-1.0,2.5999999046325684,0.0,0.5,-1.0,0.08999999612569809,-1.0,0.3400000035762787,1.0,0.03999999910593033,push_lateral_pace_recovery,push_lateral,1.5,pacing,1000,0.6746666431427002,0.6746666431427002,1.2887506484985352,0.2938266396522522,0.0696621835231781,0.18447501957416534,1.445523738861084,0.0696621835231781,0.012403936125338078,0.18480455875396729,0.1122531145811081,0.515234649181366,0.47748059034347534,1.8153722286224365,4.794110298156738,0.18447501957416534,0.06976651400327682,0.01973389834165573,0.001733581069856882,0.46588653326034546,0.035867370665073395,252.32662963867188,176.99765014648438,35.157920837402344,67.77384185791016,199.08746337890625,0.07452381402254105,0.13300000131130219,0.609998345375061,1.8724839687347412,1.0210000276565552,0.02577502466738224,0.029999924823641777,2.6149845123291016,0.5,0.09112430363893509,0.3414982557296753,0.03850089758634567,0.749559223651886,0.7165209054946899,0.6995148658752441,0.1416165828704834,0.48878777027130127,0.8449594974517822,0.41919413208961487,0.6887444257736206,0.7007460594177246,0.43900352716445923,0.6390540599822998,0.9783835411071777,0.9583158493041992,0.0655626431107521,0.15474823117256165,1.0,0.02500000037252903,0.006000000052154064,0.01900000125169754,1.021,0.5974518031494858,1.3542416719665815,0.11137295957878679,0.33504195943360304,0.6909997035769808,2.189545683048595,0.2641335154865373,0.14651784673381127,0.1288751233369112,0.021124500781297684,195.791660654174,0.7079821825027466,0.7115494608879089,0.6509323120117188,0.18385599553585052,0.4880451261997223,0.3938547670841217,0.6322359442710876,0.5142735242843628,0.9583158493041992,0.9809999987483025,0.6231940373396263
bounding,2,action_space,-1.0,2.5999999046325684,0.0,0.5,-1.0,0.08999999612569809,0.0,0.3799999952316284,-1.0,-0.03999999910593033,push_lateral_pace_recovery,push_lateral,1.5,pacing,1000,0.6803551316261292,0.6803551316261292,1.2885029315948486,0.291963130235672,0.07399123162031174,0.19335396587848663,1.3800994157791138,0.07399123162031174,0.015581044368445873,0.19224897027015686,0.10622207820415497,0.5222753286361694,0.5356432795524597,1.8261597156524658,5.033304214477539,0.19335396587848663,0.0915234386920929,0.019667580723762512,0.0018180583138018847,0.46846550703048706,0.036870092153549194,251.35427856445312,173.7337646484375,35.97520446777344,68.70230865478516,377.84881591796875,0.07716915011405945,0.14516668021678925,0.6563259363174438,1.9411258697509766,1.0130000114440918,0.02577003836631775,0.029999924823641777,2.6149940490722656,0.5,0.0911249965429306,0.3800007998943329,-0.03849998861551285,0.7558006048202515,0.7146878242492676,0.6952874660491943,0.1483788788318634,0.495949923992157,0.8398469686508179,0.4063992500305176,0.6594187021255493,0.703920841217041,0.4329036474227905,0.6390626430511475,0.9783835411071777,0.9619923830032349,0.12012604624032974,0.20467913150787354,1.0,0.026000000536441803,0.004000000189989805,0.02199999988079071,1.013,0.6479031260604331,1.3842741557310643,0.12482405364530456,0.3259172873662196,0.7318765466610196,2.2435026664743547,0.30252840972724016,0.14657980433048884,0.12885019183158875,0.02114943228662014,195.074665645765,0.7110803127288818,0.6880748867988586,0.6506959795951843,0.1842023730278015,0.47835513949394226,0.3918285071849823,0.6193692088127136,0.483921080827713,0.9619923830032349,0.9780000001192093,0.6199061240141208
bounding,2,action_space,-1.0,2.5999999046325684,0.0,0.5,-1.0,0.08999999612569809,0.0,0.3799999952316284,0.0,0.0,push_lateral_pace_recovery,push_lateral,1.5,pacing,1000,0.6985987424850464,0.6985987424850464,1.2772233486175537,0.30236804485321045,0.07050712406635284,0.18444636464118958,1.4764297008514404,0.07050712406635284,0.011562743224203587,0.18688291311264038,0.10674957931041718,0.5294570922851562,0.5769879817962646,1.787367820739746,4.72625732421875,0.18444636464118958,0.0766562670469284,0.018861200660467148,0.0013936765026301146,0.47112298011779785,0.0307218749076128,252.34494018554688,176.5068359375,35.277740478515625,68.01695251464844,258.5793151855469,0.07568517327308655,0.13433334231376648,0.6165412664413452,1.8148901462554932,1.0320000648498535,0.02554446831345558,0.029999924823641777,2.615004301071167,0.5,0.09112577140331268,0.3800007998943329,0.0,0.7484418749809265,0.720435380935669,0.7063299417495728,0.1484902799129486,0.5036323070526123,0.8488280773162842,0.4067663848400116,0.6843924522399902,0.7046346664428711,0.43481916189193726,0.6390724182128906,0.9783835411071777,0.9660160541534424,0.23415687680244446,0.30844858288764954,1.0,0.026000000536441803,0.0020000000949949026,0.024000000208616257,1.032,0.59742370132328,1.3261276234075965,0.10753019680165933,0.32672554125812875,0.7595972497292658,2.1739957047378797,0.2768686819539697,0.1423196302802156,0.1277223415672779,0.022277282550930977,197.57307166258826,0.6937069296836853,0.7116246819496155,0.666911780834198,0.1812850683927536,0.5409450531005859,0.38975149393081665,0.6442595720291138,0.5108563899993896,0.9660160541534424,0.9759999997913837,0.6211837707803799
bounding,2,action_space,-1.0,2.5999999046325684,0.0,0.5,-1.0,0.08999999612569809,0.0,0.3799999952316284,1.0,0.03999999910593033,push_lateral_pace_recovery,push_lateral,1.5,pacing,1000,0.6954062581062317,0.6954062581062317,1.2893767356872559,0.29948854446411133,0.07052622735500336,0.19537746906280518,1.242640495300293,0.07052622735500336,0.016837432980537415,0.18460656702518463,0.10675828158855438,0.5320851802825928,0.5623834133148193,1.8090550899505615,4.768796920776367,0.19537746906280518,0.09231245517730713,0.02028878778219223,0.0015130304964259267,0.4714662432670593,0.03334455192089081,255.23095703125,177.421630859375,35.883323669433594,68.75932312011719,320.9076843261719,0.07589985430240631,0.1341666728258133,0.5912995934486389,1.7172677516937256,1.0160000324249268,0.025787539780139923,0.029999924823641777,2.6148548126220703,0.5,0.0911145955324173,0.3800007998943329,0.03851383924484253,0.7588503956794739,0.7145066261291504,0.6984065175056458,0.14528360962867737,0.5065143704414368,0.8408689498901367,0.48923924565315247,0.6867272853851318,0.7062867879867554,0.43794500827789307,0.6389327049255371,0.9783835411071777,0.9621700048446655,0.11991593986749649,0.20290061831474304,1.0,0.02500000037252903,0.003000000026077032,0.02200000174343586,1.016,0.5819877564437747,1.3000861949753428,0.12975913447822243,0.32673885840002925,0.7499222715154014,2.183757523347399,0.30382964828552717,0.14765438794230992,0.12893769890069962,0.02106192521750927,197.94909429260667,0.6985325217247009,0.6826837658882141,0.646594226360321,0.2061009705066681,0.5133019089698792,0.3894839882850647,0.6553695201873779,0.5112823247909546,0.9621700048446655,0.9779999982565641,0.6220174679198326
bounding,2,action_space,-1.0,2.5999999046325684,0.0,0.5,-1.0,0.08999999612569809,1.0,0.3799999952316284,-1.0,-0.03999999910593033,push_lateral_pace_recovery,push_lateral,1.5,pacing,1000,0.682141125202179,0.682141125202179,1.2624239921569824,0.3050800561904907,0.06690537184476852,0.18373790383338928,1.3490225076675415,0.06690537184476852,0.011404303833842278,0.17717033624649048,0.10115806013345718,0.5280503034591675,0.48199617862701416,1.774582862854004,4.724994659423828,0.18373790383338928,0.06620649993419647,0.01896500587463379,0.0012824478326365352,0.4535648822784424,0.03695337474346161,246.52908325195312,173.854248046875,35.577049255371094,68.3379135131836,328.52117919921875,0.07596386969089508,0.12641668319702148,0.5777617692947388,1.6942636966705322,1.0280001163482666,0.02524847537279129,0.029999924823641777,2.6155872344970703,0.5,0.09116949141025543,0.3800007998943329,-0.03844065219163895,0.7526575326919556,0.7232513427734375,0.7061500549316406,0.15756970643997192,0.48256319761276245,0.8491523265838623,0.4507113993167877,0.6965765953063965,0.7149834632873535,0.44495677947998047,0.639618992805481,0.9775188565254211,0.956648051738739,0.06655657291412354,0.15932349860668182,1.0,0.026000000536441803,0.006000000052154064,0.020000001415610313,1.028,0.5620250776120197,1.2837898629954072,0.10679093516699945,0.31805354916029027,0.694259446192138,2.173705283478841,0.2573062376511624,0.1422935476656279,0.12624237686395645,0.023757247254252434,195.28231781363138,0.6891506910324097,0.7134833335876465,0.6670107841491699,0.2065715193748474,0.47755903005599976,0.403681218624115,0.6623049974441528,0.5314833521842957,0.956648051738739,0.9799999985843897,0.6287230223608322
bounding,2,action_space,-1.0,2.5999999046325684,0.0,0.5,-1.0,0.08999999612569809,1.0,0.3799999952316284,0.0,0.0,push_lateral_pace_recovery,push_lateral,1.5,pacing,1000,0.6883306503295898,0.6883306503295898,1.2805914878845215,0.3008041977882385,0.0678684264421463,0.1998061239719391,1.333784818649292,0.0678684264421463,0.014415044337511063,0.1866447925567627,0.10580383986234665,0.5822919607162476,0.993385374546051,1.8016014099121094,4.790156364440918,0.1998061239719391,0.09877172112464905,0.018796849995851517,0.004154111258685589,0.4791507124900818,0.031568676233291626,262.7332763671875,186.37142944335938,35.267364501953125,67.40719604492188,287.234130859375,0.07732751965522766,0.14024999737739563,0.6413031816482544,2.017622709274292,1.00600004196167,0.025611836463212967,0.029999924823641777,2.615234375,0.5,0.09114301949739456,0.3800007998943329,0.0,0.7495715022087097,0.710809051990509,0.7008916139602661,0.14613057672977448,0.4938868582248688,0.8414223194122314,0.45231014490127563,0.6774836778640747,0.7050447463989258,0.4349193572998047,0.6392879486083984,0.9775189161300659,0.9609963893890381,0.12071681022644043,0.20559078454971313,0.9998000264167786,0.02500000037252903,0.003000000026077032,0.02199999988079071,1.006,0.637478231198745,1.4161882023400236,0.12006266837577392,0.32527502188509133,0.996687199950943,2.1886425849007227,0.31427968614698765,0.1514957466549378,0.12805918231606483,0.02194044180214405,205.16556517270845,0.6963292360305786,0.6708398461341858,0.6319031119346619,0.19748637080192566,0.5318607687950134,0.38354381918907166,0.6056838035583496,0.49596497416496277,0.9609963893890381,0.9780000001192093,0.615434291653144
bounding,2,action_space,-1.0,2.5999999046325684,0.0,0.5,-1.0,0.08999999612569809,1.0,0.3799999952316284,1.0,0.03999999910593033,push_lateral_pace_recovery,push_lateral,1.5,pacing,1000,0.6685503721237183,0.6685503721237183,1.2669442892074585,0.3046889305114746,0.07020756602287292,0.1739991307258606,1.52781081199646,0.07020756602287292,0.012533742003142834,0.1799476444721222,0.1026609018445015,0.5025219321250916,0.44000720977783203,1.8048796653747559,4.747404098510742,0.1739991307258606,0.05528746545314789,0.020187653601169586,0.001370617770589888,0.46226125955581665,0.04416462779045105,250.57794189453125,176.20187377929688,35.58134460449219,68.14169311523438,293.96246337890625,0.07443469762802124,0.13499999046325684,0.6377416849136353,1.8474076986312866,1.0169999599456787,0.025338871404528618,0.029999924823641777,2.6155762672424316,0.5,0.09116869419813156,0.3800007998943329,0.03844171017408371,0.7511093616485596,0.7272436618804932,0.6997520923614502,0.1481720507144928,0.5037059783935547,0.8540992736816406,0.37576234340667725,0.6960011720657349,0.6552633047103882,0.44589048624038696,0.6396090388298035,0.9775188565254211,0.9566496014595032,0.0665493980050087,0.15926378965377808,1.0,0.026000000536441803,0.004999999888241291,0.021000001579523087,1.017,0.6270811968027901,1.3477858731731183,0.11195419600507536,0.3204073997967299,0.6633303926233383,2.178853849736311,0.23513286765815597,0.1468273522602634,0.1266943570226431,0.023305267095565796,197.78134210722175,0.6898084282875061,0.7387786507606506,0.6497514247894287,0.1688937097787857,0.4134194552898407,0.3967207968235016,0.6349990963935852,0.5091564655303955,0.9566496014595032,0.9789999984204769,0.6192352529137564
bounding,2,action_space,-1.0,2.5999999046325684,0.0,0.5,0.0,0.11999999731779099,-1.0,0.3400000035762787,-1.0,-0.03999999910593033,push_lateral_pace_recovery,push_lateral,1.5,pacing,1000,0.6842270493507385,0.6842270493507385,1.258471965789795,0.2935023307800293,0.07257825136184692,0.18890398740768433,1.3988609313964844,0.07257825136184692,0.016207167878746986,0.17325246334075928,0.09882398694753647,0.6164721846580505,0.7669652700424194,1.7506722211837769,4.5818376541137695,0.18890398740768433,0.0838279128074646,0.01883559301495552,0.0019700215198099613,0.44757822155952454,0.05245177447795868,260.263916015625,187.5342254638672,35.71768569946289,68.46343994140625,302.8999938964844,0.08158615231513977,0.1393333524465561,0.743247389793396,2.28462815284729,1.0250000953674316,0.025169435888528824,0.029999924823641777,2.6146152019500732,0.5,0.11999969929456711,0.3414614200592041,-0.03853783756494522,0.7501609325408936,0.7232508063316345,0.6985846757888794,0.1619395762681961,0.4408148527145386,0.8459940552711487,0.42622363567352295,0.704169750213623,0.5777319669723511,0.4561271667480469,1.0,0.9792482256889343,0.9633070230484009,0.11925822496414185,0.20290282368659973,1.0,0.024000000208616257,0.005000000353902578,0.01900000125169754,1.025,0.7251193311737805,1.492951873724032,0.12730737558659744,0.3143628269174593,0.8757655337146008,2.1405227525335415,0.2895305041052922,0.14424151460229986,0.12584717944264412,0.024152444675564766,206.80946663145406,0.7085217833518982,0.6998794674873352,0.6596062183380127,0.17852897942066193,0.3502753973007202,0.4085436761379242,0.5727956295013428,0.4982433021068573,0.9633070230484009,0.9809999987483025,0.6223213214140673
bounding,2,action_space,-1.0,2.5999999046325684,0.0,0.5,0.0,0.11999999731779099,-1.0,0.3400000035762787,0.0,0.0,push_lateral_pace_recovery,push_lateral,1.5,pacing,1000,0.6796766519546509,0.6796766519546509,1.2695446014404297,0.29296305775642395,0.07466285675764084,0.19022901356220245,1.8243829011917114,0.07466285675764084,0.018833642825484276,0.1722676008939743,0.09758313745260239,0.5812797546386719,0.6416045427322388,1.7852050065994263,4.699536323547363,0.19022901356220245,0.07667528092861176,0.018238143995404243,0.0019805419724434614,0.4648657441139221,0.04573697969317436,264.93072509765625,187.56790161132812,35.634735107421875,69.410400390625,476.7269592285156,0.08310244977474213,0.13558334112167358,0.7757267951965332,2.4713473320007324,1.0190000534057617,0.025390883907675743,0.029999924823641777,2.6143877506256104,0.5,0.11999969929456711,0.34143853187561035,0.0,0.7496416568756104,0.7100862264633179,0.7058508396148682,0.1536005437374115,0.46095240116119385,0.8400084972381592,0.30472350120544434,0.7096933126449585,0.5874046087265015,0.44574296474456787,1.0,0.9792482256889343,0.9673758149147034,0.2328406423330307,0.304008424282074,1.0,0.024000000208616257,0.0060000005178153515,0.018000001087784767,1.019,0.7612628131900148,1.557326906335978,0.13723571993283773,0.3123829980210229,0.8010022114402924,2.1678413972307484,0.2769030171894336,0.14219242584556924,0.12695441953837872,0.02304520457983017,208.68169956145292,0.7094186544418335,0.6963723301887512,0.6673946380615234,0.11068623512983322,0.4006209373474121,0.3946596682071686,0.5453558564186096,0.5076735019683838,0.9673758149147034,0.9819999989122152,0.6055462198952835
bounding,2,action_space,-1.0,2.5999999046325684,0.0,0.5,0.0,0.11999999731779099,-1.0,0.3400000035762787,1.0,0.03999999910593033,push_lateral_pace_recovery,push_lateral,1.5,pacing,1000,0.6878198385238647,0.6878198385238647,1.2922335863113403,0.2786862850189209,0.06790941208600998,0.18142426013946533,1.397437572479248,0.06790941208600998,0.01029239036142826,0.1751784384250641,0.10356712341308594,0.5581045150756836,0.577741265296936,1.7783399820327759,4.732721328735352,0.18142426013946533,0.06924425810575485,0.01963363215327263,0.0014566077152267098,0.4582383632659912,0.042311351746320724,258.17694091796875,185.13787841796875,35.50224685668945,68.08277893066406,380.4674377441406,0.08281771838665009,0.12175001204013824,0.689285933971405,2.1999404430389404,1.0240000486373901,0.025844674557447433,0.029999924823641777,2.6143970489501953,0.5,0.11999969929456711,0.34143954515457153,0.03855966776609421,0.7690798044204712,0.7222719192504883,0.701799213886261,0.1496710181236267,0.4721737802028656,0.8482168912887573,0.4334030747413635,0.6965668201446533,0.5875939130783081,0.4434182643890381,1.0,0.9792481660842896,0.9635125398635864,0.11895321309566498,0.2001447081565857,1.0,0.024000000208616257,0.006000000052154064,0.018000001087784767,1.024,0.6731307506561279,1.4657349990527346,0.10145141872555682,0.32181846344342324,0.7600929320135374,2.175481861274727,0.2631430373499456,0.1452247908192652,0.12922337278723717,0.020776251330971718,199.79123252393603,0.7329599857330322,0.7195367813110352,0.655862033367157,0.20123429596424103,0.4290305972099304,0.3999256193637848,0.5844437479972839,0.5440304279327393,0.9635125398635864,0.9819999989122152,0.6340853177393094
bounding,2,action_space,-1.0,2.5999999046325684,0.0,0.5,0.0,0.11999999731779099,0.0,0.3799999952316284,-1.0,-0.03999999910593033,push_lateral_pace_recovery,push_lateral,1.5,pacing,1000,0.698129415512085,0.698129415512085,1.2674704790115356,0.3037153482437134,0.0665629506111145,0.19031405448913574,1.4636435508728027,0.0665629506111145,0.010232502594590187,0.1987384408712387,0.11771809309720993,0.5433545112609863,0.5875617861747742,1.8143932819366455,4.926285743713379,0.19031405448913574,0.07154767215251923,0.01962592825293541,0.0014409153955057263,0.48522329330444336,0.05105401575565338,274.93084716796875,198.74822998046875,35.329246520996094,67.88801574707031,244.7835235595703,0.08414607495069504,0.13433334231376648,0.7404725551605225,2.433169364929199,1.0180001258850098,0.025349412113428116,0.029999924823641777,2.6154661178588867,0.5,0.11999969929456711,0.3800007998943329,-0.03845277428627014,0.7488135099411011,0.7091047763824463,0.6956445574760437,0.15558868646621704,0.48485103249549866,0.8383402824401855,0.4171529710292816,0.6571921110153198,0.5699436664581299,0.43141043186187744,1.0,0.9775189161300659,0.9647082090377808,0.2352045476436615,0.3107448220252991,1.0,0.026000000536441803,0.007000000216066837,0.01900000125169754,1.018,0.7273796995871193,1.5460099583603786,0.10115583322077965,0.3431007040173627,0.7665257896344873,2.2195237650706465,0.26748396615969194,0.1451442167240608,0.12674706056714058,0.023252563551068306,216.91301826799116,0.6914447546005249,0.6961470246315002,0.656169056892395,0.18856856226921082,0.36020562052726746,0.3789137899875641,0.5501651763916016,0.5108563899993896,0.9647082090377808,0.9809999987483025,0.6199024785787631
bounding,2,action_space,-1.0,2.5999999046325684,0.0,0.5,0.0,0.11999999731779099,0.0,0.3799999952316284,0.0,0.0,push_lateral_pace_recovery,push_lateral,1.5,pacing,1000,0.7386404275894165,0.7386404275894165,1.2865760326385498,0.30057433247566223,0.06539054214954376,0.1890045404434204,1.4247779846191406,0.06539054214954376,0.010610911063849926,0.20609933137893677,0.13200587034225464,0.5137290954589844,0.5030546188354492,1.8342349529266357,4.899277687072754,0.1890045404434204,0.07566976547241211,0.019201189279556274,0.0012435258831828833,0.47611767053604126,0.0434299036860466,270.00079345703125,190.22738647460938,35.096961975097656,67.9236068725586,289.9737854003906,0.08469000458717346,0.1277499943971634,0.7542330026626587,2.496609687805176,1.0180000066757202,0.025731518864631653,0.029999924823641777,2.6167099475860596,0.5,0.11999969929456711,0.3800007998943329,0.0,0.760273814201355,0.7135468125343323,0.7022911310195923,0.14429405331611633,0.4918608069419861,0.8428516983985901,0.43355852365493774,0.6589250564575195,0.5722854733467102,0.4293556809425354,1.0,0.9749248027801514,0.9658595323562622,0.4800257384777069,0.533143162727356,0.9992001056671143,0.029000001028180122,0.005000000353902578,0.024000000208616257,1.018,0.7408968282823244,1.5660348032248808,0.1030092765912368,0.36332612119451946,0.7092634340183126,2.2134312022452276,0.2750813797268221,0.14298501726663237,0.12865759432315826,0.02134202979505062,209.85995899776347,0.6967144012451172,0.6996135711669922,0.6643844246864319,0.1945636123418808,0.41953927278518677,0.38587749004364014,0.5416603088378906,0.5279519557952881,0.9658595323562622,0.9759999997913837,0.6230120607293569
bounding,2,action_space,-1.0,2.5999999046325684,0.0,0.5,0.0,0.11999999731779099,0.0,0.3799999952316284,1.0,0.03999999910593033,push_lateral_pace_recovery,push_lateral,1.5,pacing,1000,0.6958431005477905,0.6958431005477905,1.2733616828918457,0.31170687079429626,0.06952653080224991,0.20209789276123047,1.449027419090271,0.06952653080224991,0.011888623237609863,0.20092415809631348,0.1243935376405716,0.5539418458938599,0.6282206773757935,1.8326644897460938,4.910289764404297,0.20209789276123047,0.1028527021408081,0.020760055631399155,0.0014553670771420002,0.47996145486831665,0.04859952628612518,269.68634033203125,193.77615356445312,35.150787353515625,67.83020782470703,289.1960754394531,0.08353693783283234,0.1302500069141388,0.7040795087814331,2.325373411178589,1.0199999809265137,0.025467246770858765,0.029999924823641777,2.6165337562561035,0.5,0.11999969929456711,0.3800007998943329,0.03834599256515503,0.7427505254745483,0.6970901489257812,0.6926726698875427,0.14412951469421387,0.48540908098220825,0.8278101086616516,0.41413426399230957,0.6536872982978821,0.5749409198760986,0.4301825761795044,1.0,0.9757895469665527,0.9620407819747925,0.23755182325839996,0.31736844778060913,0.9996000528335571,0.027000000700354576,0.004999999888241291,0.02199999988079071,1.02,0.6902740478515625,1.509893286391402,0.10903496337235072,0.35269468048238495,0.7926037328803047,2.215917364073917,0.3207065670372344,0.14904839049295754,0.12733623385429382,0.022663390263915062,211.79083991247862,0.6779751181602478,0.664689302444458,0.6412675976753235,0.18511095643043518,0.37832921743392944,0.3829224109649658,0.5655568838119507,0.5213935971260071,0.9620407819747925,0.9780000001192093,0.6098303473912752
bounding,2,action_space,-1.0,2.5999999046325684,0.0,0.5,0.0,0.11999999731779099,1.0,0.3799999952316284,-1.0,-0.03999999910593033,push_lateral_pace_recovery,push_lateral,1.5,pacing,1000,0.6838692426681519,0.6838692426681519,1.2675056457519531,0.30301690101623535,0.0676022469997406,0.18021392822265625,1.3864614963531494,0.0676022469997406,0.011127127334475517,0.19706115126609802,0.11792126297950745,0.5577399730682373,0.5250861048698425,1.7988414764404297,4.88250732421875,0.18021392822265625,0.06643830984830856,0.01939861848950386,0.0014018910005688667,0.47234803438186646,0.046695269644260406,265.408203125,189.43988037109375,35.727821350097656,68.70722961425781,364.63134765625,0.08336694538593292,0.13600000739097595,0.652595043182373,2.0260467529296875,1.0170000791549683,0.02535012736916542,0.029999924823641777,2.615205764770508,0.5,0.11999969929456711,0.3800007998943329,-0.038478750735521317,0.744714617729187,0.7139019966125488,0.699096143245697,0.15435132384300232,0.4622461795806885,0.8413620591163635,0.4288792014122009,0.6601768136024475,0.5719509124755859,0.43501701951026917,1.0,0.9783835411071777,0.9617868661880493,0.12042433023452759,0.2073904573917389,1.0,0.02500000037252903,0.004000000189989805,0.021000001579523087,1.017,0.6416863035428958,1.4114459600220701,0.10548519959916423,0.34339665545766085,0.7246282528785657,2.209639636732368,0.25775629933778255,0.14422381734676393,0.1267506368458271,0.023248987272381783,209.39409935925408,0.6926177740097046,0.722693145275116,0.6596735119819641,0.2000868022441864,0.3930158317089081,0.38879773020744324,0.6077176332473755,0.5066169500350952,0.9617868661880493,0.9789999984204769,0.6268612033663652
bounding,2,action_space,-1.0,2.5999999046325684,0.0,0.5,0.0,0.11999999731779099,1.0,0.3799999952316284,0.0,0.0,push_lateral_pace_recovery,push_lateral,1.5,pacing,1000,0.7016957998275757,0.7016957998275757,1.2799268960952759,0.29741644859313965,0.06931982934474945,0.18851599097251892,1.4595035314559937,0.06931982934474945,0.013510877266526222,0.18992066383361816,0.1187371015548706,0.5605258941650391,0.729507565498352,1.8154325485229492,4.931465148925781,0.18851599097251892,0.07375601679086685,0.01865224353969097,0.001572547946125269,0.47084203362464905,0.0450257733464241,264.7995910644531,186.99588012695312,35.314292907714844,67.51630401611328,200.2265625,0.08328942954540253,0.1275833398103714,0.7192708849906921,2.278384208679199,1.0160000324249268,0.02559853345155716,0.029999924823641777,2.6155173778533936,0.5,0.11999969929456711,0.3800007998943329,0.0,0.7625871896743774,0.7152352333068848,0.704315185546875,0.15586000680923462,0.48613253235816956,0.8427516222000122,0.4195924997329712,0.6874083280563354,0.5810438394546509,0.4375876784324646,1.0,0.9775189161300659,0.9646756649017334,0.235299214720726,0.3115071952342987,0.9998000264167786,0.026000000536441803,0.003000000026077032,0.023000001907348633,1.016,0.7079437736451156,1.4974993188592796,0.11623629926372493,0.3445825032628189,0.8541121504219173,2.220690241552338,0.27158058986397915,0.14221389343455948,0.1279926672577858,0.022006956860423088,206.886496308725,0.7019969820976257,0.7009050846099854,0.6673131585121155,0.17733386158943176,0.4063601493835449,0.3899705410003662,0.5708515644073486,0.5283920764923096,0.9646756649017334,0.9769999980926514,0.6205045940020146
bounding,2,action_space,-1.0,2.5999999046325684,0.0,0.5,0.0,0.11999999731779099,1.0,0.3799999952316284,1.0,0.03999999910593033,push_lateral_pace_recovery,push_lateral,1.5,pacing,1000,0.6764665842056274,0.6764665842056274,1.277639627456665,0.30884605646133423,0.06814917922019958,0.20887020230293274,1.4404375553131104,0.06814917922019958,0.015733182430267334,0.1961134821176529,0.12372449040412903,0.5912138223648071,0.7403844594955444,1.8339930772781372,4.967617988586426,0.20887020230293274,0.09847624599933624,0.020752176642417908,0.001812563743442297,0.48370060324668884,0.048747606575489044,265.5113220214844,186.40313720703125,35.538543701171875,68.2194595336914,322.0221862792969,0.08516941964626312,0.13758334517478943,0.7161135673522949,2.287909746170044,1.0180001258850098,0.02555277571082115,0.029999924823641777,2.614917755126953,0.5,0.11999969929456711,0.3800007998943329,0.038507573306560516,0.7457021474838257,0.6918887495994568,0.6935368776321411,0.14426729083061218,0.4744924306869507,0.8230100870132446,0.40300121903419495,0.6668453812599182,0.566887617111206,0.4289313554763794,1.0,0.9783835411071777,0.9620201587677002,0.12003510445356369,0.2037273645401001,0.9998000264167786,0.02500000037252903,0.004000000189989805,0.021000001579523087,1.018,0.7034514001872544,1.4991515832354765,0.12543198328284272,0.3517449223572801,0.8604559602301238,2.2288153778602715,0.3138092509779408,0.15021564627514739,0.12776387855410576,0.022235745564103127,207.81393776117045,0.682806670665741,0.6464446783065796,0.6368030905723572,0.17288973927497864,0.377210408449173,0.38006946444511414,0.5701454281806946,0.5026220679283142,0.9620201587677002,0.9789999984204769,0.6046227402029893
bounding,2,action_space,-1.0,2.5999999046325684,0.0,0.5,1.0,0.11999999731779099,-1.0,0.3400000035762787,-1.0,-0.03999999910593033,push_lateral_pace_recovery,push_lateral,1.5,pacing,1000,0.6709967851638794,0.6709967851638794,1.2464900016784668,0.3117470145225525,0.07749760150909424,0.19807419180870056,1.4219893217086792,0.07749760150909424,0.021028323099017143,0.18462122976779938,0.10700617730617523,0.6341325044631958,0.818927526473999,1.7614805698394775,4.724084854125977,0.19807419180870056,0.10809655487537384,0.019283238798379898,0.0070435586385428905,0.47447827458381653,0.07048487663269043,274.1283264160156,198.50416564941406,35.34822082519531,68.40669250488281,293.5061340332031,0.08422496914863586,0.14733333885669708,0.6860107183456421,2.1610424518585205,1.0099999904632568,0.024929793551564217,0.029999924823641777,2.614633083343506,0.5,0.11999969929456711,0.3414631485939026,-0.03853602707386017,0.7399729490280151,0.7098709344863892,0.6911659240722656,0.15591265261173248,0.4279264211654663,0.8361003398895264,0.4168136417865753,0.6842358112335205,0.5690951943397522,0.4413908123970032,1.0,0.9783835411071777,0.958985447883606,0.06513478606939316,0.15118972957134247,0.9998000264167786,0.02500000037252903,0.003000000026077032,0.02200000174343586,1.01,0.6792185566212872,1.4627528910469085,0.1450114585093783,0.327117986827651,0.9049461456208314,2.173495998184946,0.32878040524850904,0.1622553464047419,0.12464896775782108,0.025350656360387802,219.92019674998346,0.6779072284698486,0.6754785776138306,0.5906474590301514,0.15841203927993774,0.2442171424627304,0.3871447741985321,0.5857211351394653,0.478706955909729,0.958985447883606,0.9779999982565641,0.5967310811273563
bounding,2,action_space,-1.0,2.5999999046325684,0.0,0.5,1.0,0.11999999731779099,-1.0,0.3400000035762787,0.0,0.0,push_lateral_pace_recovery,push_lateral,1.5,pacing,1000,0.6860708594322205,0.6860708594322205,1.2727214097976685,0.29404115676879883,0.06819558143615723,0.19294635951519012,1.3553814888000488,0.06819558143615723,0.01063271053135395,0.17782405018806458,0.09972718358039856,0.6077206134796143,0.7527967691421509,1.8110982179641724,4.8656768798828125,0.19294635951519012,0.07840664684772491,0.01869785413146019,0.001700129359960556,0.46495941281318665,0.0456603541970253,263.8307189941406,187.4873809814453,35.65968322753906,68.6409683227539,486.46417236328125,0.08290800452232361,0.1263333559036255,0.7715975642204285,2.5067059993743896,1.0210000276565552,0.02545442245900631,0.029999924823641777,2.6150360107421875,0.5,0.11999969929456711,0.34150347113609314,0.0,0.7618861198425293,0.7057485580444336,0.702508807182312,0.15375855565071106,0.45852410793304443,0.8348267078399658,0.4333646297454834,0.6945305466651917,0.5786609649658203,0.4424054026603699,1.0,0.9783835411071777,0.961982250213623,0.12017528712749481,0.2051311433315277,1.0,0.02500000037252903,0.006000000052154064,0.01900000125169754,1.021,0.7557272616843168,1.5668911729230066,0.1031150354281758,0.31579611077465564,0.8676386166729504,2.2058279352394674,0.2800118691193731,0.14282150920439382,0.12727211229503155,0.022727511823177338,207.29651985353436,0.707625150680542,0.6891592144966125,0.6650056838989258,0.20845423638820648,0.4012353718280792,0.3945857286453247,0.5412970781326294,0.531704843044281,0.961982250213623,0.9809999987483025,0.6287644769136722
bounding,2,action_space,-1.0,2.5999999046325684,0.0,0.5,1.0,0.11999999731779099,-1.0,0.3400000035762787,1.0,0.03999999910593033,push_lateral_pace_recovery,push_lateral,1.5,pacing,1000,0.6585289239883423,0.6585289239883423,1.263473391532898,0.30832019448280334,0.0860782340168953,0.20067915320396423,1.6362946033477783,0.0860782340168953,0.024061106145381927,0.1828792244195938,0.10902507603168488,0.5682311654090881,0.621504008769989,1.7957851886749268,4.719367027282715,0.20067915320396423,0.0924176573753357,0.01969672366976738,0.0023982690181583166,0.46854016184806824,0.04991772025823593,263.34722900390625,188.12823486328125,35.621360778808594,68.59877014160156,539.1433715820312,0.08204687386751175,0.12908333539962769,0.6821746826171875,2.228853225708008,1.0160000324249268,0.025269456207752228,0.029999924823641777,2.6149468421936035,0.5,0.11999969929456711,0.34149450063705444,0.03850468620657921,0.7402382493019104,0.7040568590164185,0.6966856122016907,0.1531466841697693,0.4625392258167267,0.8317609429359436,0.3417934775352478,0.6913397908210754,0.5705282688140869,0.4392142593860626,1.0,0.9783835411071777,0.9583286643028259,0.06553560495376587,0.15444570779800415,1.0,0.02500000037252903,0.00800000037997961,0.017000000923871994,1.016,0.6714317742295153,1.4811324113545474,0.15511642770958184,0.33018945475542505,0.7883552554337346,2.172410418701474,0.30400272593405425,0.14864384510609815,0.12634728103876114,0.023652343079447746,208.431163464711,0.6836936473846436,0.6684984564781189,0.6428139805793762,0.12033006548881531,0.36848530173301697,0.39177000522613525,0.5778515338897705,0.5244439840316772,0.9583286643028259,0.982999999076128,0.5965215519834787
bounding,2,action_space,-1.0,2.5999999046325684,0.0,0.5,1.0,0.11999999731779099,0.0,0.3799999952316284,-1.0,-0.03999999910593033,push_lateral_pace_recovery,push_lateral,1.5,pacing,1000,0.6877570152282715,0.6877570152282715,1.2870047092437744,0.277591735124588,0.06942533701658249,0.1868554949760437,1.312401533126831,0.06942533701658249,0.010348774492740631,0.18655180931091309,0.10942181944847107,0.5829887390136719,0.5736511945724487,1.810485601425171,4.882628440856934,0.1868554949760437,0.07860784977674484,0.019594624638557434,0.0014423811808228493,0.4718809723854065,0.04280225932598114,273.36700439453125,197.6128387451172,35.799686431884766,69.23345947265625,376.9281005859375,0.08526536077260971,0.11916667222976685,0.7253091335296631,2.429312229156494,1.0210001468658447,0.025740109384059906,0.029999924823641777,2.6144070625305176,0.5,0.11999969929456711,0.3800007998943329,-0.03855866193771362,0.7620148658752441,0.7092667818069458,0.697624921798706,0.15668848156929016,0.451118528842926,0.8383445739746094,0.4466854929924011,0.6736360788345337,0.5764158964157104,0.43850111961364746,1.0,0.9792482256889343,0.963512122631073,0.118964284658432,0.20022377371788025,1.0,0.024000000208616257,0.003000000026077032,0.021000001579523087,1.021,0.7103908736838883,1.5425128816538123,0.10172892652898993,0.33078969066231656,0.7573976462680939,2.209667042985647,0.2803709146412032,0.1450413934688311,0.12870054692029953,0.021299077197909355,212.4055976105618,0.7347472906112671,0.705287516117096,0.6565607190132141,0.21884818375110626,0.42483893036842346,0.389161080121994,0.5516527891159058,0.5511031150817871,0.963512122631073,0.9789999984204769,0.6359969929624827
bounding,2,action_space,-1.0,2.5999999046325684,0.0,0.5,1.0,0.11999999731779099,0.0,0.3799999952316284,0.0,0.0,push_lateral_pace_recovery,push_lateral,1.5,pacing,1000,0.6995562314987183,0.6995562314987183,1.2612864971160889,0.31363773345947266,0.07595396041870117,0.19787448644638062,1.3347358703613281,0.07595396041870117,0.016093149781227112,0.19339916110038757,0.12275262922048569,0.5553970336914062,0.5748627185821533,1.8152811527252197,4.910490036010742,0.19787448644638062,0.08467267453670502,0.018925437703728676,0.0014196042902767658,0.4747169017791748,0.04949580132961273,259.576171875,184.4494171142578,35.44281768798828,68.00973510742188,339.588134765625,0.08341339230537415,0.1380000114440918,0.7391185760498047,2.405843734741211,1.0110000371932983,0.025225741788744926,0.029999924823641777,2.615363359451294,0.5,0.11999969929456711,0.3800007998943329,0.0,0.7433706521987915,0.7014074921607971,0.7031501531600952,0.15067502856254578,0.47493821382522583,0.8340094089508057,0.42751482129096985,0.6798248887062073,0.5784879922866821,0.4330665171146393,1.0,0.9775189161300659,0.9647570848464966,0.23502039909362793,0.3092067837715149,0.9995999932289124,0.026000000536441803,0.0020000000949949026,0.024000000208616257,1.011,0.7310766867195228,1.5426170647657276,0.12685877888907457,0.3503607130094436,0.7581970183152618,2.215962552935122,0.29098569472863267,0.1426360473162568,0.12612870894372463,0.023870915174484253,205.80270419806817,0.6747084856033325,0.6760128736495972,0.6657102108001709,0.19078677892684937,0.3716078996658325,0.38696005940437317,0.5516084432601929,0.5015760660171509,0.9647570848464966,0.9759999997913837,0.6155958632246041
bounding,2,action_space,-1.0,2.5999999046325684,0.0,0.5,1.0,0.11999999731779099,0.0,0.3799999952316284,1.0,0.03999999910593033,push_lateral_pace_recovery,push_lateral,1.5,pacing,1000,0.6654378175735474,0.6654378175735474,1.2749261856079102,0.31563565135002136,0.07099524140357971,0.20698490738868713,1.6616675853729248,0.07099524140357971,0.01593342423439026,0.2006017118692398,0.12232328951358795,0.5507479310035706,0.5404223203659058,1.8372762203216553,4.887380599975586,0.20698490738868713,0.08435384929180145,0.021645437926054,0.0014506687875837088,0.4924478530883789,0.042918168008327484,264.2101135253906,185.10659790039062,35.65162658691406,68.8846435546875,581.9583129882812,0.08461292833089828,0.1366666853427887,0.7155702710151672,2.2702972888946533,1.0240000486373901,0.025498520582914352,0.029999924823641777,2.6149940490722656,0.5,0.11999969929456711,0.3800007998943329,0.038499996066093445,0.737834095954895,0.6744987964630127,0.6882622241973877,0.14149396121501923,0.492603600025177,0.8140931725502014,0.35431671142578125,0.6535232067108154,0.5636368989944458,0.42096978425979614,1.0,0.9783835411071777,0.9619923830032349,0.12012577801942825,0.20467719435691833,1.0,0.02500000037252903,0.003000000026077032,0.02200000174343586,1.024,0.6987990140914917,1.4889886731702648,0.1262276682601333,0.34974746534262113,0.7351342192864551,2.210742092595965,0.2904373414211772,0.15197403302419038,0.12749260291457176,0.022507021203637123,207.23561607561618,0.6713239550590515,0.6515328288078308,0.6300714015960693,0.13802284002304077,0.4238552153110504,0.3734781742095947,0.5744904279708862,0.5049310326576233,0.9619923830032349,0.9779999982565641,0.5928754847592269
bounding,2,action_space,-1.0,2.5999999046325684,0.0,0.5,1.0,0.11999999731779099,1.0,0.3799999952316284,-1.0,-0.03999999910593033,push_lateral_pace_recovery,push_lateral,1.5,pacing,1000,0.6715672016143799,0.6715672016143799,1.2779536247253418,0.2934552729129791,0.06674151867628098,0.1886943280696869,1.410672903060913,0.06674151867628098,0.011743424460291862,0.1896505057811737,0.10767459869384766,0.5686402320861816,0.5943530797958374,1.8394508361816406,5.1124114990234375,0.1886943280696869,0.07139131426811218,0.01968158408999443,0.001426280359737575,0.4799147844314575,0.04492726922035217,264.62469482421875,187.17526245117188,36.117435455322266,68.6187973022461,497.1643981933594,0.08405891060829163,0.1470833420753479,0.7362945079803467,2.346705913543701,1.0220000743865967,0.025559065863490105,0.029999924823641777,2.6142001152038574,0.5,0.11999969929456711,0.3800007998943329,-0.03857935965061188,0.7584550380706787,0.702576220035553,0.6950851678848267,0.15433427691459656,0.4708455801010132,0.8366566896438599,0.40640443563461304,0.6621813178062439,0.5695177316665649,0.4305102229118347,1.0,0.9801129102706909,0.9609664082527161,0.06405065953731537,0.14961762726306915,1.0,0.023000001907348633,0.003000000026077032,0.020000001415610313,1.022,0.720444770708476,1.515318250274419,0.10836708199583424,0.32813807870140227,0.7709429808979633,2.2610642403575,0.2671915310561175,0.1452854584937254,0.12779532931745052,0.022204294800758362,207.0690905400358,0.7086001038551331,0.7004337310791016,0.655630886554718,0.19290809333324432,0.40716150403022766,0.38295814394950867,0.563241183757782,0.4793056845664978,0.9609664082527161,0.9799999985843897,0.6242403278175073
bounding,2,action_space,-1.0,2.5999999046325684,0.0,0.5,1.0,0.11999999731779099,1.0,0.3799999952316284,0.0,0.0,push_lateral_pace_recovery,push_lateral,1.5,pacing,1000,0.6782306432723999,0.6782306432723999,1.2771828174591064,0.29616856575012207,0.06510092318058014,0.18283721804618835,1.5434166193008423,0.06510092318058014,0.010166192427277565,0.184296652674675,0.11034742742776871,0.5385534167289734,0.5472544431686401,1.7913668155670166,4.761406898498535,0.18283721804618835,0.0657261312007904,0.01892506331205368,0.0012845364399254322,0.47822433710098267,0.05038030445575714,264.7050476074219,187.03665161132812,35.83013153076172,69.10452270507812,394.5410461425781,0.08314412087202072,0.14875000715255737,0.7867501378059387,2.546049118041992,1.0199999809265137,0.025543637573719025,0.029999924823641777,2.615004539489746,0.5,0.11999969929456711,0.3800007998943329,0.0,0.7535826563835144,0.7131668925285339,0.7056252360343933,0.1522752344608307,0.4930863380432129,0.8424030542373657,0.38709598779678345,0.6925585865974426,0.5757052898406982,0.432674765586853,1.0,0.9783835411071777,0.9619911909103394,0.12013769149780273,0.20476984977722168,1.0,0.02500000037252903,0.003000000026077032,0.02199999988079071,1.02,0.7713236490885417,1.5799134601100426,0.10082753804034672,0.33218583267166696,0.7397664788084414,2.18206482454086,0.25637108105398787,0.14216047183369615,0.12771818786859512,0.022281436249613762,207.25697526532636,0.7040799856185913,0.7158429622650146,0.6675159335136414,0.17434129118919373,0.3650919497013092,0.3842550814151764,0.5357800126075745,0.4753280580043793,0.9619911909103394,0.9780000001192093,0.622067329593194
bounding,2,action_space,-1.0,2.5999999046325684,0.0,0.5,1.0,0.11999999731779099,1.0,0.3799999952316284,1.0,0.03999999910593033,push_lateral_pace_recovery,push_lateral,1.5,pacing,1000,0.6527801156044006,0.6527801156044006,1.2668532133102417,0.3013724684715271,0.0744752287864685,0.19643357396125793,1.755814552307129,0.0744752287864685,0.01590171456336975,0.1843591332435608,0.11205382645130157,0.5518391728401184,0.5671917796134949,1.7788450717926025,4.705815315246582,0.19643357396125793,0.08332730829715729,0.02019999921321869,0.0014848439022898674,0.46126413345336914,0.05201023817062378,256.61358642578125,183.11224365234375,35.50379180908203,68.63072204589844,428.85235595703125,0.0831436812877655,0.12675000727176666,0.6404637098312378,2.0260415077209473,1.0280001163482666,0.02533707395195961,0.029999924823641777,2.615163803100586,0.5,0.11999969929456711,0.3800007998943329,0.03848295286297798,0.7452964186668396,0.7054762840270996,0.6984314322471619,0.15392345190048218,0.47992783784866333,0.8363898992538452,0.30289924144744873,0.6944523453712463,0.5827487707138062,0.4426391124725342,1.0,0.9775189161300659,0.9572237133979797,0.0661102905869484,0.15514686703681946,0.9995999932289124,0.026000000536441803,0.00800000037997961,0.018000001087784767,1.028,0.6230192073124392,1.4038723211432824,0.1261020006319081,0.33474441959695395,0.7531213578258784,2.169289126706392,0.28866469873740586,0.14725774382187362,0.12668536975979805,0.023314254358410835,202.5598417635609,0.6953767538070679,0.6798647046089172,0.6481086611747742,0.12570105493068695,0.35338231921195984,0.3975127637386322,0.6109657287597656,0.5305982828140259,0.9572237133979797,0.9819999989122152,0.6020821557404139
bounding,2,action_space,0.0,3.0,0.0,0.5,-1.0,0.08999999612569809,-1.0,0.3400000035762787,-1.0,-0.03999999910593033,push_lateral_pace_recovery,push_lateral,1.5,pacing,1000,0.6869243383407593,0.6869243383407593,1.3023393154144287,0.2658754885196686,0.06942152976989746,0.210788756608963,1.5122076272964478,0.06942152976989746,0.01145779900252819,0.19548848271369934,0.1207561194896698,0.47951698303222656,0.46351808309555054,1.7487504482269287,4.375236511230469,0.210788756608963,0.0898345410823822,0.015060694888234138,0.0012271592859178782,0.4464101791381836,0.043454162776470184,247.56027221679688,175.30230712890625,35.06256866455078,67.9716796875,392.9717102050781,0.07110071182250977,0.1443333476781845,0.7641432881355286,2.247159481048584,1.1600000858306885,0.026046782732009888,0.029999924823641777,3.000000238418579,0.5,0.09116965532302856,0.3415588140487671,-0.03844044357538223,0.7897245287895203,0.6756558418273926,0.7556721568107605,0.1459970772266388,0.535556435585022,0.816214919090271,0.392039954662323,0.6634430289268494,0.5644881129264832,0.4565451443195343,0.6396210193634033,0.9775188565254211,0.9604721069335938,0.12129740417003632,0.20920374989509583,1.0,0.026000000536441803,0.003000000026077032,0.023000001907348633,1.16,0.6587441806135507,1.3918355468178616,0.10704110893730591,0.3474998122153015,0.6808216235516837,2.0917066025689333,0.2997241082768989,0.12762387775863895,0.13023391366004944,0.019765710458159447,190.08891867632713,0.7537013292312622,0.6412608027458191,0.7219805717468262,0.17528121173381805,0.4193357825279236,0.4094991981983185,0.6161273717880249,0.48594164848327637,0.9604721069335938,0.9769999980926514,0.6301104353788571
bounding,2,action_space,0.0,3.0,0.0,0.5,-1.0,0.08999999612569809,-1.0,0.3400000035762787,0.0,0.0,push_lateral_pace_recovery,push_lateral,1.5,pacing,1000,0.7082281112670898,0.7082281112670898,1.3172661066055298,0.26107898354530334,0.06893327832221985,0.20323599874973297,1.4229199886322021,0.06893327832221985,0.009849272668361664,0.17582562565803528,0.10679798573255539,0.43655258417129517,0.3264957666397095,1.7728886604309082,4.517752170562744,0.20323599874973297,0.07462985813617706,0.013960851356387138,0.0012121486943215132,0.44882506132125854,0.0465707927942276,239.9752197265625,167.72232055664062,35.673736572265625,69.49287414550781,409.0856628417969,0.0694180279970169,0.1573333442211151,0.744013786315918,2.095515251159668,1.1649999618530273,0.026345323771238327,0.029999924823641777,3.000000238418579,0.5,0.09112845361232758,0.3415037989616394,0.0,0.7937272787094116,0.6725679636001587,0.7640103101730347,0.1436624526977539,0.5560115575790405,0.8181232213973999,0.4108008146286011,0.7120579481124878,0.557281494140625,0.4509153664112091,0.639106035232544,0.9783835411071777,0.9660096764564514,0.2342170774936676,0.30893296003341675,1.0,0.02500000037252903,0.00800000037997961,0.017000000923871994,1.165,0.6386383973477736,1.3411657016355445,0.09924350189489317,0.3267996109736904,0.5713980807105581,2.1255004517907645,0.27318465940857123,0.12317873213630935,0.13172661885619164,0.01827300526201725,182.17672080317618,0.7613600492477417,0.6616300344467163,0.7382594347000122,0.1979174017906189,0.393995463848114,0.4075261652469635,0.6378313302993774,0.45536008477211,0.9660096764564514,0.982999999076128,0.643769496335433
bounding,2,action_space,0.0,3.0,0.0,0.5,-1.0,0.08999999612569809,-1.0,0.3400000035762787,1.0,0.03999999910593033,push_lateral_pace_recovery,push_lateral,1.5,pacing,1000,0.6851387023925781,0.6851387023925781,1.314166784286499,0.26965194940567017,0.07745227217674255,0.2102563977241516,1.5071098804473877,0.07745227217674255,0.013227147981524467,0.1743922233581543,0.10707758367061615,0.461819589138031,0.4537492096424103,1.7830352783203125,4.591710090637207,0.2102563977241516,0.07921218872070312,0.013948865234851837,0.001523264916613698,0.44601958990097046,0.05231260135769844,237.8909912109375,165.4881591796875,35.279212951660156,68.03271484375,392.3188781738281,0.06941236555576324,0.13850000500679016,0.6251833438873291,1.7643450498580933,1.1680001020431519,0.02628333680331707,0.029999924823641777,3.000000238418579,0.5,0.09114614129066467,0.34152740240097046,0.03847178444266319,0.7901445627212524,0.6656767129898071,0.758726954460144,0.13793456554412842,0.5482140183448792,0.8100014925003052,0.38393154740333557,0.7192497253417969,0.562384843826294,0.4455583095550537,0.6393270492553711,0.9783835411071777,0.9614958167076111,0.1206187829375267,0.20736145973205566,1.0,0.02500000037252903,0.004000000189989805,0.021000001579523087,1.168,0.5352597171313143,1.2290522056577287,0.11500933867092909,0.32722711328772275,0.6736090926066914,2.142827592373499,0.28144660012283523,0.124387017616251,0.13141668401658535,0.018582940101623535,181.0203956266447,0.7476288080215454,0.6426998376846313,0.7338559031486511,0.1700516939163208,0.3512517809867859,0.40981921553611755,0.6854756474494934,0.5003237128257751,0.9614958167076111,0.9789999984204769,0.6302940411827503
bounding,2,action_space,0.0,3.0,0.0,0.5,-1.0,0.08999999612569809,0.0,0.3799999952316284,-1.0,-0.03999999910593033,push_lateral_pace_recovery,push_lateral,1.5,pacing,1000,0.7080831527709961,0.7080831527709961,1.2962524890899658,0.26811474561691284,0.07583093643188477,0.20264458656311035,1.3663208484649658,0.07583093643188477,0.01133524440228939,0.18330931663513184,0.1132126897573471,0.47639939188957214,0.3946598768234253,1.774196982383728,4.495571136474609,0.20264458656311035,0.07169792056083679,0.014657416380941868,0.0011579124256968498,0.44998934864997864,0.04502047598361969,242.23995971679688,169.90274047851562,36.40994644165039,70.49853515625,386.7779846191406,0.07118908315896988,0.1550833284854889,0.8463337421417236,2.3983383178710938,1.1690001487731934,0.02592504769563675,0.029999924823641777,3.000000238418579,0.5,0.09109616279602051,0.3800007998943329,-0.03853841498494148,0.7789475321769714,0.6704088449478149,0.7593652009963989,0.15146863460540771,0.5455389022827148,0.8160334825515747,0.4245869517326355,0.6924891471862793,0.5729777812957764,0.45498913526535034,0.6387023329734802,0.9792482256889343,0.9672365188598633,0.2332497239112854,0.3067309260368347,1.0,0.024000000208616257,0.0060000005178153515,0.018000001087784767,1.169,0.7239809060728989,1.4323460374106205,0.10646710478964566,0.33647093449114907,0.6282196087543156,2.1202761934414602,0.26776467384783376,0.12575901083675364,0.12962523847818375,0.02037438564002514,186.87714141776613,0.7501050233840942,0.6632201671600342,0.728835940361023,0.2033095359802246,0.40640318393707275,0.40657833218574524,0.5987544059753418,0.4605118930339813,0.9672365188598633,0.9819999989122152,0.6417374865939984
bounding,2,action_space,0.0,3.0,0.0,0.5,-1.0,0.08999999612569809,0.0,0.3799999952316284,0.0,0.0,push_lateral_pace_recovery,push_lateral,1.5,pacing,1000,0.7366569638252258,0.7366569638252258,1.2955920696258545,0.278849720954895,0.07800374925136566,0.2043772041797638,1.4681689739227295,0.07800374925136566,0.013699881732463837,0.18193252384662628,0.11710590124130249,0.4786698818206787,0.544948399066925,1.7653770446777344,4.462028503417969,0.2043772041797638,0.08016680181026459,0.014531259424984455,0.0011767238611355424,0.4527585506439209,0.04492190480232239,240.05862426757812,167.97427368164062,35.3541374206543,68.61392211914062,369.18719482421875,0.07119441032409668,0.15566667914390564,0.7303683757781982,2.05033016204834,1.1630001068115234,0.025911830365657806,0.029999924823641777,3.000000238418579,0.5,0.09120513498783112,0.3800007998943329,0.0,0.779202938079834,0.6735326051712036,0.7621079683303833,0.1441861093044281,0.5443732738494873,0.8143167495727539,0.3818534016609192,0.7080020904541016,0.5671658515930176,0.45130014419555664,0.6400646567344666,0.9766542315483093,0.9680933952331543,0.4788370728492737,0.5328315496444702,1.0,0.027000000700354576,0.007000000216066837,0.020000001415610313,1.163,0.6280037378916327,1.327767499681899,0.11704649389223001,0.34220739507103365,0.7382062036226227,2.112351415701935,0.2831374256615762,0.1253314935924726,0.12955915182828903,0.020440472289919853,185.2887416460515,0.7326928973197937,0.6585595011711121,0.730402410030365,0.17514052987098694,0.40720516443252563,0.4043327569961548,0.6435589790344238,0.4591706097126007,0.9680933952331543,0.9799999985843897,0.6306569286837028
bounding,2,action_space,0.0,3.0,0.0,0.5,-1.0,0.08999999612569809,0.0,0.3799999952316284,1.0,0.03999999910593033,push_lateral_pace_recovery,push_lateral,1.5,pacing,1000,0.7020653486251831,0.7020653486251831,1.3131868839263916,0.27099519968032837,0.08922338485717773,0.20991630852222443,1.3558775186538696,0.08922338485717773,0.01572182960808277,0.1892910897731781,0.12517090141773224,0.5011301636695862,0.48875755071640015,1.7895128726959229,4.520833492279053,0.20991630852222443,0.08183373510837555,0.014976227656006813,0.0013120926450937986,0.46350669860839844,0.051903918385505676,247.49795532226562,171.35418701171875,35.564083099365234,68.73353576660156,343.25164794921875,0.07262924313545227,0.13574999570846558,0.747439980506897,2.181912899017334,1.1549999713897705,0.02626373991370201,0.029999924823641777,3.000000238418579,0.5,0.09120313823223114,0.3800007998943329,0.03839578479528427,0.7773140072822571,0.6550107002258301,0.7549120783805847,0.14184077084064484,0.5310075283050537,0.8020633459091187,0.3999141454696655,0.6953439116477966,0.5677226781845093,0.4401530623435974,0.6400395631790161,0.9766542315483093,0.963351309299469,0.2364446520805359,0.3146387040615082,0.9998000264167786,0.027000000700354576,0.004000000189989805,0.023000001907348633,1.155,0.6471341484036797,1.3744461571509181,0.12538672022221,0.3537949991417802,0.6991119729459653,2.1262251744062888,0.28606596286237124,0.12762570392009837,0.13131869956851006,0.01868092454969883,188.47123615966507,0.7454601526260376,0.6436188817024231,0.7219738364219666,0.18818795680999756,0.35413455963134766,0.3957338333129883,0.6235816478729248,0.5072506666183472,0.963351309299469,0.9769999980926514,0.6318181722592084
bounding,2,action_space,0.0,3.0,0.0,0.5,-1.0,0.08999999612569809,1.0,0.3799999952316284,-1.0,-0.03999999910593033,push_lateral_pace_recovery,push_lateral,1.5,pacing,1000,0.6876131892204285,0.6876131892204285,1.295536994934082,0.26972323656082153,0.07558588683605194,0.21094876527786255,1.4428813457489014,0.07558588683605194,0.012213392183184624,0.19169127941131592,0.11540405452251434,0.4775819182395935,0.4853357970714569,1.7591426372528076,4.513862609863281,0.21094876527786255,0.08729054033756256,0.014820482581853867,0.001139828353188932,0.45251259207725525,0.043360382318496704,242.9774169921875,173.18670654296875,35.31734085083008,68.48247528076172,445.96142578125,0.07115963101387024,0.15283334255218506,0.824043333530426,2.4466969966888428,1.1670000553131104,0.02591073513031006,0.029999924823641777,3.000000238418579,0.5,0.09116415679454803,0.3800007998943329,-0.03844776749610901,0.7756239175796509,0.6674085259437561,0.7582143545150757,0.14896780252456665,0.5391978621482849,0.8089003562927246,0.40768611431121826,0.6798187494277954,0.5722233057022095,0.45167970657348633,0.6395522356033325,0.9775188565254211,0.9604998826980591,0.12120939791202545,0.2082720696926117,1.0,0.026000000536441803,0.007000000216066837,0.01900000125169754,1.167,0.70612105734857,1.447953606437607,0.11051421710886172,0.33971172267455585,0.6966604603904666,2.1245852794988678,0.29544972556691024,0.12633412419074586,0.1295536756515503,0.020445948466658592,187.54957823844342,0.7475138306617737,0.6408282518386841,0.726725697517395,0.18504631519317627,0.42012304067611694,0.40453168749809265,0.5920628905296326,0.46572184562683105,0.9604998826980591,0.9809999987483025,0.6330922054938781
bounding,2,action_space,0.0,3.0,0.0,0.5,-1.0,0.08999999612569809,1.0,0.3799999952316284,0.0,0.0,push_lateral_pace_recovery,push_lateral,1.5,pacing,1000,0.7065037488937378,0.7065037488937378,1.2798339128494263,0.273704469203949,0.07916541397571564,0.18503040075302124,1.4681377410888672,0.07916541397571564,0.012500433251261711,0.17816923558712006,0.11649827659130096,0.4552080035209656,0.38392695784568787,1.766342043876648,4.492686748504639,0.18503040075302124,0.06579867005348206,0.013921810314059258,0.0010356829734519124,0.43681007623672485,0.04092208296060562,246.7943572998047,177.7020263671875,34.91300964355469,67.88369750976562,234.64515686035156,0.07106246054172516,0.14225000143051147,0.7750071287155151,2.2595481872558594,1.1700000762939453,0.025596674531698227,0.029999924823641777,3.000000238418579,0.5,0.09116023778915405,0.3800007998943329,0.0,0.7804486751556396,0.7075046300888062,0.7669107913970947,0.15107619762420654,0.5516507625579834,0.8396406173706055,0.39240917563438416,0.7260242104530334,0.5817950963973999,0.4637908339500427,0.6395032405853271,0.9775188565254211,0.9647082090377808,0.23520103096961975,0.310721218585968,0.9995999932289124,0.02500000037252903,0.0020000000949949026,0.023000001907348633,1.17,0.6623992659087874,1.3896897814387028,0.11180533641674582,0.3413184386922291,0.6196183969554874,2.119595892736311,0.2565125144188526,0.12230083109902062,0.12798337265849113,0.02201625145971775,192.8331128141002,0.7410727143287659,0.7100907564163208,0.7414482831954956,0.17939835786819458,0.4411185383796692,0.4174376130104065,0.6170474290847778,0.4910300374031067,0.9647082090377808,0.9769999980926514,0.6411860539362981
bounding,2,action_space,0.0,3.0,0.0,0.5,-1.0,0.08999999612569809,1.0,0.3799999952316284,1.0,0.03999999910593033,push_lateral_pace_recovery,push_lateral,1.5,pacing,1000,0.6799912452697754,0.6799912452697754,1.3200255632400513,0.2683708071708679,0.07990647107362747,0.21095940470695496,1.583935022354126,0.07990647107362747,0.012899952009320259,0.1904940903186798,0.1248350739479065,0.46761345863342285,0.3973812460899353,1.805657148361206,4.666731834411621,0.21095940470695496,0.07675700634717941,0.015016003511846066,0.0014050329336896539,0.45922309160232544,0.04917460307478905,239.70379638671875,164.04244995117188,35.759193420410156,68.85919189453125,351.9928283691406,0.07155746221542358,0.15200001001358032,0.7731539011001587,2.2497801780700684,1.1660000085830688,0.02640051580965519,0.029999924823641777,3.000000238418579,0.5,0.09120550751686096,0.3800007998943329,0.038392625749111176,0.7798479199409485,0.6561879515647888,0.7535033226013184,0.1443074345588684,0.5478730797767639,0.8053616285324097,0.367017537355423,0.694717288017273,0.5663590431213379,0.44099095463752747,0.6400691866874695,0.9766541719436646,0.959027886390686,0.12231769412755966,0.21198990941047668,0.9998000264167786,0.027000000700354576,0.00800000037997961,0.01900000125169754,1.166,0.6630822209510345,1.389059194334821,0.11357795564862162,0.3533200729478959,0.6303818256342225,2.160261982818663,0.2770505483610877,0.12814459194806357,0.13200257904827595,0.017997045069932938,181.5902684477996,0.7496929168701172,0.6407994627952576,0.7200599908828735,0.15851055085659027,0.3740027844905853,0.39913874864578247,0.617317795753479,0.4676664173603058,0.959027886390686,0.9809999987483025,0.6254147394345357
bounding,2,action_space,0.0,3.0,0.0,0.5,0.0,0.11999999731779099,-1.0,0.3400000035762787,-1.0,-0.03999999910593033,push_lateral_pace_recovery,push_lateral,1.5,pacing,1000,0.7016249299049377,0.7016249299049377,1.310080885887146,0.26678842306137085,0.07735687494277954,0.19894078373908997,1.4617842435836792,0.07735687494277954,0.014135509729385376,0.20023350417613983,0.12119562923908234,0.4927011728286743,0.4635689854621887,1.747978925704956,4.457855224609375,0.19894078373908997,0.07378578186035156,0.015492036938667297,0.0014924793504178524,0.4524378776550293,0.048526130616664886,258.034912109375,183.2510986328125,35.20550537109375,68.29876708984375,335.1103210449219,0.07982008159160614,0.125,0.9016604423522949,2.9861087799072266,1.1610000133514404,0.02620159462094307,0.029999924823641777,3.000000238418579,0.5,0.11999969929456711,0.3415570855140686,-0.03844207152724266,0.7921580672264099,0.681020200252533,0.7464306354522705,0.14761459827423096,0.5434565544128418,0.8210100531578064,0.3829861879348755,0.6459426879882812,0.5600031614303589,0.4466262459754944,1.0,0.9775188565254211,0.9646579027175903,0.23539569973945618,0.3123496472835541,1.0,0.026000000536441803,0.0010000000474974513,0.02500000037252903,1.161,0.7766239452115633,1.603750084861296,0.11889284978242122,0.34813162631263816,0.6808590055673706,2.11136335684064,0.27163538403593807,0.13032465725673384,0.13100797310471535,0.018991651013493538,196.96105399983895,0.7522367238998413,0.673158586025238,0.7119907736778259,0.17473331093788147,0.3788849711418152,0.4045921564102173,0.5257110595703125,0.5352614521980286,0.9646579027175903,0.974999999627471,0.631576861995153
bounding,2,action_space,0.0,3.0,0.0,0.5,0.0,0.11999999731779099,-1.0,0.3400000035762787,0.0,0.0,push_lateral_pace_recovery,push_lateral,1.5,pacing,1000,0.749501645565033,0.749501645565033,1.3166474103927612,0.24916774034500122,0.0731576681137085,0.20218640565872192,1.3931469917297363,0.0731576681137085,0.01042480580508709,0.17672938108444214,0.11027070879936218,0.4594399034976959,0.4420982003211975,1.7713868618011475,4.514096260070801,0.20218640565872192,0.07351398468017578,0.013846293091773987,0.0012911756057292223,0.4439540505409241,0.043323297053575516,255.63363647460938,184.57577514648438,35.137840270996094,68.46633911132812,229.7940673828125,0.07758788019418716,0.13191667199134827,0.7545883655548096,2.3032116889953613,1.1720000505447388,0.026332944631576538,0.029999924823641777,3.000000238418579,0.5,0.11999969929456711,0.3414991796016693,0.0,0.7973281145095825,0.6756100654602051,0.764374315738678,0.1500573456287384,0.5571442246437073,0.8199057579040527,0.4418702721595764,0.7116445302963257,0.567607045173645,0.4508974850177765,1.0,0.9783835411071777,0.9704329967498779,0.476873517036438,0.5280463695526123,1.0,0.024000000208616257,0.005000000353902578,0.01900000125169754,1.172,0.6438466876033223,1.4018550075777063,0.10210193830230202,0.3320703371265825,0.6649046550605564,2.124640266038183,0.27113462464277,0.1230344207833857,0.1316647231578827,0.018334900960326195,194.15496848799697,0.7800960540771484,0.6644514799118042,0.7387842535972595,0.20156505703926086,0.42043477296829224,0.4115157127380371,0.6118308901786804,0.5170667171478271,0.9704329967498779,0.9809999987483025,0.6479105487083777
bounding,2,action_space,0.0,3.0,0.0,0.5,0.0,0.11999999731779099,-1.0,0.3400000035762787,1.0,0.03999999910593033,push_lateral_pace_recovery,push_lateral,1.5,pacing,1000,0.707260012626648,0.707260012626648,1.3259174823760986,0.2611578106880188,0.07368128001689911,0.20291204750537872,1.3521924018859863,0.07368128001689911,0.010446740314364433,0.18528765439987183,0.11682681739330292,0.45944902300834656,0.43670833110809326,1.8066353797912598,4.604645729064941,0.20291204750537872,0.0697803944349289,0.0147166196256876,0.0013845397625118494,0.46223169565200806,0.05073074996471405,259.1656494140625,181.89389038085938,35.71699142456055,69.93800354003906,328.19024658203125,0.07902856171131134,0.1550000011920929,0.7658673524856567,2.363938331604004,1.165000081062317,0.02651834860444069,0.029999924823641777,3.000000238418579,0.5,0.11999969929456711,0.341495156288147,0.038504064083099365,0.7896860837936401,0.667694628238678,0.7567094564437866,0.14003589749336243,0.5442796945571899,0.8171465396881104,0.41513368487358093,0.6969789266586304,0.5634892582893372,0.437544584274292,1.0,0.9783835411071777,0.9660230278968811,0.2340717762708664,0.30779117345809937,1.0,0.02500000037252903,0.006000000052154064,0.01900000125169754,1.165,0.6573968322491953,1.4244758790431864,0.10220929661417513,0.34179938179186764,0.6608391113637972,2.1458438268114812,0.26415978958753145,0.12689034395177376,0.13259174302220345,0.01740788109600544,195.461371358968,0.7612346410751343,0.6625011563301086,0.7246813774108887,0.20989933609962463,0.36254197359085083,0.3967442512512207,0.6021294593811035,0.4607037901878357,0.9660230278968811,0.9809999987483025,0.6439161266271886
bounding,2,action_space,0.0,3.0,0.0,0.5,0.0,0.11999999731779099,0.0,0.3799999952316284,-1.0,-0.03999999910593033,push_lateral_pace_recovery,push_lateral,1.5,pacing,1000,0.7405821084976196,0.7405821084976196,1.3026647567749023,0.2687104344367981,0.07001180946826935,0.18875905871391296,1.50848388671875,0.07001180946826935,0.010257361456751823,0.1973910629749298,0.11764031648635864,0.4507410526275635,0.3839174807071686,1.7807061672210693,4.5988945960998535,0.18875905871391296,0.07748568058013916,0.015595467761158943,0.0011140286223962903,0.4635171890258789,0.047473784536123276,264.0843505859375,190.732177734375,35.68688201904297,69.26957702636719,348.471923828125,0.07972622662782669,0.15275001525878906,0.9790868759155273,3.232119083404541,1.1560001373291016,0.026053287088871002,0.029999924823641777,3.000000238418579,0.5,0.11999969929456711,0.3800007998943329,-0.03845193237066269,0.7844668626785278,0.7062889337539673,0.7536158561706543,0.14657141268253326,0.5647776126861572,0.8373969793319702,0.39413100481033325,0.6631609201431274,0.5815359354019165,0.4483809769153595,1.0,0.9775188565254211,0.969275951385498,0.477756530046463,0.5298255681991577,0.9998000264167786,0.026000000536441803,0.007000000216066837,0.01900000125169754,1.156,0.8469608927268057,1.6721095631868212,0.10127863277489395,0.3429873415832699,0.6196107493476599,2.144503344856299,0.27836249851612405,0.12926521722240378,0.130266435444355,0.019733188673853874,202.72625724499486,0.7491461634635925,0.7002626657485962,0.7159178256988525,0.18021023273468018,0.38694384694099426,0.3957255482673645,0.49708831310272217,0.4659159183502197,0.969275951385498,0.9809999987483025,0.6377425892994955
bounding,2,action_space,0.0,3.0,0.0,0.5,0.0,0.11999999731779099,0.0,0.3799999952316284,0.0,0.0,push_lateral_pace_recovery,push_lateral,1.5,pacing,1000,0.8298373222351074,0.8298373222351074,1.297964334487915,0.26903945207595825,0.08156588673591614,0.19396080076694489,1.1691255569458008,0.08156588673591614,0.013713759370148182,0.17957086861133575,0.10938948392868042,0.45742741227149963,0.4113382399082184,1.7511529922485352,4.44071102142334,0.19396080076694489,0.07230064272880554,0.014821534976363182,0.0012011504732072353,0.4519469439983368,0.05215518921613693,253.36083984375,183.42068481445312,34.76409912109375,68.30831146240234,269.683349609375,0.0803634449839592,0.13433332741260529,0.8391590118408203,2.72452974319458,1.1630001068115234,0.025959312915802002,0.029999924823641777,3.000000238418579,0.5,0.11999969929456711,0.3800007998943329,0.0,0.7847880125045776,0.69377201795578,0.759110689163208,0.14832915365695953,0.5475223660469055,0.8276382684707642,0.4750068187713623,0.6978021860122681,0.5715687274932861,0.44686374068260193,1.0,0.9783835411071777,0.9752936959266663,1.0,1.0,1.0,0.02500000037252903,0.004000000189989805,0.021000001579523087,1.163,0.7215468061452064,1.5305795386072287,0.11710576147290185,0.330740810800059,0.6413565622243359,2.107299461733747,0.26888778835939264,0.12658074675704206,0.12979656457901,0.020203059539198875,195.19861456263223,0.7486161589622498,0.6864596009254456,0.7258196473121643,0.23612339794635773,0.3523593246936798,0.4049896001815796,0.5567336082458496,0.5108564496040344,0.9752936959266663,0.9789999984204769,0.6515881868127065
bounding,2,action_space,0.0,3.0,0.0,0.5,0.0,0.11999999731779099,0.0,0.3799999952316284,1.0,0.03999999910593033,push_lateral_pace_recovery,push_lateral,1.5,pacing,1000,0.75011146068573,0.75011146068573,1.3014261722564697,0.273654580116272,0.08350235223770142,0.21387729048728943,1.2060747146606445,0.08350235223770142,0.019594751298427582,0.1890760213136673,0.11759190261363983,0.5183620452880859,0.568669319152832,1.7915220260620117,4.633119583129883,0.21387729048728943,0.10314610600471497,0.015341220423579216,0.002319938503205776,0.4622827172279358,0.045596644282341,253.87496948242188,179.67166137695312,35.95362854003906,69.59605407714844,316.5885314941406,0.07895366847515106,0.15541668236255646,0.8517786264419556,2.627049446105957,1.1630001068115234,0.02602851763367653,0.029999924823641777,3.000000238418579,0.5,0.11999969929456711,0.3800007998943329,0.03845466673374176,0.7686905860900879,0.6727273464202881,0.7477093935012817,0.13932353258132935,0.5373172760009766,0.812971830368042,0.47860217094421387,0.6859285831451416,0.5694454908370972,0.44247621297836304,1.0,0.9775189161300659,0.9692782163619995,0.47770750522613525,0.5294898152351379,1.0,0.026000000536441803,0.007000000216066837,0.01900000125169754,1.163,0.7323977338375968,1.5029490404075994,0.13998125338211392,0.34291675755734047,0.7541016636719694,2.152468253686888,0.3211636747901527,0.13289529309492112,0.13014258816838264,0.01985703594982624,195.0744305704582,0.7411536574363708,0.6329050064086914,0.7024204134941101,0.2023068368434906,0.401746928691864,0.3967037796974182,0.5685227513313293,0.45974496006965637,0.9692782163619995,0.9809999987483025,0.6314018028668869
bounding,2,action_space,0.0,3.0,0.0,0.5,0.0,0.11999999731779099,1.0,0.3799999952316284,-1.0,-0.03999999910593033,push_lateral_pace_recovery,push_lateral,1.5,pacing,1000,0.7135621309280396,0.7135621309280396,1.2933181524276733,0.2792243957519531,0.07977667450904846,0.20217660069465637,1.285857915878296,0.07977667450904846,0.01414211094379425,0.20076751708984375,0.12834341824054718,0.46692734956741333,0.49892139434814453,1.7518784999847412,4.431819915771484,0.20217660069465637,0.08309279382228851,0.015467924065887928,0.0013492126017808914,0.4582570195198059,0.050743281841278076,258.3765563964844,186.63304138183594,35.09214782714844,68.02177429199219,368.44476318359375,0.08060099929571152,0.13083334267139435,0.7655384540557861,2.4410877227783203,1.1579999923706055,0.025866346433758736,0.029999924823641777,3.000000238418579,0.5,0.11999969929456711,0.3800007998943329,-0.03839465603232384,0.765146017074585,0.6851807832717896,0.7496863603591919,0.15102244913578033,0.5484369397163391,0.82185959815979,0.46438825130462646,0.6597237586975098,0.5689027309417725,0.4404565691947937,1.0,0.9766541719436646,0.9633496999740601,0.23646342754364014,0.31478458642959595,0.9998000264167786,0.027000000700354576,0.004999999888241291,0.02199999988079071,1.158,0.661086746242174,1.4519022726333375,0.11892060773387533,0.35825049649727936,0.7063436800511098,2.105188807630205,0.28825820686025316,0.12968090324974152,0.12933173216879368,0.020667891949415207,199.77803289274846,0.7320802807807922,0.6644778251647949,0.7143782377243042,0.20831580460071564,0.36245113611221313,0.39991068840026855,0.5903704166412354,0.5198751091957092,0.9633496999740601,0.9780000001192093,0.6366719091549898
bounding,2,action_space,0.0,3.0,0.0,0.5,0.0,0.11999999731779099,1.0,0.3799999952316284,0.0,0.0,push_lateral_pace_recovery,push_lateral,1.5,pacing,1000,0.7324407696723938,0.7324407696723938,1.3113994598388672,0.25986552238464355,0.07409191131591797,0.18241450190544128,1.6745805740356445,0.07409191131591797,0.011279134079813957,0.1803290694952011,0.11184634268283844,0.4663048982620239,0.4303147792816162,1.7936203479766846,4.689905166625977,0.18241450190544128,0.05809033662080765,0.014585092663764954,0.0011906197760254145,0.4560996890068054,0.046018779277801514,260.09954833984375,186.7771453857422,35.560638427734375,68.39852142333984,434.1240539550781,0.07976578921079636,0.1261666715145111,0.8625236749649048,2.769057273864746,1.1610000133514404,0.026227984577417374,0.029999924823641777,3.000000238418579,0.5,0.11999969929456711,0.3800007998943329,0.0,0.7882717847824097,0.7018287777900696,0.7589958906173706,0.146526038646698,0.560279130935669,0.8371968865394592,0.34314075112342834,0.7077839374542236,0.5757222175598145,0.4456931948661804,1.0,0.9783835411071777,0.9704588055610657,0.476635605096817,0.5265495777130127,0.9998000264167786,0.02500000037252903,0.006000000052154064,0.01900000125169754,1.161,0.7429144544708226,1.5443646352251912,0.10620326774546043,0.3344343622937668,0.6559838254725616,2.1656188876683675,0.24101936980418742,0.12560140301680697,0.13113992288708687,0.018859701231122017,198.33739169894307,0.7632876038551331,0.7169490456581116,0.7294136881828308,0.14954419434070587,0.3983694016933441,0.4016399085521698,0.5508649945259094,0.5321481227874756,0.9704588055610657,0.9809999987483025,0.636679450670878
bounding,2,action_space,0.0,3.0,0.0,0.5,0.0,0.11999999731779099,1.0,0.3799999952316284,1.0,0.03999999910593033,push_lateral_pace_recovery,push_lateral,1.5,pacing,1000,0.7034227252006531,0.7034227252006531,1.3042868375778198,0.2679000794887543,0.08205265551805496,0.2004585862159729,1.42031991481781,0.08205265551805496,0.013208192773163319,0.1854921281337738,0.10888560116291046,0.48329538106918335,0.4282573461532593,1.7778058052062988,4.52502965927124,0.2004585862159729,0.07788542658090591,0.015362793579697609,0.0013345947954803705,0.45990362763404846,0.04541032016277313,253.3032989501953,181.93324279785156,35.66799545288086,68.99935913085938,210.02108764648438,0.07920148223638535,0.14166668057441711,0.8676195740699768,2.8211588859558105,1.1679999828338623,0.026085728779435158,0.029999924823641777,3.000000238418579,0.5,0.11999969929456711,0.3800007998943329,0.03845296427607536,0.7851444482803345,0.6794085502624512,0.7527891397476196,0.14951679110527039,0.5393589735031128,0.8203036785125732,0.39436739683151245,0.6860687136650085,0.5657401084899902,0.4463871121406555,1.0,0.9775188565254211,0.9647082090377808,0.23520128428936005,0.31072312593460083,1.0,0.026000000536441803,0.00800000037997961,0.017999999225139618,1.168,0.7428249202362479,1.5541478668252278,0.11492690186881102,0.32997818285897396,0.6544137423322185,2.127211710025883,0.2790796061716189,0.12921837475830586,0.1304286438971758,0.019570980221033096,194.20827662464396,0.7504503130912781,0.6690901517868042,0.7160911560058594,0.18554018437862396,0.40324684977531433,0.3985958695411682,0.5467060804367065,0.4924642741680145,0.9647082090377808,0.9820000007748604,0.6357235996386944
bounding,2,action_space,0.0,3.0,0.0,0.5,1.0,0.11999999731779099,-1.0,0.3400000035762787,-1.0,-0.03999999910593033,push_lateral_pace_recovery,push_lateral,1.5,pacing,1000,0.6760269403457642,0.6760269403457642,1.2798371315002441,0.29502245783805847,0.08305896073579788,0.21774858236312866,1.534848690032959,0.08305896073579788,0.023637153208255768,0.20165666937828064,0.12421399354934692,0.507624626159668,0.7538426518440247,1.7754957675933838,4.528740406036377,0.21774858236312866,0.1186000406742096,0.01633545756340027,0.004099148791283369,0.46304500102996826,0.050978146493434906,261.5564270019531,188.37158203125,35.50584411621094,68.4532699584961,356.8970947265625,0.08071891963481903,0.14625000953674316,0.9066996574401855,3.0115480422973633,1.15500009059906,0.025596730411052704,0.029999924823641777,3.000000238418579,0.5,0.11999969929456711,0.3415382206439972,-0.038461022078990936,0.7582865357398987,0.6761154532432556,0.7360745668411255,0.1456310749053955,0.547006368637085,0.8123606443405151,0.36668890714645386,0.6476985216140747,0.5685431957244873,0.4425238072872162,1.0,0.9775188565254211,0.9606773853302002,0.12100596725940704,0.20654001832008362,0.9998000264167786,0.026000000536441803,0.006000000052154064,0.020000001415610313,1.155,0.7850212856804654,1.6147447901397762,0.1537437907957774,0.35244005667538264,0.8682411254047027,2.1280837403721633,0.3443835662081012,0.14294966370958567,0.12798365205526352,0.022015972062945366,204.3669624550999,0.7059908509254456,0.6224173307418823,0.6645187735557556,0.1343117505311966,0.36075258255004883,0.3960994482040405,0.5210807919502258,0.4813069701194763,0.9606773853302002,0.9799999985843897,0.6006514484492632
bounding,2,action_space,0.0,3.0,0.0,0.5,1.0,0.11999999731779099,-1.0,0.3400000035762787,0.0,0.0,push_lateral_pace_recovery,push_lateral,1.5,pacing,1000,0.7148340940475464,0.7148340940475464,1.2960708141326904,0.26821261644363403,0.08026228845119476,0.20697805285453796,1.2804639339447021,0.08026228845119476,0.01426862832158804,0.1823819875717163,0.11397106945514679,0.48605963587760925,0.51127690076828,1.7481608390808105,4.437700271606445,0.20697805285453796,0.08353928476572037,0.014162883162498474,0.0012578436871990561,0.4438328742980957,0.046431973576545715,259.26239013671875,188.7507781982422,34.95426940917969,67.99530029296875,410.3334045410156,0.07908518612384796,0.12133333086967468,0.8056178092956543,2.63436222076416,1.1640000343322754,0.025921426713466644,0.029999924823641777,3.000000238418579,0.5,0.11999969929456711,0.3415564298629761,0.0,0.7871755361557007,0.677855908870697,0.7615419030189514,0.14723558723926544,0.5466086268424988,0.8177743554115295,0.4525836110115051,0.6960270404815674,0.5724214911460876,0.4508308172225952,1.0,0.9775189161300659,0.9646594524383545,0.23538309335708618,0.3122454285621643,1.0,0.026000000536441803,0.0020000000949949026,0.024000000208616257,1.164,0.6921114577460534,1.5043927833242001,0.11945136383310172,0.3375960151647925,0.7150362933224299,2.1065849784915978,0.2890316328115668,0.1241802192367912,0.12960713356733322,0.020392490550875664,200.03721039749894,0.7499475479125977,0.6515513062477112,0.7346107363700867,0.2089131772518158,0.39509087800979614,0.41161543130874634,0.5679059624671936,0.5451650619506836,0.9646594524383545,0.9759999997913837,0.6411957673919507
bounding,2,action_space,0.0,3.0,0.0,0.5,1.0,0.11999999731779099,-1.0,0.3400000035762787,1.0,0.03999999910593033,push_lateral_pace_recovery,push_lateral,1.5,pacing,1000,0.6840298175811768,0.6840298175811768,1.262882113456726,0.2994784712791443,0.08649452030658722,0.22506970167160034,1.3798716068267822,0.08649452030658722,0.018732784315943718,0.18095262348651886,0.11078555881977081,0.5390421748161316,0.8981742858886719,1.7623324394226074,4.629937171936035,0.22506970167160034,0.13772985339164734,0.015470549464225769,0.007702483329921961,0.46592187881469727,0.06709331274032593,262.9920959472656,190.568359375,34.6484489440918,68.31954956054688,237.3150177001953,0.08011281490325928,0.14300000667572021,0.8523543477058411,2.7400424480438232,1.1490001678466797,0.025257639586925507,0.029999924823641777,3.000000238418579,0.5,0.11999969929456711,0.3414989709854126,0.038500167429447174,0.7584141492843628,0.6712411046028137,0.7389939427375793,0.15289553999900818,0.5304864048957825,0.8077641725540161,0.4135504961013794,0.6967146396636963,0.5692969560623169,0.44812285900115967,1.0,0.9783835411071777,0.9619923830032349,0.1201239675283432,0.20466521382331848,0.9998000264167786,0.02500000037252903,0.004000000189989805,0.021000001579523087,1.149,0.7418227233089915,1.54425363983717,0.1368677621499808,0.3328446466743469,0.9477205737392599,2.151728879746711,0.3711197291867509,0.15222691218752266,0.12628819793462753,0.023711426183581352,208.2475419874393,0.6985493898391724,0.6025626063346863,0.6291027665138245,0.17298899590969086,0.26135745644569397,0.3938269317150116,0.5509122014045715,0.48919209837913513,0.9619923830032349,0.9789999984204769,0.6009905386047485
bounding,2,action_space,0.0,3.0,0.0,0.5,1.0,0.11999999731779099,0.0,0.3799999952316284,-1.0,-0.03999999910593033,push_lateral_pace_recovery,push_lateral,1.5,pacing,1000,0.7000722289085388,0.7000722289085388,1.3019053936004639,0.270515114068985,0.07337233424186707,0.19695261120796204,1.595106601715088,0.07337233424186707,0.01428450271487236,0.1999303251504898,0.12047077715396881,0.44730040431022644,0.36760640144348145,1.7720049619674683,4.5021653175354,0.19695261120796204,0.09158076345920563,0.01649428904056549,0.0013091585133224726,0.4548165202140808,0.04510498046875,255.685546875,184.24945068359375,34.834693908691406,68.20314025878906,404.5550231933594,0.08001404255628586,0.12575000524520874,0.7320789098739624,2.32787823677063,1.1560001373291016,0.02603811025619507,0.029999924823641777,3.000000238418579,0.5,0.11999969929456711,0.3800007998943329,-0.038442812860012054,0.7916971445083618,0.7010529041290283,0.7441995143890381,0.14823515713214874,0.5655932426452637,0.8296683430671692,0.36907240748405457,0.6513007879257202,0.5784952044487,0.44381213188171387,1.0,0.9775189161300659,0.9646594524383545,0.23538292944431305,0.3122445344924927,1.0,0.026000000536441803,0.007000000216066837,0.01900000125169754,1.156,0.6332862088424525,1.4190614660711485,0.11951779246150909,0.34708900465726195,0.6063055347293816,2.121830652416776,0.3026231376798635,0.1334295602701589,0.13019055128097534,0.019809072837233543,196.3933386648725,0.746235728263855,0.678477942943573,0.700424313545227,0.15246859192848206,0.4057169258594513,0.4026719629764557,0.6044514775276184,0.5332579612731934,0.9646594524383545,0.9809999987483025,0.6252349148958157
bounding,2,action_space,0.0,3.0,0.0,0.5,1.0,0.11999999731779099,0.0,0.3799999952316284,0.0,0.0,push_lateral_pace_recovery,push_lateral,1.5,pacing,1000,0.7459509372711182,0.7459509372711182,1.2454111576080322,0.31932544708251953,0.08696741610765457,0.22170373797416687,1.1963379383087158,0.08696741610765457,0.02011890895664692,0.1954534649848938,0.12845982611179352,0.5461170673370361,0.9449717998504639,1.743537425994873,4.433006286621094,0.22170373797416687,0.12570317089557648,0.013916661962866783,0.0069867693819105625,0.47743332386016846,0.0534573569893837,285.48388671875,208.9321746826172,34.53871154785156,66.64984893798828,331.1952209472656,0.08445373922586441,0.12433335185050964,0.7962939143180847,2.595395088195801,1.1360000371932983,0.024908212944865227,0.029999924823641777,3.000000238418579,0.5,0.11999969929456711,0.3800007998943329,0.0,0.7519423961639404,0.6726800203323364,0.7499972581863403,0.15295280516147614,0.5268314480781555,0.8094223141670227,0.4648025631904602,0.6869524121284485,0.5814481377601624,0.4371833801269531,1.0,0.9757895469665527,0.9669622182846069,0.4794653058052063,0.5330002307891846,0.9991999864578247,0.02800000086426735,0.004000000189989805,0.024000000208616257,1.136,0.7009629263004786,1.511515370208355,0.1418411398595165,0.3584129268201602,0.9720966000611585,2.1054705618034877,0.35454642981642964,0.1445801900150133,0.12454106472432613,0.02545855939388275,229.22862459900992,0.6650620102882385,0.6116925477981567,0.6583170294761658,0.20215588808059692,0.3433011770248413,0.3848634660243988,0.5648643374443054,0.5370485186576843,0.9669622182846069,0.9759999997913837,0.6074390271917368
bounding,2,action_space,0.0,3.0,0.0,0.5,1.0,0.11999999731779099,0.0,0.3799999952316284,1.0,0.03999999910593033,push_lateral_pace_recovery,push_lateral,1.5,pacing,1000,0.6987981200218201,0.6987981200218201,1.293637752532959,0.2805532217025757,0.09049476683139801,0.22228531539440155,1.4217114448547363,0.09049476683139801,0.017484502866864204,0.1968650072813034,0.13464844226837158,0.4974219799041748,0.5281014442443848,1.7890143394470215,4.63340425491333,0.22228531539440155,0.11462733894586563,0.015306483954191208,0.0017701922915875912,0.4650251567363739,0.05805549770593643,262.56219482421875,188.04901123046875,35.084869384765625,67.86561584472656,369.62884521484375,0.08032728731632233,0.1432499885559082,0.8431222438812256,2.7034153938293457,1.1670000553131104,0.02587275020778179,0.029999924823641777,3.000000238418579,0.5,0.11999969929456711,0.3800007998943329,0.03837772458791733,0.7653239965438843,0.6581913232803345,0.7481404542922974,0.1462954580783844,0.5362911224365234,0.8038223385810852,0.39225292205810547,0.6877520084381104,0.5634344220161438,0.44093137979507446,1.0,0.9766542315483093,0.9630535840988159,0.23684781789779663,0.31548041105270386,0.9996000528335571,0.027000000700354576,0.005000000353902578,0.02199999988079071,1.167,0.7224697449724186,1.5220220852894786,0.132228978922414,0.3669447400745398,0.7267058856541515,2.1525343794962555,0.3385665945510065,0.13067775727253203,0.12936375103890896,0.020635873079299927,202.9642334649856,0.7299053072929382,0.610115110874176,0.7106796503067017,0.17009443044662476,0.3131384253501892,0.3945338726043701,0.560381293296814,0.4885810315608978,0.9630535840988159,0.9780000001192093,0.6187636684148741
bounding,2,action_space,0.0,3.0,0.0,0.5,1.0,0.11999999731779099,1.0,0.3799999952316284,-1.0,-0.03999999910593033,push_lateral_pace_recovery,push_lateral,1.5,pacing,1000,0.6855551600456238,0.6855551600456238,1.3077430725097656,0.2685094475746155,0.07381613552570343,0.19382168352603912,1.5453965663909912,0.07381613552570343,0.01326658483594656,0.19762089848518372,0.11882606893777847,0.47021716833114624,0.42108267545700073,1.7754707336425781,4.634766101837158,0.19382168352603912,0.07537166774272919,0.015250620432198048,0.0013224752619862556,0.4618510901927948,0.04964301735162735,262.17669677734375,189.40805053710938,35.610008239746094,68.82936096191406,302.8510437011719,0.08133307099342346,0.1379166841506958,0.8429988622665405,2.7497031688690186,1.1570000648498535,0.026154864579439163,0.029999924823641777,3.000000238418579,0.5,0.11999969929456711,0.3800007998943329,-0.03844828903675079,0.7881014943122864,0.6965781450271606,0.7501025199890137,0.14771372079849243,0.5539615750312805,0.8298838138580322,0.38123267889022827,0.6530418395996094,0.5724450349807739,0.4415443241596222,1.0,0.9775189161300659,0.9605382680892944,0.12119130790233612,0.20788700878620148,0.9998000264167786,0.026000000536441803,0.004000000189989805,0.02199999988079071,1.157,0.7286075206285112,1.541616053425682,0.11518066172733407,0.3447115735477683,0.6489088344729179,2.1528506919517567,0.2745390095099951,0.12873653597244375,0.13077432289719582,0.01922530122101307,200.48027956606586,0.7494697570800781,0.6868300437927246,0.7178735136985779,0.1635349839925766,0.370515376329422,0.39704638719558716,0.5520343780517578,0.5017850399017334,0.9605382680892944,0.9780000001192093,0.6313811318996625
bounding,2,action_space,0.0,3.0,0.0,0.5,1.0,0.11999999731779099,1.0,0.3799999952316284,0.0,0.0,push_lateral_pace_recovery,push_lateral,1.5,pacing,1000,0.7022393345832825,0.7022393345832825,1.2972931861877441,0.26808562874794006,0.06669649481773376,0.18635912239551544,1.5639243125915527,0.06669649481773376,0.01074090413749218,0.17883163690567017,0.10933321714401245,0.43580886721611023,0.3705682158470154,1.7822265625,4.600526809692383,0.18635912239551544,0.06706282496452332,0.014568528160452843,0.0013460295740514994,0.44477641582489014,0.04475311562418938,251.8968505859375,181.53753662109375,34.662330627441406,67.2016372680664,413.47540283203125,0.07946687191724777,0.12583333253860474,0.7652026414871216,2.403219699859619,1.1610000133514404,0.025945860892534256,0.029999924823641777,3.000000238418579,0.5,0.11999969929456711,0.3800007998943329,0.0,0.7884241342544556,0.707298994064331,0.7571948766708374,0.14747101068496704,0.5642175674438477,0.8357827067375183,0.37046629190444946,0.708815336227417,0.5810184478759766,0.44614720344543457,1.0,0.9775189161300659,0.9646632671356201,0.23536238074302673,0.31206029653549194,1.0,0.026000000536441803,0.007000000216066837,0.01900000125169754,1.161,0.6590892124751023,1.4387344084850806,0.10363833333999625,0.3306557381084025,0.6087431443942637,2.1448838685794582,0.258964910681975,0.12615291409438129,0.12972930446267128,0.020270319655537605,194.17110431772747,0.7501518726348877,0.7065953016281128,0.7273909449577332,0.1688503473997116,0.4085821211338043,0.4108394384384155,0.5960151553153992,0.5330358147621155,0.9646632671356201,0.9809999987483025,0.638155691516705
bounding,2,action_space,0.0,3.0,0.0,0.5,1.0,0.11999999731779099,1.0,0.3799999952316284,1.0,0.03999999910593033,push_lateral_pace_recovery,push_lateral,1.5,pacing,1000,0.6885455250740051,0.6885455250740051,1.2731139659881592,0.29325300455093384,0.07811379432678223,0.20870396494865417,1.463895559310913,0.07811379432678223,0.012180957943201065,0.19922327995300293,0.1292455643415451,0.4643542468547821,0.4788092374801636,1.7839345932006836,4.675207138061523,0.20870396494865417,0.09683298319578171,0.01497582159936428,0.0012567751109600067,0.44484347105026245,0.05844441056251526,256.84088134765625,185.47097778320312,34.382789611816406,66.9106216430664,289.1329040527344,0.0784694105386734,0.140333354473114,0.8532931804656982,2.858157157897949,1.1590001583099365,0.025462280958890915,0.029999924823641777,3.000000238418579,0.5,0.11999969929456711,0.3800007998943329,0.03824746608734131,0.7723401784896851,0.6864569187164307,0.7555579543113708,0.14823365211486816,0.5452696084976196,0.8228713274002075,0.4047902822494507,0.6784549951553345,0.5802503228187561,0.451744019985199,1.0,0.9740602374076843,0.9546480178833008,0.12541228532791138,0.2209482043981552,0.9991999864578247,0.030000001192092896,0.0020000000949949026,0.02800000086426735,1.159,0.7362322276578678,1.5703676488916551,0.11036737716916654,0.3595073912196314,0.6919604305740058,2.162222730909451,0.3111799852107807,0.12740720823534393,0.12731140479445457,0.02268821932375431,201.7422541966247,0.7089365124702454,0.6468936204910278,0.7227789163589478,0.1813158392906189,0.31071218848228455,0.4107843339443207,0.5398231744766235,0.4957582950592041,0.9546480178833008,0.9719999991357327,0.623809328637062
bounding,2,action_space,1.0,3.4000000953674316,0.0,0.5,-1.0,0.08999999612569809,-1.0,0.3400000035762787,-1.0,-0.03999999910593033,push_lateral_pace_recovery,push_lateral,1.5,pacing,1000,0.671999454498291,0.671999454498291,1.3587137460708618,0.24382734298706055,0.0766512006521225,0.22309282422065735,1.615293025970459,0.0766512006521225,0.012687845155596733,0.19643670320510864,0.11381550133228302,0.5091138482093811,0.4794039726257324,1.6868329048156738,4.0499186515808105,0.22309282422065735,0.08269982039928436,0.012694630771875381,0.0013406301150098443,0.46945086121559143,0.05001974105834961,253.77951049804688,178.18634033203125,35.00940704345703,68.29763793945312,409.5850524902344,0.068837009370327,0.16508334875106812,0.8320357799530029,2.5163192749023438,1.2970000505447388,0.02717427909374237,0.029999924823641777,3.3844099044799805,0.5,0.09116984903812408,0.34155911207199097,-0.038440167903900146,0.7967703342437744,0.6256636381149292,0.7846225500106812,0.14399757981300354,0.504117488861084,0.7878718376159668,0.3472381830215454,0.6525534987449646,0.5606662034988403,0.44212597608566284,0.6396234035491943,0.9775189161300659,0.9566479325294495,0.06655983626842499,0.15934604406356812,1.0,0.026000000536441803,0.008999999612569809,0.017000000923871994,1.297,0.6415078685939909,1.3928773920932147,0.11264033538478449,0.33736553074118736,0.6923900437078312,2.0124409684710782,0.28757576462435835,0.11847050640089805,0.13587139546871185,0.014128228649497032,186.77923236732408,0.788354754447937,0.6079248189926147,0.7552509307861328,0.15427015721797943,0.36773422360420227,0.3910571038722992,0.6156806349754333,0.43805238604545593,0.9566479325294495,0.982999999076128,0.6321723795472047
bounding,2,action_space,1.0,3.4000000953674316,0.0,0.5,-1.0,0.08999999612569809,-1.0,0.3400000035762787,0.0,0.0,push_lateral_pace_recovery,push_lateral,1.5,pacing,1000,0.7029989957809448,0.7029989957809448,1.3193094730377197,0.26003122329711914,0.08155615627765656,0.2168748825788498,1.2896983623504639,0.08155615627765656,0.013980611227452755,0.17335239052772522,0.10497677326202393,0.4954153299331665,0.5139507055282593,1.6465930938720703,3.8830854892730713,0.2168748825788498,0.0852779671549797,0.010430523194372654,0.0015206800308078527,0.4591691195964813,0.04859386384487152,244.97720336914062,171.55357360839844,35.29363250732422,68.70216369628906,299.1348876953125,0.06828868389129639,0.16183334589004517,0.8272849321365356,2.4324984550476074,1.2929999828338623,0.026386190205812454,0.029999924823641777,3.383814811706543,0.5,0.09121450036764145,0.3416186571121216,0.0,0.7973669767379761,0.6564971208572388,0.8114129304885864,0.14911000430583954,0.5355026721954346,0.803760826587677,0.4443203806877136,0.7174365520477295,0.5662955045700073,0.45272302627563477,0.6401816606521606,0.9766541719436646,0.9589518308639526,0.12247154116630554,0.21374626457691193,1.0,0.027000000700354576,0.003000000026077032,0.024000000208616257,1.293,0.6398181841526489,1.3715985251960194,0.1182396347569323,0.324001193303395,0.7169035538538355,1.970554614638496,0.2920239153819079,0.10932155883072885,0.13193095102906227,0.018068673089146614,185.68592765810953,0.763024628162384,0.6247853636741638,0.7873959541320801,0.20818866789340973,0.37837207317352295,0.3991818428039551,0.6248018741607666,0.4452289044857025,0.9589518308639526,0.9759999997913837,0.6474005658275042
bounding,2,action_space,1.0,3.4000000953674316,0.0,0.5,-1.0,0.08999999612569809,-1.0,0.3400000035762787,1.0,0.03999999910593033,push_lateral_pace_recovery,push_lateral,1.5,pacing,1000,0.6920909881591797,0.6920909881591797,1.3279788494110107,0.24509240686893463,0.08663839101791382,0.23911252617835999,1.2877354621887207,0.08663839101791382,0.015620622783899307,0.17582473158836365,0.10805772244930267,0.523561954498291,0.5656182765960693,1.6446150541305542,3.8418045043945312,0.23911252617835999,0.10706812143325806,0.010426897555589676,0.0016462192870676517,0.4679645895957947,0.045362457633018494,252.86581420898438,177.24952697753906,35.40666198730469,69.12031555175781,466.4194641113281,0.06844699382781982,0.17233335971832275,0.8601654767990112,2.5824923515319824,1.3050000667572021,0.02655956521630287,0.029999924823641777,3.384397506713867,0.5,0.09117075800895691,0.34156036376953125,0.03843892365694046,0.7996866703033447,0.6174664497375488,0.8103808164596558,0.14703696966171265,0.5053480863571167,0.775314211845398,0.4478367269039154,0.7201980948448181,0.5711666345596313,0.447773814201355,0.6396349668502808,0.9775188565254211,0.9566472172737122,0.06656792759895325,0.15940529108047485,1.0,0.026000000536441803,0.004000000189989805,0.02200000174343586,1.305,0.6591305787535919,1.4067413466856997,0.1249824899091841,0.3287213446816356,0.7520759779411049,1.9600521687941195,0.32721265475720535,0.10987773588246769,0.13279782608151436,0.017201798036694527,190.41403733285074,0.7864067554473877,0.564537763595581,0.785478413105011,0.20186664164066315,0.4036330282688141,0.39222124218940735,0.6097353100776672,0.42245733737945557,0.9566472172737122,0.9779999982565641,0.6419026017762148
bounding,2,action_space,1.0,3.4000000953674316,0.0,0.5,-1.0,0.08999999612569809,0.0,0.3799999952316284,-1.0,-0.03999999910593033,push_lateral_pace_recovery,push_lateral,1.5,pacing,1000,0.6845003366470337,0.6845003366470337,1.3497496843338013,0.23769712448120117,0.07748418301343918,0.19968843460083008,1.7458579540252686,0.07748418301343918,0.013543227687478065,0.1875525414943695,0.10902769863605499,0.4664965867996216,0.39701902866363525,1.6330575942993164,3.8405215740203857,0.19968843460083008,0.07004429399967194,0.011776585131883621,0.0011352233123034239,0.45141834020614624,0.03986857831478119,247.05804443359375,172.90283203125,35.38055419921875,69.37486267089844,388.96734619140625,0.06986561417579651,0.15599998831748962,0.8882296085357666,2.5657668113708496,1.309000015258789,0.026994984596967697,0.029999924823641777,3.385004997253418,0.5,0.0911252349615097,0.3800007998943329,-0.03849966078996658,0.8184152841567993,0.676241934299469,0.7992852926254272,0.1554993987083435,0.5415545701980591,0.8194621205329895,0.3279411196708679,0.6668776869773865,0.5840296745300293,0.45108675956726074,0.6390657424926758,0.9783835411071777,0.9619922637939453,0.12012957781553268,0.20470333099365234,1.0,0.02500000037252903,0.003000000026077032,0.02200000174343586,1.309,0.6785558550479851,1.4000345410893673,0.11637537405945497,0.3301934260945469,0.6300944601118432,1.9597248720216789,0.2646588256598898,0.11363013880211115,0.13497492298483849,0.0150247011333704,183.0398979167272,0.797718346118927,0.6711553335189819,0.7724127769470215,0.13309095799922943,0.45051154494285583,0.4054179787635803,0.6126115918159485,0.4584060311317444,0.9619922637939453,0.9779999982565641,0.6383194643526506
bounding,2,action_space,1.0,3.4000000953674316,0.0,0.5,-1.0,0.08999999612569809,0.0,0.3799999952316284,0.0,0.0,push_lateral_pace_recovery,push_lateral,1.5,pacing,1000,0.7166559100151062,0.7166559100151062,1.3346669673919678,0.268723726272583,0.09537351131439209,0.2445390224456787,1.2494230270385742,0.09537351131439209,0.02250482514500618,0.18815208971500397,0.1260702759027481,0.5556489825248718,0.6412319540977478,1.6645499467849731,3.933823347091675,0.2445390224456787,0.13085238635540009,0.010373302735388279,0.00314532034099102,0.47495758533477783,0.055535346269607544,250.09420776367188,170.9039306640625,35.95085906982422,68.91679382324219,465.1697998046875,0.07193237543106079,0.14125001430511475,0.8562924861907959,2.6331496238708496,1.287000060081482,0.02669333666563034,0.029999924823641777,3.383831024169922,0.5,0.09121330082416534,0.3800007998943329,0.0,0.7906639575958252,0.6154940724372864,0.8070844411849976,0.14415395259857178,0.5101683735847473,0.7736755609512329,0.45550772547721863,0.6985724568367004,0.5591241121292114,0.4378387928009033,0.6401664018630981,0.9757895469665527,0.9624059200286865,0.236829936504364,0.3138795495033264,0.9996000528335571,0.02800000086426735,0.005000000353902578,0.023000001907348633,1.287,0.6653399226641414,1.4303702809712258,0.15001608295448252,0.3550637631507165,0.800769601132403,1.9833868374806956,0.3617352434521692,0.11626961372766016,0.1334666833281517,0.016532940790057182,187.38323032926587,0.7491247653961182,0.5499140620231628,0.7630952000617981,0.18277132511138916,0.3293260633945465,0.38677382469177246,0.5996016263961792,0.4934912919998169,0.9624059200286865,0.9769999980926514,0.6250083706317804
bounding,2,action_space,1.0,3.4000000953674316,0.0,0.5,-1.0,0.08999999612569809,0.0,0.3799999952316284,1.0,0.03999999910593033,push_lateral_pace_recovery,push_lateral,1.5,pacing,1000,0.690221905708313,0.690221905708313,1.3287508487701416,0.2668580412864685,0.08995842933654785,0.2458999752998352,1.3951504230499268,0.08995842933654785,0.015243308618664742,0.17824602127075195,0.11701475083827972,0.5253920555114746,0.5608506202697754,1.6775481700897217,3.9946885108947754,0.2458999752998352,0.11290034651756287,0.010934430174529552,0.0016148725990206003,0.4724745750427246,0.05649140477180481,248.651611328125,170.996826171875,35.60401916503906,69.38568878173828,483.84771728515625,0.0705660879611969,0.16600000858306885,0.871337354183197,2.614107608795166,1.308000087738037,0.02657502330839634,0.029999924823641777,3.3840246200561523,0.5,0.09119874984025955,0.3800007998943329,0.03840162605047226,0.7880526781082153,0.6055920720100403,0.8067588806152344,0.14853493869304657,0.5118372440338135,0.7718680500984192,0.4030393958091736,0.7164068222045898,0.5656106472015381,0.43908917903900146,0.6399847865104675,0.9766541719436646,0.9591572284698486,0.1221756786108017,0.21105241775512695,1.0,0.027000000700354576,0.007000000216066837,0.019999999552965164,1.308,0.6661600002090501,1.4137019045145203,0.12346379476860712,0.3420741890851745,0.7488996062689414,1.9986716866195846,0.3360064679698337,0.11202367059487987,0.1328751165419817,0.017124507576227188,187.13185512413457,0.7521249055862427,0.5462557673454285,0.7780331969261169,0.18268048763275146,0.32308879494667053,0.38869932293891907,0.6067501306533813,0.43604928255081177,0.9591572284698486,0.9800000004470348,0.6281575325589913
bounding,2,action_space,1.0,3.4000000953674316,0.0,0.5,-1.0,0.08999999612569809,1.0,0.3799999952316284,-1.0,-0.03999999910593033,push_lateral_pace_recovery,push_lateral,1.5,pacing,1000,0.6894634962081909,0.6894634962081909,1.3522839546203613,0.2565075159072876,0.07741042226552963,0.22644677758216858,1.3196489810943604,0.07741042226552963,0.0133252814412117,0.19924640655517578,0.11961137503385544,0.4683798551559448,0.4278550148010254,1.6674085855484009,3.975843906402588,0.22644677758216858,0.09566031396389008,0.012497134506702423,0.0014736780431121588,0.4757939875125885,0.04864796996116638,255.46043395996094,176.00790405273438,35.50584030151367,69.37495422363281,410.64044189453125,0.07020927220582962,0.16483333706855774,0.8945530652999878,2.7514543533325195,1.309000015258789,0.027045682072639465,0.029999924823641777,3.384434938430786,0.5,0.09116797149181366,0.3800007998943329,-0.03844267874956131,0.8063795566558838,0.6343573331832886,0.7869155406951904,0.1431509554386139,0.5304327011108398,0.787290096282959,0.43860316276550293,0.6508837938308716,0.5647480487823486,0.43457579612731934,0.6395999193191528,0.9775189161300659,0.9566526412963867,0.06654253602027893,0.15919092297554016,1.0,0.026000000536441803,0.004999999888241291,0.021000001579523087,1.309,0.6833865848363493,1.4498108055235792,0.11543518285692496,0.3458487748046181,0.6541062717945956,1.9939518315151417,0.30929001594602124,0.11819819182125665,0.13522841036319733,0.014771213755011559,188.9103491076167,0.7686001062393188,0.5988276600837708,0.756225049495697,0.20471130311489105,0.3779628276824951,0.38612738251686096,0.5912668704986572,0.4386003315448761,0.9566526412963867,0.9789999984204769,0.6395818814635277
bounding,2,action_space,1.0,3.4000000953674316,0.0,0.5,-1.0,0.08999999612569809,1.0,0.3799999952316284,0.0,0.0,push_lateral_pace_recovery,push_lateral,1.5,pacing,1000,0.6844442486763,0.6844442486763,1.344099521636963,0.2535422444343567,0.0753769725561142,0.21178370714187622,1.6575831174850464,0.0753769725561142,0.010262556374073029,0.17333757877349854,0.10960990935564041,0.4784501791000366,0.42042073607444763,1.7358448505401611,4.209424018859863,0.21178370714187622,0.07656707614660263,0.010439885780215263,0.0012859522830694914,0.45656317472457886,0.04990007355809212,247.41070556640625,169.407470703125,35.22060012817383,68.37454223632812,306.7294921875,0.07038645446300507,0.1601666808128357,0.9199569821357727,2.721635341644287,1.2980000972747803,0.026881970465183258,0.029999924823641777,3.3850083351135254,0.5,0.09112502634525299,0.3800007998943329,0.0,0.8035800457000732,0.6548736095428467,0.8097831010818481,0.1475367248058319,0.5281972289085388,0.8078992366790771,0.33737504482269287,0.7092543840408325,0.5870785713195801,0.4423426389694214,0.6390630602836609,0.9783835411071777,0.9619922637939453,0.1201263889670372,0.20468148589134216,1.0,0.02500000037252903,0.009999999776482582,0.015000000596046448,1.298,0.7087495448225636,1.4480301836877443,0.10130427618848589,0.3310738729583481,0.6483985935167099,2.0516880900516683,0.2767075643104153,0.10828590888608154,0.1344098523259163,0.015589771792292595,184.07171610706897,0.7732640504837036,0.6385703682899475,0.7909529805183411,0.1552320420742035,0.36861538887023926,0.40126776695251465,0.5920300483703613,0.44895464181900024,0.9619922637939453,0.9849999994039536,0.6402309773824154
bounding,2,action_space,1.0,3.4000000953674316,0.0,0.5,-1.0,0.08999999612569809,1.0,0.3799999952316284,1.0,0.03999999910593033,push_lateral_pace_recovery,push_lateral,1.5,pacing,1000,0.6850476264953613,0.6850476264953613,1.336498498916626,0.2569727301597595,0.08302877098321915,0.23697996139526367,1.445847749710083,0.08302877098321915,0.01544291339814663,0.1840580850839615,0.12438870966434479,0.4914237856864929,0.49022793769836426,1.6561063528060913,3.9236934185028076,0.23697996139526367,0.11595921963453293,0.011164783500134945,0.0015589144313707948,0.4811020493507385,0.050137028098106384,252.072021484375,175.37942504882812,35.56818389892578,69.63719177246094,369.7051086425781,0.06955409795045853,0.15583333373069763,0.8876510858535767,2.658985137939453,1.305999994277954,0.02672998420894146,0.029999924823641777,3.3833413124084473,0.5,0.0912499725818634,0.3800007998943329,0.03833330422639847,0.7949695587158203,0.6275429725646973,0.8045501708984375,0.14490269124507904,0.5347056984901428,0.7842832207679749,0.4071159064769745,0.7149147987365723,0.5715694427490234,0.4355606138706207,0.6406251192092896,0.9757895469665527,0.9534143805503845,0.0684373527765274,0.1667763888835907,0.9998000264167786,0.02800000086426735,0.006000000052154064,0.02199999988079071,1.306,0.6796715168273832,1.4268763642006923,0.12426951918369455,0.3526878360028097,0.7001627937118369,1.9808314967464566,0.3405278544180093,0.11279937026200873,0.1336499210447073,0.016349703073501587,188.6062885133849,0.7678660750389099,0.5702986717224121,0.7753242254257202,0.17295807600021362,0.3668726086616516,0.38204988837242126,0.601099967956543,0.4587881565093994,0.9534143805503845,0.9780000001192093,0.6301852254531323
bounding,2,action_space,1.0,3.4000000953674316,0.0,0.5,0.0,0.11999999731779099,-1.0,0.3400000035762787,-1.0,-0.03999999910593033,push_lateral_pace_recovery,push_lateral,1.5,pacing,1000,0.6983035802841187,0.6983035802841187,1.3412476778030396,0.24073201417922974,0.07236757129430771,0.2213623821735382,1.3323922157287598,0.07236757129430771,0.012098231352865696,0.19605480134487152,0.11579324305057526,0.5171680450439453,0.5232678651809692,1.639420747756958,3.9389963150024414,0.2213623821735382,0.08692564070224762,0.012459677644073963,0.0015086391940712929,0.4671386778354645,0.05226878076791763,272.3668518066406,199.20599365234375,34.441261291503906,67.731201171875,314.558837890625,0.07733175158500671,0.1549166887998581,0.9102760553359985,3.000797986984253,1.314000129699707,0.026824958622455597,0.029999924823641777,3.3844079971313477,0.5,0.11999969929456711,0.34155935049057007,-0.03843994438648224,0.8151776194572449,0.6424210667610168,0.7852312326431274,0.147854745388031,0.5125167369842529,0.7967994809150696,0.4328877329826355,0.6505188941955566,0.5545883774757385,0.4423782527446747,1.0,0.9775188565254211,0.960472047328949,0.12130275368690491,0.20924009382724762,1.0,0.026000000536441803,0.004000000189989805,0.02199999988079071,1.314,0.6927519033307172,1.5111956245969578,0.10999196040104793,0.340284062292925,0.723372563193386,1.9846904834261794,0.2948315463145822,0.11818763403226776,0.13412479311227798,0.0158748310059309,203.06976579655807,0.7930986881256104,0.6126183867454529,0.7562627792358398,0.2071407437324524,0.35155975818634033,0.3928696811199188,0.5650008320808411,0.46089571714401245,0.960472047328949,0.9780000001192093,0.6460646677475709
bounding,2,action_space,1.0,3.4000000953674316,0.0,0.5,0.0,0.11999999731779099,-1.0,0.3400000035762787,0.0,0.0,push_lateral_pace_recovery,push_lateral,1.5,pacing,1000,0.7164264917373657,0.7164264917373657,1.3341803550720215,0.24666237831115723,0.07000826299190521,0.2134980857372284,1.4693603515625,0.07000826299190521,0.01017297338694334,0.17930254340171814,0.11296859383583069,0.5000861287117004,0.49666088819503784,1.6393650770187378,3.8749520778656006,0.2134980857372284,0.07671618461608887,0.010155154392123222,0.0013742349110543728,0.4628411531448364,0.046931684017181396,259.44091796875,186.176025390625,34.880645751953125,68.0711898803711,333.1634216308594,0.0764775425195694,0.14625000953674316,0.9575580358505249,3.1161904335021973,1.3040001392364502,0.026683621108531952,0.029999924823641777,3.384024143218994,0.5,0.11999969929456711,0.34159767627716064,0.0,0.8125162720680237,0.6473884582519531,0.8136575222015381,0.1483859419822693,0.5361769795417786,0.8033592700958252,0.4173622727394104,0.703732967376709,0.5715160965919495,0.446233332157135,1.0,0.9766541719436646,0.9634369015693665,0.23631860315799713,0.3141804337501526,1.0,0.027000000700354576,0.004999999888241291,0.02200000174343586,1.304,0.7343236069006422,1.5458708184009637,0.1008611589609367,0.3361080091813206,0.7047417173653322,1.9684897962310093,0.2769768665720819,0.10737499384483147,0.13341810554265976,0.016581518575549126,194.45715639752837,0.7839819192886353,0.6339315176010132,0.7940667271614075,0.1877169907093048,0.3911619186401367,0.39626094698905945,0.5502243638038635,0.4813069701194763,0.9634369015693665,0.9779999982565641,0.6482436342690236
bounding,2,action_space,1.0,3.4000000953674316,0.0,0.5,0.0,0.11999999731779099,-1.0,0.3400000035762787,1.0,0.03999999910593033,push_lateral_pace_recovery,push_lateral,1.5,pacing,1000,0.6769222021102905,0.6769222021102905,1.2921912670135498,0.2775932550430298,0.09304776042699814,0.24272525310516357,1.6296889781951904,0.09304776042699814,0.025851812213659286,0.17731773853302002,0.11185130476951599,0.5470501184463501,0.6046727895736694,1.674830675125122,4.029789447784424,0.24272525310516357,0.12068678438663483,0.013503546826541424,0.002935831667855382,0.4696851968765259,0.0614478662610054,261.7681579589844,188.7279510498047,34.712215423583984,68.12449645996094,334.0581359863281,0.07865917682647705,0.14208334684371948,0.8863344192504883,2.8770318031311035,1.2940001487731934,0.025843825191259384,0.029999924823641777,3.38504695892334,0.5,0.11999969929456711,0.3414953351020813,0.03850385546684265,0.7806192636489868,0.6214439868927002,0.7905110716819763,0.14826181530952454,0.5042921900749207,0.7808976173400879,0.3395020365715027,0.7058330774307251,0.5798240303993225,0.44378846883773804,1.0,0.9783835411071777,0.9619964361190796,0.12008298933506012,0.20434434711933136,1.0,0.02500000037252903,0.004999999888241291,0.020000001415610313,1.294,0.6849570414382486,1.49109456862471,0.1607849875257615,0.3344417808371376,0.7776070920289175,2.0074335475388527,0.3474000350987818,0.1282161397578199,0.12921912595629692,0.020780498161911964,202.5769440184891,0.7347447872161865,0.5547956228256226,0.7197958827018738,0.11686624586582184,0.2925975024700165,0.39087384939193726,0.5735898017883301,0.4914393424987793,0.9619964361190796,0.9799999985843897,0.6006043011752459
bounding,2,action_space,1.0,3.4000000953674316,0.0,0.5,0.0,0.11999999731779099,0.0,0.3799999952316284,-1.0,-0.03999999910593033,push_lateral_pace_recovery,push_lateral,1.5,pacing,1000,0.7104079723358154,0.7104079723358154,1.3491857051849365,0.2577606439590454,0.07858938723802567,0.21764999628067017,1.4488673210144043,0.07858938723802567,0.01134413294494152,0.1994251012802124,0.12342876195907593,0.4873960316181183,0.4140204191207886,1.7460705041885376,4.269046306610107,0.21764999628067017,0.08410784602165222,0.012617139145731926,0.0013617307413369417,0.47321686148643494,0.04749777913093567,270.06158447265625,191.62535095214844,34.51628875732422,67.88397979736328,360.5855712890625,0.07945062220096588,0.14158333837985992,0.9338231086730957,3.124269723892212,1.2890000343322754,0.026983730494976044,0.029999924823641777,3.3839282989501953,0.5,0.11999969929456711,0.3800007998943329,-0.038392018526792526,0.802524209022522,0.652452290058136,0.7855409383773804,0.1445463001728058,0.5316104888916016,0.8056075572967529,0.4087543189525604,0.6526481509208679,0.56269770860672,0.432525098323822,1.0,0.9757895469665527,0.9626685380935669,0.23657351732254028,0.3141807019710541,1.0,0.02800000086426735,0.00800000037997961,0.019999999552965164,1.289,0.724455390261346,1.5568536459235487,0.10650883975023633,0.3513242974220199,0.6434441849304324,2.066167056801097,0.29001352730804164,0.11823227092071296,0.13491865247488022,0.015080971643328667,200.16635473886686,0.7666214108467102,0.6226845383644104,0.7561032176017761,0.18716774880886078,0.3867582082748413,0.38812270760536194,0.5455568432807922,0.4926695227622986,0.9626685380935669,0.9800000004470348,0.6381267364590596
bounding,2,action_space,1.0,3.4000000953674316,0.0,0.5,0.0,0.11999999731779099,0.0,0.3799999952316284,0.0,0.0,push_lateral_pace_recovery,push_lateral,1.5,pacing,1000,0.7593015432357788,0.7593015432357788,1.3167684078216553,0.2558811902999878,0.07878126949071884,0.19933614134788513,1.3002437353134155,0.07878126949071884,0.01210736483335495,0.1762620508670807,0.108726367354393,0.47778642177581787,0.4416319727897644,1.6187446117401123,3.7667739391326904,0.19933614134788513,0.07781892269849777,0.010910486802458763,0.0013142988318577409,0.4616461396217346,0.05137912929058075,261.0047607421875,188.89163208007812,35.065834045410156,68.40484619140625,226.49722290039062,0.07700200378894806,0.14341667294502258,0.9135515093803406,2.9222426414489746,1.3060001134872437,0.026335373520851135,0.029999924823641777,3.3844051361083984,0.5,0.11999969929456711,0.3800007998943329,0.0,0.8002582788467407,0.68001389503479,0.8139109015464783,0.1531526744365692,0.542712926864624,0.8245996236801147,0.4553728699684143,0.7146134376525879,0.5713375806808472,0.44678664207458496,1.0,0.9775189161300659,0.9692504405975342,0.4779816269874573,0.5312366485595703,1.0,0.026000000536441803,0.006000000052154064,0.020000001415610313,1.306,0.6995034093696162,1.4958447888034279,0.11003347142281275,0.3297368152851498,0.6645539652953434,1.940817853156934,0.27896043213778143,0.11056575253810062,0.13167686760425568,0.01832275651395321,198.21614734360963,0.7695873975753784,0.6720994710922241,0.783099353313446,0.213869109749794,0.35787102580070496,0.39720916748046875,0.5715587735176086,0.4881740212440491,0.9692504405975342,0.9799999985843897,0.6563055485678024
bounding,2,action_space,1.0,3.4000000953674316,0.0,0.5,0.0,0.11999999731779099,0.0,0.3799999952316284,1.0,0.03999999910593033,push_lateral_pace_recovery,push_lateral,1.5,pacing,1000,0.7089458107948303,0.7089458107948303,1.3166086673736572,0.2605988681316376,0.08940570801496506,0.24894383549690247,1.3494713306427002,0.08940570801496506,0.019723545759916306,0.1934019774198532,0.1312192976474762,0.5080096125602722,0.5767468810081482,1.67445969581604,4.092296600341797,0.24894383549690247,0.11928942799568176,0.01623946987092495,0.0020922329276800156,0.4801417291164398,0.044564299285411835,268.36102294921875,194.69049072265625,34.5685920715332,67.54646301269531,349.9999694824219,0.08128885924816132,0.13691666722297668,0.9027585387229919,3.0417962074279785,1.2950000762939453,0.026332169771194458,0.029999924823641777,3.384758949279785,0.5,0.11999969929456711,0.3800007998943329,0.038475073873996735,0.798869252204895,0.605769157409668,0.7939150333404541,0.14441384375095367,0.5244371294975281,0.76780104637146,0.4212353527545929,0.6924604177474976,0.5781959891319275,0.43508055806159973,1.0,0.9775189161300659,0.9650219678878784,0.2347271740436554,0.3092312812805176,0.9998000264167786,0.026000000536441803,0.004999999888241291,0.021000001579523087,1.295,0.6971108454995174,1.5326047534104017,0.1404405417246612,0.36224204290429374,0.7594385301050692,2.022942559822645,0.3453830163683237,0.13539461879485817,0.1316608488559723,0.018338775262236595,203.8274770623678,0.762123167514801,0.5380895137786865,0.6930632591247559,0.17482981085777283,0.4101279675960541,0.382784366607666,0.5558708310127258,0.5043002963066101,0.9650219678878784,0.9789999984204769,0.6132077526969788
bounding,2,action_space,1.0,3.4000000953674316,0.0,0.5,0.0,0.11999999731779099,1.0,0.3799999952316284,-1.0,-0.03999999910593033,push_lateral_pace_recovery,push_lateral,1.5,pacing,1000,0.683142364025116,0.683142364025116,1.3337922096252441,0.27086934447288513,0.08709636330604553,0.23829631507396698,1.4296196699142456,0.08709636330604553,0.016503218561410904,0.20818276703357697,0.1332547515630722,0.49055737257003784,0.4166222810745239,1.7424027919769287,4.285617828369141,0.23829631507396698,0.10251098871231079,0.013243921101093292,0.0017694126581773162,0.48136258125305176,0.05683087557554245,274.730712890625,196.38565063476562,35.11922073364258,68.12503051757812,432.2201843261719,0.07830112427473068,0.14800003170967102,0.994338870048523,3.3744678497314453,1.3010001182556152,0.026675861328840256,0.029999924823641777,3.3837761878967285,0.5,0.11999969929456711,0.3800007998943329,-0.038376763463020325,0.7833804488182068,0.6135888695716858,0.7761415243148804,0.13989323377609253,0.5133504867553711,0.773813009262085,0.38626420497894287,0.643906831741333,0.5551425218582153,0.4304344058036804,1.0,0.9757895469665527,0.9580599665641785,0.12281133234500885,0.21190673112869263,0.9998000264167786,0.02800000086426735,0.007000000216066837,0.021000001579523087,1.301,0.7642880908165594,1.6105121078015776,0.12846485340905855,0.36504075329074176,0.6454628425204072,2.070173381233838,0.32017337289710834,0.12252890989179088,0.13337930664420128,0.016620317474007607,205.9771461461873,0.7456635236740112,0.5667418241500854,0.7406206727027893,0.17209921777248383,0.32090261578559875,0.38185086846351624,0.5228621959686279,0.47711384296417236,0.9580599665641785,0.9789999984204769,0.6207183211659774
bounding,2,action_space,1.0,3.4000000953674316,0.0,0.5,0.0,0.11999999731779099,1.0,0.3799999952316284,0.0,0.0,push_lateral_pace_recovery,push_lateral,1.5,pacing,1000,0.7030137181282043,0.7030137181282043,1.3496403694152832,0.2348683774471283,0.07570086419582367,0.21955277025699615,1.6519322395324707,0.07570086419582367,0.012733814306557178,0.1788809597492218,0.11689892411231995,0.48967745900154114,0.45638343691825867,1.6359543800354004,3.8797411918640137,0.21955277025699615,0.09119322150945663,0.010686283931136131,0.001331754494458437,0.4790198802947998,0.051417186856269836,271.7978515625,198.56436157226562,35.146888732910156,68.82112121582031,347.2520751953125,0.07837653160095215,0.132750004529953,0.9220653176307678,3.0465962886810303,1.2990000247955322,0.0269927978515625,0.029999924823641777,3.385134696960449,0.5,0.11999969929456711,0.3800007998943329,0.0,0.8139471411705017,0.6405654549598694,0.8115883469581604,0.1460264027118683,0.531491219997406,0.7936463356018066,0.3489745259284973,0.7120469808578491,0.5721850991249084,0.436734139919281,1.0,0.9783835411071777,0.9660675525665283,0.2339172214269638,0.30650395154953003,1.0,0.02500000037252903,0.003000000026077032,0.02200000174343586,1.299,0.7098270266491051,1.5314501752475598,0.11284420369056258,0.3419048465762367,0.6755615715227286,1.9697058643015748,0.301982154289714,0.10962681435485831,0.1349639892578125,0.015035634860396385,201.38538956140843,0.8019952178001404,0.6175259351730347,0.7863441109657288,0.14858344197273254,0.35759878158569336,0.3836441934108734,0.5563626885414124,0.514916718006134,0.9660675525665283,0.9779999982565641,0.6374349730710188
bounding,2,action_space,1.0,3.4000000953674316,0.0,0.5,0.0,0.11999999731779099,1.0,0.3799999952316284,1.0,0.03999999910593033,push_lateral_pace_recovery,push_lateral,1.5,pacing,1000,0.7031267881393433,0.7031267881393433,1.3336074352264404,0.24227970838546753,0.07703933119773865,0.20590150356292725,1.4163281917572021,0.07703933119773865,0.01183883287012577,0.17490631341934204,0.11121371388435364,0.46814849972724915,0.3955293893814087,1.6609575748443604,4.0327653884887695,0.20590150356292725,0.07536133378744125,0.011015675961971283,0.0012321016984060407,0.46852320432662964,0.043571874499320984,262.6431884765625,188.90261840820312,34.75514602661133,67.83274841308594,369.810791015625,0.07697178423404694,0.13508331775665283,0.899165153503418,2.9412760734558105,1.3020000457763672,0.026672154664993286,0.029999924823641777,3.384408950805664,0.5,0.11999969929456711,0.3800007998943329,0.03844001144170761,0.8124978542327881,0.6682359576225281,0.8092441558837891,0.14875096082687378,0.5292392373085022,0.8164829015731812,0.4320676326751709,0.7138713598251343,0.5818221569061279,0.4414435029029846,1.0,0.9775188565254211,0.960472047328949,0.12130182981491089,0.2092340886592865,1.0,0.026000000536441803,0.004999999888241291,0.021000001579523087,1.302,0.6906029954667099,1.5030117943133534,0.10880640086927686,0.33348720197985654,0.6289112730595697,2.008174640933594,0.2745201883057806,0.11066967814346133,0.13336077332496643,0.016638850793242455,196.9419047457297,0.7907307147979736,0.6544538140296936,0.7827393412590027,0.19145454466342926,0.4183497428894043,0.39178329706192017,0.5684959292411804,0.5089443325996399,0.960472047328949,0.9789999984204769,0.65129936257234
bounding,2,action_space,1.0,3.4000000953674316,0.0,0.5,1.0,0.11999999731779099,-1.0,0.3400000035762787,-1.0,-0.03999999910593033,push_lateral_pace_recovery,push_lateral,1.5,pacing,1000,0.6855409741401672,0.6855409741401672,1.3431059122085571,0.24423371255397797,0.06745433807373047,0.22364692389965057,1.47784423828125,0.06745433807373047,0.00898729171603918,0.19569236040115356,0.12068579345941544,0.516840934753418,0.4715920090675354,1.7090537548065186,4.1773271560668945,0.22364692389965057,0.08063723146915436,0.012573223561048508,0.001432589953765273,0.4817953109741211,0.04962770640850067,269.66766357421875,192.007080078125,34.87388610839844,67.91314697265625,332.32611083984375,0.07812337577342987,0.16566666960716248,0.9950761795043945,3.2674612998962402,1.3070000410079956,0.026862118393182755,0.029999924823641777,3.3846490383148193,0.5,0.11999969929456711,0.34153518080711365,-0.038464002311229706,0.8056068420410156,0.6228214502334595,0.784171462059021,0.14164409041404724,0.5092160701751709,0.7877827882766724,0.4205164909362793,0.6581301689147949,0.5641334056854248,0.4342496395111084,1.0,0.9783835411071777,0.9576449990272522,0.06600219011306763,0.15839344263076782,1.0,0.02500000037252903,0.006000000052154064,0.01900000125169754,1.307,0.761343619617325,1.5811294379804985,0.0948013276069443,0.34739860889101937,0.6867255704191707,2.0438510601477042,0.28396695488939266,0.11834615969609567,0.13431059196591377,0.015689032152295113,200.77915011987886,0.7877295613288879,0.6064218282699585,0.7556958794593811,0.1905977576971054,0.37062883377075195,0.381520539522171,0.5352654457092285,0.43677660822868347,0.9576449990272522,0.9809999987483025,0.6403791010379791
bounding,2,action_space,1.0,3.4000000953674316,0.0,0.5,1.0,0.11999999731779099,-1.0,0.3400000035762787,0.0,0.0,push_lateral_pace_recovery,push_lateral,1.5,pacing,1000,0.6903094053268433,0.6903094053268433,1.3207831382751465,0.2467692792415619,0.08239969611167908,0.23028650879859924,1.4726665019989014,0.08239969611167908,0.01601184904575348,0.17571239173412323,0.10237693786621094,0.48247474431991577,0.4761267900466919,1.6648931503295898,3.958754062652588,0.23028650879859924,0.1006346344947815,0.010131093673408031,0.0016374948900192976,0.4551876187324524,0.04560282081365585,263.6253662109375,190.7134552001953,35.337364196777344,68.44358825683594,385.0855712890625,0.07611402869224548,0.1459166705608368,0.9440782070159912,3.131760358810425,1.3040001392364502,0.026415666565299034,0.029999924823641777,3.3850088119506836,0.5,0.11999969929456711,0.3414992094039917,0.0,0.8088274598121643,0.6301943063735962,0.8112131357192993,0.15014123916625977,0.5246832966804504,0.7886457443237305,0.3785969614982605,0.7017896771430969,0.5728665590286255,0.44940701127052307,1.0,0.9783835411071777,0.9619923233985901,0.12012536823749542,0.20467466115951538,1.0,0.026000000536441803,0.004999999888241291,0.021000001579523087,1.304,0.7239862921779141,1.5497279233566044,0.1265379352042441,0.3199639633868335,0.6900194128042282,1.9896617960479082,0.3172296242389438,0.1084831257082286,0.13207833282649517,0.017921291291713715,199.59776784795602,0.7838165163993835,0.5884174108505249,0.7902770042419434,0.16647611558437347,0.4016973078250885,0.40237322449684143,0.5485844016075134,0.48210981488227844,0.9619923233985901,0.9789999984204769,0.636843010592155
bounding,2,action_space,1.0,3.4000000953674316,0.0,0.5,1.0,0.11999999731779099,-1.0,0.3400000035762787,1.0,0.03999999910593033,push_lateral_pace_recovery,push_lateral,1.5,pacing,1000,0.7005269527435303,0.7005269527435303,1.3270270824432373,0.24154424667358398,0.0705791711807251,0.21167728304862976,1.3369795083999634,0.0705791711807251,0.01084747351706028,0.17954705655574799,0.11306509375572205,0.5009506940841675,0.47945964336395264,1.6409614086151123,3.8633711338043213,0.21167728304862976,0.07876521348953247,0.010492845438420773,0.0014291482511907816,0.46494781970977783,0.05542071908712387,260.1235656738281,186.07496643066406,34.94612121582031,68.35961151123047,267.9959716796875,0.07685844600200653,0.1432500034570694,0.9016417860984802,2.9810452461242676,1.2929999828338623,0.026540562510490417,0.029999924823641777,3.3844094276428223,0.5,0.11999969929456711,0.34155917167663574,0.03844009339809418,0.814906120300293,0.6492303013801575,0.8112078905105591,0.14510402083396912,0.528281569480896,0.804207444190979,0.4694518744945526,0.7083544731140137,0.5766310095787048,0.44420719146728516,1.0,0.9775189161300659,0.9566478729248047,0.06656017899513245,0.15934886038303375,1.0,0.026000000536441803,0.004000000189989805,0.02200000174343586,1.293,0.6973253856402262,1.5183959384667238,0.10415120506772968,0.336251533462261,0.692430244402967,1.96554601416612,0.2806514092063898,0.10918788252187857,0.1327028125524521,0.017296811565756798,196.01978672123653,0.7918570041656494,0.6388581991195679,0.7878560423851013,0.21141569316387177,0.33008190989494324,0.39459487795829773,0.5619279742240906,0.48858100175857544,0.9566478729248047,0.9779999982565641,0.6552447950801789
bounding,2,action_space,1.0,3.4000000953674316,0.0,0.5,1.0,0.11999999731779099,0.0,0.3799999952316284,-1.0,-0.03999999910593033,push_lateral_pace_recovery,push_lateral,1.5,pacing,1000,0.6849061250686646,0.6849061250686646,1.3143060207366943,0.2705957293510437,0.08218415081501007,0.21999198198318481,1.5567491054534912,0.08218415081501007,0.024275511503219604,0.19936980307102203,0.12050209939479828,0.5008723735809326,0.6228335499763489,1.6658596992492676,4.065970420837402,0.21999198198318481,0.10522956401109695,0.012603364884853363,0.004190774634480476,0.471038281917572,0.043974779546260834,270.45220947265625,195.09530639648438,35.169734954833984,69.64863586425781,352.4367980957031,0.07870472967624664,0.14625000953674316,0.8883171081542969,2.821214199066162,1.2940001487731934,0.02628611959517002,0.029999924823641777,3.3844127655029297,0.5,0.11999969929456711,0.3800007998943329,-0.038440365344285965,0.7918105125427246,0.6622151136398315,0.7857629656791687,0.15385878086090088,0.5359498262405396,0.8064373135566711,0.36300086975097656,0.652055025100708,0.5713556408882141,0.43892133235931396,1.0,0.9775188565254211,0.9604721069335938,0.12129786610603333,0.20920701324939728,0.9998000264167786,0.026000000536441803,0.005000000353902578,0.021000001579523087,1.294,0.6864891936642677,1.4765592097290852,0.15580600599212985,0.3471341230631156,0.7891980423039257,2.016425158749365,0.3243910664785591,0.12959220470126218,0.1314305979758501,0.01856902614235878,205.7756756840104,0.7461055517196655,0.6163349747657776,0.7147068977355957,0.12973527610301971,0.41499218344688416,0.3898175060749054,0.5798088908195496,0.4813069701194763,0.9604721069335938,0.9789999984204769,0.6126072141222465
bounding,2,action_space,1.0,3.4000000953674316,0.0,0.5,1.0,0.11999999731779099,0.0,0.3799999952316284,0.0,0.0,push_lateral_pace_recovery,push_lateral,1.5,pacing,1000,0.693891167640686,0.693891167640686,1.3012468814849854,0.283239483833313,0.09586621820926666,0.24783030152320862,1.6031489372253418,0.09586621820926666,0.025840187445282936,0.18429628014564514,0.11604748666286469,0.5553303956985474,0.8845519423484802,1.7098873853683472,4.204340934753418,0.24783030152320862,0.1612277776002884,0.013030853122472763,0.004994656424969435,0.47798657417297363,0.050585806369781494,267.8111267089844,191.1588134765625,35.41383743286133,68.65184020996094,382.012939453125,0.08007682859897614,0.14225000143051147,1.018259048461914,3.3587453365325928,1.2929999828338623,0.026024937629699707,0.029999924823641777,3.384408712387085,0.5,0.11999969929456711,0.3800007998943329,0.0,0.7864649295806885,0.6351338624954224,0.7914610505104065,0.14561429619789124,0.526043176651001,0.7879974842071533,0.3294064998626709,0.6909977197647095,0.5877234935760498,0.43444007635116577,1.0,0.9775188565254211,0.9646570086479187,0.23542900383472443,0.31258416175842285,0.9998000264167786,0.026000000536441803,0.007000000216066837,0.01900000125169754,1.293,0.7875166536760441,1.6117187621545916,0.16074883341810894,0.34065743300692075,0.9405062160073586,2.0504489593143784,0.40153178902832637,0.13425911346140418,0.13012468814849854,0.01987493596971035,205.81115737496162,0.7254969477653503,0.5410743355751038,0.6973204612731934,0.12003730982542038,0.3635944724082947,0.3844378590583801,0.5223541855812073,0.4910300374031067,0.9646570086479187,0.9809999987483025,0.5946680635978014
bounding,2,action_space,1.0,3.4000000953674316,0.0,0.5,1.0,0.11999999731779099,0.0,0.3799999952316284,1.0,0.03999999910593033,push_lateral_pace_recovery,push_lateral,1.5,pacing,1000,0.6912195682525635,0.6912195682525635,1.2764902114868164,0.2971651554107666,0.09046268463134766,0.25481534004211426,1.2757583856582642,0.09046268463134766,0.02159866876900196,0.19273728132247925,0.12421758472919464,0.5789701342582703,0.9067701101303101,1.6889030933380127,4.117480278015137,0.25481534004211426,0.14809179306030273,0.013158833608031273,0.0061857569962739944,0.48886412382125854,0.05282820761203766,275.335205078125,198.016357421875,34.41450500488281,67.29635620117188,580.0958862304688,0.08167645335197449,0.14241665601730347,0.9190561771392822,3.1347503662109375,1.2640000581741333,0.025529803708195686,0.029999924823641777,3.3831539154052734,0.5,0.11999969929456711,0.3800007998943329,0.0383145734667778,0.7782156467437744,0.5983121991157532,0.7812487483024597,0.14256322383880615,0.5207930207252502,0.7589215040206909,0.43718481063842773,0.6861411929130554,0.572342574596405,0.4302539825439453,1.0,0.9757895469665527,0.9572815895080566,0.12376463413238525,0.21911519765853882,0.9995999932289124,0.02800000086426735,0.0020000000949949026,0.026000000536441803,1.264,0.7271013863479034,1.5748092330424255,0.14696485555738134,0.3524451513770542,0.9522447742730386,2.029157529127578,0.3848269650898995,0.13908483240204617,0.12764901854097843,0.022350605577230453,215.6970751522043,0.7024166584014893,0.5224068760871887,0.6791645884513855,0.18127651512622833,0.3476482331752777,0.37616467475891113,0.5379412174224854,0.49062103033065796,0.9572815895080566,0.9739999994635582,0.5992241627894915
bounding,2,action_space,1.0,3.4000000953674316,0.0,0.5,1.0,0.11999999731779099,1.0,0.3799999952316284,-1.0,-0.03999999910593033,push_lateral_pace_recovery,push_lateral,1.5,pacing,1000,0.6835838556289673,0.6835838556289673,1.3092925548553467,0.2752794623374939,0.07308067381381989,0.200353741645813,1.4687857627868652,0.07308067381381989,0.011848228983581066,0.19980552792549133,0.12194528430700302,0.5006619691848755,0.46082478761672974,1.6857565641403198,4.079866886138916,0.200353741645813,0.06845983862876892,0.012442922219634056,0.0011939669493585825,0.46503475308418274,0.04237114638090134,271.8814697265625,197.5529327392578,35.14202117919922,68.3341293334961,356.6830749511719,0.07852266728878021,0.14899998903274536,1.003277063369751,3.3100976943969727,1.312000036239624,0.026185840368270874,0.029999924823641777,3.3839383125305176,0.5,0.11999969929456711,0.3800007998943329,-0.03839297592639923,0.7918577194213867,0.6665838360786438,0.792010486125946,0.14921829104423523,0.5375949740409851,0.8136797547340393,0.39340490102767944,0.6513882875442505,0.5771551132202148,0.44145095348358154,1.0,0.9766541719436646,0.9550817012786865,0.06744726747274399,0.16223034262657166,0.9998000264167786,0.027000000700354576,0.004999999888241291,0.02200000174343586,1.312,0.7646928182462367,1.5883766199412264,0.10884957043360835,0.3492066498607995,0.6788407674975994,2.019868036813028,0.26164831096104735,0.11677709179883115,0.13092920184135437,0.019070422276854515,207.65524765135515,0.7385140657424927,0.6693714261054993,0.7612923979759216,0.1816360503435135,0.42851781845092773,0.39452627301216125,0.5322004556655884,0.4747343361377716,0.9550817012786865,0.9779999982565641,0.638541098493032
bounding,2,action_space,1.0,3.4000000953674316,0.0,0.5,1.0,0.11999999731779099,1.0,0.3799999952316284,0.0,0.0,push_lateral_pace_recovery,push_lateral,1.5,pacing,1000,0.6897920370101929,0.6897920370101929,1.3236372470855713,0.252779483795166,0.07736667990684509,0.20244929194450378,1.5987188816070557,0.07736667990684509,0.013424744829535484,0.18274520337581635,0.11677323281764984,0.4645559787750244,0.4044754207134247,1.6783123016357422,4.002049446105957,0.20244929194450378,0.074790820479393,0.01047525554895401,0.0013283811276778579,0.4565926790237427,0.04494471848011017,260.96209716796875,185.50888061523438,35.462562561035156,68.71040344238281,407.7608947753906,0.07754635065793991,0.148333340883255,0.9900131225585938,3.2453508377075195,1.2980000972747803,0.026472747325897217,0.029999924823641777,3.384425640106201,0.5,0.11999969929456711,0.3800007998943329,0.0,0.8063758611679077,0.6695530414581299,0.8143429756164551,0.15466612577438354,0.5326228737831116,0.8166230916976929,0.35517191886901855,0.6993643641471863,0.5913006067276001,0.44607841968536377,1.0,0.9775188565254211,0.9604732990264893,0.12128327786922455,0.20909537374973297,1.0,0.026000000536441803,0.004000000189989805,0.02199999988079071,1.298,0.7627219272137423,1.5812242399559489,0.11586520111550096,0.34172098679719665,0.635983821109802,2.0005122959147132,0.2734791042829287,0.10864454278348208,0.13236373662948608,0.0176358874887228,197.15529896318935,0.7744595408439636,0.6637450456619263,0.7897232174873352,0.15455369651317596,0.4070194363594055,0.40124407410621643,0.5352252721786499,0.4763193726539612,0.9604732990264893,0.9780000001192093,0.6414988365692971
bounding,2,action_space,1.0,3.4000000953674316,0.0,0.5,1.0,0.11999999731779099,1.0,0.3799999952316284,1.0,0.03999999910593033,push_lateral_pace_recovery,push_lateral,1.5,pacing,1000,0.6819838285446167,0.6819838285446167,1.2883455753326416,0.28567802906036377,0.09722962975502014,0.25227925181388855,1.383933186531067,0.09722962975502014,0.027221903204917908,0.19238804280757904,0.12939287722110748,0.5575436353683472,0.9452506303787231,1.6533952951431274,3.95871639251709,0.25227925181388855,0.16493578255176544,0.012365439906716347,0.005664932541549206,0.4711497724056244,0.05766407400369644,265.6813659667969,189.55361938476562,34.5263786315918,68.86952209472656,722.0765991210938,0.08034239709377289,0.13950000703334808,0.960450291633606,3.1402857303619385,1.287000060081482,0.025766924023628235,0.029999924823641777,3.3836984634399414,0.5,0.11999969929456711,0.3800007998943329,0.038369037210941315,0.7906690835952759,0.6307997107505798,0.7915537357330322,0.1544019877910614,0.5200614929199219,0.7816883325576782,0.4042118787765503,0.6940901875495911,0.586353063583374,0.43830323219299316,1.0,0.9757895469665527,0.9540845155715942,0.06800541281700134,0.16318680346012115,0.9995999932289124,0.02800000086426735,0.004000000189989805,0.024000000208616257,1.287,0.7462705480283606,1.562051339042724,0.16499061550560357,0.3597122144452527,0.9722400065717945,1.9896523295583803,0.4061228663246696,0.13427722237321396,0.12883462011814117,0.02116500400006771,206.21902310503907,0.7214820384979248,0.5291686058044434,0.697252631187439,0.1453848034143448,0.3155994415283203,0.3897306025028229,0.5433502793312073,0.49782830476760864,0.9540845155715942,0.9759999997913837,0.5978829744152533
pacing,3,action_space,-1.0,2.0999999046325684,0.0,0.5,-1.0,0.08999999612569809,-1.0,0.3400000035762787,-1.0,-0.03999999910593033,push_lateral_pace_recovery,push_lateral,1.5,pacing,1000,0.6469027996063232,0.6469027996063232,1.3492741584777832,0.2899220287799835,0.25748127698898315,0.23478461802005768,1.4023725986480713,0.25748127698898315,0.09878121316432953,0.23378750681877136,0.11953745782375336,0.881568193435669,1.4560227394104004,0.5440020561218262,0.5446823239326477,0.23478461802005768,0.1243353933095932,0.005555984564125538,0.004680604208260775,0.43720895051956177,0.05385041981935501,223.43984985351562,157.9530029296875,34.83899688720703,71.15037536621094,159.9436798095703,0.07776256650686264,0.13316667079925537,0.5469889640808105,1.7640800476074219,0.8240000605583191,0.02698548324406147,0.029999924823641777,2.115126609802246,0.5,0.09113477170467377,0.3415123224258423,-0.03848693519830704,0.7153831124305725,0.6470717191696167,0.8284920454025269,0.45943617820739746,0.33295926451683044,0.7827863097190857,0.21965451538562775,0.5173740983009338,0.5528306365013123,0.46051737666130066,0.6391849517822266,0.9783835411071777,0.9582140445709229,0.06567510217428207,0.1564808189868927,1.0,0.02500000037252903,0.003000000026077032,0.02199999988079071,0.824,0.6638215444620373,1.4631725397982496,0.3142947870460621,0.3457418948055809,1.206657672834512,0.7380259642672795,0.35261224214368,0.10117602864506153,0.13492741622030735,0.015072207897901535,165.60003647116073,0.7144665122032166,0.5762358903884888,0.8148658275604248,0.03411572426557541,0.3406129777431488,0.4171047508716583,0.5855413675308228,0.5138451457023621,0.9582140445709229,0.9780000001192093,0.5938774645328523
pacing,3,action_space,-1.0,2.0999999046325684,0.0,0.5,-1.0,0.08999999612569809,-1.0,0.3400000035762787,0.0,0.0,push_lateral_pace_recovery,push_lateral,1.5,pacing,1000,0.6526188254356384,0.6526188254356384,1.3534507751464844,0.2970876693725586,0.2572425305843353,0.26800501346588135,1.510737419128418,0.2572425305843353,0.09955941885709763,0.21286800503730774,0.1064089685678482,0.8721848130226135,1.3210614919662476,0.5387266874313354,0.5053534507751465,0.26800501346588135,0.17675508558750153,0.0036447998136281967,0.004650183022022247,0.42537954449653625,0.05643339827656746,218.05471801757812,155.10911560058594,35.255821228027344,71.68911743164062,178.96180725097656,0.07476767897605896,0.15008333325386047,0.5066048502922058,1.5134520530700684,0.8410000801086426,0.027069006115198135,0.029999924823641777,2.1157243251800537,0.5,0.09117957949638367,0.3415720462799072,0.0,0.6988002061843872,0.6211249828338623,0.8625935316085815,0.4767494797706604,0.32884207367897034,0.7606256008148193,0.20153853297233582,0.5711458325386047,0.5496430993080139,0.4649561643600464,0.6397449970245361,0.9775189161300659,0.9603956937789917,0.12146485596895218,0.2110549956560135,1.0,0.026000000536441803,0.0020000000949949026,0.024000000208616257,0.841,0.602383825640049,1.3414865236370184,0.3155303770750094,0.3262038757707336,1.1493743915566623,0.7108821637762102,0.4204225084215895,0.09107679636246789,0.13534503057599068,0.014654593542218208,161.1101947863438,0.7025460600852966,0.4875966012477875,0.8471312522888184,0.030139287933707237,0.3234638273715973,0.4270906150341034,0.6376941204071045,0.47216978669166565,0.9603956937789917,0.9759999997913837,0.5843422746238037
pacing,3,action_space,-1.0,2.0999999046325684,0.0,0.5,-1.0,0.08999999612569809,-1.0,0.3400000035762787,1.0,0.03999999910593033,push_lateral_pace_recovery,push_lateral,1.5,pacing,1000,0.6494848132133484,0.6494848132133484,1.3668172359466553,0.2714685797691345,0.2585937976837158,0.24627266824245453,1.5578691959381104,0.2585937976837158,0.10205364972352982,0.1942531168460846,0.09891996532678604,0.8393181562423706,1.2662391662597656,0.5571379661560059,0.5509089231491089,0.24627266824245453,0.136814683675766,0.0031029153615236282,0.004724816419184208,0.4267599582672119,0.05325811356306076,222.75381469726562,157.56478881835938,35.39344787597656,72.11833190917969,165.18588256835938,0.07403042912483215,0.15200001001358032,0.5760802030563354,1.7324072122573853,0.8450000286102295,0.027336344122886658,0.029999924823641777,2.115355968475342,0.5,0.09115195274353027,0.34153521060943604,0.038464032113552094,0.7234575152397156,0.6432992219924927,0.8747365474700928,0.453618586063385,0.3409885764122009,0.7800228595733643,0.19568413496017456,0.6197614669799805,0.5573747754096985,0.465248703956604,0.6393997669219971,0.9783835411071777,0.9576449990272522,0.06600220501422882,0.1583935022354126,1.0,0.02500000037252903,0.004000000189989805,0.021000001579523087,0.845,0.6817516439765162,1.431847082246519,0.31945836931207455,0.3145154452913021,1.1252729296751813,0.7422323916059639,0.36988468970175825,0.08847446965485488,0.1366817206144333,0.013317903503775597,162.97264099320984,0.7446948289871216,0.5452547073364258,0.8550847768783569,0.02735263854265213,0.34467190504074097,0.42591312527656555,0.5989683270454407,0.4676664173603058,0.9576449990272522,0.9789999984204769,0.5999921703567871
pacing,3,action_space,-1.0,2.0999999046325684,0.0,0.5,-1.0,0.08999999612569809,0.0,0.3799999952316284,-1.0,-0.03999999910593033,push_lateral_pace_recovery,push_lateral,1.5,pacing,1000,0.6526461839675903,0.6526461839675903,1.3582851886749268,0.28736257553100586,0.25745028257369995,0.25654667615890503,1.3358848094940186,0.25745028257369995,0.10055391490459442,0.2374148666858673,0.11207336187362671,0.8788259029388428,1.3438746929168701,0.5366182327270508,0.5144919753074646,0.25654667615890503,0.14766907691955566,0.0055775148794054985,0.00493097398430109,0.43701571226119995,0.059869006276130676,218.70751953125,154.2288360595703,35.40349578857422,71.8316650390625,316.7965087890625,0.07827974855899811,0.14566665887832642,0.5448988676071167,1.7035367488861084,0.843000054359436,0.027165720239281654,0.029999924823641777,2.1156973838806152,0.5,0.0911775678396225,0.3800007998943329,-0.0384298637509346,0.7037295699119568,0.6256595849990845,0.8267301321029663,0.4834957718849182,0.3392285704612732,0.7658931016921997,0.22281509637832642,0.49998772144317627,0.5402857661247253,0.4571952819824219,0.6397199630737305,0.9775189161300659,0.9603992700576782,0.1214347705245018,0.21081170439720154,1.0,0.026000000536441803,0.00800000037997961,0.018000001087784767,0.843,0.646380622474607,1.4215494291631396,0.3171023729091197,0.33477359793392714,1.1592560946214043,0.7172809598110524,0.38427734375,0.10251092070460878,0.13582860119640827,0.014171022921800613,161.0173779076615,0.7187016010284424,0.5178021788597107,0.8104466199874878,0.03519106283783913,0.30198436975479126,0.41726598143577576,0.6033844947814941,0.48271286487579346,0.9603992700576782,0.9819999989122152,0.5877195028349376
pacing,3,action_space,-1.0,2.0999999046325684,0.0,0.5,-1.0,0.08999999612569809,0.0,0.3799999952316284,0.0,0.0,push_lateral_pace_recovery,push_lateral,1.5,pacing,1000,0.6765872240066528,0.6765872240066528,1.3227903842926025,0.30555516481399536,0.2579496502876282,0.26519352197647095,1.306868314743042,0.2579496502876282,0.10275706648826599,0.2231082171201706,0.11381958425045013,0.8976790308952332,1.5188454389572144,0.5582050085067749,0.5400745272636414,0.26519352197647095,0.1869085729122162,0.003703518072143197,0.005843452177941799,0.4332227408885956,0.06280979514122009,222.4837646484375,159.4075469970703,34.68056106567383,71.0355224609375,293.28375244140625,0.07752174884080887,0.13266664743423462,0.5365340709686279,1.8229668140411377,0.8250000476837158,0.02645581029355526,0.029999924823641777,2.115595817565918,0.5,0.09116993844509125,0.3800007998943329,0.0,0.6956914663314819,0.62909996509552,0.8540390729904175,0.45511817932128906,0.32213565707206726,0.7693977355957031,0.24756395816802979,0.553503155708313,0.5548741817474365,0.46196722984313965,0.6396247744560242,0.9775188565254211,0.9646570086479187,0.23542898893356323,0.3125843107700348,1.0,0.026000000536441803,0.005000000353902578,0.021000001579523087,0.825,0.6503443122632576,1.4864914138617984,0.3205574308735737,0.3373715818655302,1.2324144753114572,0.7348976304653876,0.4323292413337504,0.09770859864968383,0.1322790514677763,0.017720572650432587,168.1927592537019,0.6883513927459717,0.494961142539978,0.8261826634407043,0.03466552868485451,0.28473514318466187,0.4204433560371399,0.575558602809906,0.515131413936615,0.9646570086479187,0.9789999984204769,0.5813719500333835
pacing,3,action_space,-1.0,2.0999999046325684,0.0,0.5,-1.0,0.08999999612569809,0.0,0.3799999952316284,1.0,0.03999999910593033,push_lateral_pace_recovery,push_lateral,1.5,pacing,1000,0.6623044013977051,0.6623044013977051,1.3161861896514893,0.31380316615104675,0.2540208697319031,0.2650839388370514,1.1950587034225464,0.2540208697319031,0.09626521915197372,0.20759598910808563,0.10802799463272095,0.8826417326927185,1.4217960834503174,0.5592516660690308,0.5487078428268433,0.2650839388370514,0.1922423541545868,0.002889275085180998,0.004340094514191151,0.43121176958084106,0.05812695994973183,217.9412841796875,153.52780151367188,34.94660949707031,70.39688110351562,185.2142333984375,0.07481637597084045,0.13474999368190765,0.5329708456993103,1.686290979385376,0.8320000171661377,0.026323728263378143,0.029999924823641777,2.1156530380249023,0.5,0.09117424488067627,0.3800007998943329,0.03843429684638977,0.6930779218673706,0.6334264278411865,0.8763730525970459,0.44940003752708435,0.3412444591522217,0.766810417175293,0.24647660553455353,0.6017571091651917,0.5505717992782593,0.46239063143730164,0.6396784782409668,0.9775189161300659,0.9604607820510864,0.12136736512184143,0.2098081409931183,1.0,0.026000000536441803,0.00800000037997961,0.018000001087784767,0.832,0.6405899341289814,1.4236544826915485,0.31026636806456115,0.32867612422066944,1.1923909105030603,0.7407481642412914,0.43845450636820554,0.0850256996405919,0.13161864131689072,0.01838098280131817,165.58545127828444,0.6744284629821777,0.49524882435798645,0.865379273891449,0.044141143560409546,0.31269118189811707,0.4221377670764923,0.6024816632270813,0.5097932815551758,0.9604607820510864,0.9819999989122152,0.588382637175994
pacing,3,action_space,-1.0,2.0999999046325684,0.0,0.5,-1.0,0.08999999612569809,1.0,0.3799999952316284,-1.0,-0.03999999910593033,push_lateral_pace_recovery,push_lateral,1.5,pacing,1000,0.6336347460746765,0.6336347460746765,1.324887990951538,0.3374781012535095,0.2683005630970001,0.2877027988433838,1.4937467575073242,0.2683005630970001,0.11497846245765686,0.24107691645622253,0.11971123516559601,0.9462404251098633,1.8036894798278809,0.5482279062271118,0.6059408187866211,0.2877027988433838,0.2052907645702362,0.0060578761622309685,0.00742705725133419,0.45014330744743347,0.05988163501024246,233.60797119140625,168.02389526367188,35.415489196777344,71.37409973144531,431.5699462890625,0.07687966525554657,0.1497499942779541,0.584604024887085,1.8278493881225586,0.8350000381469727,0.026497753337025642,0.029999924823641777,2.1155524253845215,0.5,0.09116674959659576,0.3800007998943329,-0.03844433277845383,0.6716579794883728,0.5952337384223938,0.8105635643005371,0.4827786684036255,0.32491356134414673,0.7376366853713989,0.21009182929992676,0.49708229303359985,0.5602787733078003,0.45148593187332153,0.6395845413208008,0.9775188565254211,0.9566611647605896,0.06653030216693878,0.15902358293533325,1.0,0.026000000536441803,0.00800000037997961,0.018000001087784767,0.835,0.7001245555763473,1.479540859851228,0.3390847422955755,0.34599311433263524,1.3430150705885175,0.778422005589912,0.45309023888209754,0.11612464602126957,0.1324887666851282,0.017510857433080673,176.32280825764627,0.6340890526771545,0.43704068660736084,0.7636095285415649,0.022520801052451134,0.30190807580947876,0.4064531624317169,0.5785326361656189,0.47295740246772766,0.9566611647605896,0.9819999989122152,0.5523930048713317
pacing,3,action_space,-1.0,2.0999999046325684,0.0,0.5,-1.0,0.08999999612569809,1.0,0.3799999952316284,0.0,0.0,push_lateral_pace_recovery,push_lateral,1.5,pacing,1000,0.6484313011169434,0.6484313011169434,1.2780516147613525,0.3390617370605469,0.264141321182251,0.3041112422943115,1.3522655963897705,0.264141321182251,0.10970829427242279,0.21843189001083374,0.10897984355688095,1.054877519607544,2.5212156772613525,0.5964361429214478,0.6752465963363647,0.3041112422943115,0.2901553511619568,0.006264993920922279,0.019062992185354233,0.47873347997665405,0.07302957773208618,256.6805114746094,185.29611206054688,34.14043045043945,69.41110229492188,528.2100219726562,0.08373171091079712,0.14250001311302185,0.6013484001159668,1.945483922958374,0.812000036239624,0.02556104212999344,0.029999924823641777,2.1156039237976074,0.5,0.0911705493927002,0.3800007998943329,0.0,0.6741619110107422,0.617855966091156,0.8246169686317444,0.45077693462371826,0.3176637887954712,0.7542721033096313,0.22574058175086975,0.5718569755554199,0.5570491552352905,0.4466494619846344,0.6396322250366211,0.9775189161300659,0.9604716300964355,0.12131056189537048,0.20929719507694244,0.9995999932289124,0.026000000536441803,0.004000000189989805,0.02199999988079071,0.812,0.7405768333397476,1.5478747096095042,0.33122242416905107,0.3301209529201092,1.5878336428169522,0.8217338963048589,0.5386607013342971,0.15914768646221822,0.1278052106499672,0.02219441346824169,200.83735939141917,0.6313774585723877,0.3965962827205658,0.6025649905204773,0.028827326372265816,0.23209893703460693,0.38386398553848267,0.5493722558021545,0.49041658639907837,0.9604716300964355,0.9780000001192093,0.5217024123248382
pacing,3,action_space,-1.0,2.0999999046325684,0.0,0.5,-1.0,0.08999999612569809,1.0,0.3799999952316284,1.0,0.03999999910593033,push_lateral_pace_recovery,push_lateral,1.5,pacing,1000,0.6424405574798584,0.6424405574798584,1.3105411529541016,0.3118896484375,0.2686837315559387,0.3014441132545471,1.353806734085083,0.2686837315559387,0.1101895421743393,0.21618108451366425,0.118229940533638,0.9422268867492676,2.1905527114868164,0.6030882596969604,0.7093166708946228,0.3014441132545471,0.2760590612888336,0.004657589364796877,0.012220026925206184,0.46275919675827026,0.057264648377895355,249.73207092285156,180.50364685058594,34.85686492919922,70.7325668334961,857.640625,0.08138997852802277,0.13124999403953552,0.5746195912361145,1.8267431259155273,0.8240000009536743,0.026210807263851166,0.029999924823641777,2.115596055984497,0.5,0.09116995334625244,0.3800007998943329,0.03844001516699791,0.6937800645828247,0.5930097103118896,0.8526056408882141,0.4304431080818176,0.33497560024261475,0.7368052005767822,0.21617579460144043,0.5817994475364685,0.5548776388168335,0.45163097977638245,0.6396247744560242,0.9775188565254211,0.9566478729248047,0.06656075268983841,0.15935277938842773,0.9998000264167786,0.026000000536441803,0.007000000216066837,0.01900000125169754,0.824,0.6973538445037546,1.4889329453033908,0.3319481016278588,0.34384580924251207,1.4800515908193257,0.842209398483906,0.5254132290767274,0.12991388028229725,0.13105403631925583,0.018945587798953056,190.55645094389325,0.6776660680770874,0.4030537009239197,0.7135146260261536,0.028507227078080177,0.3181307017803192,0.3963259160518646,0.5745142698287964,0.5187931656837463,0.9566478729248047,0.9809999987483025,0.5484806880928004
pacing,3,action_space,-1.0,2.0999999046325684,0.0,0.5,0.0,0.11999999731779099,-1.0,0.3400000035762787,-1.0,-0.03999999910593033,push_lateral_pace_recovery,push_lateral,1.5,pacing,1000,0.6414803266525269,0.6414803266525269,1.307868480682373,0.34051692485809326,0.2554612159729004,0.26284611225128174,1.4538233280181885,0.2554612159729004,0.09951196610927582,0.227341890335083,0.10982907563447952,0.9604787230491638,1.784773349761963,0.5686156749725342,0.5913161039352417,0.26284611225128174,0.15506207942962646,0.007149217184633017,0.006200799718499184,0.452739953994751,0.06035585701465607,232.75540161132812,165.65750122070312,35.281097412109375,72.2675552368164,273.7322692871094,0.08655507862567902,0.11824999004602432,0.6713203191757202,2.3701295852661133,0.8320000171661377,0.026157379150390625,0.029999924823641777,2.1149954795837402,0.5,0.11999969929456711,0.3414991796016693,-0.03850003331899643,0.6802351474761963,0.6120767593383789,0.8107678294181824,0.4606385827064514,0.32536256313323975,0.7545573711395264,0.19471430778503418,0.5294760465621948,0.5501300096511841,0.44738954305648804,1.0,0.9783835411071777,0.9619923233985901,0.12012524902820587,0.20467379689216614,1.0,0.02500000037252903,0.00800000037997961,0.017000000923871994,0.832,0.8068753756009616,1.6878131456357452,0.3154551728998525,0.33140470068253336,1.3359540971762327,0.768970808246478,0.3937792267624417,0.11554227322989712,0.13078689575195312,0.01921272836625576,177.9654491634276,0.6288848519325256,0.5011345148086548,0.7656728029251099,0.03193467855453491,0.299058198928833,0.4043477773666382,0.4905744194984436,0.5536348223686218,0.9619923233985901,0.982999999076128,0.5626494710644087
pacing,3,action_space,-1.0,2.0999999046325684,0.0,0.5,0.0,0.11999999731779099,-1.0,0.3400000035762787,0.0,0.0,push_lateral_pace_recovery,push_lateral,1.5,pacing,1000,0.6727757453918457,0.6727757453918457,1.3470611572265625,0.30422985553741455,0.2548115849494934,0.2609065771102905,1.396644115447998,0.2548115849494934,0.09656982123851776,0.21834993362426758,0.11166922748088837,0.9009363055229187,1.4532268047332764,0.5766571760177612,0.6188193559646606,0.2609065771102905,0.1793627142906189,0.0037052431143820286,0.004694746807217598,0.4391840696334839,0.05731663107872009,232.51846313476562,167.37533569335938,35.170326232910156,71.74261474609375,336.0167541503906,0.0852753147482872,0.12358331680297852,0.6146800518035889,2.06217360496521,0.8260000348091125,0.026941224932670593,0.029999924823641777,2.1161651611328125,0.5,0.11999969929456711,0.341616153717041,0.0,0.701221227645874,0.6271920204162598,0.8602007627487183,0.45221608877182007,0.3206024765968323,0.7693856954574585,0.21638935804367065,0.5659404993057251,0.5600569248199463,0.458720326423645,1.0,0.9766541719436646,0.9633095264434814,0.23666442930698395,0.31635528802871704,1.0,0.027000000700354576,0.006000000052154064,0.021000001579523087,0.826,0.7441646400433187,1.580056387868189,0.31075685227926636,0.33416945922823105,1.2054985710208355,0.7866507204373874,0.42351235435417806,0.09165145891691864,0.13470612466335297,0.015293499454855919,172.61166049319786,0.6905801296234131,0.5062511563301086,0.8453540205955505,0.03586330637335777,0.3178001344203949,0.4154603183269501,0.5357195138931274,0.5390663743019104,0.9633095264434814,0.9789999984204769,0.586255750594995
pacing,3,action_space,-1.0,2.0999999046325684,0.0,0.5,0.0,0.11999999731779099,-1.0,0.3400000035762787,1.0,0.03999999910593033,push_lateral_pace_recovery,push_lateral,1.5,pacing,1000,0.6567904949188232,0.6567904949188232,1.340638518333435,0.2981606721878052,0.25337451696395874,0.26922735571861267,1.478297472000122,0.25337451696395874,0.09866733103990555,0.20925278961658478,0.11357665807008743,0.8962184190750122,1.5742456912994385,0.5708356499671936,0.5870093107223511,0.26922735571861267,0.1959497034549713,0.0030388273298740387,0.005153287667781115,0.43524855375289917,0.05138867348432541,226.6103515625,162.48635864257812,35.384117126464844,71.83152770996094,225.25970458984375,0.08320656418800354,0.12416666746139526,0.5826083421707153,1.8954846858978271,0.8320000171661377,0.026812758296728134,0.029999924823641777,2.1158523559570312,0.5,0.11999969929456711,0.34158486127853394,0.03841434419155121,0.7031084299087524,0.6228269338607788,0.8720201253890991,0.45709359645843506,0.3296881318092346,0.762779712677002,0.2154744565486908,0.6051902770996094,0.5567435026168823,0.46179425716400146,1.0,0.9766541719436646,0.9594748020172119,0.12191091477870941,0.210282564163208,1.0,0.026000000536441803,0.007000000216066837,0.01900000125169754,0.832,0.7002503321721003,1.5093795764147158,0.31411356392219925,0.3370113619302581,1.2546894800305926,0.7661653285827746,0.4426620646215026,0.09051030326794378,0.13406379148364067,0.015935832634568214,169.0316580223297,0.7007534503936768,0.48440513014793396,0.848875880241394,0.031693484634160995,0.35780271887779236,0.4187433421611786,0.5657762289047241,0.5374963283538818,0.9594748020172119,0.9809999987483025,0.5852622617131625
pacing,3,action_space,-1.0,2.0999999046325684,0.0,0.5,0.0,0.11999999731779099,0.0,0.3799999952316284,-1.0,-0.03999999910593033,push_lateral_pace_recovery,push_lateral,1.5,pacing,1000,0.6684111952781677,0.6684111952781677,1.316755771636963,0.33310914039611816,0.2588886320590973,0.27808311581611633,1.2940542697906494,0.2588886320590973,0.1024378314614296,0.246241956949234,0.12702211737632751,0.9232300519943237,1.5587284564971924,0.5570062398910522,0.562914252281189,0.27808311581611633,0.20522025227546692,0.005283806007355452,0.005540145095437765,0.45580583810806274,0.06216290593147278,241.0455322265625,173.3363037109375,35.151817321777344,71.93290710449219,175.00498962402344,0.08659371733665466,0.13649997115135193,0.6444070339202881,2.2678844928741455,0.8380000591278076,0.026335127651691437,0.029999924823641777,2.115647792816162,0.5,0.11999969929456711,0.3800007998943329,-0.03843484818935394,0.6823152303695679,0.6136445999145508,0.8268811106681824,0.47711509466171265,0.3299581706523895,0.7566181421279907,0.23656506836414337,0.49767738580703735,0.5484895706176758,0.4507458806037903,1.0,0.9775189161300659,0.9646244049072266,0.23552459478378296,0.3133527636528015,1.0,0.026000000536441803,0.006000000052154064,0.020000001415610313,0.838,0.7689820792623807,1.645085353475397,0.32005910619982303,0.3564016237004645,1.2484904711279108,0.7502761173602616,0.45301241955984706,0.10403821943301998,0.13167563825845718,0.0183239858597517,183.06016758665868,0.6415637135505676,0.4614866375923157,0.8053494095802307,0.03533748909831047,0.2884429097175598,0.4018760025501251,0.5083544254302979,0.5053520798683167,0.9646244049072266,0.9799999985843897,0.5657918631839447
pacing,3,action_space,-1.0,2.0999999046325684,0.0,0.5,0.0,0.11999999731779099,0.0,0.3799999952316284,0.0,0.0,push_lateral_pace_recovery,push_lateral,1.5,pacing,1000,0.7092039585113525,0.7092039585113525,1.3139393329620361,0.3248392939567566,0.2579004168510437,0.26404258608818054,1.2915005683898926,0.2579004168510437,0.1013660728931427,0.22414341568946838,0.1148148775100708,0.8881350755691528,1.4241492748260498,0.5778828263282776,0.5797380208969116,0.26404258608818054,0.16790880262851715,0.004039640538394451,0.005128928925842047,0.44647467136383057,0.054976191371679306,234.66111755371094,167.9594268798828,35.05195617675781,71.92984008789062,384.0648193359375,0.08719849586486816,0.12983334064483643,0.5744208693504333,1.8834518194198608,0.8290000557899475,0.026278790086507797,0.029999924823641777,2.1165761947631836,0.5,0.11999969929456711,0.3800007998943329,0.0,0.6915931105613708,0.6196749210357666,0.8553429841995239,0.4532155692577362,0.33530476689338684,0.7630801200866699,0.2372187077999115,0.5514535307884216,0.5527420043945312,0.45430654287338257,1.0,0.9757895469665527,0.9669557213783264,0.47977250814437866,0.535401463508606,1.0,0.02800000086426735,0.005000000353902578,0.023000001907348633,0.829,0.6929081271439611,1.5073009534401405,0.31838039024591747,0.33884344100199254,1.193377255869262,0.7614052934521217,0.40976676613473323,0.09575264729623144,0.131393950432539,0.0186056736856699,178.59357100202666,0.6556801199913025,0.49798524379730225,0.8324589133262634,0.03619544953107834,0.3330296277999878,0.4094463586807251,0.5666638016700745,0.5224809646606445,0.9669557213783264,0.9769999980926514,0.5767365254652806
pacing,3,action_space,-1.0,2.0999999046325684,0.0,0.5,0.0,0.11999999731779099,0.0,0.3799999952316284,1.0,0.03999999910593033,push_lateral_pace_recovery,push_lateral,1.5,pacing,1000,0.6756093502044678,0.6756093502044678,1.3543853759765625,0.2795410752296448,0.2555723786354065,0.25058096647262573,1.4072705507278442,0.2555723786354065,0.09859731793403625,0.21098527312278748,0.11133163422346115,0.9154772758483887,1.5413850545883179,0.5674736499786377,0.5553856492042542,0.25058096647262573,0.13577239215373993,0.003103649942204356,0.004915887489914894,0.4389815926551819,0.061190858483314514,234.05300903320312,170.43930053710938,34.85417938232422,71.44569396972656,263.77899169921875,0.08539444208145142,0.14233332872390747,0.5861916542053223,1.915475845336914,0.8370000123977661,0.027087712660431862,0.029999924823641777,2.115595817565918,0.5,0.11999969929456711,0.3800007998943329,0.03844000771641731,0.7141320705413818,0.6354160308837891,0.8692892789840698,0.4433046579360962,0.3247446119785309,0.7736513614654541,0.21619722247123718,0.5931532382965088,0.5511442422866821,0.4602886736392975,1.0,0.9775188565254211,0.9646570682525635,0.23542910814285278,0.31258487701416016,1.0,0.026000000536441803,0.004000000189989805,0.02199999988079071,0.837,0.7003483743792936,1.5127794251316689,0.3140020986140638,0.33366395403678406,1.2415252935757362,0.7452420071387912,0.3684730548544085,0.08955187006489172,0.1354385633021593,0.014561060816049576,172.81123466387265,0.7315623164176941,0.5337070226669312,0.851810872554779,0.03407412767410278,0.2941053807735443,0.4156286120414734,0.5643247365951538,0.49082547426223755,0.9646570682525635,0.9780000001192093,0.5968907590095813
pacing,3,action_space,-1.0,2.0999999046325684,0.0,0.5,0.0,0.11999999731779099,1.0,0.3799999952316284,-1.0,-0.03999999910593033,push_lateral_pace_recovery,push_lateral,1.5,pacing,1000,0.6493632793426514,0.6493632793426514,1.344181776046753,0.3262568712234497,0.2644718885421753,0.27159398794174194,1.374380350112915,0.2644718885421753,0.1088772788643837,0.24511250853538513,0.12750893831253052,0.9691656231880188,1.9083423614501953,0.5606689453125,0.5963782072067261,0.27159398794174194,0.2179071009159088,0.005322892218828201,0.006676886696368456,0.45195722579956055,0.060471683740615845,246.97552490234375,180.36746215820312,34.35987091064453,71.252685546875,176.56541442871094,0.08749859035015106,0.14141666889190674,0.6185458898544312,2.1739091873168945,0.8290000557899475,0.026883646845817566,0.029999924823641777,2.1161961555480957,0.5,0.11999969929456711,0.3800007998943329,-0.0383799783885479,0.6748843789100647,0.62873375415802,0.8322641849517822,0.4762740433216095,0.33149391412734985,0.7659049034118652,0.2162065953016281,0.5017891526222229,0.5524371266365051,0.4522811770439148,1.0,0.9766541719436646,0.9589518308639526,0.12247846275568008,0.2137942612171173,1.0,0.027000000700354576,0.005000000353902578,0.02199999988079071,0.829,0.7461349800211098,1.619360094800253,0.3299655722410805,0.35708393734881233,1.3814276533536585,0.7722552733434237,0.46680520660754077,0.10954350238693601,0.13441823422908783,0.015581389889121056,183.7367008714404,0.6532638669013977,0.4782446026802063,0.7866313457489014,0.02866937220096588,0.2983662188053131,0.4049812853336334,0.5191399455070496,0.4930802583694458,0.9589518308639526,0.9780000001192093,0.5649074839475827
pacing,3,action_space,-1.0,2.0999999046325684,0.0,0.5,0.0,0.11999999731779099,1.0,0.3799999952316284,0.0,0.0,push_lateral_pace_recovery,push_lateral,1.5,pacing,1000,0.6734747886657715,0.6734747886657715,1.3641496896743774,0.2951161861419678,0.2572234570980072,0.2647218108177185,1.3652949333190918,0.2572234570980072,0.10143741965293884,0.22395415604114532,0.1084996908903122,0.8872880339622498,1.4389033317565918,0.5697042942047119,0.6267145872116089,0.2647218108177185,0.15361163020133972,0.003714560531079769,0.0048116957768797874,0.4478864073753357,0.05223870277404785,240.590576171875,174.19656372070312,35.17803192138672,72.29331970214844,195.48287963867188,0.08635787665843964,0.1274166703224182,0.6136401891708374,2.114436626434326,0.8380000591278076,0.027282988652586937,0.029999924823641777,2.1155972480773926,0.5,0.11999969929456711,0.3800007998943329,0.0,0.7043277025222778,0.6116819381713867,0.8618694543838501,0.466380774974823,0.3376602530479431,0.7535016536712646,0.2276151031255722,0.5328960418701172,0.5580767393112183,0.45533978939056396,1.0,0.9775189161300659,0.9646570682525635,0.23543108999729156,0.3125982880592346,1.0,0.026000000536441803,0.006000000052154064,0.020000001415610313,0.838,0.7322674662514916,1.5884564652673119,0.3184924169473095,0.329392912629146,1.199542967865925,0.7916530725081593,0.391933196095125,0.09233772960149907,0.13641494326293468,0.0135846808552742,176.36669787265353,0.705834686756134,0.49619990587234497,0.84322190284729,0.03357265144586563,0.3517712950706482,0.40829193592071533,0.5321667194366455,0.5288326144218445,0.9646570682525635,0.9799999985843897,0.5865748926806144
pacing,3,action_space,-1.0,2.0999999046325684,0.0,0.5,0.0,0.11999999731779099,1.0,0.3799999952316284,1.0,0.03999999910593033,push_lateral_pace_recovery,push_lateral,1.5,pacing,1000,0.6556886434555054,0.6556886434555054,1.3449678421020508,0.3008155822753906,0.2614554762840271,0.2656785845756531,1.3841484785079956,0.2614554762840271,0.10462076216936111,0.20591312646865845,0.10179344564676285,0.9032645225524902,1.5290038585662842,0.5802561044692993,0.5983408093452454,0.2656785845756531,0.1721155196428299,0.0034826546907424927,0.00588499428704381,0.43996739387512207,0.05900704115629196,233.65142822265625,167.2266845703125,35.03057861328125,71.39383697509766,216.2261505126953,0.08487643301486969,0.13199999928474426,0.5803864002227783,1.9290175437927246,0.8370000123977661,0.02689935639500618,0.029999924823641777,2.115623712539673,0.5,0.11999969929456711,0.3800007998943329,0.038437217473983765,0.6995831727981567,0.6227167248725891,0.8609511852264404,0.4495806097984314,0.33127230405807495,0.7618719935417175,0.21996712684631348,0.5897266864776611,0.5533842444419861,0.4573875665664673,1.0,0.9775188565254211,0.9604684114456177,0.12133337557315826,0.20948705077171326,1.0,0.026000000536441803,0.006000000052154064,0.020000001415610313,0.837,0.6934126075735514,1.5181173234854533,0.32345132890337785,0.3190508511926631,1.2365289558139285,0.773524924837749,0.41486807498628997,0.09678661569548913,0.1344967819750309,0.015502842143177986,173.72268756811488,0.6963101625442505,0.4936882257461548,0.8291510343551636,0.03091345727443695,0.307235449552536,0.4148099720478058,0.5620468854904175,0.5168513655662537,0.9604684114456177,0.9799999985843897,0.5820695617451118
pacing,3,action_space,-1.0,2.0999999046325684,0.0,0.5,1.0,0.11999999731779099,-1.0,0.3400000035762787,-1.0,-0.03999999910593033,push_lateral_pace_recovery,push_lateral,1.5,pacing,1000,0.6401337385177612,0.6401337385177612,1.3503668308258057,0.3108968138694763,0.26082998514175415,0.2660521864891052,1.372971773147583,0.26082998514175415,0.10350671410560608,0.23324932157993317,0.11417786031961441,0.9209849834442139,1.5542404651641846,0.5449676513671875,0.5238171815872192,0.2660521864891052,0.15585842728614807,0.005118189379572868,0.005995811894536018,0.4463675022125244,0.05772799253463745,233.5967254638672,167.7462158203125,35.62213897705078,72.86482238769531,212.31155395507812,0.08538918197154999,0.1302500069141388,0.5803358554840088,1.9019896984100342,0.8450000286102295,0.027007337659597397,0.029999924823641777,2.115595817565918,0.5,0.11999969929456711,0.34155920147895813,-0.038440003991127014,0.6918896436691284,0.6099103689193726,0.824890673160553,0.4753628671169281,0.32307499647140503,0.7554423809051514,0.21447068452835083,0.5150848627090454,0.5542914271354675,0.4515266418457031,1.0,0.9775188565254211,0.9566478729248047,0.06656083464622498,0.15935328602790833,1.0,0.027000000700354576,0.009000000543892384,0.018000001087784767,0.845,0.686787947254068,1.50029168838609,0.3217245935666188,0.3379021460713359,1.2466918084130434,0.7237521548066156,0.3947890921569998,0.10542296369439101,0.13503668829798698,0.014962935820221901,172.98760613144879,0.6793442368507385,0.4927084445953369,0.8006911277770996,0.03196524828672409,0.3151962459087372,0.40953415632247925,0.5696581602096558,0.5213935971260071,0.9566478729248047,0.9819999989122152,0.5753174419395435
pacing,3,action_space,-1.0,2.0999999046325684,0.0,0.5,1.0,0.11999999731779099,-1.0,0.3400000035762787,0.0,0.0,push_lateral_pace_recovery,push_lateral,1.5,pacing,1000,0.6455439329147339,0.6455439329147339,1.3155043125152588,0.339019238948822,0.27372366189956665,0.30356156826019287,1.4069688320159912,0.27372366189956665,0.12530967593193054,0.2196331024169922,0.11147341132164001,1.0699251890182495,3.3496851921081543,0.5946000218391418,0.7259484529495239,0.30356156826019287,0.3049490451812744,0.0097829420119524,0.013777971267700195,0.4628564417362213,0.08843795955181122,258.5909423828125,188.54373168945312,35.23661804199219,72.81639099121094,253.5876007080078,0.088081955909729,0.13499999046325684,0.651425838470459,2.1100330352783203,0.8440000414848328,0.02631007507443428,0.029999924823641777,2.115623712539673,0.5,0.11999969929456711,0.34156209230422974,0.0,0.6737659573554993,0.6053959131240845,0.8313804864883423,0.4577167332172394,0.31942984461784363,0.7463448643684387,0.20926909148693085,0.566182017326355,0.5545710325241089,0.4484250545501709,1.0,0.9775188565254211,0.9604684710502625,0.12133337557315826,0.2094869613647461,0.9998000264167786,0.026000000536441803,0.003000000026077032,0.023000001907348633,0.844,0.7718314943720379,1.581151087550842,0.353991067587772,0.333876341362547,1.8302145207893403,0.8520260870123191,0.5522219166071503,0.1534956458003047,0.1315503753721714,0.018449248746037483,196.57171772275208,0.6314502358436584,0.39792320132255554,0.624241292476654,0.019977223128080368,0.17054446041584015,0.39624884724617004,0.5352562069892883,0.5091564655303955,0.9604684710502625,0.9769999980926514,0.5231701481418731
pacing,3,action_space,-1.0,2.0999999046325684,0.0,0.5,1.0,0.11999999731779099,-1.0,0.3400000035762787,1.0,0.03999999910593033,push_lateral_pace_recovery,push_lateral,1.5,pacing,1000,0.6418417692184448,0.6418417692184448,1.3069775104522705,0.3322463631629944,0.26720958948135376,0.3068549335002899,1.3769326210021973,0.26720958948135376,0.1137775108218193,0.22236284613609314,0.11968158185482025,0.9734141826629639,2.0172979831695557,0.5835899114608765,0.5874161720275879,0.3068549335002899,0.29885220527648926,0.004939064383506775,0.011870210990309715,0.4549936056137085,0.061486128717660904,244.0484619140625,177.25439453125,35.089080810546875,71.6622314453125,556.8169555664062,0.08573062717914581,0.1301666498184204,0.5846967697143555,1.975663661956787,0.8310000896453857,0.026139549911022186,0.029999924823641777,2.1160659790039062,0.5,0.11999969929456711,0.3416062593460083,0.03839297592639923,0.6758437156677246,0.5965780019760132,0.8523204922676086,0.436238169670105,0.3206322491168976,0.7409720420837402,0.22105541825294495,0.5720340013504028,0.5537813305854797,0.45408493280410767,1.0,0.9766541719436646,0.9550817012786865,0.06744732707738876,0.16223065555095673,0.9998000264167786,0.02800000086426735,0.007000000216066837,0.021000001579523087,0.831,0.7036061568093788,1.5418992048459694,0.33730922137086516,0.3459502592206288,1.4203161560615847,0.7664308005473083,0.5466737649425746,0.12965058956216316,0.13069774955511093,0.019301874563097954,186.72736138329665,0.6430385708808899,0.3900035321712494,0.714490532875061,0.025926679372787476,0.2923736572265625,0.40252935886383057,0.551913857460022,0.5216109752655029,0.9550817012786865,0.9789999984204769,0.5402505739759176
pacing,3,action_space,-1.0,2.0999999046325684,0.0,0.5,1.0,0.11999999731779099,0.0,0.3799999952316284,-1.0,-0.03999999910593033,push_lateral_pace_recovery,push_lateral,1.5,pacing,1000,0.6433441638946533,0.6433441638946533,1.3173068761825562,0.32872357964515686,0.269043505191803,0.2900599241256714,1.4595884084701538,0.269043505191803,0.11532231420278549,0.24400709569454193,0.1213749498128891,0.9766933917999268,2.019503593444824,0.5711437463760376,0.653260350227356,0.2900599241256714,0.24004784226417542,0.006657196208834648,0.00819232314825058,0.46177566051483154,0.08042662590742111,249.4148712158203,182.7706298828125,34.64397430419922,71.29285430908203,413.20391845703125,0.08775510638952255,0.14924998581409454,0.5952903032302856,2.0381503105163574,0.8320000171661377,0.02634613588452339,0.029999924823641777,2.1149983406066895,0.5,0.11999969929456711,0.3800007998943329,-0.03849977254867554,0.6875129342079163,0.6084582805633545,0.8209501504898071,0.47741538286209106,0.3156381845474243,0.7483304738998413,0.19624799489974976,0.4901466369628906,0.5511910319328308,0.45100143551826477,1.0,0.9783835411071777,0.9619923830032349,0.1201283186674118,0.20469436049461365,1.0,0.02500000037252903,0.004999999888241291,0.020000001415610313,0.832,0.7154931288499099,1.5651516524904927,0.33959139300457175,0.34838907820551596,1.4210923944081977,0.808245229016142,0.4899467749298646,0.12185860395181469,0.13173067942261696,0.018268944695591927,189.33695384526004,0.6490556597709656,0.4311291575431824,0.7430511713027954,0.023143654689192772,0.20018115639686584,0.3971062898635864,0.5420348644256592,0.47414129972457886,0.9619923830032349,0.9799999985843897,0.550254117219876
pacing,3,action_space,-1.0,2.0999999046325684,0.0,0.5,1.0,0.11999999731779099,0.0,0.3799999952316284,0.0,0.0,push_lateral_pace_recovery,push_lateral,1.5,pacing,1000,0.6724037528038025,0.6724037528038025,1.3403398990631104,0.29786252975463867,0.2600819766521454,0.26923036575317383,1.4478394985198975,0.2600819766521454,0.10000672936439514,0.21798183023929596,0.11124329268932343,0.8674561977386475,1.409595251083374,0.5421385169029236,0.508631706237793,0.26923036575317383,0.18790054321289062,0.003221190068870783,0.004934373311698437,0.44437265396118164,0.06226057931780815,237.01480102539062,170.41476440429688,35.53173828125,72.20205688476562,411.1666564941406,0.08568709343671799,0.13425001502037048,0.634066104888916,2.1239795684814453,0.8360000848770142,0.026806794106960297,0.029999924823641777,2.1156272888183594,0.5,0.11999969929456711,0.3800007998943329,0.0,0.7042192220687866,0.6278431415557861,0.8661401271820068,0.4711644649505615,0.33955368399620056,0.7662479281425476,0.21031327545642853,0.5623435974121094,0.5546116232872009,0.45576348900794983,1.0,0.9775188565254211,0.9646545648574829,0.23548051714897156,0.3129608929157257,1.0,0.026000000536441803,0.003000000026077032,0.023000001907348633,0.836,0.7584522010036633,1.5939401888349305,0.3162384058971888,0.3335315467678034,1.1872637664324528,0.7131842021790674,0.4334749626136331,0.09030815788492876,0.13403397053480148,0.015965653583407402,176.83186271710824,0.701251745223999,0.484397292137146,0.8494966626167297,0.031810011714696884,0.28787997364997864,0.4111713171005249,0.5298500061035156,0.5110692977905273,0.9646545648574829,0.9769999980926514,0.5841528167709327
pacing,3,action_space,-1.0,2.0999999046325684,0.0,0.5,1.0,0.11999999731779099,0.0,0.3799999952316284,1.0,0.03999999910593033,push_lateral_pace_recovery,push_lateral,1.5,pacing,1000,0.654743492603302,0.654743492603302,1.3372697830200195,0.2936340272426605,0.26404672861099243,0.26151254773139954,1.4791865348815918,0.26404672861099243,0.10553370416164398,0.1997447907924652,0.09853561222553253,0.8694750666618347,1.3584017753601074,0.5523936748504639,0.5103400349617004,0.26151254773139954,0.17620721459388733,0.0035281789023429155,0.004871943034231663,0.43836840987205505,0.05350367724895477,230.18826293945312,166.53025817871094,34.99156188964844,71.39202880859375,206.0713348388672,0.08588322252035141,0.12591665983200073,0.5861648321151733,2.04384183883667,0.831000030040741,0.026745401322841644,0.029999924823641777,2.115236282348633,0.5,0.11999969929456711,0.3800007998943329,0.038475945591926575,0.7113437056541443,0.6245040893554688,0.8661683797836304,0.45537781715393066,0.32888883352279663,0.7644670009613037,0.20391082763671875,0.6054720282554626,0.5492184162139893,0.45534616708755493,1.0,0.9775189161300659,0.9609963893890381,0.12071678042411804,0.20559059083461761,1.0,0.026000000536441803,0.004999999888241291,0.021000001579523087,0.831,0.7053728711877633,1.5682782747784265,0.3248595145007207,0.3139038263951756,1.1655049443739427,0.7143808752771175,0.4197704308236674,0.09165217911525388,0.13372700661420822,0.016272617504000664,172.13300252669143,0.7083026766777039,0.5046510100364685,0.8453517556190491,0.027602175250649452,0.34298327565193176,0.4161386489868164,0.5407088994979858,0.5328137874603271,0.9609963893890381,0.9789999984204769,0.5869118639100822
pacing,3,action_space,-1.0,2.0999999046325684,0.0,0.5,1.0,0.11999999731779099,1.0,0.3799999952316284,-1.0,-0.03999999910593033,push_lateral_pace_recovery,push_lateral,1.5,pacing,1000,0.6367607116699219,0.6367607116699219,1.3579201698303223,0.3162451684474945,0.25977951288223267,0.24283146858215332,1.5879634618759155,0.25977951288223267,0.10109978914260864,0.23636236786842346,0.11711812764406204,0.9142657518386841,1.5890122652053833,0.5579681396484375,0.6122378706932068,0.24283146858215332,0.13676372170448303,0.005672885105013847,0.005211233161389828,0.4510868787765503,0.057444289326667786,236.93138122558594,170.0478057861328,35.19513702392578,72.20367431640625,173.00851440429688,0.08960902690887451,0.12166664749383926,0.6666181087493896,2.3248345851898193,0.8370000123977661,0.02715839259326458,0.029999924823641777,2.115673542022705,0.5,0.11999969929456711,0.3800007998943329,-0.038432247936725616,0.6890923380851746,0.6349332332611084,0.8266971111297607,0.4876723289489746,0.32575997710227966,0.7759910225868225,0.18267503380775452,0.5113742351531982,0.5601440668106079,0.44919729232788086,1.0,0.9775188565254211,0.9566107988357544,0.06661869585514069,0.16013438999652863,1.0,0.026000000536441803,0.007000000216066837,0.01900000125169754,0.837,0.7964373261555406,1.666607336813614,0.31796193033539194,0.3422252586295495,1.26056029812357,0.7824563059322909,0.36981579428748446,0.10432697765393031,0.1357919629663229,0.014207661151885986,174.48108253314442,0.6702905297279358,0.5545095801353455,0.8043808937072754,0.027052951976656914,0.3169897794723511,0.4056868255138397,0.49937647581100464,0.5442572832107544,0.9566107988357544,0.9809999987483025,0.5806354218377517
pacing,3,action_space,-1.0,2.0999999046325684,0.0,0.5,1.0,0.11999999731779099,1.0,0.3799999952316284,0.0,0.0,push_lateral_pace_recovery,push_lateral,1.5,pacing,1000,0.6612464189529419,0.6612464189529419,1.3729846477508545,0.2776574194431305,0.25430750846862793,0.23228612542152405,1.4240078926086426,0.25430750846862793,0.0971391573548317,0.21180088818073273,0.10146322101354599,0.8921749591827393,1.3879328966140747,0.5312063694000244,0.47341302037239075,0.23228612542152405,0.12740901112556458,0.003177076578140259,0.004843336530029774,0.44651487469673157,0.0535658597946167,238.1776123046875,172.01873779296875,35.18040466308594,72.39205932617188,176.41673278808594,0.08634909987449646,0.13125000894069672,0.5693397521972656,1.9071755409240723,0.8440000414848328,0.027459684759378433,0.029999924823641777,2.114999294281006,0.5,0.11999969929456711,0.3800007998943329,0.0,0.7165664434432983,0.6616430282592773,0.8692382574081421,0.47537267208099365,0.3277844190597534,0.7954632043838501,0.2171584665775299,0.5683164596557617,0.5555161237716675,0.455951452255249,1.0,0.9783835411071777,0.9619922637939453,0.12012949585914612,0.20470291376113892,1.0,0.02500000037252903,0.006000000052154064,0.01900000125169754,0.844,0.6745731299522364,1.503225417341944,0.311671553650364,0.3185329198270502,1.1781056389874698,0.6880501583259688,0.35694398877914246,0.08955675914284769,0.13729842379689217,0.012701200321316719,173.47434488423198,0.7346400618553162,0.5829998254776001,0.8517959713935852,0.03450017049908638,0.34255701303482056,0.4094134569168091,0.5684046745300293,0.5187931060791016,0.9619922637939453,0.9809999987483025,0.6043604419399531
pacing,3,action_space,-1.0,2.0999999046325684,0.0,0.5,1.0,0.11999999731779099,1.0,0.3799999952316284,1.0,0.03999999910593033,push_lateral_pace_recovery,push_lateral,1.5,pacing,1000,0.6542272567749023,0.6542272567749023,1.3565316200256348,0.2937318682670593,0.2526622414588928,0.24301546812057495,1.310764193534851,0.2526622414588928,0.09589073061943054,0.20709481835365295,0.10445979982614517,0.9247161149978638,1.6325132846832275,0.5682673454284668,0.5898064374923706,0.24301546812057495,0.1303233802318573,0.0032598678953945637,0.004298876971006393,0.4400225281715393,0.049363844096660614,234.11952209472656,169.11114501953125,34.88250732421875,71.12076568603516,181.76165771484375,0.0844360738992691,0.13441666960716248,0.6096475124359131,2.1322617530822754,0.8360000252723694,0.027130629867315292,0.029999924823641777,2.1158385276794434,0.5,0.11999969929456711,0.3800007998943329,0.03841579705476761,0.7123143076896667,0.6388000249862671,0.874517560005188,0.45165959000587463,0.3353714346885681,0.7759742736816406,0.23236602544784546,0.592253565788269,0.5552887320518494,0.45783817768096924,1.0,0.9766541719436646,0.9556506872177124,0.0671207532286644,0.16032171249389648,1.0,0.02800000086426735,0.004000000189989805,0.024000000208616257,0.836,0.7292433743271531,1.597044863225671,0.3096622847868796,0.3232024130883697,1.2776984326057645,0.7679885659906471,0.36100329670497094,0.08694104247362668,0.13565314933657646,0.014346474781632423,172.58685211503018,0.7081398963928223,0.5540140867233276,0.8596973419189453,0.0396137572824955,0.37258991599082947,0.4147642254829407,0.5285392999649048,0.5106436014175415,0.9556506872177124,0.9759999997913837,0.5976781466832527
pacing,3,action_space,0.0,2.5,0.0,0.5,-1.0,0.08999999612569809,-1.0,0.3400000035762787,-1.0,-0.03999999910593033,push_lateral_pace_recovery,push_lateral,1.5,pacing,1000,0.6679563522338867,0.6679563522338867,1.3261566162109375,0.2806249260902405,0.2235587239265442,0.21902090311050415,1.5356807708740234,0.2235587239265442,0.07444922626018524,0.19397518038749695,0.09676758944988251,0.9351431131362915,1.4670798778533936,0.4547879695892334,0.47139668464660645,0.21902090311050415,0.13055634498596191,0.004637566395103931,0.0035923440009355545,0.42063212394714355,0.05823763459920883,226.29977416992188,163.755859375,34.87285232543945,70.03884887695312,175.1753692626953,0.06902163475751877,0.16050001978874207,0.7172972559928894,1.9998817443847656,0.9760000705718994,0.026523146778345108,0.029999924823641777,2.5,0.5,0.09116367995738983,0.3415508270263672,-0.03844840079545975,0.7416490316390991,0.7027385830879211,0.8625554442405701,0.6045935153961182,0.321920245885849,0.8165298700332642,0.2281787395477295,0.6297300457954407,0.5603294372558594,0.47611987590789795,0.6395463347434998,0.9775189161300659,0.9605000019073486,0.12120243161916733,0.20822373032569885,1.0,0.026000000536441803,0.004000000189989805,0.02199999988079071,0.976,0.7349356979620262,1.43145350363211,0.27285385513161664,0.3110748936347685,1.2112307285787434,0.6865833413698634,0.36132581555427495,0.09071885358644853,0.13261573389172554,0.017383890226483345,170.6433247805226,0.7297878265380859,0.6189680695533752,0.8482344746589661,0.04857407510280609,0.3119997978210449,0.43116506934165955,0.5991371273994446,0.44820699095726013,0.9605000019073486,0.9780000001192093,0.6112911903705353
pacing,3,action_space,0.0,2.5,0.0,0.5,-1.0,0.08999999612569809,-1.0,0.3400000035762787,0.0,0.0,push_lateral_pace_recovery,push_lateral,1.5,pacing,1000,0.6965884566307068,0.6965884566307068,1.3468594551086426,0.25911498069763184,0.2190859615802765,0.21711106598377228,1.2770497798919678,0.2190859615802765,0.07448390871286392,0.17696312069892883,0.09328477084636688,0.8281732797622681,1.1124197244644165,0.4191179871559143,0.3760363459587097,0.21711106598377228,0.12950320541858673,0.002455578651279211,0.0036046630702912807,0.40577971935272217,0.05023472011089325,211.26229858398438,152.17738342285156,35.21398162841797,70.43060302734375,210.14146423339844,0.06892503798007965,0.13341666758060455,0.5017967224121094,1.3139197826385498,0.9810000658035278,0.02693718485534191,0.029999924823641777,2.5,0.5,0.09116983413696289,0.3415590524673462,0.0,0.7437796592712402,0.6987547278404236,0.9009655117988586,0.6014320850372314,0.3322853446006775,0.8144112825393677,0.26739174127578735,0.6793744564056396,0.5616081953048706,0.4796910285949707,0.63962322473526,0.9775189161300659,0.9646570682525635,0.23542635142803192,0.31256604194641113,1.0,0.026000000536441803,0.007000000216066837,0.01900000125169754,0.981,0.5115154861310206,1.1573105302112277,0.272917402729954,0.3054255569633407,1.0547131005465025,0.6132180248155705,0.3598655379702073,0.07784755437115859,0.13468592427670956,0.015313699841499329,156.85548910293923,0.7644777894020081,0.6241452693939209,0.8858524560928345,0.06286737322807312,0.3661564886569977,0.44416487216949463,0.715451180934906,0.5132032632827759,0.9646570682525635,0.9809999987483025,0.6284581472476324
pacing,3,action_space,0.0,2.5,0.0,0.5,-1.0,0.08999999612569809,-1.0,0.3400000035762787,1.0,0.03999999910593033,push_lateral_pace_recovery,push_lateral,1.5,pacing,1000,0.6861125230789185,0.6861125230789185,1.3431142568588257,0.26345065236091614,0.21868181228637695,0.19047001004219055,1.3003965616226196,0.21868181228637695,0.07335253059864044,0.16565221548080444,0.09788653999567032,0.7921696305274963,1.037018060684204,0.41320914030075073,0.3771662414073944,0.19047001004219055,0.09849418699741364,0.0021101045422255993,0.00326205650344491,0.39920705556869507,0.04567122831940651,209.88092041015625,151.91285705566406,35.086402893066406,70.00920104980469,402.2132873535156,0.06814482808113098,0.14391668140888214,0.6070916652679443,1.658449649810791,0.9769999980926514,0.026862280443310738,0.029999924823641777,2.5,0.5,0.09117001295089722,0.34155938029289246,0.03843991458415985,0.7489104270935059,0.7305186986923218,0.9163538217544556,0.6103137731552124,0.33502596616744995,0.8370956182479858,0.2742346525192261,0.7300453782081604,0.5756356120109558,0.48158201575279236,0.639625608921051,0.9775188565254211,0.960472047328949,0.12130282819271088,0.20924051105976105,1.0,0.026000000536441803,0.007000000216066837,0.01900000125169754,0.977,0.621383495194153,1.3028783130551425,0.2708367231352507,0.31286824702367977,1.0183408371877287,0.6141386174206882,0.3138378355097002,0.07329502742799479,0.1343114022165537,0.015688221901655197,156.26438282399735,0.7575808763504028,0.6957337260246277,0.8981274962425232,0.06282217055559158,0.40114811062812805,0.45004212856292725,0.6541798710823059,0.48695507645606995,0.960472047328949,0.9809999987483025,0.6385895946086982
pacing,3,action_space,0.0,2.5,0.0,0.5,-1.0,0.08999999612569809,0.0,0.3799999952316284,-1.0,-0.03999999910593033,push_lateral_pace_recovery,push_lateral,1.5,pacing,1000,0.6874861717224121,0.6874861717224121,1.329329252243042,0.2796838879585266,0.22588498890399933,0.21979379653930664,1.375443458557129,0.22588498890399933,0.0784190446138382,0.19348452985286713,0.09552136808633804,0.9508903622627258,1.5707043409347534,0.4316093921661377,0.46516865491867065,0.21979379653930664,0.13560140132904053,0.004330949857831001,0.003793118055909872,0.42806434631347656,0.05426144599914551,224.74130249023438,160.4566192626953,35.389976501464844,70.35739135742188,300.2196960449219,0.07104341685771942,0.1470000147819519,0.6786413192749023,1.9143476486206055,0.9780000448226929,0.02658659778535366,0.029999924823641777,2.5,0.5,0.09117013216018677,0.3800007998943329,-0.0384397879242897,0.7375925779342651,0.7033002376556396,0.8617279529571533,0.6103294491767883,0.31676405668258667,0.8193343877792358,0.2456274926662445,0.6200671195983887,0.561477780342102,0.47246497869491577,0.6396269798278809,0.9775189161300659,0.9646569490432739,0.2354327142238617,0.3126094937324524,1.0,0.026000000536441803,0.004999999888241291,0.021000001579523087,0.978,0.6939071936110046,1.3990748521182228,0.2800340061739613,0.3090653136253534,1.2532774397294293,0.6820327374244367,0.3682409555291759,0.0901336114540013,0.1329329889267683,0.017066635191440582,169.06368539699056,0.7313286662101746,0.6168723702430725,0.8500319123268127,0.05266394093632698,0.33782443404197693,0.4248034358024597,0.6130231022834778,0.47950541973114014,0.9646569490432739,0.9789999984204769,0.612616261610618
pacing,3,action_space,0.0,2.5,0.0,0.5,-1.0,0.08999999612569809,0.0,0.3799999952316284,0.0,0.0,push_lateral_pace_recovery,push_lateral,1.5,pacing,1000,0.7333269715309143,0.7333269715309143,1.3388128280639648,0.2678348422050476,0.22882822155952454,0.20536944270133972,1.2011983394622803,0.22882822155952454,0.08046762645244598,0.178561270236969,0.09305570274591446,0.9435741305351257,1.527560830116272,0.4789084196090698,0.5272083282470703,0.20536944270133972,0.1072283685207367,0.002662213519215584,0.0034819068387150764,0.4334006607532501,0.04874584823846817,233.61996459960938,168.94940185546875,35.16115188598633,70.14857482910156,181.1484832763672,0.07041041553020477,0.1654166728258133,0.801382303237915,2.40263295173645,0.9750000238418579,0.02677624300122261,0.029999924823641777,2.5,0.5,0.091197669506073,0.3800007998943329,0.0,0.7390943765640259,0.7089059352874756,0.8961325883865356,0.5869938135147095,0.32678502798080444,0.8226665258407593,0.27729982137680054,0.6732324361801147,0.5700312852859497,0.47549641132354736,0.6399712562561035,0.9766541719436646,0.9682328701019287,0.47864365577697754,0.533242404460907,1.0,0.027000000700354576,0.006000000052154064,0.021000001579523087,0.975,0.8219305263421475,1.5697894069114118,0.2836681625640177,0.3050503282180081,1.2359453184167462,0.7260911294369807,0.3274574300893731,0.07838443951404296,0.13388121500611305,0.016118409112095833,174.49785339855413,0.7505552768707275,0.6558874249458313,0.8843676447868347,0.06017183139920235,0.3772237002849579,0.42029377818107605,0.5400682687759399,0.4373229444026947,0.9682328701019287,0.9789999984204769,0.6278566989379051
pacing,3,action_space,0.0,2.5,0.0,0.5,-1.0,0.08999999612569809,0.0,0.3799999952316284,1.0,0.03999999910593033,push_lateral_pace_recovery,push_lateral,1.5,pacing,1000,0.6883034706115723,0.6883034706115723,1.3284025192260742,0.2569303512573242,0.2314637452363968,0.203712597489357,1.6161514520645142,0.2314637452363968,0.08170825242996216,0.16694509983062744,0.09404310584068298,0.8788192272186279,1.2775912284851074,0.40252047777175903,0.3391870856285095,0.203712597489357,0.12578776478767395,0.002030963310971856,0.003376016626134515,0.41580644249916077,0.04654650017619133,216.3442840576172,154.6407470703125,35.03480529785156,70.11146545410156,371.58447265625,0.0709347128868103,0.12983334064483643,0.6436289548873901,1.780128002166748,0.9770000576972961,0.026568032801151276,0.029999924823641777,2.5,0.5,0.09112845361232758,0.3800007998943329,0.03849535435438156,0.748809814453125,0.7260361909866333,0.9097446203231812,0.6111476421356201,0.3264002203941345,0.837310791015625,0.19778335094451904,0.7229104042053223,0.5774381756782532,0.4762962758541107,0.639106035232544,0.9783835411071777,0.9660097360610962,0.2342170774936676,0.308932900428772,1.0,0.02500000037252903,0.003000000026077032,0.02199999988079071,0.977,0.658780866171955,1.3498276199195336,0.28584655399350567,0.3066644841527675,1.1303058119310487,0.5823977040034666,0.354665708502632,0.0735321694029652,0.13284016400575638,0.017159460112452507,162.86048914124245,0.7679330110549927,0.6603480577468872,0.8975023031234741,0.0387619324028492,0.39418694376945496,0.4353465437889099,0.6341253519058228,0.5224809646606445,0.9660097360610962,0.9780000001192093,0.6281784056470945
pacing,3,action_space,0.0,2.5,0.0,0.5,-1.0,0.08999999612569809,1.0,0.3799999952316284,-1.0,-0.03999999910593033,push_lateral_pace_recovery,push_lateral,1.5,pacing,1000,0.6764826774597168,0.6764826774597168,1.3344639539718628,0.2657601535320282,0.2367364466190338,0.21217645704746246,1.1302680969238281,0.2367364466190338,0.08885008096694946,0.21163594722747803,0.11070689558982849,0.836466372013092,1.2419404983520508,0.42337536811828613,0.4420973062515259,0.21217645704746246,0.12177815288305283,0.004434872418642044,0.004485014826059341,0.39969900250434875,0.05960560590028763,210.1246337890625,152.911865234375,35.07158660888672,70.8267822265625,276.80242919921875,0.07440589368343353,0.10733334720134735,0.45499923825263977,1.2725014686584473,0.9670000672340393,0.026689281687140465,0.029999924823641777,2.5,0.5,0.09121488779783249,0.3800007998943329,-0.03838009387254715,0.7344557046890259,0.7003045678138733,0.859205961227417,0.6017518043518066,0.3160915672779083,0.8184908628463745,0.28156688809394836,0.6054345369338989,0.5742772221565247,0.473062664270401,0.6401865482330322,0.9766542315483093,0.9589516520500183,0.12247733026742935,0.21378670632839203,1.0,0.027000000700354576,0.004999999888241291,0.02200000174343586,0.967,0.47052658380865436,1.147138584266687,0.29807730703116175,0.33272645760418346,1.1144238414319978,0.6649039827309849,0.3489672662056612,0.09444515469150011,0.13344640843570232,0.01655321568250656,157.45995473587215,0.7538862228393555,0.637507975101471,0.8366096019744873,0.05462466925382614,0.3035793900489807,0.4495995342731476,0.7196561694145203,0.584693968296051,0.9589516520500183,0.9779999982565641,0.6181565105724028
pacing,3,action_space,0.0,2.5,0.0,0.5,-1.0,0.08999999612569809,1.0,0.3799999952316284,0.0,0.0,push_lateral_pace_recovery,push_lateral,1.5,pacing,1000,0.6971766352653503,0.6971766352653503,1.3528351783752441,0.25404423475265503,0.2263001650571823,0.19088473916053772,1.3529844284057617,0.2263001650571823,0.07798914611339569,0.1719498634338379,0.09235496819019318,0.8153972625732422,1.2035094499588013,0.43143171072006226,0.41740530729293823,0.19088473916053772,0.11557896435260773,0.0022347101476043463,0.0034168148413300514,0.41347211599349976,0.04896445572376251,223.49142456054688,160.98260498046875,35.1788330078125,70.44119262695312,315.4027099609375,0.07103415578603745,0.13558334112167358,0.6052004098892212,1.6971664428710938,0.972000002861023,0.027056710794568062,0.029999924823641777,2.5,0.5,0.09116996824741364,0.3800007998943329,0.0,0.7527501583099365,0.7303978800773621,0.9051923751831055,0.6066035032272339,0.32933008670806885,0.8396410942077637,0.2465919554233551,0.6954474449157715,0.5751227140426636,0.4764143228530884,0.6396250128746033,0.9775188565254211,0.9646570086479187,0.23542946577072144,0.31258732080459595,1.0,0.026000000536441803,0.006000000052154064,0.020000001415610313,0.972,0.6226341969682356,1.32138405575523,0.2792653686252481,0.30389960215537165,1.0970457829820965,0.6460691195939783,0.3399690638170004,0.07517662528295878,0.1352835539728403,0.014716070145368576,165.20225681073745,0.7724763751029968,0.6946342587471008,0.89312344789505,0.05432518199086189,0.37557798624038696,0.4373838007450104,0.6462854743003845,0.5076735019683838,0.9646570086479187,0.9799999985843897,0.6372393827216748
pacing,3,action_space,0.0,2.5,0.0,0.5,-1.0,0.08999999612569809,1.0,0.3799999952316284,1.0,0.03999999910593033,push_lateral_pace_recovery,push_lateral,1.5,pacing,1000,0.6820977926254272,0.6820977926254272,1.3438093662261963,0.26090002059936523,0.22495906054973602,0.20350416004657745,1.2823472023010254,0.22495906054973602,0.07421638071537018,0.1651163399219513,0.09261597692966461,0.869149923324585,1.3455225229263306,0.4232405722141266,0.3972034156322479,0.20350416004657745,0.12238366901874542,0.0025415827985852957,0.003142081666737795,0.4113314151763916,0.049823228269815445,213.71755981445312,153.46009826660156,35.26439666748047,70.41911315917969,281.5818786621094,0.07082738727331161,0.12166666984558105,0.5803791880607605,1.6941620111465454,0.974000096321106,0.026876181364059448,0.029999924823641777,2.5,0.5,0.09117107093334198,0.3800007998943329,0.03843853622674942,0.7494720220565796,0.7207340002059937,0.9072826504707336,0.5934450626373291,0.33541977405548096,0.8287979960441589,0.2624831795692444,0.7248679399490356,0.5713139772415161,0.4742516279220581,0.6396387815475464,0.9775188565254211,0.9604707956314087,0.12131842225790024,0.2093590795993805,1.0,0.026000000536441803,0.004999999888241291,0.021000001579523087,0.974,0.5958718176495124,1.3188578482637103,0.2724268355272112,0.30432873168609076,1.159966604228902,0.6302407600530514,0.3498337734106663,0.07539008200899566,0.13438090682029724,0.015618717297911644,159.03859965988596,0.7616446018218994,0.6609088182449341,0.8925495147705078,0.06287071853876114,0.3691823482513428,0.43926042318344116,0.6473640203475952,0.5442572236061096,0.9604707956314087,0.9789999984204769,0.6330289460527591
pacing,3,action_space,0.0,2.5,0.0,0.5,0.0,0.11999999731779099,-1.0,0.3400000035762787,-1.0,-0.03999999910593033,push_lateral_pace_recovery,push_lateral,1.5,pacing,1000,0.6856635808944702,0.6856635808944702,1.3271167278289795,0.28494423627853394,0.22065776586532593,0.20218320190906525,1.4755020141601562,0.22065776586532593,0.0737893134355545,0.1972670555114746,0.09478047490119934,0.8597118258476257,1.3153181076049805,0.40044453740119934,0.35141900181770325,0.20218320190906525,0.09043391048908234,0.004419416654855013,0.003899156115949154,0.40836960077285767,0.05182090401649475,221.09185791015625,161.91510009765625,35.15061950683594,70.35562133789062,179.40028381347656,0.07908450812101364,0.10466666519641876,0.5265358090400696,1.526237964630127,0.9790000319480896,0.026542332023382187,0.029999924823641777,2.5,0.5,0.11999969929456711,0.3415592908859253,-0.0384400300681591,0.7359033823013306,0.7022031545639038,0.8631294965744019,0.6030939817428589,0.31703561544418335,0.8227373361587524,0.23409372568130493,0.6219492554664612,0.5716209411621094,0.4705725908279419,1.0,0.9775188565254211,0.9646570086479187,0.23542866110801697,0.31258195638656616,1.0,0.026000000536441803,0.004000000189989805,0.02200000174343586,0.979,0.5378302008187564,1.2485897225138698,0.27164188453836513,0.30786437744760164,1.146873187237796,0.5928060406386757,0.30072231458453885,0.09120621015481438,0.13271166011691093,0.01728796400129795,166.59563795254002,0.7226914763450623,0.6644600629806519,0.8467316627502441,0.05227232351899147,0.3547230064868927,0.44187015295028687,0.677230179309845,0.5925421118736267,0.9646570086479187,0.9779999982565641,0.6170695726879132
pacing,3,action_space,0.0,2.5,0.0,0.5,0.0,0.11999999731779099,-1.0,0.3400000035762787,0.0,0.0,push_lateral_pace_recovery,push_lateral,1.5,pacing,1000,0.7271244525909424,0.7271244525909424,1.3277778625488281,0.2638019919395447,0.2172091156244278,0.20485325157642365,1.453007459640503,0.2172091156244278,0.07238543778657913,0.18206843733787537,0.09961846470832825,0.8023953437805176,1.0851292610168457,0.3984232544898987,0.3288014531135559,0.20485325157642365,0.11028171330690384,0.0024353712797164917,0.003997465129941702,0.3992859721183777,0.0555189847946167,216.50579833984375,160.2145538330078,34.870033264160156,69.78288269042969,168.42266845703125,0.07913464307785034,0.10175000131130219,0.44916996359825134,1.2741036415100098,0.9830000400543213,0.026555564254522324,0.029999924823641777,2.5,0.5,0.11999969929456711,0.34155982732772827,0.0,0.7515268325805664,0.699284017086029,0.9006495475769043,0.6004198789596558,0.31547224521636963,0.817186176776886,0.23490992188453674,0.685387134552002,0.5789291858673096,0.4752522110939026,1.0,0.9775188565254211,0.9692502021789551,0.4779857099056244,0.531264066696167,1.0,0.026000000536441803,0.003000000026077032,0.023000001907348633,0.983,0.4569378966353796,1.1384805590844929,0.26904541956067407,0.31562392923909977,1.0416953782257294,0.5734121145507443,0.332086906256335,0.08020496499380941,0.13277782127261162,0.017221802845597267,163.05874984557659,0.7570196986198425,0.6572777628898621,0.8792757391929626,0.054983820766210556,0.3294338583946228,0.449971079826355,0.7232252955436707,0.6012466549873352,0.9692502021789551,0.9769999980926514,0.6276273358708773
pacing,3,action_space,0.0,2.5,0.0,0.5,0.0,0.11999999731779099,-1.0,0.3400000035762787,1.0,0.03999999910593033,push_lateral_pace_recovery,push_lateral,1.5,pacing,1000,0.6958783864974976,0.6958783864974976,1.3440420627593994,0.24590463936328888,0.21509146690368652,0.20010632276535034,1.5559453964233398,0.21509146690368652,0.06899680197238922,0.1559249758720398,0.08605050295591354,0.8598235845565796,1.441441297531128,0.4107852578163147,0.3831477165222168,0.20010632276535034,0.1006978303194046,0.0023936692159622908,0.003221438266336918,0.4044492840766907,0.046597279608249664,219.15771484375,160.02169799804688,35.083709716796875,69.1028823852539,388.11737060546875,0.07974891364574432,0.10208334028720856,0.6438878178596497,1.955735683441162,0.9750000238418579,0.02688084915280342,0.029999924823641777,2.5,0.5,0.11999969929456711,0.34161871671676636,0.03838053718209267,0.7615402936935425,0.7243713736534119,0.9102391004562378,0.5950120687484741,0.3247619569301605,0.836191713809967,0.23050272464752197,0.7427520751953125,0.5802323818206787,0.4757126569747925,1.0,0.9766541719436646,0.9632977247238159,0.23671019077301025,0.31678307056427,1.0,0.027000000700354576,0.003000000026077032,0.024000000208616257,0.975,0.6603977614182692,1.41629191463481,0.26267242331921564,0.2933436601597409,1.2006003904426852,0.6189892701188098,0.31732921441210643,0.07493402086034893,0.1344042457640171,0.01559537835419178,163.0586727277017,0.7851532697677612,0.6700349450111389,0.893774151802063,0.053083911538124084,0.39378681778907776,0.44534832239151,0.6056392788887024,0.6002454161643982,0.9632977247238159,0.9759999997913837,0.6352609611856631
pacing,3,action_space,0.0,2.5,0.0,0.5,0.0,0.11999999731779099,0.0,0.3799999952316284,-1.0,-0.03999999910593033,push_lateral_pace_recovery,push_lateral,1.5,pacing,1000,0.7202537655830383,0.7202537655830383,1.341852068901062,0.26676106452941895,0.2326030433177948,0.2095828652381897,1.5010020732879639,0.2326030433177948,0.08483633399009705,0.19994711875915527,0.10465408861637115,0.9296342134475708,1.5423901081085205,0.445006787776947,0.4261358380317688,0.2095828652381897,0.11259562522172928,0.004552070051431656,0.004739426076412201,0.4276469349861145,0.057061031460762024,247.040771484375,185.32965087890625,34.33705139160156,69.49237060546875,302.7430419921875,0.07997801899909973,0.16350002586841583,0.6902717351913452,2.0678958892822266,0.9800000190734863,0.02683703415095806,0.029999924823641777,2.5,0.5,0.11999969929456711,0.3800007998943329,-0.0384400375187397,0.7375836968421936,0.7122159600257874,0.8573887348175049,0.5988258123397827,0.3075268566608429,0.8275716304779053,0.23028355836868286,0.6259177923202515,0.5623603463172913,0.4699562191963196,1.0,0.9775188565254211,0.9692503213882446,0.47797513008117676,0.5311934351921082,1.0,0.026000000536441803,0.00800000037997961,0.018000001087784767,0.98,0.7043589066485969,1.452617536061925,0.2912667746072268,0.32350284174388816,1.241929993239764,0.6527908072512731,0.3355527160100619,0.09639240700306148,0.1341851707547903,0.01581445336341858,184.10432655716977,0.7522806525230408,0.6445197463035583,0.8304148316383362,0.04085489362478256,0.3194288909435272,0.42515823245048523,0.5900639295578003,0.4415340721607208,0.9692503213882446,0.9819999989122152,0.6143896983793149
pacing,3,action_space,0.0,2.5,0.0,0.5,0.0,0.11999999731779099,0.0,0.3799999952316284,0.0,0.0,push_lateral_pace_recovery,push_lateral,1.5,pacing,1000,0.797924280166626,0.797924280166626,1.3284509181976318,0.254924476146698,0.2185458540916443,0.21180397272109985,1.531829595565796,0.2185458540916443,0.06967025995254517,0.1768358051776886,0.09917748719453812,0.894923985004425,1.3183457851409912,0.43467193841934204,0.43445658683776855,0.21180397272109985,0.12692247331142426,0.0026710457168519497,0.003912622109055519,0.4190438389778137,0.04982588440179825,223.678466796875,158.02818298339844,35.484886169433594,70.32705688476562,347.72076416015625,0.08074526488780975,0.0964166671037674,0.48938632011413574,1.4167689085006714,0.9760000705718994,0.026569020003080368,0.029999924823641777,2.5,0.5,0.11999969929456711,0.3800007998943329,0.0,0.7490767240524292,0.7013607025146484,0.8919835090637207,0.6081601977348328,0.3047391176223755,0.8184876441955566,0.21618053317070007,0.6836411356925964,0.5701723098754883,0.4694178104400635,1.0,0.9783835411071777,0.9752936959266663,1.0,1.0,1.0,0.02500000037252903,0.003000000026077032,0.02199999988079071,0.976,0.5014203806392482,1.2048266995084764,0.26395124540821013,0.3149245738181416,1.148192399008542,0.6591332087201862,0.3562618044520409,0.08113980420180633,0.13284510001540184,0.017154524102807045,168.37540908199264,0.7710932493209839,0.6385155320167542,0.8766273260116577,0.053652092814445496,0.36916276812553406,0.43253687024116516,0.6956546902656555,0.617495596408844,0.9752936959266663,0.9780000001192093,0.626404460806113
pacing,3,action_space,0.0,2.5,0.0,0.5,0.0,0.11999999731779099,0.0,0.3799999952316284,1.0,0.03999999910593033,push_lateral_pace_recovery,push_lateral,1.5,pacing,1000,0.7334140539169312,0.7334140539169312,1.3340489864349365,0.25311487913131714,0.22369226813316345,0.1796264350414276,1.3599112033843994,0.22369226813316345,0.07303915917873383,0.17156535387039185,0.1015675812959671,0.8754018545150757,1.2900707721710205,0.40439796447753906,0.35345834493637085,0.1796264350414276,0.07463327050209045,0.0024763233959674835,0.003529120236635208,0.4073161482810974,0.05004841089248657,216.51617431640625,156.04258728027344,34.60802459716797,69.25306701660156,184.25494384765625,0.08135717362165451,0.10474999994039536,0.5669814348220825,1.7412054538726807,0.9730000495910645,0.02668098360300064,0.029999924823641777,2.5,0.5,0.11999969929456711,0.3800007998943329,0.0384397953748703,0.7600861191749573,0.7260148525238037,0.9045858979225159,0.6129207015037537,0.31342005729675293,0.8377346992492676,0.2500782310962677,0.7165411710739136,0.5726385116577148,0.469853937625885,1.0,0.9775189161300659,0.9692504405975342,0.47797921299934387,0.5312204360961914,1.0,0.026000000536441803,0.004000000189989805,0.02200000174343586,0.973,0.5827147433838643,1.3377303739073674,0.27025757931783123,0.3186966916928494,1.135812824443808,0.5945236285770069,0.2731909048670736,0.07749479745507237,0.1334049180150032,0.01659470610320568,162.30001785392912,0.7739340662956238,0.7242225408554077,0.8868238925933838,0.05956456437706947,0.3675234317779541,0.4428021311759949,0.639300525188446,0.5922952890396118,0.9692504405975342,0.9779999982565641,0.6413455465092109
pacing,3,action_space,0.0,2.5,0.0,0.5,0.0,0.11999999731779099,1.0,0.3799999952316284,-1.0,-0.03999999910593033,push_lateral_pace_recovery,push_lateral,1.5,pacing,1000,0.6890358328819275,0.6890358328819275,1.3211034536361694,0.27070939540863037,0.21913856267929077,0.21488244831562042,1.4005928039550781,0.21913856267929077,0.07222452014684677,0.20656052231788635,0.11107488721609116,0.854045033454895,1.2349557876586914,0.40060675144195557,0.4268731474876404,0.21488244831562042,0.12019674479961395,0.004202378913760185,0.003632937092334032,0.39787328243255615,0.04569292813539505,206.25936889648438,148.53375244140625,35.14848709106445,70.27641296386719,247.7938690185547,0.08349841833114624,0.078166663646698,0.33259594440460205,0.9130057096481323,0.9790000915527344,0.02642207220196724,0.029999924823641777,2.5,0.5,0.11999969929456711,0.3800007998943329,-0.03841607645153999,0.7434896230697632,0.6953327059745789,0.8674904704093933,0.5949267745018005,0.3097895681858063,0.8128219246864319,0.250518262386322,0.6232112050056458,0.5745531916618347,0.4693355858325958,1.0,0.9766542315483093,0.9636628031730652,0.2360004484653473,0.3133770227432251,1.0,0.027000000700354576,0.003000000026077032,0.024000000208616257,0.979,0.3397302832131001,0.9657070622271702,0.26874620024634166,0.3332789930615057,1.111285646293828,0.6533552995787517,0.3466940218688721,0.08851732037344001,0.1321103610098362,0.01788926310837269,156.12658367426235,0.7459219694137573,0.630183219909668,0.8549551367759705,0.05812942981719971,0.4009740650653839,0.4512442350387573,0.7920367121696472,0.6764929294586182,0.9636628031730652,0.9759999997913837,0.6191615479496808
pacing,3,action_space,0.0,2.5,0.0,0.5,0.0,0.11999999731779099,1.0,0.3799999952316284,0.0,0.0,push_lateral_pace_recovery,push_lateral,1.5,pacing,1000,0.7257817983627319,0.7257817983627319,1.3538520336151123,0.25896644592285156,0.22348007559776306,0.20214542746543884,1.5381762981414795,0.22348007559776306,0.07743102312088013,0.1737383008003235,0.09523596614599228,0.9664594531059265,1.60871422290802,0.5001817345619202,0.6117126941680908,0.20214542746543884,0.10297559201717377,0.002529907040297985,0.003794548101723194,0.4478396773338318,0.043976638466119766,257.32550048828125,188.62582397460938,35.32213592529297,70.9096908569336,248.1990509033203,0.08041222393512726,0.14991667866706848,0.9464768767356873,3.0190377235412598,0.9730000495910645,0.027077049016952515,0.029999924823641777,2.5,0.5,0.11999969929456711,0.3800007998943329,0.0,0.7542680501937866,0.7108424305915833,0.8967480659484863,0.5923927426338196,0.3102927803993225,0.8275305032730103,0.2228221893310547,0.6885819435119629,0.5758737325668335,0.47166258096694946,1.0,0.9783835411071777,0.9704073667526245,0.4771111011505127,0.5295417308807373,1.0,0.02500000037252903,0.006000000052154064,0.01900000125169754,0.973,0.972740808469296,1.7614805034064493,0.2782643044317401,0.3086032503814441,1.2683509856928483,0.7821206391395709,0.32089810223367443,0.07952644303639626,0.13538524508476257,0.014614379033446312,190.06914647914658,0.7647131681442261,0.6645615696907043,0.8811837434768677,0.045647941529750824,0.4149767756462097,0.40833011269569397,0.46037983894348145,0.47256338596343994,0.9704073667526245,0.9809999987483025,0.6271671916429814
pacing,3,action_space,0.0,2.5,0.0,0.5,0.0,0.11999999731779099,1.0,0.3799999952316284,1.0,0.03999999910593033,push_lateral_pace_recovery,push_lateral,1.5,pacing,1000,0.6971970796585083,0.6971970796585083,1.315117597579956,0.2673014998435974,0.21958321332931519,0.21485424041748047,1.3367011547088623,0.21958321332931519,0.07594000548124313,0.17644554376602173,0.0934634804725647,0.9738816618919373,1.7686657905578613,0.4286642372608185,0.3905445337295532,0.21485424041748047,0.14488494396209717,0.0024141715839505196,0.004377687815576792,0.4123808741569519,0.04974857345223427,216.7676544189453,154.1768035888672,35.3740119934082,69.73181915283203,287.9269714355469,0.08204938471317291,0.0832500010728836,0.5370705127716064,1.644780158996582,0.9780000448226929,0.026302354410290718,0.029999924823641777,2.5,0.5,0.11999969929456711,0.3800007998943329,0.038380008190870285,0.7446734309196472,0.6985940933227539,0.9004871249198914,0.5867040157318115,0.3174405097961426,0.8164896368980408,0.26813051104545593,0.6998417973518372,0.5782065391540527,0.4697885513305664,1.0,0.9766541719436646,0.9632976651191711,0.23671859502792358,0.3168407380580902,1.0,0.027000000700354576,0.0010000000474974513,0.026000000536441803,0.978,0.5491517735892766,1.2968342882034696,0.27557214206309594,0.3057179753834646,1.32991194842285,0.6249356236681929,0.3806375493328229,0.08241273809022069,0.1315117720514536,0.018487852066755295,164.8275825810827,0.7514126300811768,0.63025963306427,0.872984766960144,0.05752698332071304,0.369733989238739,0.4383394122123718,0.6567546129226685,0.659515380859375,0.9632976651191711,0.9739999994635582,0.6216966104813112
pacing,3,action_space,0.0,2.5,0.0,0.5,1.0,0.11999999731779099,-1.0,0.3400000035762787,-1.0,-0.03999999910593033,push_lateral_pace_recovery,push_lateral,1.5,pacing,1000,0.6652655005455017,0.6652655005455017,1.320835828781128,0.2830617427825928,0.22716329991817474,0.24799159169197083,1.4305102825164795,0.22716329991817474,0.08409399539232254,0.20604729652404785,0.10477463901042938,0.9543508291244507,1.6059379577636719,0.4555470049381256,0.4713669419288635,0.24799159169197083,0.176804319024086,0.0046530598774552345,0.005132002755999565,0.4289916157722473,0.058089882135391235,250.51382446289062,189.83953857421875,34.33027648925781,69.45492553710938,389.76025390625,0.07794129848480225,0.15516668558120728,0.7731777429580688,2.3669238090515137,0.968000054359436,0.026416702196002007,0.029999924823641777,2.5,0.5,0.11999969929456711,0.3414992094039917,-0.03849998861551285,0.7337161302566528,0.6622990369796753,0.8535611629486084,0.594477653503418,0.31244975328445435,0.7869678735733032,0.24438533186912537,0.5966567397117615,0.5736392736434937,0.475707471370697,1.0,0.9783835411071777,0.9619923233985901,0.12012572586536407,0.20467692613601685,1.0,0.02500000037252903,0.007000000216066837,0.018000001087784767,0.968,0.7987373288997934,1.5637036137706517,0.2899896470433428,0.32368910857554256,1.2672560742658414,0.686561681081069,0.4204810566768567,0.09891947550131268,0.13208351098001003,0.017916113138198853,189.6631049856254,0.7257890701293945,0.5406418442726135,0.8222578167915344,0.044494472444057465,0.3129231631755829,0.4240163564682007,0.5426492094993591,0.46031996607780457,0.9619923233985901,0.9819999989122152,0.5962911365697018
pacing,3,action_space,0.0,2.5,0.0,0.5,1.0,0.11999999731779099,-1.0,0.3400000035762787,0.0,0.0,push_lateral_pace_recovery,push_lateral,1.5,pacing,1000,0.7030166387557983,0.7030166387557983,1.3385010957717896,0.27641940116882324,0.21479876339435577,0.20666779577732086,1.0502593517303467,0.21479876339435577,0.06971406191587448,0.17469742894172668,0.09537120163440704,0.8757117986679077,1.376502275466919,0.45975250005722046,0.5009258389472961,0.20666779577732086,0.10278429836034775,0.002786333207041025,0.004342753440141678,0.4170772433280945,0.04916335642337799,238.10308837890625,177.37945556640625,34.88481903076172,71.17264556884766,295.05303955078125,0.07602294534444809,0.14416667819023132,0.7188493013381958,2.1917686462402344,0.9770000576972961,0.026770032942295074,0.029999924823641777,2.5,0.5,0.11999969929456711,0.34159767627716064,0.0,0.7466837167739868,0.7028592824935913,0.8929387927055359,0.6017206311225891,0.32064834237098694,0.8207728266716003,0.3050117492675781,0.6810663342475891,0.5762568116188049,0.47852301597595215,1.0,0.9766541719436646,0.9634369611740112,0.2363193929195404,0.3141857385635376,1.0,0.027000000700354576,0.007000000216066837,0.020000001415610313,0.977,0.7357719991443833,1.4977870249286191,0.26403420595800553,0.3088222816352587,1.1732443374962092,0.7077611454066238,0.3205999038682759,0.08443391881929148,0.13385016471147537,0.016149459406733513,177.88785465402572,0.7366585731506348,0.6523880362510681,0.8671166896820068,0.08676599711179733,0.3740869164466858,0.43424147367477417,0.570728600025177,0.4863467514514923,0.9634369611740112,0.9799999985843897,0.6300498259564241
pacing,3,action_space,0.0,2.5,0.0,0.5,1.0,0.11999999731779099,-1.0,0.3400000035762787,1.0,0.03999999910593033,push_lateral_pace_recovery,push_lateral,1.5,pacing,1000,0.6766063570976257,0.6766063570976257,1.3399410247802734,0.2574627995491028,0.22498486936092377,0.20423880219459534,1.4112892150878906,0.22498486936092377,0.07801937311887741,0.16852226853370667,0.09570492058992386,0.8839619159698486,1.3713634014129639,0.4193294644355774,0.36155110597610474,0.20423880219459534,0.11538621783256531,0.002621943363919854,0.004651947878301144,0.4042319059371948,0.06024514511227608,229.10159301757812,170.32418823242188,34.7940673828125,70.28179931640625,260.9180603027344,0.07785056531429291,0.12150002270936966,0.5910664796829224,1.7024152278900146,0.9690000414848328,0.026798807084560394,0.029999924823641777,2.5,0.5,0.11999969929456711,0.34155920147895813,0.03844001889228821,0.7568866014480591,0.7150382399559021,0.8962510824203491,0.5967828035354614,0.3192633390426636,0.8298693895339966,0.23528273403644562,0.7181426882743835,0.5686339139938354,0.475647509098053,1.0,0.9775188565254211,0.960472047328949,0.12130184471607208,0.20923414826393127,1.0,0.026000000536441803,0.004999999888241291,0.021000001579523087,0.969,0.6099757144325658,1.3254728459257012,0.27931948216849717,0.30936211886707116,1.1710522624601192,0.6012911989844062,0.33968546897470503,0.08528711064528448,0.13399403542280197,0.016005588695406914,170.978863084774,0.7670921087265015,0.6589320302009583,0.8646090626716614,0.051217369735240936,0.2997210919857025,0.44554197788238525,0.6445392370223999,0.5447108745574951,0.960472047328949,0.9789999984204769,0.6266384585163532
pacing,3,action_space,0.0,2.5,0.0,0.5,1.0,0.11999999731779099,0.0,0.3799999952316284,-1.0,-0.03999999910593033,push_lateral_pace_recovery,push_lateral,1.5,pacing,1000,0.6918560862541199,0.6918560862541199,1.3210444450378418,0.2772645354270935,0.2164236307144165,0.2119089961051941,1.332032322883606,0.2164236307144165,0.07101121544837952,0.2052946388721466,0.1077103242278099,0.9931201934814453,1.6689307689666748,0.4671991467475891,0.5190029144287109,0.2119089961051941,0.10390666127204895,0.004694206640124321,0.003741683205589652,0.42567187547683716,0.04988929629325867,228.31613159179688,166.07705688476562,35.06035232543945,69.97300720214844,205.509521484375,0.08090610802173615,0.12125001102685928,0.6696969866752625,2.002595901489258,0.9780000448226929,0.02642088755965233,0.029999924823641777,2.5,0.5,0.11999969929456711,0.3800007998943329,-0.03832162916660309,0.7380822896957397,0.6932265162467957,0.8616617321968079,0.5920015573501587,0.3036019802093506,0.8147784471511841,0.2706051468849182,0.6153129935264587,0.5794225931167603,0.4689015746116638,1.0,0.9757895469665527,0.961938738822937,0.23798230290412903,0.32091861963272095,1.0,0.02800000086426735,0.007000000216066837,0.021000001579523087,0.978,0.684761718250735,1.4309590728689523,0.26647929647231416,0.3281925109258435,1.2918710341851756,0.7204185689088747,0.32234556189289926,0.09184710036639139,0.13210443779826164,0.017895186319947243,172.83001525755378,0.7352810502052307,0.6382314562797546,0.8447472453117371,0.06378376483917236,0.36869484186172485,0.42684099078178406,0.5993491411209106,0.5453922152519226,0.961938738822937,0.9789999984204769,0.6181299153428811
pacing,3,action_space,0.0,2.5,0.0,0.5,1.0,0.11999999731779099,0.0,0.3799999952316284,0.0,0.0,push_lateral_pace_recovery,push_lateral,1.5,pacing,1000,0.728095531463623,0.728095531463623,1.3202836513519287,0.26693516969680786,0.22924374043941498,0.21450892090797424,1.311549425125122,0.22924374043941498,0.08147643506526947,0.1833765059709549,0.10758213698863983,0.9874014854431152,1.8035237789154053,0.48052459955215454,0.4903709590435028,0.21450892090797424,0.14976496994495392,0.0027230631094425917,0.007844840176403522,0.4414978623390198,0.052977126091718674,249.41720581054688,183.49252319335938,34.41127014160156,69.57398986816406,243.0734405517578,0.08068331331014633,0.14299999177455902,0.7760387063026428,2.44193172454834,0.9630000591278076,0.026405666023492813,0.029999924823641777,2.5,0.5,0.11999969929456711,0.3800007998943329,0.0,0.7448687553405762,0.7020993232727051,0.8857676982879639,0.5894900560379028,0.3023621141910553,0.8204491138458252,0.25423598289489746,0.6806212663650513,0.5701562166213989,0.4687495827674866,1.0,0.9775189161300659,0.9692498445510864,0.47800636291503906,0.5314054489135742,0.9998000264167786,0.026000000536441803,0.007000000216066837,0.01900000125169754,0.963,0.8058553440177181,1.5924052748342157,0.2854407733055484,0.3279971600313634,1.342953379278449,0.7002649206146934,0.3869947931755076,0.10280030781007474,0.13202833011746407,0.01797129400074482,188.91183387384336,0.7520010471343994,0.6311947703361511,0.8094841837882996,0.05280876159667969,0.3466143310070038,0.4135421812534332,0.5304982662200928,0.4891921281814575,0.9692498445510864,0.9809999987483025,0.6117765804131826
pacing,3,action_space,0.0,2.5,0.0,0.5,1.0,0.11999999731779099,0.0,0.3799999952316284,1.0,0.03999999910593033,push_lateral_pace_recovery,push_lateral,1.5,pacing,1000,0.6879895329475403,0.6879895329475403,1.342787742614746,0.25449448823928833,0.22497230768203735,0.19641484320163727,1.6726953983306885,0.22497230768203735,0.0749518945813179,0.17121565341949463,0.09028603136539459,0.8879063725471497,1.3368160724639893,0.46991628408432007,0.5032998323440552,0.19641484320163727,0.11301529407501221,0.002832803875207901,0.003845320548862219,0.41637206077575684,0.049107689410448074,232.98513793945312,171.26171875,34.89287567138672,71.16963195800781,421.6796875,0.0802713930606842,0.11908334493637085,0.6029018759727478,1.8069477081298828,0.9750000238418579,0.026855742558836937,0.029999924823641777,2.5,0.5,0.11999969929456711,0.3800007998943329,0.038454897701740265,0.7563780546188354,0.7263604402542114,0.896037220954895,0.5900204181671143,0.31682002544403076,0.836844801902771,0.20130424201488495,0.7003954648971558,0.5756843090057373,0.4716656506061554,1.0,0.9775189161300659,0.9646941423416138,0.23517541587352753,0.31047165393829346,1.0,0.026000000536441803,0.006000000052154064,0.020000001415610313,0.975,0.6183608774038462,1.3613521761822522,0.27377343658820863,0.30047634077476815,1.1562076251538862,0.7094362778601438,0.3361774740743529,0.08171979211959683,0.13427871279418468,0.0157209113240242,173.5085379062013,0.7717691659927368,0.6799147129058838,0.8749728202819824,0.04193085432052612,0.37450364232063293,0.4348543584346771,0.6291912794113159,0.5513327717781067,0.9646941423416138,0.9799999985843897,0.629166670048084
pacing,3,action_space,0.0,2.5,0.0,0.5,1.0,0.11999999731779099,1.0,0.3799999952316284,-1.0,-0.03999999910593033,push_lateral_pace_recovery,push_lateral,1.5,pacing,1000,0.6648971438407898,0.6648971438407898,1.3231205940246582,0.27426519989967346,0.2309281975030899,0.2132021188735962,1.4438788890838623,0.2309281975030899,0.08158579468727112,0.20222406089305878,0.10143809765577316,0.9138213396072388,1.4650555849075317,0.49058905243873596,0.5423634052276611,0.2132021188735962,0.10428467392921448,0.005899232812225819,0.0041914042085409164,0.4292842745780945,0.05302713066339493,242.782958984375,181.20323181152344,34.240379333496094,69.44120025634766,170.26844787597656,0.0810423269867897,0.140666663646698,0.6684960126876831,2.070833683013916,0.9730000495910645,0.026462402194738388,0.029999924823641777,2.5,0.5,0.11999969929456711,0.3800007998943329,-0.03849954158067703,0.7392711639404297,0.6852758526802063,0.8524656295776367,0.5867087841033936,0.30727753043174744,0.8081589341163635,0.22734439373016357,0.6010252237319946,0.5756406188011169,0.4664711356163025,1.0,0.9783835411071777,0.9619922637939453,0.1201307475566864,0.2047111988067627,1.0,0.02500000037252903,0.00800000037997961,0.017000000923871994,0.973,0.6870462196091341,1.4588686645145765,0.2856322717888704,0.3184934813395294,1.2103948053868754,0.736453260721725,0.3229313765015943,0.1004521628476298,0.13231201097369194,0.017687613144516945,183.4926915058284,0.7401624321937561,0.6347326040267944,0.8172479271888733,0.046162158250808716,0.3462678790092468,0.4237682521343231,0.5873851776123047,0.49493277072906494,0.9619922637939453,0.982999999076128,0.6106533421537815
pacing,3,action_space,0.0,2.5,0.0,0.5,1.0,0.11999999731779099,1.0,0.3799999952316284,0.0,0.0,push_lateral_pace_recovery,push_lateral,1.5,pacing,1000,0.6970289945602417,0.6970289945602417,1.3250911235809326,0.2719764709472656,0.22535613179206848,0.20322200655937195,1.2774888277053833,0.22535613179206848,0.07641534507274628,0.17097902297973633,0.08593584597110748,1.0089044570922852,1.735673189163208,0.45375674962997437,0.4623451828956604,0.20322200655937195,0.11149280518293381,0.0026252777315676212,0.003662191331386566,0.4390086531639099,0.051377613097429276,241.4837646484375,176.10308837890625,34.921756744384766,69.73350524902344,167.6064910888672,0.07944956421852112,0.1275833249092102,0.8192415237426758,2.635383129119873,0.9750000238418579,0.026501815766096115,0.029999924823641777,2.5,0.5,0.11999969929456711,0.3800007998943329,0.0,0.7461540699005127,0.7103531956672668,0.8958649635314941,0.5894768238067627,0.3129535913467407,0.8269290924072266,0.26185813546180725,0.6951061487197876,0.5724129676818848,0.4679344594478607,1.0,0.9757895469665527,0.9619385004043579,0.23798882961273193,0.3209648132324219,1.0,0.02800000086426735,0.004000000189989805,0.024000000208616257,0.975,0.8402476462339744,1.6440672831640781,0.27643325609041014,0.2931481638542317,1.3174495015609546,0.6799596921109813,0.3339053835788423,0.07929356255683173,0.13250907883048058,0.01749054528772831,182.23936478862723,0.743873119354248,0.6616676449775696,0.8818358182907104,0.06045864522457123,0.35788190364837646,0.4156061112880707,0.5087801218032837,0.5283921360969543,0.9619385004043579,0.9759999997913837,0.6262185648083687
pacing,3,action_space,0.0,2.5,0.0,0.5,1.0,0.11999999731779099,1.0,0.3799999952316284,1.0,0.03999999910593033,push_lateral_pace_recovery,push_lateral,1.5,pacing,1000,0.6830710768699646,0.6830710768699646,1.3463623523712158,0.25396019220352173,0.22264406085014343,0.19700777530670166,1.238467812538147,0.22264406085014343,0.0726582407951355,0.17634733021259308,0.09975425899028778,0.8528437614440918,1.1812052726745605,0.4214314818382263,0.43284982442855835,0.19700777530670166,0.10179659724235535,0.002616183366626501,0.0039769867435097694,0.4012385606765747,0.052714087069034576,210.77767944335938,152.2905731201172,35.28386688232422,69.56744384765625,262.71197509765625,0.08200210332870483,0.09216666966676712,0.486300528049469,1.5000581741333008,0.9730000495910645,0.026927253231406212,0.029999924823641777,2.5,0.5,0.11999969929456711,0.3800007998943329,0.03844089061021805,0.7549054622650146,0.715427041053772,0.897520899772644,0.5894540548324585,0.30596232414245605,0.8292732238769531,0.2729282081127167,0.7023739218711853,0.5621232986450195,0.4718809127807617,1.0,0.9775189161300659,0.9604724645614624,0.12129215896129608,0.20916436612606049,1.0,0.026000000536441803,0.0020000000949949026,0.024000000208616257,0.973,0.4997949708034911,1.2416455056226139,0.26955192597185335,0.3158389763634118,1.08683267924486,0.6579132347267065,0.3190557901721192,0.0811983380995958,0.13463626615703106,0.015363357961177826,156.55345611241827,0.7726082801818848,0.6783305406570435,0.8764607310295105,0.06777019798755646,0.34844261407852173,0.4482173025608063,0.6801642775535583,0.6307578086853027,0.9604724645614624,0.9759999997913837,0.6354461241609011
pacing,3,action_space,1.0,2.9000000953674316,0.0,0.5,-1.0,0.08999999612569809,-1.0,0.3400000035762787,-1.0,-0.03999999910593033,push_lateral_pace_recovery,push_lateral,1.5,pacing,1000,0.6497148275375366,0.6497148275375366,1.3214002847671509,0.2736338973045349,0.19747263193130493,0.21233491599559784,1.7533721923828125,0.19747263193130493,0.06528439372777939,0.21975120902061462,0.11019524186849594,1.0186619758605957,1.8782029151916504,0.361383855342865,0.35669875144958496,0.21233491599559784,0.14354121685028076,0.007085187826305628,0.007398408371955156,0.40894442796707153,0.056089166551828384,219.9686279296875,159.76382446289062,35.12769317626953,70.38914489746094,194.00120544433594,0.07010747492313385,0.1352500021457672,0.7216736078262329,1.966031551361084,1.1130000352859497,0.02642800845205784,0.029999924823641777,2.8853678703308105,0.5,0.09109796583652496,0.3414631187915802,-0.03853602707386017,0.7618963718414307,0.7003086805343628,0.8063266277313232,0.6816182136535645,0.2575920820236206,0.8232291340827942,0.20073801279067993,0.5555242300033569,0.5778452754020691,0.47790342569351196,0.6387248635292053,0.9783835411071777,0.958985447883606,0.06513479351997375,0.15118977427482605,1.0,0.02500000037252903,0.004999999888241291,0.020000001415610313,1.113,0.6484039388898248,1.3290693817517563,0.25550810892764125,0.3319566867356281,1.3704754339978702,0.5972426236041639,0.37886833709123907,0.12034781343365065,0.1321400422602892,0.017859581857919693,166.46630885844635,0.7411872148513794,0.6370792984962463,0.7485091090202332,0.046931784600019455,0.3256984353065491,0.4413624405860901,0.6430026888847351,0.5085203647613525,0.958985447883606,0.9799999985843897,0.6006546034835853
pacing,3,action_space,1.0,2.9000000953674316,0.0,0.5,-1.0,0.08999999612569809,-1.0,0.3400000035762787,0.0,0.0,push_lateral_pace_recovery,push_lateral,1.5,pacing,1000,0.6785386800765991,0.6785386800765991,1.3000168800354004,0.3007165789604187,0.1910596489906311,0.23305249214172363,1.346232533454895,0.1910596489906311,0.0601104274392128,0.19995468854904175,0.10113702714443207,1.003927230834961,1.7003908157348633,0.39843302965164185,0.3992307782173157,0.23305249214172363,0.19237035512924194,0.005327051039785147,0.008362695574760437,0.41937410831451416,0.053072139620780945,226.81549072265625,167.26544189453125,35.03938293457031,70.06063079833984,482.51629638671875,0.06794989109039307,0.14541664719581604,0.6575456261634827,1.716409683227539,1.1200001239776611,0.02600032463669777,0.029999924823641777,2.8841676712036133,0.5,0.09118792414665222,0.34158316254615784,0.0,0.7478505373001099,0.6910169720649719,0.853888988494873,0.6437432765960693,0.2628798186779022,0.8127836585044861,0.29469895362854004,0.6278294324874878,0.5827577114105225,0.47754979133605957,0.6398494243621826,0.9766541719436646,0.9594760537147522,0.12189177423715591,0.21014010906219482,1.0,0.027000000700354576,0.004000000189989805,0.023000001907348633,1.12,0.5870942796979631,1.2379452827664092,0.24517427972610178,0.31802048227186885,1.3039903434208642,0.6318471161739331,0.438600450443501,0.11700319061694678,0.13000162318348885,0.01999800093472004,174.47118895600795,0.6964760422706604,0.580924391746521,0.7604880332946777,0.0782034769654274,0.34595629572868347,0.4322512745857239,0.6817262172698975,0.48331665992736816,0.9594760537147522,0.9769999980926514,0.5947450280953677
pacing,3,action_space,1.0,2.9000000953674316,0.0,0.5,-1.0,0.08999999612569809,-1.0,0.3400000035762787,1.0,0.03999999910593033,push_lateral_pace_recovery,push_lateral,1.5,pacing,1000,0.6830245852470398,0.6830245852470398,1.3464139699935913,0.24949511885643005,0.1916390359401703,0.20310385525226593,1.21771240234375,0.1916390359401703,0.06009126454591751,0.17438074946403503,0.09451223909854889,0.9242053627967834,1.3157093524932861,0.3811677098274231,0.3443153202533722,0.20310385525226593,0.11473094671964645,0.002282942645251751,0.004240776877850294,0.39800357818603516,0.04685782641172409,210.36985778808594,152.17559814453125,35.22228240966797,70.79145812988281,486.17010498046875,0.06773031502962112,0.1315000057220459,0.66014564037323,1.7431397438049316,1.127000093460083,0.026928262785077095,0.029999924823641777,2.8838253021240234,0.5,0.09121360629796982,0.3416174352169037,0.03838181495666504,0.7742663621902466,0.7114028930664062,0.8996649384498596,0.6566301584243774,0.28283554315567017,0.8287336230278015,0.30536794662475586,0.6996124982833862,0.5788073539733887,0.48578184843063354,0.6401704549789429,0.9766541719436646,0.9549846649169922,0.06754055619239807,0.16379493474960327,1.0,0.027000000700354576,0.006000000052154064,0.021000001579523087,1.127,0.5857547194744066,1.2436670625970325,0.24513519646496607,0.3074284292295507,1.1470437448036959,0.5867838786583798,0.33871956943708825,0.08076954576510904,0.13464131392538548,0.01535831019282341,156.24455960531014,0.7795867919921875,0.6619853973388672,0.8776789903640747,0.08896272629499435,0.3917401432991028,0.45112666487693787,0.6793105006217957,0.5181450843811035,0.9549846649169922,0.9789999984204769,0.6410162133666185
pacing,3,action_space,1.0,2.9000000953674316,0.0,0.5,-1.0,0.08999999612569809,0.0,0.3799999952316284,-1.0,-0.03999999910593033,push_lateral_pace_recovery,push_lateral,1.5,pacing,1000,0.6786035299301147,0.6786035299301147,1.3446123600006104,0.26243358850479126,0.188613623380661,0.20143893361091614,1.253143072128296,0.188613623380661,0.05357315018773079,0.22031915187835693,0.10492207109928131,1.0532546043395996,1.6295599937438965,0.3686367869377136,0.33599936962127686,0.20143893361091614,0.0970577672123909,0.006686524022370577,0.004646054469048977,0.4117204546928406,0.05139569938182831,221.92071533203125,161.59921264648438,35.123783111572266,71.05726623535156,183.04222106933594,0.07097919285297394,0.14266665279865265,0.6804540157318115,1.8343925476074219,1.1170001029968262,0.02689223736524582,0.029999924823641777,2.8841679096221924,0.5,0.0911879613995552,0.3800007998943329,-0.03841600567102432,0.7667464017868042,0.7078526616096497,0.8112679123878479,0.6663569211959839,0.22657087445259094,0.8313205242156982,0.3051180839538574,0.5451085567474365,0.5675220489501953,0.47233259677886963,0.6398497819900513,0.9766541719436646,0.9594760537147522,0.12189232558012009,0.2101438045501709,1.0,0.027000000700354576,0.003000000026077032,0.024000000208616257,1.117,0.6091799279249664,1.2815027038333928,0.23145874402953712,0.3239167656965001,1.2765422021006185,0.5796545260940148,0.3115409559149341,0.10645458417287418,0.1344611868262291,0.01553843729197979,165.04438151374015,0.7592034339904785,0.6664591431617737,0.7971985340118408,0.09782195836305618,0.3577524423599243,0.4389187693595886,0.6632772088050842,0.490008145570755,0.9594760537147522,0.9759999997913837,0.6268437686256874
pacing,3,action_space,1.0,2.9000000953674316,0.0,0.5,-1.0,0.08999999612569809,0.0,0.3799999952316284,0.0,0.0,push_lateral_pace_recovery,push_lateral,1.5,pacing,1000,0.6932267546653748,0.6932267546653748,1.3091580867767334,0.2755838632583618,0.1881147027015686,0.19477114081382751,1.4903028011322021,0.1881147027015686,0.05309000611305237,0.2062108814716339,0.10675323009490967,0.9774464964866638,1.4560232162475586,0.38724082708358765,0.4434328079223633,0.19477114081382751,0.08552594482898712,0.006002137903124094,0.0038754884153604507,0.41407760977745056,0.05162831023335457,214.7723388671875,155.3556365966797,35.240509033203125,70.28987884521484,434.3597412109375,0.07093508541584015,0.1433333456516266,0.6842436790466309,1.879516839981079,1.1050000190734863,0.026183173060417175,0.029999924823641777,2.8844075202941895,0.5,0.09116996079683304,0.3800007998943329,0.0,0.7621408700942993,0.7034896016120911,0.865277111530304,0.6647768020629883,0.2550259828567505,0.8249913454055786,0.2584872245788574,0.6140775084495544,0.5857027769088745,0.47751855850219727,0.639624834060669,0.9775188565254211,0.9646570086479187,0.23542901873588562,0.3125842809677124,1.0,0.026000000536441803,0.004000000189989805,0.02200000174343586,1.105,0.6192250247454751,1.304193322462498,0.23041268652800428,0.32673112813888683,1.2066578704204265,0.6659075070325933,0.29244819170066194,0.09938624813566786,0.13091586530208588,0.01908375881612301,164.05378467009785,0.7380188703536987,0.6843006014823914,0.8207370042800903,0.07791762799024582,0.3560919761657715,0.43685445189476013,0.6536194086074829,0.4883774518966675,0.9646570086479187,0.9779999982565641,0.6245514264282508
pacing,3,action_space,1.0,2.9000000953674316,0.0,0.5,-1.0,0.08999999612569809,0.0,0.3799999952316284,1.0,0.03999999910593033,push_lateral_pace_recovery,push_lateral,1.5,pacing,1000,0.6821637749671936,0.6821637749671936,1.3316802978515625,0.24195122718811035,0.1958409994840622,0.2164941430091858,1.447531819343567,0.1958409994840622,0.05777759104967117,0.18458423018455505,0.10656151175498962,0.9797542095184326,1.4808276891708374,0.3720463216304779,0.39850926399230957,0.2164941430091858,0.12164828181266785,0.002027816604822874,0.004110924433916807,0.4081574082374573,0.03985937312245369,217.17825317382812,157.1014862060547,34.79020690917969,69.30485534667969,406.87152099609375,0.06995422393083572,0.13916665315628052,0.6629071235656738,1.8842260837554932,1.1140000820159912,0.02663361467421055,0.029999924823641777,2.8844072818756104,0.5,0.09116996079683304,0.3800007998943329,0.03843999654054642,0.7767829895019531,0.697107195854187,0.9005289077758789,0.6741262674331665,0.26583540439605713,0.8197821378707886,0.2587372362613678,0.6827734708786011,0.588839590549469,0.479993999004364,0.6396249532699585,0.9775188565254211,0.960472047328949,0.12130196392536163,0.20923487842082977,1.0,0.026000000536441803,0.00800000037997961,0.018000001087784767,1.114,0.5950692140863443,1.3005405001497397,0.24036969661267865,0.326437607752216,1.2168926366655513,0.6312759016407244,0.3487811374095048,0.07835011830711988,0.13316807337105274,0.016831550747156143,163.08587993995852,0.7912339568138123,0.6258171200752258,0.8844627737998962,0.07404489815235138,0.4505945146083832,0.442057728767395,0.6551759839057922,0.4986587464809418,0.960472047328949,0.9819999989122152,0.6359594493913345
pacing,3,action_space,1.0,2.9000000953674316,0.0,0.5,-1.0,0.08999999612569809,1.0,0.3799999952316284,-1.0,-0.03999999910593033,push_lateral_pace_recovery,push_lateral,1.5,pacing,1000,0.6609674692153931,0.6609674692153931,1.3401365280151367,0.24446162581443787,0.1860499233007431,0.1884513944387436,1.6329317092895508,0.1860499233007431,0.050882384181022644,0.22203004360198975,0.11043868958950043,1.0308067798614502,1.6069365739822388,0.3717026710510254,0.3603993058204651,0.1884513944387436,0.09216886758804321,0.006639190949499607,0.004497694782912731,0.411285936832428,0.05148614943027496,220.57107543945312,162.084716796875,34.70441436767578,69.40679931640625,179.74021911621094,0.07078218460083008,0.1354999989271164,0.635733962059021,1.6451988220214844,1.127000093460083,0.02680273726582527,0.029999924823641777,2.884408473968506,0.5,0.09116989374160767,0.3800007998943329,-0.03844009339809418,0.7754961252212524,0.7192422151565552,0.8146359920501709,0.6784430742263794,0.2401282638311386,0.8380758762359619,0.23821669816970825,0.5499472618103027,0.5899918675422668,0.47752809524536133,0.6396241188049316,0.9775189161300659,0.9566478729248047,0.06656022369861603,0.15934941172599792,1.0,0.026000000536441803,0.007000000216066837,0.01900000125169754,1.127,0.56409395449756,1.2082233506319104,0.2255712397027215,0.3323231704072113,1.2676500203061722,0.600332662630033,0.3035932601162997,0.10553144428279344,0.13401368632912636,0.015985937789082527,164.5885108184752,0.78737872838974,0.7010757923126221,0.8003247380256653,0.07061028480529785,0.35710588097572327,0.43930038809776306,0.6942307353019714,0.5078850984573364,0.9566478729248047,0.9809999987483025,0.6307780138957195
pacing,3,action_space,1.0,2.9000000953674316,0.0,0.5,-1.0,0.08999999612569809,1.0,0.3799999952316284,0.0,0.0,push_lateral_pace_recovery,push_lateral,1.5,pacing,1000,0.6782379150390625,0.6782379150390625,1.3390734195709229,0.2668111324310303,0.187186136841774,0.2101038098335266,1.4519453048706055,0.187186136841774,0.05226830393075943,0.2000204175710678,0.10274951159954071,0.992145836353302,1.5142009258270264,0.3806849420070648,0.3608836233615875,0.2101038098335266,0.1161748617887497,0.003694162704050541,0.004095306620001793,0.4096944332122803,0.04632335901260376,220.87428283691406,161.81243896484375,35.18250274658203,70.38634490966797,359.16571044921875,0.06955033540725708,0.13491666316986084,0.6685298085212708,1.802086353302002,1.1180000305175781,0.026781465858221054,0.029999924823641777,2.8844053745269775,0.5,0.09117008745670319,0.3800007998943329,0.0,0.7657464742660522,0.7008578777313232,0.8690128326416016,0.6633701324462891,0.2574390769004822,0.8180737495422363,0.2666276693344116,0.6248739361763,0.5761350393295288,0.4792807102203369,0.6396266222000122,0.9775189161300659,0.9604719877243042,0.12130391597747803,0.2092481106519699,1.0,0.026000000536441803,0.004000000189989805,0.02199999988079071,1.118,0.5979693963830501,1.2695998910678457,0.22862262340100867,0.3205456466707054,1.2305287180017483,0.6007359015087974,0.34084433659480057,0.08825797031459727,0.13390732929110527,0.016092294827103615,164.94561060564436,0.7522002458572388,0.6431121826171875,0.855739414691925,0.08230599015951157,0.395950049161911,0.440700888633728,0.668331503868103,0.5093685984611511,0.9604719877243042,0.9780000001192093,0.628292570129419
pacing,3,action_space,1.0,2.9000000953674316,0.0,0.5,-1.0,0.08999999612569809,1.0,0.3799999952316284,1.0,0.03999999910593033,push_lateral_pace_recovery,push_lateral,1.5,pacing,1000,0.6752076148986816,0.6752076148986816,1.3351514339447021,0.24107855558395386,0.19756269454956055,0.19800183176994324,1.3951284885406494,0.19756269454956055,0.05749662220478058,0.17491178214550018,0.10443565249443054,0.9510574340820312,1.4118849039077759,0.35167789459228516,0.3254215121269226,0.19800183176994324,0.10711750388145447,0.002059062710031867,0.004041904583573341,0.414614200592041,0.04681546241044998,216.83837890625,155.03350830078125,35.203338623046875,70.53584289550781,321.9031066894531,0.07124734669923782,0.13241666555404663,0.7519963979721069,2.2061233520507812,1.121999979019165,0.026703035458922386,0.029999924823641777,2.8844075202941895,0.5,0.09116995334625244,0.3800007998943329,0.03844001889228821,0.779013991355896,0.7163913249969482,0.899794340133667,0.6896632313728333,0.27144718170166016,0.8332048654556274,0.25638896226882935,0.7043903470039368,0.5799736380577087,0.4731374979019165,0.6396247744560242,0.9775188565254211,0.9566478729248047,0.0665607675909996,0.1593528538942337,1.0,0.026000000536441803,0.009000000543892384,0.017000000923871994,1.122,0.6702284651431596,1.4022274395935355,0.23978453287228635,0.32316505456876143,1.188227631351744,0.5704572833498777,0.3272881053161793,0.07810868897635659,0.13351517729461193,0.016484446823596954,162.40732953085438,0.7925691604614258,0.675672173500061,0.8851312398910522,0.07846827805042267,0.39207223057746887,0.4363858699798584,0.6116711497306824,0.5157756805419922,0.9566478729248047,0.982999999076128,0.6438489596431072
pacing,3,action_space,1.0,2.9000000953674316,0.0,0.5,0.0,0.11999999731779099,-1.0,0.3400000035762787,-1.0,-0.03999999910593033,push_lateral_pace_recovery,push_lateral,1.5,pacing,1000,0.6680355072021484,0.6680355072021484,1.293252944946289,0.2990700602531433,0.18958768248558044,0.2338683307170868,1.4084668159484863,0.18958768248558044,0.06236220896244049,0.21934789419174194,0.10472658276557922,1.1134119033813477,2.058931827545166,0.4377622902393341,0.48990368843078613,0.2338683307170868,0.18169955909252167,0.006189730949699879,0.011511243879795074,0.4216769337654114,0.0487016923725605,246.93968200683594,186.68545532226562,34.560752868652344,70.44111633300781,367.5152282714844,0.07782720029354095,0.13224998116493225,0.7230696082115173,2.120326519012451,1.1090000867843628,0.025865040719509125,0.029999924823641777,2.885007858276367,0.5,0.11999969929456711,0.3414991497993469,-0.03850006312131882,0.748629093170166,0.6851657629013062,0.8039805889129639,0.6228156089782715,0.22508497536182404,0.8106769919395447,0.27500081062316895,0.5539681911468506,0.5727107524871826,0.47293347120285034,1.0,0.9783835411071777,0.9619923830032349,0.120125412940979,0.2046751230955124,1.0,0.024000000208616257,0.0010000000474974513,0.023000001907348633,1.109,0.6520014247773895,1.3827242800500317,0.24972426586625596,0.323614867961253,1.434897845682809,0.6999312026412211,0.42626231254067215,0.13304501053964765,0.12932520359754562,0.02067442052066326,190.9446121671826,0.6992327570915222,0.5787156820297241,0.7018612623214722,0.07024887949228287,0.3775569498538971,0.43026503920555115,0.6200336217880249,0.5162057280540466,0.9619923830032349,0.9769999980926514,0.5837857753802568
pacing,3,action_space,1.0,2.9000000953674316,0.0,0.5,0.0,0.11999999731779099,-1.0,0.3400000035762787,0.0,0.0,push_lateral_pace_recovery,push_lateral,1.5,pacing,1000,0.7059046626091003,0.7059046626091003,1.3415493965148926,0.2509329915046692,0.18107113242149353,0.1892872154712677,1.2780020236968994,0.18107113242149353,0.04944711551070213,0.18502536416053772,0.09645644575357437,0.9523849487304688,1.3971552848815918,0.36718565225601196,0.39785945415496826,0.1892872154712677,0.08742779493331909,0.0032772624399513006,0.004077071789652109,0.412596732378006,0.044965118169784546,234.59982299804688,176.131103515625,34.77186965942383,70.6294937133789,275.86920166015625,0.07567985355854034,0.14150001108646393,0.7077069282531738,2.0249834060668945,1.1200000047683716,0.026830995455384254,0.029999924823641777,2.884403705596924,0.5,0.11999969929456711,0.34155964851379395,0.0,0.7785093784332275,0.7210389971733093,0.8798501491546631,0.671689510345459,0.2514309883117676,0.8366780281066895,0.30252689123153687,0.655394434928894,0.5848807096481323,0.47781530022621155,1.0,0.9775188565254211,0.9646570086479187,0.23543503880500793,0.31262505054473877,1.0,0.027000000700354576,0.006000000052154064,0.021000001579523087,1.12,0.6318811689104352,1.3446266736392125,0.22236707380073636,0.31057438038829666,1.1820132338013782,0.6307610119173254,0.2956819151272514,0.08575741501236736,0.13415497727692127,0.015844646841287613,174.87229587482622,0.7773461937904358,0.6988658308982849,0.863219141960144,0.10362834483385086,0.40685340762138367,0.43815022706985474,0.6363508105278015,0.4928748309612274,0.9646570086479187,0.9789999984204769,0.6464077702317482
pacing,3,action_space,1.0,2.9000000953674316,0.0,0.5,0.0,0.11999999731779099,-1.0,0.3400000035762787,1.0,0.03999999910593033,push_lateral_pace_recovery,push_lateral,1.5,pacing,1000,0.688387393951416,0.688387393951416,1.3489376306533813,0.22792229056358337,0.18048590421676636,0.18677744269371033,1.4640835523605347,0.18048590421676636,0.0477120578289032,0.16520628333091736,0.084381103515625,0.9454418420791626,1.387666940689087,0.38368529081344604,0.42821985483169556,0.18677744269371033,0.07792776823043823,0.0022593706380575895,0.0040423027239739895,0.40614306926727295,0.04968138784170151,224.95050048828125,165.9549560546875,35.14509582519531,70.75764465332031,346.49383544921875,0.07594333589076996,0.13875000178813934,0.7245395183563232,2.080031394958496,1.11899995803833,0.026978764683008194,0.029999924823641777,2.8855628967285156,0.5,0.11999969929456711,0.3414437174797058,0.03855555132031441,0.7944894433021545,0.7177955508232117,0.8999049663543701,0.6664657592773438,0.2642033100128174,0.8400936126708984,0.27589404582977295,0.7065449953079224,0.5789353251457214,0.4821358919143677,1.0,0.9792482256889343,0.9635076522827148,0.11899937689304352,0.2005094587802887,1.0,0.024000000208616257,0.004000000189989805,0.020000001415610313,1.119,0.6474883733209059,1.3633893167230053,0.2184308994371062,0.29048425691528446,1.1779927591836408,0.6543850967371548,0.2791554553119789,0.07938307982203499,0.13489382341504097,0.015105800703167915,166.7612314880137,0.8123741149902344,0.7054932117462158,0.8815853595733643,0.08907071501016617,0.37023112177848816,0.44384223222732544,0.6283187866210938,0.499698668718338,0.9635076522827148,0.9799999985843897,0.6526636012280598
pacing,3,action_space,1.0,2.9000000953674316,0.0,0.5,0.0,0.11999999731779099,0.0,0.3799999952316284,-1.0,-0.03999999910593033,push_lateral_pace_recovery,push_lateral,1.5,pacing,1000,0.6930320262908936,0.6930320262908936,1.3559683561325073,0.2504202425479889,0.18831908702850342,0.2215595841407776,1.330409288406372,0.18831908702850342,0.05359561741352081,0.22287598252296448,0.11068467795848846,1.0875961780548096,1.835448980331421,0.3759768009185791,0.3894142508506775,0.2215595841407776,0.11281368136405945,0.005892656277865171,0.004899218212813139,0.4253331124782562,0.04565766453742981,245.07980346679688,181.95858764648438,35.11858367919922,70.53758239746094,186.56446838378906,0.07895079255104065,0.12933331727981567,0.7000601291656494,2.0535857677459717,1.1140000820159912,0.027119377627968788,0.029999924823641777,2.8844070434570312,0.5,0.11999969929456711,0.3800007998943329,-0.03843998536467552,0.7778505682945251,0.6718915700912476,0.8211769461631775,0.6645284295082092,0.22797271609306335,0.8029716610908508,0.2948058843612671,0.5508098602294922,0.5781874656677246,0.46961385011672974,1.0,0.9775188565254211,0.9646570086479187,0.23542946577072144,0.3125874698162079,1.0,0.026000000536441803,0.006000000052154064,0.020000001415610313,1.114,0.6284201603175493,1.3577312676358806,0.2315072729171177,0.332693068696191,1.354787429942949,0.6240306489674025,0.33587747969171655,0.10388394722322747,0.13559688813984394,0.014402735978364944,180.74153600885896,0.7781459093093872,0.6120835542678833,0.8058662414550781,0.09050758928060532,0.4012569487094879,0.4271302819252014,0.6307418942451477,0.5237888693809509,0.9646570086479187,0.9799999985843897,0.6230598700543244
pacing,3,action_space,1.0,2.9000000953674316,0.0,0.5,0.0,0.11999999731779099,0.0,0.3799999952316284,0.0,0.0,push_lateral_pace_recovery,push_lateral,1.5,pacing,1000,0.7343330383300781,0.7343330383300781,1.34122896194458,0.2390463650226593,0.1872584968805313,0.2070493996143341,1.397512674331665,0.1872584968805313,0.052766185253858566,0.1973758339881897,0.10503140091896057,1.035202980041504,1.6397418975830078,0.36276546120643616,0.3897440433502197,0.2070493996143341,0.10541177541017532,0.002952912589535117,0.004533799365162849,0.43118739128112793,0.04012423753738403,240.39154052734375,176.4898223876953,34.934757232666016,70.12519836425781,384.60601806640625,0.0799238383769989,0.12674999237060547,0.8034533262252808,2.461380958557129,1.1200001239776611,0.026824582368135452,0.029999924823641777,2.8838541507720947,0.5,0.11999969929456711,0.3800007998943329,0.0,0.781024694442749,0.6930944323539734,0.8767447471618652,0.6839258670806885,0.24606752395629883,0.8164586424827576,0.2763892710208893,0.6413485407829285,0.5911722183227539,0.46760499477386475,1.0,0.9766541719436646,0.9680709838867188,0.4789927005767822,0.5337647199630737,1.0,0.027000000700354576,0.0020000000949949026,0.02500000037252903,1.12,0.7173689705984932,1.4824511734235368,0.2297089141802263,0.32408548396828973,1.2805240714578574,0.6242948368761508,0.32467179645016186,0.08652578780166041,0.13412291184067726,0.015876712277531624,179.2322916877758,0.7956684827804565,0.6513588428497314,0.8609367609024048,0.08604918420314789,0.4482138752937317,0.4221583604812622,0.5772871971130371,0.5305983424186707,0.9680709838867188,0.974999999627471,0.6368715204298496
pacing,3,action_space,1.0,2.9000000953674316,0.0,0.5,0.0,0.11999999731779099,0.0,0.3799999952316284,1.0,0.03999999910593033,push_lateral_pace_recovery,push_lateral,1.5,pacing,1000,0.7020131349563599,0.7020131349563599,1.3310294151306152,0.2668571174144745,0.18456032872200012,0.19692263007164001,1.371753454208374,0.18456032872200012,0.0507502518594265,0.17561498284339905,0.089250847697258,1.0364015102386475,1.7257020473480225,0.4145371913909912,0.5103322267532349,0.19692263007164001,0.08964483439922333,0.002788116689771414,0.0041998038068413734,0.41025763750076294,0.04922843724489212,231.42562866210938,172.152587890625,35.110626220703125,70.86985778808594,175.94113159179688,0.07715906202793121,0.12174999713897705,0.7469322085380554,2.1712112426757812,1.121999979019165,0.026620589196681976,0.029999924823641777,2.8841633796691895,0.5,0.11999969929456711,0.3800007998943329,0.03841565549373627,0.7722455263137817,0.7045010328292847,0.8921698331832886,0.6467380523681641,0.25550469756126404,0.8280059099197388,0.2812178134918213,0.6818636655807495,0.5823038816452026,0.4769870638847351,1.0,0.9766541719436646,0.9636627435684204,0.2360071837902069,0.3134225606918335,1.0,0.027000000700354576,0.006000000052154064,0.021000001579523087,1.122,0.6657149642971535,1.3910880023705323,0.2252781655186017,0.29874880367502393,1.313659791326515,0.7143754102383668,0.29940747218334973,0.08359378264328507,0.13310294598340988,0.016896678134799004,173.86965759836295,0.7521263957023621,0.6785580515861511,0.8695682883262634,0.0919271782040596,0.3736003339290619,0.44020476937294006,0.616447925567627,0.544030487537384,0.9636627435684204,0.9789999984204769,0.6376564225707299
pacing,3,action_space,1.0,2.9000000953674316,0.0,0.5,0.0,0.11999999731779099,1.0,0.3799999952316284,-1.0,-0.03999999910593033,push_lateral_pace_recovery,push_lateral,1.5,pacing,1000,0.68072509765625,0.68072509765625,1.3482022285461426,0.2453259825706482,0.18057118356227875,0.1830393373966217,1.3621636629104614,0.18057118356227875,0.04851555451750755,0.21940328180789948,0.10336257517337799,1.1129648685455322,1.9200319051742554,0.3553946018218994,0.3204559087753296,0.1830393373966217,0.07853491604328156,0.005891874432563782,0.004530187230557203,0.4174480438232422,0.04924466833472252,235.63619995117188,176.01441955566406,34.897621154785156,70.25970458984375,214.6524200439453,0.0781063586473465,0.1340000033378601,0.7129369974136353,2.1055123805999756,1.128000020980835,0.026964053511619568,0.029999924823641777,2.8850059509277344,0.5,0.11999969929456711,0.3800007998943329,-0.03849988058209419,0.7796609997749329,0.7237966060638428,0.8261300921440125,0.6836798191070557,0.22576864063739777,0.8392559885978699,0.2939909100532532,0.5486446619033813,0.5911714434623718,0.4706992506980896,1.0,0.9783835411071777,0.9619923830032349,0.12012714147567749,0.20468661189079285,1.0,0.026000000536441803,0.00800000037997961,0.018000001087784767,1.128,0.6320363037975122,1.3662316187311037,0.22026246733728275,0.3215005057124763,1.385652158795365,0.5660882517552627,0.2802408179464254,0.10208849917165491,0.13482026755809784,0.015179356560111046,174.7780822208507,0.7860465049743652,0.7153137922286987,0.8118487596511841,0.09705526381731033,0.37347903847694397,0.4339195787906647,0.6271013021469116,0.5117085576057434,0.9619923830032349,0.9819999989122152,0.6409845076119288
pacing,3,action_space,1.0,2.9000000953674316,0.0,0.5,0.0,0.11999999731779099,1.0,0.3799999952316284,0.0,0.0,push_lateral_pace_recovery,push_lateral,1.5,pacing,1000,0.6905097365379333,0.6905097365379333,1.3084673881530762,0.28399068117141724,0.20386448502540588,0.22270286083221436,1.4507286548614502,0.20386448502540588,0.07140567898750305,0.2008047103881836,0.10041500627994537,1.0739061832427979,1.8387606143951416,0.40969759225845337,0.45762771368026733,0.22270286083221436,0.15060460567474365,0.004041846841573715,0.006096268072724342,0.42740100622177124,0.05364372953772545,239.29464721679688,178.92320251464844,35.016361236572266,70.18189239501953,290.2873229980469,0.07909153401851654,0.1237500011920929,0.7673636674880981,2.3344526290893555,1.1160000562667847,0.026169363409280777,0.029999924823641777,2.8856067657470703,0.5,0.11999969929456711,0.3800007998943329,0.0,0.753943681716919,0.6962122917175293,0.8590495586395264,0.6468237638473511,0.23788639903068542,0.8139371871948242,0.26176416873931885,0.6210687160491943,0.5788314938545227,0.46756333112716675,1.0,0.9792482256889343,0.9673757553100586,0.2328510880470276,0.30407989025115967,1.0,0.024000000208616257,0.004999999888241291,0.01900000125169754,1.116,0.6876018346424171,1.4463068270322266,0.26721841064474405,0.31688326917012416,1.3560090760740289,0.6764818650047223,0.3880780922375594,0.10068820643103173,0.13084681704640388,0.019152807071805,182.88162883032592,0.724261462688446,0.6089825630187988,0.8164722919464111,0.05619978532195091,0.34202393889427185,0.42536741495132446,0.5927687883377075,0.5386173129081726,0.9673757553100586,0.9809999987483025,0.6067050009583814
pacing,3,action_space,1.0,2.9000000953674316,0.0,0.5,0.0,0.11999999731779099,1.0,0.3799999952316284,1.0,0.03999999910593033,push_lateral_pace_recovery,push_lateral,1.5,pacing,1000,0.6812193393707275,0.6812193393707275,1.3437366485595703,0.2299698293209076,0.18932975828647614,0.19443416595458984,1.5431392192840576,0.18932975828647614,0.05221070349216461,0.17204441130161285,0.09499262273311615,1.008174180984497,1.6021299362182617,0.3565393090248108,0.3423376679420471,0.19443416595458984,0.088037870824337,0.002087435219436884,0.0039026837330311537,0.4217560887336731,0.04338831454515457,233.72921752929688,173.4041290283203,34.780784606933594,70.33061218261719,187.12142944335938,0.07877697050571442,0.1211666539311409,0.6881793737411499,1.9900181293487549,1.13100004196167,0.026874728500843048,0.029999924823641777,2.8844070434570312,0.5,0.11999969929456711,0.3800007998943329,0.03843999654054642,0.7885076999664307,0.7072087526321411,0.9007527828216553,0.6788331270217896,0.2542044520378113,0.8284680843353271,0.24065834283828735,0.6972428560256958,0.5912976861000061,0.4714730978012085,1.0,0.9775188565254211,0.9604721069335938,0.12130226194858551,0.20923689007759094,1.0,0.026000000536441803,0.004999999888241291,0.021000001579523087,1.131,0.6084697800964302,1.326469312418171,0.2284966159315376,0.3082087324089247,1.2657527152719292,0.585096289461869,0.296711763879252,0.07739585875528508,0.13437364250421524,0.015625981613993645,173.93975060503473,0.8093332648277283,0.6851986646652222,0.8870957493782043,0.07521886378526688,0.419888436794281,0.43019694089889526,0.6441135406494141,0.545619547367096,0.9604721069335938,0.9789999984204769,0.6460696942149063
pacing,3,action_space,1.0,2.9000000953674316,0.0,0.5,1.0,0.11999999731779099,-1.0,0.3400000035762787,-1.0,-0.03999999910593033,push_lateral_pace_recovery,push_lateral,1.5,pacing,1000,0.6656322479248047,0.6656322479248047,1.3267822265625,0.26542598009109497,0.185602605342865,0.19785529375076294,1.4088749885559082,0.185602605342865,0.053911395370960236,0.2200746089220047,0.10704319179058075,1.0448635816574097,1.730006217956543,0.390656054019928,0.4050579369068146,0.19785529375076294,0.08245816826820374,0.0060892896726727486,0.005042499862611294,0.41850733757019043,0.048561979085206985,232.30191040039062,171.38363647460938,35.13888931274414,70.75541687011719,435.40997314453125,0.07644450664520264,0.13058331608772278,0.7445342540740967,2.2387447357177734,1.1170001029968262,0.026535639539361,0.029999924823641777,2.8838229179382324,0.5,0.11999969929456711,0.3416177034378052,-0.03838156908750534,0.7613372802734375,0.6955665946006775,0.8201837539672852,0.6592569947242737,0.25215667486190796,0.8209352493286133,0.2789311110973358,0.5595779418945312,0.5815256834030151,0.4719771146774292,1.0,0.9766541719436646,0.9549822211265564,0.06754262745380402,0.16383111476898193,1.0,0.027000000700354576,0.004999999888241291,0.02200000174343586,1.117,0.6665481116586001,1.4157145381228264,0.2321882756965998,0.32717455859308614,1.315297007506876,0.6364416209730588,0.28715530339557327,0.10550729612346267,0.132678197696805,0.017321426421403885,175.08669150795842,0.7544216513633728,0.6760642528533936,0.8004063367843628,0.08315050601959229,0.3786134421825409,0.43300125002861023,0.6058869361877441,0.5205253958702087,0.9549822211265564,0.9779999982565641,0.6242950496574243
pacing,3,action_space,1.0,2.9000000953674316,0.0,0.5,1.0,0.11999999731779099,-1.0,0.3400000035762787,0.0,0.0,push_lateral_pace_recovery,push_lateral,1.5,pacing,1000,0.6804726123809814,0.6804726123809814,1.3294236660003662,0.2400149703025818,0.18593108654022217,0.1947561502456665,1.5213048458099365,0.18593108654022217,0.0509675070643425,0.1921078860759735,0.09940162301063538,0.9779846668243408,1.4941929578781128,0.38248878717422485,0.3990648686885834,0.1947561502456665,0.09263679385185242,0.0030316649936139584,0.004146796651184559,0.41685351729393005,0.04323654621839523,231.6743927001953,170.20407104492188,35.01372528076172,70.31716918945312,349.5497741699219,0.07671262323856354,0.12233331799507141,0.7341551780700684,2.1230311393737793,1.1200001239776611,0.026588480919599533,0.029999924823641777,2.8838353157043457,0.5,0.11999969929456711,0.3416164517402649,0.0,0.7790014743804932,0.717616081237793,0.8807932138442993,0.6686685085296631,0.2702297568321228,0.8350502252578735,0.2511570453643799,0.6475390791893005,0.5984238982200623,0.4733737111091614,1.0,0.9766541719436646,0.9589554071426392,0.12244667112827301,0.21353965997695923,1.0,0.027000000700354576,0.007000000216066837,0.019999999552965164,1.12,0.6554956708635603,1.3767946099868082,0.22575984378171088,0.3152802293367527,1.2223718574468707,0.6317158132329627,0.3043629311395401,0.0847258027096735,0.13294240459799767,0.01705721952021122,174.26678840252532,0.7941930294036865,0.6843405961990356,0.866260826587677,0.07881476730108261,0.4211648404598236,0.4344358444213867,0.6225752234458923,0.5424460768699646,0.9589554071426392,0.9800000004470348,0.6415724121989349
pacing,3,action_space,1.0,2.9000000953674316,0.0,0.5,1.0,0.11999999731779099,-1.0,0.3400000035762787,1.0,0.03999999910593033,push_lateral_pace_recovery,push_lateral,1.5,pacing,1000,0.6843219995498657,0.6843219995498657,1.3476165533065796,0.22957029938697815,0.18284446001052856,0.19102290272712708,1.3156676292419434,0.18284446001052856,0.0503067672252655,0.16488981246948242,0.08801309019327164,0.9482414722442627,1.4453015327453613,0.37121590971946716,0.37931734323501587,0.19102290272712708,0.07846780121326447,0.0021746864076703787,0.003924728371202946,0.41554349660873413,0.04361853003501892,229.96136474609375,171.1136474609375,34.977149963378906,70.5513916015625,391.85809326171875,0.07597635686397552,0.13374999165534973,0.7602028846740723,2.211933135986328,1.1200001239776611,0.02695232629776001,0.029999924823641777,2.8849573135375977,0.5,0.11999969929456711,0.3415042459964752,0.03849498927593231,0.7916317582130432,0.7115257978439331,0.9015726447105408,0.6697292923927307,0.2715883255004883,0.8326103687286377,0.3022294044494629,0.7061881422996521,0.5835422873497009,0.47645628452301025,1.0,0.9783835411071777,0.9583017826080322,0.0656038373708725,0.15515440702438354,1.0,0.02500000037252903,0.010000000707805157,0.015000000596046448,1.12,0.6787525721958705,1.4053256045334315,0.22429170119570965,0.2966700021796468,1.202206942562453,0.6158874436413003,0.28012104742997174,0.07809875017484802,0.13476163148880005,0.015237992629408836,170.64302466591778,0.8099278807640076,0.6942678093910217,0.8851587176322937,0.09809654951095581,0.4179595708847046,0.43557557463645935,0.6103425025939941,0.5123486518859863,0.9583017826080322,0.9849999994039536,0.6546449084312488
pacing,3,action_space,1.0,2.9000000953674316,0.0,0.5,1.0,0.11999999731779099,0.0,0.3799999952316284,-1.0,-0.03999999910593033,push_lateral_pace_recovery,push_lateral,1.5,pacing,1000,0.6677213907241821,0.6677213907241821,1.3454796075820923,0.24049881100654602,0.18363681435585022,0.20312528312206268,1.6863877773284912,0.18363681435585022,0.04926544427871704,0.2247806340456009,0.11113095283508301,1.0559120178222656,1.7089762687683105,0.3917442262172699,0.4407193660736084,0.20312528312206268,0.08739329874515533,0.0058546168729662895,0.004192917607724667,0.413607656955719,0.038716383278369904,237.9097900390625,177.81033325195312,34.630550384521484,70.05691528320312,210.59262084960938,0.07999739050865173,0.1184166669845581,0.7192988395690918,2.083683967590332,1.1180000305175781,0.026909589767456055,0.029999924823641777,2.884384870529175,0.5,0.11999969929456711,0.3800007998943329,-0.038437776267528534,0.7835969924926758,0.6913998126983643,0.8290885090827942,0.6626812219619751,0.24605980515480042,0.8193720579147339,0.22614073753356934,0.5460675954818726,0.603488564491272,0.4721752405166626,1.0,0.9775188565254211,0.9604706168174744,0.12132662534713745,0.20941582322120667,1.0,0.026000000536441803,0.004000000189989805,0.02199999988079071,1.118,0.6433799893783542,1.3651960883325933,0.22195820390045745,0.3333630945906925,1.3072781910398072,0.663866979201111,0.29562357609831347,0.10023739063189423,0.13454794883728027,0.015451675280928612,176.82155024749926,0.7934548258781433,0.6619277596473694,0.8179527521133423,0.06913482397794724,0.46101364493370056,0.4372652471065521,0.6275448799133301,0.5531736612319946,0.9604706168174744,0.9780000001192093,0.6282578920706725
pacing,3,action_space,1.0,2.9000000953674316,0.0,0.5,1.0,0.11999999731779099,0.0,0.3799999952316284,0.0,0.0,push_lateral_pace_recovery,push_lateral,1.5,pacing,1000,0.6937072277069092,0.6937072277069092,1.33011794090271,0.2417241632938385,0.1884855031967163,0.20267511904239655,1.5692994594573975,0.1884855031967163,0.05297950655221939,0.19483578205108643,0.10496265441179276,1.053828239440918,1.6742911338806152,0.37109798192977905,0.35671165585517883,0.20267511904239655,0.09572166204452515,0.003388653974980116,0.004675600677728653,0.4278615117073059,0.044481389224529266,237.2052001953125,176.50802612304688,34.594024658203125,69.84463500976562,292.2832946777344,0.08001567423343658,0.12824997305870056,0.7080511450767517,2.0819735527038574,1.11899995803833,0.026602357625961304,0.029999924823641777,2.8850114345550537,0.5,0.11999969929456711,0.3800007998943329,0.0,0.7799617052078247,0.6930770874023438,0.8703961372375488,0.66703200340271,0.24216851592063904,0.8188867568969727,0.2523403763771057,0.6385745406150818,0.5831025838851929,0.46908533573150635,1.0,0.9783835411071777,0.9660165309906006,0.23413270711898804,0.3082802891731262,1.0,0.02500000037252903,0.00800000037997961,0.017000000923871994,1.119,0.6327534829856457,1.3640255909649182,0.23017277543666928,0.3239794043018672,1.2939440226998289,0.5972534268258147,0.30938917570678703,0.08980119516303092,0.13301178812980652,0.016987835988402367,178.33396039627033,0.7915816307067871,0.6631380915641785,0.8510494232177734,0.07215854525566101,0.41080862283706665,0.42497581243515015,0.6280462741851807,0.5266337990760803,0.9660165309906006,0.982999999076128,0.6347773527869811
pacing,3,action_space,1.0,2.9000000953674316,0.0,0.5,1.0,0.11999999731779099,0.0,0.3799999952316284,1.0,0.03999999910593033,push_lateral_pace_recovery,push_lateral,1.5,pacing,1000,0.6907535791397095,0.6907535791397095,1.3403624296188354,0.23162083327770233,0.18460631370544434,0.1913108080625534,1.3319430351257324,0.18460631370544434,0.051648661494255066,0.18077069520950317,0.09979210793972015,1.010048270225525,1.6698946952819824,0.3963004946708679,0.43301844596862793,0.1913108080625534,0.09151679277420044,0.0024885241873562336,0.003967565484344959,0.4180834889411926,0.03816425800323486,239.04525756835938,177.74191284179688,34.9631233215332,70.83474731445312,439.2157897949219,0.07875935733318329,0.12458331882953644,0.753220796585083,2.1977105140686035,1.1230000257492065,0.026807256042957306,0.029999924823641777,2.8844075202941895,0.5,0.11999969929456711,0.3800007998943329,0.038440026342868805,0.7870174050331116,0.7182290554046631,0.8977084159851074,0.6602655053138733,0.25824981927871704,0.8365758061408997,0.2935906648635864,0.6842864751815796,0.598076343536377,0.47704607248306274,1.0,0.9775189161300659,0.960472047328949,0.12130185961723328,0.20923417806625366,1.0,0.026000000536441803,0.003000000026077032,0.023000001907348633,1.123,0.6707220170928874,1.398927908129782,0.2272634187330972,0.3158988887915248,1.2922440540710498,0.6580413710160083,0.30251742557115685,0.08034979571661145,0.13403628021478653,0.015963343903422356,178.34374665092463,0.8068699240684509,0.6935040354728699,0.8788669109344482,0.09395716339349747,0.46613258123397827,0.433368444442749,0.6130861639976501,0.5363777875900269,0.960472047328949,0.9769999980926514,0.649871805921579
pacing,3,action_space,1.0,2.9000000953674316,0.0,0.5,1.0,0.11999999731779099,1.0,0.3799999952316284,-1.0,-0.03999999910593033,push_lateral_pace_recovery,push_lateral,1.5,pacing,1000,0.6723895072937012,0.6723895072937012,1.344689130783081,0.24275200068950653,0.18559077382087708,0.19728007912635803,1.3207695484161377,0.18559077382087708,0.05217093974351883,0.2244027554988861,0.11153054237365723,1.0711569786071777,1.7107681035995483,0.39676433801651,0.4014500379562378,0.19728007912635803,0.08654330670833588,0.00603305920958519,0.004499540198594332,0.4279795289039612,0.047193244099617004,242.38356018066406,180.81097412109375,35.357139587402344,71.26283264160156,322.8381042480469,0.07845919579267502,0.12224999070167542,0.7445439100265503,2.2772789001464844,1.130000114440918,0.026893796399235725,0.029999924823641777,2.8838109970092773,0.5,0.11999969929456711,0.3800007998943329,-0.038380373269319534,0.7767765522003174,0.6946289539337158,0.8237360715866089,0.6493300199508667,0.2301541268825531,0.8247842788696289,0.3041689097881317,0.5512276887893677,0.5900043249130249,0.46761494874954224,1.0,0.9766542315483093,0.9549805521965027,0.06755062192678452,0.16389748454093933,1.0,0.027000000700354576,0.00800000037997961,0.01900000125169754,1.13,0.658888393165791,1.419609446663559,0.22840958767862357,0.33396188760644113,1.3079633418408745,0.6336008506593388,0.2941824377972551,0.10262845320952431,0.13446898199617863,0.015530642122030258,180.25248708562978,0.7900064587593079,0.6776025891304016,0.8100559115409851,0.09402557462453842,0.38912102580070496,0.42487552762031555,0.604216456413269,0.5426721572875977,0.9549805521965027,0.9809999987483025,0.6351528056921103
pacing,3,action_space,1.0,2.9000000953674316,0.0,0.5,1.0,0.11999999731779099,1.0,0.3799999952316284,0.0,0.0,push_lateral_pace_recovery,push_lateral,1.5,pacing,1000,0.6708882451057434,0.6708882451057434,1.3141757249832153,0.26890435814857483,0.1929345726966858,0.22074902057647705,1.5889883041381836,0.1929345726966858,0.06102029234170914,0.20160327851772308,0.10263507068157196,1.077307939529419,1.8691307306289673,0.3913537859916687,0.3891838788986206,0.22074902057647705,0.1286272257566452,0.0036070868372917175,0.005670678801834583,0.4205036163330078,0.0485837459564209,238.3186798095703,178.82281494140625,34.34326171875,69.95197296142578,355.2682189941406,0.0795540064573288,0.13966664671897888,0.7399184703826904,2.214073896408081,1.1119999885559082,0.02628351002931595,0.029999924823641777,2.8844542503356934,0.5,0.11999969929456711,0.3800007998943329,0.0,0.7605398297309875,0.678351640701294,0.866084098815918,0.6529541015625,0.24488843977451324,0.8069888353347778,0.23845937848091125,0.6222696900367737,0.5838329195976257,0.46980708837509155,1.0,0.9775188565254211,0.960482120513916,0.12124817073345184,0.20875203609466553,1.0,0.026000000536441803,0.005000000353902578,0.021000001579523087,1.112,0.6653942958914119,1.4110540381654335,0.24702285793365183,0.32036708738815844,1.367161559812507,0.6238460378159186,0.3586463798181228,0.09632115883400853,0.13141755014657974,0.018582073971629143,181.34460656896863,0.7488337755203247,0.614281952381134,0.8306428790092468,0.06024147942662239,0.37844863533973694,0.4312759041786194,0.6078857183456421,0.49741366505622864,0.960482120513916,0.9789999984204769,0.6144106464508252
pacing,3,action_space,1.0,2.9000000953674316,0.0,0.5,1.0,0.11999999731779099,1.0,0.3799999952316284,1.0,0.03999999910593033,push_lateral_pace_recovery,push_lateral,1.5,pacing,1000,0.6786938905715942,0.6786938905715942,1.3363338708877563,0.24819844961166382,0.1818738877773285,0.1808646321296692,1.4915239810943604,0.1818738877773285,0.049110740423202515,0.1798156052827835,0.0981810912489891,1.008230447769165,1.5543322563171387,0.3784489333629608,0.37165021896362305,0.1808646321296692,0.07709057629108429,0.0023375190794467926,0.003845552448183298,0.42013418674468994,0.04502641409635544,239.32952880859375,180.53466796875,34.97713088989258,70.48189544677734,429.42181396484375,0.07747996598482132,0.12666666507720947,0.7131835222244263,2.026698350906372,1.1319999694824219,0.026726674288511276,0.029999924823641777,2.8844075202941895,0.5,0.11999969929456711,0.3800007998943329,0.03844001889228821,0.7792952060699463,0.732623815536499,0.9010286331176758,0.6573037505149841,0.2554895579814911,0.8442548513412476,0.2681468725204468,0.6833066940307617,0.594426155090332,0.4772656559944153,1.0,0.9775188565254211,0.9566478729248047,0.066560760140419,0.15935282409191132,1.0,0.026000000536441803,0.007000000216066837,0.01900000125169754,1.132,0.6300207346993706,1.338046927328429,0.22160943216208673,0.31333862074278224,1.2467286217606215,0.6096312155423335,0.2776518976904071,0.07863250935605509,0.13363337144255638,0.016366252675652504,179.0941126483622,0.7816017866134644,0.7209970951080322,0.8836789727210999,0.084269218146801,0.4063549339771271,0.4315946698188782,0.6391651630401611,0.5308194756507874,0.9566478729248047,0.9809999987483025,0.6483988486803495
