candidate,task_id,cmd_vx,top_gait,second_gait,metric,top_score,second_score,top_minus_second
balanced,flat_trot_efficiency,0.5,pacing,pronking,tracking,0.987083911895752,0.9883027076721191,-0.0012187957763671875
balanced,flat_trot_efficiency,0.5,pacing,pronking,yaw,0.8386761546134949,0.915241003036499,-0.07656484842300415
balanced,flat_trot_efficiency,0.5,pacing,pronking,orientation,0.8168860673904419,0.8696674704551697,-0.05278140306472778
balanced,flat_trot_efficiency,0.5,pacing,pronking,lateral,0.06808607280254364,0.25467339158058167,-0.18658731877803802
balanced,flat_trot_efficiency,0.5,pacing,pronking,slip,0.6288707256317139,0.7658694386482239,-0.13699871301651
balanced,flat_trot_efficiency,0.5,pacing,pronking,energy,0.5474758148193359,0.5030423402786255,0.04443347454071045
balanced,flat_trot_efficiency,0.5,pacing,pronking,impact,0.9302250146865845,0.5972669124603271,0.3329581022262573
balanced,flat_trot_efficiency,0.5,pacing,pronking,scuff,0.7029285430908203,0.5015760660171509,0.20135247707366943
balanced,flat_trot_efficiency,0.5,pacing,pronking,smoothness,0.9881699085235596,0.9911057949066162,-0.0029358863830566406
balanced,flat_trot_efficiency,0.5,pacing,pronking,survival,0.9899999992921948,0.9909999994561076,-0.0010000001639127731
balanced,flat_trot_efficiency,0.5,pacing,pronking,clearance,1.0,0.5,0.5
balanced,flat_trot_efficiency,0.5,pacing,pronking,boundary,0.4813936948776245,1.0,-0.5186063051223755
balanced,flat_trot_efficiency,0.5,pacing,pronking,vx_abs_error_mean,0.0570092536509037,0.05423619598150253,0.002773057669401169
balanced,flat_trot_efficiency,0.5,pacing,pronking,fall_rate,0.010000000707805157,0.009000000543892384,0.0010000001639127731
balanced,flat_trot_efficiency,0.5,pacing,pronking,lateral_offset_abs_mean,1.507596731185913,1.295474886894226,0.212121844291687
balanced,flat_trot_efficiency,0.5,pacing,pronking,scuffing_ratio_mean,0.07050000131130219,0.1380000114440918,-0.06750001013278961
balanced,flat_trot_efficiency,0.5,pacing,pronking,foot_impact_vel_sum_mean,0.1513606756925583,0.7984240055084229,-0.6470633298158646
balanced,flat_trot_efficiency,0.5,pacing,pronking,transport_cost_proxy,188.00748040219793,245.46789435664044,-57.460413954442515
balanced,flat_trot_efficiency,0.5,pacing,pronking,foot_impact_vel_rms,0.5378801917147509,1.435814950124181,-0.8979347584094302
balanced,flat_trot_efficiency,0.5,pacing,pronking,orientation_rms,0.10056232550241671,0.08355967501766003,0.017002650484756687
balanced,flat_trot_efficiency,0.5,pacing,pronking,lateral_vel_rms,0.24283595335180136,0.06012426639233748,0.18271168695946388
balanced,flat_trot_efficiency,1.0,pronking,trotting,tracking,0.9240723252296448,0.9353487491607666,-0.011276423931121826
balanced,flat_trot_efficiency,1.0,pronking,trotting,yaw,0.8649044036865234,0.7697497010231018,0.09515470266342163
balanced,flat_trot_efficiency,1.0,pronking,trotting,orientation,0.8907532095909119,0.9088102579116821,-0.018057048320770264
balanced,flat_trot_efficiency,1.0,pronking,trotting,lateral,0.23210103809833527,0.30128586292266846,-0.06918482482433319
balanced,flat_trot_efficiency,1.0,pronking,trotting,slip,0.7729372978210449,0.6860528588294983,0.08688443899154663
balanced,flat_trot_efficiency,1.0,pronking,trotting,energy,0.4857826232910156,0.4967673420906067,-0.010984718799591064
balanced,flat_trot_efficiency,1.0,pronking,trotting,impact,0.6572407484054565,0.713991105556488,-0.056750357151031494
balanced,flat_trot_efficiency,1.0,pronking,trotting,scuff,0.5038802027702332,0.44597160816192627,0.057908594608306885
balanced,flat_trot_efficiency,1.0,pronking,trotting,smoothness,0.9822114706039429,1.0,-0.01778852939605713
balanced,flat_trot_efficiency,1.0,pronking,trotting,survival,0.982999999076128,0.9819999989122152,0.0010000001639127731
balanced,flat_trot_efficiency,1.0,pronking,trotting,clearance,0.5,0.5,0.0
balanced,flat_trot_efficiency,1.0,pronking,trotting,boundary,1.0,1.0,0.0
balanced,flat_trot_efficiency,1.0,pronking,trotting,vx_abs_error_mean,0.14050352573394775,0.12926310300827026,0.01124042272567749
balanced,flat_trot_efficiency,1.0,pronking,trotting,fall_rate,0.017000000923871994,0.018000001087784767,-0.0010000001639127731
balanced,flat_trot_efficiency,1.0,pronking,trotting,lateral_offset_abs_mean,1.2840304374694824,1.0688319206237793,0.21519851684570312
balanced,flat_trot_efficiency,1.0,pronking,trotting,scuffing_ratio_mean,0.13708333671092987,0.1615000069141388,-0.024416670203208923
balanced,flat_trot_efficiency,1.0,pronking,trotting,foot_impact_vel_sum_mean,0.6514879465103149,0.6129928231239319,0.03849512338638306
balanced,flat_trot_efficiency,1.0,pronking,trotting,transport_cost_proxy,181.93278962575167,145.21879293661158,36.71399668914009
balanced,flat_trot_efficiency,1.0,pronking,trotting,foot_impact_vel_rms,1.2956926240876478,1.1608354402151921,0.1348571838724557
balanced,flat_trot_efficiency,1.0,pronking,trotting,orientation_rms,0.0760551951290543,0.0691443848059099,0.0069108103231444035
balanced,flat_trot_efficiency,1.0,pronking,trotting,lateral_vel_rms,0.09395531682379749,0.08088997109988678,0.013065345723910701
balanced,flat_trot_efficiency,1.5,trotting,pronking,tracking,0.851686954498291,0.802014946937561,0.04967200756072998
balanced,flat_trot_efficiency,1.5,trotting,pronking,yaw,0.6754521727561951,0.8249346017837524,-0.14948242902755737
balanced,flat_trot_efficiency,1.5,trotting,pronking,orientation,0.9081472158432007,0.897905707359314,0.010241508483886719
balanced,flat_trot_efficiency,1.5,trotting,pronking,lateral,0.19519315659999847,0.2301182746887207,-0.03492511808872223
balanced,flat_trot_efficiency,1.5,trotting,pronking,slip,0.6315993666648865,0.6004946231842041,0.031104743480682373
balanced,flat_trot_efficiency,1.5,trotting,pronking,energy,0.45116597414016724,0.42408981919288635,0.027076154947280884
balanced,flat_trot_efficiency,1.5,trotting,pronking,impact,0.6099174618721008,0.5708321332931519,0.039085328578948975
balanced,flat_trot_efficiency,1.5,trotting,pronking,scuff,0.4696190655231476,0.47970524430274963,-0.01008617877960205
balanced,flat_trot_efficiency,1.5,trotting,pronking,smoothness,0.977275550365448,0.9660163521766663,0.011259198188781738
balanced,flat_trot_efficiency,1.5,trotting,pronking,survival,0.9779999982565641,0.9799999985843897,-0.0020000003278255463
balanced,flat_trot_efficiency,1.5,trotting,pronking,clearance,0.8603752851486206,0.8609377145767212,-0.0005624294281005859
balanced,flat_trot_efficiency,1.5,trotting,pronking,boundary,0.312583863735199,0.3083275258541107,0.004256337881088257
balanced,flat_trot_efficiency,1.5,trotting,pronking,vx_abs_error_mean,0.20033486187458038,0.2348552942276001,-0.034520432353019714
balanced,flat_trot_efficiency,1.5,trotting,pronking,fall_rate,0.02200000174343586,0.020000001415610313,0.0020000003278255463
balanced,flat_trot_efficiency,1.5,trotting,pronking,lateral_offset_abs_mean,1.3916726112365723,1.2943097352981567,0.09736287593841553
balanced,flat_trot_efficiency,1.5,trotting,pronking,scuffing_ratio_mean,0.15116667747497559,0.1469166874885559,0.004249989986419678
balanced,flat_trot_efficiency,1.5,trotting,pronking,foot_impact_vel_sum_mean,0.7567058801651001,0.763770580291748,-0.007064700126647949
balanced,flat_trot_efficiency,1.5,trotting,pronking,transport_cost_proxy,170.19010607925756,178.19652862381113,-8.006422544553573
balanced,flat_trot_efficiency,1.5,trotting,pronking,foot_impact_vel_rms,1.4063166460452188,1.497544759873926,-0.09122811382870721
balanced,flat_trot_efficiency,1.5,trotting,pronking,orientation_rms,0.0694077708986597,0.07337923103414977,-0.003971460135490074
balanced,flat_trot_efficiency,1.5,trotting,pronking,lateral_vel_rms,0.11002114715825168,0.09350190515349423,0.016519242004757448
balanced,flat_trot_efficiency,2.0,trotting,pronking,tracking,0.623447835445404,0.3913678824901581,0.23207995295524597
balanced,flat_trot_efficiency,2.0,trotting,pronking,yaw,0.5813249945640564,0.783631443977356,-0.20230644941329956
balanced,flat_trot_efficiency,2.0,trotting,pronking,orientation,0.921246349811554,0.8609147071838379,0.060331642627716064
balanced,flat_trot_efficiency,2.0,trotting,pronking,lateral,0.17239901423454285,0.20945127308368683,-0.03705225884914398
balanced,flat_trot_efficiency,2.0,trotting,pronking,slip,0.5377184748649597,0.5281270146369934,0.009591460227966309
balanced,flat_trot_efficiency,2.0,trotting,pronking,energy,0.3786922097206116,0.37248921394348145,0.006202995777130127
balanced,flat_trot_efficiency,2.0,trotting,pronking,impact,0.5650234818458557,0.5293290615081787,0.035694420337677
balanced,flat_trot_efficiency,2.0,trotting,pronking,scuff,0.4745364785194397,0.4690324068069458,0.0055040717124938965
balanced,flat_trot_efficiency,2.0,trotting,pronking,smoothness,0.961129903793335,0.9645196199417114,-0.003389716148376465
balanced,flat_trot_efficiency,2.0,trotting,pronking,survival,0.9749999977648258,0.9719999991357327,0.00299999862909317
balanced,flat_trot_efficiency,2.0,trotting,pronking,clearance,0.856558620929718,0.8581252098083496,-0.0015665888786315918
balanced,flat_trot_efficiency,2.0,trotting,pronking,boundary,0.23931708931922913,0.543789267539978,-0.3044721782207489
balanced,flat_trot_efficiency,2.0,trotting,pronking,vx_abs_error_mean,0.34368962049484253,0.48427969217300415,-0.14059007167816162
balanced,flat_trot_efficiency,2.0,trotting,pronking,fall_rate,0.02500000223517418,0.02800000086426735,-0.00299999862909317
balanced,flat_trot_efficiency,2.0,trotting,pronking,lateral_offset_abs_mean,1.4564552307128906,1.2782647609710693,0.1781904697418213
balanced,flat_trot_efficiency,2.0,trotting,pronking,scuffing_ratio_mean,0.14908334612846375,0.15141668915748596,-0.002333343029022217
balanced,flat_trot_efficiency,2.0,trotting,pronking,foot_impact_vel_sum_mean,0.9081380367279053,0.7731404304504395,0.13499760627746582
balanced,flat_trot_efficiency,2.0,trotting,pronking,transport_cost_proxy,184.19945806049162,198.52848233676076,-14.329024276269138
balanced,flat_trot_efficiency,2.0,trotting,pronking,foot_impact_vel_rms,1.5111426683033387,1.5951739698941547,-0.08403130159081607
balanced,flat_trot_efficiency,2.0,trotting,pronking,orientation_rms,0.06404210113316952,0.08653319144542164,-0.02249109031225212
balanced,flat_trot_efficiency,2.0,trotting,pronking,lateral_vel_rms,0.12277793254627975,0.11937321956165596,0.0034047129846237895
balanced,push_lateral_pace_recovery,1.2,trotting,pronking,tracking,0.8918711543083191,0.8461586833000183,0.04571247100830078
balanced,push_lateral_pace_recovery,1.2,trotting,pronking,yaw,0.7333655953407288,0.837988018989563,-0.10462242364883423
balanced,push_lateral_pace_recovery,1.2,trotting,pronking,orientation,0.9070465564727783,0.8765112161636353,0.030535340309143066
balanced,push_lateral_pace_recovery,1.2,trotting,pronking,lateral,0.18645916879177094,0.20310483872890472,-0.01664566993713379
balanced,push_lateral_pace_recovery,1.2,trotting,pronking,slip,0.6919593214988708,0.628734827041626,0.06322449445724487
balanced,push_lateral_pace_recovery,1.2,trotting,pronking,energy,0.4860821068286896,0.4648348391056061,0.021247267723083496
balanced,push_lateral_pace_recovery,1.2,trotting,pronking,impact,0.6908392906188965,0.5977177023887634,0.09312158823013306
balanced,push_lateral_pace_recovery,1.2,trotting,pronking,scuff,0.43823495507240295,0.4980357885360718,-0.05980083346366882
balanced,push_lateral_pace_recovery,1.2,trotting,pronking,smoothness,1.0,0.9802349805831909,0.019765019416809082
balanced,push_lateral_pace_recovery,1.2,trotting,pronking,survival,0.9839999992400408,0.9869999997317791,-0.0030000004917383194
balanced,push_lateral_pace_recovery,1.2,trotting,pronking,clearance,0.5,0.5,0.0
balanced,push_lateral_pace_recovery,1.2,trotting,pronking,boundary,1.0,1.0,0.0
balanced,push_lateral_pace_recovery,1.2,trotting,pronking,vx_abs_error_mean,0.16914016008377075,0.20435775816440582,-0.03521759808063507
balanced,push_lateral_pace_recovery,1.2,trotting,pronking,fall_rate,0.01600000075995922,0.013000000268220901,0.0030000004917383194
balanced,push_lateral_pace_recovery,1.2,trotting,pronking,lateral_offset_abs_mean,1.3474876880645752,1.334833025932312,0.012654662132263184
balanced,push_lateral_pace_recovery,1.2,trotting,pronking,scuffing_ratio_mean,0.16500002145767212,0.1394166648387909,0.025583356618881226
balanced,push_lateral_pace_recovery,1.2,trotting,pronking,foot_impact_vel_sum_mean,0.6529302000999451,0.7816007137298584,-0.12867051362991333
balanced,push_lateral_pace_recovery,1.2,trotting,pronking,transport_cost_proxy,147.88206300331754,173.60987884067106,-25.727815837353518
balanced,push_lateral_pace_recovery,1.2,trotting,pronking,foot_impact_vel_rms,1.2163027259965118,1.434763778548271,-0.21846105255175918
balanced,push_lateral_pace_recovery,1.2,trotting,pronking,orientation_rms,0.06984321962598959,0.08118059608161927,-0.011337376455629683
balanced,push_lateral_pace_recovery,1.2,trotting,pronking,lateral_vel_rms,0.12885172008462442,0.11384199560637176,0.015009724478252662
balanced,push_lateral_pace_recovery,1.5,trotting,pronking,tracking,0.8496435880661011,0.7824612259864807,0.06718236207962036
balanced,push_lateral_pace_recovery,1.5,trotting,pronking,yaw,0.6219132542610168,0.8327503204345703,-0.21083706617355347
balanced,push_lateral_pace_recovery,1.5,trotting,pronking,orientation,0.9068089127540588,0.8909284472465515,0.015880465507507324
balanced,push_lateral_pace_recovery,1.5,trotting,pronking,lateral,0.21755392849445343,0.16050033271312714,0.057053595781326294
balanced,push_lateral_pace_recovery,1.5,trotting,pronking,slip,0.5897257924079895,0.6806265711784363,-0.09090077877044678
balanced,push_lateral_pace_recovery,1.5,trotting,pronking,energy,0.43371981382369995,0.42933064699172974,0.004389166831970215
balanced,push_lateral_pace_recovery,1.5,trotting,pronking,impact,0.6326398849487305,0.5463200807571411,0.08631980419158936
balanced,push_lateral_pace_recovery,1.5,trotting,pronking,scuff,0.48271283507347107,0.47020646929740906,0.012506365776062012
balanced,push_lateral_pace_recovery,1.5,trotting,pronking,smoothness,0.9877433776855469,0.9726782441139221,0.015065133571624756
balanced,push_lateral_pace_recovery,1.5,trotting,pronking,survival,0.982999999076128,0.9789999984204769,0.0040000006556510925
balanced,push_lateral_pace_recovery,1.5,trotting,pronking,clearance,0.8608938455581665,0.8619264960289001,-0.0010326504707336426
balanced,push_lateral_pace_recovery,1.5,trotting,pronking,boundary,0.5286266803741455,0.5223150849342346,0.006311595439910889
balanced,push_lateral_pace_recovery,1.5,trotting,pronking,vx_abs_error_mean,0.20182809233665466,0.2476443350315094,-0.045816242694854736
balanced,push_lateral_pace_recovery,1.5,trotting,pronking,fall_rate,0.017000000923871994,0.021000001579523087,-0.0040000006556510925
balanced,push_lateral_pace_recovery,1.5,trotting,pronking,lateral_offset_abs_mean,1.2660967111587524,1.6348233222961426,-0.36872661113739014
balanced,push_lateral_pace_recovery,1.5,trotting,pronking,scuffing_ratio_mean,0.1456666737794876,0.1509166657924652,-0.0052499920129776
balanced,push_lateral_pace_recovery,1.5,trotting,pronking,foot_impact_vel_sum_mean,0.71725994348526,0.8161063194274902,-0.09884637594223022
balanced,push_lateral_pace_recovery,1.5,trotting,pronking,transport_cost_proxy,156.77590453336978,178.9330962975068,-22.157191764137025
balanced,push_lateral_pace_recovery,1.5,trotting,pronking,foot_impact_vel_rms,1.3532980757237034,1.5550566154867005,-0.20175853976299707
balanced,push_lateral_pace_recovery,1.5,trotting,pronking,orientation_rms,0.0699369539152934,0.07599050987119786,-0.006053555955904455
balanced,push_lateral_pace_recovery,1.5,trotting,pronking,lateral_vel_rms,0.1138445889015085,0.0986498827373351,0.0151947061641734
balanced,push_lateral_pace_recovery,1.8,trotting,pacing,tracking,0.6721311211585999,0.6241178512573242,0.048013269901275635
balanced,push_lateral_pace_recovery,1.8,trotting,pacing,yaw,0.5345106720924377,0.5876314043998718,-0.05312073230743408
balanced,push_lateral_pace_recovery,1.8,trotting,pacing,orientation,0.9072113633155823,0.8606030344963074,0.0466083288192749
balanced,push_lateral_pace_recovery,1.8,trotting,pacing,lateral,0.17540352046489716,0.07532279193401337,0.10008072853088379
balanced,push_lateral_pace_recovery,1.8,trotting,pacing,slip,0.5325170755386353,0.3509107530117035,0.18160632252693176
balanced,push_lateral_pace_recovery,1.8,trotting,pacing,energy,0.42392176389694214,0.39298078417778015,0.030940979719161987
balanced,push_lateral_pace_recovery,1.8,trotting,pacing,impact,0.6312012076377869,0.5205696821212769,0.11063152551651001
balanced,push_lateral_pace_recovery,1.8,trotting,pacing,scuff,0.4369586408138275,0.5458469390869141,-0.10888829827308655
balanced,push_lateral_pace_recovery,1.8,trotting,pacing,smoothness,1.0,0.9703524708747864,0.029647529125213623
balanced,push_lateral_pace_recovery,1.8,trotting,pacing,survival,0.9789999984204769,0.9739999994635582,0.004999998956918716
balanced,push_lateral_pace_recovery,1.8,trotting,pacing,clearance,0.5,1.0,-0.5
balanced,push_lateral_pace_recovery,1.8,trotting,pacing,boundary,1.0,1.0,0.0
balanced,push_lateral_pace_recovery,1.8,trotting,pacing,vx_abs_error_mean,0.3151594400405884,0.3432987332344055,-0.02813929319381714
balanced,push_lateral_pace_recovery,1.8,trotting,pacing,fall_rate,0.021000001579523087,0.026000000536441803,-0.004999998956918716
balanced,push_lateral_pace_recovery,1.8,trotting,pacing,lateral_offset_abs_mean,1.4025923013687134,1.1026420593261719,0.2999502420425415
balanced,push_lateral_pace_recovery,1.8,trotting,pacing,scuffing_ratio_mean,0.16558334231376648,0.1210833340883255,0.04450000822544098
balanced,push_lateral_pace_recovery,1.8,trotting,pacing,foot_impact_vel_sum_mean,0.7044980525970459,0.7525079250335693,-0.04800987243652344
balanced,push_lateral_pace_recovery,1.8,trotting,pacing,transport_cost_proxy,162.52391248824085,184.1856521082546,-21.661739620013748
balanced,push_lateral_pace_recovery,1.8,trotting,pacing,foot_impact_vel_rms,1.3566585971633047,1.6159598169445832,-0.2593012197812785
balanced,push_lateral_pace_recovery,1.8,trotting,pacing,orientation_rms,0.0697781554248948,0.08663773274732353,-0.016859577322428737
balanced,push_lateral_pace_recovery,1.8,trotting,pacing,lateral_vel_rms,0.13001420968138888,0.2723353243349018,-0.14232111465351294
balanced,ramp_up_trot_robustness,0.5,pacing,pronking,tracking,0.9657580256462097,0.9805737733840942,-0.014815747737884521
balanced,ramp_up_trot_robustness,0.5,pacing,pronking,yaw,0.8071085214614868,0.9069132804870605,-0.09980475902557373
balanced,ramp_up_trot_robustness,0.5,pacing,pronking,orientation,0.8730175495147705,0.86431485414505,0.008702695369720459
balanced,ramp_up_trot_robustness,0.5,pacing,pronking,lateral,0.10833590477705002,0.1738751083612442,-0.06553920358419418
balanced,ramp_up_trot_robustness,0.5,pacing,pronking,slip,0.5982624292373657,0.8873074650764465,-0.2890450358390808
balanced,ramp_up_trot_robustness,0.5,pacing,pronking,energy,0.5821681022644043,0.524198591709137,0.057969510555267334
balanced,ramp_up_trot_robustness,0.5,pacing,pronking,impact,0.9131582379341125,0.5667775869369507,0.34638065099716187
balanced,ramp_up_trot_robustness,0.5,pacing,pronking,scuff,0.9269706606864929,0.8031878471374512,0.12378281354904175
balanced,ramp_up_trot_robustness,0.5,pacing,pronking,smoothness,0.9893558621406555,0.9911057949066162,-0.0017499327659606934
balanced,ramp_up_trot_robustness,0.5,pacing,pronking,survival,0.9919999996200204,0.9929999997839332,-0.0010000001639127731
balanced,ramp_up_trot_robustness,0.5,pacing,pronking,clearance,1.0,0.5,0.5
balanced,ramp_up_trot_robustness,0.5,pacing,pronking,boundary,0.47766903042793274,1.0,-0.5223309695720673
balanced,ramp_up_trot_robustness,0.5,pacing,pronking,vx_abs_error_mean,0.09333004057407379,0.07003110647201538,0.02329893410205841
balanced,ramp_up_trot_robustness,0.5,pacing,pronking,fall_rate,0.00800000037997961,0.007000000216066837,0.0010000001639127731
balanced,ramp_up_trot_robustness,0.5,pacing,pronking,lateral_offset_abs_mean,1.2258853912353516,1.5791616439819336,-0.35327625274658203
balanced,ramp_up_trot_robustness,0.5,pacing,pronking,scuffing_ratio_mean,0.015166668221354485,0.04383333772420883,-0.028666669502854347
balanced,ramp_up_trot_robustness,0.5,pacing,pronking,foot_impact_vel_sum_mean,0.1758265197277069,0.8451954126358032,-0.6693688929080963
balanced,ramp_up_trot_robustness,0.5,pacing,pronking,transport_cost_proxy,222.96606709062146,256.4618538549326,-33.495786764311134
balanced,ramp_up_trot_robustness,0.5,pacing,pronking,foot_impact_vel_rms,0.6028136311338376,1.507034597263898,-0.9042209661300605
balanced,ramp_up_trot_robustness,0.5,pacing,pronking,orientation_rms,0.08240134618570795,0.08538680658327648,-0.002985460397568529
balanced,ramp_up_trot_robustness,0.5,pacing,pronking,lateral_vel_rms,0.2232300742560049,0.0922649351299313,0.1309651391260736
balanced,ramp_up_trot_robustness,1.0,pacing,pronking,tracking,0.9144099354743958,0.9215463995933533,-0.0071364641189575195
balanced,ramp_up_trot_robustness,1.0,pacing,pronking,yaw,0.6794553995132446,0.799923837184906,-0.12046843767166138
balanced,ramp_up_trot_robustness,1.0,pacing,pronking,orientation,0.842174232006073,0.8344067335128784,0.00776749849319458
balanced,ramp_up_trot_robustness,1.0,pacing,pronking,lateral,0.04105079919099808,0.2015274316072464,-0.16047663241624832
balanced,ramp_up_trot_robustness,1.0,pacing,pronking,slip,0.4924558699131012,0.6881446242332458,-0.19568875432014465
balanced,ramp_up_trot_robustness,1.0,pacing,pronking,energy,0.5122637748718262,0.4734417200088501,0.038822054862976074
balanced,ramp_up_trot_robustness,1.0,pacing,pronking,impact,0.7047539949417114,0.5835282802581787,0.12122571468353271
balanced,ramp_up_trot_robustness,1.0,pacing,pronking,scuff,0.8163462281227112,0.7758857011795044,0.04046052694320679
balanced,ramp_up_trot_robustness,1.0,pacing,pronking,smoothness,0.9812232255935669,0.9775323867797852,0.0036908388137817383
balanced,ramp_up_trot_robustness,1.0,pacing,pronking,survival,0.9839999992400408,0.9839999992400408,0.0
balanced,ramp_up_trot_robustness,1.0,pacing,pronking,clearance,1.0,0.8643563389778137,0.13564366102218628
balanced,ramp_up_trot_robustness,1.0,pacing,pronking,boundary,1.0,0.5085738897323608,0.49142611026763916
balanced,ramp_up_trot_robustness,1.0,pacing,pronking,vx_abs_error_mean,0.14956294000148773,0.1429179608821869,0.006644979119300842
balanced,ramp_up_trot_robustness,1.0,pacing,pronking,fall_rate,0.01600000075995922,0.01600000075995922,0.0
balanced,ramp_up_trot_robustness,1.0,pacing,pronking,lateral_offset_abs_mean,1.5207295417785645,1.3362061977386475,0.184523344039917
balanced,ramp_up_trot_robustness,1.0,pacing,pronking,scuffing_ratio_mean,0.04058333858847618,0.0507500022649765,-0.01016666367650032
balanced,ramp_up_trot_robustness,1.0,pacing,pronking,foot_impact_vel_sum_mean,0.46989601850509644,0.72980135679245,-0.2599053382873535
balanced,ramp_up_trot_robustness,1.0,pacing,pronking,transport_cost_proxy,174.45056269260238,212.1630234453043,-37.71246075270193
balanced,ramp_up_trot_robustness,1.0,pacing,pronking,foot_impact_vel_rms,1.1830578574578474,1.467872423649409,-0.28481456619156154
balanced,ramp_up_trot_robustness,1.0,pacing,pronking,orientation_rms,0.0926737199238535,0.09514049904301713,-0.0024667791191636396
balanced,ramp_up_trot_robustness,1.0,pacing,pronking,lateral_vel_rms,0.28915527504534283,0.11524400024302071,0.1739112748023221
balanced,ramp_up_trot_robustness,1.5,pronking,pacing,tracking,0.787510097026825,0.718184769153595,0.06932532787322998
balanced,ramp_up_trot_robustness,1.5,pronking,pacing,yaw,0.7123730778694153,0.5113157033920288,0.20105737447738647
balanced,ramp_up_trot_robustness,1.5,pronking,pacing,orientation,0.7784724235534668,0.8089820146560669,-0.030509591102600098
balanced,ramp_up_trot_robustness,1.5,pronking,pacing,lateral,0.12418895214796066,0.04737497493624687,0.07681397721171379
balanced,ramp_up_trot_robustness,1.5,pronking,pacing,slip,0.6732581257820129,0.40528470277786255,0.2679734230041504
balanced,ramp_up_trot_robustness,1.5,pronking,pacing,energy,0.4441191852092743,0.4641548693180084,-0.02003568410873413
balanced,ramp_up_trot_robustness,1.5,pronking,pacing,impact,0.4905970096588135,0.679659903049469,-0.18906289339065552
balanced,ramp_up_trot_robustness,1.5,pronking,pacing,scuff,0.7640159130096436,0.8718975782394409,-0.10788166522979736
balanced,ramp_up_trot_robustness,1.5,pronking,pacing,smoothness,0.975293755531311,0.9669457674026489,0.00834798812866211
balanced,ramp_up_trot_robustness,1.5,pronking,pacing,survival,0.9780000001192093,0.9780000001192093,0.0
balanced,ramp_up_trot_robustness,1.5,pronking,pacing,clearance,0.5,1.0,-0.5
balanced,ramp_up_trot_robustness,1.5,pronking,pacing,boundary,1.0,0.5334164500236511,0.4665835499763489
balanced,ramp_up_trot_robustness,1.5,pronking,pacing,vx_abs_error_mean,0.2443763017654419,0.28767532110214233,-0.04329901933670044
balanced,ramp_up_trot_robustness,1.5,pronking,pacing,fall_rate,0.02199999988079071,0.02199999988079071,0.0
balanced,ramp_up_trot_robustness,1.5,pronking,pacing,lateral_offset_abs_mean,1.582655668258667,1.375932216644287,0.20672345161437988
balanced,ramp_up_trot_robustness,1.5,pronking,pacing,scuffing_ratio_mean,0.053833335638046265,0.027416665107011795,0.02641667053103447
balanced,ramp_up_trot_robustness,1.5,pronking,pacing,foot_impact_vel_sum_mean,0.8549742698669434,0.44612208008766174,0.4088521897792816
balanced,ramp_up_trot_robustness,1.5,pronking,pacing,transport_cost_proxy,181.8362819497252,170.2244833115905,11.611798638134701
balanced,ramp_up_trot_robustness,1.5,pronking,pacing,foot_impact_vel_rms,1.6877585472380743,1.2428399346533072,0.44491861258476706
balanced,ramp_up_trot_robustness,1.5,pronking,pacing,orientation_rms,0.11189766184481993,0.10295110068992079,0.00894656115489914
balanced,ramp_up_trot_robustness,1.5,pronking,pacing,lateral_vel_rms,0.15863408153696087,0.2892860888170916,-0.13065200728013074
balanced,ramp_up_trot_robustness,2.0,pronking,trotting,tracking,0.4915275275707245,0.46826034784317017,0.02326717972755432
balanced,ramp_up_trot_robustness,2.0,pronking,trotting,yaw,0.5073271989822388,0.3606986105442047,0.14662858843803406
balanced,ramp_up_trot_robustness,2.0,pronking,trotting,orientation,0.7246726155281067,0.7897038459777832,-0.06503123044967651
balanced,ramp_up_trot_robustness,2.0,pronking,trotting,lateral,0.10647314786911011,0.11893802136182785,-0.012464873492717743
balanced,ramp_up_trot_robustness,2.0,pronking,trotting,slip,0.5702093243598938,0.3195008635520935,0.2507084608078003
balanced,ramp_up_trot_robustness,2.0,pronking,trotting,energy,0.3782830834388733,0.4178486764431,-0.039565593004226685
balanced,ramp_up_trot_robustness,2.0,pronking,trotting,impact,0.41227784752845764,0.5483936667442322,-0.13611581921577454
balanced,ramp_up_trot_robustness,2.0,pronking,trotting,scuff,0.7567290663719177,0.7938717603683472,-0.03714269399642944
balanced,ramp_up_trot_robustness,2.0,pronking,trotting,smoothness,0.957859992980957,0.9645943641662598,-0.006734371185302734
balanced,ramp_up_trot_robustness,2.0,pronking,trotting,survival,0.9769999980926514,0.9759999997913837,0.000999998301267624
balanced,ramp_up_trot_robustness,2.0,pronking,trotting,clearance,0.857554018497467,0.858129620552063,-0.0005756020545959473
balanced,ramp_up_trot_robustness,2.0,pronking,trotting,boundary,0.333975613117218,0.22743096947669983,0.10654464364051819
balanced,ramp_up_trot_robustness,2.0,pronking,trotting,vx_abs_error_mean,0.42137789726257324,0.4355257749557495,-0.01414787769317627
balanced,ramp_up_trot_robustness,2.0,pronking,trotting,fall_rate,0.023000001907348633,0.024000000208616257,-0.000999998301267624
balanced,ramp_up_trot_robustness,2.0,pronking,trotting,lateral_offset_abs_mean,1.5044615268707275,1.2970056533813477,0.20745587348937988
balanced,ramp_up_trot_robustness,2.0,pronking,trotting,scuffing_ratio_mean,0.055750004947185516,0.04616667330265045,0.009583331644535065
balanced,ramp_up_trot_robustness,2.0,pronking,trotting,foot_impact_vel_sum_mean,0.9265031814575195,0.8019312620162964,0.12457191944122314
balanced,ramp_up_trot_robustness,2.0,pronking,trotting,transport_cost_proxy,198.4910500329741,183.90462702279868,14.586423010175423
balanced,ramp_up_trot_robustness,2.0,pronking,trotting,foot_impact_vel_rms,1.882612787285379,1.550176652124893,0.3324361351604861
balanced,ramp_up_trot_robustness,2.0,pronking,trotting,orientation_rms,0.1268927357167756,0.10865019439403605,0.018242541322739544
balanced,ramp_up_trot_robustness,2.0,pronking,trotting,lateral_vel_rms,0.19175518111014367,0.2039788255846145,-0.01222364447447083
balanced,rough_slope_trot_robustness,0.5,pacing,trotting,tracking,0.9626196622848511,0.9664674401283264,-0.003847777843475342
balanced,rough_slope_trot_robustness,0.5,pacing,trotting,yaw,0.6583423018455505,0.757895827293396,-0.09955352544784546
balanced,rough_slope_trot_robustness,0.5,pacing,trotting,orientation,0.8706938624382019,0.8275224566459656,0.04317140579223633
balanced,rough_slope_trot_robustness,0.5,pacing,trotting,lateral,0.05391991138458252,0.24388501048088074,-0.18996509909629822
balanced,rough_slope_trot_robustness,0.5,pacing,trotting,slip,0.5171127915382385,0.7116976976394653,-0.1945849061012268
balanced,rough_slope_trot_robustness,0.5,pacing,trotting,energy,0.5930924415588379,0.5587525963783264,0.034339845180511475
balanced,rough_slope_trot_robustness,0.5,pacing,trotting,impact,0.86426842212677,0.7395896315574646,0.12467879056930542
balanced,rough_slope_trot_robustness,0.5,pacing,trotting,scuff,0.8876598477363586,0.7371233701705933,0.15053647756576538
balanced,rough_slope_trot_robustness,0.5,pacing,trotting,smoothness,0.9891253113746643,0.9870179295539856,0.002107381820678711
balanced,rough_slope_trot_robustness,0.5,pacing,trotting,survival,0.9919999996200204,0.9939999999478459,-0.0020000003278255463
balanced,rough_slope_trot_robustness,0.5,pacing,trotting,clearance,1.0,0.8688125610351562,0.13118743896484375
balanced,rough_slope_trot_robustness,0.5,pacing,trotting,boundary,0.2359544336795807,0.14085906744003296,0.09509536623954773
balanced,rough_slope_trot_robustness,0.5,pacing,trotting,vx_abs_error_mean,0.09759210795164108,0.09234130382537842,0.005250804126262665
balanced,rough_slope_trot_robustness,0.5,pacing,trotting,fall_rate,0.00800000037997961,0.006000000052154064,0.0020000003278255463
balanced,rough_slope_trot_robustness,0.5,pacing,trotting,lateral_offset_abs_mean,1.7728726863861084,1.1480374336242676,0.6248352527618408
balanced,rough_slope_trot_robustness,0.5,pacing,trotting,scuffing_ratio_mean,0.02383333630859852,0.061000000685453415,-0.0371666643768549
balanced,rough_slope_trot_robustness,0.5,pacing,trotting,foot_impact_vel_sum_mean,0.27557235956192017,0.5654250383377075,-0.28985267877578735
balanced,rough_slope_trot_robustness,0.5,pacing,trotting,transport_cost_proxy,200.62240656425897,224.74360297729717,-24.121196413038206
balanced,rough_slope_trot_robustness,0.5,pacing,trotting,foot_impact_vel_rms,0.7638635967267496,1.098471273682697,-0.3346076769559473
balanced,rough_slope_trot_robustness,0.5,pacing,trotting,orientation_rms,0.08320602145548657,0.09729312379701927,-0.014087102341532695
balanced,rough_slope_trot_robustness,0.5,pacing,trotting,lateral_vel_rms,0.23951855678731224,0.11467803397598769,0.12484052281132454
balanced,rough_slope_trot_robustness,1.0,pacing,pronking,tracking,0.8477194309234619,0.8706306219100952,-0.0229111909866333
balanced,rough_slope_trot_robustness,1.0,pacing,pronking,yaw,0.5492315292358398,0.6024469137191772,-0.0532153844833374
balanced,rough_slope_trot_robustness,1.0,pacing,pronking,orientation,0.7339635491371155,0.7393971681594849,-0.005433619022369385
balanced,rough_slope_trot_robustness,1.0,pacing,pronking,lateral,0.0707075372338295,0.16522149741649628,-0.09451396018266678
balanced,rough_slope_trot_robustness,1.0,pacing,pronking,slip,0.4001160264015198,0.6669589281082153,-0.26684290170669556
balanced,rough_slope_trot_robustness,1.0,pacing,pronking,energy,0.5264520049095154,0.4935641288757324,0.03288787603378296
balanced,rough_slope_trot_robustness,1.0,pacing,pronking,impact,0.7340454459190369,0.6212328672409058,0.1128125786781311
balanced,rough_slope_trot_robustness,1.0,pacing,pronking,scuff,0.8197547793388367,0.7392764091491699,0.08047837018966675
balanced,rough_slope_trot_robustness,1.0,pacing,pronking,smoothness,0.9802349805831909,0.9822114706039429,-0.001976490020751953
balanced,rough_slope_trot_robustness,1.0,pacing,pronking,survival,0.9819999989122152,0.9839999992400408,-0.0020000003278255463
balanced,rough_slope_trot_robustness,1.0,pacing,pronking,clearance,1.0,0.5,0.5
balanced,rough_slope_trot_robustness,1.0,pacing,pronking,boundary,1.0,1.0,0.0
balanced,rough_slope_trot_robustness,1.0,pacing,pronking,vx_abs_error_mean,0.2032274305820465,0.18610310554504395,0.017124325037002563
balanced,rough_slope_trot_robustness,1.0,pacing,pronking,fall_rate,0.018000001087784767,0.01600000075995922,0.0020000003278255463
balanced,rough_slope_trot_robustness,1.0,pacing,pronking,lateral_offset_abs_mean,1.3066754341125488,1.4090445041656494,-0.10236907005310059
balanced,rough_slope_trot_robustness,1.0,pacing,pronking,scuffing_ratio_mean,0.039750002324581146,0.060416676104068756,-0.02066667377948761
balanced,rough_slope_trot_robustness,1.0,pacing,pronking,foot_impact_vel_sum_mean,0.45735278725624084,0.673465371131897,-0.21611258387565613
balanced,rough_slope_trot_robustness,1.0,pacing,pronking,transport_cost_proxy,163.82576055735564,180.61074317429734,-16.784982616941704
balanced,rough_slope_trot_robustness,1.0,pacing,pronking,foot_impact_vel_rms,1.1120869393710973,1.3799264190371396,-0.2678394796660424
balanced,rough_slope_trot_robustness,1.0,pacing,pronking,orientation_rms,0.12435753944174412,0.12286578582761684,0.0014917536141272753
balanced,rough_slope_trot_robustness,1.0,pacing,pronking,lateral_vel_rms,0.25908758831139533,0.13989707846334787,0.11919050984804747
balanced,rough_slope_trot_robustness,1.5,pacing,pronking,tracking,0.7086325287818909,0.6758081912994385,0.03282433748245239
balanced,rough_slope_trot_robustness,1.5,pacing,pronking,yaw,0.413983553647995,0.5164890289306641,-0.10250547528266907
balanced,rough_slope_trot_robustness,1.5,pacing,pronking,orientation,0.7243711948394775,0.6845047473907471,0.03986644744873047
balanced,rough_slope_trot_robustness,1.5,pacing,pronking,lateral,0.07061734050512314,0.13839305937290192,-0.06777571886777878
balanced,rough_slope_trot_robustness,1.5,pacing,pronking,slip,0.27921169996261597,0.46395888924598694,-0.18474718928337097
balanced,rough_slope_trot_robustness,1.5,pacing,pronking,energy,0.4516514539718628,0.45267269015312195,-0.0010212361812591553
balanced,rough_slope_trot_robustness,1.5,pacing,pronking,impact,0.6001347303390503,0.6221103668212891,-0.02197563648223877
balanced,rough_slope_trot_robustness,1.5,pacing,pronking,scuff,0.7473287582397461,0.6939074397087097,0.05342131853103638
balanced,rough_slope_trot_robustness,1.5,pacing,pronking,smoothness,0.9705037474632263,0.9600468277931213,0.01045691967010498
balanced,rough_slope_trot_robustness,1.5,pacing,pronking,survival,0.9780000001192093,0.9799999985843897,-0.001999998465180397
balanced,rough_slope_trot_robustness,1.5,pacing,pronking,clearance,1.0,0.8615487813949585,0.1384512186050415
balanced,rough_slope_trot_robustness,1.5,pacing,pronking,boundary,0.526010274887085,0.14932900667190552,0.37668126821517944
balanced,rough_slope_trot_robustness,1.5,pacing,pronking,vx_abs_error_mean,0.2934357523918152,0.3129880130290985,-0.019552260637283325
balanced,rough_slope_trot_robustness,1.5,pacing,pronking,fall_rate,0.02199999988079071,0.020000001415610313,0.001999998465180397
balanced,rough_slope_trot_robustness,1.5,pacing,pronking,lateral_offset_abs_mean,1.336469292640686,1.5390782356262207,-0.20260894298553467
balanced,rough_slope_trot_robustness,1.5,pacing,pronking,scuffing_ratio_mean,0.05825001001358032,0.07308334112167358,-0.014833331108093262
balanced,rough_slope_trot_robustness,1.5,pacing,pronking,foot_impact_vel_sum_mean,0.742415189743042,0.7222212553024292,0.020193934440612793
balanced,rough_slope_trot_robustness,1.5,pacing,pronking,transport_cost_proxy,179.26756528382788,173.78946772203176,5.478097561796119
balanced,rough_slope_trot_robustness,1.5,pacing,pronking,foot_impact_vel_rms,1.429127167417848,1.3778792141460507,0.05124795327179732
balanced,rough_slope_trot_robustness,1.5,pacing,pronking,orientation_rms,0.12697466520824674,0.13766984754832023,-0.010695182340073495
balanced,rough_slope_trot_robustness,1.5,pacing,pronking,lateral_vel_rms,0.2563211191156479,0.1480843018602721,0.10823681725537582
balanced,rough_slope_trot_robustness,2.0,trotting,pacing,tracking,0.3786763846874237,0.3104664087295532,0.06820997595787048
balanced,rough_slope_trot_robustness,2.0,trotting,pacing,yaw,0.2065126597881317,0.15922585129737854,0.047286808490753174
balanced,rough_slope_trot_robustness,2.0,trotting,pacing,orientation,0.7284244298934937,0.6640368103981018,0.06438761949539185
balanced,rough_slope_trot_robustness,2.0,trotting,pacing,lateral,0.10171758383512497,0.036278560757637024,0.06543902307748795
balanced,rough_slope_trot_robustness,2.0,trotting,pacing,slip,0.045020464807748795,0.09099068492650986,-0.04597022011876106
balanced,rough_slope_trot_robustness,2.0,trotting,pacing,energy,0.3995523750782013,0.3715319335460663,0.02802044153213501
balanced,rough_slope_trot_robustness,2.0,trotting,pacing,impact,0.5445680618286133,0.5078645348548889,0.036703526973724365
balanced,rough_slope_trot_robustness,2.0,trotting,pacing,scuff,0.6968047618865967,0.704394519329071,-0.007589757442474365
balanced,rough_slope_trot_robustness,2.0,trotting,pacing,smoothness,0.9645942449569702,0.958855390548706,0.00573885440826416
balanced,rough_slope_trot_robustness,2.0,trotting,pacing,survival,0.9759999997913837,0.9769999980926514,-0.000999998301267624
balanced,rough_slope_trot_robustness,2.0,trotting,pacing,clearance,0.8581286072731018,1.0,-0.1418713927268982
balanced,rough_slope_trot_robustness,2.0,trotting,pacing,boundary,0.2274399995803833,0.3328776955604553,-0.10543769598007202
balanced,rough_slope_trot_robustness,2.0,trotting,pacing,vx_abs_error_mean,0.4927152693271637,0.5407586097717285,-0.04804334044456482
balanced,rough_slope_trot_robustness,2.0,trotting,pacing,fall_rate,0.024000000208616257,0.023000001907348633,0.000999998301267624
balanced,rough_slope_trot_robustness,2.0,trotting,pacing,lateral_offset_abs_mean,1.352320909500122,1.3659923076629639,-0.013671398162841797
balanced,rough_slope_trot_robustness,2.0,trotting,pacing,scuffing_ratio_mean,0.07225000858306885,0.07008333504199982,0.0021666735410690308
balanced,rough_slope_trot_robustness,2.0,trotting,pacing,foot_impact_vel_sum_mean,0.7080833315849304,0.7391144037246704,-0.03103107213973999
balanced,rough_slope_trot_robustness,2.0,trotting,pacing,transport_cost_proxy,189.16352024220882,211.7518791866663,-22.588358944457468
balanced,rough_slope_trot_robustness,2.0,trotting,pacing,foot_impact_vel_rms,1.5591823534496492,1.6462570427899559,-0.08707468934030671
balanced,rough_slope_trot_robustness,2.0,trotting,pacing,orientation_rms,0.12587123911127393,0.14307650247303538,-0.017205263361761453
balanced,rough_slope_trot_robustness,2.0,trotting,pacing,lateral_vel_rms,0.21601322234819761,0.3122928051718906,-0.096279582823693
balanced,stepping_stones_easy_bound_highspeed,1.7,pacing,pronking,tracking,0.39527374505996704,0.4131953716278076,-0.017921626567840576
balanced,stepping_stones_easy_bound_highspeed,1.7,pacing,pronking,yaw,0.054964933544397354,0.2856423854827881,-0.23067745193839073
balanced,stepping_stones_easy_bound_highspeed,1.7,pacing,pronking,orientation,0.6042147278785706,0.6595192551612854,-0.055304527282714844
balanced,stepping_stones_easy_bound_highspeed,1.7,pacing,pronking,lateral,0.02209547534584999,0.127462700009346,-0.10536722466349602
balanced,stepping_stones_easy_bound_highspeed,1.7,pacing,pronking,slip,0.007593478541821241,0.07076187431812286,-0.06316839577630162
balanced,stepping_stones_easy_bound_highspeed,1.7,pacing,pronking,energy,0.3528943359851837,0.36070895195007324,-0.007814615964889526
balanced,stepping_stones_easy_bound_highspeed,1.7,pacing,pronking,impact,0.5446354746818542,0.5272073745727539,0.017428100109100342
balanced,stepping_stones_easy_bound_highspeed,1.7,pacing,pronking,scuff,0.5622361898422241,0.5559464693069458,0.00628972053527832
balanced,stepping_stones_easy_bound_highspeed,1.7,pacing,pronking,smoothness,0.977270245552063,0.963512659072876,0.013757586479187012
balanced,stepping_stones_easy_bound_highspeed,1.7,pacing,pronking,survival,0.9819999989122152,0.9809999987483025,0.0010000001639127731
balanced,stepping_stones_easy_bound_highspeed,1.7,pacing,pronking,clearance,1.0,0.8614998459815979,0.1385001540184021
balanced,stepping_stones_easy_bound_highspeed,1.7,pacing,pronking,boundary,1.0,0.20012027025222778,0.7998797297477722
balanced,stepping_stones_easy_bound_highspeed,1.7,pacing,pronking,vx_abs_error_mean,0.48170965909957886,0.4700624346733093,0.011647224426269531
balanced,stepping_stones_easy_bound_highspeed,1.7,pacing,pronking,fall_rate,0.018000001087784767,0.01900000125169754,-0.0010000001639127731
balanced,stepping_stones_easy_bound_highspeed,1.7,pacing,pronking,lateral_offset_abs_mean,1.6949282884597778,1.6076295375823975,0.08729875087738037
balanced,stepping_stones_easy_bound_highspeed,1.7,pacing,pronking,scuffing_ratio_mean,0.11516664922237396,0.11741665005683899,-0.002250000834465027
balanced,stepping_stones_easy_bound_highspeed,1.7,pacing,pronking,foot_impact_vel_sum_mean,0.7115359902381897,0.9486640691757202,-0.23712807893753052
balanced,stepping_stones_easy_bound_highspeed,1.7,pacing,pronking,transport_cost_proxy,229.96897806342878,223.38181826903198,6.587159794396797
balanced,stepping_stones_easy_bound_highspeed,1.7,pacing,pronking,foot_impact_vel_rms,1.5590235090590663,1.6002015476125746,-0.04117803855350832
balanced,stepping_stones_easy_bound_highspeed,1.7,pacing,pronking,orientation_rms,0.15871761692440314,0.1442643581726434,0.014453258751759734
balanced,stepping_stones_easy_bound_highspeed,1.7,pacing,pronking,lateral_vel_rms,0.3253808623425846,0.15038316881596475,0.17499769352661987
balanced,stepping_stones_easy_bound_highspeed,2.0,pacing,bounding,tracking,0.2514234185218811,0.15254364907741547,0.09887976944446564
balanced,stepping_stones_easy_bound_highspeed,2.0,pacing,bounding,yaw,0.08234022557735443,0.20345982909202576,-0.12111960351467133
balanced,stepping_stones_easy_bound_highspeed,2.0,pacing,bounding,orientation,0.6678464412689209,0.41569435596466064,0.25215208530426025
balanced,stepping_stones_easy_bound_highspeed,2.0,pacing,bounding,lateral,0.032350003719329834,0.13599367439746857,-0.10364367067813873
balanced,stepping_stones_easy_bound_highspeed,2.0,pacing,bounding,slip,0.0059775798581540585,0.027449410408735275,-0.021471830550581217
balanced,stepping_stones_easy_bound_highspeed,2.0,pacing,bounding,energy,0.3510609269142151,0.3175114691257477,0.03354945778846741
balanced,stepping_stones_easy_bound_highspeed,2.0,pacing,bounding,impact,0.6237643957138062,0.5286415219306946,0.09512287378311157
balanced,stepping_stones_easy_bound_highspeed,2.0,pacing,bounding,scuff,0.60124671459198,0.5960087180137634,0.005237996578216553
balanced,stepping_stones_easy_bound_highspeed,2.0,pacing,bounding,smoothness,0.9692502021789551,0.9704326391220093,-0.0011824369430541992
balanced,stepping_stones_easy_bound_highspeed,2.0,pacing,bounding,survival,0.974999999627471,0.9819999989122152,-0.006999999284744263
balanced,stepping_stones_easy_bound_highspeed,2.0,pacing,bounding,clearance,1.0,1.0,0.0
balanced,stepping_stones_easy_bound_highspeed,2.0,pacing,bounding,boundary,0.5311949253082275,0.528251051902771,0.002943873405456543
balanced,stepping_stones_easy_bound_highspeed,2.0,pacing,bounding,vx_abs_error_mean,0.5874982476234436,0.6856209635734558,-0.09812271595001221
balanced,stepping_stones_easy_bound_highspeed,2.0,pacing,bounding,fall_rate,0.02500000037252903,0.018000001087784767,0.006999999284744263
balanced,stepping_stones_easy_bound_highspeed,2.0,pacing,bounding,lateral_offset_abs_mean,1.7701060771942139,1.2381176948547363,0.5319883823394775
balanced,stepping_stones_easy_bound_highspeed,2.0,pacing,bounding,scuffing_ratio_mean,0.10174998641014099,0.10349999368190765,-0.0017500072717666626
balanced,stepping_stones_easy_bound_highspeed,2.0,pacing,bounding,foot_impact_vel_sum_mean,0.5690653920173645,0.7327448129653931,-0.16367942094802856
balanced,stepping_stones_easy_bound_highspeed,2.0,pacing,bounding,transport_cost_proxy,211.34558338516047,260.0446277269294,-48.69904434176891
balanced,stepping_stones_easy_bound_highspeed,2.0,pacing,bounding,foot_impact_vel_rms,1.3740196769776944,1.5968026505058162,-0.2227829735281217
balanced,stepping_stones_easy_bound_highspeed,2.0,pacing,bounding,orientation_rms,0.1420733976514252,0.2094999975754139,-0.0674265999239887
balanced,stepping_stones_easy_bound_highspeed,2.0,pacing,bounding,lateral_vel_rms,0.2881870027842686,0.1945545174958274,0.09363248528844123
efficiency,flat_trot_efficiency,0.5,pacing,trotting,tracking,0.987083911895752,0.9833245277404785,0.0037593841552734375
efficiency,flat_trot_efficiency,0.5,pacing,trotting,yaw,0.8386761546134949,0.842555046081543,-0.0038788914680480957
efficiency,flat_trot_efficiency,0.5,pacing,trotting,orientation,0.8168860673904419,0.8890851736068726,-0.07219910621643066
efficiency,flat_trot_efficiency,0.5,pacing,trotting,lateral,0.06808607280254364,0.17636315524578094,-0.1082770824432373
efficiency,flat_trot_efficiency,0.5,pacing,trotting,slip,0.6288707256317139,0.7472079396247864,-0.11833721399307251
efficiency,flat_trot_efficiency,0.5,pacing,trotting,energy,0.5474758148193359,0.4926849901676178,0.05479082465171814
efficiency,flat_trot_efficiency,0.5,pacing,trotting,impact,0.9302250146865845,0.7400861978530884,0.1901388168334961
efficiency,flat_trot_efficiency,0.5,pacing,trotting,scuff,0.7029285430908203,0.37018585205078125,0.33274269104003906
efficiency,flat_trot_efficiency,0.5,pacing,trotting,smoothness,0.9881699085235596,1.0,-0.01183009147644043
efficiency,flat_trot_efficiency,0.5,pacing,trotting,survival,0.9899999992921948,0.9899999992921948,0.0
efficiency,flat_trot_efficiency,0.5,pacing,trotting,clearance,1.0,0.5,0.5
efficiency,flat_trot_efficiency,0.5,pacing,trotting,boundary,0.4813936948776245,1.0,-0.5186063051223755
efficiency,flat_trot_efficiency,0.5,pacing,trotting,vx_abs_error_mean,0.0570092536509037,0.06483840942382812,-0.007829155772924423
efficiency,flat_trot_efficiency,0.5,pacing,trotting,fall_rate,0.010000000707805157,0.010000000707805157,0.0
efficiency,flat_trot_efficiency,0.5,pacing,trotting,lateral_offset_abs_mean,1.507596731185913,1.6369224786758423,-0.1293257474899292
efficiency,flat_trot_efficiency,0.5,pacing,trotting,scuffing_ratio_mean,0.07050000131130219,0.19875001907348633,-0.12825001776218414
efficiency,flat_trot_efficiency,0.5,pacing,trotting,foot_impact_vel_sum_mean,0.1513606756925583,0.6126515865325928,-0.4612909108400345
efficiency,flat_trot_efficiency,0.5,pacing,trotting,transport_cost_proxy,188.00748040219793,161.61933726578093,26.388143136417
efficiency,flat_trot_efficiency,0.5,pacing,trotting,foot_impact_vel_rms,0.5378801917147509,1.0972486610162073,-0.5593684693014565
efficiency,flat_trot_efficiency,0.5,pacing,trotting,orientation_rms,0.10056232550241671,0.07666885575663633,0.023893469745780382
efficiency,flat_trot_efficiency,0.5,pacing,trotting,lateral_vel_rms,0.24283595335180136,0.0701026367454648,0.17273331660633656
efficiency,flat_trot_efficiency,1.0,trotting,pronking,tracking,0.9353487491607666,0.9240723252296448,0.011276423931121826
efficiency,flat_trot_efficiency,1.0,trotting,pronking,yaw,0.7697497010231018,0.8649044036865234,-0.09515470266342163
efficiency,flat_trot_efficiency,1.0,trotting,pronking,orientation,0.9088102579116821,0.8907532095909119,0.018057048320770264
efficiency,flat_trot_efficiency,1.0,trotting,pronking,lateral,0.30128586292266846,0.23210103809833527,0.06918482482433319
efficiency,flat_trot_efficiency,1.0,trotting,pronking,slip,0.6860528588294983,0.7729372978210449,-0.08688443899154663
efficiency,flat_trot_efficiency,1.0,trotting,pronking,energy,0.4967673420906067,0.4857826232910156,0.010984718799591064
efficiency,flat_trot_efficiency,1.0,trotting,pronking,impact,0.713991105556488,0.6572407484054565,0.056750357151031494
efficiency,flat_trot_efficiency,1.0,trotting,pronking,scuff,0.44597160816192627,0.5038802027702332,-0.057908594608306885
efficiency,flat_trot_efficiency,1.0,trotting,pronking,smoothness,1.0,0.9822114706039429,0.01778852939605713
efficiency,flat_trot_efficiency,1.0,trotting,pronking,survival,0.9819999989122152,0.982999999076128,-0.0010000001639127731
efficiency,flat_trot_efficiency,1.0,trotting,pronking,clearance,0.5,0.5,0.0
efficiency,flat_trot_efficiency,1.0,trotting,pronking,boundary,1.0,1.0,0.0
efficiency,flat_trot_efficiency,1.0,trotting,pronking,vx_abs_error_mean,0.12926310300827026,0.14050352573394775,-0.01124042272567749
efficiency,flat_trot_efficiency,1.0,trotting,pronking,fall_rate,0.018000001087784767,0.017000000923871994,0.0010000001639127731
efficiency,flat_trot_efficiency,1.0,trotting,pronking,lateral_offset_abs_mean,1.0688319206237793,1.2840304374694824,-0.21519851684570312
efficiency,flat_trot_efficiency,1.0,trotting,pronking,scuffing_ratio_mean,0.1615000069141388,0.13708333671092987,0.024416670203208923
efficiency,flat_trot_efficiency,1.0,trotting,pronking,foot_impact_vel_sum_mean,0.6129928231239319,0.6514879465103149,-0.03849512338638306
efficiency,flat_trot_efficiency,1.0,trotting,pronking,transport_cost_proxy,145.21879293661158,181.93278962575167,-36.71399668914009
efficiency,flat_trot_efficiency,1.0,trotting,pronking,foot_impact_vel_rms,1.1608354402151921,1.2956926240876478,-0.1348571838724557
efficiency,flat_trot_efficiency,1.0,trotting,pronking,orientation_rms,0.0691443848059099,0.0760551951290543,-0.0069108103231444035
efficiency,flat_trot_efficiency,1.0,trotting,pronking,lateral_vel_rms,0.08088997109988678,0.09395531682379749,-0.013065345723910701
efficiency,flat_trot_efficiency,1.5,trotting,pacing,tracking,0.8383581638336182,0.7669360637664795,0.07142210006713867
efficiency,flat_trot_efficiency,1.5,trotting,pacing,yaw,0.6349862813949585,0.6447361707687378,-0.009749889373779297
efficiency,flat_trot_efficiency,1.5,trotting,pacing,orientation,0.9251306653022766,0.8787755966186523,0.04635506868362427
efficiency,flat_trot_efficiency,1.5,trotting,pacing,lateral,0.16576515138149261,0.0531439483165741,0.11262120306491852
efficiency,flat_trot_efficiency,1.5,trotting,pacing,slip,0.5654765963554382,0.3766058385372162,0.18887075781822205
efficiency,flat_trot_efficiency,1.5,trotting,pacing,energy,0.4574812054634094,0.4414037764072418,0.016077429056167603
efficiency,flat_trot_efficiency,1.5,trotting,pacing,impact,0.7276142835617065,0.7558568120002747,-0.028242528438568115
efficiency,flat_trot_efficiency,1.5,trotting,pacing,scuff,0.42351487278938293,0.5352613925933838,-0.11174651980400085
efficiency,flat_trot_efficiency,1.5,trotting,pacing,smoothness,0.9872598648071289,0.966936469078064,0.02032339572906494
efficiency,flat_trot_efficiency,1.5,trotting,pacing,survival,0.9819999989122152,0.9809999987483025,0.0010000001639127731
efficiency,flat_trot_efficiency,1.5,trotting,pacing,clearance,0.5,1.0,-0.5
efficiency,flat_trot_efficiency,1.5,trotting,pacing,boundary,0.5306174755096436,0.5344990491867065,-0.0038815736770629883
efficiency,flat_trot_efficiency,1.5,trotting,pacing,vx_abs_error_mean,0.20994633436203003,0.2575615644454956,-0.047615230083465576
efficiency,flat_trot_efficiency,1.5,trotting,pacing,fall_rate,0.018000001087784767,0.01900000125169754,-0.0010000001639127731
efficiency,flat_trot_efficiency,1.5,trotting,pacing,lateral_offset_abs_mean,1.5167373418807983,1.4465093612670898,0.0702279806137085
efficiency,flat_trot_efficiency,1.5,trotting,pacing,scuffing_ratio_mean,0.171833336353302,0.1250000149011612,0.04683332145214081
efficiency,flat_trot_efficiency,1.5,trotting,pacing,foot_impact_vel_sum_mean,0.5761744976043701,0.4242587685585022,0.15191572904586792
efficiency,flat_trot_efficiency,1.5,trotting,pacing,transport_cost_proxy,151.9839222109038,167.38240491658226,-15.398482705678447
efficiency,flat_trot_efficiency,1.5,trotting,pacing,foot_impact_vel_rms,1.127801685744026,1.058117749167822,0.06968393657620409
efficiency,flat_trot_efficiency,1.5,trotting,pacing,orientation_rms,0.06237800620535321,0.08038212334328831,-0.0180041171379351
efficiency,flat_trot_efficiency,1.5,trotting,pacing,lateral_vel_rms,0.11841578508465465,0.27278578613246984,-0.15437000104781518
efficiency,flat_trot_efficiency,2.0,trotting,pronking,tracking,0.5349992513656616,0.4207896590232849,0.11420959234237671
efficiency,flat_trot_efficiency,2.0,trotting,pronking,yaw,0.45121610164642334,0.7446006536483765,-0.2933845520019531
efficiency,flat_trot_efficiency,2.0,trotting,pronking,orientation,0.8941659927368164,0.8400812149047852,0.05408477783203125
efficiency,flat_trot_efficiency,2.0,trotting,pronking,lateral,0.18396739661693573,0.18679320812225342,-0.002825811505317688
efficiency,flat_trot_efficiency,2.0,trotting,pronking,slip,0.5240444540977478,0.5467462539672852,-0.022701799869537354
efficiency,flat_trot_efficiency,2.0,trotting,pronking,energy,0.40143340826034546,0.3774815797805786,0.023951828479766846
efficiency,flat_trot_efficiency,2.0,trotting,pronking,impact,0.5502761006355286,0.5001794099807739,0.05009669065475464
efficiency,flat_trot_efficiency,2.0,trotting,pronking,scuff,0.4186025559902191,0.4369586408138275,-0.0183560848236084
efficiency,flat_trot_efficiency,2.0,trotting,pronking,smoothness,1.0,0.9703524708747864,0.029647529125213623
efficiency,flat_trot_efficiency,2.0,trotting,pronking,survival,0.9719999991357327,0.9789999984204769,-0.006999999284744263
efficiency,flat_trot_efficiency,2.0,trotting,pronking,clearance,0.5,0.5,0.0
efficiency,flat_trot_efficiency,2.0,trotting,pronking,boundary,1.0,1.0,0.0
efficiency,flat_trot_efficiency,2.0,trotting,pronking,vx_abs_error_mean,0.39543959498405457,0.46519410610198975,-0.06975451111793518
efficiency,flat_trot_efficiency,2.0,trotting,pronking,fall_rate,0.02800000086426735,0.021000001579523087,0.006999999284744263
efficiency,flat_trot_efficiency,2.0,trotting,pronking,lateral_offset_abs_mean,1.2901368141174316,1.3687405586242676,-0.07860374450683594
efficiency,flat_trot_efficiency,2.0,trotting,pronking,scuffing_ratio_mean,0.17416667938232422,0.16558334231376648,0.00858333706855774
efficiency,flat_trot_efficiency,2.0,trotting,pronking,foot_impact_vel_sum_mean,0.8578829765319824,0.8684507608413696,-0.010567784309387207
efficiency,flat_trot_efficiency,2.0,trotting,pronking,transport_cost_proxy,171.46755140073432,191.03457790904213,-19.567026508307805
efficiency,flat_trot_efficiency,2.0,trotting,pronking,foot_impact_vel_rms,1.5457492326247961,1.6646782324302718,-0.11892899980547567
efficiency,flat_trot_efficiency,2.0,trotting,pronking,orientation_rms,0.07478765737037864,0.09334257375696343,-0.018554916386584797
efficiency,flat_trot_efficiency,2.0,trotting,pronking,lateral_vel_rms,0.14192601883048656,0.12430055701546451,0.017625461815022045
efficiency,push_lateral_pace_recovery,1.2,trotting,pronking,tracking,0.8918711543083191,0.8461586833000183,0.04571247100830078
efficiency,push_lateral_pace_recovery,1.2,trotting,pronking,yaw,0.7333655953407288,0.837988018989563,-0.10462242364883423
efficiency,push_lateral_pace_recovery,1.2,trotting,pronking,orientation,0.9070465564727783,0.8765112161636353,0.030535340309143066
efficiency,push_lateral_pace_recovery,1.2,trotting,pronking,lateral,0.18645916879177094,0.20310483872890472,-0.01664566993713379
efficiency,push_lateral_pace_recovery,1.2,trotting,pronking,slip,0.6919593214988708,0.628734827041626,0.06322449445724487
efficiency,push_lateral_pace_recovery,1.2,trotting,pronking,energy,0.4860821068286896,0.4648348391056061,0.021247267723083496
efficiency,push_lateral_pace_recovery,1.2,trotting,pronking,impact,0.6908392906188965,0.5977177023887634,0.09312158823013306
efficiency,push_lateral_pace_recovery,1.2,trotting,pronking,scuff,0.43823495507240295,0.4980357885360718,-0.05980083346366882
efficiency,push_lateral_pace_recovery,1.2,trotting,pronking,smoothness,1.0,0.9802349805831909,0.019765019416809082
efficiency,push_lateral_pace_recovery,1.2,trotting,pronking,survival,0.9839999992400408,0.9869999997317791,-0.0030000004917383194
efficiency,push_lateral_pace_recovery,1.2,trotting,pronking,clearance,0.5,0.5,0.0
efficiency,push_lateral_pace_recovery,1.2,trotting,pronking,boundary,1.0,1.0,0.0
efficiency,push_lateral_pace_recovery,1.2,trotting,pronking,vx_abs_error_mean,0.16914016008377075,0.20435775816440582,-0.03521759808063507
efficiency,push_lateral_pace_recovery,1.2,trotting,pronking,fall_rate,0.01600000075995922,0.013000000268220901,0.0030000004917383194
efficiency,push_lateral_pace_recovery,1.2,trotting,pronking,lateral_offset_abs_mean,1.3474876880645752,1.334833025932312,0.012654662132263184
efficiency,push_lateral_pace_recovery,1.2,trotting,pronking,scuffing_ratio_mean,0.16500002145767212,0.1394166648387909,0.025583356618881226
efficiency,push_lateral_pace_recovery,1.2,trotting,pronking,foot_impact_vel_sum_mean,0.6529302000999451,0.7816007137298584,-0.12867051362991333
efficiency,push_lateral_pace_recovery,1.2,trotting,pronking,transport_cost_proxy,147.88206300331754,173.60987884067106,-25.727815837353518
efficiency,push_lateral_pace_recovery,1.2,trotting,pronking,foot_impact_vel_rms,1.2163027259965118,1.434763778548271,-0.21846105255175918
efficiency,push_lateral_pace_recovery,1.2,trotting,pronking,orientation_rms,0.06984321962598959,0.08118059608161927,-0.011337376455629683
efficiency,push_lateral_pace_recovery,1.2,trotting,pronking,lateral_vel_rms,0.12885172008462442,0.11384199560637176,0.015009724478252662
efficiency,push_lateral_pace_recovery,1.5,trotting,pronking,tracking,0.7945295572280884,0.7389222383499146,0.05560731887817383
efficiency,push_lateral_pace_recovery,1.5,trotting,pronking,yaw,0.6822722554206848,0.7916868329048157,-0.10941457748413086
efficiency,push_lateral_pace_recovery,1.5,trotting,pronking,orientation,0.9007912278175354,0.8649957180023193,0.035795509815216064
efficiency,push_lateral_pace_recovery,1.5,trotting,pronking,lateral,0.15749594569206238,0.19373716413974762,-0.03624121844768524
efficiency,push_lateral_pace_recovery,1.5,trotting,pronking,slip,0.5777822732925415,0.5872817635536194,-0.00949949026107788
efficiency,push_lateral_pace_recovery,1.5,trotting,pronking,energy,0.4455065131187439,0.42546993494033813,0.02003657817840576
efficiency,push_lateral_pace_recovery,1.5,trotting,pronking,impact,0.6651141047477722,0.5910970568656921,0.07401704788208008
efficiency,push_lateral_pace_recovery,1.5,trotting,pronking,scuff,0.42812788486480713,0.48858100175857544,-0.06045311689376831
efficiency,push_lateral_pace_recovery,1.5,trotting,pronking,smoothness,1.0,0.9762819409370422,0.023718059062957764
efficiency,push_lateral_pace_recovery,1.5,trotting,pronking,survival,0.9799999985843897,0.9799999985843897,0.0
efficiency,push_lateral_pace_recovery,1.5,trotting,pronking,clearance,0.5,0.5,0.0
efficiency,push_lateral_pace_recovery,1.5,trotting,pronking,boundary,1.0,1.0,0.0
efficiency,push_lateral_pace_recovery,1.5,trotting,pronking,vx_abs_error_mean,0.23979422450065613,0.2750284671783447,-0.0352342426776886
efficiency,push_lateral_pace_recovery,1.5,trotting,pronking,fall_rate,0.020000001415610313,0.020000001415610313,0.0
efficiency,push_lateral_pace_recovery,1.5,trotting,pronking,lateral_offset_abs_mean,1.609370231628418,1.3917899131774902,0.21758031845092773
efficiency,push_lateral_pace_recovery,1.5,trotting,pronking,scuffing_ratio_mean,0.16966667771339417,0.1432500034570694,0.026416674256324768
efficiency,push_lateral_pace_recovery,1.5,trotting,pronking,foot_impact_vel_sum_mean,0.6784613132476807,0.7537474036216736,-0.07528609037399292
efficiency,push_lateral_pace_recovery,1.5,trotting,pronking,transport_cost_proxy,158.9690541481183,174.32133798865843,-15.352283840540139
efficiency,push_lateral_pace_recovery,1.5,trotting,pronking,foot_impact_vel_rms,1.277179255263349,1.450206977261775,-0.17302772199842598
efficiency,push_lateral_pace_recovery,1.5,trotting,pronking,orientation_rms,0.07227786224730545,0.08515594494944363,-0.01287808270213818
efficiency,push_lateral_pace_recovery,1.5,trotting,pronking,lateral_vel_rms,0.10931268688074695,0.1116832540048676,-0.0023705671241206483
efficiency,push_lateral_pace_recovery,1.8,trotting,pronking,tracking,0.6721311211585999,0.554948627948761,0.11718249320983887
efficiency,push_lateral_pace_recovery,1.8,trotting,pronking,yaw,0.5345106720924377,0.7696853280067444,-0.23517465591430664
efficiency,push_lateral_pace_recovery,1.8,trotting,pronking,orientation,0.9072113633155823,0.8740865588188171,0.03312480449676514
efficiency,push_lateral_pace_recovery,1.8,trotting,pronking,lateral,0.17540352046489716,0.18091292679309845,-0.005509406328201294
efficiency,push_lateral_pace_recovery,1.8,trotting,pronking,slip,0.5325170755386353,0.5523460507392883,-0.019828975200653076
efficiency,push_lateral_pace_recovery,1.8,trotting,pronking,energy,0.42392176389694214,0.40597912669181824,0.0179426372051239
efficiency,push_lateral_pace_recovery,1.8,trotting,pronking,impact,0.6312012076377869,0.5281409621238708,0.10306024551391602
efficiency,push_lateral_pace_recovery,1.8,trotting,pronking,scuff,0.4369586408138275,0.4628201425075531,-0.025861501693725586
efficiency,push_lateral_pace_recovery,1.8,trotting,pronking,smoothness,1.0,0.9733172059059143,0.026682794094085693
efficiency,push_lateral_pace_recovery,1.8,trotting,pronking,survival,0.9789999984204769,0.9799999985843897,-0.0010000001639127731
efficiency,push_lateral_pace_recovery,1.8,trotting,pronking,clearance,0.5,0.5,0.0
efficiency,push_lateral_pace_recovery,1.8,trotting,pronking,boundary,1.0,1.0,0.0
efficiency,push_lateral_pace_recovery,1.8,trotting,pronking,vx_abs_error_mean,0.3151594400405884,0.38369250297546387,-0.06853306293487549
efficiency,push_lateral_pace_recovery,1.8,trotting,pronking,fall_rate,0.021000001579523087,0.020000001415610313,0.0010000001639127731
efficiency,push_lateral_pace_recovery,1.8,trotting,pronking,lateral_offset_abs_mean,1.4025923013687134,1.4090867042541504,-0.006494402885437012
efficiency,push_lateral_pace_recovery,1.8,trotting,pronking,scuffing_ratio_mean,0.16558334231376648,0.15408334136009216,0.011500000953674316
efficiency,push_lateral_pace_recovery,1.8,trotting,pronking,foot_impact_vel_sum_mean,0.7044980525970459,0.8576172590255737,-0.15311920642852783
efficiency,push_lateral_pace_recovery,1.8,trotting,pronking,transport_cost_proxy,162.52391248824085,180.03647669493196,-17.51256420669111
efficiency,push_lateral_pace_recovery,1.8,trotting,pronking,foot_impact_vel_rms,1.3566585971633047,1.5979887631144987,-0.24133016595119394
efficiency,push_lateral_pace_recovery,1.8,trotting,pronking,orientation_rms,0.0697781554248948,0.08202921915946434,-0.01225106373456955
efficiency,push_lateral_pace_recovery,1.8,trotting,pronking,lateral_vel_rms,0.13001420968138888,0.12260765826142865,0.007406551419960231
efficiency,ramp_up_trot_robustness,0.5,pacing,trotting,tracking,0.9657580256462097,0.977236807346344,-0.011478781700134277
efficiency,ramp_up_trot_robustness,0.5,pacing,trotting,yaw,0.8071085214614868,0.8169640302658081,-0.009855508804321289
efficiency,ramp_up_trot_robustness,0.5,pacing,trotting,orientation,0.8730175495147705,0.8395676612854004,0.03344988822937012
efficiency,ramp_up_trot_robustness,0.5,pacing,trotting,lateral,0.10833590477705002,0.12486810237169266,-0.01653219759464264
efficiency,ramp_up_trot_robustness,0.5,pacing,trotting,slip,0.5982624292373657,0.711234450340271,-0.11297202110290527
efficiency,ramp_up_trot_robustness,0.5,pacing,trotting,energy,0.5821681022644043,0.5432422161102295,0.038925886154174805
efficiency,ramp_up_trot_robustness,0.5,pacing,trotting,impact,0.9131582379341125,0.7434799075126648,0.16967833042144775
efficiency,ramp_up_trot_robustness,0.5,pacing,trotting,scuff,0.9269706606864929,0.7346703410148621,0.19230031967163086
efficiency,ramp_up_trot_robustness,0.5,pacing,trotting,smoothness,0.9893558621406555,1.0,-0.010644137859344482
efficiency,ramp_up_trot_robustness,0.5,pacing,trotting,survival,0.9919999996200204,0.9919999996200204,0.0
efficiency,ramp_up_trot_robustness,0.5,pacing,trotting,clearance,1.0,0.5,0.5
efficiency,ramp_up_trot_robustness,0.5,pacing,trotting,boundary,0.47766903042793274,1.0,-0.5223309695720673
efficiency,ramp_up_trot_robustness,0.5,pacing,trotting,vx_abs_error_mean,0.09333004057407379,0.07587209343910217,0.01745794713497162
efficiency,ramp_up_trot_robustness,0.5,pacing,trotting,fall_rate,0.00800000037997961,0.00800000037997961,0.0
efficiency,ramp_up_trot_robustness,0.5,pacing,trotting,lateral_offset_abs_mean,1.2258853912353516,1.7992093563079834,-0.5733239650726318
efficiency,ramp_up_trot_robustness,0.5,pacing,trotting,scuffing_ratio_mean,0.015166668221354485,0.06166667491197586,-0.046500006690621376
efficiency,ramp_up_trot_robustness,0.5,pacing,trotting,foot_impact_vel_sum_mean,0.1758265197277069,0.6063294410705566,-0.43050292134284973
efficiency,ramp_up_trot_robustness,0.5,pacing,trotting,transport_cost_proxy,222.96606709062146,196.3830416278062,26.58302546281527
efficiency,ramp_up_trot_robustness,0.5,pacing,trotting,foot_impact_vel_rms,0.6028136311338376,1.088877497944497,-0.4860638668106595
efficiency,ramp_up_trot_robustness,0.5,pacing,trotting,orientation_rms,0.08240134618570795,0.09350621046592994,-0.01110486428022199
efficiency,ramp_up_trot_robustness,0.5,pacing,trotting,lateral_vel_rms,0.2232300742560049,0.11859338182334392,0.104636692432661
efficiency,ramp_up_trot_robustness,1.0,pacing,trotting,tracking,0.9144099354743958,0.899003267288208,0.015406668186187744
efficiency,ramp_up_trot_robustness,1.0,pacing,trotting,yaw,0.6794553995132446,0.6542181968688965,0.025237202644348145
efficiency,ramp_up_trot_robustness,1.0,pacing,trotting,orientation,0.842174232006073,0.8265809416770935,0.015593290328979492
efficiency,ramp_up_trot_robustness,1.0,pacing,trotting,lateral,0.04105079919099808,0.11680544167757034,-0.07575464248657227
efficiency,ramp_up_trot_robustness,1.0,pacing,trotting,slip,0.4924558699131012,0.5789929628372192,-0.08653709292411804
efficiency,ramp_up_trot_robustness,1.0,pacing,trotting,energy,0.5122637748718262,0.49351558089256287,0.018748193979263306
efficiency,ramp_up_trot_robustness,1.0,pacing,trotting,impact,0.7047539949417114,0.6856147050857544,0.01913928985595703
efficiency,ramp_up_trot_robustness,1.0,pacing,trotting,scuff,0.8163462281227112,0.7720159888267517,0.04433023929595947
efficiency,ramp_up_trot_robustness,1.0,pacing,trotting,smoothness,0.9812232255935669,1.0,-0.018776774406433105
efficiency,ramp_up_trot_robustness,1.0,pacing,trotting,survival,0.9839999992400408,0.9859999995678663,-0.0020000003278255463
efficiency,ramp_up_trot_robustness,1.0,pacing,trotting,clearance,1.0,0.5,0.5
efficiency,ramp_up_trot_robustness,1.0,pacing,trotting,boundary,1.0,1.0,0.0
efficiency,ramp_up_trot_robustness,1.0,pacing,trotting,vx_abs_error_mean,0.14956294000148773,0.16314762830734253,-0.013584688305854797
efficiency,ramp_up_trot_robustness,1.0,pacing,trotting,fall_rate,0.01600000075995922,0.014000000432133675,0.0020000003278255463
efficiency,ramp_up_trot_robustness,1.0,pacing,trotting,lateral_offset_abs_mean,1.5207295417785645,1.6523765325546265,-0.131646990776062
efficiency,ramp_up_trot_robustness,1.0,pacing,trotting,scuffing_ratio_mean,0.04058333858847618,0.05174999684095383,-0.011166658252477646
efficiency,ramp_up_trot_robustness,1.0,pacing,trotting,foot_impact_vel_sum_mean,0.46989601850509644,0.6412924528121948,-0.1713964343070984
efficiency,ramp_up_trot_robustness,1.0,pacing,trotting,transport_cost_proxy,174.45056269260238,165.47863744200777,8.971925250594609
efficiency,ramp_up_trot_robustness,1.0,pacing,trotting,foot_impact_vel_rms,1.1830578574578474,1.2287220343738965,-0.04566417691604907
efficiency,ramp_up_trot_robustness,1.0,pacing,trotting,orientation_rms,0.0926737199238535,0.0975852040303046,-0.0049114841064511056
efficiency,ramp_up_trot_robustness,1.0,pacing,trotting,lateral_vel_rms,0.28915527504534283,0.15730052890400686,0.13185474614133597
efficiency,ramp_up_trot_robustness,1.5,pronking,pacing,tracking,0.787510097026825,0.718184769153595,0.06932532787322998
efficiency,ramp_up_trot_robustness,1.5,pronking,pacing,yaw,0.7123730778694153,0.5113157033920288,0.20105737447738647
efficiency,ramp_up_trot_robustness,1.5,pronking,pacing,orientation,0.7784724235534668,0.8089820146560669,-0.030509591102600098
efficiency,ramp_up_trot_robustness,1.5,pronking,pacing,lateral,0.12418895214796066,0.04737497493624687,0.07681397721171379
efficiency,ramp_up_trot_robustness,1.5,pronking,pacing,slip,0.6732581257820129,0.40528470277786255,0.2679734230041504
efficiency,ramp_up_trot_robustness,1.5,pronking,pacing,energy,0.4441191852092743,0.4641548693180084,-0.02003568410873413
efficiency,ramp_up_trot_robustness,1.5,pronking,pacing,impact,0.4905970096588135,0.679659903049469,-0.18906289339065552
efficiency,ramp_up_trot_robustness,1.5,pronking,pacing,scuff,0.7640159130096436,0.8718975782394409,-0.10788166522979736
efficiency,ramp_up_trot_robustness,1.5,pronking,pacing,smoothness,0.975293755531311,0.9669457674026489,0.00834798812866211
efficiency,ramp_up_trot_robustness,1.5,pronking,pacing,survival,0.9780000001192093,0.9780000001192093,0.0
efficiency,ramp_up_trot_robustness,1.5,pronking,pacing,clearance,0.5,1.0,-0.5
efficiency,ramp_up_trot_robustness,1.5,pronking,pacing,boundary,1.0,0.5334164500236511,0.4665835499763489
efficiency,ramp_up_trot_robustness,1.5,pronking,pacing,vx_abs_error_mean,0.2443763017654419,0.28767532110214233,-0.04329901933670044
efficiency,ramp_up_trot_robustness,1.5,pronking,pacing,fall_rate,0.02199999988079071,0.02199999988079071,0.0
efficiency,ramp_up_trot_robustness,1.5,pronking,pacing,lateral_offset_abs_mean,1.582655668258667,1.375932216644287,0.20672345161437988
efficiency,ramp_up_trot_robustness,1.5,pronking,pacing,scuffing_ratio_mean,0.053833335638046265,0.027416665107011795,0.02641667053103447
efficiency,ramp_up_trot_robustness,1.5,pronking,pacing,foot_impact_vel_sum_mean,0.8549742698669434,0.44612208008766174,0.4088521897792816
efficiency,ramp_up_trot_robustness,1.5,pronking,pacing,transport_cost_proxy,181.8362819497252,170.2244833115905,11.611798638134701
efficiency,ramp_up_trot_robustness,1.5,pronking,pacing,foot_impact_vel_rms,1.6877585472380743,1.2428399346533072,0.44491861258476706
efficiency,ramp_up_trot_robustness,1.5,pronking,pacing,orientation_rms,0.11189766184481993,0.10295110068992079,0.00894656115489914
efficiency,ramp_up_trot_robustness,1.5,pronking,pacing,lateral_vel_rms,0.15863408153696087,0.2892860888170916,-0.13065200728013074
efficiency,ramp_up_trot_robustness,2.0,trotting,pronking,tracking,0.44664260745048523,0.4971003234386444,-0.05045771598815918
efficiency,ramp_up_trot_robustness,2.0,trotting,pronking,yaw,0.2938282787799835,0.5150852799415588,-0.22125700116157532
efficiency,ramp_up_trot_robustness,2.0,trotting,pronking,orientation,0.7767261862754822,0.7300143837928772,0.04671180248260498
efficiency,ramp_up_trot_robustness,2.0,trotting,pronking,lateral,0.08932507783174515,0.09102403372526169,-0.0016989558935165405
efficiency,ramp_up_trot_robustness,2.0,trotting,pronking,slip,0.3792421817779541,0.4211411476135254,-0.04189896583557129
efficiency,ramp_up_trot_robustness,2.0,trotting,pronking,energy,0.385873019695282,0.4102657437324524,-0.02439272403717041
efficiency,ramp_up_trot_robustness,2.0,trotting,pronking,impact,0.5543920993804932,0.4855394661426544,0.06885263323783875
efficiency,ramp_up_trot_robustness,2.0,trotting,pronking,scuff,0.8021844625473022,0.772981584072113,0.02920287847518921
efficiency,ramp_up_trot_robustness,2.0,trotting,pronking,smoothness,0.9849698543548584,0.9483106732368469,0.036659181118011475
efficiency,ramp_up_trot_robustness,2.0,trotting,pronking,survival,0.9759999997913837,0.9759999997913837,0.0
efficiency,ramp_up_trot_robustness,2.0,trotting,pronking,clearance,0.5,0.8575570583343506,-0.3575570583343506
efficiency,ramp_up_trot_robustness,2.0,trotting,pronking,boundary,0.546138346195221,0.1821865737438202,0.36395177245140076
efficiency,ramp_up_trot_robustness,2.0,trotting,pronking,vx_abs_error_mean,0.44888654351234436,0.4180201590061188,0.030866384506225586
efficiency,ramp_up_trot_robustness,2.0,trotting,pronking,fall_rate,0.024000000208616257,0.024000000208616257,0.0
efficiency,ramp_up_trot_robustness,2.0,trotting,pronking,lateral_offset_abs_mean,1.4190994501113892,1.3828284740447998,0.036270976066589355
efficiency,ramp_up_trot_robustness,2.0,trotting,pronking,scuffing_ratio_mean,0.044083334505558014,0.05150000751018524,-0.007416673004627228
efficiency,ramp_up_trot_robustness,2.0,trotting,pronking,foot_impact_vel_sum_mean,0.9097247123718262,0.9159517288208008,-0.006227016448974609
efficiency,ramp_up_trot_robustness,2.0,trotting,pronking,transport_cost_proxy,192.27809505649043,189.9895100998506,2.2885849566398235
efficiency,ramp_up_trot_robustness,2.0,trotting,pronking,foot_impact_vel_rms,1.5360769064789146,1.6999937855414844,-0.1639168790625698
efficiency,ramp_up_trot_robustness,2.0,trotting,pronking,orientation_rms,0.11239827444497301,0.125437444193409,-0.013039169748435983
efficiency,ramp_up_trot_robustness,2.0,trotting,pronking,lateral_vel_rms,0.22320098496727345,0.2251447682097068,-0.0019437832424333557
efficiency,rough_slope_trot_robustness,0.5,pacing,trotting,tracking,0.9626196622848511,0.968961238861084,-0.00634157657623291
efficiency,rough_slope_trot_robustness,0.5,pacing,trotting,yaw,0.6583423018455505,0.667477548122406,-0.009135246276855469
efficiency,rough_slope_trot_robustness,0.5,pacing,trotting,orientation,0.8706938624382019,0.8054257035255432,0.06526815891265869
efficiency,rough_slope_trot_robustness,0.5,pacing,trotting,lateral,0.05391991138458252,0.15776433050632477,-0.10384441912174225
efficiency,rough_slope_trot_robustness,0.5,pacing,trotting,slip,0.5171127915382385,0.6920920610427856,-0.17497926950454712
efficiency,rough_slope_trot_robustness,0.5,pacing,trotting,energy,0.5930924415588379,0.5424694418907166,0.05062299966812134
efficiency,rough_slope_trot_robustness,0.5,pacing,trotting,impact,0.86426842212677,0.7288966178894043,0.13537180423736572
efficiency,rough_slope_trot_robustness,0.5,pacing,trotting,scuff,0.8876598477363586,0.6524091362953186,0.23525071144104004
efficiency,rough_slope_trot_robustness,0.5,pacing,trotting,smoothness,0.9891253113746643,1.0,-0.010874688625335693
efficiency,rough_slope_trot_robustness,0.5,pacing,trotting,survival,0.9919999996200204,0.9909999994561076,0.0010000001639127731
efficiency,rough_slope_trot_robustness,0.5,pacing,trotting,clearance,1.0,0.5,0.5
efficiency,rough_slope_trot_robustness,0.5,pacing,trotting,boundary,0.2359544336795807,1.0,-0.7640455663204193
efficiency,rough_slope_trot_robustness,0.5,pacing,trotting,vx_abs_error_mean,0.09759210795164108,0.08878439664840698,0.0088077113032341
efficiency,rough_slope_trot_robustness,0.5,pacing,trotting,fall_rate,0.00800000037997961,0.009000000543892384,-0.0010000001639127731
efficiency,rough_slope_trot_robustness,0.5,pacing,trotting,lateral_offset_abs_mean,1.7728726863861084,1.632621169090271,0.1402515172958374
efficiency,rough_slope_trot_robustness,0.5,pacing,trotting,scuffing_ratio_mean,0.02383333630859852,0.08541667461395264,-0.06158333830535412
efficiency,rough_slope_trot_robustness,0.5,pacing,trotting,foot_impact_vel_sum_mean,0.27557235956192017,0.6219691038131714,-0.3463967442512512
efficiency,rough_slope_trot_robustness,0.5,pacing,trotting,transport_cost_proxy,200.62240656425897,190.7628555958129,9.859550968446058
efficiency,rough_slope_trot_robustness,0.5,pacing,trotting,foot_impact_vel_rms,0.7638635967267496,1.1246747993620239,-0.3608112026352742
efficiency,rough_slope_trot_robustness,0.5,pacing,trotting,orientation_rms,0.08320602145548657,0.10401546499110506,-0.02080944353561849
efficiency,rough_slope_trot_robustness,0.5,pacing,trotting,lateral_vel_rms,0.23951855678731224,0.10344848164668628,0.13607007514062597
efficiency,rough_slope_trot_robustness,1.0,pacing,pronking,tracking,0.8477194309234619,0.8706306219100952,-0.0229111909866333
efficiency,rough_slope_trot_robustness,1.0,pacing,pronking,yaw,0.5492315292358398,0.6024469137191772,-0.0532153844833374
efficiency,rough_slope_trot_robustness,1.0,pacing,pronking,orientation,0.7339635491371155,0.7393971681594849,-0.005433619022369385
efficiency,rough_slope_trot_robustness,1.0,pacing,pronking,lateral,0.0707075372338295,0.16522149741649628,-0.09451396018266678
efficiency,rough_slope_trot_robustness,1.0,pacing,pronking,slip,0.4001160264015198,0.6669589281082153,-0.26684290170669556
efficiency,rough_slope_trot_robustness,1.0,pacing,pronking,energy,0.5264520049095154,0.4935641288757324,0.03288787603378296
efficiency,rough_slope_trot_robustness,1.0,pacing,pronking,impact,0.7340454459190369,0.6212328672409058,0.1128125786781311
efficiency,rough_slope_trot_robustness,1.0,pacing,pronking,scuff,0.8197547793388367,0.7392764091491699,0.08047837018966675
efficiency,rough_slope_trot_robustness,1.0,pacing,pronking,smoothness,0.9802349805831909,0.9822114706039429,-0.001976490020751953
efficiency,rough_slope_trot_robustness,1.0,pacing,pronking,survival,0.9819999989122152,0.9839999992400408,-0.0020000003278255463
efficiency,rough_slope_trot_robustness,1.0,pacing,pronking,clearance,1.0,0.5,0.5
efficiency,rough_slope_trot_robustness,1.0,pacing,pronking,boundary,1.0,1.0,0.0
efficiency,rough_slope_trot_robustness,1.0,pacing,pronking,vx_abs_error_mean,0.2032274305820465,0.18610310554504395,0.017124325037002563
efficiency,rough_slope_trot_robustness,1.0,pacing,pronking,fall_rate,0.018000001087784767,0.01600000075995922,0.0020000003278255463
efficiency,rough_slope_trot_robustness,1.0,pacing,pronking,lateral_offset_abs_mean,1.3066754341125488,1.4090445041656494,-0.10236907005310059
efficiency,rough_slope_trot_robustness,1.0,pacing,pronking,scuffing_ratio_mean,0.039750002324581146,0.060416676104068756,-0.02066667377948761
efficiency,rough_slope_trot_robustness,1.0,pacing,pronking,foot_impact_vel_sum_mean,0.45735278725624084,0.673465371131897,-0.21611258387565613
efficiency,rough_slope_trot_robustness,1.0,pacing,pronking,transport_cost_proxy,163.82576055735564,180.61074317429734,-16.784982616941704
efficiency,rough_slope_trot_robustness,1.0,pacing,pronking,foot_impact_vel_rms,1.1120869393710973,1.3799264190371396,-0.2678394796660424
efficiency,rough_slope_trot_robustness,1.0,pacing,pronking,orientation_rms,0.12435753944174412,0.12286578582761684,0.0014917536141272753
efficiency,rough_slope_trot_robustness,1.0,pacing,pronking,lateral_vel_rms,0.25908758831139533,0.13989707846334787,0.11919050984804747
efficiency,rough_slope_trot_robustness,1.5,pacing,trotting,tracking,0.675016462802887,0.6719980835914612,0.0030183792114257812
efficiency,rough_slope_trot_robustness,1.5,pacing,trotting,yaw,0.37397199869155884,0.3789614140987396,-0.004989415407180786
efficiency,rough_slope_trot_robustness,1.5,pacing,trotting,orientation,0.7015517950057983,0.6327584385871887,0.06879335641860962
efficiency,rough_slope_trot_robustness,1.5,pacing,trotting,lateral,0.038282036781311035,0.13116717338562012,-0.09288513660430908
efficiency,rough_slope_trot_robustness,1.5,pacing,trotting,slip,0.16485925018787384,0.29560768604278564,-0.1307484358549118
efficiency,rough_slope_trot_robustness,1.5,pacing,trotting,energy,0.46641409397125244,0.4444645941257477,0.02194949984550476
efficiency,rough_slope_trot_robustness,1.5,pacing,trotting,impact,0.6947194933891296,0.6414080858230591,0.05331140756607056
efficiency,rough_slope_trot_robustness,1.5,pacing,trotting,scuff,0.8068775534629822,0.7067463994026184,0.10013115406036377
efficiency,rough_slope_trot_robustness,1.5,pacing,trotting,smoothness,0.9716157913208008,0.9882460832595825,-0.01663029193878174
efficiency,rough_slope_trot_robustness,1.5,pacing,trotting,survival,0.9769999980926514,0.9839999992400408,-0.007000001147389412
efficiency,rough_slope_trot_robustness,1.5,pacing,trotting,clearance,1.0,0.8615731000900269,0.13842689990997314
efficiency,rough_slope_trot_robustness,1.5,pacing,trotting,boundary,0.5249002575874329,0.5239369869232178,0.0009632706642150879
efficiency,rough_slope_trot_robustness,1.5,pacing,trotting,vx_abs_error_mean,0.31345582008361816,0.3152379095554352,-0.0017820894718170166
efficiency,rough_slope_trot_robustness,1.5,pacing,trotting,fall_rate,0.023000001907348633,0.01600000075995922,0.007000001147389412
efficiency,rough_slope_trot_robustness,1.5,pacing,trotting,lateral_offset_abs_mean,1.6036007404327393,1.4802227020263672,0.12337803840637207
efficiency,rough_slope_trot_robustness,1.5,pacing,trotting,scuffing_ratio_mean,0.0429166704416275,0.06941667199134827,-0.026500001549720764
efficiency,rough_slope_trot_robustness,1.5,pacing,trotting,foot_impact_vel_sum_mean,0.4664459228515625,0.6723300218582153,-0.20588409900665283
efficiency,rough_slope_trot_robustness,1.5,pacing,trotting,transport_cost_proxy,162.38191126994604,178.45943726094774,-16.077525991001693
efficiency,rough_slope_trot_robustness,1.5,pacing,trotting,foot_impact_vel_rms,1.2070578048655989,1.332800657432912,-0.1257428525673132
efficiency,rough_slope_trot_robustness,1.5,pacing,trotting,orientation_rms,0.13312785491434212,0.1512723687277062,-0.01814451381336407
efficiency,rough_slope_trot_robustness,1.5,pacing,trotting,lateral_vel_rms,0.2880255037702816,0.16599097349360567,0.1220345302766759
efficiency,rough_slope_trot_robustness,2.0,trotting,pacing,tracking,0.3786763846874237,0.3191443979740143,0.059531986713409424
efficiency,rough_slope_trot_robustness,2.0,trotting,pacing,yaw,0.2065126597881317,0.1567908227443695,0.04972183704376221
efficiency,rough_slope_trot_robustness,2.0,trotting,pacing,orientation,0.7284244298934937,0.5480003952980042,0.1804240345954895
efficiency,rough_slope_trot_robustness,2.0,trotting,pacing,lateral,0.10171758383512497,0.027210600674152374,0.0745069831609726
efficiency,rough_slope_trot_robustness,2.0,trotting,pacing,slip,0.045020464807748795,0.0548001267015934,-0.009779661893844604
efficiency,rough_slope_trot_robustness,2.0,trotting,pacing,energy,0.3995523750782013,0.38645634055137634,0.013096034526824951
efficiency,rough_slope_trot_robustness,2.0,trotting,pacing,impact,0.5445680618286133,0.5294288396835327,0.015139222145080566
efficiency,rough_slope_trot_robustness,2.0,trotting,pacing,scuff,0.6968047618865967,0.7319204807281494,-0.035115718841552734
efficiency,rough_slope_trot_robustness,2.0,trotting,pacing,smoothness,0.9645942449569702,0.9633370041847229,0.0012572407722473145
efficiency,rough_slope_trot_robustness,2.0,trotting,pacing,survival,0.9759999997913837,0.9719999991357327,0.0040000006556510925
efficiency,rough_slope_trot_robustness,2.0,trotting,pacing,clearance,0.8581286072731018,1.0,-0.1418713927268982
efficiency,rough_slope_trot_robustness,2.0,trotting,pacing,boundary,0.2274399995803833,0.546865701675415,-0.31942570209503174
efficiency,rough_slope_trot_robustness,2.0,trotting,pacing,vx_abs_error_mean,0.4927152693271637,0.5343481302261353,-0.04163286089897156
efficiency,rough_slope_trot_robustness,2.0,trotting,pacing,fall_rate,0.024000000208616257,0.02800000086426735,-0.0040000006556510925
efficiency,rough_slope_trot_robustness,2.0,trotting,pacing,lateral_offset_abs_mean,1.352320909500122,1.5128173828125,-0.16049647331237793
efficiency,rough_slope_trot_robustness,2.0,trotting,pacing,scuffing_ratio_mean,0.07225000858306885,0.0624166801571846,0.009833328425884247
efficiency,rough_slope_trot_robustness,2.0,trotting,pacing,foot_impact_vel_sum_mean,0.7080833315849304,0.6761530637741089,0.03193026781082153
efficiency,rough_slope_trot_robustness,2.0,trotting,pacing,transport_cost_proxy,189.16352024220882,194.94976730948628,-5.786247067277458
efficiency,rough_slope_trot_robustness,2.0,trotting,pacing,foot_impact_vel_rms,1.5591823534496492,1.5949375591259203,-0.03575520567627111
efficiency,rough_slope_trot_robustness,2.0,trotting,pacing,orientation_rms,0.12587123911127393,0.1734184704685354,-0.047547231357261466
efficiency,rough_slope_trot_robustness,2.0,trotting,pacing,lateral_vel_rms,0.21601322234819761,0.3233675295936784,-0.10735430724548081
efficiency,stepping_stones_easy_bound_highspeed,1.7,pacing,pronking,tracking,0.39527374505996704,0.4131953716278076,-0.017921626567840576
efficiency,stepping_stones_easy_bound_highspeed,1.7,pacing,pronking,yaw,0.054964933544397354,0.2856423854827881,-0.23067745193839073
efficiency,stepping_stones_easy_bound_highspeed,1.7,pacing,pronking,orientation,0.6042147278785706,0.6595192551612854,-0.055304527282714844
efficiency,stepping_stones_easy_bound_highspeed,1.7,pacing,pronking,lateral,0.02209547534584999,0.127462700009346,-0.10536722466349602
efficiency,stepping_stones_easy_bound_highspeed,1.7,pacing,pronking,slip,0.007593478541821241,0.07076187431812286,-0.06316839577630162
efficiency,stepping_stones_easy_bound_highspeed,1.7,pacing,pronking,energy,0.3528943359851837,0.36070895195007324,-0.007814615964889526
efficiency,stepping_stones_easy_bound_highspeed,1.7,pacing,pronking,impact,0.5446354746818542,0.5272073745727539,0.017428100109100342
efficiency,stepping_stones_easy_bound_highspeed,1.7,pacing,pronking,scuff,0.5622361898422241,0.5559464693069458,0.00628972053527832
efficiency,stepping_stones_easy_bound_highspeed,1.7,pacing,pronking,smoothness,0.977270245552063,0.963512659072876,0.013757586479187012
efficiency,stepping_stones_easy_bound_highspeed,1.7,pacing,pronking,survival,0.9819999989122152,0.9809999987483025,0.0010000001639127731
efficiency,stepping_stones_easy_bound_highspeed,1.7,pacing,pronking,clearance,1.0,0.8614998459815979,0.1385001540184021
efficiency,stepping_stones_easy_bound_highspeed,1.7,pacing,pronking,boundary,1.0,0.20012027025222778,0.7998797297477722
efficiency,stepping_stones_easy_bound_highspeed,1.7,pacing,pronking,vx_abs_error_mean,0.48170965909957886,0.4700624346733093,0.011647224426269531
efficiency,stepping_stones_easy_bound_highspeed,1.7,pacing,pronking,fall_rate,0.018000001087784767,0.01900000125169754,-0.0010000001639127731
efficiency,stepping_stones_easy_bound_highspeed,1.7,pacing,pronking,lateral_offset_abs_mean,1.6949282884597778,1.6076295375823975,0.08729875087738037
efficiency,stepping_stones_easy_bound_highspeed,1.7,pacing,pronking,scuffing_ratio_mean,0.11516664922237396,0.11741665005683899,-0.002250000834465027
efficiency,stepping_stones_easy_bound_highspeed,1.7,pacing,pronking,foot_impact_vel_sum_mean,0.7115359902381897,0.9486640691757202,-0.23712807893753052
efficiency,stepping_stones_easy_bound_highspeed,1.7,pacing,pronking,transport_cost_proxy,229.96897806342878,223.38181826903198,6.587159794396797
efficiency,stepping_stones_easy_bound_highspeed,1.7,pacing,pronking,foot_impact_vel_rms,1.5590235090590663,1.6002015476125746,-0.04117803855350832
efficiency,stepping_stones_easy_bound_highspeed,1.7,pacing,pronking,orientation_rms,0.15871761692440314,0.1442643581726434,0.014453258751759734
efficiency,stepping_stones_easy_bound_highspeed,1.7,pacing,pronking,lateral_vel_rms,0.3253808623425846,0.15038316881596475,0.17499769352661987
efficiency,stepping_stones_easy_bound_highspeed,2.0,pacing,trotting,tracking,0.2514234185218811,0.15097731351852417,0.10044610500335693
efficiency,stepping_stones_easy_bound_highspeed,2.0,pacing,trotting,yaw,0.08234022557735443,0.04143374785780907,0.040906477719545364
efficiency,stepping_stones_easy_bound_highspeed,2.0,pacing,trotting,orientation,0.6678464412689209,0.637113094329834,0.030733346939086914
efficiency,stepping_stones_easy_bound_highspeed,2.0,pacing,trotting,lateral,0.032350003719329834,0.0884537622332573,-0.05610375851392746
efficiency,stepping_stones_easy_bound_highspeed,2.0,pacing,trotting,slip,0.0059775798581540585,0.008394552394747734,-0.0024169725365936756
efficiency,stepping_stones_easy_bound_highspeed,2.0,pacing,trotting,energy,0.3510609269142151,0.339646577835083,0.01141434907913208
efficiency,stepping_stones_easy_bound_highspeed,2.0,pacing,trotting,impact,0.6237643957138062,0.5745728611946106,0.04919153451919556
efficiency,stepping_stones_easy_bound_highspeed,2.0,pacing,trotting,scuff,0.60124671459198,0.5678867101669312,0.03336000442504883
efficiency,stepping_stones_easy_bound_highspeed,2.0,pacing,trotting,smoothness,0.9692502021789551,0.9781471490859985,-0.008896946907043457
efficiency,stepping_stones_easy_bound_highspeed,2.0,pacing,trotting,survival,0.974999999627471,0.9799999985843897,-0.004999998956918716
efficiency,stepping_stones_easy_bound_highspeed,2.0,pacing,trotting,clearance,1.0,0.86091148853302,0.13908851146697998
efficiency,stepping_stones_easy_bound_highspeed,2.0,pacing,trotting,boundary,0.5311949253082275,0.30866700410842896,0.22252792119979858
efficiency,stepping_stones_easy_bound_highspeed,2.0,pacing,trotting,vx_abs_error_mean,0.5874982476234436,0.6875001192092896,-0.10000187158584595
efficiency,stepping_stones_easy_bound_highspeed,2.0,pacing,trotting,fall_rate,0.02500000037252903,0.020000001415610313,0.004999998956918716
efficiency,stepping_stones_easy_bound_highspeed,2.0,pacing,trotting,lateral_offset_abs_mean,1.7701060771942139,1.3195879459381104,0.4505181312561035
efficiency,stepping_stones_easy_bound_highspeed,2.0,pacing,trotting,scuffing_ratio_mean,0.10174998641014099,0.11316666752099991,-0.011416681110858917
efficiency,stepping_stones_easy_bound_highspeed,2.0,pacing,trotting,foot_impact_vel_sum_mean,0.5690653920173645,0.6461361646652222,-0.07707077264785767
efficiency,stepping_stones_easy_bound_highspeed,2.0,pacing,trotting,transport_cost_proxy,211.34558338516047,228.84288790649245,-17.497304521331984
efficiency,stepping_stones_easy_bound_highspeed,2.0,pacing,trotting,foot_impact_vel_rms,1.3740196769776944,1.488796027818885,-0.11477635084119053
efficiency,stepping_stones_easy_bound_highspeed,2.0,pacing,trotting,orientation_rms,0.1420733976514252,0.1501346211282535,-0.008061223476828278
efficiency,stepping_stones_easy_bound_highspeed,2.0,pacing,trotting,lateral_vel_rms,0.2881870027842686,0.23512628465764918,0.053060718126619444
robustness,flat_trot_efficiency,0.5,pronking,trotting,tracking,0.9859558939933777,0.9848828315734863,0.0010730624198913574
robustness,flat_trot_efficiency,0.5,pronking,trotting,yaw,0.9382287859916687,0.8801829218864441,0.05804586410522461
robustness,flat_trot_efficiency,0.5,pronking,trotting,orientation,0.86949622631073,0.9561356902122498,-0.08663946390151978
robustness,flat_trot_efficiency,0.5,pronking,trotting,lateral,0.4674035310745239,0.23331831395626068,0.23408521711826324
robustness,flat_trot_efficiency,0.5,pronking,trotting,slip,0.6457124352455139,0.8141456842422485,-0.16843324899673462
robustness,flat_trot_efficiency,0.5,pronking,trotting,energy,0.5142849087715149,0.5209843516349792,-0.0066994428634643555
robustness,flat_trot_efficiency,0.5,pronking,trotting,impact,0.6217926740646362,0.6408547163009644,-0.019062042236328125
robustness,flat_trot_efficiency,0.5,pronking,trotting,scuff,0.5246624946594238,0.44895467162132263,0.0757078230381012
robustness,flat_trot_efficiency,0.5,pronking,trotting,smoothness,0.9881731867790222,0.988194465637207,-2.1278858184814453e-05
robustness,flat_trot_efficiency,0.5,pronking,trotting,survival,0.9939999999478459,0.9919999996200204,0.0020000003278255463
robustness,flat_trot_efficiency,0.5,pronking,trotting,clearance,0.5,0.8693488836288452,-0.3693488836288452
robustness,flat_trot_efficiency,0.5,pronking,trotting,boundary,0.4808143377304077,0.13655346632003784,0.3442608714103699
robustness,flat_trot_efficiency,0.5,pronking,trotting,vx_abs_error_mean,0.05946362018585205,0.06171025335788727,-0.0022466331720352173
robustness,flat_trot_efficiency,0.5,pronking,trotting,fall_rate,0.006000000052154064,0.00800000037997961,-0.0020000003278255463
robustness,flat_trot_efficiency,0.5,pronking,trotting,lateral_offset_abs_mean,0.6970187425613403,1.3457205295562744,-0.6487017869949341
robustness,flat_trot_efficiency,0.5,pronking,trotting,scuffing_ratio_mean,0.1290000081062317,0.1601666659116745,-0.03116665780544281
robustness,flat_trot_efficiency,0.5,pronking,trotting,foot_impact_vel_sum_mean,0.8198803663253784,0.757080078125,0.06280028820037842
robustness,flat_trot_efficiency,0.5,pronking,trotting,transport_cost_proxy,250.55960643475908,202.31723721736995,48.242369217389125
robustness,flat_trot_efficiency,0.5,pronking,trotting,foot_impact_vel_rms,1.3786203743327918,1.3340951226125186,0.04452525172027322
robustness,flat_trot_efficiency,0.5,pronking,trotting,orientation_rms,0.08361855597299774,0.047357898091627756,0.03626065788136998
robustness,flat_trot_efficiency,0.5,pronking,trotting,lateral_vel_rms,0.05636647280479869,0.07403750311145296,-0.017671030306654276
robustness,flat_trot_efficiency,1.0,pronking,trotting,tracking,0.9240723252296448,0.9353487491607666,-0.011276423931121826
robustness,flat_trot_efficiency,1.0,pronking,trotting,yaw,0.8649044036865234,0.7697497010231018,0.09515470266342163
robustness,flat_trot_efficiency,1.0,pronking,trotting,orientation,0.8907532095909119,0.9088102579116821,-0.018057048320770264
robustness,flat_trot_efficiency,1.0,pronking,trotting,lateral,0.23210103809833527,0.30128586292266846,-0.06918482482433319
robustness,flat_trot_efficiency,1.0,pronking,trotting,slip,0.7729372978210449,0.6860528588294983,0.08688443899154663
robustness,flat_trot_efficiency,1.0,pronking,trotting,energy,0.4857826232910156,0.4967673420906067,-0.010984718799591064
robustness,flat_trot_efficiency,1.0,pronking,trotting,impact,0.6572407484054565,0.713991105556488,-0.056750357151031494
robustness,flat_trot_efficiency,1.0,pronking,trotting,scuff,0.5038802027702332,0.44597160816192627,0.057908594608306885
robustness,flat_trot_efficiency,1.0,pronking,trotting,smoothness,0.9822114706039429,1.0,-0.01778852939605713
robustness,flat_trot_efficiency,1.0,pronking,trotting,survival,0.982999999076128,0.9819999989122152,0.0010000001639127731
robustness,flat_trot_efficiency,1.0,pronking,trotting,clearance,0.5,0.5,0.0
robustness,flat_trot_efficiency,1.0,pronking,trotting,boundary,1.0,1.0,0.0
robustness,flat_trot_efficiency,1.0,pronking,trotting,vx_abs_error_mean,0.14050352573394775,0.12926310300827026,0.01124042272567749
robustness,flat_trot_efficiency,1.0,pronking,trotting,fall_rate,0.017000000923871994,0.018000001087784767,-0.0010000001639127731
robustness,flat_trot_efficiency,1.0,pronking,trotting,lateral_offset_abs_mean,1.2840304374694824,1.0688319206237793,0.21519851684570312
robustness,flat_trot_efficiency,1.0,pronking,trotting,scuffing_ratio_mean,0.13708333671092987,0.1615000069141388,-0.024416670203208923
robustness,flat_trot_efficiency,1.0,pronking,trotting,foot_impact_vel_sum_mean,0.6514879465103149,0.6129928231239319,0.03849512338638306
robustness,flat_trot_efficiency,1.0,pronking,trotting,transport_cost_proxy,181.93278962575167,145.21879293661158,36.71399668914009
robustness,flat_trot_efficiency,1.0,pronking,trotting,foot_impact_vel_rms,1.2956926240876478,1.1608354402151921,0.1348571838724557
robustness,flat_trot_efficiency,1.0,pronking,trotting,orientation_rms,0.0760551951290543,0.0691443848059099,0.0069108103231444035
robustness,flat_trot_efficiency,1.0,pronking,trotting,lateral_vel_rms,0.09395531682379749,0.08088997109988678,0.013065345723910701
robustness,flat_trot_efficiency,1.5,trotting,pronking,tracking,0.851686954498291,0.802014946937561,0.04967200756072998
robustness,flat_trot_efficiency,1.5,trotting,pronking,yaw,0.6754521727561951,0.8249346017837524,-0.14948242902755737
robustness,flat_trot_efficiency,1.5,trotting,pronking,orientation,0.9081472158432007,0.897905707359314,0.010241508483886719
robustness,flat_trot_efficiency,1.5,trotting,pronking,lateral,0.19519315659999847,0.2301182746887207,-0.03492511808872223
robustness,flat_trot_efficiency,1.5,trotting,pronking,slip,0.6315993666648865,0.6004946231842041,0.031104743480682373
robustness,flat_trot_efficiency,1.5,trotting,pronking,energy,0.45116597414016724,0.42408981919288635,0.027076154947280884
robustness,flat_trot_efficiency,1.5,trotting,pronking,impact,0.6099174618721008,0.5708321332931519,0.039085328578948975
robustness,flat_trot_efficiency,1.5,trotting,pronking,scuff,0.4696190655231476,0.47970524430274963,-0.01008617877960205
robustness,flat_trot_efficiency,1.5,trotting,pronking,smoothness,0.977275550365448,0.9660163521766663,0.011259198188781738
robustness,flat_trot_efficiency,1.5,trotting,pronking,survival,0.9779999982565641,0.9799999985843897,-0.0020000003278255463
robustness,flat_trot_efficiency,1.5,trotting,pronking,clearance,0.8603752851486206,0.8609377145767212,-0.0005624294281005859
robustness,flat_trot_efficiency,1.5,trotting,pronking,boundary,0.312583863735199,0.3083275258541107,0.004256337881088257
robustness,flat_trot_efficiency,1.5,trotting,pronking,vx_abs_error_mean,0.20033486187458038,0.2348552942276001,-0.034520432353019714
robustness,flat_trot_efficiency,1.5,trotting,pronking,fall_rate,0.02200000174343586,0.020000001415610313,0.0020000003278255463
robustness,flat_trot_efficiency,1.5,trotting,pronking,lateral_offset_abs_mean,1.3916726112365723,1.2943097352981567,0.09736287593841553
robustness,flat_trot_efficiency,1.5,trotting,pronking,scuffing_ratio_mean,0.15116667747497559,0.1469166874885559,0.004249989986419678
robustness,flat_trot_efficiency,1.5,trotting,pronking,foot_impact_vel_sum_mean,0.7567058801651001,0.763770580291748,-0.007064700126647949
robustness,flat_trot_efficiency,1.5,trotting,pronking,transport_cost_proxy,170.19010607925756,178.19652862381113,-8.006422544553573
robustness,flat_trot_efficiency,1.5,trotting,pronking,foot_impact_vel_rms,1.4063166460452188,1.497544759873926,-0.09122811382870721
robustness,flat_trot_efficiency,1.5,trotting,pronking,orientation_rms,0.0694077708986597,0.07337923103414977,-0.003971460135490074
robustness,flat_trot_efficiency,1.5,trotting,pronking,lateral_vel_rms,0.11002114715825168,0.09350190515349423,0.016519242004757448
robustness,flat_trot_efficiency,2.0,trotting,pronking,tracking,0.623447835445404,0.3913678824901581,0.23207995295524597
robustness,flat_trot_efficiency,2.0,trotting,pronking,yaw,0.5813249945640564,0.783631443977356,-0.20230644941329956
robustness,flat_trot_efficiency,2.0,trotting,pronking,orientation,0.921246349811554,0.8609147071838379,0.060331642627716064
robustness,flat_trot_efficiency,2.0,trotting,pronking,lateral,0.17239901423454285,0.20945127308368683,-0.03705225884914398
robustness,flat_trot_efficiency,2.0,trotting,pronking,slip,0.5377184748649597,0.5281270146369934,0.009591460227966309
robustness,flat_trot_efficiency,2.0,trotting,pronking,energy,0.3786922097206116,0.37248921394348145,0.006202995777130127
robustness,flat_trot_efficiency,2.0,trotting,pronking,impact,0.5650234818458557,0.5293290615081787,0.035694420337677
robustness,flat_trot_efficiency,2.0,trotting,pronking,scuff,0.4745364785194397,0.4690324068069458,0.0055040717124938965
robustness,flat_trot_efficiency,2.0,trotting,pronking,smoothness,0.961129903793335,0.9645196199417114,-0.003389716148376465
robustness,flat_trot_efficiency,2.0,trotting,pronking,survival,0.9749999977648258,0.9719999991357327,0.00299999862909317
robustness,flat_trot_efficiency,2.0,trotting,pronking,clearance,0.856558620929718,0.8581252098083496,-0.0015665888786315918
robustness,flat_trot_efficiency,2.0,trotting,pronking,boundary,0.23931708931922913,0.543789267539978,-0.3044721782207489
robustness,flat_trot_efficiency,2.0,trotting,pronking,vx_abs_error_mean,0.34368962049484253,0.48427969217300415,-0.14059007167816162
robustness,flat_trot_efficiency,2.0,trotting,pronking,fall_rate,0.02500000223517418,0.02800000086426735,-0.00299999862909317
robustness,flat_trot_efficiency,2.0,trotting,pronking,lateral_offset_abs_mean,1.4564552307128906,1.2782647609710693,0.1781904697418213
robustness,flat_trot_efficiency,2.0,trotting,pronking,scuffing_ratio_mean,0.14908334612846375,0.15141668915748596,-0.002333343029022217
robustness,flat_trot_efficiency,2.0,trotting,pronking,foot_impact_vel_sum_mean,0.9081380367279053,0.7731404304504395,0.13499760627746582
robustness,flat_trot_efficiency,2.0,trotting,pronking,transport_cost_proxy,184.19945806049162,198.52848233676076,-14.329024276269138
robustness,flat_trot_efficiency,2.0,trotting,pronking,foot_impact_vel_rms,1.5111426683033387,1.5951739698941547,-0.08403130159081607
robustness,flat_trot_efficiency,2.0,trotting,pronking,orientation_rms,0.06404210113316952,0.08653319144542164,-0.02249109031225212
robustness,flat_trot_efficiency,2.0,trotting,pronking,lateral_vel_rms,0.12277793254627975,0.11937321956165596,0.0034047129846237895
robustness,push_lateral_pace_recovery,1.2,trotting,pronking,tracking,0.8918711543083191,0.8905086517333984,0.0013625025749206543
robustness,push_lateral_pace_recovery,1.2,trotting,pronking,yaw,0.7333655953407288,0.8490768671035767,-0.1157112717628479
robustness,push_lateral_pace_recovery,1.2,trotting,pronking,orientation,0.9070465564727783,0.9113446474075317,-0.004298090934753418
robustness,push_lateral_pace_recovery,1.2,trotting,pronking,lateral,0.18645916879177094,0.25609299540519714,-0.06963382661342621
robustness,push_lateral_pace_recovery,1.2,trotting,pronking,slip,0.6919593214988708,0.6542612910270691,0.03769803047180176
robustness,push_lateral_pace_recovery,1.2,trotting,pronking,energy,0.4860821068286896,0.4507432281970978,0.0353388786315918
robustness,push_lateral_pace_recovery,1.2,trotting,pronking,impact,0.6908392906188965,0.520673394203186,0.17016589641571045
robustness,push_lateral_pace_recovery,1.2,trotting,pronking,scuff,0.43823495507240295,0.5268531441688538,-0.0886181890964508
robustness,push_lateral_pace_recovery,1.2,trotting,pronking,smoothness,1.0,0.9695902466773987,0.03040975332260132
robustness,push_lateral_pace_recovery,1.2,trotting,pronking,survival,0.9839999992400408,0.9839999992400408,0.0
robustness,push_lateral_pace_recovery,1.2,trotting,pronking,clearance,0.5,0.8637239933013916,-0.3637239933013916
robustness,push_lateral_pace_recovery,1.2,trotting,pronking,boundary,1.0,0.18213635683059692,0.8178636431694031
robustness,push_lateral_pace_recovery,1.2,trotting,pronking,vx_abs_error_mean,0.16914016008377075,0.1702663004398346,-0.0011261403560638428
robustness,push_lateral_pace_recovery,1.2,trotting,pronking,fall_rate,0.01600000075995922,0.01600000075995922,0.0
robustness,push_lateral_pace_recovery,1.2,trotting,pronking,lateral_offset_abs_mean,1.3474876880645752,1.20539128780365,0.1420964002609253
robustness,push_lateral_pace_recovery,1.2,trotting,pronking,scuffing_ratio_mean,0.16500002145767212,0.12816667556762695,0.036833345890045166
robustness,push_lateral_pace_recovery,1.2,trotting,pronking,foot_impact_vel_sum_mean,0.6529302000999451,0.9899531602859497,-0.33702296018600464
robustness,push_lateral_pace_recovery,1.2,trotting,pronking,transport_cost_proxy,147.88206300331754,183.66481863841116,-35.78275563509362
robustness,push_lateral_pace_recovery,1.2,trotting,pronking,foot_impact_vel_rms,1.2163027259965118,1.615713212723436,-0.39941048672692414
robustness,push_lateral_pace_recovery,1.2,trotting,pronking,orientation_rms,0.06984321962598959,0.06813007709166809,0.0017131425343215045
robustness,push_lateral_pace_recovery,1.2,trotting,pronking,lateral_vel_rms,0.12885172008462442,0.08855037494451612,0.0403013451401083
robustness,push_lateral_pace_recovery,1.5,trotting,pronking,tracking,0.8496435880661011,0.7801156044006348,0.06952798366546631
robustness,push_lateral_pace_recovery,1.5,trotting,pronking,yaw,0.6219132542610168,0.8251550197601318,-0.203241765499115
robustness,push_lateral_pace_recovery,1.5,trotting,pronking,orientation,0.9068089127540588,0.8817248344421387,0.025084078311920166
robustness,push_lateral_pace_recovery,1.5,trotting,pronking,lateral,0.21755392849445343,0.2787136137485504,-0.061159685254096985
robustness,push_lateral_pace_recovery,1.5,trotting,pronking,slip,0.5897257924079895,0.6879077553749084,-0.09818196296691895
robustness,push_lateral_pace_recovery,1.5,trotting,pronking,energy,0.43371981382369995,0.40468862652778625,0.029031187295913696
robustness,push_lateral_pace_recovery,1.5,trotting,pronking,impact,0.6326398849487305,0.5195404291152954,0.11309945583343506
robustness,push_lateral_pace_recovery,1.5,trotting,pronking,scuff,0.48271283507347107,0.4729573428630829,0.009755492210388184
robustness,push_lateral_pace_recovery,1.5,trotting,pronking,smoothness,0.9877433776855469,0.960472047328949,0.0272713303565979
robustness,push_lateral_pace_recovery,1.5,trotting,pronking,survival,0.982999999076128,0.9809999987483025,0.0020000003278255463
robustness,push_lateral_pace_recovery,1.5,trotting,pronking,clearance,0.8608938455581665,0.8603739738464355,0.000519871711730957
robustness,push_lateral_pace_recovery,1.5,trotting,pronking,boundary,0.5286266803741455,0.20924335718154907,0.31938332319259644
robustness,push_lateral_pace_recovery,1.5,trotting,pronking,vx_abs_error_mean,0.20182809233665466,0.24915514886379242,-0.047327056527137756
robustness,push_lateral_pace_recovery,1.5,trotting,pronking,fall_rate,0.017000000923871994,0.01900000125169754,-0.0020000003278255463
robustness,push_lateral_pace_recovery,1.5,trotting,pronking,lateral_offset_abs_mean,1.2660967111587524,1.147969365119934,0.11812734603881836
robustness,push_lateral_pace_recovery,1.5,trotting,pronking,scuffing_ratio_mean,0.1456666737794876,0.1497500240802765,-0.004083350300788879
robustness,push_lateral_pace_recovery,1.5,trotting,pronking,foot_impact_vel_sum_mean,0.71725994348526,0.7516907453536987,-0.03443080186843872
robustness,push_lateral_pace_recovery,1.5,trotting,pronking,transport_cost_proxy,156.77590453336978,187.2346525143861,-30.45874798101633
robustness,push_lateral_pace_recovery,1.5,trotting,pronking,foot_impact_vel_rms,1.3532980757237034,1.61840735603574,-0.2651092803120365
robustness,push_lateral_pace_recovery,1.5,trotting,pronking,orientation_rms,0.0699369539152934,0.07933323688878546,-0.009396282973492057
robustness,push_lateral_pace_recovery,1.5,trotting,pronking,lateral_vel_rms,0.1138445889015085,0.08049879994445654,0.03334578895705197
robustness,push_lateral_pace_recovery,1.8,trotting,pronking,tracking,0.700367271900177,0.554948627948761,0.14541864395141602
robustness,push_lateral_pace_recovery,1.8,trotting,pronking,yaw,0.5187395215034485,0.7696853280067444,-0.2509458065032959
robustness,push_lateral_pace_recovery,1.8,trotting,pronking,orientation,0.8974555134773254,0.8740865588188171,0.0233689546585083
robustness,push_lateral_pace_recovery,1.8,trotting,pronking,lateral,0.21191830933094025,0.18091292679309845,0.031005382537841797
robustness,push_lateral_pace_recovery,1.8,trotting,pronking,slip,0.5119788646697998,0.5523460507392883,-0.040367186069488525
robustness,push_lateral_pace_recovery,1.8,trotting,pronking,energy,0.4107685089111328,0.40597912669181824,0.004789382219314575
robustness,push_lateral_pace_recovery,1.8,trotting,pronking,impact,0.5842287540435791,0.5281409621238708,0.05608779191970825
robustness,push_lateral_pace_recovery,1.8,trotting,pronking,scuff,0.47099074721336365,0.4628201425075531,0.008170604705810547
robustness,push_lateral_pace_recovery,1.8,trotting,pronking,smoothness,0.9852968454360962,0.9733172059059143,0.011979639530181885
robustness,push_lateral_pace_recovery,1.8,trotting,pronking,survival,0.9780000001192093,0.9799999985843897,-0.001999998465180397
robustness,push_lateral_pace_recovery,1.8,trotting,pronking,clearance,0.8581357002258301,0.5,0.3581357002258301
robustness,push_lateral_pace_recovery,1.8,trotting,pronking,boundary,0.5436502695083618,1.0,-0.4563497304916382
robustness,push_lateral_pace_recovery,1.8,trotting,pronking,vx_abs_error_mean,0.2983916997909546,0.38369250297546387,-0.08530080318450928
robustness,push_lateral_pace_recovery,1.8,trotting,pronking,fall_rate,0.02199999988079071,0.020000001415610313,0.001999998465180397
robustness,push_lateral_pace_recovery,1.8,trotting,pronking,lateral_offset_abs_mean,1.2108731269836426,1.4090867042541504,-0.1982135772705078
robustness,push_lateral_pace_recovery,1.8,trotting,pronking,scuffing_ratio_mean,0.15058335661888123,0.15408334136009216,-0.0034999847412109375
robustness,push_lateral_pace_recovery,1.8,trotting,pronking,foot_impact_vel_sum_mean,0.7749164700508118,0.8576172590255737,-0.08270078897476196
robustness,push_lateral_pace_recovery,1.8,trotting,pronking,transport_cost_proxy,172.99616960326227,180.03647669493196,-7.040307091669689
robustness,push_lateral_pace_recovery,1.8,trotting,pronking,foot_impact_vel_rms,1.4662369867584553,1.5979887631144987,-0.1317517763560434
robustness,push_lateral_pace_recovery,1.8,trotting,pronking,orientation_rms,0.07354987998866871,0.08202921915946434,-0.00847933917079563
robustness,push_lateral_pace_recovery,1.8,trotting,pronking,lateral_vel_rms,0.13051463022838256,0.12260765826142865,0.007906971966953905
robustness,ramp_up_trot_robustness,0.5,pronking,pacing,tracking,0.9805737733840942,0.9657580256462097,0.014815747737884521
robustness,ramp_up_trot_robustness,0.5,pronking,pacing,yaw,0.9069132804870605,0.8071085214614868,0.09980475902557373
robustness,ramp_up_trot_robustness,0.5,pronking,pacing,orientation,0.86431485414505,0.8730175495147705,-0.008702695369720459
robustness,ramp_up_trot_robustness,0.5,pronking,pacing,lateral,0.1738751083612442,0.10833590477705002,0.06553920358419418
robustness,ramp_up_trot_robustness,0.5,pronking,pacing,slip,0.8873074650764465,0.5982624292373657,0.2890450358390808
robustness,ramp_up_trot_robustness,0.5,pronking,pacing,energy,0.524198591709137,0.5821681022644043,-0.057969510555267334
robustness,ramp_up_trot_robustness,0.5,pronking,pacing,impact,0.5667775869369507,0.9131582379341125,-0.34638065099716187
robustness,ramp_up_trot_robustness,0.5,pronking,pacing,scuff,0.8031878471374512,0.9269706606864929,-0.12378281354904175
robustness,ramp_up_trot_robustness,0.5,pronking,pacing,smoothness,0.9911057949066162,0.9893558621406555,0.0017499327659606934
robustness,ramp_up_trot_robustness,0.5,pronking,pacing,survival,0.9929999997839332,0.9919999996200204,0.0010000001639127731
robustness,ramp_up_trot_robustness,0.5,pronking,pacing,clearance,0.5,1.0,-0.5
robustness,ramp_up_trot_robustness,0.5,pronking,pacing,boundary,1.0,0.47766903042793274,0.5223309695720673
robustness,ramp_up_trot_robustness,0.5,pronking,pacing,vx_abs_error_mean,0.07003110647201538,0.09333004057407379,-0.02329893410205841
robustness,ramp_up_trot_robustness,0.5,pronking,pacing,fall_rate,0.007000000216066837,0.00800000037997961,-0.0010000001639127731
robustness,ramp_up_trot_robustness,0.5,pronking,pacing,lateral_offset_abs_mean,1.5791616439819336,1.2258853912353516,0.35327625274658203
robustness,ramp_up_trot_robustness,0.5,pronking,pacing,scuffing_ratio_mean,0.04383333772420883,0.015166668221354485,0.028666669502854347
robustness,ramp_up_trot_robustness,0.5,pronking,pacing,foot_impact_vel_sum_mean,0.8451954126358032,0.1758265197277069,0.6693688929080963
robustness,ramp_up_trot_robustness,0.5,pronking,pacing,transport_cost_proxy,256.4618538549326,222.96606709062146,33.495786764311134
robustness,ramp_up_trot_robustness,0.5,pronking,pacing,foot_impact_vel_rms,1.507034597263898,0.6028136311338376,0.9042209661300605
robustness,ramp_up_trot_robustness,0.5,pronking,pacing,orientation_rms,0.08538680658327648,0.08240134618570795,0.002985460397568529
robustness,ramp_up_trot_robustness,0.5,pronking,pacing,lateral_vel_rms,0.0922649351299313,0.2232300742560049,-0.1309651391260736
robustness,ramp_up_trot_robustness,1.0,pronking,pacing,tracking,0.920950174331665,0.9144099354743958,0.006540238857269287
robustness,ramp_up_trot_robustness,1.0,pronking,pacing,yaw,0.8151282668113708,0.6794553995132446,0.13567286729812622
robustness,ramp_up_trot_robustness,1.0,pronking,pacing,orientation,0.8474986553192139,0.842174232006073,0.005324423313140869
robustness,ramp_up_trot_robustness,1.0,pronking,pacing,lateral,0.24236440658569336,0.04105079919099808,0.20131360739469528
robustness,ramp_up_trot_robustness,1.0,pronking,pacing,slip,0.6220677495002747,0.4924558699131012,0.12961187958717346
robustness,ramp_up_trot_robustness,1.0,pronking,pacing,energy,0.4670123755931854,0.5122637748718262,-0.04525139927864075
robustness,ramp_up_trot_robustness,1.0,pronking,pacing,impact,0.5823451280593872,0.7047539949417114,-0.12240886688232422
robustness,ramp_up_trot_robustness,1.0,pronking,pacing,scuff,0.7542108297348022,0.8163462281227112,-0.062135398387908936
robustness,ramp_up_trot_robustness,1.0,pronking,pacing,smoothness,0.9822114706039429,0.9812232255935669,0.0009882450103759766
robustness,ramp_up_trot_robustness,1.0,pronking,pacing,survival,0.9859999995678663,0.9839999992400408,0.0020000003278255463
robustness,ramp_up_trot_robustness,1.0,pronking,pacing,clearance,0.5,1.0,-0.5
robustness,ramp_up_trot_robustness,1.0,pronking,pacing,boundary,1.0,1.0,0.0
robustness,ramp_up_trot_robustness,1.0,pronking,pacing,vx_abs_error_mean,0.14348286390304565,0.14956294000148773,-0.006080076098442078
robustness,ramp_up_trot_robustness,1.0,pronking,pacing,fall_rate,0.014000000432133675,0.01600000075995922,-0.0020000003278255463
robustness,ramp_up_trot_robustness,1.0,pronking,pacing,lateral_offset_abs_mean,1.151599407196045,1.5207295417785645,-0.36913013458251953
robustness,ramp_up_trot_robustness,1.0,pronking,pacing,scuffing_ratio_mean,0.056416671723127365,0.04058333858847618,0.015833333134651184
robustness,ramp_up_trot_robustness,1.0,pronking,pacing,foot_impact_vel_sum_mean,0.7234118580818176,0.46989601850509644,0.2535158395767212
robustness,ramp_up_trot_robustness,1.0,pronking,pacing,transport_cost_proxy,196.14925469752544,174.45056269260238,21.69869200492306
robustness,ramp_up_trot_robustness,1.0,pronking,pacing,foot_impact_vel_rms,1.4706352891744183,1.1830578574578474,0.2875774317165709
robustness,ramp_up_trot_robustness,1.0,pronking,pacing,orientation_rms,0.09095768383775794,0.0926737199238535,-0.0017160360860955515
robustness,ramp_up_trot_robustness,1.0,pronking,pacing,lateral_vel_rms,0.11526349879627311,0.28915527504534283,-0.1738917762490697
robustness,ramp_up_trot_robustness,1.5,pronking,trotting,tracking,0.787510097026825,0.7608941793441772,0.026615917682647705
robustness,ramp_up_trot_robustness,1.5,pronking,trotting,yaw,0.7123730778694153,0.4946325719356537,0.2177405059337616
robustness,ramp_up_trot_robustness,1.5,pronking,trotting,orientation,0.7784724235534668,0.7886877655982971,-0.010215342044830322
robustness,ramp_up_trot_robustness,1.5,pronking,trotting,lateral,0.12418895214796066,0.12206094712018967,0.002128005027770996
robustness,ramp_up_trot_robustness,1.5,pronking,trotting,slip,0.6732581257820129,0.5738891363143921,0.09936898946762085
robustness,ramp_up_trot_robustness,1.5,pronking,trotting,energy,0.4441191852092743,0.47457823157310486,-0.030459046363830566
robustness,ramp_up_trot_robustness,1.5,pronking,trotting,impact,0.4905970096588135,0.6019526720046997,-0.11135566234588623
robustness,ramp_up_trot_robustness,1.5,pronking,trotting,scuff,0.7640159130096436,0.8119363188743591,-0.047920405864715576
robustness,ramp_up_trot_robustness,1.5,pronking,trotting,smoothness,0.975293755531311,0.9790239334106445,-0.003730177879333496
robustness,ramp_up_trot_robustness,1.5,pronking,trotting,survival,0.9780000001192093,0.9799999985843897,-0.001999998465180397
robustness,ramp_up_trot_robustness,1.5,pronking,trotting,clearance,0.5,0.861508846282959,-0.361508846282959
robustness,ramp_up_trot_robustness,1.5,pronking,trotting,boundary,1.0,0.3039647340774536,0.6960352659225464
robustness,ramp_up_trot_robustness,1.5,pronking,trotting,vx_abs_error_mean,0.2443763017654419,0.2613718509674072,-0.016995549201965332
robustness,ramp_up_trot_robustness,1.5,pronking,trotting,fall_rate,0.02199999988079071,0.020000001415610313,0.001999998465180397
robustness,ramp_up_trot_robustness,1.5,pronking,trotting,lateral_offset_abs_mean,1.582655668258667,1.4930442571640015,0.08961141109466553
robustness,ramp_up_trot_robustness,1.5,pronking,trotting,scuffing_ratio_mean,0.053833335638046265,0.0416666716337204,0.012166664004325867
robustness,ramp_up_trot_robustness,1.5,pronking,trotting,foot_impact_vel_sum_mean,0.8549742698669434,0.7527064085006714,0.10226786136627197
robustness,ramp_up_trot_robustness,1.5,pronking,trotting,transport_cost_proxy,181.8362819497252,179.3163737428299,2.5199082068952805
robustness,ramp_up_trot_robustness,1.5,pronking,trotting,foot_impact_vel_rms,1.6877585472380743,1.424887907897845,0.26287063934022936
robustness,ramp_up_trot_robustness,1.5,pronking,trotting,orientation_rms,0.11189766184481993,0.1089460271276409,0.002951634717179033
robustness,ramp_up_trot_robustness,1.5,pronking,trotting,lateral_vel_rms,0.15863408153696087,0.17466974644191943,-0.016035664904958558
robustness,ramp_up_trot_robustness,2.0,pronking,trotting,tracking,0.4915275275707245,0.46826034784317017,0.02326717972755432
robustness,ramp_up_trot_robustness,2.0,pronking,trotting,yaw,0.5073271989822388,0.3606986105442047,0.14662858843803406
robustness,ramp_up_trot_robustness,2.0,pronking,trotting,orientation,0.7246726155281067,0.7897038459777832,-0.06503123044967651
robustness,ramp_up_trot_robustness,2.0,pronking,trotting,lateral,0.10647314786911011,0.11893802136182785,-0.012464873492717743
robustness,ramp_up_trot_robustness,2.0,pronking,trotting,slip,0.5702093243598938,0.3195008635520935,0.2507084608078003
robustness,ramp_up_trot_robustness,2.0,pronking,trotting,energy,0.3782830834388733,0.4178486764431,-0.039565593004226685
robustness,ramp_up_trot_robustness,2.0,pronking,trotting,impact,0.41227784752845764,0.5483936667442322,-0.13611581921577454
robustness,ramp_up_trot_robustness,2.0,pronking,trotting,scuff,0.7567290663719177,0.7938717603683472,-0.03714269399642944
robustness,ramp_up_trot_robustness,2.0,pronking,trotting,smoothness,0.957859992980957,0.9645943641662598,-0.006734371185302734
robustness,ramp_up_trot_robustness,2.0,pronking,trotting,survival,0.9769999980926514,0.9759999997913837,0.000999998301267624
robustness,ramp_up_trot_robustness,2.0,pronking,trotting,clearance,0.857554018497467,0.858129620552063,-0.0005756020545959473
robustness,ramp_up_trot_robustness,2.0,pronking,trotting,boundary,0.333975613117218,0.22743096947669983,0.10654464364051819
robustness,ramp_up_trot_robustness,2.0,pronking,trotting,vx_abs_error_mean,0.42137789726257324,0.4355257749557495,-0.01414787769317627
robustness,ramp_up_trot_robustness,2.0,pronking,trotting,fall_rate,0.023000001907348633,0.024000000208616257,-0.000999998301267624
robustness,ramp_up_trot_robustness,2.0,pronking,trotting,lateral_offset_abs_mean,1.5044615268707275,1.2970056533813477,0.20745587348937988
robustness,ramp_up_trot_robustness,2.0,pronking,trotting,scuffing_ratio_mean,0.055750004947185516,0.04616667330265045,0.009583331644535065
robustness,ramp_up_trot_robustness,2.0,pronking,trotting,foot_impact_vel_sum_mean,0.9265031814575195,0.8019312620162964,0.12457191944122314
robustness,ramp_up_trot_robustness,2.0,pronking,trotting,transport_cost_proxy,198.4910500329741,183.90462702279868,14.586423010175423
robustness,ramp_up_trot_robustness,2.0,pronking,trotting,foot_impact_vel_rms,1.882612787285379,1.550176652124893,0.3324361351604861
robustness,ramp_up_trot_robustness,2.0,pronking,trotting,orientation_rms,0.1268927357167756,0.10865019439403605,0.018242541322739544
robustness,ramp_up_trot_robustness,2.0,pronking,trotting,lateral_vel_rms,0.19175518111014367,0.2039788255846145,-0.01222364447447083
robustness,rough_slope_trot_robustness,0.5,trotting,pronking,tracking,0.9664674401283264,0.9512023329734802,0.015265107154846191
robustness,rough_slope_trot_robustness,0.5,trotting,pronking,yaw,0.757895827293396,0.5967819094657898,0.1611139178276062
robustness,rough_slope_trot_robustness,0.5,trotting,pronking,orientation,0.8275224566459656,0.8424668908119202,-0.01494443416595459
robustness,rough_slope_trot_robustness,0.5,trotting,pronking,lateral,0.24388501048088074,0.34695637226104736,-0.10307136178016663
robustness,rough_slope_trot_robustness,0.5,trotting,pronking,slip,0.7116976976394653,0.8183268308639526,-0.1066291332244873
robustness,rough_slope_trot_robustness,0.5,trotting,pronking,energy,0.5587525963783264,0.5351499915122986,0.023602604866027832
robustness,rough_slope_trot_robustness,0.5,trotting,pronking,impact,0.7395896315574646,0.6013702750205994,0.13821935653686523
robustness,rough_slope_trot_robustness,0.5,trotting,pronking,scuff,0.7371233701705933,0.790570855140686,-0.05344748497009277
robustness,rough_slope_trot_robustness,0.5,trotting,pronking,smoothness,0.9870179295539856,0.9840856790542603,0.002932250499725342
robustness,rough_slope_trot_robustness,0.5,trotting,pronking,survival,0.9939999999478459,0.9890000000596046,0.004999999888241291
robustness,rough_slope_trot_robustness,0.5,trotting,pronking,clearance,0.8688125610351562,0.5,0.36881256103515625
robustness,rough_slope_trot_robustness,0.5,trotting,pronking,boundary,0.14085906744003296,0.24875524640083313,-0.10789617896080017
robustness,rough_slope_trot_robustness,0.5,trotting,pronking,vx_abs_error_mean,0.09234130382537842,0.11183521151542664,-0.019493907690048218
robustness,rough_slope_trot_robustness,0.5,trotting,pronking,fall_rate,0.006000000052154064,0.010999999940395355,-0.004999999888241291
robustness,rough_slope_trot_robustness,0.5,trotting,pronking,lateral_offset_abs_mean,1.1480374336242676,0.8752212524414062,0.27281618118286133
robustness,rough_slope_trot_robustness,0.5,trotting,pronking,scuffing_ratio_mean,0.061000000685453415,0.04700000211596489,0.013999998569488525
robustness,rough_slope_trot_robustness,0.5,trotting,pronking,foot_impact_vel_sum_mean,0.5654250383377075,0.6460925936698914,-0.08066755533218384
robustness,rough_slope_trot_robustness,0.5,trotting,pronking,transport_cost_proxy,224.74360297729717,254.11312957867747,-29.3695266013803
robustness,rough_slope_trot_robustness,0.5,trotting,pronking,foot_impact_vel_rms,1.098471273682697,1.4262460473470058,-0.32777477366430885
robustness,rough_slope_trot_robustness,0.5,trotting,pronking,orientation_rms,0.09729312379701927,0.09257993721496052,0.004713186582058743
robustness,rough_slope_trot_robustness,0.5,trotting,pronking,lateral_vel_rms,0.11467803397598769,0.09574313203368304,0.018934901942304655
robustness,rough_slope_trot_robustness,1.0,pronking,trotting,tracking,0.8940847516059875,0.8826878666877747,0.01139688491821289
robustness,rough_slope_trot_robustness,1.0,pronking,trotting,yaw,0.6529623866081238,0.6792305111885071,-0.0262681245803833
robustness,rough_slope_trot_robustness,1.0,pronking,trotting,orientation,0.8018967509269714,0.7742117047309875,0.027685046195983887
robustness,rough_slope_trot_robustness,1.0,pronking,trotting,lateral,0.16587601602077484,0.18262632191181183,-0.016750305891036987
robustness,rough_slope_trot_robustness,1.0,pronking,trotting,slip,0.7412999868392944,0.6051457524299622,0.13615423440933228
robustness,rough_slope_trot_robustness,1.0,pronking,trotting,energy,0.5125007033348083,0.5106620788574219,0.0018386244773864746
robustness,rough_slope_trot_robustness,1.0,pronking,trotting,impact,0.4924512207508087,0.6785666942596436,-0.18611547350883484
robustness,rough_slope_trot_robustness,1.0,pronking,trotting,scuff,0.7420539259910583,0.7322255373001099,0.009828388690948486
robustness,rough_slope_trot_robustness,1.0,pronking,trotting,smoothness,0.9772562980651855,0.974277138710022,0.0029791593551635742
robustness,rough_slope_trot_robustness,1.0,pronking,trotting,survival,0.9879999998956919,0.9879999998956919,0.0
robustness,rough_slope_trot_robustness,1.0,pronking,trotting,clearance,0.8657751083374023,0.8648751378059387,0.000899970531463623
robustness,rough_slope_trot_robustness,1.0,pronking,trotting,boundary,0.270810067653656,0.12286355346441269,0.14794651418924332
robustness,rough_slope_trot_robustness,1.0,pronking,trotting,vx_abs_error_mean,0.16729816794395447,0.1766236424446106,-0.009325474500656128
robustness,rough_slope_trot_robustness,1.0,pronking,trotting,fall_rate,0.012000000104308128,0.012000000104308128,0.0
robustness,rough_slope_trot_robustness,1.0,pronking,trotting,lateral_offset_abs_mean,1.5357975959777832,1.3775689601898193,0.15822863578796387
robustness,rough_slope_trot_robustness,1.0,pronking,trotting,scuffing_ratio_mean,0.059666670858860016,0.06233333796262741,-0.002666667103767395
robustness,rough_slope_trot_robustness,1.0,pronking,trotting,foot_impact_vel_sum_mean,0.9223031401634216,0.7568918466567993,0.16541129350662231
robustness,rough_slope_trot_robustness,1.0,pronking,trotting,transport_cost_proxy,189.7850485574706,178.48670473651012,11.298343820960469
robustness,rough_slope_trot_robustness,1.0,pronking,trotting,foot_impact_vel_rms,1.6832823677722333,1.245427628604702,0.43785473916753137
robustness,rough_slope_trot_robustness,1.0,pronking,trotting,orientation_rms,0.10506555469211247,0.11311718141819366,-0.008051626726081187
robustness,rough_slope_trot_robustness,1.0,pronking,trotting,lateral_vel_rms,0.11417464954799796,0.12703233595239627,-0.012857686404398314
robustness,rough_slope_trot_robustness,1.5,pronking,pacing,tracking,0.6758081912994385,0.7086325287818909,-0.03282433748245239
robustness,rough_slope_trot_robustness,1.5,pronking,pacing,yaw,0.5164890289306641,0.413983553647995,0.10250547528266907
robustness,rough_slope_trot_robustness,1.5,pronking,pacing,orientation,0.6845047473907471,0.7243711948394775,-0.03986644744873047
robustness,rough_slope_trot_robustness,1.5,pronking,pacing,lateral,0.13839305937290192,0.07061734050512314,0.06777571886777878
robustness,rough_slope_trot_robustness,1.5,pronking,pacing,slip,0.46395888924598694,0.27921169996261597,0.18474718928337097
robustness,rough_slope_trot_robustness,1.5,pronking,pacing,energy,0.45267269015312195,0.4516514539718628,0.0010212361812591553
robustness,rough_slope_trot_robustness,1.5,pronking,pacing,impact,0.6221103668212891,0.6001347303390503,0.02197563648223877
robustness,rough_slope_trot_robustness,1.5,pronking,pacing,scuff,0.6939074397087097,0.7473287582397461,-0.05342131853103638
robustness,rough_slope_trot_robustness,1.5,pronking,pacing,smoothness,0.9600468277931213,0.9705037474632263,-0.01045691967010498
robustness,rough_slope_trot_robustness,1.5,pronking,pacing,survival,0.9799999985843897,0.9780000001192093,0.001999998465180397
robustness,rough_slope_trot_robustness,1.5,pronking,pacing,clearance,0.8615487813949585,1.0,-0.1384512186050415
robustness,rough_slope_trot_robustness,1.5,pronking,pacing,boundary,0.14932900667190552,0.526010274887085,-0.37668126821517944
robustness,rough_slope_trot_robustness,1.5,pronking,pacing,vx_abs_error_mean,0.3129880130290985,0.2934357523918152,0.019552260637283325
robustness,rough_slope_trot_robustness,1.5,pronking,pacing,fall_rate,0.020000001415610313,0.02199999988079071,-0.001999998465180397
robustness,rough_slope_trot_robustness,1.5,pronking,pacing,lateral_offset_abs_mean,1.5390782356262207,1.336469292640686,0.20260894298553467
robustness,rough_slope_trot_robustness,1.5,pronking,pacing,scuffing_ratio_mean,0.07308334112167358,0.05825001001358032,0.014833331108093262
robustness,rough_slope_trot_robustness,1.5,pronking,pacing,foot_impact_vel_sum_mean,0.7222212553024292,0.742415189743042,-0.020193934440612793
robustness,rough_slope_trot_robustness,1.5,pronking,pacing,transport_cost_proxy,173.78946772203176,179.26756528382788,-5.478097561796119
robustness,rough_slope_trot_robustness,1.5,pronking,pacing,foot_impact_vel_rms,1.3778792141460507,1.429127167417848,-0.05124795327179732
robustness,rough_slope_trot_robustness,1.5,pronking,pacing,orientation_rms,0.13766984754832023,0.12697466520824674,0.010695182340073495
robustness,rough_slope_trot_robustness,1.5,pronking,pacing,lateral_vel_rms,0.1480843018602721,0.2563211191156479,-0.10823681725537582
robustness,rough_slope_trot_robustness,2.0,trotting,pacing,tracking,0.3786763846874237,0.3104664087295532,0.06820997595787048
robustness,rough_slope_trot_robustness,2.0,trotting,pacing,yaw,0.2065126597881317,0.15922585129737854,0.047286808490753174
robustness,rough_slope_trot_robustness,2.0,trotting,pacing,orientation,0.7284244298934937,0.6640368103981018,0.06438761949539185
robustness,rough_slope_trot_robustness,2.0,trotting,pacing,lateral,0.10171758383512497,0.036278560757637024,0.06543902307748795
robustness,rough_slope_trot_robustness,2.0,trotting,pacing,slip,0.045020464807748795,0.09099068492650986,-0.04597022011876106
robustness,rough_slope_trot_robustness,2.0,trotting,pacing,energy,0.3995523750782013,0.3715319335460663,0.02802044153213501
robustness,rough_slope_trot_robustness,2.0,trotting,pacing,impact,0.5445680618286133,0.5078645348548889,0.036703526973724365
robustness,rough_slope_trot_robustness,2.0,trotting,pacing,scuff,0.6968047618865967,0.704394519329071,-0.007589757442474365
robustness,rough_slope_trot_robustness,2.0,trotting,pacing,smoothness,0.9645942449569702,0.958855390548706,0.00573885440826416
robustness,rough_slope_trot_robustness,2.0,trotting,pacing,survival,0.9759999997913837,0.9769999980926514,-0.000999998301267624
robustness,rough_slope_trot_robustness,2.0,trotting,pacing,clearance,0.8581286072731018,1.0,-0.1418713927268982
robustness,rough_slope_trot_robustness,2.0,trotting,pacing,boundary,0.2274399995803833,0.3328776955604553,-0.10543769598007202
robustness,rough_slope_trot_robustness,2.0,trotting,pacing,vx_abs_error_mean,0.4927152693271637,0.5407586097717285,-0.04804334044456482
robustness,rough_slope_trot_robustness,2.0,trotting,pacing,fall_rate,0.024000000208616257,0.023000001907348633,0.000999998301267624
robustness,rough_slope_trot_robustness,2.0,trotting,pacing,lateral_offset_abs_mean,1.352320909500122,1.3659923076629639,-0.013671398162841797
robustness,rough_slope_trot_robustness,2.0,trotting,pacing,scuffing_ratio_mean,0.07225000858306885,0.07008333504199982,0.0021666735410690308
robustness,rough_slope_trot_robustness,2.0,trotting,pacing,foot_impact_vel_sum_mean,0.7080833315849304,0.7391144037246704,-0.03103107213973999
robustness,rough_slope_trot_robustness,2.0,trotting,pacing,transport_cost_proxy,189.16352024220882,211.7518791866663,-22.588358944457468
robustness,rough_slope_trot_robustness,2.0,trotting,pacing,foot_impact_vel_rms,1.5591823534496492,1.6462570427899559,-0.08707468934030671
robustness,rough_slope_trot_robustness,2.0,trotting,pacing,orientation_rms,0.12587123911127393,0.14307650247303538,-0.017205263361761453
robustness,rough_slope_trot_robustness,2.0,trotting,pacing,lateral_vel_rms,0.21601322234819761,0.3122928051718906,-0.096279582823693
robustness,stepping_stones_easy_bound_highspeed,1.7,pronking,pacing,tracking,0.4131953716278076,0.39527374505996704,0.017921626567840576
robustness,stepping_stones_easy_bound_highspeed,1.7,pronking,pacing,yaw,0.2856423854827881,0.054964933544397354,0.23067745193839073
robustness,stepping_stones_easy_bound_highspeed,1.7,pronking,pacing,orientation,0.6595192551612854,0.6042147278785706,0.055304527282714844
robustness,stepping_stones_easy_bound_highspeed,1.7,pronking,pacing,lateral,0.127462700009346,0.02209547534584999,0.10536722466349602
robustness,stepping_stones_easy_bound_highspeed,1.7,pronking,pacing,slip,0.07076187431812286,0.007593478541821241,0.06316839577630162
robustness,stepping_stones_easy_bound_highspeed,1.7,pronking,pacing,energy,0.36070895195007324,0.3528943359851837,0.007814615964889526
robustness,stepping_stones_easy_bound_highspeed,1.7,pronking,pacing,impact,0.5272073745727539,0.5446354746818542,-0.017428100109100342
robustness,stepping_stones_easy_bound_highspeed,1.7,pronking,pacing,scuff,0.5559464693069458,0.5622361898422241,-0.00628972053527832
robustness,stepping_stones_easy_bound_highspeed,1.7,pronking,pacing,smoothness,0.963512659072876,0.977270245552063,-0.013757586479187012
robustness,stepping_stones_easy_bound_highspeed,1.7,pronking,pacing,survival,0.9809999987483025,0.9819999989122152,-0.0010000001639127731
robustness,stepping_stones_easy_bound_highspeed,1.7,pronking,pacing,clearance,0.8614998459815979,1.0,-0.1385001540184021
robustness,stepping_stones_easy_bound_highspeed,1.7,pronking,pacing,boundary,0.20012027025222778,1.0,-0.7998797297477722
robustness,stepping_stones_easy_bound_highspeed,1.7,pronking,pacing,vx_abs_error_mean,0.4700624346733093,0.48170965909957886,-0.011647224426269531
robustness,stepping_stones_easy_bound_highspeed,1.7,pronking,pacing,fall_rate,0.01900000125169754,0.018000001087784767,0.0010000001639127731
robustness,stepping_stones_easy_bound_highspeed,1.7,pronking,pacing,lateral_offset_abs_mean,1.6076295375823975,1.6949282884597778,-0.08729875087738037
robustness,stepping_stones_easy_bound_highspeed,1.7,pronking,pacing,scuffing_ratio_mean,0.11741665005683899,0.11516664922237396,0.002250000834465027
robustness,stepping_stones_easy_bound_highspeed,1.7,pronking,pacing,foot_impact_vel_sum_mean,0.9486640691757202,0.7115359902381897,0.23712807893753052
robustness,stepping_stones_easy_bound_highspeed,1.7,pronking,pacing,transport_cost_proxy,223.38181826903198,229.96897806342878,-6.587159794396797
robustness,stepping_stones_easy_bound_highspeed,1.7,pronking,pacing,foot_impact_vel_rms,1.6002015476125746,1.5590235090590663,0.04117803855350832
robustness,stepping_stones_easy_bound_highspeed,1.7,pronking,pacing,orientation_rms,0.1442643581726434,0.15871761692440314,-0.014453258751759734
robustness,stepping_stones_easy_bound_highspeed,1.7,pronking,pacing,lateral_vel_rms,0.15038316881596475,0.3253808623425846,-0.17499769352661987
robustness,stepping_stones_easy_bound_highspeed,2.0,pacing,trotting,tracking,0.2514234185218811,0.15097731351852417,0.10044610500335693
robustness,stepping_stones_easy_bound_highspeed,2.0,pacing,trotting,yaw,0.08234022557735443,0.04143374785780907,0.040906477719545364
robustness,stepping_stones_easy_bound_highspeed,2.0,pacing,trotting,orientation,0.6678464412689209,0.637113094329834,0.030733346939086914
robustness,stepping_stones_easy_bound_highspeed,2.0,pacing,trotting,lateral,0.032350003719329834,0.0884537622332573,-0.05610375851392746
robustness,stepping_stones_easy_bound_highspeed,2.0,pacing,trotting,slip,0.0059775798581540585,0.008394552394747734,-0.0024169725365936756
robustness,stepping_stones_easy_bound_highspeed,2.0,pacing,trotting,energy,0.3510609269142151,0.339646577835083,0.01141434907913208
robustness,stepping_stones_easy_bound_highspeed,2.0,pacing,trotting,impact,0.6237643957138062,0.5745728611946106,0.04919153451919556
robustness,stepping_stones_easy_bound_highspeed,2.0,pacing,trotting,scuff,0.60124671459198,0.5678867101669312,0.03336000442504883
robustness,stepping_stones_easy_bound_highspeed,2.0,pacing,trotting,smoothness,0.9692502021789551,0.9781471490859985,-0.008896946907043457
robustness,stepping_stones_easy_bound_highspeed,2.0,pacing,trotting,survival,0.974999999627471,0.9799999985843897,-0.004999998956918716
robustness,stepping_stones_easy_bound_highspeed,2.0,pacing,trotting,clearance,1.0,0.86091148853302,0.13908851146697998
robustness,stepping_stones_easy_bound_highspeed,2.0,pacing,trotting,boundary,0.5311949253082275,0.30866700410842896,0.22252792119979858
robustness,stepping_stones_easy_bound_highspeed,2.0,pacing,trotting,vx_abs_error_mean,0.5874982476234436,0.6875001192092896,-0.10000187158584595
robustness,stepping_stones_easy_bound_highspeed,2.0,pacing,trotting,fall_rate,0.02500000037252903,0.020000001415610313,0.004999998956918716
robustness,stepping_stones_easy_bound_highspeed,2.0,pacing,trotting,lateral_offset_abs_mean,1.7701060771942139,1.3195879459381104,0.4505181312561035
robustness,stepping_stones_easy_bound_highspeed,2.0,pacing,trotting,scuffing_ratio_mean,0.10174998641014099,0.11316666752099991,-0.011416681110858917
robustness,stepping_stones_easy_bound_highspeed,2.0,pacing,trotting,foot_impact_vel_sum_mean,0.5690653920173645,0.6461361646652222,-0.07707077264785767
robustness,stepping_stones_easy_bound_highspeed,2.0,pacing,trotting,transport_cost_proxy,211.34558338516047,228.84288790649245,-17.497304521331984
robustness,stepping_stones_easy_bound_highspeed,2.0,pacing,trotting,foot_impact_vel_rms,1.3740196769776944,1.488796027818885,-0.11477635084119053
robustness,stepping_stones_easy_bound_highspeed,2.0,pacing,trotting,orientation_rms,0.1420733976514252,0.1501346211282535,-0.008061223476828278
robustness,stepping_stones_easy_bound_highspeed,2.0,pacing,trotting,lateral_vel_rms,0.2881870027842686,0.23512628465764918,0.053060718126619444
contact_safety,flat_trot_efficiency,0.5,pacing,trotting,tracking,0.987083911895752,0.9830986857414246,0.003985226154327393
contact_safety,flat_trot_efficiency,0.5,pacing,trotting,yaw,0.8386761546134949,0.856719434261322,-0.01804327964782715
contact_safety,flat_trot_efficiency,0.5,pacing,trotting,orientation,0.8168860673904419,0.9547246098518372,-0.13783854246139526
contact_safety,flat_trot_efficiency,0.5,pacing,trotting,lateral,0.06808607280254364,0.17493711411952972,-0.10685104131698608
contact_safety,flat_trot_efficiency,0.5,pacing,trotting,slip,0.6288707256317139,0.668123185634613,-0.03925246000289917
contact_safety,flat_trot_efficiency,0.5,pacing,trotting,energy,0.5474758148193359,0.5378104448318481,0.009665369987487793
contact_safety,flat_trot_efficiency,0.5,pacing,trotting,impact,0.9302250146865845,0.7839290499687195,0.146295964717865
contact_safety,flat_trot_efficiency,0.5,pacing,trotting,scuff,0.7029285430908203,0.4529002904891968,0.25002825260162354
contact_safety,flat_trot_efficiency,0.5,pacing,trotting,smoothness,0.9881699085235596,0.9919946193695068,-0.0038247108459472656
contact_safety,flat_trot_efficiency,0.5,pacing,trotting,survival,0.9899999992921948,0.9939999999478459,-0.0040000006556510925
contact_safety,flat_trot_efficiency,0.5,pacing,trotting,clearance,1.0,0.869735062122345,0.13026493787765503
contact_safety,flat_trot_efficiency,0.5,pacing,trotting,boundary,0.4813936948776245,0.24287265539169312,0.2385210394859314
contact_safety,flat_trot_efficiency,0.5,pacing,trotting,vx_abs_error_mean,0.0570092536509037,0.06527968496084213,-0.00827043130993843
contact_safety,flat_trot_efficiency,0.5,pacing,trotting,fall_rate,0.010000000707805157,0.006000000052154064,0.0040000006556510925
contact_safety,flat_trot_efficiency,0.5,pacing,trotting,lateral_offset_abs_mean,1.507596731185913,1.6661655902862549,-0.1585688591003418
contact_safety,flat_trot_efficiency,0.5,pacing,trotting,scuffing_ratio_mean,0.07050000131130219,0.15841665863990784,-0.08791665732860565
contact_safety,flat_trot_efficiency,0.5,pacing,trotting,foot_impact_vel_sum_mean,0.1513606756925583,0.4852987229824066,-0.3339380472898483
contact_safety,flat_trot_efficiency,0.5,pacing,trotting,transport_cost_proxy,188.00748040219793,220.47808092925342,-32.470600527055495
contact_safety,flat_trot_efficiency,0.5,pacing,trotting,foot_impact_vel_rms,0.5378801917147509,0.986786280487149,-0.4489060887723981
contact_safety,flat_trot_efficiency,0.5,pacing,trotting,orientation_rms,0.10056232550241671,0.04813123736120686,0.05243108814120985
contact_safety,flat_trot_efficiency,0.5,pacing,trotting,lateral_vel_rms,0.24283595335180136,0.06211406042311883,0.18072189292868251
contact_safety,flat_trot_efficiency,1.0,pacing,trotting,tracking,0.9285418391227722,0.9447634816169739,-0.01622164249420166
contact_safety,flat_trot_efficiency,1.0,pacing,trotting,yaw,0.7222959995269775,0.7739631533622742,-0.05166715383529663
contact_safety,flat_trot_efficiency,1.0,pacing,trotting,orientation,0.8475158214569092,0.9120336771011353,-0.06451785564422607
contact_safety,flat_trot_efficiency,1.0,pacing,trotting,lateral,0.06993212550878525,0.20063285529613495,-0.1307007297873497
contact_safety,flat_trot_efficiency,1.0,pacing,trotting,slip,0.4901047348976135,0.6802322864532471,-0.19012755155563354
contact_safety,flat_trot_efficiency,1.0,pacing,trotting,energy,0.5265383720397949,0.5006945133209229,0.02584385871887207
contact_safety,flat_trot_efficiency,1.0,pacing,trotting,impact,0.8217182755470276,0.681618332862854,0.14009994268417358
contact_safety,flat_trot_efficiency,1.0,pacing,trotting,scuff,0.713551938533783,0.5272923707962036,0.18625956773757935
contact_safety,flat_trot_efficiency,1.0,pacing,trotting,smoothness,0.9741724729537964,0.9842165112495422,-0.01004403829574585
contact_safety,flat_trot_efficiency,1.0,pacing,trotting,survival,0.9819999989122152,0.9859999995678663,-0.0040000006556510925
contact_safety,flat_trot_efficiency,1.0,pacing,trotting,clearance,1.0,0.8647536635398865,0.13524633646011353
contact_safety,flat_trot_efficiency,1.0,pacing,trotting,boundary,0.2827692925930023,0.28038889169692993,0.0023804008960723877
contact_safety,flat_trot_efficiency,1.0,pacing,trotting,vx_abs_error_mean,0.13614314794540405,0.11918540298938751,0.01695774495601654
contact_safety,flat_trot_efficiency,1.0,pacing,trotting,fall_rate,0.018000001087784767,0.014000000432133675,0.0040000006556510925
contact_safety,flat_trot_efficiency,1.0,pacing,trotting,lateral_offset_abs_mean,1.544129490852356,1.4232540130615234,0.12087547779083252
contact_safety,flat_trot_efficiency,1.0,pacing,trotting,scuffing_ratio_mean,0.06750001013278961,0.12800002098083496,-0.06050001084804535
contact_safety,flat_trot_efficiency,1.0,pacing,trotting,foot_impact_vel_sum_mean,0.31769871711730957,0.6168688535690308,-0.2991701364517212
contact_safety,flat_trot_efficiency,1.0,pacing,trotting,transport_cost_proxy,146.14159015651714,161.50885136103474,-15.367261204517604
contact_safety,flat_trot_efficiency,1.0,pacing,trotting,foot_impact_vel_rms,0.8862451904209587,1.23820094086265,-0.35195575044169125
contact_safety,flat_trot_efficiency,1.0,pacing,trotting,orientation_rms,0.09095212256997007,0.06785218400785853,0.02309993856211154
contact_safety,flat_trot_efficiency,1.0,pacing,trotting,lateral_vel_rms,0.23623087750100283,0.09566207900820115,0.14056879849280168
contact_safety,flat_trot_efficiency,1.5,pacing,trotting,tracking,0.7669360637664795,0.851686954498291,-0.08475089073181152
contact_safety,flat_trot_efficiency,1.5,pacing,trotting,yaw,0.6447361707687378,0.6754521727561951,-0.030716001987457275
contact_safety,flat_trot_efficiency,1.5,pacing,trotting,orientation,0.8787755966186523,0.9081472158432007,-0.02937161922454834
contact_safety,flat_trot_efficiency,1.5,pacing,trotting,lateral,0.0531439483165741,0.19519315659999847,-0.14204920828342438
contact_safety,flat_trot_efficiency,1.5,pacing,trotting,slip,0.3766058385372162,0.6315993666648865,-0.2549935281276703
contact_safety,flat_trot_efficiency,1.5,pacing,trotting,energy,0.4414037764072418,0.45116597414016724,-0.009762197732925415
contact_safety,flat_trot_efficiency,1.5,pacing,trotting,impact,0.7558568120002747,0.6099174618721008,0.14593935012817383
contact_safety,flat_trot_efficiency,1.5,pacing,trotting,scuff,0.5352613925933838,0.4696190655231476,0.0656423270702362
contact_safety,flat_trot_efficiency,1.5,pacing,trotting,smoothness,0.966936469078064,0.977275550365448,-0.010339081287384033
contact_safety,flat_trot_efficiency,1.5,pacing,trotting,survival,0.9809999987483025,0.9779999982565641,0.0030000004917383194
contact_safety,flat_trot_efficiency,1.5,pacing,trotting,clearance,1.0,0.8603752851486206,0.1396247148513794
contact_safety,flat_trot_efficiency,1.5,pacing,trotting,boundary,0.5344990491867065,0.312583863735199,0.22191518545150757
contact_safety,flat_trot_efficiency,1.5,pacing,trotting,vx_abs_error_mean,0.2575615644454956,0.20033486187458038,0.05722670257091522
contact_safety,flat_trot_efficiency,1.5,pacing,trotting,fall_rate,0.01900000125169754,0.02200000174343586,-0.0030000004917383194
contact_safety,flat_trot_efficiency,1.5,pacing,trotting,lateral_offset_abs_mean,1.4465093612670898,1.3916726112365723,0.05483675003051758
contact_safety,flat_trot_efficiency,1.5,pacing,trotting,scuffing_ratio_mean,0.1250000149011612,0.15116667747497559,-0.026166662573814392
contact_safety,flat_trot_efficiency,1.5,pacing,trotting,foot_impact_vel_sum_mean,0.4242587685585022,0.7567058801651001,-0.3324471116065979
contact_safety,flat_trot_efficiency,1.5,pacing,trotting,transport_cost_proxy,167.38240491658226,170.19010607925756,-2.8077011626753006
contact_safety,flat_trot_efficiency,1.5,pacing,trotting,foot_impact_vel_rms,1.058117749167822,1.4063166460452188,-0.3481988968773968
contact_safety,flat_trot_efficiency,1.5,pacing,trotting,orientation_rms,0.08038212334328831,0.0694077708986597,0.010974352444628618
contact_safety,flat_trot_efficiency,1.5,pacing,trotting,lateral_vel_rms,0.27278578613246984,0.11002114715825168,0.16276463897421817
contact_safety,flat_trot_efficiency,2.0,pacing,trotting,tracking,0.46305304765701294,0.623447835445404,-0.1603947877883911
contact_safety,flat_trot_efficiency,2.0,pacing,trotting,yaw,0.4846417009830475,0.5813249945640564,-0.09668329358100891
contact_safety,flat_trot_efficiency,2.0,pacing,trotting,orientation,0.8435155153274536,0.921246349811554,-0.07773083448410034
contact_safety,flat_trot_efficiency,2.0,pacing,trotting,lateral,0.058061737567186356,0.17239901423454285,-0.11433727666735649
contact_safety,flat_trot_efficiency,2.0,pacing,trotting,slip,0.273153692483902,0.5377184748649597,-0.26456478238105774
contact_safety,flat_trot_efficiency,2.0,pacing,trotting,energy,0.3920532464981079,0.3786922097206116,0.013361036777496338
contact_safety,flat_trot_efficiency,2.0,pacing,trotting,impact,0.6383116245269775,0.5650234818458557,0.07328814268112183
contact_safety,flat_trot_efficiency,2.0,pacing,trotting,scuff,0.6095709204673767,0.4745364785194397,0.135034441947937
contact_safety,flat_trot_efficiency,2.0,pacing,trotting,smoothness,0.9632694721221924,0.961129903793335,0.002139568328857422
contact_safety,flat_trot_efficiency,2.0,pacing,trotting,survival,0.9719999991357327,0.9749999977648258,-0.00299999862909317
contact_safety,flat_trot_efficiency,2.0,pacing,trotting,clearance,1.0,0.856558620929718,0.14344137907028198
contact_safety,flat_trot_efficiency,2.0,pacing,trotting,boundary,0.5484470129013062,0.23931708931922913,0.309129923582077
contact_safety,flat_trot_efficiency,2.0,pacing,trotting,vx_abs_error_mean,0.438723623752594,0.34368962049484253,0.09503400325775146
contact_safety,flat_trot_efficiency,2.0,pacing,trotting,fall_rate,0.02800000086426735,0.02500000223517418,0.00299999862909317
contact_safety,flat_trot_efficiency,2.0,pacing,trotting,lateral_offset_abs_mean,1.4388575553894043,1.4564552307128906,-0.017597675323486328
contact_safety,flat_trot_efficiency,2.0,pacing,trotting,scuffing_ratio_mean,0.0989999920129776,0.14908334612846375,-0.050083354115486145
contact_safety,flat_trot_efficiency,2.0,pacing,trotting,foot_impact_vel_sum_mean,0.5239480137825012,0.9081380367279053,-0.38419002294540405
contact_safety,flat_trot_efficiency,2.0,pacing,trotting,transport_cost_proxy,179.0553246473306,184.19945806049162,-5.144133413161029
contact_safety,flat_trot_efficiency,2.0,pacing,trotting,foot_impact_vel_rms,1.340042867418487,1.5111426683033387,-0.17109980088485166
contact_safety,flat_trot_efficiency,2.0,pacing,trotting,orientation_rms,0.09224343239690601,0.06404210113316952,0.028201331263736487
contact_safety,flat_trot_efficiency,2.0,pacing,trotting,lateral_vel_rms,0.26527257989669806,0.12277793254627975,0.1424946473504183
contact_safety,push_lateral_pace_recovery,1.2,pacing,trotting,tracking,0.8650830388069153,0.9105969667434692,-0.045513927936553955
contact_safety,push_lateral_pace_recovery,1.2,pacing,trotting,yaw,0.7223556637763977,0.6678999662399292,0.054455697536468506
contact_safety,push_lateral_pace_recovery,1.2,pacing,trotting,orientation,0.9150464534759521,0.8942328095436096,0.02081364393234253
contact_safety,push_lateral_pace_recovery,1.2,pacing,trotting,lateral,0.062198858708143234,0.13257534801959991,-0.07037648931145668
contact_safety,push_lateral_pace_recovery,1.2,pacing,trotting,slip,0.4652653932571411,0.6348404884338379,-0.16957509517669678
contact_safety,push_lateral_pace_recovery,1.2,pacing,trotting,energy,0.48348721861839294,0.4668622314929962,0.01662498712539673
contact_safety,push_lateral_pace_recovery,1.2,pacing,trotting,impact,0.7119167447090149,0.7272933721542358,-0.015376627445220947
contact_safety,push_lateral_pace_recovery,1.2,pacing,trotting,scuff,0.6475343704223633,0.4633990526199341,0.1841353178024292
contact_safety,push_lateral_pace_recovery,1.2,pacing,trotting,smoothness,0.965557336807251,0.9901940822601318,-0.02463674545288086
contact_safety,push_lateral_pace_recovery,1.2,pacing,trotting,survival,0.9779999982565641,0.9879999998956919,-0.010000001639127731
contact_safety,push_lateral_pace_recovery,1.2,pacing,trotting,clearance,1.0,0.8637064695358276,0.13629353046417236
contact_safety,push_lateral_pace_recovery,1.2,pacing,trotting,boundary,0.19191020727157593,0.5128813982009888,-0.32097119092941284
contact_safety,push_lateral_pace_recovery,1.2,pacing,trotting,vx_abs_error_mean,0.19034820795059204,0.15301543474197388,0.037332773208618164
contact_safety,push_lateral_pace_recovery,1.2,pacing,trotting,fall_rate,0.02200000174343586,0.012000000104308128,0.010000001639127731
contact_safety,push_lateral_pace_recovery,1.2,pacing,trotting,lateral_offset_abs_mean,1.5795972347259521,1.5723011493682861,0.007296085357666016
contact_safety,push_lateral_pace_recovery,1.2,pacing,trotting,scuffing_ratio_mean,0.08691667020320892,0.15383334457874298,-0.06691667437553406
contact_safety,push_lateral_pace_recovery,1.2,pacing,trotting,foot_impact_vel_sum_mean,0.47979143261909485,0.5636714696884155,-0.08388003706932068
contact_safety,push_lateral_pace_recovery,1.2,pacing,trotting,transport_cost_proxy,145.14674453360152,160.64718250177557,-15.500437968174055
contact_safety,push_lateral_pace_recovery,1.2,pacing,trotting,foot_impact_vel_rms,1.1658375845156799,1.1285838012605616,0.0372537832551183
contact_safety,push_lateral_pace_recovery,1.2,pacing,trotting,orientation_rms,0.06662597663239185,0.07476267269687323,-0.008136696064481377
contact_safety,push_lateral_pace_recovery,1.2,pacing,trotting,lateral_vel_rms,0.24472651561544811,0.14971688692880075,0.09500962868664736
contact_safety,push_lateral_pace_recovery,1.5,trotting,pacing,tracking,0.8496435880661011,0.7819877862930298,0.06765580177307129
contact_safety,push_lateral_pace_recovery,1.5,trotting,pacing,yaw,0.6219132542610168,0.6621517539024353,-0.04023849964141846
contact_safety,push_lateral_pace_recovery,1.5,trotting,pacing,orientation,0.9068089127540588,0.8849657773971558,0.021843135356903076
contact_safety,push_lateral_pace_recovery,1.5,trotting,pacing,lateral,0.21755392849445343,0.061190467327833176,0.15636346116662025
contact_safety,push_lateral_pace_recovery,1.5,trotting,pacing,slip,0.5897257924079895,0.36483529210090637,0.22489050030708313
contact_safety,push_lateral_pace_recovery,1.5,trotting,pacing,energy,0.43371981382369995,0.45234766602516174,-0.018627852201461792
contact_safety,push_lateral_pace_recovery,1.5,trotting,pacing,impact,0.6326398849487305,0.667396068572998,-0.03475618362426758
contact_safety,push_lateral_pace_recovery,1.5,trotting,pacing,scuff,0.48271283507347107,0.6090630888938904,-0.1263502538204193
contact_safety,push_lateral_pace_recovery,1.5,trotting,pacing,smoothness,0.9877433776855469,0.9692515730857849,0.018491804599761963
contact_safety,push_lateral_pace_recovery,1.5,trotting,pacing,survival,0.982999999076128,0.9769999980926514,0.006000000983476639
contact_safety,push_lateral_pace_recovery,1.5,trotting,pacing,clearance,0.8608938455581665,1.0,-0.1391061544418335
contact_safety,push_lateral_pace_recovery,1.5,trotting,pacing,boundary,0.5286266803741455,0.5308690667152405,-0.0022423863410949707
contact_safety,push_lateral_pace_recovery,1.5,trotting,pacing,vx_abs_error_mean,0.20182809233665466,0.24794967472553253,-0.04612158238887787
contact_safety,push_lateral_pace_recovery,1.5,trotting,pacing,fall_rate,0.017000000923871994,0.023000001907348633,-0.006000000983476639
contact_safety,push_lateral_pace_recovery,1.5,trotting,pacing,lateral_offset_abs_mean,1.2660967111587524,1.413020133972168,-0.14692342281341553
contact_safety,push_lateral_pace_recovery,1.5,trotting,pacing,scuffing_ratio_mean,0.1456666737794876,0.09916667640209198,0.04649999737739563
contact_safety,push_lateral_pace_recovery,1.5,trotting,pacing,foot_impact_vel_sum_mean,0.71725994348526,0.5198724269866943,0.19738751649856567
contact_safety,push_lateral_pace_recovery,1.5,trotting,pacing,transport_cost_proxy,156.77590453336978,157.33237024738827,-0.5564657140184863
contact_safety,push_lateral_pace_recovery,1.5,trotting,pacing,foot_impact_vel_rms,1.3532980757237034,1.2718044576708438,0.0814936180528596
contact_safety,push_lateral_pace_recovery,1.5,trotting,pacing,orientation_rms,0.0699369539152934,0.07816850821640742,-0.00823155430111401
contact_safety,push_lateral_pace_recovery,1.5,trotting,pacing,lateral_vel_rms,0.1138445889015085,0.2627492941375964,-0.1489047052360879
contact_safety,push_lateral_pace_recovery,1.8,trotting,pacing,tracking,0.700367271900177,0.6407369375228882,0.05963033437728882
contact_safety,push_lateral_pace_recovery,1.8,trotting,pacing,yaw,0.5187395215034485,0.6262601017951965,-0.10752058029174805
contact_safety,push_lateral_pace_recovery,1.8,trotting,pacing,orientation,0.8974555134773254,0.8610658049583435,0.036389708518981934
contact_safety,push_lateral_pace_recovery,1.8,trotting,pacing,lateral,0.21191830933094025,0.056485533714294434,0.1554327756166458
contact_safety,push_lateral_pace_recovery,1.8,trotting,pacing,slip,0.5119788646697998,0.31104862689971924,0.20093023777008057
contact_safety,push_lateral_pace_recovery,1.8,trotting,pacing,energy,0.4107685089111328,0.40386587381362915,0.006902635097503662
contact_safety,push_lateral_pace_recovery,1.8,trotting,pacing,impact,0.5842287540435791,0.6537522673606873,-0.06952351331710815
contact_safety,push_lateral_pace_recovery,1.8,trotting,pacing,scuff,0.47099074721336365,0.583720326423645,-0.11272957921028137
contact_safety,push_lateral_pace_recovery,1.8,trotting,pacing,smoothness,0.9852968454360962,0.960578978061676,0.024717867374420166
contact_safety,push_lateral_pace_recovery,1.8,trotting,pacing,survival,0.9780000001192093,0.9759999997913837,0.0020000003278255463
contact_safety,push_lateral_pace_recovery,1.8,trotting,pacing,clearance,0.8581357002258301,1.0,-0.14186429977416992
contact_safety,push_lateral_pace_recovery,1.8,trotting,pacing,boundary,0.5436502695083618,0.3253687620162964,0.21828150749206543
contact_safety,push_lateral_pace_recovery,1.8,trotting,pacing,vx_abs_error_mean,0.2983916997909546,0.3335926830768585,-0.03520098328590393
contact_safety,push_lateral_pace_recovery,1.8,trotting,pacing,fall_rate,0.02199999988079071,0.024000000208616257,-0.0020000003278255463
contact_safety,push_lateral_pace_recovery,1.8,trotting,pacing,lateral_offset_abs_mean,1.2108731269836426,1.4618189334869385,-0.2509458065032959
contact_safety,push_lateral_pace_recovery,1.8,trotting,pacing,scuffing_ratio_mean,0.15058335661888123,0.10766665637493134,0.04291670024394989
contact_safety,push_lateral_pace_recovery,1.8,trotting,pacing,foot_impact_vel_sum_mean,0.7749164700508118,0.5309291481971741,0.2439873218536377
contact_safety,push_lateral_pace_recovery,1.8,trotting,pacing,transport_cost_proxy,172.99616960326227,173.21280563714333,-0.21663603388105912
contact_safety,push_lateral_pace_recovery,1.8,trotting,pacing,foot_impact_vel_rms,1.4662369867584553,1.303881655692104,0.16235533106635125
contact_safety,push_lateral_pace_recovery,1.8,trotting,pacing,orientation_rms,0.07354987998866871,0.08648247933399308,-0.01293259934532437
contact_safety,push_lateral_pace_recovery,1.8,trotting,pacing,lateral_vel_rms,0.13051463022838256,0.26570206814392827,-0.13518743791554572
contact_safety,ramp_up_trot_robustness,0.5,pacing,trotting,tracking,0.9657580256462097,0.978126049041748,-0.01236802339553833
contact_safety,ramp_up_trot_robustness,0.5,pacing,trotting,yaw,0.8071085214614868,0.8067033886909485,0.0004051327705383301
contact_safety,ramp_up_trot_robustness,0.5,pacing,trotting,orientation,0.8730175495147705,0.8276809453964233,0.04533660411834717
contact_safety,ramp_up_trot_robustness,0.5,pacing,trotting,lateral,0.10833590477705002,0.0923895612359047,0.015946343541145325
contact_safety,ramp_up_trot_robustness,0.5,pacing,trotting,slip,0.5982624292373657,0.6920049786567688,-0.09374254941940308
contact_safety,ramp_up_trot_robustness,0.5,pacing,trotting,energy,0.5821681022644043,0.5244747400283813,0.05769336223602295
contact_safety,ramp_up_trot_robustness,0.5,pacing,trotting,impact,0.9131582379341125,0.7337298393249512,0.17942839860916138
contact_safety,ramp_up_trot_robustness,0.5,pacing,trotting,scuff,0.9269706606864929,0.7684856653213501,0.15848499536514282
contact_safety,ramp_up_trot_robustness,0.5,pacing,trotting,smoothness,0.9893558621406555,0.9951244592666626,-0.00576859712600708
contact_safety,ramp_up_trot_robustness,0.5,pacing,trotting,survival,0.9919999996200204,0.9919999996200204,0.0
contact_safety,ramp_up_trot_robustness,0.5,pacing,trotting,clearance,1.0,0.8694965839385986,0.13050341606140137
contact_safety,ramp_up_trot_robustness,0.5,pacing,trotting,boundary,0.47766903042793274,0.47931763529777527,-0.0016486048698425293
contact_safety,ramp_up_trot_robustness,0.5,pacing,trotting,vx_abs_error_mean,0.09333004057407379,0.07435847818851471,0.018971562385559082
contact_safety,ramp_up_trot_robustness,0.5,pacing,trotting,fall_rate,0.00800000037997961,0.00800000037997961,0.0
contact_safety,ramp_up_trot_robustness,0.5,pacing,trotting,lateral_offset_abs_mean,1.2258853912353516,2.0280935764312744,-0.8022081851959229
contact_safety,ramp_up_trot_robustness,0.5,pacing,trotting,scuffing_ratio_mean,0.015166668221354485,0.05266667157411575,-0.03750000335276127
contact_safety,ramp_up_trot_robustness,0.5,pacing,trotting,foot_impact_vel_sum_mean,0.1758265197277069,0.5678613185882568,-0.3920347988605499
contact_safety,ramp_up_trot_robustness,0.5,pacing,trotting,transport_cost_proxy,222.96606709062146,228.35367008322987,-5.387602992608407
contact_safety,ramp_up_trot_robustness,0.5,pacing,trotting,foot_impact_vel_rms,0.6028136311338376,1.1128601494286858,-0.5100465182948483
contact_safety,ramp_up_trot_robustness,0.5,pacing,trotting,orientation_rms,0.08240134618570795,0.09724390235449833,-0.014842556168790377
contact_safety,ramp_up_trot_robustness,0.5,pacing,trotting,lateral_vel_rms,0.2232300742560049,0.13297512812395804,0.09025494613204688
contact_safety,ramp_up_trot_robustness,1.0,pacing,trotting,tracking,0.9144099354743958,0.935641348361969,-0.021231412887573242
contact_safety,ramp_up_trot_robustness,1.0,pacing,trotting,yaw,0.6794553995132446,0.654542863368988,0.024912536144256592
contact_safety,ramp_up_trot_robustness,1.0,pacing,trotting,orientation,0.842174232006073,0.875403106212616,-0.03322887420654297
contact_safety,ramp_up_trot_robustness,1.0,pacing,trotting,lateral,0.04105079919099808,0.10572759807109833,-0.06467679888010025
contact_safety,ramp_up_trot_robustness,1.0,pacing,trotting,slip,0.4924558699131012,0.6812508702278137,-0.18879500031471252
contact_safety,ramp_up_trot_robustness,1.0,pacing,trotting,energy,0.5122637748718262,0.514889657497406,-0.002625882625579834
contact_safety,ramp_up_trot_robustness,1.0,pacing,trotting,impact,0.7047539949417114,0.6589105725288391,0.045843422412872314
contact_safety,ramp_up_trot_robustness,1.0,pacing,trotting,scuff,0.8163462281227112,0.797851026058197,0.01849520206451416
contact_safety,ramp_up_trot_robustness,1.0,pacing,trotting,smoothness,0.9812232255935669,0.9757062196731567,0.005517005920410156
contact_safety,ramp_up_trot_robustness,1.0,pacing,trotting,survival,0.9839999992400408,0.9879999998956919,-0.0040000006556510925
contact_safety,ramp_up_trot_robustness,1.0,pacing,trotting,clearance,1.0,0.8654376268386841,0.13456237316131592
contact_safety,ramp_up_trot_robustness,1.0,pacing,trotting,boundary,1.0,0.11830238997936249,0.8816976100206375
contact_safety,ramp_up_trot_robustness,1.0,pacing,trotting,vx_abs_error_mean,0.14956294000148773,0.12896032631397247,0.02060261368751526
contact_safety,ramp_up_trot_robustness,1.0,pacing,trotting,fall_rate,0.01600000075995922,0.012000000104308128,0.0040000006556510925
contact_safety,ramp_up_trot_robustness,1.0,pacing,trotting,lateral_offset_abs_mean,1.5207295417785645,1.7878146171569824,-0.26708507537841797
contact_safety,ramp_up_trot_robustness,1.0,pacing,trotting,scuffing_ratio_mean,0.04058333858847618,0.04516667127609253,-0.004583332687616348
contact_safety,ramp_up_trot_robustness,1.0,pacing,trotting,foot_impact_vel_sum_mean,0.46989601850509644,0.6075886487960815,-0.1376926302909851
contact_safety,ramp_up_trot_robustness,1.0,pacing,trotting,transport_cost_proxy,174.45056269260238,164.0343340384335,10.416228654168862
contact_safety,ramp_up_trot_robustness,1.0,pacing,trotting,foot_impact_vel_rms,1.1830578574578474,1.291770020471432,-0.10871216301358455
contact_safety,ramp_up_trot_robustness,1.0,pacing,trotting,orientation_rms,0.0926737199238535,0.08156923053912805,0.011104489384725441
contact_safety,ramp_up_trot_robustness,1.0,pacing,trotting,lateral_vel_rms,0.28915527504534283,0.1515048969566388,0.13765037808870403
contact_safety,ramp_up_trot_robustness,1.5,pacing,trotting,tracking,0.718184769153595,0.7608941793441772,-0.042709410190582275
contact_safety,ramp_up_trot_robustness,1.5,pacing,trotting,yaw,0.5113157033920288,0.4946325719356537,0.016683131456375122
contact_safety,ramp_up_trot_robustness,1.5,pacing,trotting,orientation,0.8089820146560669,0.7886877655982971,0.020294249057769775
contact_safety,ramp_up_trot_robustness,1.5,pacing,trotting,lateral,0.04737497493624687,0.12206094712018967,-0.0746859721839428
contact_safety,ramp_up_trot_robustness,1.5,pacing,trotting,slip,0.40528470277786255,0.5738891363143921,-0.16860443353652954
contact_safety,ramp_up_trot_robustness,1.5,pacing,trotting,energy,0.4641548693180084,0.47457823157310486,-0.010423362255096436
contact_safety,ramp_up_trot_robustness,1.5,pacing,trotting,impact,0.679659903049469,0.6019526720046997,0.07770723104476929
contact_safety,ramp_up_trot_robustness,1.5,pacing,trotting,scuff,0.8718975782394409,0.8119363188743591,0.05996125936508179
contact_safety,ramp_up_trot_robustness,1.5,pacing,trotting,smoothness,0.9669457674026489,0.9790239334106445,-0.012078166007995605
contact_safety,ramp_up_trot_robustness,1.5,pacing,trotting,survival,0.9780000001192093,0.9799999985843897,-0.001999998465180397
contact_safety,ramp_up_trot_robustness,1.5,pacing,trotting,clearance,1.0,0.861508846282959,0.13849115371704102
contact_safety,ramp_up_trot_robustness,1.5,pacing,trotting,boundary,0.5334164500236511,0.3039647340774536,0.2294517159461975
contact_safety,ramp_up_trot_robustness,1.5,pacing,trotting,vx_abs_error_mean,0.28767532110214233,0.2613718509674072,0.026303470134735107
contact_safety,ramp_up_trot_robustness,1.5,pacing,trotting,fall_rate,0.02199999988079071,0.020000001415610313,0.001999998465180397
contact_safety,ramp_up_trot_robustness,1.5,pacing,trotting,lateral_offset_abs_mean,1.375932216644287,1.4930442571640015,-0.11711204051971436
contact_safety,ramp_up_trot_robustness,1.5,pacing,trotting,scuffing_ratio_mean,0.027416665107011795,0.0416666716337204,-0.014250006526708603
contact_safety,ramp_up_trot_robustness,1.5,pacing,trotting,foot_impact_vel_sum_mean,0.44612208008766174,0.7527064085006714,-0.30658432841300964
contact_safety,ramp_up_trot_robustness,1.5,pacing,trotting,transport_cost_proxy,170.2244833115905,179.3163737428299,-9.09189043123942
contact_safety,ramp_up_trot_robustness,1.5,pacing,trotting,foot_impact_vel_rms,1.2428399346533072,1.424887907897845,-0.1820479732445377
contact_safety,ramp_up_trot_robustness,1.5,pacing,trotting,orientation_rms,0.10295110068992079,0.1089460271276409,-0.005994926437720108
contact_safety,ramp_up_trot_robustness,1.5,pacing,trotting,lateral_vel_rms,0.2892860888170916,0.17466974644191943,0.11461634237517218
contact_safety,ramp_up_trot_robustness,2.0,pronking,pacing,tracking,0.4915275275707245,0.3529207110404968,0.13860681653022766
contact_safety,ramp_up_trot_robustness,2.0,pronking,pacing,yaw,0.5073271989822388,0.20560196042060852,0.30172523856163025
contact_safety,ramp_up_trot_robustness,2.0,pronking,pacing,orientation,0.7246726155281067,0.7200290560722351,0.004643559455871582
contact_safety,ramp_up_trot_robustness,2.0,pronking,pacing,lateral,0.10647314786911011,0.06022420525550842,0.046248942613601685
contact_safety,ramp_up_trot_robustness,2.0,pronking,pacing,slip,0.5702093243598938,0.25612321496009827,0.31408610939979553
contact_safety,ramp_up_trot_robustness,2.0,pronking,pacing,energy,0.3782830834388733,0.3957171142101288,-0.017434030771255493
contact_safety,ramp_up_trot_robustness,2.0,pronking,pacing,impact,0.41227784752845764,0.5255757570266724,-0.11329790949821472
contact_safety,ramp_up_trot_robustness,2.0,pronking,pacing,scuff,0.7567290663719177,0.8262702822685242,-0.06954121589660645
contact_safety,ramp_up_trot_robustness,2.0,pronking,pacing,smoothness,0.957859992980957,0.9634077548980713,-0.005547761917114258
contact_safety,ramp_up_trot_robustness,2.0,pronking,pacing,survival,0.9769999980926514,0.9739999994635582,0.00299999862909317
contact_safety,ramp_up_trot_robustness,2.0,pronking,pacing,clearance,0.857554018497467,1.0,-0.14244598150253296
contact_safety,ramp_up_trot_robustness,2.0,pronking,pacing,boundary,0.333975613117218,0.5448914766311646,-0.21091586351394653
contact_safety,ramp_up_trot_robustness,2.0,pronking,pacing,vx_abs_error_mean,0.42137789726257324,0.5102724432945251,-0.0888945460319519
contact_safety,ramp_up_trot_robustness,2.0,pronking,pacing,fall_rate,0.023000001907348633,0.026000000536441803,-0.00299999862909317
contact_safety,ramp_up_trot_robustness,2.0,pronking,pacing,lateral_offset_abs_mean,1.5044615268707275,1.3358286619186401,0.1686328649520874
contact_safety,ramp_up_trot_robustness,2.0,pronking,pacing,scuffing_ratio_mean,0.055750004947185516,0.03816666826605797,0.017583336681127548
contact_safety,ramp_up_trot_robustness,2.0,pronking,pacing,foot_impact_vel_sum_mean,0.9265031814575195,0.8135279417037964,0.11297523975372314
contact_safety,ramp_up_trot_robustness,2.0,pronking,pacing,transport_cost_proxy,198.4910500329741,210.63222536485463,-12.141175331880532
contact_safety,ramp_up_trot_robustness,2.0,pronking,pacing,foot_impact_vel_rms,1.882612787285379,1.6040710068238082,0.27854178046157085
contact_safety,ramp_up_trot_robustness,2.0,pronking,pacing,orientation_rms,0.1268927357167756,0.12815297638354453,-0.0012602406667689414
contact_safety,ramp_up_trot_robustness,2.0,pronking,pacing,lateral_vel_rms,0.19175518111014367,0.27146383248968364,-0.07970865137953997
contact_safety,rough_slope_trot_robustness,0.5,pacing,trotting,tracking,0.9626196622848511,0.9683235883712769,-0.005703926086425781
contact_safety,rough_slope_trot_robustness,0.5,pacing,trotting,yaw,0.6583423018455505,0.7812067866325378,-0.1228644847869873
contact_safety,rough_slope_trot_robustness,0.5,pacing,trotting,orientation,0.8706938624382019,0.7608803510665894,0.10981351137161255
contact_safety,rough_slope_trot_robustness,0.5,pacing,trotting,lateral,0.05391991138458252,0.13642148673534393,-0.08250157535076141
contact_safety,rough_slope_trot_robustness,0.5,pacing,trotting,slip,0.5171127915382385,0.7509326338768005,-0.233819842338562
contact_safety,rough_slope_trot_robustness,0.5,pacing,trotting,energy,0.5930924415588379,0.5388668179512024,0.0542256236076355
contact_safety,rough_slope_trot_robustness,0.5,pacing,trotting,impact,0.86426842212677,0.7263025641441345,0.1379658579826355
contact_safety,rough_slope_trot_robustness,0.5,pacing,trotting,scuff,0.8876598477363586,0.780424952507019,0.1072348952293396
contact_safety,rough_slope_trot_robustness,0.5,pacing,trotting,smoothness,0.9891253113746643,0.9921338558197021,-0.003008544445037842
contact_safety,rough_slope_trot_robustness,0.5,pacing,trotting,survival,0.9919999996200204,0.9939999999478459,-0.0020000003278255463
contact_safety,rough_slope_trot_robustness,0.5,pacing,trotting,clearance,1.0,0.8699376583099365,0.13006234169006348
contact_safety,rough_slope_trot_robustness,0.5,pacing,trotting,boundary,0.2359544336795807,0.24021165072917938,-0.004257217049598694
contact_safety,rough_slope_trot_robustness,0.5,pacing,trotting,vx_abs_error_mean,0.09759210795164108,0.08970645070075989,0.007885657250881195
contact_safety,rough_slope_trot_robustness,0.5,pacing,trotting,fall_rate,0.00800000037997961,0.006000000052154064,0.0020000003278255463
contact_safety,rough_slope_trot_robustness,0.5,pacing,trotting,lateral_offset_abs_mean,1.7728726863861084,1.7774503231048584,-0.00457763671875
contact_safety,rough_slope_trot_robustness,0.5,pacing,trotting,scuffing_ratio_mean,0.02383333630859852,0.04958333447575569,-0.025749998167157173
contact_safety,rough_slope_trot_robustness,0.5,pacing,trotting,foot_impact_vel_sum_mean,0.27557235956192017,0.6118204593658447,-0.33624809980392456
contact_safety,rough_slope_trot_robustness,0.5,pacing,trotting,transport_cost_proxy,200.62240656425897,212.8857278498126,-12.263321285553644
contact_safety,rough_slope_trot_robustness,0.5,pacing,trotting,foot_impact_vel_rms,0.7638635967267496,1.130997131358819,-0.3671335346320693
contact_safety,rough_slope_trot_robustness,0.5,pacing,trotting,orientation_rms,0.08320602145548657,0.1168929371609584,-0.03368691570547183
contact_safety,rough_slope_trot_robustness,0.5,pacing,trotting,lateral_vel_rms,0.23951855678731224,0.10357502366741775,0.1359435331198945
contact_safety,rough_slope_trot_robustness,1.0,pacing,trotting,tracking,0.8477194309234619,0.8710968494415283,-0.023377418518066406
contact_safety,rough_slope_trot_robustness,1.0,pacing,trotting,yaw,0.5492315292358398,0.6142868995666504,-0.06505537033081055
contact_safety,rough_slope_trot_robustness,1.0,pacing,trotting,orientation,0.7339635491371155,0.6752364039421082,0.058727145195007324
contact_safety,rough_slope_trot_robustness,1.0,pacing,trotting,lateral,0.0707075372338295,0.11399175226688385,-0.04328421503305435
contact_safety,rough_slope_trot_robustness,1.0,pacing,trotting,slip,0.4001160264015198,0.6617845296859741,-0.26166850328445435
contact_safety,rough_slope_trot_robustness,1.0,pacing,trotting,energy,0.5264520049095154,0.5159657001495361,0.010486304759979248
contact_safety,rough_slope_trot_robustness,1.0,pacing,trotting,impact,0.7340454459190369,0.7057388424873352,0.02830660343170166
contact_safety,rough_slope_trot_robustness,1.0,pacing,trotting,scuff,0.8197547793388367,0.7523276209831238,0.06742715835571289
contact_safety,rough_slope_trot_robustness,1.0,pacing,trotting,smoothness,0.9802349805831909,0.9842744469642639,-0.004039466381072998
contact_safety,rough_slope_trot_robustness,1.0,pacing,trotting,survival,0.9819999989122152,0.9859999995678663,-0.0040000006556510925
contact_safety,rough_slope_trot_robustness,1.0,pacing,trotting,clearance,1.0,0.8649188876152039,0.13508111238479614
contact_safety,rough_slope_trot_robustness,1.0,pacing,trotting,boundary,1.0,0.2779204845428467,0.7220795154571533
contact_safety,rough_slope_trot_robustness,1.0,pacing,trotting,vx_abs_error_mean,0.2032274305820465,0.18574318289756775,0.01748424768447876
contact_safety,rough_slope_trot_robustness,1.0,pacing,trotting,fall_rate,0.018000001087784767,0.014000000432133675,0.0040000006556510925
contact_safety,rough_slope_trot_robustness,1.0,pacing,trotting,lateral_offset_abs_mean,1.3066754341125488,1.6751034259796143,-0.36842799186706543
contact_safety,rough_slope_trot_robustness,1.0,pacing,trotting,scuffing_ratio_mean,0.039750002324581146,0.056916676461696625,-0.01716667413711548
contact_safety,rough_slope_trot_robustness,1.0,pacing,trotting,foot_impact_vel_sum_mean,0.45735278725624084,0.5895317792892456,-0.13217899203300476
contact_safety,rough_slope_trot_robustness,1.0,pacing,trotting,transport_cost_proxy,163.82576055735564,188.2289520726565,-24.403191515300875
contact_safety,rough_slope_trot_robustness,1.0,pacing,trotting,foot_impact_vel_rms,1.1120869393710973,1.1806947308297722,-0.0686077914586749
contact_safety,rough_slope_trot_robustness,1.0,pacing,trotting,orientation_rms,0.12435753944174412,0.14012358434446512,-0.015766044902721002
contact_safety,rough_slope_trot_robustness,1.0,pacing,trotting,lateral_vel_rms,0.25908758831139533,0.15756360056582422,0.10152398774557111
contact_safety,rough_slope_trot_robustness,1.5,pacing,pronking,tracking,0.675016462802887,0.6758081912994385,-0.0007917284965515137
contact_safety,rough_slope_trot_robustness,1.5,pacing,pronking,yaw,0.37397199869155884,0.5164890289306641,-0.14251703023910522
contact_safety,rough_slope_trot_robustness,1.5,pacing,pronking,orientation,0.7015517950057983,0.6845047473907471,0.01704704761505127
contact_safety,rough_slope_trot_robustness,1.5,pacing,pronking,lateral,0.038282036781311035,0.13839305937290192,-0.10011102259159088
contact_safety,rough_slope_trot_robustness,1.5,pacing,pronking,slip,0.16485925018787384,0.46395888924598694,-0.2990996390581131
contact_safety,rough_slope_trot_robustness,1.5,pacing,pronking,energy,0.46641409397125244,0.45267269015312195,0.013741403818130493
contact_safety,rough_slope_trot_robustness,1.5,pacing,pronking,impact,0.6947194933891296,0.6221103668212891,0.07260912656784058
contact_safety,rough_slope_trot_robustness,1.5,pacing,pronking,scuff,0.8068775534629822,0.6939074397087097,0.11297011375427246
contact_safety,rough_slope_trot_robustness,1.5,pacing,pronking,smoothness,0.9716157913208008,0.9600468277931213,0.011568963527679443
contact_safety,rough_slope_trot_robustness,1.5,pacing,pronking,survival,0.9769999980926514,0.9799999985843897,-0.0030000004917383194
contact_safety,rough_slope_trot_robustness,1.5,pacing,pronking,clearance,1.0,0.8615487813949585,0.1384512186050415
contact_safety,rough_slope_trot_robustness,1.5,pacing,pronking,boundary,0.5249002575874329,0.14932900667190552,0.37557125091552734
contact_safety,rough_slope_trot_robustness,1.5,pacing,pronking,vx_abs_error_mean,0.31345582008361816,0.3129880130290985,0.0004678070545196533
contact_safety,rough_slope_trot_robustness,1.5,pacing,pronking,fall_rate,0.023000001907348633,0.020000001415610313,0.0030000004917383194
contact_safety,rough_slope_trot_robustness,1.5,pacing,pronking,lateral_offset_abs_mean,1.6036007404327393,1.5390782356262207,0.06452250480651855
contact_safety,rough_slope_trot_robustness,1.5,pacing,pronking,scuffing_ratio_mean,0.0429166704416275,0.07308334112167358,-0.03016667068004608
contact_safety,rough_slope_trot_robustness,1.5,pacing,pronking,foot_impact_vel_sum_mean,0.4664459228515625,0.7222212553024292,-0.2557753324508667
contact_safety,rough_slope_trot_robustness,1.5,pacing,pronking,transport_cost_proxy,162.38191126994604,173.78946772203176,-11.407556452085714
contact_safety,rough_slope_trot_robustness,1.5,pacing,pronking,foot_impact_vel_rms,1.2070578048655989,1.3778792141460507,-0.17082140928045186
contact_safety,rough_slope_trot_robustness,1.5,pacing,pronking,orientation_rms,0.13312785491434212,0.13766984754832023,-0.004541992633978115
contact_safety,rough_slope_trot_robustness,1.5,pacing,pronking,lateral_vel_rms,0.2880255037702816,0.1480843018602721,0.13994120191000947
contact_safety,rough_slope_trot_robustness,2.0,pacing,trotting,tracking,0.2820059061050415,0.3786763846874237,-0.0966704785823822
contact_safety,rough_slope_trot_robustness,2.0,pacing,trotting,yaw,0.1690773218870163,0.2065126597881317,-0.03743533790111542
contact_safety,rough_slope_trot_robustness,2.0,pacing,trotting,orientation,0.6198541522026062,0.7284244298934937,-0.10857027769088745
contact_safety,rough_slope_trot_robustness,2.0,pacing,trotting,lateral,0.041990067809820175,0.10171758383512497,-0.059727516025304794
contact_safety,rough_slope_trot_robustness,2.0,pacing,trotting,slip,0.06000572070479393,0.045020464807748795,0.014985255897045135
contact_safety,rough_slope_trot_robustness,2.0,pacing,trotting,energy,0.3759564161300659,0.3995523750782013,-0.023595958948135376
contact_safety,rough_slope_trot_robustness,2.0,pacing,trotting,impact,0.5537421107292175,0.5445680618286133,0.009174048900604248
contact_safety,rough_slope_trot_robustness,2.0,pacing,trotting,scuff,0.7742709517478943,0.6968047618865967,0.07746618986129761
contact_safety,rough_slope_trot_robustness,2.0,pacing,trotting,smoothness,0.9528741836547852,0.9645942449569702,-0.011720061302185059
contact_safety,rough_slope_trot_robustness,2.0,pacing,trotting,survival,0.9769999980926514,0.9759999997913837,0.000999998301267624
contact_safety,rough_slope_trot_robustness,2.0,pacing,trotting,clearance,1.0,0.8581286072731018,0.1418713927268982
contact_safety,rough_slope_trot_robustness,2.0,pacing,trotting,boundary,0.23177221417427063,0.2274399995803833,0.004332214593887329
contact_safety,rough_slope_trot_robustness,2.0,pacing,trotting,vx_abs_error_mean,0.5625449419021606,0.4927152693271637,0.06982967257499695
contact_safety,rough_slope_trot_robustness,2.0,pacing,trotting,fall_rate,0.023000001907348633,0.024000000208616257,-0.000999998301267624
contact_safety,rough_slope_trot_robustness,2.0,pacing,trotting,lateral_offset_abs_mean,1.2658154964447021,1.352320909500122,-0.08650541305541992
contact_safety,rough_slope_trot_robustness,2.0,pacing,trotting,scuffing_ratio_mean,0.051166679710149765,0.07225000858306885,-0.021083328872919083
contact_safety,rough_slope_trot_robustness,2.0,pacing,trotting,foot_impact_vel_sum_mean,0.6331210136413574,0.7080833315849304,-0.074962317943573
contact_safety,rough_slope_trot_robustness,2.0,pacing,trotting,transport_cost_proxy,208.82176776272013,189.16352024220882,19.65824752051131
contact_safety,rough_slope_trot_robustness,2.0,pacing,trotting,foot_impact_vel_rms,1.5376035830711898,1.5591823534496492,-0.021578770378459344
contact_safety,rough_slope_trot_robustness,2.0,pacing,trotting,orientation_rms,0.1546400786210285,0.12587123911127393,0.028768839509754562
contact_safety,rough_slope_trot_robustness,2.0,pacing,trotting,lateral_vel_rms,0.30858602393413814,0.21601322234819761,0.09257280158594053
contact_safety,stepping_stones_easy_bound_highspeed,1.7,pacing,bounding,tracking,0.39527374505996704,0.37876051664352417,0.01651322841644287
contact_safety,stepping_stones_easy_bound_highspeed,1.7,pacing,bounding,yaw,0.054964933544397354,0.35273510217666626,-0.2977701686322689
contact_safety,stepping_stones_easy_bound_highspeed,1.7,pacing,bounding,orientation,0.6042147278785706,0.522193193435669,0.08202153444290161
contact_safety,stepping_stones_easy_bound_highspeed,1.7,pacing,bounding,lateral,0.02209547534584999,0.1154521256685257,-0.0933566503226757
contact_safety,stepping_stones_easy_bound_highspeed,1.7,pacing,bounding,slip,0.007593478541821241,0.09701704978942871,-0.08942357124760747
contact_safety,stepping_stones_easy_bound_highspeed,1.7,pacing,bounding,energy,0.3528943359851837,0.35654667019844055,-0.003652334213256836
contact_safety,stepping_stones_easy_bound_highspeed,1.7,pacing,bounding,impact,0.5446354746818542,0.5830323696136475,-0.03839689493179321
contact_safety,stepping_stones_easy_bound_highspeed,1.7,pacing,bounding,scuff,0.5622361898422241,0.5771902799606323,-0.014954090118408203
contact_safety,stepping_stones_easy_bound_highspeed,1.7,pacing,bounding,smoothness,0.977270245552063,0.9598815441131592,0.01738870143890381
contact_safety,stepping_stones_easy_bound_highspeed,1.7,pacing,bounding,survival,0.9819999989122152,0.9789999984204769,0.0030000004917383194
contact_safety,stepping_stones_easy_bound_highspeed,1.7,pacing,bounding,clearance,1.0,1.0,0.0
contact_safety,stepping_stones_easy_bound_highspeed,1.7,pacing,bounding,boundary,1.0,0.15189729630947113,0.8481027036905289
contact_safety,stepping_stones_easy_bound_highspeed,1.7,pacing,bounding,vx_abs_error_mean,0.48170965909957886,0.4926588833332062,-0.01094922423362732
contact_safety,stepping_stones_easy_bound_highspeed,1.7,pacing,bounding,fall_rate,0.018000001087784767,0.021000001579523087,-0.0030000004917383194
contact_safety,stepping_stones_easy_bound_highspeed,1.7,pacing,bounding,lateral_offset_abs_mean,1.6949282884597778,1.577707052230835,0.11722123622894287
contact_safety,stepping_stones_easy_bound_highspeed,1.7,pacing,bounding,scuffing_ratio_mean,0.11516664922237396,0.10991665720939636,0.0052499920129776
contact_safety,stepping_stones_easy_bound_highspeed,1.7,pacing,bounding,foot_impact_vel_sum_mean,0.7115359902381897,0.6909087896347046,0.020627200603485107
contact_safety,stepping_stones_easy_bound_highspeed,1.7,pacing,bounding,transport_cost_proxy,229.96897806342878,238.86168658099157,-8.892708517562795
contact_safety,stepping_stones_easy_bound_highspeed,1.7,pacing,bounding,foot_impact_vel_rms,1.5590235090590663,1.4690303719643538,0.08999313709471246
contact_safety,stepping_stones_easy_bound_highspeed,1.7,pacing,bounding,orientation_rms,0.15871761692440314,0.18023839885922538,-0.021520781934822236
contact_safety,stepping_stones_easy_bound_highspeed,1.7,pacing,bounding,lateral_vel_rms,0.3253808623425846,0.17046879303334617,0.15491206930923845
contact_safety,stepping_stones_easy_bound_highspeed,2.0,pacing,bounding,tracking,0.2514234185218811,0.15254364907741547,0.09887976944446564
contact_safety,stepping_stones_easy_bound_highspeed,2.0,pacing,bounding,yaw,0.08234022557735443,0.20345982909202576,-0.12111960351467133
contact_safety,stepping_stones_easy_bound_highspeed,2.0,pacing,bounding,orientation,0.6678464412689209,0.41569435596466064,0.25215208530426025
contact_safety,stepping_stones_easy_bound_highspeed,2.0,pacing,bounding,lateral,0.032350003719329834,0.13599367439746857,-0.10364367067813873
contact_safety,stepping_stones_easy_bound_highspeed,2.0,pacing,bounding,slip,0.0059775798581540585,0.027449410408735275,-0.021471830550581217
contact_safety,stepping_stones_easy_bound_highspeed,2.0,pacing,bounding,energy,0.3510609269142151,0.3175114691257477,0.03354945778846741
contact_safety,stepping_stones_easy_bound_highspeed,2.0,pacing,bounding,impact,0.6237643957138062,0.5286415219306946,0.09512287378311157
contact_safety,stepping_stones_easy_bound_highspeed,2.0,pacing,bounding,scuff,0.60124671459198,0.5960087180137634,0.005237996578216553
contact_safety,stepping_stones_easy_bound_highspeed,2.0,pacing,bounding,smoothness,0.9692502021789551,0.9704326391220093,-0.0011824369430541992
contact_safety,stepping_stones_easy_bound_highspeed,2.0,pacing,bounding,survival,0.974999999627471,0.9819999989122152,-0.006999999284744263
contact_safety,stepping_stones_easy_bound_highspeed,2.0,pacing,bounding,clearance,1.0,1.0,0.0
contact_safety,stepping_stones_easy_bound_highspeed,2.0,pacing,bounding,boundary,0.5311949253082275,0.528251051902771,0.002943873405456543
contact_safety,stepping_stones_easy_bound_highspeed,2.0,pacing,bounding,vx_abs_error_mean,0.5874982476234436,0.6856209635734558,-0.09812271595001221
contact_safety,stepping_stones_easy_bound_highspeed,2.0,pacing,bounding,fall_rate,0.02500000037252903,0.018000001087784767,0.006999999284744263
contact_safety,stepping_stones_easy_bound_highspeed,2.0,pacing,bounding,lateral_offset_abs_mean,1.7701060771942139,1.2381176948547363,0.5319883823394775
contact_safety,stepping_stones_easy_bound_highspeed,2.0,pacing,bounding,scuffing_ratio_mean,0.10174998641014099,0.10349999368190765,-0.0017500072717666626
contact_safety,stepping_stones_easy_bound_highspeed,2.0,pacing,bounding,foot_impact_vel_sum_mean,0.5690653920173645,0.7327448129653931,-0.16367942094802856
contact_safety,stepping_stones_easy_bound_highspeed,2.0,pacing,bounding,transport_cost_proxy,211.34558338516047,260.0446277269294,-48.69904434176891
contact_safety,stepping_stones_easy_bound_highspeed,2.0,pacing,bounding,foot_impact_vel_rms,1.3740196769776944,1.5968026505058162,-0.2227829735281217
contact_safety,stepping_stones_easy_bound_highspeed,2.0,pacing,bounding,orientation_rms,0.1420733976514252,0.2094999975754139,-0.0674265999239887
contact_safety,stepping_stones_easy_bound_highspeed,2.0,pacing,bounding,lateral_vel_rms,0.2881870027842686,0.1945545174958274,0.09363248528844123
