gait,gait_id,grid_mode,frequency_residual,frequency,duration_residual,duration,footswing_height_residual,footswing_height,stance_width_residual,stance_width,body_pitch_residual,body_pitch,task_id,condition,cmd_vx,target_gait,samples,reward_mean,weighted_metric_reward_mean,measured_vx_mean,vx_abs_error_mean,vy_abs_mean,yaw_abs_mean,lateral_offset_abs_mean,lateral_vel_abs_mean,lateral_vel_sq_mean,base_z_vel_abs_mean,base_z_vel_sq_mean,roll_rate_abs_mean,roll_rate_sq_mean,pitch_rate_abs_mean,pitch_rate_sq_mean,yaw_rate_abs_mean,yaw_rate_sq_mean,gravity_x_sq_mean,gravity_y_sq_mean,torque_penalty_mean,slip_penalty_mean,mechanical_power_abs_mean,positive_mechanical_power_mean,contact_force_mean_mean,stance_contact_force_mean_mean,peak_contact_force_mean,swing_foot_clearance_mean_mean,scuffing_ratio_mean,foot_impact_vel_sum_mean,foot_impact_vel_sq_sum_mean,foot_impact_count_mean,forward_distance_mean,target_forward_distance_mean,actual_frequency_mean,actual_duration_mean,actual_footswing_height_mean,actual_stance_width_mean,actual_body_pitch_mean,score_progress,score_yaw_tracking,score_orientation,score_pitch_rate,score_roll_rate,score_yaw_rate,score_lateral_drift,score_vertical_bounce,score_slip,score_energy,score_clearance,score_gait_stability,score_action_smoothness,score_action_magnitude,score_action_boundary_margin,score_survival,done_rate,edge_reset_rate,fall_rate,foot_impact_rate,foot_impact_vel_mean,foot_impact_vel_rms,lateral_vel_rms,base_z_vel_rms,roll_rate_rms,pitch_rate_rms,yaw_rate_rms,orientation_rms,forward_distance_ratio,progress_deficit,transport_cost_proxy,progress_score,yaw_score,orientation_score,lateral_score,slip_score,energy_score,impact_score,scuffing_score,smoothness_score,survival_score,neutral_score,pareto_objectives
pronking,0,action_space,-1.0,2.5999999046325684,0.0,0.5,-1.0,0.04999999701976776,-1.0,0.2900000214576721,1.0,0.03999999910593033,stepping_stones_easy_bound_highspeed,stepping_stones_easy,2.0,bounding,1000,0.5615794062614441,0.5615794062614441,1.1027052402496338,0.898461103439331,0.15833204984664917,0.5382985472679138,1.5979506969451904,0.15833204984664917,0.05077330768108368,0.4154234528541565,0.2590334415435791,1.076341152191162,2.8069896697998047,1.2830160856246948,3.005768299102783,0.5382985472679138,0.611154317855835,0.03914885222911835,0.02439400553703308,0.5856211185455322,0.2543926537036896,334.1297302246094,249.76535034179688,33.03675842285156,45.44068145751953,335.06597900390625,0.06713666021823883,0.12324998527765274,0.6317779421806335,2.147130012512207,0.9560000896453857,0.022054100409150124,0.04000015929341316,2.613192558288574,0.5,0.05098992586135864,0.2913198173046112,0.038680046796798706,0.31220728158950806,0.41431814432144165,0.6460765600204468,0.26029518246650696,0.339870423078537,0.5524733066558838,0.3217388391494751,0.27792757749557495,0.6238287091255188,0.4446867108345032,0.1373749077320099,0.9809775352478027,0.9633173942565918,0.06259170919656754,0.14110824465751648,0.9996000528335571,0.02199999988079071,0.005000000353902578,0.017000000923871994,0.956,0.660855600524647,1.4986500644384413,0.22532933160395183,0.508953280315177,1.6754073145954105,1.7337151724267694,0.7817635946089041,0.2520770869518914,0.11027050204575062,0.0897302944213152,303.0091070837462,0.039599865674972534,0.055152490735054016,0.2805910110473633,0.07328370958566666,0.006171255838125944,0.30998164415359497,0.5703597068786621,0.5399655699729919,0.9633173942565918,0.982999999076128,0.4689075078227018,"progress_score,survival_score,scuffing_score,impact_score,lateral_score,orientation_score"
pronking,0,action_space,-1.0,2.5999999046325684,0.0,0.5,-1.0,0.04999999701976776,0.0,0.33000001311302185,1.0,0.03999999910593033,stepping_stones_easy_bound_highspeed,stepping_stones_easy,2.0,bounding,1000,0.5736293196678162,0.5736293196678162,1.1241178512573242,0.8767520189285278,0.17385506629943848,0.5662823915481567,1.42488431930542,0.17385506629943848,0.05752527341246605,0.4207674264907837,0.26611411571502686,1.0870916843414307,3.262697219848633,1.1928250789642334,2.550802230834961,0.5662823915481567,0.7469503879547119,0.0326041579246521,0.02369241788983345,0.5816580057144165,0.23667922616004944,331.1586608886719,243.54672241210938,33.374656677246094,46.5421142578125,596.6406860351562,0.06518623232841492,0.12800002098083496,0.6344007253646851,2.0845136642456055,0.9600000381469727,0.022482356056571007,0.04000015929341316,2.61289381980896,0.5,0.0509675070643425,0.33000147342681885,0.03870992735028267,0.3057824373245239,0.4248647093772888,0.6624842882156372,0.26942771673202515,0.35077983140945435,0.5537495017051697,0.34213611483573914,0.27411842346191406,0.64151930809021,0.4491144120693207,0.137094646692276,0.9809775352478027,0.966825008392334,0.11618339270353317,0.18691286444664001,0.9995999932289124,0.02200000174343586,0.005000000353902578,0.017000000923871994,0.96,0.6608340581258138,1.4735563810737358,0.23984426908405806,0.5158624969069052,1.806293780050364,1.5971231107322192,0.8642629159895222,0.23726899463369744,0.11241178028285503,0.08758901618421078,294.59425496914884,0.04619995877146721,0.040487680584192276,0.3243502080440521,0.07612413913011551,0.008794889785349369,0.3124483823776245,0.5810943841934204,0.5272923707962036,0.966825008392334,0.982999999076128,0.474261778161714,"progress_score,survival_score,scuffing_score,impact_score,lateral_score,orientation_score"
pronking,0,action_space,-1.0,2.5999999046325684,0.0,0.5,0.0,0.07999999821186066,0.0,0.33000001311302185,-1.0,-0.03999999910593033,stepping_stones_easy_bound_highspeed,stepping_stones_easy,2.0,bounding,1000,0.6097099781036377,0.6097099781036377,0.9986138343811035,1.0022233724594116,0.15236839652061462,0.5505026578903198,1.3665924072265625,0.15236839652061462,0.04466937482357025,0.4004819989204407,0.2528727650642395,1.2105234861373901,3.620419502258301,1.1888521909713745,2.5722832679748535,0.5505026578903198,0.6545735597610474,0.043401822447776794,0.03365417569875717,0.6603481769561768,0.219954252243042,405.32403564453125,312.11700439453125,29.855567932128906,40.772701263427734,309.56170654296875,0.08818890154361725,0.1133333295583725,0.6334838271141052,2.2228922843933105,0.8830000162124634,0.01997227594256401,0.04000015929341316,2.6118688583374023,0.5,0.08000031858682632,0.33000147342681885,-0.038812413811683655,0.2771373987197876,0.3968367576599121,0.5863298773765564,0.2768978476524353,0.3194296061992645,0.5312450528144836,0.3377271294593811,0.3118436336517334,0.6698086261749268,0.4141086935997009,0.5,0.9827067852020264,0.9728641510009766,0.22747260332107544,0.2852444648742676,0.9994000196456909,0.020000001415610313,0.005000000353902578,0.015000000596046448,0.883,0.7174222261422353,1.5866416058225028,0.21135130665214788,0.5028645593638903,1.902739998596314,1.60383392780389,0.8090572042575527,0.27758962182785935,0.09986137971282005,0.10013941675424576,405.8866617802597,0.01799238659441471,0.048289958387613297,0.2141411453485489,0.10435257852077484,0.012288577854633331,0.2669493556022644,0.5329338908195496,0.5674136877059937,0.9728641510009766,0.9849999994039536,0.46021743550112376,"progress_score,survival_score,scuffing_score,impact_score,lateral_score,orientation_score"
pronking,0,action_space,-1.0,2.5999999046325684,0.0,0.5,0.0,0.07999999821186066,0.0,0.33000001311302185,1.0,0.03999999910593033,stepping_stones_easy_bound_highspeed,stepping_stones_easy,2.0,bounding,1000,0.6292253732681274,0.6292253732681274,1.1572391986846924,0.8431664705276489,0.1456243395805359,0.5107682943344116,1.3710147142410278,0.1456243395805359,0.040902696549892426,0.41591617465019226,0.25694993138313293,1.0183607339859009,2.59564208984375,1.2207636833190918,2.7141494750976562,0.5107682943344116,0.5747766494750977,0.030179928988218307,0.01742047443985939,0.5573421716690063,0.26295173168182373,318.9894714355469,235.15533447265625,33.56843566894531,45.461944580078125,414.12701416015625,0.06174611300230026,0.12583331763744354,0.6186497211456299,2.085343360900879,0.9930000305175781,0.023144790902733803,0.04000015929341316,2.6144089698791504,0.5,0.08000031858682632,0.33000147342681885,0.03855841979384422,0.3075656294822693,0.4239045977592468,0.673119843006134,0.2619324028491974,0.3570525050163269,0.5569580793380737,0.3976941406726837,0.27629315853118896,0.6422494053840637,0.45150381326675415,0.5,0.9792482256889343,0.9673749208450317,0.2328757345676422,0.3042559027671814,0.9996000528335571,0.024000000208616257,0.004999999888241291,0.01900000125169754,0.993,0.6230107948018945,1.4491527064755974,0.2022441508422244,0.5069022897789405,1.6110996523628667,1.6474675945516064,0.7581402571260134,0.21817516684553653,0.11572395451366901,0.0842768419533968,275.64696373758113,0.05820879712700844,0.07361970096826553,0.3859651982784271,0.11202104389667511,0.005200322717428207,0.32801881432533264,0.5915489196777344,0.5330358743667603,0.9673749208450317,0.9809999987483025,0.48922558991532583,"progress_score,survival_score,scuffing_score,impact_score,lateral_score,orientation_score"
pronking,0,action_space,-1.0,2.5999999046325684,0.0,0.5,0.0,0.07999999821186066,1.0,0.3700000047683716,-1.0,-0.03999999910593033,stepping_stones_easy_bound_highspeed,stepping_stones_easy,2.0,bounding,1000,0.6046503782272339,0.6046503782272339,1.1998686790466309,0.8017482757568359,0.15375414490699768,0.5156840085983276,1.442901372909546,0.15375414490699768,0.04305723309516907,0.4210699796676636,0.2675352692604065,1.0359013080596924,3.2224836349487305,1.1180729866027832,2.384078025817871,0.5156840085983276,0.6104422807693481,0.03269466012716293,0.015931056812405586,0.555994987487793,0.23217013478279114,305.97528076171875,224.5205841064453,33.97090148925781,45.34508514404297,251.24021911621094,0.06379096210002899,0.12783333659172058,0.6082293391227722,2.148353099822998,0.9810000658035278,0.023997381329536438,0.04000015929341316,2.613198757171631,0.5,0.08000031858682632,0.3686789870262146,-0.03867941349744797,0.35271739959716797,0.42247140407562256,0.6411613821983337,0.2909443974494934,0.35064178705215454,0.5626617670059204,0.32592007517814636,0.27541565895080566,0.6459288597106934,0.449729859828949,0.5,0.9809775352478027,0.9665530920028687,0.11660352349281311,0.19104894995689392,0.9998000264167786,0.02200000174343586,0.003000000026077032,0.01900000125169754,0.981,0.6200094893802561,1.4798521247941112,0.20750236889049983,0.5172381165966082,1.7951277489217112,1.5440459921316694,0.7813080575351493,0.22051239633990766,0.11998690664768219,0.08001388981938362,255.00730713700673,0.07644367218017578,0.06999721378087997,0.37813109159469604,0.0998539999127388,0.009624892845749855,0.32890379428863525,0.5783994197845459,0.5277320146560669,0.9665530920028687,0.9809999987483025,0.48870266307341437,"progress_score,survival_score,scuffing_score,impact_score,lateral_score,orientation_score"
pronking,0,action_space,-1.0,2.5999999046325684,0.0,0.5,0.0,0.07999999821186066,1.0,0.3700000047683716,0.0,0.0,stepping_stones_easy_bound_highspeed,stepping_stones_easy,2.0,bounding,1000,0.6291993856430054,0.6291993856430054,1.1633543968200684,0.8385200500488281,0.14602014422416687,0.5031520128250122,1.3572580814361572,0.14602014422416687,0.039152614772319794,0.42567381262779236,0.2674931585788727,0.9865424633026123,2.381714344024658,1.2411340475082397,2.849672794342041,0.5031520128250122,0.5658549666404724,0.03671679273247719,0.014212274923920631,0.5759875774383545,0.2699825167655945,326.3677978515625,237.12179565429688,34.17667770385742,46.5035400390625,275.9588623046875,0.06304314732551575,0.12516668438911438,0.6906880140304565,2.3665199279785156,0.9790000319480896,0.02326708287000656,0.04000015929341316,2.6137924194335938,0.5,0.08000031858682632,0.3686196804046631,0.0,0.3306315541267395,0.43059980869293213,0.6480032801628113,0.2635532319545746,0.3531724810600281,0.5725662112236023,0.388245552778244,0.27041444182395935,0.6455979347229004,0.44355541467666626,0.5,0.9801128506660461,0.9687350988388062,0.2315599024295807,0.299812376499176,0.9998000264167786,0.023000001907348633,0.004999999888241291,0.018000001087784767,0.979,0.7055035631064862,1.5547613039788373,0.19787019677637102,0.5171974077457008,1.5432803841248868,1.6880973888795756,0.7522333192836331,0.2256746943199388,0.1163354143500328,0.083665382117033,280.5403054681028,0.06005685776472092,0.07953011244535446,0.36110684275627136,0.11761834472417831,0.004518159199506044,0.3160119652748108,0.5464454889297485,0.5348155498504639,0.9687350988388062,0.9819999989122152,0.4829330678637091,"progress_score,survival_score,scuffing_score,impact_score,lateral_score,orientation_score"
pronking,0,action_space,-1.0,2.5999999046325684,0.0,0.5,1.0,0.10999999940395355,-1.0,0.2900000214576721,1.0,0.03999999910593033,stepping_stones_easy_bound_highspeed,stepping_stones_easy,2.0,bounding,1000,0.6258227825164795,0.6258227825164795,1.2591125965118408,0.7417275309562683,0.14848622679710388,0.4760752320289612,1.7190020084381104,0.14848622679710388,0.039386600255966187,0.407783567905426,0.2564215064048767,0.905312180519104,1.6083983182907104,1.1585450172424316,2.4894461631774902,0.4760752320289612,0.49756309390068054,0.024004168808460236,0.007907208055257797,0.5385669469833374,0.270798921585083,304.99896240234375,224.05990600585938,33.440303802490234,45.658653259277344,349.39019775390625,0.05941322073340416,0.13124999403953552,0.6919478178024292,2.590653419494629,0.9900000095367432,0.025182243436574936,0.04000015929341316,2.6131930351257324,0.5,0.10901027917861938,0.2913198471069336,0.03868003189563751,0.3722609281539917,0.4482713043689728,0.6916127800941467,0.28068333864212036,0.36344027519226074,0.5878673791885376,0.2812230885028839,0.2887916564941406,0.6540188789367676,0.4582005739212036,0.862625241279602,0.9809775352478027,0.9633173942565918,0.06259171664714813,0.1411081850528717,1.0,0.02200000174343586,0.004999999888241291,0.017000000923871994,0.99,0.6989371868095012,1.6176592767542837,0.19846057607486225,0.5063807918996106,1.2682264459830155,1.5777978841339249,0.7053815236456655,0.17863755725971522,0.12591121718287468,0.07408957928419113,242.23327067594428,0.11073237657546997,0.10367687791585922,0.5282278656959534,0.08153410255908966,0.004444986581802368,0.34057024121284485,0.5198549628257751,0.5187931656837463,0.9633173942565918,0.982999999076128,0.5030878333276825,"progress_score,survival_score,scuffing_score,impact_score,lateral_score,orientation_score"
pronking,0,action_space,-1.0,2.5999999046325684,0.0,0.5,1.0,0.10999999940395355,0.0,0.33000001311302185,0.0,0.0,stepping_stones_easy_bound_highspeed,stepping_stones_easy,2.0,bounding,1000,0.6547621488571167,0.6547621488571167,1.1964335441589355,0.8055822849273682,0.14583909511566162,0.5113126039505005,1.5653188228607178,0.14583909511566162,0.038075920194387436,0.4141398072242737,0.2659391164779663,0.9909749031066895,2.497037172317505,1.2154226303100586,2.801147937774658,0.5113126039505005,0.5932474136352539,0.030881647020578384,0.011741972528398037,0.5369740724563599,0.24923020601272583,303.2237548828125,222.84182739257812,33.739662170410156,45.23352813720703,235.38796997070312,0.06223835423588753,0.11891666054725647,0.6851467490196228,2.484170436859131,0.974000096321106,0.023928681388497353,0.04000015929341316,2.6131210327148438,0.5,0.10901571065187454,0.33000147342681885,0.0,0.3387554883956909,0.43215709924697876,0.6591647863388062,0.27436935901641846,0.35539400577545166,0.5729082226753235,0.350567102432251,0.2871384620666504,0.6477839946746826,0.4516245126724243,0.8626930713653564,0.9809775352478027,0.9701129198074341,0.23014646768569946,0.2945202589035034,1.0,0.02200000174343586,0.004999999888241291,0.017000000923871994,0.974,0.703436066237808,1.5970231580369183,0.19513052091968452,0.515692850908335,1.5802016239447119,1.6736630299360318,0.7702255602323607,0.20645488502085976,0.11964340694248676,0.08035738952457905,253.43969697537327,0.07458236813545227,0.07321127504110336,0.42635950446128845,0.09760395437479019,0.006842487957328558,0.34165695309638977,0.5285484790802002,0.5517924427986145,0.9701129198074341,0.982999999076128,0.49304849987751564,"progress_score,survival_score,scuffing_score,impact_score,lateral_score,orientation_score"
pronking,0,action_space,0.0,3.0,0.0,0.5,-1.0,0.04999999701976776,-1.0,0.2900000214576721,-1.0,-0.03999999910593033,stepping_stones_easy_bound_highspeed,stepping_stones_easy,2.0,bounding,1000,0.5730563402175903,0.5730563402175903,1.1420949697494507,0.8581897020339966,0.1678033322095871,0.5447069406509399,1.5296335220336914,0.1678033322095871,0.051994189620018005,0.38487574458122253,0.23464420437812805,1.0456711053848267,2.776477336883545,1.133004903793335,2.3163771629333496,0.5447069406509399,0.6646646857261658,0.0341038852930069,0.01980399340391159,0.5744894742965698,0.20779234170913696,335.77935791015625,250.1851806640625,33.181968688964844,44.882110595703125,378.8426818847656,0.06130174547433853,0.1264999955892563,0.6748024225234985,2.144976854324341,1.0789999961853027,0.022841911762952805,0.04000015929341316,3.000000238418579,0.5,0.05101846158504486,0.29135793447494507,-0.038641996681690216,0.3287011384963989,0.4171096086502075,0.6372559070587158,0.27650782465934753,0.3476810157299042,0.5498994588851929,0.324232280254364,0.3121364116668701,0.6518533229827881,0.44824910163879395,0.13773152232170105,0.9801128506660461,0.9652384519577026,0.1174665093421936,0.19279250502586365,0.9996000528335571,0.023000001907348633,0.004999999888241291,0.018000001087784767,1.079,0.6253961345683213,1.4099398256639057,0.22802234456302303,0.48440087157036377,1.6662764887267494,1.5219649020044286,0.8152697012192749,0.23218070267987065,0.11420955881476402,0.08579123765230179,294.0030092101872,0.052551671862602234,0.05145454406738281,0.3402217924594879,0.0765724927186966,0.01567251794040203,0.31696024537086487,0.6083635687828064,0.5312619805335999,0.9652384519577026,0.9819999989122152,0.48078126372083246,"progress_score,survival_score,scuffing_score,impact_score,lateral_score,orientation_score"
pronking,0,action_space,0.0,3.0,0.0,0.5,-1.0,0.04999999701976776,0.0,0.33000001311302185,-1.0,-0.03999999910593033,stepping_stones_easy_bound_highspeed,stepping_stones_easy,2.0,bounding,1000,0.5985828638076782,0.5985828638076782,1.2136187553405762,0.7864910364151001,0.16606676578521729,0.5143370628356934,1.433097243309021,0.16606676578521729,0.04904212802648544,0.39665693044662476,0.2418288141489029,0.9650390148162842,2.298069953918457,1.1365565061569214,2.316133975982666,0.5143370628356934,0.6154197454452515,0.028191424906253815,0.012781990692019463,0.5455386638641357,0.21868577599525452,302.94842529296875,221.14990234375,34.404457092285156,45.50447082519531,390.8509826660156,0.05542757734656334,0.12258334457874298,0.8149060010910034,2.715334892272949,1.1150000095367432,0.024272361770272255,0.04000015929341316,3.000000238418579,0.5,0.05107992887496948,0.33000147342681885,-0.03856006637215614,0.33372169733047485,0.4237317442893982,0.6614030599594116,0.2851388454437256,0.3660022020339966,0.5659842491149902,0.34592342376708984,0.30034053325653076,0.6652414798736572,0.45943185687065125,0.13849961757659912,0.9792481660842896,0.9673757553100586,0.2328491508960724,0.30406659841537476,0.9998000264167786,0.024000000208616257,0.00800000037997961,0.01600000075995922,1.115,0.7308574043581838,1.560537655076607,0.22145457327968066,0.49176093190584275,1.5159386379133084,1.521885007476802,0.7844869313412758,0.20241891116759145,0.12136180885136127,0.07863898761570454,249.62404705747377,0.08422423899173737,0.07097510993480682,0.4406658709049225,0.08946214616298676,0.012604323215782642,0.3358544707298279,0.5439926981925964,0.5417683720588684,0.9673757553100586,0.9839999992400408,0.49567244446983466,"progress_score,survival_score,scuffing_score,impact_score,lateral_score,orientation_score"
pronking,0,action_space,0.0,3.0,0.0,0.5,-1.0,0.04999999701976776,0.0,0.33000001311302185,0.0,0.0,stepping_stones_easy_bound_highspeed,stepping_stones_easy,2.0,bounding,1000,0.6509684920310974,0.6509684920310974,1.2218014001846313,0.7785302400588989,0.16577811539173126,0.49443963170051575,1.1832623481750488,0.16577811539173126,0.050327472388744354,0.3845258355140686,0.23128922283649445,0.9528147578239441,2.5188636779785156,1.1405445337295532,2.570885181427002,0.49443963170051575,0.5633940696716309,0.029136095196008682,0.01351652480661869,0.5409301519393921,0.20626462996006012,310.9251708984375,228.365966796875,34.71839141845703,46.778133392333984,852.2344360351562,0.05987444892525673,0.12666666507720947,0.785281240940094,2.6055331230163574,1.0920000076293945,0.02443602681159973,0.04000015929341316,3.000000238418579,0.5,0.05098994821310043,0.33000147342681885,0.0,0.35763829946517944,0.4426921606063843,0.6890933513641357,0.29582464694976807,0.37670785188674927,0.5858244895935059,0.3975347876548767,0.30269256234169006,0.6780486106872559,0.45986494421958923,0.1373749077320099,0.9809775352478027,0.9739810824394226,0.47356775403022766,0.5185996294021606,1.0,0.02199999988079071,0.007000000216066837,0.015000000596046448,1.092,0.7191220238095238,1.5446743895194008,0.2243378532230893,0.48092538177610716,1.5870928384875649,1.6033980109214936,0.750595809788218,0.2065251074388472,0.12218013405799866,0.07782066240906715,254.4809417074267,0.08852791786193848,0.08675167709589005,0.4261122941970825,0.11193782091140747,0.01615876331925392,0.3389643728733063,0.550733208656311,0.5308194756507874,0.9739810824394226,0.9849999994039536,0.49663499429037694,"progress_score,survival_score,scuffing_score,impact_score,lateral_score,orientation_score"
pronking,0,action_space,0.0,3.0,0.0,0.5,-1.0,0.04999999701976776,1.0,0.3700000047683716,1.0,0.03999999910593033,stepping_stones_easy_bound_highspeed,stepping_stones_easy,2.0,bounding,1000,0.5762826204299927,0.5762826204299927,1.1165753602981567,0.8846780061721802,0.15630102157592773,0.5520517826080322,1.2780413627624512,0.15630102157592773,0.046413011848926544,0.37877747416496277,0.22227759659290314,0.9962764382362366,2.3030824661254883,1.3049190044403076,3.139134168624878,0.5520517826080322,0.702472448348999,0.03642406687140465,0.012664205394685268,0.5797615051269531,0.28221482038497925,329.73248291015625,246.23712158203125,33.284576416015625,45.91960144042969,625.3200073242188,0.06040891259908676,0.1431666761636734,0.7086130976676941,2.326676368713379,1.061000108718872,0.022331509739160538,0.04000015929341316,3.000000238418579,0.5,0.05101684480905533,0.36864376068115234,0.03864416480064392,0.30399423837661743,0.4089844822883606,0.6491950154304504,0.24527508020401,0.35237303376197815,0.5510895848274231,0.37742480635643005,0.31423115730285645,0.6333540678024292,0.4396684765815735,0.13771116733551025,0.980977475643158,0.9660289883613586,0.11718104779720306,0.19464027881622314,0.9998000264167786,0.02199999988079071,0.006000000052154064,0.01600000075995922,1.061,0.6678727965215598,1.4808473354297649,0.21543679316432127,0.47146325052214105,1.5175910075265628,1.7717601893667432,0.8381362946138289,0.22155873322008754,0.11165754869580269,0.08834324777126312,295.3069668509508,0.043690670281648636,0.04747216776013374,0.3746490776538849,0.11010710895061493,0.0035376357845962048,0.3136357367038727,0.5779735445976257,0.4887846112251282,0.9660289883613586,0.9839999992400408,0.4759999436179274,"progress_score,survival_score,scuffing_score,impact_score,lateral_score,orientation_score"
pronking,0,action_space,0.0,3.0,0.0,0.5,0.0,0.07999999821186066,-1.0,0.2900000214576721,0.0,0.0,stepping_stones_easy_bound_highspeed,stepping_stones_easy,2.0,bounding,1000,0.6672141551971436,0.6672141551971436,1.210747480392456,0.789313554763794,0.1668703854084015,0.5350595116615295,1.4583590030670166,0.1668703854084015,0.05035676062107086,0.391181081533432,0.232894629240036,0.9573873281478882,2.3550662994384766,1.211796522140503,2.806544065475464,0.5350595116615295,0.6268666982650757,0.034267183393239975,0.015769964084029198,0.5469935536384583,0.22393694519996643,314.50994873046875,234.3988494873047,33.27984619140625,45.662193298339844,329.1251525878906,0.0619736984372139,0.13116666674613953,0.7326040267944336,2.4531784057617188,1.0920000076293945,0.024214960634708405,0.04000015929341316,3.000000238418579,0.5,0.08000031858682632,0.29132163524627686,0.0,0.3413206934928894,0.39729011058807373,0.6639391183853149,0.2751806378364563,0.3487117886543274,0.5408163666725159,0.3400324583053589,0.30338430404663086,0.6580516695976257,0.4513818025588989,0.5,0.9809775352478027,0.9739807844161987,0.4735972285270691,0.518798828125,1.0,0.02199999988079071,0.004999999888241291,0.017000000923871994,1.092,0.6708827874599359,1.4988329472952162,0.2244031207917369,0.48259157601437264,1.5346225266945863,1.6752743254391096,0.7917491384681613,0.2236898466119309,0.12107480317354202,0.07892599329352379,259.76510694742257,0.08273905515670776,0.05710367113351822,0.3676062524318695,0.08496684581041336,0.011347715742886066,0.3348786234855652,0.5702815651893616,0.5190093517303467,0.9739807844161987,0.982999999076128,0.4857686791372927,"progress_score,survival_score,scuffing_score,impact_score,lateral_score,orientation_score"
pronking,0,action_space,0.0,3.0,0.0,0.5,0.0,0.07999999821186066,1.0,0.3700000047683716,-1.0,-0.03999999910593033,stepping_stones_easy_bound_highspeed,stepping_stones_easy,2.0,bounding,1000,0.6194362640380859,0.6194362640380859,1.1635997295379639,0.8381502628326416,0.16410091519355774,0.54722660779953,1.6023573875427246,0.16410091519355774,0.049199651926755905,0.3919914960861206,0.23807379603385925,1.061230182647705,2.897778034210205,1.247936725616455,2.853846549987793,0.54722660779953,0.6496214866638184,0.037834860384464264,0.017889557406306267,0.5843065977096558,0.2507950961589813,338.3951110839844,253.95755004882812,33.40565490722656,45.754180908203125,557.3221435546875,0.0648554190993309,0.11999999731779099,0.7603675127029419,2.6308910846710205,1.0780000686645508,0.023271989077329636,0.04000015929341316,3.000000238418579,0.5,0.08000031858682632,0.3686274290084839,-0.03862776607275009,0.3374444246292114,0.40902838110923767,0.638421893119812,0.26209205389022827,0.3494724631309509,0.5429794788360596,0.3014841377735138,0.31097412109375,0.6372504234313965,0.43463799357414246,0.5,0.9801129102706909,0.9687536358833313,0.23142847418785095,0.29872456192970276,0.9995999932289124,0.023000001907348633,0.007000000216066837,0.01600000075995922,1.078,0.7053501787344909,1.562219507523114,0.2218099455091135,0.4879280644048457,1.7022861199605093,1.689333167254995,0.805990996639428,0.23606019950591106,0.11635994538664818,0.08364085108041763,290.81745422745377,0.060205984860658646,0.05005817115306854,0.3280830979347229,0.07529433071613312,0.006631647236645222,0.31079766154289246,0.5432789325714111,0.548811674118042,0.9687536358833313,0.9839999992400408,0.47741436026990414,"progress_score,survival_score,scuffing_score,impact_score,lateral_score,orientation_score"
pronking,0,action_space,0.0,3.0,0.0,0.5,1.0,0.10999999940395355,-1.0,0.2900000214576721,0.0,0.0,stepping_stones_easy_bound_highspeed,stepping_stones_easy,2.0,bounding,1000,0.6601368188858032,0.6601368188858032,1.25608491897583,0.744518518447876,0.1614307463169098,0.5003701448440552,1.5092573165893555,0.1614307463169098,0.04538905620574951,0.37740233540534973,0.22168812155723572,0.9279069900512695,1.7853100299835205,1.0960774421691895,2.2572836875915527,0.5003701448440552,0.547447144985199,0.02555842697620392,0.007470476441085339,0.5450503826141357,0.18807503581047058,326.52337646484375,245.928955078125,33.531349182128906,43.43901062011719,234.63949584960938,0.057863134890794754,0.12091666460037231,0.8489049673080444,3.087293863296509,1.1220000982284546,0.02512170746922493,0.04000015929341316,3.000000238418579,0.5,0.10897272825241089,0.29136985540390015,0.0,0.3773735761642456,0.4252886176109314,0.7041820883750916,0.279388427734375,0.3501649796962738,0.5692867040634155,0.3207874298095703,0.3104546070098877,0.6556934714317322,0.4524841010570526,0.8621559143066406,0.9801129102706909,0.9687839150428772,0.23138150572776794,0.298313170671463,1.0,0.023000001907348633,0.0010000000474974513,0.02199999988079071,1.122,0.7565997390611074,1.6587943405214693,0.21304707509315754,0.4708376806896786,1.336154942356432,1.5024259341450257,0.7398967123762606,0.18173855787171103,0.12560853734612465,0.07439225912094116,259.95326552529593,0.10891023278236389,0.08178161084651947,0.5165526270866394,0.08918535709381104,0.0232488214969635,0.3361826241016388,0.5026306509971619,0.5463020205497742,0.9687839150428772,0.9780000001192093,0.5036840387865117,"progress_score,survival_score,scuffing_score,impact_score,lateral_score,orientation_score"
pronking,0,action_space,0.0,3.0,0.0,0.5,1.0,0.10999999940395355,-1.0,0.2900000214576721,1.0,0.03999999910593033,stepping_stones_easy_bound_highspeed,stepping_stones_easy,2.0,bounding,1000,0.6479026079177856,0.6479026079177856,1.2202388048171997,0.7807716727256775,0.1543513536453247,0.502748966217041,1.1606532335281372,0.1543513536453247,0.04282192140817642,0.3872182369232178,0.23618051409721375,1.0186039209365845,2.5668790340423584,1.1318410634994507,2.3343400955200195,0.502748966217041,0.6184275150299072,0.0290963314473629,0.017441801726818085,0.5829589366912842,0.2606693506240845,361.3453369140625,274.2345886230469,32.96307373046875,43.77900695800781,365.54449462890625,0.0657348781824112,0.11633333563804626,0.8679313063621521,3.23423433303833,1.0770000219345093,0.024404775351285934,0.04000015929341316,3.000000238418579,0.5,0.10893620550632477,0.2914186120033264,0.038581255823373795,0.37327343225479126,0.4336608648300171,0.702703595161438,0.2822059690952301,0.35094398260116577,0.5809270143508911,0.397263765335083,0.3043159246444702,0.6662155389785767,0.44361165165901184,0.8616992235183716,0.9792481660842896,0.963718056678772,0.11865080893039703,0.1974053680896759,0.9992000460624695,0.02500000223517418,0.005000000353902578,0.020000001415610313,1.077,0.8058786206258705,1.7329175207449243,0.20693458243651885,0.4859840677400996,1.602148255949604,1.5278547363934896,0.7864016245086903,0.215726987588899,0.12202387675642967,0.07797691971063614,296.12673805124115,0.08729887753725052,0.07985320687294006,0.3942529261112213,0.13304182887077332,0.0054432060569524765,0.31163647770881653,0.4720120429992676,0.5589659810066223,0.963718056678772,0.9799999985843897,0.48937767871508475,"progress_score,survival_score,scuffing_score,impact_score,lateral_score,orientation_score"
pronking,0,action_space,0.0,3.0,0.0,0.5,1.0,0.10999999940395355,0.0,0.33000001311302185,1.0,0.03999999910593033,stepping_stones_easy_bound_highspeed,stepping_stones_easy,2.0,bounding,1000,0.6708990335464478,0.6708990335464478,1.2807536125183105,0.7197403907775879,0.163985013961792,0.4639614224433899,1.3681316375732422,0.163985013961792,0.04916594922542572,0.39684396982192993,0.2482132762670517,1.0438239574432373,2.8217031955718994,1.129008412361145,2.447978973388672,0.4639614224433899,0.5116880536079407,0.02184607833623886,0.01574922539293766,0.5621515512466431,0.24448341131210327,341.1191711425781,255.01565551757812,32.990928649902344,44.118003845214844,499.5274658203125,0.06256470084190369,0.12675000727176666,0.755048930644989,2.6700241565704346,1.096000075340271,0.025615070015192032,0.04000015929341316,3.000000238418579,0.5,0.10876014828681946,0.33000147342681885,0.038346536457538605,0.40400660037994385,0.4669736623764038,0.7225291728973389,0.2808574140071869,0.3628963232040405,0.6089556217193604,0.3509786128997803,0.2953350245952606,0.6583685874938965,0.4470274746417999,0.8594987988471985,0.9757895469665527,0.962040901184082,0.23754280805587769,0.3173067569732666,0.9994000196456909,0.02800000086426735,0.004000000189989805,0.024000000208616257,1.096,0.6889132200366389,1.5608181242392387,0.22173396046935553,0.4982100724263327,1.6797926049283285,1.5646018577864056,0.7153237404196373,0.1938950843347415,0.12807535007596016,0.07192544639110565,266.3425406795027,0.12592044472694397,0.11618146300315857,0.4714670479297638,0.09523091465234756,0.007523916661739349,0.3248787820339203,0.54387366771698,0.5305982828140259,0.962040901184082,0.9759999997913837,0.5038383444281003,"progress_score,survival_score,scuffing_score,impact_score,lateral_score,orientation_score"
pronking,0,action_space,0.0,3.0,0.0,0.5,1.0,0.10999999940395355,1.0,0.3700000047683716,1.0,0.03999999910593033,stepping_stones_easy_bound_highspeed,stepping_stones_easy,2.0,bounding,1000,0.6437206268310547,0.6437206268310547,1.2516425848007202,0.7505446672439575,0.14294511079788208,0.48097920417785645,1.6649341583251953,0.14294511079788208,0.039421409368515015,0.3828139901161194,0.23088401556015015,1.0215139389038086,2.4511144161224365,1.1745408773422241,2.5760135650634766,0.48097920417785645,0.591995358467102,0.027842478826642036,0.013798722997307777,0.5847276449203491,0.2265964150428772,333.3079833984375,249.79678344726562,33.764892578125,45.00531005859375,290.7694091796875,0.06251189112663269,0.12191666662693024,0.7683939337730408,2.688915729522705,1.1050000190734863,0.02503284439444542,0.04000015929341316,3.000000238418579,0.5,0.1089630126953125,0.36861664056777954,0.03861702233552933,0.4088941812515259,0.4573233127593994,0.6921279430389404,0.2779334783554077,0.3480057716369629,0.5985609292984009,0.3094004988670349,0.305926114320755,0.6425115466117859,0.4353121519088745,0.8620344400405884,0.9801129102706909,0.965029239654541,0.11780676245689392,0.19582799077033997,1.0,0.023000001907348633,0.004999999888241291,0.018000001087784767,1.105,0.6953791139352375,1.5599383696329696,0.19854825450885993,0.48050391836087053,1.5656035309497858,1.6049964377105255,0.7694123461883765,0.20406175982763114,0.1251642219722271,0.07483657449483871,266.29645511102916,0.10505521297454834,0.09892334043979645,0.43481960892677307,0.08600391447544098,0.010759910568594933,0.31053605675697327,0.5442470908164978,0.5435773134231567,0.965029239654541,0.9819999989122152,0.4978889676889307,"progress_score,survival_score,scuffing_score,impact_score,lateral_score,orientation_score"
pronking,0,action_space,1.0,3.4000000953674316,0.0,0.5,-1.0,0.04999999701976776,-1.0,0.2900000214576721,-1.0,-0.03999999910593033,stepping_stones_easy_bound_highspeed,stepping_stones_easy,2.0,bounding,1000,0.5498345494270325,0.5498345494270325,0.9368512034416199,1.0639394521713257,0.19232603907585144,0.6236780881881714,1.2509232759475708,0.19232603907585144,0.07163572311401367,0.376679003238678,0.23543177545070648,1.4419103860855103,5.721272945404053,1.414332628250122,3.5052437782287598,0.6236780881881714,0.8933193683624268,0.05693349987268448,0.04912599176168442,0.6879253387451172,0.25358912348747253,430.68603515625,337.764892578125,30.963043212890625,46.351158142089844,611.573486328125,0.08540301024913788,0.11008332669734955,0.6647587418556213,2.1278810501098633,1.0700000524520874,0.01873701624572277,0.04000015929341316,3.3871030807495117,0.5,0.05096791684627533,0.2912904620170593,-0.03870940953493118,0.2574634552001953,0.3787873089313507,0.5586798787117004,0.22980695962905884,0.3070519268512726,0.5095526576042175,0.361586332321167,0.33303019404411316,0.6462140083312988,0.39185869693756104,0.13709984719753265,0.9809775352478027,0.9636238813400269,0.06232914328575134,0.13768549263477325,0.9982000589370728,0.02199999988079071,0.004999999888241291,0.017000000923871994,1.07,0.6212697822356893,1.4102034251661948,0.2676485066538083,0.48521312374121384,2.3919182564218313,1.8722296275373809,0.9451557376233966,0.32566776265754166,0.09368508122861385,0.10631571523845196,459.7165842068412,0.010803677141666412,0.020450590178370476,0.11988889425992966,0.06831420212984085,0.006271230988204479,0.25262460112571716,0.6082505583763123,0.5767094492912292,0.9636238813400269,0.982999999076128,0.453415588132645,"progress_score,survival_score,scuffing_score,impact_score,lateral_score,orientation_score"
pronking,0,action_space,1.0,3.4000000953674316,0.0,0.5,-1.0,0.04999999701976776,0.0,0.33000001311302185,1.0,0.03999999910593033,stepping_stones_easy_bound_highspeed,stepping_stones_easy,2.0,bounding,1000,0.5765014886856079,0.5765014886856079,1.1497842073440552,0.8524774312973022,0.14856727421283722,0.5171574354171753,1.5503685474395752,0.14856727421283722,0.04086332768201828,0.34956204891204834,0.2042129933834076,1.0241100788116455,2.5543081760406494,1.3175545930862427,3.0074918270111084,0.5171574354171753,0.581351637840271,0.030699316412210464,0.012823430821299553,0.5840863585472107,0.23538604378700256,333.0921630859375,253.39642333984375,33.47648620605469,45.79750061035156,356.9226379394531,0.057982444763183594,0.11633333563804626,0.8014461994171143,2.5709290504455566,1.1600000858306885,0.022995680570602417,0.04000015929341316,3.385056495666504,0.5,0.051121409982442856,0.33000147342681885,0.03850473836064339,0.3228568434715271,0.4144116938114166,0.6797747611999512,0.23438483476638794,0.3476099967956543,0.5541448593139648,0.3241302967071533,0.3481249213218689,0.6343085765838623,0.4363556504249573,0.13901838660240173,0.9783835411071777,0.9620023965835571,0.12007150053977966,0.20419150590896606,0.9994000196456909,0.02500000037252903,0.004999999888241291,0.020000001415610313,1.16,0.6909018680967134,1.4887302825752105,0.202146797357807,0.45189931775054454,1.5982203152383745,1.7342121632058485,0.7624641879067311,0.20862106133732045,0.11497840285301208,0.08502239361405373,289.6997201373673,0.05464644730091095,0.06894004344940186,0.4187609851360321,0.09370207041501999,0.009025325067341328,0.31093457341194153,0.5746009349822998,0.5589659810066223,0.9620023965835571,0.9799999985843897,0.491713375343304,"progress_score,survival_score,scuffing_score,impact_score,lateral_score,orientation_score"
pronking,0,action_space,1.0,3.4000000953674316,0.0,0.5,-1.0,0.04999999701976776,1.0,0.3700000047683716,-1.0,-0.03999999910593033,stepping_stones_easy_bound_highspeed,stepping_stones_easy,2.0,bounding,1000,0.5761266946792603,0.5761266946792603,1.1551209688186646,0.848597526550293,0.1470676064491272,0.49837395548820496,1.231636881828308,0.1470676064491272,0.04419639706611633,0.34912434220314026,0.20608866214752197,1.117136001586914,3.3336565494537354,1.2416868209838867,2.7980079650878906,0.49837395548820496,0.5623094439506531,0.03003079444169998,0.017256930470466614,0.599756121635437,0.2651621997356415,336.02105712890625,255.26535034179688,33.652992248535156,45.40729522705078,614.6719970703125,0.06020549684762955,0.12049999833106995,0.8705636262893677,2.771179676055908,1.1660000085830688,0.023102421313524246,0.04000015929341316,3.385619640350342,0.5,0.05107918009161949,0.3685606122016907,-0.03856103867292404,0.35202834010124207,0.4514428973197937,0.6591534614562988,0.25409039855003357,0.33631977438926697,0.5867927670478821,0.38295912742614746,0.35906195640563965,0.6312695145606995,0.4277290105819702,0.1384904384613037,0.9792481660842896,0.9599832892417908,0.06456953287124634,0.1501813530921936,0.9994000196456909,0.024000000208616257,0.00800000037997961,0.01600000075995922,1.166,0.7466240125495819,1.5416402804051146,0.21022939153723566,0.4539698912345641,1.8258303725849605,1.6727247128825145,0.749872951872951,0.21745740942117056,0.11551210656762123,0.08448868989944458,290.89685513418823,0.05610832944512367,0.08342843502759933,0.38838639855384827,0.12056517601013184,0.004975426942110062,0.30134114623069763,0.5520240068435669,0.5474413633346558,0.9599832892417908,0.9839999992400408,0.4879776193319183,"progress_score,survival_score,scuffing_score,impact_score,lateral_score,orientation_score"
pronking,0,action_space,1.0,3.4000000953674316,0.0,0.5,0.0,0.07999999821186066,0.0,0.33000001311302185,-1.0,-0.03999999910593033,stepping_stones_easy_bound_highspeed,stepping_stones_easy,2.0,bounding,1000,0.6278876662254333,0.6278876662254333,1.1379420757293701,0.8629292249679565,0.15605317056179047,0.5239100456237793,1.291887640953064,0.15605317056179047,0.04924207180738449,0.3552778661251068,0.21116453409194946,1.1430044174194336,3.6151933670043945,1.2647428512573242,2.9425368309020996,0.5239100456237793,0.6711795330047607,0.0443926677107811,0.020745664834976196,0.5980008840560913,0.23451897501945496,354.8443298339844,267.00286865234375,33.14877700805664,45.15325927734375,733.2239990234375,0.06777741014957428,0.12958332896232605,0.7756808996200562,2.5130019187927246,1.1530001163482666,0.02275885082781315,0.04000015929341316,3.386763334274292,0.5,0.08000031858682632,0.33000147342681885,-0.03867537900805473,0.35137635469436646,0.42810124158859253,0.6365262269973755,0.253068745136261,0.3351631164550781,0.5641907453536987,0.36201438307762146,0.35503995418548584,0.6411322951316833,0.41995757818222046,0.5,0.9809775352478027,0.9700877070426941,0.2303479164838791,0.2961607575416565,0.9998000264167786,0.02200000174343586,0.004000000189989805,0.018000001087784767,1.153,0.6727500842740406,1.4763242701042,0.22190554704059223,0.4595264237146211,1.9013661843538698,1.7153824153529438,0.819255474809147,0.25522212393473515,0.11379425413906574,0.08620654232800007,311.8298702563968,0.05086463689804077,0.06426004320383072,0.27177882194519043,0.10261931270360947,0.009183199144899845,0.3024008572101593,0.5799094438552856,0.5231345295906067,0.9700877070426941,0.9819999989122152,0.4710032401704475,"progress_score,survival_score,scuffing_score,impact_score,lateral_score,orientation_score"
pronking,0,action_space,1.0,3.4000000953674316,0.0,0.5,0.0,0.07999999821186066,1.0,0.3700000047683716,0.0,0.0,stepping_stones_easy_bound_highspeed,stepping_stones_easy,2.0,bounding,1000,0.6376698613166809,0.6376698613166809,1.2264344692230225,0.7760114669799805,0.15570569038391113,0.4713289737701416,1.3247182369232178,0.15570569038391113,0.049572430551052094,0.3571751117706299,0.21509253978729248,1.0731613636016846,3.080604314804077,1.1735868453979492,2.5328140258789062,0.4713289737701416,0.5401223301887512,0.031249845400452614,0.015711471438407898,0.5987357497215271,0.22711977362632751,365.85687255859375,282.439208984375,33.0262336730957,44.786720275878906,446.1158752441406,0.0609298050403595,0.12016667425632477,0.8346385955810547,2.8367981910705566,1.189000129699707,0.02452867478132248,0.04000015929341316,3.3856871128082275,0.5,0.08000031858682632,0.36856746673583984,0.0,0.3828948140144348,0.4656828045845032,0.700745701789856,0.25990772247314453,0.35313791036605835,0.6082272529602051,0.35085710883140564,0.3499440550804138,0.6405633687973022,0.42401444911956787,0.5,0.9792482256889343,0.9673943519592285,0.23271802067756653,0.30298087000846863,0.9995999932289124,0.024000000208616257,0.004999999888241291,0.01900000125169754,1.189,0.7019668206935976,1.5446257386390914,0.22264867066985172,0.4637807022583976,1.755165039192633,1.591481707679641,0.7349301532722353,0.2167055994635591,0.1226433739066124,0.07735742256045341,298.30935263126895,0.0899253785610199,0.10844524204730988,0.39093017578125,0.09865100681781769,0.010647867806255817,0.30195674300193787,0.5507538914680481,0.54835444688797,0.9673943519592285,0.9809999987483025,0.4923153245135357,"progress_score,survival_score,scuffing_score,impact_score,lateral_score,orientation_score"
pronking,0,action_space,1.0,3.4000000953674316,0.0,0.5,0.0,0.07999999821186066,1.0,0.3700000047683716,1.0,0.03999999910593033,stepping_stones_easy_bound_highspeed,stepping_stones_easy,2.0,bounding,1000,0.5981152057647705,0.5981152057647705,1.098949909210205,0.9026741981506348,0.1440693736076355,0.5424625873565674,1.5462971925735474,0.1440693736076355,0.0384756401181221,0.33084335923194885,0.18845656514167786,1.2447969913482666,4.082263469696045,1.3096339702606201,2.990077495574951,0.5424625873565674,0.6330413222312927,0.03771265223622322,0.025654148310422897,0.6360135674476624,0.3041744828224182,376.51800537109375,294.15179443359375,31.739826202392578,44.30182647705078,525.3538818359375,0.0689861923456192,0.11408331990242004,0.7589826583862305,2.545341730117798,1.130000114440918,0.02197900414466858,0.04000015929341316,3.386939287185669,0.5,0.08000031858682632,0.36869263648986816,0.03869302198290825,0.31727856397628784,0.4050564169883728,0.6334573030471802,0.22855281829833984,0.3203276991844177,0.548084557056427,0.32175302505493164,0.36344531178474426,0.6194071769714355,0.4054321050643921,0.5,0.9809775352478027,0.9666296243667603,0.11643214523792267,0.1891704499721527,0.9994000196456909,0.02199999988079071,0.004000000189989805,0.018000001087784767,1.13,0.6716660761200222,1.5008380540521853,0.19615208415441857,0.4341158429977854,2.0204612022248893,1.7291840548579411,0.7956389396147556,0.25172763167091156,0.1098950207233429,0.09010577574372292,342.6161667747807,0.03841593861579895,0.052725475281476974,0.28158074617385864,0.09868621826171875,0.002280206186696887,0.28026291728019714,0.5694246888160706,0.5652899146080017,0.9666296243667603,0.9819999989122152,0.4742334982086169,"progress_score,survival_score,scuffing_score,impact_score,lateral_score,orientation_score"
pronking,0,action_space,1.0,3.4000000953674316,0.0,0.5,1.0,0.10999999940395355,0.0,0.33000001311302185,0.0,0.0,stepping_stones_easy_bound_highspeed,stepping_stones_easy,2.0,bounding,1000,0.660155177116394,0.660155177116394,1.1569023132324219,0.8445934057235718,0.15628382563591003,0.5644744634628296,1.1454041004180908,0.15628382563591003,0.04728049039840698,0.3421107530593872,0.20670610666275024,1.1890983581542969,3.7181286811828613,1.3230507373809814,3.1033082008361816,0.5644744634628296,0.7311530113220215,0.031559303402900696,0.020431946963071823,0.6175607442855835,0.25192564725875854,378.5535888671875,292.8028869628906,31.023542404174805,41.73332214355469,373.36669921875,0.06807486712932587,0.12266667187213898,0.7452601194381714,2.5374855995178223,1.1450001001358032,0.023138027638196945,0.04000015929341316,3.3858165740966797,0.5,0.10893580317497253,0.33000147342681885,0.0,0.34652525186538696,0.398680716753006,0.6605986952781677,0.23827414214611053,0.313246488571167,0.5340131521224976,0.40350693464279175,0.3666228950023651,0.6356561779975891,0.40607932209968567,0.8616940975189209,0.9792482256889343,0.9674455523490906,0.23249003291130066,0.30111783742904663,0.9988000392913818,0.024000000208616257,0.0,0.024000000208616257,1.145,0.6508821045987991,1.4886720296441986,0.21744077446147717,0.45464943270914815,1.9282449743699221,1.7616209015665605,0.8550748571452803,0.2280158993710143,0.11569013819098473,0.08431065827608109,327.213097024153,0.05765074864029884,0.04132390767335892,0.353516548871994,0.123561792075634,0.0064833806827664375,0.29079943895339966,0.5746259093284607,0.5415427088737488,0.9674455523490906,0.9759999997913837,0.48379604616447497,"progress_score,survival_score,scuffing_score,impact_score,lateral_score,orientation_score"
pronking,0,action_space,1.0,3.4000000953674316,0.0,0.5,1.0,0.10999999940395355,0.0,0.33000001311302185,1.0,0.03999999910593033,stepping_stones_easy_bound_highspeed,stepping_stones_easy,2.0,bounding,1000,0.6402335166931152,0.6402335166931152,1.185023307800293,0.8175011873245239,0.15136703848838806,0.544957160949707,1.2701700925827026,0.15136703848838806,0.04055064171552658,0.3450222611427307,0.20481446385383606,1.1343101263046265,3.133293628692627,1.3031461238861084,2.9589617252349854,0.544957160949707,0.6430357694625854,0.03170756995677948,0.014849195256829262,0.6123684644699097,0.3003442883491516,360.13177490234375,272.16644287109375,33.87964630126953,45.775360107421875,330.8097229003906,0.06256204843521118,0.11775000393390656,0.9538443088531494,3.312180280685425,1.180999994277954,0.02370048128068447,0.04000015929341316,3.3862111568450928,0.5,0.10896538943052292,0.33000147342681885,0.03862021118402481,0.35396209359169006,0.3948601186275482,0.6657326221466064,0.23120640218257904,0.3346155285835266,0.5391198992729187,0.38756728172302246,0.3628131151199341,0.6268885135650635,0.41709089279174805,0.8620643615722656,0.9801128506660461,0.9650329351425171,0.11777104437351227,0.1955464482307434,1.0,0.023000001907348633,0.007000000216066837,0.01600000075995922,1.181,0.8076581187817528,1.6746807487740318,0.20137189902150346,0.4525643201290133,1.7701111910534397,1.720163284468944,0.8018951112599362,0.2157701675709799,0.11850240640342236,0.08149839006364346,303.9026933325393,0.06902870535850525,0.05131443962454796,0.39410603046417236,0.1247825101017952,0.0024617433082312346,0.29383498430252075,0.49602004885673523,0.5550206303596497,0.9650329351425171,0.9839999992400408,0.48684869912502016,"progress_score,survival_score,scuffing_score,impact_score,lateral_score,orientation_score"
pronking,0,action_space,1.0,3.4000000953674316,0.0,0.5,1.0,0.10999999940395355,1.0,0.3700000047683716,-1.0,-0.03999999910593033,stepping_stones_easy_bound_highspeed,stepping_stones_easy,2.0,bounding,1000,0.6320112943649292,0.6320112943649292,1.13959801197052,0.8624312281608582,0.14113762974739075,0.5352052450180054,1.2866395711898804,0.14113762974739075,0.03661777824163437,0.35881972312927246,0.2177879512310028,1.07722008228302,3.0704469680786133,1.3241585493087769,3.151651382446289,0.5352052450180054,0.6897035837173462,0.04098685830831528,0.012972010299563408,0.606718897819519,0.24207717180252075,357.1776428222656,272.2415771484375,31.883773803710938,43.02406311035156,262.3980712890625,0.06524351239204407,0.12041665613651276,0.8211047649383545,2.860351085662842,1.1760001182556152,0.022791963070631027,0.04000015929341316,3.3856263160705566,0.5,0.10892152786254883,0.36856135725975037,-0.03856173902750015,0.350159615278244,0.43405431509017944,0.6439106464385986,0.2404361069202423,0.33970165252685547,0.5722132325172424,0.4063957929611206,0.34652209281921387,0.6401614546775818,0.41433653235435486,0.8615158796310425,0.9792481660842896,0.9599844217300415,0.06456495821475983,0.15014192461967468,0.9991999864578247,0.024000000208616257,0.004000000189989805,0.019999999552965164,1.176,0.6982183132041879,1.5595740834005236,0.1913577232348733,0.4666775666678256,1.7522690912296015,1.7752890982728107,0.8304839454904268,0.23229048324862275,0.11395981535315514,0.08604098111391068,313.42424176807475,0.05103974789381027,0.057014673948287964,0.3398750126361847,0.13278885185718536,0.00789486151188612,0.2971738874912262,0.5444017648696899,0.547669529914856,0.9599844217300415,0.9800000004470348,0.4811103494935914,"progress_score,survival_score,scuffing_score,impact_score,lateral_score,orientation_score"
pronking,0,action_space,1.0,3.4000000953674316,0.0,0.5,1.0,0.10999999940395355,1.0,0.3700000047683716,1.0,0.03999999910593033,stepping_stones_easy_bound_highspeed,stepping_stones_easy,2.0,bounding,1000,0.6440411806106567,0.6440411806106567,1.2637805938720703,0.7396421432495117,0.14653682708740234,0.47141745686531067,1.4458208084106445,0.14653682708740234,0.03945104032754898,0.34759649634361267,0.2092578113079071,1.0707495212554932,2.8638217449188232,1.2115437984466553,2.5792903900146484,0.47141745686531067,0.5249430537223816,0.028787456452846527,0.018057353794574738,0.5903602838516235,0.22913502156734467,362.9902038574219,278.7950134277344,31.60940933227539,41.48825454711914,504.7818298339844,0.06261422485113144,0.12658333778381348,0.7392935752868652,2.4839189052581787,1.2060000896453857,0.025275614112615585,0.04000015929341316,3.3845081329345703,0.5,0.10883766412734985,0.36844971776008606,0.03844986855983734,0.4327903985977173,0.44541746377944946,0.71018385887146,0.24397587776184082,0.3343279957771301,0.591366171836853,0.3610379695892334,0.3553909659385681,0.6582973003387451,0.42451614141464233,0.8604674339294434,0.9775189161300659,0.9567254781723022,0.06648001819849014,0.15810459852218628,0.9994000196456909,0.026000000536441803,0.0010000000474974513,0.02500000037252903,1.206,0.6130128167754975,1.4351426002359566,0.19862285952918154,0.4574470584755214,1.6922829978815077,1.6060169332901346,0.7245295395788784,0.21643661946958342,0.12637807056307793,0.07362272590398788,287.2256510485447,0.11210918426513672,0.10835480690002441,0.39184215664863586,0.10700908303260803,0.010227242484688759,0.3070574104785919,0.5975552201271057,0.5310406684875488,0.9567254781723022,0.974999999627471,0.49854867817147785,"progress_score,survival_score,scuffing_score,impact_score,lateral_score,orientation_score"
trotting,1,action_space,-1.0,2.5999999046325684,0.0,0.5,-1.0,0.04999999701976776,-1.0,0.2900000214576721,1.0,0.03999999910593033,stepping_stones_easy_bound_highspeed,stepping_stones_easy,2.0,bounding,1000,0.5659616589546204,0.5659616589546204,1.1253831386566162,0.8747220039367676,0.1774129718542099,0.6237396001815796,1.369075059890747,0.1774129718542099,0.05756736546754837,0.22707603871822357,0.12052279710769653,1.2101044654846191,3.872872829437256,1.0082054138183594,2.0379557609558105,0.6237396001815796,0.8446876406669617,0.030774995684623718,0.027765968814492226,0.6078929901123047,0.259613960981369,343.71533203125,269.1938781738281,32.513771057128906,63.251956939697266,524.8673706054688,0.09325364232063293,0.14558333158493042,0.5256247520446777,1.5770760774612427,0.9360000491142273,0.022507673129439354,0.04000015929341316,2.6136627197265625,0.5,0.05102520063519478,0.29136693477630615,0.038632988929748535,0.34734800457954407,0.3569016456604004,0.6696645021438599,0.31312692165374756,0.3178468346595764,0.49647921323776245,0.30856794118881226,0.5665994882583618,0.6222889423370361,0.365317165851593,0.1378159075975418,1.0,0.9672331213951111,0.0634782537817955,0.1439860314130783,0.9991999864578247,0.023000001907348633,0.004000000189989805,0.01900000125169754,0.936,0.5615649101061698,1.2980409004354956,0.2399320017578905,0.3471639340537789,1.9679615924700502,1.4275698795350826,0.9190688987594792,0.2419524013088441,0.11253836564719677,0.08746243081986904,305.4207231517146,0.046861715614795685,0.020434904843568802,0.31011277437210083,0.08042562007904053,0.0055593205615878105,0.29647690057754517,0.6562407612800598,0.4829140305519104,0.9672331213951111,0.9809999987483025,0.4725175495994719,"progress_score,survival_score,scuffing_score,impact_score,lateral_score,orientation_score"
trotting,1,action_space,-1.0,2.5999999046325684,0.0,0.5,-1.0,0.04999999701976776,0.0,0.33000001311302185,-1.0,-0.03999999910593033,stepping_stones_easy_bound_highspeed,stepping_stones_easy,2.0,bounding,1000,0.5663580298423767,0.5663580298423767,1.0948305130004883,0.9057433009147644,0.2047366201877594,0.685104250907898,1.549468994140625,0.2047366201877594,0.07571554183959961,0.23681780695915222,0.11938010156154633,1.2029805183410645,4.131269454956055,1.0127121210098267,1.9643611907958984,0.685104250907898,0.9892846345901489,0.03176388517022133,0.03028392419219017,0.612561047077179,0.21366558969020844,348.14599609375,271.95819091796875,33.656044006347656,64.7586669921875,854.31591796875,0.09505033493041992,0.13191667199134827,0.5639414191246033,1.7984263896942139,0.9539999961853027,0.02189662680029869,0.04000015929341316,2.612462043762207,0.5,0.05093521624803543,0.33000147342681885,-0.03875301033258438,0.33521974086761475,0.3298380374908447,0.6514797210693359,0.3135184943675995,0.32923585176467896,0.463545560836792,0.2652140259742737,0.5310956239700317,0.629185676574707,0.36237022280693054,0.1366909146308899,1.0,0.9752923250198364,0.11525581777095795,0.1846119910478592,0.9994000196456909,0.021000001579523087,0.004999999888241291,0.01600000075995922,0.954,0.5911335495283019,1.3730050401143863,0.2751645722828424,0.3455142566690213,2.03255244826697,1.4015567026688212,0.9946278874987112,0.2490939769693589,0.10948313400149345,0.09051766246557236,317.990768397222,0.0375724695622921,0.009152956306934357,0.28910765051841736,0.04671080410480499,0.013935557566583157,0.2937218248844147,0.6241992115974426,0.5170667171478271,0.9752923250198364,0.9839999992400408,0.46795175822549745,"progress_score,survival_score,scuffing_score,impact_score,lateral_score,orientation_score"
trotting,1,action_space,-1.0,2.5999999046325684,0.0,0.5,-1.0,0.04999999701976776,0.0,0.33000001311302185,0.0,0.0,stepping_stones_easy_bound_highspeed,stepping_stones_easy,2.0,bounding,1000,0.5953317880630493,0.5953317880630493,1.146519422531128,0.8538311719894409,0.18225368857383728,0.6271538138389587,1.6778512001037598,0.18225368857383728,0.0599723681807518,0.2197819948196411,0.11255764216184616,1.0421818494796753,2.3762874603271484,0.9533668160438538,1.761991024017334,0.6271538138389587,0.8258079290390015,0.02288692817091942,0.016355622559785843,0.5867195129394531,0.27941423654556274,318.51617431640625,248.00823974609375,33.396873474121094,63.14063262939453,400.74334716796875,0.08948886394500732,0.14016668498516083,0.5544106960296631,1.6595444679260254,0.9590000510215759,0.022930383682250977,0.04000015929341316,2.6131649017333984,0.5,0.050987862050533295,0.33000147342681885,0.0,0.35555681586265564,0.3549232482910156,0.6941512227058411,0.31973376870155334,0.32606494426727295,0.49382221698760986,0.27775833010673523,0.5711709260940552,0.5898603200912476,0.367773175239563,0.13734862208366394,1.0,0.9807740449905396,0.23022404313087463,0.2952151298522949,0.9998000264167786,0.02200000174343586,0.003000000026077032,0.01900000125169754,0.959,0.578113353041091,1.3154826935350972,0.244892564568122,0.3354961134824756,1.5415211514368359,1.3274000994490447,0.9087397476940257,0.19809732640978592,0.11465191841125488,0.08534887805581093,277.8114073403397,0.05414385721087456,0.0195805411785841,0.4561876654624939,0.056286610662937164,0.0037414408288896084,0.3093014061450958,0.6488046050071716,0.49617159366607666,0.9807740449905396,0.9809999987483025,0.4888772062565152,"progress_score,survival_score,scuffing_score,impact_score,lateral_score,orientation_score"
trotting,1,action_space,-1.0,2.5999999046325684,0.0,0.5,-1.0,0.04999999701976776,0.0,0.33000001311302185,1.0,0.03999999910593033,stepping_stones_easy_bound_highspeed,stepping_stones_easy,2.0,bounding,1000,0.5702640414237976,0.5702640414237976,1.136118769645691,0.8641496896743774,0.20167139172554016,0.6559475660324097,1.5578300952911377,0.20167139172554016,0.07353344559669495,0.20859797298908234,0.09962920844554901,1.0531556606292725,2.617098569869995,0.9457454681396484,1.7802305221557617,0.6559475660324097,0.919116735458374,0.02040586993098259,0.021050266921520233,0.5826438069343567,0.2960580289363861,308.849365234375,235.65135192871094,34.06086730957031,64.22937774658203,544.3342895507812,0.08740592002868652,0.13175001740455627,0.528008222579956,1.5654525756835938,0.9520000219345093,0.02272237092256546,0.04000015929341316,2.612478494644165,0.5,0.05093640834093094,0.33000147342681885,0.03875138610601425,0.34190303087234497,0.338259756565094,0.6896911859512329,0.32887354493141174,0.31508922576904297,0.47473379969596863,0.26247039437294006,0.5815540552139282,0.576877772808075,0.3693978190422058,0.13670624792575836,1.0,0.9752910137176514,0.11527400463819504,0.1847480982542038,0.9995999932289124,0.021000001579523087,0.004000000189989805,0.017000000923871994,0.952,0.5546304398224133,1.2823348881291332,0.2711705101899817,0.31564094861970776,1.6177449025943476,1.334252795446111,0.9587057606264677,0.2036078015511754,0.1136118546128273,0.08638894185423851,271.84601952372685,0.050437577068805695,0.013532353565096855,0.43643200397491455,0.04838820919394493,0.002682085381820798,0.3118329644203186,0.6629235148429871,0.5174977779388428,0.9752910137176514,0.982999999076128,0.49094632954189654,"progress_score,survival_score,scuffing_score,impact_score,lateral_score,orientation_score"
trotting,1,action_space,-1.0,2.5999999046325684,0.0,0.5,-1.0,0.04999999701976776,1.0,0.3700000047683716,1.0,0.03999999910593033,stepping_stones_easy_bound_highspeed,stepping_stones_easy,2.0,bounding,1000,0.5569847822189331,0.5569847822189331,1.1577038764953613,0.8424036502838135,0.19908630847930908,0.6715270280838013,1.6832010746002197,0.19908630847930908,0.0663357675075531,0.19927291572093964,0.094480961561203,1.0126458406448364,2.2293102741241455,0.9650986194610596,1.7778186798095703,0.6715270280838013,0.9484331011772156,0.020989615470170975,0.011434094049036503,0.5465835928916931,0.2254573106765747,290.5675964355469,218.97039794921875,35.04049301147461,65.71833801269531,342.8627624511719,0.08540575951337814,0.1443333476781845,0.6319779753684998,1.8177523612976074,0.9670000076293945,0.02315407246351242,0.04000015929341316,2.6119937896728516,0.5,0.05089999735355377,0.3687995672225952,0.0387999564409256,0.32034966349601746,0.3377993404865265,0.7012502551078796,0.3247966766357422,0.3163391053676605,0.47125130891799927,0.248426616191864,0.5983011722564697,0.5890593528747559,0.38615933060646057,0.13625063002109528,1.0,0.9714190363883972,0.06060771644115448,0.1319892704486847,0.9998000264167786,0.020000001415610313,0.004000000189989805,0.01600000075995922,0.967,0.6535449496469429,1.3710526000090815,0.2575573091712854,0.30737755539597067,1.4930874971427983,1.3333486715070333,0.9738753006300219,0.18006584773134376,0.1157703623175621,0.08423043414950371,250.98611340506392,0.05850894749164581,0.011004118248820305,0.5228428840637207,0.049295805394649506,0.011007854714989662,0.3351533114910126,0.62503582239151,0.48594164848327637,0.9714190363883972,0.9839999992400408,0.4936347447923924,"progress_score,survival_score,scuffing_score,impact_score,lateral_score,orientation_score"
trotting,1,action_space,-1.0,2.5999999046325684,0.0,0.5,0.0,0.07999999821186066,0.0,0.33000001311302185,0.0,0.0,stepping_stones_easy_bound_highspeed,stepping_stones_easy,2.0,bounding,1000,0.6811319589614868,0.6811319589614868,1.2835911512374878,0.7171805500984192,0.18800757825374603,0.5909539461135864,1.4220325946807861,0.18800757825374603,0.06198760122060776,0.2158980816602707,0.11550851166248322,0.9545993804931641,2.1397206783294678,0.889104425907135,1.5894250869750977,0.5909539461135864,0.7543616890907288,0.01708275079727173,0.011890888214111328,0.535102367401123,0.24123495817184448,300.799560546875,231.1534423828125,33.36712646484375,65.09187316894531,460.3016052246094,0.09128217399120331,0.13300001621246338,0.5661600828170776,1.7882965803146362,0.9740000367164612,0.0256718210875988,0.04000015929341316,2.6152331829071045,0.5,0.08000031858682632,0.33000147342681885,0.0,0.4199245274066925,0.3733022212982178,0.7432925701141357,0.34429898858070374,0.33137238025665283,0.5193536281585693,0.2935827374458313,0.5850756168365479,0.6033895611763,0.3892180919647217,0.5,1.0,0.9874475002288818,0.4773038923740387,0.5285956859588623,0.9998000264167786,0.026000000536441803,0.005000000353902578,0.021000001579523087,0.974,0.581273135708098,1.3550030909854582,0.2489730933667487,0.3398654316968456,1.4627784105357406,1.2607240328379157,0.8685399755283166,0.17021644753484622,0.128359105437994,0.07164169102907181,234.34218929982447,0.1277868151664734,0.030431844294071198,0.560193657875061,0.0698235034942627,0.008028967306017876,0.34293830394744873,0.631909966468811,0.514273464679718,0.9874475002288818,0.9789999984204769,0.5188733682428537,"progress_score,survival_score,scuffing_score,impact_score,lateral_score,orientation_score"
trotting,1,action_space,-1.0,2.5999999046325684,0.0,0.5,0.0,0.07999999821186066,1.0,0.3700000047683716,0.0,0.0,stepping_stones_easy_bound_highspeed,stepping_stones_easy,2.0,bounding,1000,0.6369894742965698,0.6369894742965698,1.2451982498168945,0.7549439668655396,0.16885870695114136,0.5870667695999146,1.520286202430725,0.16885870695114136,0.05361033231019974,0.21978546679019928,0.1118898093700409,0.9328395128250122,1.886747121810913,0.8842568397521973,1.517085313796997,0.5870667695999146,0.7415155172348022,0.019555319100618362,0.012434860691428185,0.5539430379867554,0.24829044938087463,313.43902587890625,238.09178161621094,34.92472839355469,65.65536499023438,437.2735595703125,0.0918555036187172,0.13716664910316467,0.6987522840499878,2.276623249053955,0.9600000381469727,0.024903960525989532,0.04000015929341316,2.6143746376037598,0.5,0.08000031858682632,0.36856168508529663,0.0,0.4067402482032776,0.3583570122718811,0.73197340965271,0.3431409001350403,0.33168482780456543,0.50346839427948,0.3092929720878601,0.5778660774230957,0.5965148210525513,0.38198333978652954,0.5,1.0,0.9790278673171997,0.2328178733587265,0.30380362272262573,0.9998000264167786,0.024000000208616257,0.006000000052154064,0.018000001087784767,0.96,0.7278668721516927,1.5399617983881262,0.23153905137190084,0.33449934135965187,1.3735891386476937,1.2317001720374148,0.8611129526576652,0.17885798777814355,0.12451980262994766,0.07548099383711815,251.7181709217767,0.10230860114097595,0.031857773661613464,0.527396023273468,0.07483325898647308,0.006972308736294508,0.3302563726902008,0.5527383089065552,0.5036703944206238,0.9790278673171997,0.9819999989122152,0.5007258233075079,"progress_score,survival_score,scuffing_score,impact_score,lateral_score,orientation_score"
trotting,1,action_space,-1.0,2.5999999046325684,0.0,0.5,1.0,0.10999999940395355,-1.0,0.2900000214576721,-1.0,-0.03999999910593033,stepping_stones_easy_bound_highspeed,stepping_stones_easy,2.0,bounding,1000,0.6122905015945435,0.6122905015945435,1.120100498199463,0.8802323937416077,0.20711243152618408,0.6733217835426331,1.4777121543884277,0.20711243152618408,0.07953248918056488,0.23326358199119568,0.11149751394987106,1.246060848236084,3.6430914402008057,0.986295759677887,1.8823391199111938,0.6733217835426331,0.9801273345947266,0.026815487071871758,0.03196188062429428,0.6301314234733582,0.24298657476902008,382.6953125,300.5530090332031,32.94609069824219,65.14706420898438,455.4498596191406,0.1056075245141983,0.12266667187213898,0.5952081084251404,1.9996541738510132,0.9550000429153442,0.022402016445994377,0.04000015929341316,2.611992120742798,0.5,0.10910031199455261,0.29119986295700073,-0.038800034672021866,0.3379390835762024,0.34324806928634644,0.6303431987762451,0.31441372632980347,0.2900819182395935,0.4764043092727661,0.27168479561805725,0.526242733001709,0.6007863283157349,0.35345184803009033,0.8637502193450928,1.0,0.971419095993042,0.0606071911752224,0.1319858729839325,0.9995999932289124,0.020000001415610313,0.005000000353902578,0.015000000596046448,0.955,0.6232545862647252,1.447024045843971,0.2820150513369187,0.3339124345541374,1.90868840835816,1.371983644185015,0.9900138052546169,0.24244044154423997,0.11201008222997189,0.08799071423709393,341.6615858266061,0.04508362337946892,0.010741696693003178,0.3086499869823456,0.04649725556373596,0.007752563804388046,0.2835794687271118,0.592461347579956,0.5415427088737488,0.971419095993042,0.9849999994039536,0.4722763197986704,"progress_score,survival_score,scuffing_score,impact_score,lateral_score,orientation_score"
trotting,1,action_space,-1.0,2.5999999046325684,0.0,0.5,1.0,0.10999999940395355,-1.0,0.2900000214576721,1.0,0.03999999910593033,stepping_stones_easy_bound_highspeed,stepping_stones_easy,2.0,bounding,1000,0.6325851082801819,0.6325851082801819,1.2210290431976318,0.7798841595649719,0.17830517888069153,0.5804049968719482,1.4388694763183594,0.17830517888069153,0.059830356389284134,0.22426822781562805,0.11579099297523499,1.216711401939392,3.8869194984436035,0.9192756414413452,1.6037254333496094,0.5804049968719482,0.721777617931366,0.02545906975865364,0.03041844069957733,0.5924510955810547,0.2449377477169037,347.91400146484375,268.818359375,33.01933288574219,64.55557250976562,995.4713745117188,0.10578253120183945,0.12658333778381348,0.6878304481506348,2.228565216064453,0.9500000476837158,0.024420592933893204,0.04000015929341316,2.6143927574157715,0.5,0.10892028361558914,0.29143962264060974,0.03856007754802704,0.39907318353652954,0.372549831867218,0.6976689100265503,0.3303961753845215,0.30455926060676575,0.5148519277572632,0.3176298439502716,0.5633829236030579,0.6179918050765991,0.36942026019096375,0.8615001440048218,1.0,0.9657028913497925,0.06457622349262238,0.15023058652877808,0.9994000196456909,0.02500000037252903,0.00800000037997961,0.017000000923871994,0.95,0.724031982421875,1.531619433818121,0.24460244559138025,0.3402807561047715,1.9715271995190946,1.2663828146929386,0.8495749631029424,0.2363842432528678,0.12210296466946602,0.07789783179759979,284.9350745611474,0.08778388798236847,0.03443438932299614,0.3270800709724426,0.07168480008840561,0.007455859333276749,0.30577608942985535,0.5562905669212341,0.5310406684875488,0.9657028913497925,0.982999999076128,0.4806031927858529,"progress_score,survival_score,scuffing_score,impact_score,lateral_score,orientation_score"
trotting,1,action_space,-1.0,2.5999999046325684,0.0,0.5,1.0,0.10999999940395355,0.0,0.33000001311302185,-1.0,-0.03999999910593033,stepping_stones_easy_bound_highspeed,stepping_stones_easy,2.0,bounding,1000,0.6448186635971069,0.6448186635971069,1.2825748920440674,0.7176622152328491,0.1766670048236847,0.5683562159538269,1.5607452392578125,0.1766670048236847,0.05597102642059326,0.24201694130897522,0.12869153916835785,1.0008456707000732,2.125598192214966,0.8595489263534546,1.494155764579773,0.5683562159538269,0.6457852125167847,0.017733171582221985,0.015255739912390709,0.5557319521903992,0.1934129297733307,319.1485900878906,242.88134765625,34.1295166015625,65.49451446533203,421.2460632324219,0.1000121682882309,0.11824999749660492,0.6082000732421875,1.9183967113494873,0.9720000624656677,0.025651514530181885,0.04000015929341316,2.6160173416137695,0.5,0.10879847407341003,0.33000147342681885,-0.03839763253927231,0.4180656373500824,0.36950117349624634,0.7280188798904419,0.3571581244468689,0.32324185967445374,0.5174826979637146,0.2849716544151306,0.5315583944320679,0.6213322877883911,0.38265156745910645,0.8599777221679688,1.0,0.9682211875915527,0.122260183095932,0.21148055791854858,0.9998000264167786,0.027000000700354576,0.00800000037997961,0.01900000125169754,0.972,0.6257201771677277,1.4048697215550563,0.23658196554385388,0.3587360299277978,1.4579431375108447,1.2223566437745463,0.8036076234810025,0.1816284985750108,0.12825757265090942,0.07174322381615639,248.83427242151654,0.12743407487869263,0.039546117186546326,0.5169659852981567,0.06855178624391556,0.020894726738333702,0.329076886177063,0.6105380058288574,0.5536348223686218,0.9682211875915527,0.9809999987483025,0.5185772992278401,"progress_score,survival_score,scuffing_score,impact_score,lateral_score,orientation_score"
trotting,1,action_space,-1.0,2.5999999046325684,0.0,0.5,1.0,0.10999999940395355,0.0,0.33000001311302185,1.0,0.03999999910593033,stepping_stones_easy_bound_highspeed,stepping_stones_easy,2.0,bounding,1000,0.6622322201728821,0.6622322201728821,1.3382432460784912,0.6620084643363953,0.16957667469978333,0.5160828828811646,1.351212978363037,0.16957667469978333,0.05265277996659279,0.21979939937591553,0.12338121980428696,0.8963171243667603,1.6551556587219238,0.8192152976989746,1.3489857912063599,0.5160828828811646,0.5831691026687622,0.01564241573214531,0.008695689961314201,0.5455412864685059,0.23712170124053955,313.7264709472656,237.55609130859375,34.63644027709961,67.07283020019531,482.12744140625,0.09492817521095276,0.13216666877269745,0.6936657428741455,2.3386659622192383,0.9910000562667847,0.02676486037671566,0.04000015929341316,2.6173455715179443,0.5,0.10869884490966797,0.33000147342681885,0.03826484829187393,0.47147172689437866,0.40306657552719116,0.7593797445297241,0.35514605045318604,0.32639962434768677,0.5512629151344299,0.34325700998306274,0.5842477679252625,0.6019655466079712,0.38431328535079956,0.8587328791618347,1.0,0.9657934904098511,0.12477269768714905,0.22228550910949707,0.9994000196456909,0.029000001028180122,0.0060000005178153515,0.023000001907348633,0.991,0.699965399040584,1.536198282151023,0.22946193576842497,0.3512566295520797,1.2865285300847098,1.1614584758855393,0.7636550940501623,0.1560067488715136,0.1338243018835783,0.06617649458348751,234.43157427963197,0.17324978113174438,0.06970972567796707,0.6146132349967957,0.0903315469622612,0.008717401884496212,0.335852712392807,0.5543404221534729,0.5164207816123962,0.9657934904098511,0.9769999980926514,0.5277277156710625,"progress_score,survival_score,scuffing_score,impact_score,lateral_score,orientation_score"
trotting,1,action_space,-1.0,2.5999999046325684,0.0,0.5,1.0,0.10999999940395355,1.0,0.3700000047683716,0.0,0.0,stepping_stones_easy_bound_highspeed,stepping_stones_easy,2.0,bounding,1000,0.6415764093399048,0.6415764093399048,1.2594189643859863,0.7412234544754028,0.17353945970535278,0.571418285369873,1.6167082786560059,0.17353945970535278,0.055776193737983704,0.22427166998386383,0.11212779581546783,1.0141345262527466,2.695168972015381,0.902301549911499,1.6386902332305908,0.571418285369873,0.7558673620223999,0.017674926668405533,0.014896076172590256,0.5584136247634888,0.24040654301643372,311.7778625488281,235.84323120117188,34.57621765136719,66.8588638305664,408.0187683105469,0.0970429927110672,0.11824999749660492,0.6254193782806396,2.055690288543701,0.9760000705718994,0.025188375264406204,0.04000015929341316,2.6143927574157715,0.5,0.10892025381326675,0.36855965852737427,0.0,0.40828007459640503,0.37430423498153687,0.719832181930542,0.34421825408935547,0.3221155107021332,0.5186673402786255,0.2791109085083008,0.5543311834335327,0.6055197715759277,0.3771037459373474,0.8614999055862427,1.0,0.9716753959655762,0.11894950270652771,0.20011955499649048,1.0,0.023000001907348633,0.0020000000949949026,0.021000001579523087,0.976,0.6407984749215548,1.4512890629395179,0.23616984087301177,0.33485488769833993,1.6416969793525786,1.2801133673353273,0.8694063273420547,0.18047438278325206,0.12594187632203102,0.07405892014503479,247.5569062919673,0.11106398701667786,0.03818973898887634,0.5213049650192261,0.0650738775730133,0.008163104765117168,0.32731664180755615,0.5906332731246948,0.5536348223686218,0.9716753959655762,0.9789999984204769,0.5125305697714028,"progress_score,survival_score,scuffing_score,impact_score,lateral_score,orientation_score"
trotting,1,action_space,-1.0,2.5999999046325684,0.0,0.5,1.0,0.10999999940395355,1.0,0.3700000047683716,1.0,0.03999999910593033,stepping_stones_easy_bound_highspeed,stepping_stones_easy,2.0,bounding,1000,0.6342473030090332,0.6342473030090332,1.2742416858673096,0.7262364625930786,0.16389375925064087,0.5923861861228943,1.5836968421936035,0.16389375925064087,0.053975388407707214,0.2218981236219406,0.1151648610830307,1.0196549892425537,2.1685783863067627,0.8841288089752197,1.4779605865478516,0.5923861861228943,0.737489640712738,0.017229508608579636,0.015458625741302967,0.5617049336433411,0.23160026967525482,322.29364013671875,247.09909057617188,34.06650924682617,65.49298858642578,365.021240234375,0.09697683900594711,0.11866666376590729,0.6538919806480408,2.1883087158203125,0.9750000238418579,0.025484835729002953,0.04000015929341316,2.61452054977417,0.5,0.10891065001487732,0.36854684352874756,0.03854719549417496,0.4138037860393524,0.36445942521095276,0.7295420169830322,0.33800530433654785,0.3147123456001282,0.5094298720359802,0.2914721369743347,0.5711898803710938,0.6029919981956482,0.3777218759059906,0.861379861831665,1.0,0.9656017422676086,0.06468109786510468,0.15190820395946503,1.0,0.024000000208616257,0.003000000026077032,0.021000001579523087,0.975,0.6706584284855769,1.4981385351538157,0.23232603902211912,0.3393594865080844,1.4726093800824314,1.2157140233409547,0.8587721704344744,0.18079860162590475,0.12742417864501476,0.07257661782205105,252.92975713422086,0.12127706408500671,0.02992042526602745,0.5200851559638977,0.0697244182229042,0.00973521824926138,0.3251691162586212,0.5705783367156982,0.5524826049804688,0.9656017422676086,0.9789999984204769,0.5126489144014684,"progress_score,survival_score,scuffing_score,impact_score,lateral_score,orientation_score"
trotting,1,action_space,0.0,3.0,0.0,0.5,-1.0,0.04999999701976776,1.0,0.3700000047683716,0.0,0.0,stepping_stones_easy_bound_highspeed,stepping_stones_easy,2.0,bounding,1000,0.5924347639083862,0.5924347639083862,1.1433402299880981,0.8580204844474792,0.19537237286567688,0.6898496150970459,1.4040234088897705,0.19537237286567688,0.06527630239725113,0.22459211945533752,0.10731515288352966,0.9989137649536133,2.2234296798706055,0.9700669050216675,1.9846848249435425,0.6898496150970459,0.9984279274940491,0.027453672140836716,0.01512911356985569,0.5864867568016052,0.2505866587162018,311.031982421875,238.50115966796875,34.38756561279297,65.08741760253906,411.50274658203125,0.08764757215976715,0.14858335256576538,0.7187891006469727,2.321166515350342,1.0390000343322754,0.022866804152727127,0.04000015929341316,3.000000238418579,0.5,0.050853438675403595,0.3688615560531616,0.0,0.3482513129711151,0.3327035903930664,0.6724651455879211,0.34069913625717163,0.34322941303253174,0.46663638949394226,0.29725685715675354,0.5436941981315613,0.5655876398086548,0.3615441918373108,0.13566866517066956,1.0,0.9833942651748657,0.22636857628822327,0.28255847096443176,1.0,0.01900000125169754,0.003000000026077032,0.01600000075995922,1.039,0.6918085298363811,1.4946701922323475,0.25549227463320906,0.32758991572319446,1.4911169236081405,1.4087884244781197,0.9992136545774628,0.2063559684397144,0.11433402076363564,0.08566677570343018,272.0379938219376,0.05261276289820671,0.008574822917580605,0.42670783400535583,0.06656679511070251,0.006659352220594883,0.30944544076919556,0.5720609426498413,0.47572430968284607,0.9833942651748657,0.9839999992400408,0.4757531725458409,"progress_score,survival_score,scuffing_score,impact_score,lateral_score,orientation_score"
trotting,1,action_space,0.0,3.0,0.0,0.5,-1.0,0.04999999701976776,1.0,0.3700000047683716,1.0,0.03999999910593033,stepping_stones_easy_bound_highspeed,stepping_stones_easy,2.0,bounding,1000,0.5947574377059937,0.5947574377059937,1.2681005001068115,0.7352402806282043,0.17198774218559265,0.6107426285743713,1.335310697555542,0.17198774218559265,0.05252186208963394,0.21119961142539978,0.1062835156917572,0.8721833825111389,1.5986305475234985,0.9222486019134521,1.7946243286132812,0.6107426285743713,0.825194239616394,0.020399367436766624,0.0066619692370295525,0.5791807174682617,0.26551684737205505,299.02545166015625,226.77902221679688,34.54206848144531,64.84799194335938,433.7158203125,0.08312119543552399,0.14158332347869873,0.6663872003555298,2.00148868560791,1.0800001621246338,0.025362003594636917,0.04000015929341316,3.000000238418579,0.5,0.05107985809445381,0.3685597777366638,0.03856015205383301,0.424671471118927,0.3581286370754242,0.7411659359931946,0.3566528558731079,0.3722185492515564,0.5010762810707092,0.3354661464691162,0.5772711038589478,0.5729621052742004,0.3680422306060791,0.13849866390228271,1.0,0.9716753959655762,0.11894778907299042,0.2001078724861145,0.9996000528335571,0.024000000208616257,0.004999999888241291,0.01900000125169754,1.08,0.6170250786675348,1.3613339473113975,0.22917648677304123,0.32601152693080837,1.26436962456534,1.3396358940448263,0.9084020253260084,0.16450330292670776,0.12681001797318459,0.07319077849388123,235.80579901590565,0.11505868285894394,0.023991262540221214,0.5820338129997253,0.09202013164758682,0.004940261133015156,0.31400027871131897,0.6291990876197815,0.49266955256462097,0.9716753959655762,0.9809999987483025,0.5162324760305254,"progress_score,survival_score,scuffing_score,impact_score,lateral_score,orientation_score"
trotting,1,action_space,0.0,3.0,0.0,0.5,0.0,0.07999999821186066,-1.0,0.2900000214576721,-1.0,-0.03999999910593033,stepping_stones_easy_bound_highspeed,stepping_stones_easy,2.0,bounding,1000,0.6188565492630005,0.6188565492630005,1.116902470588684,0.8856772184371948,0.19105714559555054,0.646466851234436,1.6242884397506714,0.19105714559555054,0.06341687589883804,0.2532629370689392,0.1401234269142151,1.0676054954528809,2.9128470420837402,1.0263373851776123,2.1353635787963867,0.646466851234436,0.8938384056091309,0.034005776047706604,0.024607086554169655,0.6401927471160889,0.2741488218307495,380.37744140625,297.3343505859375,33.26373291015625,64.5969467163086,514.497802734375,0.10000675916671753,0.12291663885116577,0.7043161392211914,2.2082231044769287,1.0250000953674316,0.022338053211569786,0.04000015929341316,3.000000238418579,0.5,0.08000031858682632,0.2914236783981323,-0.03857622295618057,0.3767416775226593,0.35281485319137573,0.6407891511917114,0.3248712420463562,0.3434474468231201,0.48760515451431274,0.24360206723213196,0.5153893232345581,0.5974913239479065,0.35242125391960144,0.5,1.0,0.9790608286857605,0.2325751781463623,0.30181482434272766,0.9994000196456909,0.024000000208616257,0.007000000216066837,0.017000000923871994,1.025,0.6871377191310976,1.467775120806708,0.2518270753887239,0.3743306384925165,1.706706489729192,1.4612883284267983,0.9454302753821303,0.24210093473978217,0.11169026605784893,0.08831053040921688,340.56459845215045,0.043382614850997925,0.015310843475162983,0.3096671402454376,0.05543045699596405,0.004156938288360834,0.2779301404953003,0.5835699439048767,0.5408662557601929,0.9790608286857605,0.982999999076128,0.4711646565089101,"progress_score,survival_score,scuffing_score,impact_score,lateral_score,orientation_score"
trotting,1,action_space,0.0,3.0,0.0,0.5,0.0,0.07999999821186066,-1.0,0.2900000214576721,0.0,0.0,stepping_stones_easy_bound_highspeed,stepping_stones_easy,2.0,bounding,1000,0.6738429069519043,0.6738429069519043,1.1965408325195312,0.8075051307678223,0.18007692694664001,0.6317392587661743,1.2824217081069946,0.18007692694664001,0.053567562252283096,0.2297212779521942,0.11345256865024567,0.9489076137542725,2.147519588470459,0.9985612630844116,2.0721664428710938,0.6317392587661743,0.876168966293335,0.028312452137470245,0.012997033074498177,0.600070059299469,0.27208805084228516,332.115966796875,255.44911193847656,34.20990753173828,65.57894897460938,519.6513671875,0.09248585999011993,0.13324998319149017,0.7553026676177979,2.4253110885620117,1.0670000314712524,0.02393081784248352,0.04000015929341316,3.000000238418579,0.5,0.08000031858682632,0.29126131534576416,0.0,0.3901398777961731,0.36838239431381226,0.6831121444702148,0.3388456702232361,0.3480844497680664,0.5019228458404541,0.3208020329475403,0.5330039858818054,0.5756767988204956,0.35887283086776733,0.5,1.0,0.9897069931030273,0.4724949598312378,0.5156452655792236,1.0,0.021000001579523087,0.004000000189989805,0.017000000923871994,1.067,0.7078749881018627,1.5076534008488633,0.23144667258848872,0.3368272088924018,1.4654417724599156,1.4395021510477481,0.9360389769092604,0.203247349827663,0.1196540892124176,0.08034670725464821,277.56342096370025,0.07366273552179337,0.01848224364221096,0.43771395087242126,0.09501002728939056,0.004331848118454218,0.3011520206928253,0.5665132999420166,0.5136311054229736,0.9897069931030273,0.982999999076128,0.48964687377998706,"progress_score,survival_score,scuffing_score,impact_score,lateral_score,orientation_score"
trotting,1,action_space,0.0,3.0,0.0,0.5,0.0,0.07999999821186066,0.0,0.33000001311302185,1.0,0.03999999910593033,stepping_stones_easy_bound_highspeed,stepping_stones_easy,2.0,bounding,1000,0.6766371726989746,0.6766371726989746,1.193992257118225,0.8069980144500732,0.1777990460395813,0.5885634422302246,1.3701543807983398,0.1777990460395813,0.05868309736251831,0.21520379185676575,0.10850401222705841,0.9806251525878906,2.1137943267822266,0.9789612293243408,1.9386000633239746,0.5885634422302246,0.6920811533927917,0.02439872920513153,0.014144462533295155,0.5892747044563293,0.23013275861740112,328.22100830078125,254.5604248046875,33.49531555175781,64.70149230957031,505.5639343261719,0.09009604901075363,0.14091666042804718,0.6934364438056946,2.1338229179382324,1.0730000734329224,0.023879850283265114,0.04000015929341316,3.000000238418579,0.5,0.08000031858682632,0.33000147342681885,0.03855597972869873,0.3831774890422821,0.3630051016807556,0.7042069435119629,0.33172792196273804,0.3424682021141052,0.5035831928253174,0.33246350288391113,0.5713022351264954,0.5871402025222778,0.3652574121952057,0.5,1.0,0.9882335662841797,0.4758453369140625,0.5254037380218506,0.9998000264167786,0.024000000208616257,0.007000000216066837,0.017000000923871994,1.073,0.6462594607336324,1.4101954528351301,0.24224594395473026,0.32939947211108034,1.4538893791421088,1.3923361890448638,0.8319141502539741,0.19632420059286293,0.11939925141632557,0.08060154505074024,274.89374938909833,0.07390438765287399,0.03130212426185608,0.4626132845878601,0.07856599241495132,0.010025179013609886,0.30772480368614197,0.6082539558410645,0.4943145215511322,0.9882335662841797,0.982999999076128,0.49193683207819333,"progress_score,survival_score,scuffing_score,impact_score,lateral_score,orientation_score"
trotting,1,action_space,0.0,3.0,0.0,0.5,0.0,0.07999999821186066,1.0,0.3700000047683716,1.0,0.03999999910593033,stepping_stones_easy_bound_highspeed,stepping_stones_easy,2.0,bounding,1000,0.6372814178466797,0.6372814178466797,1.28737211227417,0.7141668200492859,0.1728021502494812,0.5707225203514099,1.7710355520248413,0.1728021502494812,0.050853535532951355,0.22580444812774658,0.12011323124170303,0.834408700466156,1.5793731212615967,0.8212667107582092,1.4398133754730225,0.5707225203514099,0.6757913827896118,0.01854039542376995,0.007164990529417992,0.5568369030952454,0.24626681208610535,306.1715393066406,232.46246337890625,34.9675407409668,65.59326171875,532.8298950195312,0.08740334212779999,0.13700000941753387,0.747590184211731,2.397078514099121,1.090000033378601,0.025747444480657578,0.04000015929341316,3.000000238418579,0.5,0.08000031858682632,0.36844128370285034,0.038441695272922516,0.43206489086151123,0.3784770965576172,0.7485005855560303,0.36970120668411255,0.37344759702682495,0.5222112536430359,0.2515529692173004,0.5652389526367188,0.5973920226097107,0.38163188099861145,0.5,1.0,0.9772763848304749,0.23540157079696655,0.31238946318626404,0.9998000264167786,0.026000000536441803,0.00800000037997961,0.018000001087784767,1.09,0.6858624659547018,1.4829546409453969,0.22550728487778693,0.3465735581975391,1.2567311252855946,1.1999222372608245,0.8220653154035948,0.16032899286525798,0.1287372224032879,0.07126357406377792,237.82676072249396,0.13001088798046112,0.03849441930651665,0.5980339646339417,0.061537642031908035,0.007260283920913935,0.3283504545688629,0.5770717859268188,0.5040901899337769,0.9772763848304749,0.9819999989122152,0.5151519099936674,"progress_score,survival_score,scuffing_score,impact_score,lateral_score,orientation_score"
trotting,1,action_space,0.0,3.0,0.0,0.5,1.0,0.10999999940395355,-1.0,0.2900000214576721,0.0,0.0,stepping_stones_easy_bound_highspeed,stepping_stones_easy,2.0,bounding,1000,0.6484538316726685,0.6484538316726685,1.148134708404541,0.8547908663749695,0.17506396770477295,0.6308255791664124,1.7862776517868042,0.17506396770477295,0.052351027727127075,0.23356454074382782,0.12631356716156006,1.1812652349472046,3.657013177871704,1.0644264221191406,2.329847574234009,0.6308255791664124,0.8356709480285645,0.032310936599969864,0.023485325276851654,0.6323819160461426,0.2574015259742737,360.4153747558594,279.39544677734375,32.87615966796875,63.52737045288086,393.30023193359375,0.10262657701969147,0.10499998927116394,0.7125598788261414,2.4708781242370605,1.0480000972747803,0.02296270616352558,0.04000015929341316,3.000000238418579,0.5,0.10889486968517303,0.2914738655090332,0.0,0.3727937936782837,0.35746416449546814,0.6585459113121033,0.3107606768608093,0.3391138017177582,0.496379554271698,0.24927803874015808,0.5487788915634155,0.5842423439025879,0.3441174328327179,0.861182689666748,1.0,0.9782520532608032,0.23367980122566223,0.3045772910118103,0.999000072479248,0.02500000037252903,0.007000000216066837,0.018000001087784767,1.048,0.6799234870735925,1.5354830448864316,0.2288034696570991,0.355406200229484,1.912331869177446,1.5263838227110536,0.9141503968322523,0.23621232371919446,0.1148135308176279,0.0851872656494379,313.9138396544914,0.0537898950278759,0.018696682527661324,0.327612042427063,0.05881853774189949,0.005810839124023914,0.2823059558868408,0.5546450018882751,0.5915553569793701,0.9782520532608032,0.9819999989122152,0.48113658504658624,"progress_score,survival_score,scuffing_score,impact_score,lateral_score,orientation_score"
trotting,1,action_space,0.0,3.0,0.0,0.5,1.0,0.10999999940395355,1.0,0.3700000047683716,0.0,0.0,stepping_stones_easy_bound_highspeed,stepping_stones_easy,2.0,bounding,1000,0.6707555055618286,0.6707555055618286,1.2482507228851318,0.7544716596603394,0.16578936576843262,0.6099691987037659,1.2337639331817627,0.16578936576843262,0.04921756684780121,0.23670755326747894,0.12840750813484192,0.9125181436538696,1.7764042615890503,0.9028600454330444,1.7857091426849365,0.6099691987037659,0.8430123329162598,0.02252473495900631,0.007992193102836609,0.589897871017456,0.2458907961845398,336.90924072265625,262.16473388671875,33.822208404541016,64.97575378417969,521.1224365234375,0.09382082521915436,0.12041667103767395,0.722164511680603,2.389960289001465,1.0889999866485596,0.02496500127017498,0.04000015929341316,3.000000238418579,0.5,0.1088438481092453,0.3684576749801636,0.0,0.4211326539516449,0.3681870400905609,0.726975679397583,0.35132357478141785,0.3543738126754761,0.5115483403205872,0.3436737060546875,0.5474578142166138,0.6005828380584717,0.3707963228225708,0.8605448603630066,1.0,0.9773335456848145,0.23511555790901184,0.3100626766681671,0.9998000264167786,0.026000000536441803,0.007000000216066837,0.01900000125169754,1.089,0.6631446186832817,1.4814309617446735,0.2218503253272377,0.3583399337707729,1.3328181652382483,1.3363042852153608,0.9181570306414147,0.17469095014293934,0.1248250063508749,0.07517579011619091,269.9051036349047,0.10260076820850372,0.0242188461124897,0.5431669354438782,0.10881399363279343,0.007315088529139757,0.3073415160179138,0.5777237415313721,0.5476694703102112,0.9773335456848145,0.9809999987483025,0.5150128591217494,"progress_score,survival_score,scuffing_score,impact_score,lateral_score,orientation_score"
trotting,1,action_space,0.0,3.0,0.0,0.5,1.0,0.10999999940395355,1.0,0.3700000047683716,1.0,0.03999999910593033,stepping_stones_easy_bound_highspeed,stepping_stones_easy,2.0,bounding,1000,0.6648150682449341,0.6648150682449341,1.3690552711486816,0.6349574327468872,0.151064932346344,0.5229178667068481,1.3191473484039307,0.151064932346344,0.04160260409116745,0.22090905904769897,0.1213553175330162,0.8565797805786133,1.7370445728302002,0.8592919111251831,1.5446581840515137,0.5229178667068481,0.5840669870376587,0.016358602792024612,0.007447631563991308,0.5683317184448242,0.24121329188346863,320.6706237792969,246.7212371826172,34.09989929199219,64.89656066894531,539.1443481445312,0.09320041537284851,0.12708333134651184,0.7990691661834717,2.6352128982543945,1.1000001430511475,0.02738109976053238,0.04000015929341316,3.000000238418579,0.5,0.10878384858369827,0.3683778643608093,0.03837815672159195,0.4851372241973877,0.3913814425468445,0.7636100053787231,0.362840861082077,0.3833787143230438,0.5403764247894287,0.35819318890571594,0.5830431580543518,0.5994226932525635,0.37243831157684326,0.8597952127456665,1.0,0.9681282639503479,0.12250034511089325,0.2140216827392578,1.0,0.027000000700354576,0.00800000037997961,0.01900000125169754,1.1,0.7264264470880681,1.5477881258061013,0.20396716424750197,0.3483609012690951,1.3179698679522989,1.2428427833203657,0.7642427539974839,0.1542926905462988,0.1369054988026619,0.06309529766440392,234.2276681862843,0.19935187697410583,0.06493093818426132,0.6211860179901123,0.11634453386068344,0.008032447658479214,0.32088789343833923,0.5494090914726257,0.5297147631645203,0.9681282639503479,0.9809999987483025,0.5388697730867488,"progress_score,survival_score,scuffing_score,impact_score,lateral_score,orientation_score"
trotting,1,action_space,1.0,3.4000000953674316,0.0,0.5,-1.0,0.04999999701976776,-1.0,0.2900000214576721,1.0,0.03999999910593033,stepping_stones_easy_bound_highspeed,stepping_stones_easy,2.0,bounding,1000,0.5572665929794312,0.5572665929794312,1.0869369506835938,0.9144089221954346,0.2145908772945404,0.6536831855773926,1.2757385969161987,0.2145908772945404,0.07432381808757782,0.22999291121959686,0.1238274946808815,1.1317977905273438,2.8507232666015625,0.9890309572219849,1.906252384185791,0.6536831855773926,0.8201298713684082,0.025175411254167557,0.01971082203090191,0.6252390146255493,0.30569687485694885,348.46307373046875,270.93597412109375,33.351806640625,62.50147247314453,441.6876220703125,0.08978107571601868,0.13108332455158234,0.6813483238220215,2.056974411010742,1.1419999599456787,0.02173873409628868,0.04000015929341316,3.3862102031707764,0.5,0.05103498697280884,0.29138001799583435,0.038620010018348694,0.29411059617996216,0.32045459747314453,0.6790288686752319,0.320006400346756,0.30182981491088867,0.4578179121017456,0.2942191958427429,0.5474193096160889,0.555890679359436,0.34320688247680664,0.13793742656707764,1.0,0.9671319127082825,0.06358401477336884,0.14566943049430847,0.9996000528335571,0.023000001907348633,0.0010000000474974513,0.02199999988079071,1.142,0.5966272571249727,1.3420891395137775,0.27262394995227,0.3518913108914193,1.688408501104387,1.3806709905642949,0.905610220441669,0.21186371394146158,0.1086936704814434,0.0913071259856224,320.5918002063636,0.03527521342039108,0.01393966469913721,0.40749579668045044,0.06315173953771591,0.00221182475797832,0.28636786341667175,0.6374363899230957,0.5192257165908813,0.9671319127082825,0.9780000001192093,0.4815541148970001,"progress_score,survival_score,scuffing_score,impact_score,lateral_score,orientation_score"
trotting,1,action_space,1.0,3.4000000953674316,0.0,0.5,-1.0,0.04999999701976776,0.0,0.33000001311302185,-1.0,-0.03999999910593033,stepping_stones_easy_bound_highspeed,stepping_stones_easy,2.0,bounding,1000,0.570672869682312,0.570672869682312,1.2071077823638916,0.7978768348693848,0.19051852822303772,0.6368780136108398,1.7631924152374268,0.19051852822303772,0.06149644777178764,0.23424939811229706,0.10937313735485077,0.9060624837875366,1.7959787845611572,0.925024151802063,1.7690142393112183,0.6368780136108398,0.863733172416687,0.02845333144068718,0.010605025105178356,0.590313196182251,0.27721890807151794,318.8323974609375,243.8488311767578,34.32259750366211,64.82754516601562,548.6483764648438,0.08518365025520325,0.13516665995121002,0.7069382667541504,2.0841867923736572,1.1970000267028809,0.02414214238524437,0.04000015929341316,3.387411594390869,0.5,0.05094488710165024,0.33000147342681885,-0.0387401282787323,0.37435102462768555,0.3638099431991577,0.675693929195404,0.3510223925113678,0.33810800313949585,0.4986378252506256,0.22450023889541626,0.5090222358703613,0.5746777653694153,0.35693731904029846,0.13681165874004364,1.0,0.9752159118652344,0.11541938036680222,0.18643677234649658,0.9998000264167786,0.021000001579523087,0.004999999888241291,0.01600000075995922,1.197,0.5905916728670635,1.3195359185962874,0.2479847732659964,0.3307160978163155,1.3401413300697644,1.330042946416099,0.9293724616194989,0.19763187128058454,0.12071071192622185,0.07929008454084396,264.12918723509904,0.07836092263460159,0.01731579564511776,0.45787128806114197,0.05013071373105049,0.003909373190253973,0.307086318731308,0.6470745801925659,0.5087323188781738,0.9752159118652344,0.9839999992400408,0.4961732434795091,"progress_score,survival_score,scuffing_score,impact_score,lateral_score,orientation_score"
trotting,1,action_space,1.0,3.4000000953674316,0.0,0.5,-1.0,0.04999999701976776,0.0,0.33000001311302185,0.0,0.0,stepping_stones_easy_bound_highspeed,stepping_stones_easy,2.0,bounding,1000,0.5938273072242737,0.5938273072242737,1.167578935623169,0.8362833261489868,0.1888270378112793,0.6167135834693909,1.6092796325683594,0.1888270378112793,0.06230977922677994,0.24245154857635498,0.13317492604255676,1.0647001266479492,2.507481813430786,0.9617275595664978,1.880462408065796,0.6167135834693909,0.7961551547050476,0.029232654720544815,0.014528556726872921,0.6319988965988159,0.2251708060503006,372.0472717285156,288.1482238769531,32.57991027832031,62.687007904052734,341.76409912109375,0.09188883006572723,0.13850000500679016,0.7136468887329102,2.136434555053711,1.1390000581741333,0.02335159108042717,0.04000015929341316,3.386338710784912,0.5,0.05102522671222687,0.33000147342681885,0.0,0.37052905559539795,0.3537503480911255,0.6825984716415405,0.3434634506702423,0.32299017906188965,0.4954181909561157,0.25128084421157837,0.533348023891449,0.6051181554794312,0.3512681722640991,0.13781613111495972,1.0,0.9799488186836243,0.23133233189582825,0.29795241355895996,0.9994000196456909,0.023000001907348633,0.007000000216066837,0.01600000075995922,1.139,0.6265556194784351,1.369565906731733,0.24961926854067162,0.3649313990910576,1.5835030197100308,1.371299532584255,0.8922752684598221,0.20919180540216611,0.11675795540213585,0.08324284106492996,318.648495940828,0.060963548719882965,0.022295812144875526,0.41676855087280273,0.057528477162122726,0.011071112006902695,0.2825222909450531,0.6256728172302246,0.5003237128257751,0.9799488186836243,0.9839999992400408,0.484301982447505,"progress_score,survival_score,scuffing_score,impact_score,lateral_score,orientation_score"
trotting,1,action_space,1.0,3.4000000953674316,0.0,0.5,-1.0,0.04999999701976776,1.0,0.3700000047683716,-1.0,-0.03999999910593033,stepping_stones_easy_bound_highspeed,stepping_stones_easy,2.0,bounding,1000,0.5494976043701172,0.5494976043701172,1.0461134910583496,0.9583255648612976,0.18043848872184753,0.7237203121185303,1.6818301677703857,0.18043848872184753,0.05867251753807068,0.248843252658844,0.12816359102725983,1.104234218597412,2.868527889251709,1.0671961307525635,2.3177547454833984,0.7237203121185303,1.076392650604248,0.037987638264894485,0.01905548945069313,0.6406440138816833,0.2700788676738739,341.1280517578125,262.6712341308594,33.1669921875,62.12882995605469,380.72601318359375,0.09358127415180206,0.1366666704416275,0.7608572244644165,2.362103223800659,1.128000020980835,0.020922265946865082,0.04000015929341316,3.3880109786987305,0.5,0.05089979246258736,0.3687995672225952,-0.03880017623305321,0.30270394682884216,0.321010023355484,0.6255691051483154,0.31609195470809937,0.3131885826587677,0.4518657326698303,0.26155155897140503,0.4968283772468567,0.5547243356704712,0.3339380621910095,0.13624876737594604,1.0,0.9714190363883972,0.06060641258955002,0.13198056817054749,0.9994000196456909,0.021000001579523087,0.004000000189989805,0.017000000923871994,1.128,0.6745187745872119,1.4470877539055207,0.24222410602182162,0.35799942880856644,1.6936728991312664,1.5224174018590955,1.0374934460536356,0.23883703170904552,0.10461132973432541,0.0953894667327404,326.09086363344227,0.025386149063706398,0.0053124031983315945,0.3195432722568512,0.0575396865606308,0.0045094615779817104,0.2776794135570526,0.5924340486526489,0.5049310922622681,0.9714190363883972,0.982999999076128,0.46341390613662575,"progress_score,survival_score,scuffing_score,impact_score,lateral_score,orientation_score"
trotting,1,action_space,1.0,3.4000000953674316,0.0,0.5,0.0,0.07999999821186066,-1.0,0.2900000214576721,1.0,0.03999999910593033,stepping_stones_easy_bound_highspeed,stepping_stones_easy,2.0,bounding,1000,0.6110820770263672,0.6110820770263672,1.191272497177124,0.8152056932449341,0.17067286372184753,0.6189085245132446,1.523892879486084,0.17067286372184753,0.0494513139128685,0.22232896089553833,0.11747950315475464,1.0722419023513794,2.8077940940856934,0.9550192356109619,1.9220173358917236,0.6189085245132446,0.8214206695556641,0.028256237506866455,0.014958466403186321,0.6242330074310303,0.24628686904907227,343.80328369140625,265.61370849609375,34.20009231567383,64.51528930664062,533.6900024414062,0.09084393084049225,0.12200000882148743,0.7054126858711243,2.2108964920043945,1.1710000038146973,0.02382546104490757,0.04000015929341316,3.3867945671081543,0.5,0.08000031858682632,0.291321337223053,0.0386786013841629,0.39116767048835754,0.36575067043304443,0.6978340148925781,0.3444921672344208,0.3360172510147095,0.502398669719696,0.30520057678222656,0.5597538948059082,0.5628312826156616,0.3417595624923706,0.5,1.0,0.9740344285964966,0.11661238223314285,0.19112040102481842,0.999000072479248,0.02199999988079071,0.003000000026077032,0.01900000125169754,1.171,0.6024019288568798,1.3740601894562354,0.2223765138517746,0.3427528309945151,1.6756473656726505,1.3863683983313106,0.9063226078806951,0.20788146600900423,0.11912730522453785,0.08087349124252796,288.6017132990924,0.07007134705781937,0.021699247881770134,0.42134889960289,0.08103134483098984,0.007257373072206974,0.2869446277618408,0.6237470507621765,0.543350875377655,0.9740344285964966,0.9809999987483025,0.49571783095598226,"progress_score,survival_score,scuffing_score,impact_score,lateral_score,orientation_score"
trotting,1,action_space,1.0,3.4000000953674316,0.0,0.5,0.0,0.07999999821186066,0.0,0.33000001311302185,0.0,0.0,stepping_stones_easy_bound_highspeed,stepping_stones_easy,2.0,bounding,1000,0.6695460081100464,0.6695460081100464,1.120060920715332,0.8838489651679993,0.1758432686328888,0.6507809162139893,1.310760498046875,0.1758432686328888,0.05412108451128006,0.23529604077339172,0.1261836588382721,1.1324372291564941,3.1865997314453125,0.9603458046913147,1.8544342517852783,0.6507809162139893,0.8623669147491455,0.03252659738063812,0.0168453436344862,0.6306785345077515,0.2759128212928772,352.53961181640625,273.73736572265625,33.0172119140625,63.3992919921875,537.18994140625,0.09569330513477325,0.12575002014636993,0.7918184995651245,2.601283550262451,1.1440000534057617,0.022401221096515656,0.04000015929341316,3.3857083320617676,0.5,0.08000031858682632,0.33000147342681885,0.0,0.34362685680389404,0.34826213121414185,0.6593300104141235,0.3332592248916626,0.31983482837677,0.48583894968032837,0.35524100065231323,0.5358887910842896,0.5734403133392334,0.33874136209487915,0.5,1.0,0.988256573677063,0.4755913019180298,0.5237846374511719,0.9991999864578247,0.024000000208616257,0.00800000037997961,0.01600000075995922,1.144,0.692149022242406,1.5079286965173766,0.23263938727412445,0.35522339286464805,1.7851049637053034,1.3617761386458782,0.9286371275956747,0.22219797707252945,0.11200610548257828,0.08799469098448753,314.7503901763265,0.04394766315817833,0.014477523043751717,0.3725295960903168,0.09133855998516083,0.004012839403003454,0.28326934576034546,0.5663957595825195,0.5332579016685486,0.988256573677063,0.9839999992400408,0.4790451931522081,"progress_score,survival_score,scuffing_score,impact_score,lateral_score,orientation_score"
trotting,1,action_space,1.0,3.4000000953674316,0.0,0.5,0.0,0.07999999821186066,0.0,0.33000001311302185,1.0,0.03999999910593033,stepping_stones_easy_bound_highspeed,stepping_stones_easy,2.0,bounding,1000,0.6313132643699646,0.6313132643699646,1.2213661670684814,0.7853575348854065,0.1883315145969391,0.601598858833313,1.4342485666275024,0.1883315145969391,0.05989071726799011,0.22545266151428223,0.11557731032371521,1.0350124835968018,2.922420024871826,0.9559066295623779,1.9598445892333984,0.601598858833313,0.7706283926963806,0.032111622393131256,0.01408332772552967,0.5963295698165894,0.21319906413555145,343.62713623046875,267.13763427734375,34.08715057373047,65.67098999023438,496.2673645019531,0.09188126027584076,0.1252499669790268,0.8040618896484375,2.474154472351074,1.1790000200271606,0.024427322670817375,0.04000015929341316,3.3862085342407227,0.5,0.08000031858682632,0.33000147342681885,0.038619935512542725,0.4056655764579773,0.360382080078125,0.6946061849594116,0.35079917311668396,0.3416200280189514,0.5002623200416565,0.2867213785648346,0.5616371035575867,0.59827721118927,0.3596363067626953,0.5,1.0,0.9798976182937622,0.23156124353408813,0.299821674823761,0.9998000264167786,0.023000001907348633,0.008999999612569809,0.014000000432133675,1.179,0.6819863355796756,1.4486267068405996,0.24472580016824977,0.3399666311915262,1.70950870862708,1.3999444950545,0.8778544256859337,0.21493010519390002,0.12213661335408688,0.07786418311297894,281.3465326743423,0.08482661843299866,0.026803791522979736,0.3969682455062866,0.0719299241900444,0.014066188596189022,0.30341336131095886,0.5917744040489197,0.534592866897583,0.9798976182937622,0.9859999995678663,0.49240202407695755,"progress_score,survival_score,scuffing_score,impact_score,lateral_score,orientation_score"
trotting,1,action_space,1.0,3.4000000953674316,0.0,0.5,0.0,0.07999999821186066,1.0,0.3700000047683716,1.0,0.03999999910593033,stepping_stones_easy_bound_highspeed,stepping_stones_easy,2.0,bounding,1000,0.602652370929718,0.602652370929718,1.0955733060836792,0.9067380428314209,0.17622792720794678,0.6670421361923218,1.457632064819336,0.17622792720794678,0.05525247007608414,0.2324528992176056,0.12190133333206177,1.1488124132156372,3.271681785583496,1.0049670934677124,2.1257548332214355,0.6670421361923218,0.9285776615142822,0.04226994514465332,0.020422883331775665,0.6511861085891724,0.28682249784469604,379.52197265625,300.83953857421875,32.61274337768555,63.460872650146484,598.8575439453125,0.09831160306930542,0.12966664135456085,0.742662787437439,2.3088431358337402,1.121000051498413,0.021911460906267166,0.04000015929341316,3.3863577842712402,0.5,0.08000031858682632,0.36863449215888977,0.03863486647605896,0.35320115089416504,0.33030834794044495,0.6531594395637512,0.3483782112598419,0.3253529667854309,0.4662320613861084,0.31411534547805786,0.5463712215423584,0.5775054693222046,0.33607810735702515,0.5,1.0,0.9729382991790771,0.11758628487586975,0.19349929690361023,0.9994000196456909,0.023000001907348633,0.004999999888241291,0.018000001087784767,1.121,0.6625001960094223,1.4351403445646822,0.2350584397040109,0.3491437144387133,1.8087790870041305,1.457996856382563,0.9636273457692461,0.2503853599482785,0.10955730453133583,0.09044349193572998,346.4140377907878,0.03730247542262077,0.011684969067573547,0.28540199995040894,0.07709772884845734,0.0032262003514915705,0.27188605070114136,0.5975561738014221,0.5229166746139526,0.9729382991790771,0.9819999989122152,0.46751133852491256,"progress_score,survival_score,scuffing_score,impact_score,lateral_score,orientation_score"
trotting,1,action_space,1.0,3.4000000953674316,0.0,0.5,1.0,0.10999999940395355,-1.0,0.2900000214576721,1.0,0.03999999910593033,stepping_stones_easy_bound_highspeed,stepping_stones_easy,2.0,bounding,1000,0.6369421482086182,0.6369421482086182,1.30548095703125,0.7044602632522583,0.17418436706066132,0.5748089551925659,1.6030426025390625,0.17418436706066132,0.05303644388914108,0.22528284788131714,0.11683547496795654,0.9181844592094421,2.042829990386963,0.9055325388908386,1.837285041809082,0.5748089551925659,0.7028480172157288,0.025985077023506165,0.007876792922616005,0.5878114700317383,0.22609536349773407,348.4427490234375,270.923095703125,33.83698272705078,65.41189575195312,455.27490234375,0.09460154175758362,0.12183332443237305,0.8359494209289551,2.799333095550537,1.1970000267028809,0.026109609752893448,0.04000015929341316,3.3850131034851074,0.5,0.10887552797794342,0.29149946570396423,0.038500379770994186,0.44173872470855713,0.37594345211982727,0.7262440919876099,0.3656260371208191,0.374166339635849,0.5191938877105713,0.2799561023712158,0.5613909959793091,0.5910851955413818,0.36193564534187317,0.86094069480896,1.0,0.9642738699913025,0.06556631624698639,0.1547769010066986,0.9995999932289124,0.02500000037252903,0.004999999888241291,0.020000001415610313,1.197,0.6983703766251567,1.5292559833843016,0.23029642613193346,0.3418120462592805,1.4292760371555113,1.3554648803303913,0.8383603146712807,0.18401595024921663,0.13054804876446724,0.06945274770259857,266.90756931132825,0.13737277686595917,0.036733970046043396,0.5080184936523438,0.06968491524457932,0.010868274606764317,0.308626651763916,0.5572975873947144,0.543803870677948,0.9642738699913025,0.9799999985843897,0.5114908242892279,"progress_score,survival_score,scuffing_score,impact_score,lateral_score,orientation_score"
trotting,1,action_space,1.0,3.4000000953674316,0.0,0.5,1.0,0.10999999940395355,0.0,0.33000001311302185,-1.0,-0.03999999910593033,stepping_stones_easy_bound_highspeed,stepping_stones_easy,2.0,bounding,1000,0.6452358961105347,0.6452358961105347,1.210545301437378,0.796977162361145,0.1689756214618683,0.6241524815559387,1.237987756729126,0.1689756214618683,0.050534043461084366,0.2556155323982239,0.13095152378082275,0.9957709312438965,2.297226667404175,0.9454593658447266,1.8142585754394531,0.6241524815559387,0.8661727905273438,0.03504963219165802,0.013045566156506538,0.612341046333313,0.25689980387687683,353.84344482421875,277.65655517578125,33.328392028808594,64.42157745361328,270.7934265136719,0.09794154763221741,0.1120000034570694,0.8281410932540894,2.7430710792541504,1.1790000200271606,0.024210911244153976,0.04000015929341316,3.386080265045166,0.5,0.10895554721355438,0.33000147342681885,-0.038607072085142136,0.39919787645339966,0.3727041184902191,0.6830424666404724,0.34745877981185913,0.34815001487731934,0.5138643980026245,0.3570283055305481,0.49203014373779297,0.5853915214538574,0.3452366590499878,0.8619412183761597,1.0,0.9727791547775269,0.11793730407953262,0.1973896324634552,0.9998000264167786,0.023000001907348633,0.004000000189989805,0.01900000125169754,1.179,0.7024096617565203,1.525322252352267,0.2247977834879258,0.3618722478732277,1.515660472336788,1.3469441619604923,0.930684044414292,0.21930617489748108,0.12105455622076988,0.07894624024629593,292.3008700327629,0.07881196588277817,0.020329885184764862,0.3821645677089691,0.10553964227437973,0.005869439337402582,0.2938511073589325,0.5589742064476013,0.5712090730667114,0.9727791547775269,0.9809999987483025,0.4942327635852914,"progress_score,survival_score,scuffing_score,impact_score,lateral_score,orientation_score"
trotting,1,action_space,1.0,3.4000000953674316,0.0,0.5,1.0,0.10999999940395355,0.0,0.33000001311302185,0.0,0.0,stepping_stones_easy_bound_highspeed,stepping_stones_easy,2.0,bounding,1000,0.6688365936279297,0.6688365936279297,1.33762788772583,0.6696593761444092,0.15977448225021362,0.5342803597450256,1.6727979183197021,0.15977448225021362,0.041776254773139954,0.229213148355484,0.12384532392024994,0.9044623374938965,1.7648465633392334,0.8601438403129578,1.6084593534469604,0.5342803597450256,0.5868527889251709,0.021724140271544456,0.007896089926362038,0.5783891677856445,0.19562414288520813,328.7687072753906,250.71994018554688,33.654422760009766,65.39692687988281,414.8700256347656,0.09315087646245956,0.13341668248176575,0.8699973821640015,3.0012152194976807,1.225000023841858,0.026752565056085587,0.04000015929341316,3.385563373565674,0.5,0.10891683399677277,0.33000147342681885,0.0,0.4684136211872101,0.37666451930999756,0.7328542470932007,0.3686811327934265,0.345276415348053,0.527126669883728,0.26265352964401245,0.5534077882766724,0.5961112976074219,0.3596312403678894,0.8614570498466492,1.0,0.979016900062561,0.23292627930641174,0.30466827750205994,1.0,0.024000000208616257,0.006000000052154064,0.018000001087784767,1.225,0.7102018893494898,1.5652384803341879,0.2043924039027379,0.35191664342603907,1.3284752776545123,1.2682505089480391,0.7660631755444004,0.17210528811720602,0.13376282528042793,0.06623797118663788,245.78487806077908,0.16633112728595734,0.05758143216371536,0.5529959201812744,0.08140464127063751,0.01999080739915371,0.31449776887893677,0.5419980883598328,0.5132032036781311,0.979016900062561,0.9819999989122152,0.5174687127337645,"progress_score,survival_score,scuffing_score,impact_score,lateral_score,orientation_score"
bounding,2,action_space,-1.0,2.5999999046325684,0.0,0.5,-1.0,0.08999999612569809,-1.0,0.3400000035762787,0.0,0.0,stepping_stones_easy_bound_highspeed,stepping_stones_easy,2.0,bounding,1000,0.619044840335846,0.619044840335846,1.2558693885803223,0.7483686208724976,0.14188650250434875,0.3974233567714691,1.385690689086914,0.14188650250434875,0.03591441363096237,0.23756009340286255,0.12494899332523346,1.0069204568862915,2.248587131500244,2.1106698513031006,6.515435218811035,0.3974233567714691,0.3618864417076111,0.03487759083509445,0.013196302577853203,0.5902481079101562,0.21427661180496216,352.697021484375,260.49951171875,33.76252746582031,63.864349365234375,284.9650573730469,0.09764079004526138,0.11891666054725647,0.7221716046333313,2.467912435531616,0.9860000610351562,0.025117401033639908,0.04000015929341316,2.6149468421936035,0.5,0.09112145751714706,0.34149453043937683,0.0,0.38159894943237305,0.49104806780815125,0.5629960298538208,0.12881113588809967,0.3194277286529541,0.6420252323150635,0.3483458459377289,0.5206714868545532,0.6050479412078857,0.3669263422489166,0.6390185356140137,0.9783835411071777,0.9620024561882019,0.12007185816764832,0.20419365167617798,0.9998000264167786,0.02500000037252903,0.004000000189989805,0.021000001579523087,0.986,0.73242552720509,1.5820725980153694,0.18951098551525283,0.3534812489018809,1.4995289698769558,2.5525350573128343,0.6015699807234492,0.21925759602109035,0.12558700516819954,0.07441379129886627,280.83893491748836,0.10643482208251953,0.20608775317668915,0.38232743740081787,0.12197015434503555,0.013766296207904816,0.30712631344795227,0.5348663330078125,0.5517924427986145,0.9620024561882019,0.9789999984204769,0.4959335423221714,"progress_score,survival_score,scuffing_score,impact_score,lateral_score,orientation_score"
bounding,2,action_space,-1.0,2.5999999046325684,0.0,0.5,-1.0,0.08999999612569809,-1.0,0.3400000035762787,1.0,0.03999999910593033,stepping_stones_easy_bound_highspeed,stepping_stones_easy,2.0,bounding,1000,0.6015148162841797,0.6015148162841797,1.2415608167648315,0.7598035335540771,0.14058560132980347,0.4112079441547394,1.584101915359497,0.14058560132980347,0.03741895407438278,0.24322253465652466,0.1254410594701767,0.9431411027908325,1.8278745412826538,2.065274477005005,6.262040615081787,0.4112079441547394,0.4185413122177124,0.037966735661029816,0.020505784079432487,0.5877780318260193,0.17514155805110931,347.04547119140625,258.7476806640625,33.92796325683594,65.21722412109375,271.563232421875,0.10122371464967728,0.11574998497962952,0.6667752265930176,2.1621901988983154,0.9810000658035278,0.024831226095557213,0.04000015929341316,2.6143932342529297,0.5,0.0910799577832222,0.3414391577243805,0.03856002911925316,0.34826791286468506,0.47171810269355774,0.5531513690948486,0.12764105200767517,0.3223741352558136,0.6271002292633057,0.33102941513061523,0.5144011378288269,0.61634361743927,0.3702738881111145,0.6384997963905334,0.9792481660842896,0.9599826335906982,0.06457625329494476,0.15023046731948853,0.9998000264167786,0.024000000208616257,0.006000000052154064,0.018000001087784767,0.981,0.6796893043012551,1.4846102072355583,0.19343979444360146,0.3541765936226965,1.3519891054600455,2.502406964320909,0.6469476889345168,0.24181091733100535,0.12415613047778606,0.07584466598927975,279.52353723252315,0.09934014081954956,0.1843498945236206,0.31053757667541504,0.09705466777086258,0.03011200949549675,0.3086473047733307,0.5763634443283081,0.5605987310409546,0.9599826335906982,0.9819999989122152,0.49098438367639724,"progress_score,survival_score,scuffing_score,impact_score,lateral_score,orientation_score"
bounding,2,action_space,-1.0,2.5999999046325684,0.0,0.5,-1.0,0.08999999612569809,1.0,0.3799999952316284,-1.0,-0.03999999910593033,stepping_stones_easy_bound_highspeed,stepping_stones_easy,2.0,bounding,1000,0.6027169227600098,0.6027169227600098,1.2229924201965332,0.7809529304504395,0.13954725861549377,0.44039732217788696,1.5280423164367676,0.13954725861549377,0.034798718988895416,0.25613725185394287,0.14832958579063416,0.9339356422424316,1.651258111000061,2.0832622051239014,6.401622772216797,0.44039732217788696,0.4699150323867798,0.040159400552511215,0.013600986450910568,0.5926450490951538,0.19368073344230652,350.6507873535156,258.89862060546875,33.60138702392578,63.556976318359375,343.84454345703125,0.10306666046380997,0.11416666209697723,0.667978048324585,2.20009708404541,0.9630000591278076,0.024459850043058395,0.04000015929341316,2.6151554584503174,0.5,0.09113714098930359,0.3800007998943329,-0.038483813405036926,0.34368181228637695,0.464152455329895,0.5580004453659058,0.12987689673900604,0.3334352970123291,0.6185742616653442,0.34495580196380615,0.5056347846984863,0.6017559766769409,0.36509525775909424,0.6392143964767456,0.9775189161300659,0.9573550820350647,0.06606908142566681,0.15496915578842163,0.9995999932289124,0.026000000536441803,0.003000000026077032,0.023000001907348633,0.963,0.6936427479840018,1.5114985651491961,0.1865441475600224,0.3851358017513227,1.285012883593025,2.530142836326992,0.685503488238229,0.23186286249294383,0.12229925021529198,0.07770154625177383,286.7154215863141,0.0872000902891159,0.14377610385417938,0.34122687578201294,0.10817373543977737,0.020783107727766037,0.3056575059890747,0.5648714900016785,0.5650543570518494,0.9573550820350647,0.9769999980926514,0.4909481233672093,"progress_score,survival_score,scuffing_score,impact_score,lateral_score,orientation_score"
bounding,2,action_space,-1.0,2.5999999046325684,0.0,0.5,-1.0,0.08999999612569809,1.0,0.3799999952316284,0.0,0.0,stepping_stones_easy_bound_highspeed,stepping_stones_easy,2.0,bounding,1000,0.6035504341125488,0.6035504341125488,1.1827630996704102,0.8214545249938965,0.15823310613632202,0.49269840121269226,1.5453040599822998,0.15823310613632202,0.04487347602844238,0.24196556210517883,0.1335737705230713,1.0604699850082397,2.4710092544555664,2.0188817977905273,6.1532769203186035,0.49269840121269226,0.6221395134925842,0.03842133283615112,0.021105635911226273,0.6131254434585571,0.2127542495727539,349.2720947265625,259.88690185546875,34.28545379638672,64.27000427246094,363.6852722167969,0.10131986439228058,0.1197500079870224,0.6002062559127808,1.957302451133728,0.9580000638961792,0.023655256256461143,0.04000015929341316,2.6147847175598145,0.5,0.09110942482948303,0.3800007998943329,0.0,0.32943451404571533,0.442731648683548,0.5432631969451904,0.13421067595481873,0.30200111865997314,0.5932551622390747,0.29938948154449463,0.517899751663208,0.5957309007644653,0.3584733009338379,0.638867974281311,0.9783835411071777,0.9620964527130127,0.11986827850341797,0.20188072323799133,0.9991999864578247,0.02500000037252903,0.003000000026077032,0.02200000174343586,0.958,0.6265200174924974,1.4293751245181252,0.21183360457784403,0.36547745556062866,1.571944418373489,2.4805799564453883,0.7887582097782464,0.2439814926328991,0.11827628128230572,0.0817245151847601,295.3018189558763,0.06726265698671341,0.08825568109750748,0.30405721068382263,0.08691944181919098,0.014191884547472,0.2933904826641083,0.600028395652771,0.5494980216026306,0.9620964527130127,0.9779999982565641,0.4814195867235724,"progress_score,survival_score,scuffing_score,impact_score,lateral_score,orientation_score"
bounding,2,action_space,-1.0,2.5999999046325684,0.0,0.5,-1.0,0.08999999612569809,1.0,0.3799999952316284,1.0,0.03999999910593033,stepping_stones_easy_bound_highspeed,stepping_stones_easy,2.0,bounding,1000,0.6116936206817627,0.6116936206817627,1.2909560203552246,0.7128411531448364,0.13998296856880188,0.38334763050079346,1.4684090614318848,0.13998296856880188,0.033398114144802094,0.248757004737854,0.13776713609695435,0.8813060522079468,1.6268644332885742,2.07124662399292,6.313336372375488,0.38334763050079346,0.3448067307472229,0.03628583252429962,0.007064973935484886,0.5863403081893921,0.17152348160743713,327.5857849121094,234.93710327148438,34.57814025878906,65.70378112792969,491.6937255859375,0.09631483256816864,0.11174999177455902,0.7201759815216064,2.44439697265625,1.0010000467300415,0.025819122791290283,0.04000015929341316,2.6155660152435303,0.5,0.09116795659065247,0.3800007998943329,0.03844272345304489,0.39434710144996643,0.4947744607925415,0.5744825601577759,0.12521009147167206,0.3392705023288727,0.6484679579734802,0.34002813696861267,0.5128039121627808,0.547461986541748,0.36534467339515686,0.6395996809005737,0.9775189161300659,0.9566502571105957,0.06654280424118042,0.15921509265899658,1.0,0.026000000536441803,0.007000000216066837,0.01900000125169754,1.001,0.7194565688218032,1.56267551773933,0.18275150928187184,0.37116995581128914,1.275485959659523,2.512635344091038,0.5872024614621629,0.20820856480890623,0.12909561395645142,0.0709051825106144,253.75441126334385,0.1309984028339386,0.23002803325653076,0.4202035069465637,0.11808254569768906,0.03237173706293106,0.30953606963157654,0.5430853962898254,0.571923553943634,0.9566502571105957,0.9809999987483025,0.5096126371308377,"progress_score,survival_score,scuffing_score,impact_score,lateral_score,orientation_score"
bounding,2,action_space,-1.0,2.5999999046325684,0.0,0.5,0.0,0.11999999731779099,-1.0,0.3400000035762787,0.0,0.0,stepping_stones_easy_bound_highspeed,stepping_stones_easy,2.0,bounding,1000,0.6603600978851318,0.6603600978851318,1.2307348251342773,0.770275890827179,0.15427875518798828,0.449165940284729,1.2392041683197021,0.15427875518798828,0.04338507726788521,0.2418985664844513,0.12724269926548004,0.9473488330841064,2.0286433696746826,2.1004388332366943,6.400806427001953,0.449165940284729,0.48476070165634155,0.03840520977973938,0.019023895263671875,0.5859699249267578,0.18680647015571594,353.8150634765625,263.11444091796875,34.022911071777344,65.41035461425781,413.51318359375,0.10569959133863449,0.10599999129772186,0.7558374404907227,2.6787590980529785,0.9970000386238098,0.024614693596959114,0.04000015929341316,2.61499285697937,0.5,0.11999969929456711,0.34149906039237976,0.0,0.3257739543914795,0.45147183537483215,0.5451188087463379,0.1289789229631424,0.3235515058040619,0.6064397096633911,0.3852660655975342,0.5286600589752197,0.509177565574646,0.36982905864715576,1.0,0.9783835411071777,0.966016411781311,0.2341388761997223,0.30832386016845703,0.9998000264167786,0.02500000037252903,0.006000000052154064,0.01900000125169754,0.997,0.7581117375564193,1.639152064842722,0.20829084777753729,0.3567109463774276,1.4243045213979637,2.5299815072450538,0.6962475864635665,0.23964370436840451,0.12307346798479557,0.07692732848227024,287.48277553449424,0.09317276626825333,0.13298746943473816,0.31708604097366333,0.12161369621753693,0.023846225813031197,0.30976545810699463,0.5108368992805481,0.5886049866676331,0.966016411781311,0.9809999987483025,0.49063445431621444,"progress_score,survival_score,scuffing_score,impact_score,lateral_score,orientation_score"
bounding,2,action_space,-1.0,2.5999999046325684,0.0,0.5,0.0,0.11999999731779099,-1.0,0.3400000035762787,1.0,0.03999999910593033,stepping_stones_easy_bound_highspeed,stepping_stones_easy,2.0,bounding,1000,0.6533357501029968,0.6533357501029968,1.2877851724624634,0.7160077095031738,0.13362163305282593,0.37233805656433105,1.2943305969238281,0.13362163305282593,0.03339475393295288,0.24856863915920258,0.14149010181427002,0.9730449914932251,2.323563575744629,2.034989356994629,5.980641841888428,0.37233805656433105,0.31713736057281494,0.03348948061466217,0.016723748296499252,0.5759971141815186,0.19589433073997498,344.9649658203125,254.73193359375,34.433921813964844,65.17485809326172,493.5395202636719,0.10243257880210876,0.09433332830667496,0.7411755323410034,2.610572338104248,0.999000072479248,0.025755714625120163,0.04000015929341316,2.616466999053955,0.5,0.11999969929456711,0.34164655208587646,0.03835272043943405,0.37841594219207764,0.4943144917488098,0.5711473226547241,0.13300606608390808,0.33900216221809387,0.6493168473243713,0.4027341604232788,0.5212833881378174,0.5123304128646851,0.3730190396308899,1.0,0.9757895469665527,0.9576114416122437,0.12324383109807968,0.21380402147769928,0.9994000196456909,0.02800000086426735,0.006000000052154064,0.02199999988079071,0.999,0.741917454563939,1.6165350138725967,0.18274231566047552,0.37615170053353475,1.524323973354952,2.4455350829396063,0.563149501085471,0.22408308483944392,0.12877857312560081,0.071222223341465,267.874621634819,0.12864890694618225,0.2499845325946808,0.3663139343261719,0.14054526388645172,0.019883068278431892,0.3160059452056885,0.5203277468681335,0.6239615082740784,0.9576114416122437,0.9780000001192093,0.5117815199651217,"progress_score,survival_score,scuffing_score,impact_score,lateral_score,orientation_score"
bounding,2,action_space,-1.0,2.5999999046325684,0.0,0.5,0.0,0.11999999731779099,0.0,0.3799999952316284,-1.0,-0.03999999910593033,stepping_stones_easy_bound_highspeed,stepping_stones_easy,2.0,bounding,1000,0.643981397151947,0.643981397151947,1.2180671691894531,0.7827168703079224,0.160782128572464,0.5083476305007935,1.603163242340088,0.160782128572464,0.04397539794445038,0.24648185074329376,0.1309555470943451,0.9727113246917725,1.8183221817016602,2.1023669242858887,6.552680969238281,0.5083476305007935,0.6758586764335632,0.03731394559144974,0.009047862142324448,0.576575756072998,0.19653618335723877,330.220458984375,240.1002655029297,34.95906066894531,64.692138671875,293.11859130859375,0.10421672463417053,0.11033332347869873,0.7380994558334351,2.564363718032837,0.984000027179718,0.02436133846640587,0.04000015929341316,2.6143922805786133,0.5,0.11999969929456711,0.3800007998943329,-0.03856009244918823,0.2929685115814209,0.4157841205596924,0.5417662858963013,0.12903422117233276,0.3065466284751892,0.5683271884918213,0.28608542680740356,0.5136403441429138,0.49165594577789307,0.37016046047210693,1.0,0.9792481660842896,0.967375636100769,0.2328488528728485,0.3040645718574524,0.9998000264167786,0.023000001907348633,0.006000000052154064,0.017000000923871994,0.984,0.7501009809292429,1.6143298118394354,0.20970311858541918,0.36187780685522164,1.3484517721081686,2.5598204955110195,0.8221062440059456,0.21531792246298073,0.12180669233202934,0.07819410413503647,271.10201090479757,0.08624331653118134,0.07545844465494156,0.39564570784568787,0.0835198238492012,0.0196294616907835,0.3156404495239258,0.521255373954773,0.5759890675544739,0.967375636100769,0.982999999076128,0.49313209892103554,"progress_score,survival_score,scuffing_score,impact_score,lateral_score,orientation_score"
bounding,2,action_space,-1.0,2.5999999046325684,0.0,0.5,0.0,0.11999999731779099,0.0,0.3799999952316284,1.0,0.03999999910593033,stepping_stones_easy_bound_highspeed,stepping_stones_easy,2.0,bounding,1000,0.6482775211334229,0.6482775211334229,1.2000622749328613,0.8042823076248169,0.14538678526878357,0.4601582884788513,1.6812071800231934,0.14538678526878357,0.037816669791936874,0.2514991760253906,0.13770893216133118,1.001288890838623,2.197094440460205,2.1263680458068848,6.564569473266602,0.4601582884788513,0.5288243889808655,0.04916726052761078,0.009212903678417206,0.596233606338501,0.22581955790519714,341.9888916015625,253.24017333984375,33.72213363647461,64.35932922363281,213.7483367919922,0.10573136806488037,0.11649999767541885,0.6925241947174072,2.3782896995544434,0.9560000896453857,0.02400124818086624,0.04000015929341316,2.6131911277770996,0.5,0.11999969929456711,0.3800007998943329,0.03868010640144348,0.33117175102233887,0.45353958010673523,0.5324608087539673,0.12273922562599182,0.319240540266037,0.6011987924575806,0.2797474265098572,0.5019725561141968,0.4885963201522827,0.35985153913497925,1.0,0.9809775352478027,0.9700944423675537,0.23026883602142334,0.29554641246795654,1.0,0.02199999988079071,0.004000000189989805,0.018000001087784767,0.956,0.724397667282296,1.5772604655322515,0.19446508630583761,0.3710915414844849,1.4822599098876705,2.5621415794734297,0.7272031277303924,0.24161987543666183,0.12000624090433121,0.0799945555627346,284.97595395263585,0.07520932704210281,0.12033732235431671,0.311111718416214,0.08737548440694809,0.010928390547633171,0.3034715950489044,0.5369030833244324,0.5585004091262817,0.9700944423675537,0.9819999989122152,0.4802288368932511,"progress_score,survival_score,scuffing_score,impact_score,lateral_score,orientation_score"
bounding,2,action_space,-1.0,2.5999999046325684,0.0,0.5,0.0,0.11999999731779099,1.0,0.3799999952316284,0.0,0.0,stepping_stones_easy_bound_highspeed,stepping_stones_easy,2.0,bounding,1000,0.6632574796676636,0.6632574796676636,1.2791147232055664,0.7242087125778198,0.1486404538154602,0.37908709049224854,1.5301051139831543,0.1486404538154602,0.03684230148792267,0.24928641319274902,0.1391524374485016,0.8845704793930054,1.4559602737426758,2.064940929412842,6.341015815734863,0.37908709049224854,0.32417067885398865,0.035500667989254,0.0063938479870557785,0.578016996383667,0.18246768414974213,333.99609375,242.79090881347656,34.771724700927734,65.57196044921875,420.5916748046875,0.10224729776382446,0.11258332431316376,0.7130946516990662,2.5201199054718018,0.9960000514984131,0.025582294911146164,0.04000015929341316,2.615504503250122,0.5,0.11999969929456711,0.3800007998943329,0.0,0.36422812938690186,0.4751284122467041,0.5692873001098633,0.12380041182041168,0.32576602697372437,0.6331841945648193,0.3361819386482239,0.5185654163360596,0.49266791343688965,0.3670486807823181,1.0,0.9775188565254211,0.9646772146224976,0.23527801036834717,0.31134480237960815,0.9998000264167786,0.026000000536441803,0.006000000052154064,0.020000001415610313,0.996,0.7159584382451681,1.5906729994789424,0.19194348514060763,0.37303141616826535,1.206631788799995,2.5181373703066448,0.5693598851815859,0.20468149886179204,0.12791147455573082,0.07208932191133499,261.11504127868875,0.12271226197481155,0.2376229166984558,0.4326222538948059,0.10362765192985535,0.02600793167948723,0.3147319257259369,0.5312300324440002,0.5695455074310303,0.9646772146224976,0.9799999985843897,0.5059410926738852,"progress_score,survival_score,scuffing_score,impact_score,lateral_score,orientation_score"
bounding,2,action_space,-1.0,2.5999999046325684,0.0,0.5,0.0,0.11999999731779099,1.0,0.3799999952316284,1.0,0.03999999910593033,stepping_stones_easy_bound_highspeed,stepping_stones_easy,2.0,bounding,1000,0.6479504108428955,0.6479504108428955,1.3373647928237915,0.6661093831062317,0.14878390729427338,0.38061147928237915,1.3573062419891357,0.14878390729427338,0.03801757097244263,0.23779350519180298,0.1262092888355255,0.8941895961761475,1.7623264789581299,2.1003355979919434,6.291303634643555,0.38061147928237915,0.3180087208747864,0.03560585901141167,0.010293390601873398,0.5648553371429443,0.14325840771198273,339.19573974609375,250.27029418945312,34.88918685913086,67.29222106933594,331.3155517578125,0.10231596976518631,0.12266666442155838,0.8156534433364868,2.8839592933654785,1.0099999904632568,0.026747293770313263,0.04000015929341316,2.615832805633545,0.5,0.11999969929456711,0.3800007998943329,0.038416072726249695,0.38573065400123596,0.4886764883995056,0.5655621290206909,0.12018193304538727,0.33423149585723877,0.6460017561912537,0.3490040898323059,0.5219825506210327,0.5094344019889832,0.3768783509731293,1.0,0.9766542315483093,0.959476113319397,0.12189172208309174,0.21013984084129333,0.9998000264167786,0.027000000700354576,0.004000000189989805,0.023000001907348633,1.01,0.8075776657255569,1.689794346962006,0.19498095028089957,0.3552594669189345,1.3275264513214529,2.5082471239181268,0.5639226195807243,0.21424110159650753,0.13373646885156631,0.0662643276154995,253.62993071613295,0.1695161908864975,0.23488694429397583,0.39932286739349365,0.1203131154179573,0.05697355419397354,0.32312673330307007,0.48975440859794617,0.5415427088737488,0.959476113319397,0.9769999980926514,0.5044318100339488,"progress_score,survival_score,scuffing_score,impact_score,lateral_score,orientation_score"
bounding,2,action_space,-1.0,2.5999999046325684,0.0,0.5,1.0,0.11999999731779099,-1.0,0.3400000035762787,0.0,0.0,stepping_stones_easy_bound_highspeed,stepping_stones_easy,2.0,bounding,1000,0.6411443948745728,0.6411443948745728,1.296859622001648,0.70512855052948,0.13829904794692993,0.38944464921951294,1.522647500038147,0.13829904794692993,0.033698853105306625,0.23125600814819336,0.121233731508255,0.8660299777984619,1.4511685371398926,2.0807366371154785,6.291590690612793,0.38944464921951294,0.3736925423145294,0.0367080420255661,0.007953100837767124,0.5644767880439758,0.22217418253421783,335.984619140625,248.5840606689453,34.61444854736328,66.46534729003906,571.3670043945312,0.10262630879878998,0.10258333384990692,0.7229727506637573,2.520599126815796,1.003000020980835,0.025937197729945183,0.04000015929341316,2.6149916648864746,0.5,0.11999969929456711,0.34149888157844543,0.0,0.35912442207336426,0.4722352623939514,0.5640847086906433,0.11987294256687164,0.3334435224533081,0.6364911794662476,0.3264123201370239,0.5443947315216064,0.5037013292312622,0.37464743852615356,1.0,0.9783835411071777,0.9619923233985901,0.1201232373714447,0.20466050505638123,1.0,0.02500000037252903,0.004000000189989805,0.021000001579523087,1.003,0.7208102864258786,1.5852633665324953,0.18357247371353536,0.34818634595321946,1.2046445688002303,2.508304345691087,0.6113039688359052,0.21133183116448223,0.12968598864972591,0.0703148078173399,259.0755494585042,0.13685612380504608,0.21944113075733185,0.4093343913555145,0.11117780208587646,0.011754915118217468,0.3233714699745178,0.5335166454315186,0.598746657371521,0.9619923233985901,0.9789999984204769,0.512575652842459,"progress_score,survival_score,scuffing_score,impact_score,lateral_score,orientation_score"
bounding,2,action_space,-1.0,2.5999999046325684,0.0,0.5,1.0,0.11999999731779099,-1.0,0.3400000035762787,1.0,0.03999999910593033,stepping_stones_easy_bound_highspeed,stepping_stones_easy,2.0,bounding,1000,0.6269585490226746,0.6269585490226746,1.2489262819290161,0.7551032304763794,0.14773982763290405,0.4281288683414459,1.6893882751464844,0.14773982763290405,0.042034298181533813,0.2481716126203537,0.13810995221138,0.9137468338012695,1.5417181253433228,2.090965986251831,6.397473335266113,0.4281288683414459,0.4881826937198639,0.04006002098321915,0.008580145426094532,0.576266884803772,0.19799014925956726,333.25115966796875,243.11070251464844,34.58785629272461,65.0777587890625,310.6305847167969,0.10171855986118317,0.10108333826065063,0.6690769791603088,2.1721065044403076,0.9900000095367432,0.024978531524538994,0.04000015929341316,2.6155898571014404,0.5,0.11999969929456711,0.34155887365341187,0.03844042494893074,0.3432920575141907,0.4758874475955963,0.5575288534164429,0.12257956713438034,0.32655036449432373,0.6279706954956055,0.30254679918289185,0.512158989906311,0.4981401562690735,0.36957472562789917,1.0,0.9775188565254211,0.9566478729248047,0.06655831634998322,0.159336119890213,0.9998000264167786,0.026000000536441803,0.004999999888241291,0.021000001579523087,0.99,0.6758353185172032,1.4812315532883678,0.2050226772372603,0.3716314736555288,1.241659424054488,2.529322702872473,0.6987007182763332,0.2205451573018861,0.12489265762269497,0.07510813884437084,266.83012799862706,0.10221022367477417,0.1599421203136444,0.37802183628082275,0.07965311408042908,0.019066868349909782,0.31583550572395325,0.5778090953826904,0.6032541394233704,0.9566478729248047,0.9789999984204769,0.5038032400372782,"progress_score,survival_score,scuffing_score,impact_score,lateral_score,orientation_score"
bounding,2,action_space,-1.0,2.5999999046325684,0.0,0.5,1.0,0.11999999731779099,0.0,0.3799999952316284,-1.0,-0.03999999910593033,stepping_stones_easy_bound_highspeed,stepping_stones_easy,2.0,bounding,1000,0.6381566524505615,0.6381566524505615,1.2779312133789062,0.7255747318267822,0.1471181958913803,0.3885698914527893,1.5296905040740967,0.1471181958913803,0.03736651688814163,0.24732360243797302,0.13523337244987488,0.8444943428039551,1.2828248739242554,2.1054861545562744,6.513187885284424,0.3885698914527893,0.36079204082489014,0.03693319112062454,0.005968987010419369,0.5669050216674805,0.21217337250709534,329.3667297363281,242.56423950195312,35.25202941894531,65.8400650024414,389.2702941894531,0.10335631668567657,0.10116666555404663,0.798403263092041,2.8016910552978516,1.002000093460083,0.02555861882865429,0.04000015929341316,2.614406108856201,0.5,0.11999969929456711,0.3800007998943329,-0.03855869919061661,0.34079861640930176,0.47429901361465454,0.5631390810012817,0.13096439838409424,0.3392006754875183,0.628189742565155,0.3236640989780426,0.519869863986969,0.50599604845047,0.37304744124412537,1.0,0.9792481660842896,0.9635113477706909,0.11896394193172455,0.20022982358932495,1.0,0.024000000208616257,0.006000000052154064,0.018000001087784767,1.002,0.7968096399973491,1.6721539165183612,0.19330420814907687,0.36774090396619585,1.1326185915498013,2.5520948033496764,0.6006596713821315,0.20712840976322855,0.12779309414327145,0.07220770232379436,257.7343180040716,0.12174400687217712,0.22093966603279114,0.42399078607559204,0.10258937627077103,0.014357722364366055,0.32180482149124146,0.4970698654651642,0.6030028462409973,0.9635113477706909,0.9819999989122152,0.5076520496881322,"progress_score,survival_score,scuffing_score,impact_score,lateral_score,orientation_score"
bounding,2,action_space,-1.0,2.5999999046325684,0.0,0.5,1.0,0.11999999731779099,0.0,0.3799999952316284,0.0,0.0,stepping_stones_easy_bound_highspeed,stepping_stones_easy,2.0,bounding,1000,0.652125358581543,0.652125358581543,1.1818386316299438,0.8203397989273071,0.15739792585372925,0.4815484285354614,1.3197276592254639,0.15739792585372925,0.04655736684799194,0.2618509531021118,0.15057483315467834,1.086417317390442,2.865152359008789,2.1028590202331543,6.558765888214111,0.4815484285354614,0.5792434215545654,0.04517187923192978,0.03051714599132538,0.6373993158340454,0.2182074636220932,382.0162353515625,287.3323669433594,33.60589599609375,64.56234741210938,273.4875183105469,0.11092282831668854,0.09691667556762695,0.7014604806900024,2.4827523231506348,0.9570000171661377,0.02363678440451622,0.04000015929341316,2.6151199340820312,0.5,0.11999969929456711,0.3800007998943329,0.0,0.3233978748321533,0.4395672678947449,0.5113807320594788,0.12571942806243896,0.3048863410949707,0.5873749256134033,0.3434099555015564,0.5045468807220459,0.5063982605934143,0.348699152469635,1.0,0.9775188565254211,0.9648987054824829,0.2345750331878662,0.3062112033367157,0.9988000392913818,0.026000000536441803,0.004000000189989805,0.02200000174343586,0.957,0.7329785258294148,1.6106854662754297,0.21577156172209522,0.38803973141249126,1.692676093943785,2.561008763790962,0.7610804304109818,0.27511638486875906,0.1181839220225811,0.08181687444448471,323.2389136109904,0.06775686889886856,0.09838283807039261,0.22007641196250916,0.10530704259872437,0.01272547896951437,0.2794872522354126,0.5227892398834229,0.6159537434577942,0.9648987054824829,0.9779999982565641,0.47730726111484206,"progress_score,survival_score,scuffing_score,impact_score,lateral_score,orientation_score"
bounding,2,action_space,-1.0,2.5999999046325684,0.0,0.5,1.0,0.11999999731779099,0.0,0.3799999952316284,1.0,0.03999999910593033,stepping_stones_easy_bound_highspeed,stepping_stones_easy,2.0,bounding,1000,0.6436418294906616,0.6436418294906616,1.2935116291046143,0.708763837814331,0.13663172721862793,0.36040276288986206,1.6052217483520508,0.13663172721862793,0.03341199830174446,0.251910001039505,0.14214035868644714,0.8824392557144165,1.6513153314590454,2.0571227073669434,6.156551361083984,0.36040276288986206,0.2696225643157959,0.036506570875644684,0.010797476395964622,0.575700044631958,0.19532924890518188,348.50103759765625,259.3363952636719,34.09482955932617,64.44463348388672,571.8598022460938,0.1044260561466217,0.10458333045244217,0.6322680711746216,2.091712474822998,0.9920000433921814,0.025870218873023987,0.04000015929341316,2.615933656692505,0.5,0.11999969929456711,0.3800007998943329,0.03840593621134758,0.3708038628101349,0.4933062195777893,0.5739520192146301,0.1312718689441681,0.33591318130493164,0.6491560339927673,0.31926441192626953,0.5132160186767578,0.5055118799209595,0.37270087003707886,1.0,0.9766542315483093,0.9591044187545776,0.12214929610490799,0.21013137698173523,0.9991999864578247,0.027000000700354576,0.007000000216066837,0.020000001415610313,0.992,0.6373670024256552,1.4520954000167303,0.18278949177057324,0.37701506426991366,1.2850351479469522,2.481239883825017,0.5192519275994996,0.21749493619762578,0.12935109436511993,0.07064970210194588,269.42242323626675,0.13407115638256073,0.2728313207626343,0.3882596790790558,0.10295514762401581,0.020109057426452637,0.31619375944137573,0.5902876853942871,0.5927890539169312,0.9591044187545776,0.9799999985843897,0.5138420730241036,"progress_score,survival_score,scuffing_score,impact_score,lateral_score,orientation_score"
bounding,2,action_space,-1.0,2.5999999046325684,0.0,0.5,1.0,0.11999999731779099,1.0,0.3799999952316284,-1.0,-0.03999999910593033,stepping_stones_easy_bound_highspeed,stepping_stones_easy,2.0,bounding,1000,0.6269504427909851,0.6269504427909851,1.2798595428466797,0.7211657166481018,0.14366309344768524,0.39458000659942627,1.748246669769287,0.14366309344768524,0.036381930112838745,0.24551156163215637,0.13163793087005615,0.8987592458724976,1.4986867904663086,2.1378188133239746,6.5358686447143555,0.39458000659942627,0.44205719232559204,0.03727906942367554,0.0077512492425739765,0.5663025975227356,0.20304304361343384,340.86114501953125,248.41514587402344,34.96376037597656,65.86209106445312,388.4080505371094,0.10195937752723694,0.10783333331346512,0.7281674146652222,2.5171799659729004,1.002000093460083,0.02559719607234001,0.04000015929341316,2.6153297424316406,0.5,0.11999969929456711,0.3800007998943329,-0.038466326892375946,0.35848939418792725,0.49334782361984253,0.554611325263977,0.12262535840272903,0.331775963306427,0.6488758325576782,0.2829569876194,0.5172913074493408,0.5013779997825623,0.37338387966156006,1.0,0.9775189161300659,0.9568504095077515,0.0663469135761261,0.1559695303440094,0.9995999932289124,0.026000000536441803,0.0020000000949949026,0.024000000208616257,1.002,0.7267139305373628,1.584978113539687,0.19074047843297118,0.3628194190917241,1.2242086384543724,2.5565344990268284,0.6648738168446642,0.21220348410487871,0.12798598036170006,0.07201481610536575,266.326994180458,0.12489025294780731,0.21078138053417206,0.4063231945037842,0.08408850431442261,0.017234180122613907,0.3221927881240845,0.533637285232544,0.5832340717315674,0.9568504095077515,0.9759999997913837,0.5034112791089635,"progress_score,survival_score,scuffing_score,impact_score,lateral_score,orientation_score"
bounding,2,action_space,-1.0,2.5999999046325684,0.0,0.5,1.0,0.11999999731779099,1.0,0.3799999952316284,0.0,0.0,stepping_stones_easy_bound_highspeed,stepping_stones_easy,2.0,bounding,1000,0.6449887752532959,0.6449887752532959,1.2729179859161377,0.7284031510353088,0.13682033121585846,0.38819238543510437,1.2801865339279175,0.13682033121585846,0.032244615256786346,0.24152053892612457,0.13589154183864594,0.9274965524673462,1.5402677059173584,2.1181678771972656,6.541011810302734,0.38819238543510437,0.32693660259246826,0.03468180075287819,0.006684224121272564,0.5702164173126221,0.1732320934534073,330.9056396484375,240.47854614257812,34.601593017578125,64.84559631347656,328.53045654296875,0.10073333978652954,0.11624999344348907,0.8073151111602783,2.867300510406494,1.0069999694824219,0.025458350777626038,0.04000015929341316,2.61521053314209,0.5,0.11999969929456711,0.3800007998943329,0.0,0.35170215368270874,0.46997135877609253,0.5678027868270874,0.12785130739212036,0.3363427519798279,0.6315373182296753,0.36842963099479675,0.5306258797645569,0.4940818250179291,0.3737030625343323,1.0,0.9783835411071777,0.9617868661880493,0.12042798846960068,0.20741555094718933,1.0,0.02500000037252903,0.003000000026077032,0.02200000174343586,1.007,0.8017031414861594,1.6874148014003125,0.1795678569699665,0.36863469972134466,1.2410752216998606,2.5575401874267265,0.5717837026292969,0.20338639304080977,0.1272917538881302,0.07270904257893562,259.95833455859287,0.11975771188735962,0.22158847749233246,0.4372192323207855,0.14586424827575684,0.031284209340810776,0.3196806311607361,0.4907393455505371,0.5591989755630493,0.9617868661880493,0.9779999982565641,0.5038859807935201,"progress_score,survival_score,scuffing_score,impact_score,lateral_score,orientation_score"
bounding,2,action_space,0.0,3.0,0.0,0.5,-1.0,0.08999999612569809,0.0,0.3799999952316284,1.0,0.03999999910593033,stepping_stones_easy_bound_highspeed,stepping_stones_easy,2.0,bounding,1000,0.6277302503585815,0.6277302503585815,1.2453184127807617,0.7601182460784912,0.1589149534702301,0.5076556205749512,1.6329600811004639,0.1589149534702301,0.04148004576563835,0.2425660490989685,0.13594406843185425,1.0114586353302002,2.259300947189331,2.028301239013672,5.965877056121826,0.5076556205749512,0.5600663423538208,0.034352995455265045,0.00899202935397625,0.6139217615127563,0.24147258698940277,340.4649963378906,251.5198516845703,33.85485076904297,64.90645599365234,274.2039489746094,0.09824375808238983,0.11791667342185974,0.7883466482162476,2.6231870651245117,1.100000023841858,0.02490636706352234,0.04000015929341316,3.000000238418579,0.5,0.0910799652338028,0.3800007998943329,0.03856002911925316,0.3727901577949524,0.39429986476898193,0.5989209413528442,0.1296403706073761,0.3287923038005829,0.5493680238723755,0.26366788148880005,0.5253570675849915,0.47854530811309814,0.34927690029144287,0.6384997963905334,0.9792481660842896,0.9673757553100586,0.2328496277332306,0.3040699064731598,1.0,0.024000000208616257,0.006000000052154064,0.018000001087784767,1.1,0.7166786887428978,1.544252396857089,0.2036665062440026,0.36870593761404796,1.5030971183490875,2.4425144945571615,0.7483758028917161,0.2081946800694996,0.1245318353176117,0.07546896114945412,273.3959386159253,0.09915023297071457,0.07599085569381714,0.42025211453437805,0.08521644026041031,0.007990902289748192,0.29292356967926025,0.5509127378463745,0.554558277130127,0.9673757553100586,0.9819999989122152,0.49691424156097996,"progress_score,survival_score,scuffing_score,impact_score,lateral_score,orientation_score"
bounding,2,action_space,0.0,3.0,0.0,0.5,-1.0,0.08999999612569809,1.0,0.3799999952316284,-1.0,-0.03999999910593033,stepping_stones_easy_bound_highspeed,stepping_stones_easy,2.0,bounding,1000,0.612367570400238,0.612367570400238,1.2471177577972412,0.7595058679580688,0.1501341462135315,0.5008555054664612,1.7279781103134155,0.1501341462135315,0.038580551743507385,0.24753177165985107,0.13589850068092346,1.0376005172729492,2.395832061767578,1.9839377403259277,5.88253116607666,0.5008555054664612,0.6007822155952454,0.039279960095882416,0.018918007612228394,0.6398844718933105,0.3054831027984619,374.49005126953125,281.7727355957031,33.79148864746094,64.5699691772461,455.4407043457031,0.10272642225027084,0.09691667556762695,0.7204735279083252,2.407020092010498,1.071000099182129,0.02494235709309578,0.04000015929341316,3.000000238418579,0.5,0.09105470776557922,0.3800007998943329,-0.03859371691942215,0.40693262219429016,0.42183977365493774,0.5784403085708618,0.1322517842054367,0.3254917860031128,0.5755021572113037,0.2765154540538788,0.5074244141578674,0.47293150424957275,0.339613139629364,0.6381838917732239,0.9792482256889343,0.9636931419372559,0.11852751672267914,0.19549185037612915,0.999000072479248,0.02500000037252903,0.006000000052154064,0.01900000125169754,1.071,0.6727110277704832,1.499150016066722,0.1964193262983747,0.3686441382701256,1.5478475576643773,2.4253929920894595,0.7751014227797839,0.24124254953907034,0.1247117854654789,0.07528901100158691,300.28443499271907,0.0995199978351593,0.08138515800237656,0.3122474253177643,0.08211872726678848,0.00222130143083632,0.2781015634536743,0.5701460838317871,0.6159537434577942,0.9636931419372559,0.9809999987483025,0.496975278775943,"progress_score,survival_score,scuffing_score,impact_score,lateral_score,orientation_score"
bounding,2,action_space,0.0,3.0,0.0,0.5,-1.0,0.08999999612569809,1.0,0.3799999952316284,1.0,0.03999999910593033,stepping_stones_easy_bound_highspeed,stepping_stones_easy,2.0,bounding,1000,0.6192991733551025,0.6192991733551025,1.261728286743164,0.744338870048523,0.15641182661056519,0.46514832973480225,1.4489340782165527,0.15641182661056519,0.04462666064500809,0.25264739990234375,0.140999436378479,1.022834062576294,2.790642738342285,1.999218225479126,5.848706245422363,0.46514832973480225,0.5143153071403503,0.03656128793954849,0.013606509193778038,0.6343415975570679,0.26648956537246704,376.94482421875,281.3057556152344,33.757415771484375,65.22191619873047,597.0100708007812,0.1006486788392067,0.11516666412353516,0.8626291751861572,3.0104846954345703,1.0880000591278076,0.025234580039978027,0.04000015929341316,3.000000238418579,0.5,0.09104344993829727,0.3800007998943329,0.03860877826809883,0.40489745140075684,0.4242141842842102,0.5959162712097168,0.13197781145572662,0.3421006202697754,0.5796853303909302,0.3279138207435608,0.5172287225723267,0.48865807056427,0.34630292654037476,0.6380430459976196,0.9801127910614014,0.9649579524993896,0.11791859567165375,0.19725029170513153,0.9998000264167786,0.023000001907348633,0.005000000353902578,0.018000001087784767,1.088,0.7928576749913833,1.6634271141367352,0.2112502322957494,0.3754989166142547,1.6705216964596075,2.4184098588581637,0.7171577979359566,0.22398168928134846,0.12617290019989014,0.07382789626717567,298.7527728269759,0.10902680456638336,0.11490727961063385,0.3666469156742096,0.09618639200925827,0.00484508229419589,0.28120166063308716,0.5007003545761108,0.5622361302375793,0.9649579524993896,0.9819999989122152,0.49007069505751133,"progress_score,survival_score,scuffing_score,impact_score,lateral_score,orientation_score"
bounding,2,action_space,0.0,3.0,0.0,0.5,0.0,0.11999999731779099,0.0,0.3799999952316284,0.0,0.0,stepping_stones_easy_bound_highspeed,stepping_stones_easy,2.0,bounding,1000,0.7891253232955933,0.7891253232955933,1.2479751110076904,0.7583463788032532,0.1572866439819336,0.48853182792663574,1.732046365737915,0.1572866439819336,0.04352642223238945,0.24560308456420898,0.13600128889083862,0.9871698617935181,2.1550891399383545,2.01918363571167,6.005007743835449,0.48853182792663574,0.5292842388153076,0.03613952174782753,0.009786512702703476,0.6174973845481873,0.26784467697143555,357.28485107421875,265.57421875,33.46943664550781,64.61029052734375,540.0869750976562,0.10804534703493118,0.10983331501483917,0.7501896619796753,2.6749002933502197,1.0959999561309814,0.02495950646698475,0.04000015929341316,3.000000238418579,0.5,0.11999969929456711,0.3800007998943329,0.0,0.3786802291870117,0.40900811553001404,0.5826963186264038,0.12884587049484253,0.33393436670303345,0.5666600465774536,0.2868517339229584,0.5125730037689209,0.48628315329551697,0.34538733959198,1.0,0.9792481660842896,0.9762819409370422,1.0,1.0,0.9998000264167786,0.024000000208616257,0.007000000216066837,0.017000000923871994,1.096,0.6844795394117815,1.5622427223177098,0.2086298689842599,0.36878352578557333,1.4680221864598486,2.4505117310136364,0.7275192360448675,0.21430360344737792,0.12479753233492374,0.07520326413214207,286.29164790452063,0.10022307187318802,0.09193868190050125,0.39910900592803955,0.07408258318901062,0.004715532064437866,0.29083627462387085,0.5432690382003784,0.5774308443069458,0.9762819409370422,0.982999999076128,0.4970311046038804,"progress_score,survival_score,scuffing_score,impact_score,lateral_score,orientation_score"
bounding,2,action_space,0.0,3.0,0.0,0.5,0.0,0.11999999731779099,0.0,0.3799999952316284,1.0,0.03999999910593033,stepping_stones_easy_bound_highspeed,stepping_stones_easy,2.0,bounding,1000,0.710262656211853,0.710262656211853,1.292978286743164,0.7125463485717773,0.15447846055030823,0.43121933937072754,1.6234946250915527,0.15447846055030823,0.04332056641578674,0.25914138555526733,0.1528889238834381,0.9641157388687134,2.2566354274749756,1.9500584602355957,5.683229446411133,0.43121933937072754,0.46024689078330994,0.037948623299598694,0.015185799449682236,0.6196980476379395,0.25355228781700134,379.73590087890625,287.50872802734375,33.658721923828125,65.17305755615234,366.5487365722656,0.10563865303993225,0.09433334320783615,0.9812986850738525,3.5428547859191895,1.0940001010894775,0.025859568268060684,0.04000015929341316,3.000000238418579,0.5,0.11999969929456711,0.3800007998943329,0.038493238389492035,0.42800480127334595,0.45346158742904663,0.6088048219680786,0.13606145977973938,0.3602259159088135,0.6103492379188538,0.2895708382129669,0.5032001733779907,0.49936556816101074,0.35843098163604736,1.0,0.9783835411071777,0.9704161286354065,0.47699835896492004,0.5287774205207825,0.9996000528335571,0.02500000223517418,0.0020000000949949026,0.023000001907348633,1.094,0.8969823080617287,1.7995669020367948,0.20813593254358254,0.3910101327119773,1.502210180858516,2.3839524840925694,0.6784149841972168,0.2305090513391631,0.12929784134030342,0.07070295512676239,293.69085681663626,0.1312187761068344,0.15575028955936432,0.3455256223678589,0.08291777223348618,0.006275853142142296,0.2895590364933014,0.4450314939022064,0.6239614486694336,0.9704161286354065,0.9769999980926514,0.49483520302333334,"progress_score,survival_score,scuffing_score,impact_score,lateral_score,orientation_score"
bounding,2,action_space,0.0,3.0,0.0,0.5,0.0,0.11999999731779099,1.0,0.3799999952316284,1.0,0.03999999910593033,stepping_stones_easy_bound_highspeed,stepping_stones_easy,2.0,bounding,1000,0.670644998550415,0.670644998550415,1.2890400886535645,0.7193671464920044,0.1615925431251526,0.47588062286376953,1.2971820831298828,0.1615925431251526,0.047396257519721985,0.25276172161102295,0.1375008374452591,0.9927490949630737,2.2397990226745605,1.9846794605255127,5.7092132568359375,0.47588062286376953,0.5115786790847778,0.0376632958650589,0.01844993606209755,0.6318700909614563,0.24717654287815094,372.5581359863281,278.22149658203125,33.83522033691406,66.73318481445312,579.5292358398438,0.10652945190668106,0.1198333203792572,0.7441458702087402,2.552621841430664,1.0820000171661377,0.02578079327940941,0.04000015929341316,3.000000238418579,0.5,0.11999969929456711,0.3800007998943329,0.038612253963947296,0.41947394609451294,0.43345314264297485,0.5890244245529175,0.13049694895744324,0.3300863206386566,0.5807508230209351,0.3487752676010132,0.4984295666217804,0.4840170741081238,0.34462594985961914,1.0,0.9801128506660461,0.9687165021896362,0.23169220983982086,0.3009064197540283,0.9996000528335571,0.023000001907348633,0.007000000216066837,0.01600000075995922,1.082,0.6877503456778535,1.5359588761292147,0.21770681551049795,0.3708110535640208,1.4965958113914928,2.3893960025152667,0.7152472852690724,0.2368823166197858,0.12890396639704704,0.07109683007001877,289.0198212341671,0.12619130313396454,0.10386911779642105,0.32554173469543457,0.10591618716716766,0.007129380013793707,0.28259509801864624,0.5544423460960388,0.5492691993713379,0.9687165021896362,0.9839999992400408,0.49440194558548306,"progress_score,survival_score,scuffing_score,impact_score,lateral_score,orientation_score"
bounding,2,action_space,0.0,3.0,0.0,0.5,1.0,0.11999999731779099,0.0,0.3799999952316284,-1.0,-0.03999999910593033,stepping_stones_easy_bound_highspeed,stepping_stones_easy,2.0,bounding,1000,0.6512515544891357,0.6512515544891357,1.193697214126587,0.8108559846878052,0.17019280791282654,0.5352281332015991,1.678917646408081,0.17019280791282654,0.05445624142885208,0.25935864448547363,0.1395031362771988,0.9876524209976196,2.274000644683838,1.9981613159179688,5.838069438934326,0.5352281332015991,0.6077133417129517,0.045479610562324524,0.01736506260931492,0.6353200078010559,0.23990675806999207,371.7007141113281,282.04144287109375,33.73594665527344,64.93077087402344,489.0827331542969,0.1081148087978363,0.10633333027362823,0.7635047435760498,2.6648316383361816,1.062000036239624,0.023873955011367798,0.04000015929341316,3.000000238418579,0.5,0.11999969929456711,0.3800007998943329,-0.038607433438301086,0.3539862036705017,0.3971785008907318,0.5613996982574463,0.13331031799316406,0.3297022581100464,0.5455989837646484,0.2746015787124634,0.497905433177948,0.4871644377708435,0.3434954285621643,1.0,0.9801128506660461,0.9686838388442993,0.23178201913833618,0.3016356825828552,0.9998000264167786,0.023000001907348633,0.008999999612569809,0.014000000432133675,1.062,0.718930979008504,1.5840636266946169,0.23335861121641105,0.3735011864468422,1.5079789934491257,2.4162097257759574,0.7795597101652648,0.25068839855812924,0.11936977505683899,0.08063102141022682,311.3860949933579,0.07208207994699478,0.05700071528553963,0.28453657031059265,0.06278478354215622,0.008245107717812061,0.2806519567966461,0.5340240597724915,0.5876247882843018,0.9686838388442993,0.9859999995678663,0.4790151933894346,"progress_score,survival_score,scuffing_score,impact_score,lateral_score,orientation_score"
bounding,2,action_space,0.0,3.0,0.0,0.5,1.0,0.11999999731779099,0.0,0.3799999952316284,0.0,0.0,stepping_stones_easy_bound_highspeed,stepping_stones_easy,2.0,bounding,1000,0.70177161693573,0.70177161693573,1.2979238033294678,0.7069258689880371,0.16835832595825195,0.515196681022644,1.5548267364501953,0.16835832595825195,0.0493161678314209,0.24073684215545654,0.1266319304704666,0.9237530827522278,1.6410503387451172,1.988267183303833,5.845217227935791,0.515196681022644,0.5761237144470215,0.030720453709363937,0.007993265055119991,0.6010560989379883,0.2600497007369995,355.391845703125,265.7396545410156,34.6617431640625,66.3564453125,356.33953857421875,0.10195101797580719,0.11149999499320984,0.8593606948852539,3.0720865726470947,1.1170001029968262,0.0259584691375494,0.04000015929341316,3.000000238418579,0.5,0.11999969929456711,0.3800007998943329,0.0,0.3875018060207367,0.4017501473426819,0.6002041697502136,0.13017676770687103,0.3306962847709656,0.5551932454109192,0.28891846537590027,0.5249334573745728,0.47789591550827026,0.350597083568573,1.0,0.9809775352478027,0.9739553332328796,0.4738079905509949,0.5201113224029541,1.0,0.02199999988079071,0.0020000000949949026,0.020000001415610313,1.117,0.7693469970484557,1.6584032039623202,0.22207243825252357,0.355853804912167,1.2810348702299705,2.417688405881906,0.7590281381128249,0.19675802083900906,0.129792345687747,0.07020845077931881,273.8156467979589,0.1354738473892212,0.07034974545240402,0.461038202047348,0.07877574861049652,0.005511083640158176,0.3005587160587311,0.5027937293052673,0.5726388692855835,0.9739553332328796,0.9799999985843897,0.5059792686645923,"progress_score,survival_score,scuffing_score,impact_score,lateral_score,orientation_score"
bounding,2,action_space,0.0,3.0,0.0,0.5,1.0,0.11999999731779099,1.0,0.3799999952316284,-1.0,-0.03999999910593033,stepping_stones_easy_bound_highspeed,stepping_stones_easy,2.0,bounding,1000,0.6397585868835449,0.6397585868835449,1.2188588380813599,0.7873985171318054,0.15842357277870178,0.4914456009864807,1.5827354192733765,0.15842357277870178,0.04791567474603653,0.2641741633415222,0.1454983949661255,1.0400514602661133,2.339090585708618,2.0201945304870605,5.981947898864746,0.4914456009864807,0.5779837369918823,0.047574806958436966,0.014387654140591621,0.6199609041213989,0.22633245587348938,370.92181396484375,278.6133728027344,33.587867736816406,64.65251159667969,458.46624755859375,0.10897506773471832,0.10374999046325684,0.7411153316497803,2.6055374145507812,1.0630000829696655,0.024377185851335526,0.04000015929341316,3.000000238418579,0.5,0.11999969929456711,0.3800007998943329,-0.0385628268122673,0.36020350456237793,0.42729121446609497,0.5753966569900513,0.12915641069412231,0.3305544853210449,0.5725002288818359,0.32385557889938354,0.48421114683151245,0.49330928921699524,0.3478041887283325,1.0,0.9792482256889343,0.9635162353515625,0.11891771107912064,0.19986456632614136,1.0,0.024000000208616257,0.009000000543892384,0.015000000596046448,1.063,0.6971921875918685,1.5656044242474498,0.21889649322462096,0.3814425185609563,1.5294085738312762,2.4458020972402377,0.7602524166300837,0.2489226006192057,0.12188592925667763,0.07811486721038818,304.3189271603611,0.08374442160129547,0.08935055136680603,0.28960156440734863,0.07878371328115463,0.010816862806677818,0.28940683603286743,0.5418428182601929,0.595264196395874,0.9635162353515625,0.9849999994039536,0.4858998758228202,"progress_score,survival_score,scuffing_score,impact_score,lateral_score,orientation_score"
bounding,2,action_space,1.0,3.4000000953674316,0.0,0.5,-1.0,0.08999999612569809,-1.0,0.3400000035762787,0.0,0.0,stepping_stones_easy_bound_highspeed,stepping_stones_easy,2.0,bounding,1000,0.614782452583313,0.614782452583313,1.1923205852508545,0.8153166770935059,0.16757997870445251,0.5517339706420898,1.5110118389129639,0.16757997870445251,0.049581997096538544,0.2531156837940216,0.137302428483963,1.191330909729004,3.5994558334350586,1.8298343420028687,5.030844688415527,0.5517339706420898,0.686233639717102,0.04341792315244675,0.023427162319421768,0.6728786826133728,0.2887136936187744,394.73382568359375,292.335693359375,33.5002555847168,63.94181823730469,688.9743041992188,0.10034862160682678,0.11408332735300064,0.9781421422958374,3.4246716499328613,1.1640000343322754,0.023846402764320374,0.04000015929341316,3.385605812072754,0.5,0.09108023345470428,0.34143948554992676,0.0,0.3918290436267853,0.3965785503387451,0.6039606332778931,0.15175828337669373,0.3034670948982239,0.5427623391151428,0.3027188777923584,0.5031836032867432,0.4738789498806,0.32840508222579956,0.6385031938552856,0.9792481660842896,0.9635125994682312,0.11895313858985901,0.20014439523220062,0.9995999932289124,0.023000001907348633,0.007000000216066837,0.01600000075995922,1.164,0.8403282558795103,1.7152719196880282,0.22267015313359476,0.37054342320970024,1.8972231902006307,2.2429544552699965,0.8283922016274067,0.25854416541834496,0.11923201382160187,0.08076878264546394,331.06349967156274,0.0700206458568573,0.04763898253440857,0.2626582086086273,0.08186762034893036,0.003106452524662018,0.26034244894981384,0.4792468547821045,0.5652898550033569,0.9635125994682312,0.9839999992400408,0.467372463820012,"progress_score,survival_score,scuffing_score,impact_score,lateral_score,orientation_score"
bounding,2,action_space,1.0,3.4000000953674316,0.0,0.5,-1.0,0.08999999612569809,0.0,0.3799999952316284,1.0,0.03999999910593033,stepping_stones_easy_bound_highspeed,stepping_stones_easy,2.0,bounding,1000,0.6273364424705505,0.6273364424705505,1.2955145835876465,0.7172397375106812,0.15612715482711792,0.4723361134529114,1.5402344465255737,0.15612715482711792,0.043135590851306915,0.2428891956806183,0.13723881542682648,1.0092488527297974,2.531249761581421,1.78689706325531,4.698599815368652,0.4723361134529114,0.46712708473205566,0.02566220611333847,0.015443747863173485,0.6431441307067871,0.23420479893684387,381.75506591796875,284.0185241699219,32.91469955444336,63.85826873779297,548.090087890625,0.09932050108909607,0.10566665977239609,0.9092376232147217,3.2750072479248047,1.196000099182129,0.025910280644893646,0.04000015929341316,3.3844082355499268,0.5,0.09117002785205841,0.3800007998943329,0.038439925760030746,0.43577492237091064,0.41985374689102173,0.6487863063812256,0.14296528697013855,0.331160306930542,0.5745790004730225,0.31966647505760193,0.5334804058074951,0.5046765804290771,0.33717256784439087,0.6396257877349854,0.9775188565254211,0.960472047328949,0.12130296230316162,0.20924162864685059,0.9996000528335571,0.026000000536441803,0.003000000026077032,0.023000001907348633,1.196,0.7602320642375627,1.6547810230296436,0.20769109478094364,0.3704575757449515,1.5909901827419994,2.1676253863084027,0.6834669595028392,0.20274603319550288,0.12955140322446823,0.07044939324259758,294.6744643049721,0.1277434378862381,0.107419453561306,0.4394993484020233,0.09045106917619705,0.009241086430847645,0.27629441022872925,0.5043044686317444,0.5895867943763733,0.960472047328949,0.9769999980926514,0.5046242844117315,"progress_score,survival_score,scuffing_score,impact_score,lateral_score,orientation_score"
bounding,2,action_space,1.0,3.4000000953674316,0.0,0.5,-1.0,0.08999999612569809,1.0,0.3799999952316284,-1.0,-0.03999999910593033,stepping_stones_easy_bound_highspeed,stepping_stones_easy,2.0,bounding,1000,0.6027188897132874,0.6027188897132874,1.1674211025238037,0.8479334115982056,0.1604025661945343,0.5565990209579468,1.3878720998764038,0.1604025661945343,0.04731094092130661,0.256425142288208,0.14051112532615662,1.1750869750976562,3.282895565032959,1.983022689819336,5.817604064941406,0.5565990209579468,0.6489909887313843,0.038480792194604874,0.02261698618531227,0.6957526803016663,0.3019821047782898,415.67254638671875,313.79595947265625,33.472694396972656,64.62954711914062,491.6328430175781,0.10659833252429962,0.11016665399074554,0.8679220080375671,3.125739097595215,1.1380000114440918,0.023348424583673477,0.04000015929341316,3.3856115341186523,0.5,0.09107980877161026,0.3800007998943329,-0.03856024146080017,0.3768429160118103,0.3804571032524109,0.5808607339859009,0.1326856017112732,0.30548661947250366,0.5273644924163818,0.3215053677558899,0.48975569009780884,0.4831387996673584,0.3183908462524414,0.6384978294372559,0.9792481660842896,0.9599826335906982,0.06457483023405075,0.15022093057632446,0.9994000196456909,0.024000000208616257,0.0060000005178153515,0.017999999225139618,1.138,0.7626731081461445,1.6573155633630083,0.21751078345982439,0.3748481363514518,1.8118762554415682,2.4119709917288406,0.8055997695700914,0.24717964798890127,0.11674212291836739,0.08325867354869843,356.06050420717247,0.05636177211999893,0.04513828083872795,0.29465338587760925,0.09689852595329285,0.0023824109230190516,0.24870063364505768,0.5032472610473633,0.5764692425727844,0.9599826335906982,0.9820000007748604,0.4728997869319037,"progress_score,survival_score,scuffing_score,impact_score,lateral_score,orientation_score"
bounding,2,action_space,1.0,3.4000000953674316,0.0,0.5,0.0,0.11999999731779099,-1.0,0.3400000035762787,0.0,0.0,stepping_stones_easy_bound_highspeed,stepping_stones_easy,2.0,bounding,1000,0.670899510383606,0.670899510383606,1.197477102279663,0.810739278793335,0.15085303783416748,0.49593836069107056,1.2195498943328857,0.15085303783416748,0.0397045761346817,0.2549937963485718,0.13758544623851776,1.1404459476470947,3.191506862640381,1.9026861190795898,5.330753803253174,0.49593836069107056,0.5293188095092773,0.031088031828403473,0.018796281889081,0.6568664312362671,0.2539137303829193,381.03045654296875,285.2232666015625,33.1815185546875,63.58075714111328,458.9220275878906,0.10047105699777603,0.12416666001081467,0.9018299579620361,3.324708938598633,1.183000087738037,0.023949548602104187,0.04000015929341316,3.3844094276428223,0.5,0.11999969929456711,0.3415592312812805,0.0,0.39003586769104004,0.41539204120635986,0.6172095537185669,0.14004652202129364,0.31285279989242554,0.5640906095504761,0.3640528619289398,0.5052939057350159,0.476712703704834,0.3330720067024231,1.0,0.9775188565254211,0.9646570682525635,0.23542916774749756,0.3125854432582855,0.9996000528335571,0.026000000536441803,0.004000000189989805,0.02199999988079071,1.183,0.7623245097375582,1.6764261024075182,0.19926007160161743,0.3709251221453162,1.7864789006983488,2.308842524567922,0.7275429949558152,0.2233479655548366,0.11974774301052094,0.08025305345654488,318.19435696732137,0.07213666290044785,0.08547353744506836,0.3687315881252289,0.13350166380405426,0.006230649538338184,0.26881474256515503,0.49529528617858887,0.5374963879585266,0.9646570682525635,0.9780000001192093,0.48010937085277156,"progress_score,survival_score,scuffing_score,impact_score,lateral_score,orientation_score"
bounding,2,action_space,1.0,3.4000000953674316,0.0,0.5,0.0,0.11999999731779099,0.0,0.3799999952316284,0.0,0.0,stepping_stones_easy_bound_highspeed,stepping_stones_easy,2.0,bounding,1000,0.6989936828613281,0.6989936828613281,1.1999119520187378,0.8061357736587524,0.17275312542915344,0.5843747854232788,1.5652720928192139,0.17275312542915344,0.05138242244720459,0.24477466940879822,0.13192765414714813,1.0965454578399658,2.7123889923095703,1.9289147853851318,5.552336692810059,0.5843747854232788,0.7165486812591553,0.036387085914611816,0.016738981008529663,0.6628636717796326,0.29544317722320557,383.79248046875,287.5447998046875,33.32392120361328,64.51636505126953,432.9512634277344,0.1031988114118576,0.11541666090488434,0.9842302799224854,3.570256233215332,1.193000078201294,0.023998234421014786,0.04000015929341316,3.3874106407165527,0.5,0.11999969929456711,0.3800007998943329,0.0,0.3761482834815979,0.3657954931259155,0.5969188213348389,0.13887329399585724,0.3063419461250305,0.5128375887870789,0.2961501479148865,0.512830376625061,0.4755237102508545,0.3281090557575226,1.0,0.9818421602249146,0.9751636981964111,0.4724661111831665,0.5154514908790588,1.0,0.021000001579523087,0.007000000216066837,0.014000000432133675,1.193,0.8250043282265036,1.7299336578316356,0.22667691202944465,0.3632184661428272,1.646933208211423,2.356339681117741,0.8464919853484469,0.2304909259019571,0.11999117210507393,0.08000962436199188,319.8505355522592,0.07431670278310776,0.032878413796424866,0.34558337926864624,0.0748012587428093,0.0027152709662914276,0.2656097114086151,0.4732328951358795,0.5615338087081909,0.9751636981964111,0.9859999995678663,0.4757207387960271,"progress_score,survival_score,scuffing_score,impact_score,lateral_score,orientation_score"
bounding,2,action_space,1.0,3.4000000953674316,0.0,0.5,1.0,0.11999999731779099,-1.0,0.3400000035762787,0.0,0.0,stepping_stones_easy_bound_highspeed,stepping_stones_easy,2.0,bounding,1000,0.6494322419166565,0.6494322419166565,1.1865147352218628,0.8170459270477295,0.15381449460983276,0.4797016978263855,1.2214717864990234,0.15381449460983276,0.040625013411045074,0.25335824489593506,0.1468139886856079,1.0543177127838135,2.4403843879699707,1.8802976608276367,5.190432548522949,0.4797016978263855,0.47341784834861755,0.034164462238550186,0.015622999519109726,0.6435952186584473,0.24647526443004608,376.478271484375,284.78070068359375,32.938697814941406,63.61196517944336,372.3101501464844,0.10211516916751862,0.11708333343267441,0.8713970184326172,3.121936321258545,1.1679999828338623,0.02373030222952366,0.04000015929341316,3.3841025829315186,0.5,0.11999969929456711,0.3415897488594055,0.0,0.3666453957557678,0.4092590808868408,0.6198935508728027,0.14268991351127625,0.3197072148323059,0.5597084164619446,0.3785021901130676,0.5128120183944702,0.4874268174171448,0.3391045928001404,1.0,0.9766541719436646,0.9591850638389587,0.12208285927772522,0.21008794009685516,0.999000072479248,0.027000000700354576,0.003000000026077032,0.024000000208616257,1.168,0.7460590519317208,1.6348976851957535,0.20155647697616932,0.38316313586461825,1.5621729699268165,2.278252081865163,0.6880536667648953,0.223131041672063,0.1186515111476183,0.08134928531944752,317.29759463457356,0.06923449039459229,0.1001448929309845,0.3694465458393097,0.13081489503383636,0.007230078801512718,0.2760452628135681,0.512618899345398,0.5568737983703613,0.9591850638389587,0.9759999997913837,0.4841880227782224,"progress_score,survival_score,scuffing_score,impact_score,lateral_score,orientation_score"
pacing,3,action_space,-1.0,2.0999999046325684,0.0,0.5,-1.0,0.08999999612569809,-1.0,0.3400000035762787,1.0,0.03999999910593033,stepping_stones_easy_bound_highspeed,stepping_stones_easy,2.0,bounding,1000,0.6069219708442688,0.6069219708442688,1.3385169506072998,0.6654326319694519,0.288669615983963,0.5781093835830688,1.4719228744506836,0.288669615983963,0.12658019363880157,0.23419925570487976,0.11521473526954651,1.3650226593017578,3.5413503646850586,0.8108844757080078,1.2187626361846924,0.5781093835830688,0.7799001932144165,0.011877956800162792,0.013683171942830086,0.5383597612380981,0.27486538887023926,296.437744140625,220.8519287109375,34.204742431640625,67.58332824707031,317.71856689453125,0.09219512343406677,0.1249999850988388,0.6487151980400085,2.3147175312042236,0.8550000190734863,0.02677031420171261,0.04000015929341316,2.1149954795837402,0.5,0.09112492203712463,0.3414992094039917,0.03850006312131882,0.434448778629303,0.3596787452697754,0.7081541419029236,0.3581162691116333,0.2397831380367279,0.5115892887115479,0.19745509326457977,0.5231157541275024,0.4608643651008606,0.394228458404541,0.6390619874000549,0.9783835411071777,0.9583152532577515,0.0655682161450386,0.15478983521461487,1.0,0.02500000037252903,0.006000000052154064,0.01900000125169754,0.855,0.758731168334247,1.645378886015413,0.3557811035437402,0.3394329613775694,1.8818475933733472,1.103975831340837,0.8831195803595436,0.15987848117552556,0.13385157100856304,0.06614922545850277,221.46730678765624,0.17012831568717957,0.035362452268600464,0.5997618436813354,0.01825115829706192,0.004097788594663143,0.340711385011673,0.5082316398620605,0.5352614521980286,0.9583152532577515,0.9809999987483025,0.5175334630828156,"progress_score,survival_score,scuffing_score,impact_score,lateral_score,orientation_score"
pacing,3,action_space,-1.0,2.0999999046325684,0.0,0.5,-1.0,0.08999999612569809,1.0,0.3799999952316284,1.0,0.03999999910593033,stepping_stones_easy_bound_highspeed,stepping_stones_easy,2.0,bounding,1000,0.5972433686256409,0.5972433686256409,1.257616639137268,0.7511788606643677,0.28455740213394165,0.5778204202651978,1.426396131515503,0.28455740213394165,0.12102650105953217,0.2556089758872986,0.12566182017326355,1.394878625869751,3.7693614959716797,0.8480610847473145,1.2822059392929077,0.5778204202651978,0.7233509421348572,0.015367366373538971,0.015614412724971771,0.5673027038574219,0.29295867681503296,313.83197021484375,238.6009979248047,33.743408203125,66.89065551757812,250.7179718017578,0.09526395797729492,0.1288333237171173,0.611507773399353,2.1614205837249756,0.8490000367164612,0.025152338668704033,0.04000015929341316,2.1143927574157715,0.5,0.09107978641986847,0.3800007998943329,0.03856027498841286,0.3782689869403839,0.3616100549697876,0.6722893714904785,0.3241192102432251,0.24025419354438782,0.508133590221405,0.20333217084407806,0.4890608787536621,0.448067843914032,0.3877890706062317,0.6384975910186768,0.9792481660842896,0.9599828124046326,0.06457468867301941,0.15021902322769165,1.0,0.024000000208616257,0.006000000052154064,0.018000001087784767,0.849,0.7202682584980492,1.5955696946108993,0.3478886331278045,0.35448811005908726,1.9414843537797775,1.1323453268737889,0.8505004068987018,0.1760164171278087,0.12576169334352016,0.07423910312354565,249.5450206750876,0.10465577244758606,0.03548077121376991,0.5381405353546143,0.021345246583223343,0.0028536005411297083,0.3215489685535431,0.5291619896888733,0.5250999927520752,0.9599828124046326,0.9819999989122152,0.49756080686653914,"progress_score,survival_score,scuffing_score,impact_score,lateral_score,orientation_score"
pacing,3,action_space,-1.0,2.0999999046325684,0.0,0.5,0.0,0.11999999731779099,-1.0,0.3400000035762787,1.0,0.03999999910593033,stepping_stones_easy_bound_highspeed,stepping_stones_easy,2.0,bounding,1000,0.6439017057418823,0.6439017057418823,1.363346815109253,0.6406219005584717,0.29157912731170654,0.5705673098564148,1.419232964515686,0.29157912731170654,0.12758663296699524,0.25480371713638306,0.1354687213897705,1.3579530715942383,3.543684482574463,0.822650671005249,1.252961277961731,0.5705673098564148,0.6996701955795288,0.012909980490803719,0.015612432733178139,0.5586881041526794,0.2596423029899597,314.6358642578125,237.01910400390625,34.80992889404297,69.45838928222656,920.2409057617188,0.10186377912759781,0.12008333206176758,0.6192264556884766,2.3142778873443604,0.8280000686645508,0.027266941964626312,0.04000015929341316,2.1150121688842773,0.5,0.11999969929456711,0.3415008783340454,0.038498327136039734,0.4362356960773468,0.35977238416671753,0.7036983966827393,0.35163480043411255,0.23083838820457458,0.5126985311508179,0.19420014321804047,0.4893561601638794,0.4580690860748291,0.3899509906768799,1.0,0.9783835411071777,0.9619910717010498,0.12014418840408325,0.20481494069099426,1.0,0.02500000037252903,0.00800000037997961,0.017000000923871994,0.828,0.7478580198426178,1.6718317906624536,0.35719271124561774,0.368060757742211,1.882467657776479,1.1193575291039637,0.8364629074738036,0.16888579935560555,0.13633470982313156,0.06366608664393425,230.78197034743422,0.19367268681526184,0.03856267035007477,0.5652719736099243,0.018855217844247818,0.005556169897317886,0.3271370232105255,0.4972037374973297,0.5485830307006836,0.9619910717010498,0.982999999076128,0.520031590406832,"progress_score,survival_score,scuffing_score,impact_score,lateral_score,orientation_score"
pacing,3,action_space,-1.0,2.0999999046325684,0.0,0.5,0.0,0.11999999731779099,0.0,0.3799999952316284,0.0,0.0,stepping_stones_easy_bound_highspeed,stepping_stones_easy,2.0,bounding,1000,0.700911819934845,0.700911819934845,1.3144257068634033,0.6914151906967163,0.29063862562179565,0.5887314081192017,1.4882690906524658,0.29063862562179565,0.12805677950382233,0.27476760745048523,0.1432623565196991,1.3553054332733154,3.6593332290649414,0.8638725280761719,1.3772752285003662,0.5887314081192017,0.8677780628204346,0.012158678844571114,0.01416117325425148,0.5556931495666504,0.28738197684288025,311.5498352050781,236.37477111816406,34.523765563964844,68.37454986572266,490.224365234375,0.1015920341014862,0.11433331668376923,0.7217574715614319,2.73720121383667,0.8320000171661377,0.02628852054476738,0.04000015929341316,2.114396095275879,0.5,0.11999969929456711,0.3800007998943329,0.0,0.4032822251319885,0.3647592067718506,0.6976984739303589,0.34030377864837646,0.2394045889377594,0.518217146396637,0.19820909202098846,0.45036381483078003,0.4557999074459076,0.3936340808868408,1.0,0.9792482256889343,0.9716157913208008,0.47577252984046936,0.5249030590057373,1.0,0.024000000208616257,0.007000000216066837,0.017000000923871994,0.832,0.8674969306358924,1.8138095971345647,0.3578502193709294,0.3785001407129185,1.912938375657967,1.1735736996458153,0.9315460604932182,0.16223394249916567,0.1314426027238369,0.06855819374322891,237.02354083482237,0.14775203168392181,0.03124028630554676,0.5907295346260071,0.01743275113403797,0.0031903020571917295,0.32910239696502686,0.43934234976768494,0.5645837187767029,0.9716157913208008,0.982999999076128,0.5096179619431496,"progress_score,survival_score,scuffing_score,impact_score,lateral_score,orientation_score"
pacing,3,action_space,-1.0,2.0999999046325684,0.0,0.5,0.0,0.11999999731779099,1.0,0.3799999952316284,-1.0,-0.03999999910593033,stepping_stones_easy_bound_highspeed,stepping_stones_easy,2.0,bounding,1000,0.6366424560546875,0.6366424560546875,1.28532874584198,0.7206005454063416,0.2946315407752991,0.5699894428253174,1.522059679031372,0.2946315407752991,0.13096387684345245,0.2781607210636139,0.14733727276325226,1.4449260234832764,3.925729274749756,0.7799903154373169,1.0529223680496216,0.5699894428253174,0.7471683025360107,0.014103035442531109,0.019700679928064346,0.5678598880767822,0.24558484554290771,328.4053955078125,247.87803649902344,33.95771789550781,68.09666442871094,788.9345703125,0.1063910722732544,0.10225000232458115,0.6581786870956421,2.4788196086883545,0.8330000638961792,0.025706572458148003,0.04000015929341316,2.1161203384399414,0.5,0.11999969929456711,0.3800007998943329,-0.038387592881917953,0.39374569058418274,0.36760926246643066,0.6820968985557556,0.35352829098701477,0.2318188101053238,0.5148353576660156,0.1843876838684082,0.4415547847747803,0.46431660652160645,0.39088353514671326,1.0,0.9766542315483093,0.9589653015136719,0.12239210307598114,0.21305173635482788,0.9996000528335571,0.027000000700354576,0.004999999888241291,0.02199999988079071,0.833,0.7901304320556347,1.7250430465730449,0.3618893157354227,0.38384537611289815,1.9813453194104647,1.0261200553783274,0.8643889764081971,0.1838578673067744,0.12853286229074,0.0714679341763258,255.50303497856035,0.12529796361923218,0.038817670196294785,0.5086097121238708,0.01590157113969326,0.007359988521784544,0.32119086384773254,0.475236177444458,0.5997453927993774,0.9589653015136719,0.9780000001192093,0.5042501289985681,"progress_score,survival_score,scuffing_score,impact_score,lateral_score,orientation_score"
pacing,3,action_space,-1.0,2.0999999046325684,0.0,0.5,0.0,0.11999999731779099,1.0,0.3799999952316284,1.0,0.03999999910593033,stepping_stones_easy_bound_highspeed,stepping_stones_easy,2.0,bounding,1000,0.6380220651626587,0.6380220651626587,1.261383295059204,0.7433352470397949,0.2812277674674988,0.5881139039993286,1.3753867149353027,0.2812277674674988,0.11828991770744324,0.25747162103652954,0.13002543151378632,1.3833982944488525,3.5917506217956543,0.9236825704574585,1.5574719905853271,0.5881139039993286,0.8119709491729736,0.015607699751853943,0.015072794631123543,0.5487442016601562,0.2553284168243408,305.34796142578125,229.43052673339844,33.856117248535156,66.51606750488281,237.90261840820312,0.09959868341684341,0.13099999725818634,0.6807757019996643,2.5097227096557617,0.8400000333786011,0.02522766962647438,0.04000015929341316,2.114865779876709,0.5,0.11999969929456711,0.3800007998943329,0.03851299732923508,0.38696449995040894,0.3802335262298584,0.6834511756896973,0.3322611451148987,0.23512239754199982,0.525875449180603,0.2080153524875641,0.4846610426902771,0.45168426632881165,0.38859623670578003,1.0,0.9783835411071777,0.9620687961578369,0.11996108293533325,0.20284542441368103,1.0,0.02500000037252903,0.007000000216066837,0.018000001087784767,0.84,0.8104471842447917,1.7285152781981088,0.34393301340150995,0.3605903929859839,1.89519144726744,1.2479871756493843,0.9010943064812771,0.17515848361691616,0.1261383481323719,0.07386244833469391,242.0738903248671,0.10967990756034851,0.031468141824007034,0.541392982006073,0.023725971579551697,0.0060568321496248245,0.33370816707611084,0.47381359338760376,0.519442081451416,0.9620687961578369,0.9819999989122152,0.4928975057249007,"progress_score,survival_score,scuffing_score,impact_score,lateral_score,orientation_score"
pacing,3,action_space,-1.0,2.0999999046325684,0.0,0.5,1.0,0.11999999731779099,-1.0,0.3400000035762787,-1.0,-0.03999999910593033,stepping_stones_easy_bound_highspeed,stepping_stones_easy,2.0,bounding,1000,0.6281757950782776,0.6281757950782776,1.3058308362960815,0.6990959048271179,0.29236435890197754,0.5938994288444519,1.4878145456314087,0.29236435890197754,0.12913361191749573,0.27719780802726746,0.14512617886066437,1.3739519119262695,3.4376444816589355,0.8374744653701782,1.2819139957427979,0.5938994288444519,0.8107606768608093,0.014925993978977203,0.018709156662225723,0.579464316368103,0.26043540239334106,324.0495300292969,244.72708129882812,34.47743225097656,68.64794921875,458.5635681152344,0.10672697424888611,0.11749999225139618,0.6075277328491211,2.273972988128662,0.8240000009536743,0.026116620749235153,0.04000015929341316,2.114994525909424,0.5,0.11999969929456711,0.3414989411830902,-0.038500137627124786,0.4027111530303955,0.3499763309955597,0.6855705380439758,0.34047168493270874,0.2242327183485031,0.500293493270874,0.194726824760437,0.4434337913990021,0.4625489413738251,0.38601094484329224,1.0,0.9783835411071777,0.9583152532577515,0.06556763499975204,0.1547859013080597,0.9998000264167786,0.02500000037252903,0.010999999940395355,0.014000000432133675,0.824,0.7372909101467688,1.6612272120298965,0.35935165495304977,0.3809543002259777,1.8540885851703353,1.1322164085292166,0.9004224990862952,0.1833988839693495,0.13058310374617577,0.06941769272089005,248.1558261776432,0.14157292246818542,0.029388101771473885,0.5103272795677185,0.017069073393940926,0.005468735937029123,0.3138222098350525,0.5016167163848877,0.5557148456573486,0.9583152532577515,0.9859999995678663,0.5050398806404127,"progress_score,survival_score,scuffing_score,impact_score,lateral_score,orientation_score"
pacing,3,action_space,-1.0,2.0999999046325684,0.0,0.5,1.0,0.11999999731779099,0.0,0.3799999952316284,-1.0,-0.03999999910593033,stepping_stones_easy_bound_highspeed,stepping_stones_easy,2.0,bounding,1000,0.6324627995491028,0.6324627995491028,1.2141692638397217,0.7889668345451355,0.27875128388404846,0.6111516952514648,1.3327242136001587,0.27875128388404846,0.11745426058769226,0.2730283737182617,0.13981515169143677,1.4564268589019775,4.1784844398498535,0.865699291229248,1.4049211740493774,0.6111516952514648,0.7898556590080261,0.0161909069865942,0.02060135081410408,0.5938436388969421,0.28029665350914,351.4057312011719,272.82684326171875,32.72159194946289,65.99024963378906,344.6916198730469,0.10605048388242722,0.11516664922237396,0.597223162651062,2.251668691635132,0.8210000395774841,0.024283375591039658,0.04000015929341316,2.1139984130859375,0.5,0.11999969929456711,0.3800007998943329,-0.03859966993331909,0.3655952215194702,0.34843480587005615,0.6616076827049255,0.3396846354007721,0.22366267442703247,0.4900725185871124,0.2161770612001419,0.4470113515853882,0.461506187915802,0.3778262138366699,1.0,0.9792481660842896,0.9640465974807739,0.1183207780122757,0.19606579840183258,0.9994000196456909,0.024000000208616257,0.004000000189989805,0.019999999552965164,0.821,0.7274337935825214,1.6560775389664806,0.3427160057360792,0.373918643145052,2.044134154073517,1.1852937079261736,0.8887382398704503,0.1918130803691403,0.12141687795519829,0.07858391851186752,289.4207106593004,0.0829203650355339,0.023871643468737602,0.47910037636756897,0.025177376344799995,0.003675988642498851,0.3049256503582001,0.5037635564804077,0.5622361898422241,0.9640465974807739,0.9800000004470348,0.4896697860799337,"progress_score,survival_score,scuffing_score,impact_score,lateral_score,orientation_score"
pacing,3,action_space,-1.0,2.0999999046325684,0.0,0.5,1.0,0.11999999731779099,1.0,0.3799999952316284,-1.0,-0.03999999910593033,stepping_stones_easy_bound_highspeed,stepping_stones_easy,2.0,bounding,1000,0.6213527917861938,0.6213527917861938,1.2546495199203491,0.749697208404541,0.29372355341911316,0.6185709238052368,1.3118222951889038,0.29372355341911316,0.12958838045597076,0.2750217020511627,0.14006777107715607,1.4492218494415283,3.9672093391418457,0.8220127820968628,1.160675287246704,0.6185709238052368,0.8214403390884399,0.012935817241668701,0.018792666494846344,0.5599358677864075,0.27573809027671814,320.5084228515625,246.37518310546875,34.114356994628906,66.95828247070312,329.39141845703125,0.10099571198225021,0.12349998950958252,0.6181769967079163,2.2318103313446045,0.8340000510215759,0.02509300410747528,0.04000015929341316,2.114396095275879,0.5,0.11999969929456711,0.3800007998943329,-0.03855997323989868,0.3538626432418823,0.3386332392692566,0.6654267907142639,0.3307121992111206,0.21643730998039246,0.48285946249961853,0.21203187108039856,0.44785550236701965,0.4405129849910736,0.393560528755188,1.0,0.9792481660842896,0.9599826335906982,0.06457646936178207,0.15023212134838104,0.9998000264167786,0.024000000208616257,0.006000000052154064,0.018000001087784767,0.834,0.7412194268023081,1.6358579538933835,0.3599838613826608,0.3742562906313748,1.9917854651397187,1.0773464100495738,0.9063334591023549,0.17812491048844079,0.1254650205373764,0.07453577592968941,255.45653807121357,0.1055908352136612,0.021790092810988426,0.530163586139679,0.020169373601675034,0.004026886075735092,0.32632166147232056,0.5122165083885193,0.5392910242080688,0.9599826335906982,0.9819999989122152,0.49762628139241755,"progress_score,survival_score,scuffing_score,impact_score,lateral_score,orientation_score"
pacing,3,action_space,-1.0,2.0999999046325684,0.0,0.5,1.0,0.11999999731779099,1.0,0.3799999952316284,1.0,0.03999999910593033,stepping_stones_easy_bound_highspeed,stepping_stones_easy,2.0,bounding,1000,0.6206454038619995,0.6206454038619995,1.1994775533676147,0.8028025031089783,0.27921605110168457,0.5968612432479858,1.4891997575759888,0.27921605110168457,0.12054768949747086,0.26543813943862915,0.13987749814987183,1.4162988662719727,3.941891670227051,0.8381987810134888,1.2586170434951782,0.5968612432479858,0.8160035610198975,0.014649339951574802,0.017624979838728905,0.5672840476036072,0.3014884293079376,314.4412841796875,240.82962036132812,33.942806243896484,66.76840209960938,412.773193359375,0.09922005981206894,0.11041665077209473,0.5805778503417969,1.988159418106079,0.8360000252723694,0.02398955076932907,0.04000015929341316,2.114396095275879,0.5,0.11999969929456711,0.3800007998943329,0.038560010492801666,0.34645217657089233,0.3610932230949402,0.6674743294715881,0.33643272519111633,0.2209104746580124,0.5067909955978394,0.203942209482193,0.470760703086853,0.4506135582923889,0.38896644115448,1.0,0.9792482256889343,0.9599826335906982,0.0645761638879776,0.15023016929626465,1.0,0.024000000208616257,0.003000000026077032,0.021000001579523087,0.836,0.6944711493533193,1.5421352025564719,0.3471997832624192,0.37400200286879726,1.9854197717931215,1.1218810291181407,0.9033291543063898,0.17965054909546951,0.11994775384664536,0.08005304262042046,262.1485356661091,0.07592818140983582,0.028369704261422157,0.5244073867797852,0.020238801836967468,0.00240605091676116,0.32156097888946533,0.5518134236335754,0.5757491588592529,0.9599826335906982,0.9789999984204769,0.5002098654053713,"progress_score,survival_score,scuffing_score,impact_score,lateral_score,orientation_score"
pacing,3,action_space,0.0,2.5,0.0,0.5,-1.0,0.08999999612569809,-1.0,0.3400000035762787,-1.0,-0.03999999910593033,stepping_stones_easy_bound_highspeed,stepping_stones_easy,2.0,bounding,1000,0.6167771816253662,0.6167771816253662,1.2994184494018555,0.7031300663948059,0.2508040964603424,0.5541298985481262,1.5640575885772705,0.2508040964603424,0.0976182222366333,0.26006749272346497,0.13752427697181702,1.2827459573745728,3.0362496376037598,0.8520994186401367,1.396376371383667,0.5541298985481262,0.6977150440216064,0.020001418888568878,0.01551743596792221,0.5500673055648804,0.27807027101516724,318.28094482421875,238.71856689453125,34.35015869140625,66.71916961669922,341.4453430175781,0.09381610155105591,0.12041667103767395,0.5930081605911255,1.825969934463501,0.9450000524520874,0.025988362729549408,0.04000015929341316,2.5,0.5,0.09115375578403473,0.3415376543998718,-0.03846161067485809,0.42829328775405884,0.38813841342926025,0.6919016242027283,0.3429545760154724,0.2298191487789154,0.5348296165466309,0.20756801962852478,0.482490599155426,0.4751613736152649,0.38481366634368896,0.6394222974777222,0.9775189161300659,0.9606775045394897,0.12099941074848175,0.20649436116218567,1.0,0.026000000536441803,0.005000000353902578,0.021000001579523087,0.945,0.6275217530588625,1.3900514727489535,0.31243914965418995,0.37084265797210686,1.7424837553342527,1.1816837019201318,0.8352933879910738,0.18846446576607243,0.12994181364774704,0.07005898281931877,244.94106957672403,0.13840548694133759,0.04639333114027977,0.49145883321762085,0.029705530032515526,0.0038433719892054796,0.33282628655433655,0.6168923377990723,0.5476694703102112,0.9606775045394897,0.9789999984204769,0.5133832018626363,"progress_score,survival_score,scuffing_score,impact_score,lateral_score,orientation_score"
pacing,3,action_space,0.0,2.5,0.0,0.5,-1.0,0.08999999612569809,-1.0,0.3400000035762787,1.0,0.03999999910593033,stepping_stones_easy_bound_highspeed,stepping_stones_easy,2.0,bounding,1000,0.6248176693916321,0.6248176693916321,1.353616714477539,0.652036726474762,0.2521188259124756,0.5305130481719971,1.362377405166626,0.2521188259124756,0.09985405206680298,0.22997519373893738,0.11972171068191528,1.21888267993927,2.708463668823242,0.821060299873352,1.2916433811187744,0.5305130481719971,0.685383677482605,0.013300356455147266,0.01790708489716053,0.5573802590370178,0.2490309178829193,320.67083740234375,241.83824157714844,34.48009490966797,67.87672424316406,480.17059326171875,0.08983607590198517,0.1508333683013916,0.649793267250061,2.06693434715271,0.9540000557899475,0.027072319760918617,0.04000015929341316,2.5,0.5,0.0912327840924263,0.34164300560951233,0.03835626691579819,0.4390152394771576,0.3992854654788971,0.7282761335372925,0.3622063994407654,0.23745661973953247,0.547821044921875,0.23604299128055573,0.5486158132553101,0.4690694510936737,0.3859185576438904,0.6404100656509399,0.9757895469665527,0.9577144980430603,0.1231689527630806,0.21364142000675201,0.9995999932289124,0.02800000086426735,0.0060000005178153515,0.02199999988079071,0.954,0.6811249611012841,1.4719367602502391,0.31599691781218847,0.3460082523321016,1.6457410697990258,1.1365048970940577,0.8278790234585033,0.17665628025153196,0.1353615988045931,0.06463919766247272,236.89928912122983,0.18257257342338562,0.0599382184445858,0.5357171893119812,0.03475407510995865,0.006869812496006489,0.32799381017684937,0.5817878246307373,0.4704023599624634,0.9577144980430603,0.9780000001192093,0.5105058684160835,"progress_score,survival_score,scuffing_score,impact_score,lateral_score,orientation_score"
pacing,3,action_space,0.0,2.5,0.0,0.5,-1.0,0.08999999612569809,0.0,0.3799999952316284,-1.0,-0.03999999910593033,stepping_stones_easy_bound_highspeed,stepping_stones_easy,2.0,bounding,1000,0.6290844082832336,0.6290844082832336,1.2033655643463135,0.7993433475494385,0.2615507245063782,0.621321439743042,1.4366798400878906,0.2615507245063782,0.11327797174453735,0.26946982741355896,0.1477990746498108,1.5106160640716553,5.00115442276001,0.8666379451751709,1.4101182222366333,0.621321439743042,0.8225077986717224,0.018309367820620537,0.031084589660167694,0.6041533350944519,0.2762333154678345,364.11279296875,281.12646484375,32.68808364868164,64.35165405273438,238.27696228027344,0.09791073948144913,0.13824999332427979,0.5196845531463623,1.4999547004699707,0.9070000648498535,0.024067306891083717,0.04000015929341316,2.5,0.5,0.09112493693828583,0.3800007998943329,-0.03850004822015762,0.37032902240753174,0.33874455094337463,0.6546328067779541,0.3510999381542206,0.20576220750808716,0.48387402296066284,0.25597745180130005,0.47720128297805786,0.4746050238609314,0.3702905774116516,0.6390620470046997,0.9783835411071777,0.9660162925720215,0.2341388463973999,0.3083239793777466,0.9996000528335571,0.02500000037252903,0.005000000353902578,0.020000001415610313,0.907,0.572970793029045,1.285983598995066,0.33656793035661814,0.3844464522528603,2.2363260993781764,1.1874839882022128,0.90692215689756,0.22224751400361767,0.12033653445541859,0.07966426201164722,302.57870405868033,0.07763016223907471,0.02105950377881527,0.3723655939102173,0.024668226018548012,0.0039871991612017155,0.2987026572227478,0.6613722443580627,0.500949501991272,0.9660162925720215,0.9799999985843897,0.4831287181495052,"progress_score,survival_score,scuffing_score,impact_score,lateral_score,orientation_score"
pacing,3,action_space,0.0,2.5,0.0,0.5,-1.0,0.08999999612569809,0.0,0.3799999952316284,0.0,0.0,stepping_stones_easy_bound_highspeed,stepping_stones_easy,2.0,bounding,1000,0.6736186742782593,0.6736186742782593,1.2825706005096436,0.7201970815658569,0.26116418838500977,0.5846277475357056,1.4597305059432983,0.26116418838500977,0.10572804510593414,0.24063020944595337,0.12505154311656952,1.4574942588806152,3.8103089332580566,0.8555396795272827,1.3278841972351074,0.5846277475357056,0.7459896802902222,0.015467952936887741,0.015062457881867886,0.57320636510849,0.27392780780792236,330.0535583496094,251.25418090820312,34.23213195800781,67.64759063720703,527.076904296875,0.08904168009757996,0.14266666769981384,0.7247244119644165,2.2202320098876953,0.943000078201294,0.025651417672634125,0.04000015929341316,2.5,0.5,0.09113441407680511,0.3800007998943329,0.0,0.3882885277271271,0.3596833050251007,0.6946383714675903,0.3338635563850403,0.21340741217136383,0.5003975629806519,0.22154970467090607,0.5185621976852417,0.4537246525287628,0.3783200979232788,0.6391804218292236,0.9783835411071777,0.970407247543335,0.47710472345352173,0.5294992923736572,1.0,0.02500000037252903,0.00800000037997961,0.017000000923871994,0.943,0.7685306100046394,1.5344167335468204,0.3251584922863528,0.35362627605506003,1.9520012636415112,1.1523385775175226,0.8637069412076195,0.17472953619453016,0.12825708836317062,0.07174370810389519,257.33753620928076,0.12558965384960175,0.03278133273124695,0.543020486831665,0.028035283088684082,0.004175353795289993,0.3177746832370758,0.5550990700721741,0.49000808596611023,0.970407247543335,0.982999999076128,0.5000276622411453,"progress_score,survival_score,scuffing_score,impact_score,lateral_score,orientation_score"
pacing,3,action_space,0.0,2.5,0.0,0.5,-1.0,0.08999999612569809,0.0,0.3799999952316284,1.0,0.03999999910593033,stepping_stones_easy_bound_highspeed,stepping_stones_easy,2.0,bounding,1000,0.6394292116165161,0.6394292116165161,1.2937819957733154,0.7106268405914307,0.2527792453765869,0.5507798194885254,1.4367271661758423,0.2527792453765869,0.10239847004413605,0.22690421342849731,0.11513170599937439,1.4628031253814697,4.2279157638549805,0.8130325078964233,1.3278154134750366,0.5507798194885254,0.6790410280227661,0.013175953179597855,0.019385602325201035,0.5782220959663391,0.305616557598114,339.05908203125,258.9080505371094,33.97850799560547,67.24249267578125,536.5137939453125,0.09234320372343063,0.1197499930858612,0.6878429651260376,2.2056210041046143,0.943000078201294,0.02587563544511795,0.04000015929341316,2.5,0.5,0.09107998758554459,0.3800007998943329,0.03856000676751137,0.42249220609664917,0.39285755157470703,0.7148231267929077,0.3722715973854065,0.22827541828155518,0.5397722721099854,0.22971662878990173,0.5510189533233643,0.4632894992828369,0.37815964221954346,0.6384999752044678,0.9792481660842896,0.9673757553100586,0.23284992575645447,0.30407190322875977,0.9998000264167786,0.024000000208616257,0.004000000189989805,0.020000001415610313,0.943,0.7294198255650186,1.5293594919368303,0.3199976094350332,0.3393106334899842,2.056189622543354,1.1523087318401422,0.8240394578069463,0.18044820726402047,0.12937817722558975,0.07062261924147606,262.0681715613059,0.13266049325466156,0.04814277961850166,0.5214034914970398,0.030663060024380684,0.002215379849076271,0.3146028518676758,0.5572534799575806,0.5494980812072754,0.9673757553100586,0.9799999985843897,0.5090054174591052,"progress_score,survival_score,scuffing_score,impact_score,lateral_score,orientation_score"
pacing,3,action_space,0.0,2.5,0.0,0.5,-1.0,0.08999999612569809,1.0,0.3799999952316284,-1.0,-0.03999999910593033,stepping_stones_easy_bound_highspeed,stepping_stones_easy,2.0,bounding,1000,0.6201009154319763,0.6201009154319763,1.3183963298797607,0.6849569082260132,0.2671361565589905,0.5742389559745789,1.3444653749465942,0.2671361565589905,0.11138257384300232,0.2617757320404053,0.1424393653869629,1.3227994441986084,3.3290274143218994,0.7977230548858643,1.1671361923217773,0.5742389559745789,0.7512196898460388,0.014387071132659912,0.014425531029701233,0.5642076730728149,0.2439679503440857,327.40484619140625,249.21072387695312,34.13048553466797,66.90702819824219,262.71002197265625,0.0939851850271225,0.1264999955892563,0.6361700296401978,2.0090436935424805,0.9410000443458557,0.026367921382188797,0.04000015929341316,2.5,0.5,0.09120523929595947,0.3800007998943329,-0.03839298337697983,0.4237207770347595,0.36435580253601074,0.6981127262115479,0.37035608291625977,0.22157591581344604,0.5096156001091003,0.24689042568206787,0.4853226840496063,0.46219292283058167,0.3803062438964844,0.6400658488273621,0.9766541719436646,0.9590280652046204,0.12231381237506866,0.21196231245994568,0.9991999864578247,0.027000000700354576,0.004999999888241291,0.02199999988079071,0.941,0.6760574324604809,1.4611670393917489,0.33374027902397746,0.3774114007114291,1.8245622527943242,1.0803407760155022,0.866729305980846,0.16974275290085625,0.13183960691094398,0.06816118955612183,248.33567780127692,0.15310001373291016,0.036975353956222534,0.5620007514953613,0.028096314519643784,0.007601883262395859,0.32354554533958435,0.5864005088806152,0.5312619805335999,0.9590280652046204,0.9780000001192093,0.5170871474240956,"progress_score,survival_score,scuffing_score,impact_score,lateral_score,orientation_score"
pacing,3,action_space,0.0,2.5,0.0,0.5,-1.0,0.08999999612569809,1.0,0.3799999952316284,1.0,0.03999999910593033,stepping_stones_easy_bound_highspeed,stepping_stones_easy,2.0,bounding,1000,0.6205859780311584,0.6205859780311584,1.3102600574493408,0.6937448978424072,0.26363468170166016,0.577007532119751,1.3362281322479248,0.26363468170166016,0.10695594549179077,0.23254990577697754,0.12266642600297928,1.2755844593048096,2.9734408855438232,0.8223949670791626,1.2957130670547485,0.577007532119751,0.7513918876647949,0.01472478173673153,0.01775866001844406,0.5499947667121887,0.24236971139907837,318.70330810546875,238.42117309570312,34.710205078125,68.53799438476562,420.13092041015625,0.09232480078935623,0.11266665160655975,0.6548076868057251,2.0998144149780273,0.9450000524520874,0.02620520070195198,0.04000015929341316,2.5,0.5,0.09112522751092911,0.3800007998943329,0.03849966078996658,0.42416247725486755,0.3762855529785156,0.7193549871444702,0.36776459217071533,0.23438364267349243,0.5211537480354309,0.23535200953483582,0.5509101152420044,0.47000953555107117,0.3845716714859009,0.6390656232833862,0.9783835411071777,0.9619923233985901,0.12012951076030731,0.20470285415649414,0.9998000264167786,0.02500000037252903,0.003000000026077032,0.02199999988079071,0.945,0.6929181134259259,1.4906461271283507,0.32704119846250373,0.3502376707365718,1.724366807133512,1.138293928234157,0.8668286380045337,0.18023163361401237,0.1310260035097599,0.06897479295730591,243.23668136986686,0.1458570957183838,0.035815414041280746,0.5222187042236328,0.030951090157032013,0.00784880481660366,0.3328745663166046,0.5737816095352173,0.5693082213401794,0.9619923233985901,0.9780000001192093,0.5172230965997043,"progress_score,survival_score,scuffing_score,impact_score,lateral_score,orientation_score"
pacing,3,action_space,0.0,2.5,0.0,0.5,0.0,0.11999999731779099,-1.0,0.3400000035762787,-1.0,-0.03999999910593033,stepping_stones_easy_bound_highspeed,stepping_stones_easy,2.0,bounding,1000,0.6705425977706909,0.6705425977706909,1.336315393447876,0.6680353879928589,0.26004451513290405,0.5039641261100769,1.3953779935836792,0.26004451513290405,0.10516684502363205,0.2570562958717346,0.13502274453639984,1.29227614402771,3.004547595977783,0.7945295572280884,1.186739206314087,0.5039641261100769,0.5459620952606201,0.014717306941747665,0.016278930008411407,0.5502198934555054,0.22411727905273438,324.760498046875,246.1893310546875,34.24794006347656,67.3798828125,319.3476867675781,0.09794804453849792,0.11683332920074463,0.637403130531311,2.170949935913086,0.9470000267028809,0.026726288720965385,0.04000015929341316,2.5,0.5,0.11999969929456711,0.3416163921356201,-0.0383828729391098,0.44810476899147034,0.3990287780761719,0.7051487565040588,0.3563748598098755,0.2244582176208496,0.551074743270874,0.2239445149898529,0.4886511564254761,0.4729398488998413,0.385613352060318,1.0,0.9766541719436646,0.9633001089096069,0.23667213320732117,0.31649816036224365,1.0,0.027000000700354576,0.006000000052154064,0.021000001579523087,0.947,0.67307611000198,1.5140837269583107,0.3242943801912578,0.3674544115076044,1.7333630883279427,1.0893756038731943,0.7388924788226093,0.17605748194881998,0.13363144360482693,0.06636935286223888,243.02683306591913,0.16778278350830078,0.07888229191303253,0.5379849076271057,0.03023621439933777,0.011306860484182835,0.3327247202396393,0.5637680292129517,0.5575703382492065,0.9633001089096069,0.9789999984204769,0.5206187667423173,"progress_score,survival_score,scuffing_score,impact_score,lateral_score,orientation_score"
pacing,3,action_space,0.0,2.5,0.0,0.5,0.0,0.11999999731779099,-1.0,0.3400000035762787,0.0,0.0,stepping_stones_easy_bound_highspeed,stepping_stones_easy,2.0,bounding,1000,0.7267223596572876,0.7267223596572876,1.43729829788208,0.5703346729278564,0.24543000757694244,0.4635215997695923,1.5296084880828857,0.24543000757694244,0.09444065392017365,0.22858335077762604,0.11461716890335083,1.1337815523147583,2.296919822692871,0.7540611028671265,1.0169730186462402,0.4635215997695923,0.46891090273857117,0.009118037298321724,0.01025405339896679,0.5416357517242432,0.2449350357055664,324.403564453125,246.4307403564453,34.848182678222656,69.58242797851562,339.44805908203125,0.09430666267871857,0.1354166567325592,0.7392182350158691,2.3620686531066895,0.9660000801086426,0.028745975345373154,0.04000015929341316,2.5,0.5,0.11999969929456711,0.3416399359703064,0.0,0.508410632610321,0.42000696063041687,0.7742397785186768,0.3824555277824402,0.24035489559173584,0.5791045427322388,0.23065632581710815,0.5448644161224365,0.4908466339111328,0.3950952887535095,1.0,0.9766541719436646,0.9679970741271973,0.479459673166275,0.5362725257873535,1.0,0.027000000700354576,0.009000000543892384,0.018000001087784767,0.966,0.7652361694083204,1.5637152365337843,0.30731198141330845,0.3385515749532866,1.5155592442042214,1.008450801301799,0.6847706935453438,0.13918365815457112,0.14372987672686577,0.05627091974020004,225.70371434457786,0.27222493290901184,0.11665637791156769,0.6787911057472229,0.03276411071419716,0.007456264458596706,0.33848634362220764,0.5426442623138428,0.5080968141555786,0.9679970741271973,0.9819999989122152,0.5480251624984176,"progress_score,survival_score,scuffing_score,impact_score,lateral_score,orientation_score"
pacing,3,action_space,0.0,2.5,0.0,0.5,0.0,0.11999999731779099,-1.0,0.3400000035762787,1.0,0.03999999910593033,stepping_stones_easy_bound_highspeed,stepping_stones_easy,2.0,bounding,1000,0.6702702045440674,0.6702702045440674,1.3194267749786377,0.6848912239074707,0.24614682793617249,0.5362709760665894,1.5593111515045166,0.24614682793617249,0.09571051597595215,0.2408483475446701,0.13116377592086792,1.426215410232544,3.905038356781006,0.8059333562850952,1.2721285820007324,0.5362709760665894,0.6499085426330566,0.014079473912715912,0.0201159305870533,0.5673788189888,0.29915446043014526,347.46881103515625,265.35504150390625,33.913021087646484,67.5946044921875,438.0166015625,0.09906177222728729,0.11349999904632568,0.7968885898590088,2.736917495727539,0.9330000877380371,0.02638852968811989,0.04000015929341316,2.5,0.5,0.11999969929456711,0.34155648946762085,0.038442812860012054,0.4428977370262146,0.3956143260002136,0.7218941450119019,0.3807362914085388,0.22978177666664124,0.5479624271392822,0.22061645984649658,0.5421668887138367,0.4811103641986847,0.3832939863204956,1.0,0.9775189161300659,0.9646594524383545,0.23538291454315186,0.31224438548088074,0.9998000264167786,0.026000000536441803,0.003000000026077032,0.023000001907348633,0.933,0.8541142012911977,1.7127344365763357,0.3093711621595525,0.362165398569311,1.9761169896493997,1.1278867771193757,0.8061690533833811,0.1849199948620192,0.13194264844059944,0.06805814802646637,263.3483097542734,0.1531551331281662,0.05636732280254364,0.5046409368515015,0.031007645651698112,0.0025210257153958082,0.3215000331401825,0.48029017448425293,0.5669410228729248,0.9646594524383545,0.9769999980926514,0.5059569150601563,"progress_score,survival_score,scuffing_score,impact_score,lateral_score,orientation_score"
pacing,3,action_space,0.0,2.5,0.0,0.5,0.0,0.11999999731779099,1.0,0.3799999952316284,0.0,0.0,stepping_stones_easy_bound_highspeed,stepping_stones_easy,2.0,bounding,1000,0.7088481187820435,0.7088481187820435,1.2892431020736694,0.7142438888549805,0.24433204531669617,0.5623542070388794,1.5913106203079224,0.24433204531669617,0.09441941976547241,0.24026483297348022,0.12492493540048599,1.4516000747680664,4.43519926071167,0.8136326670646667,1.3036906719207764,0.5623542070388794,0.7351665496826172,0.016970038414001465,0.019898027181625366,0.5884401798248291,0.30800822377204895,353.526611328125,268.4909973144531,33.93190002441406,67.11517333984375,294.0480651855469,0.09977322816848755,0.10616666823625565,0.701685905456543,2.4198176860809326,0.9440000057220459,0.025784863159060478,0.04000015929341316,2.5,0.5,0.11999969929456711,0.3800007998943329,0.0,0.44246625900268555,0.3833197355270386,0.7098023295402527,0.3748600482940674,0.2147984504699707,0.5331763029098511,0.20607498288154602,0.5278781652450562,0.4650966227054596,0.3783740699291229,1.0,0.9775189161300659,0.9692504405975342,0.4779735803604126,0.5311821103096008,0.9998000264167786,0.026000000536441803,0.006000000052154064,0.019999999552965164,0.944,0.7433113486079846,1.6010515701397485,0.3072774312660668,0.3534472172764782,2.105991277453843,1.1417927447311864,0.8574185382195892,0.1920105871967138,0.1289243157953024,0.07107648067176342,274.2125288547202,0.12995365262031555,0.04232308268547058,0.47837454080581665,0.030816681683063507,0.002111906185746193,0.30823883414268494,0.5268488526344299,0.5881146788597107,0.9692504405975342,0.9800000004470348,0.5070761365717963,"progress_score,survival_score,scuffing_score,impact_score,lateral_score,orientation_score"
pacing,3,action_space,0.0,2.5,0.0,0.5,0.0,0.11999999731779099,1.0,0.3799999952316284,1.0,0.03999999910593033,stepping_stones_easy_bound_highspeed,stepping_stones_easy,2.0,bounding,1000,0.6813341379165649,0.6813341379165649,1.4178369045257568,0.5874439477920532,0.2540426552295685,0.48321759700775146,1.389840841293335,0.2540426552295685,0.10030774772167206,0.227716326713562,0.12435521930456161,1.1961407661437988,2.6868159770965576,0.7339335680007935,1.035377025604248,0.48321759700775146,0.46866291761398315,0.010437768884003162,0.01206326112151146,0.5327526926994324,0.26764819025993347,311.92864990234375,233.90771484375,34.39143753051758,67.58061218261719,288.72113037109375,0.09820018708705902,0.11424997448921204,0.6790193319320679,2.3168513774871826,0.9570000171661377,0.028356727212667465,0.04000015929341316,2.5,0.5,0.11999969929456711,0.3800007998943329,0.03832457587122917,0.4867040812969208,0.3964274525642395,0.7547678351402283,0.40050390362739563,0.23842264711856842,0.5501576662063599,0.2413410097360611,0.5575852394104004,0.4749425947666168,0.3945503830909729,1.0,0.9757895469665527,0.9619450569152832,0.23793232440948486,0.3205041289329529,1.0,0.02800000086426735,0.006000000052154064,0.02199999988079071,0.957,0.7095290356419801,1.5559409583233776,0.3167139840955433,0.3526403540500741,1.6391509927692927,1.0175347785723337,0.6845895979446249,0.1500034333124233,0.14178363606333733,0.058217160403728485,220.00319564730103,0.2514876127243042,0.0968112200498581,0.6376150250434875,0.03350716829299927,0.004734098445624113,0.344553679227829,0.5459444522857666,0.5648190379142761,0.9619450569152832,0.9780000001192093,0.5486400460726337,"progress_score,survival_score,scuffing_score,impact_score,lateral_score,orientation_score"
pacing,3,action_space,0.0,2.5,0.0,0.5,1.0,0.11999999731779099,-1.0,0.3400000035762787,-1.0,-0.03999999910593033,stepping_stones_easy_bound_highspeed,stepping_stones_easy,2.0,bounding,1000,0.6423962116241455,0.6423962116241455,1.271881341934204,0.7300572395324707,0.2562914788722992,0.5729995965957642,1.468841791152954,0.2562914788722992,0.09955716133117676,0.25231918692588806,0.13426794111728668,1.4965778589248657,3.9852676391601562,0.7891757488250732,1.157647728919983,0.5729995965957642,0.7315657138824463,0.01805359125137329,0.020168256014585495,0.5766800045967102,0.2930811643600464,334.13232421875,254.91517639160156,33.775482177734375,66.63520812988281,445.93157958984375,0.0996963158249855,0.10458333045244217,0.6760743856430054,2.308297872543335,0.9390000104904175,0.02543761394917965,0.04000015929341316,2.5,0.5,0.11999969929456711,0.3414994478225708,-0.038499802350997925,0.41811907291412354,0.37934964895248413,0.6918995380401611,0.3559110164642334,0.2135893702507019,0.5266762375831604,0.20431113243103027,0.501250684261322,0.47109201550483704,0.3753930926322937,1.0,0.9783835411071777,0.9619923233985901,0.1201278567314148,0.2046915590763092,0.9998000264167786,0.02500000037252903,0.003000000026077032,0.02200000174343586,0.939,0.7199939731845714,1.5678811093711804,0.31552679970356995,0.36642590126420743,1.9963135122420417,1.0759403928285167,0.8553161484985807,0.19550408503649938,0.12718806974589825,0.07281272672116756,262.70715136886963,0.11860764026641846,0.03750483691692352,0.4655960202217102,0.031430233269929886,0.002846619114279747,0.31557464599609375,0.5408772826194763,0.5927890539169312,0.9619923233985901,0.9779999982565641,0.5054464754893593,"progress_score,survival_score,scuffing_score,impact_score,lateral_score,orientation_score"
pacing,3,action_space,0.0,2.5,0.0,0.5,1.0,0.11999999731779099,-1.0,0.3400000035762787,0.0,0.0,stepping_stones_easy_bound_highspeed,stepping_stones_easy,2.0,bounding,1000,0.6785999536514282,0.6785999536514282,1.363559603691101,0.6393014192581177,0.24038605391979218,0.488345742225647,1.3675137758255005,0.24038605391979218,0.08767804503440857,0.2382858693599701,0.12825751304626465,1.2755242586135864,3.031970500946045,0.7852656841278076,1.2085129022598267,0.488345742225647,0.5018787980079651,0.011983164586126804,0.010551167652010918,0.5394686460494995,0.25078362226486206,310.96636962890625,232.86886596679688,35.05088424682617,68.13925170898438,430.0350646972656,0.09646420180797577,0.10316666215658188,0.697545051574707,2.3437082767486572,0.9640000462532043,0.027271199971437454,0.04000015929341316,2.5,0.5,0.11999969929456711,0.34161925315856934,0.0,0.465351939201355,0.4080396294593811,0.7483710050582886,0.37141379714012146,0.23380206525325775,0.5591883659362793,0.24476778507232666,0.5398939251899719,0.4742821455001831,0.3871219754219055,1.0,0.9766541719436646,0.9632976651191711,0.23671971261501312,0.31684812903404236,1.0,0.027000000700354576,0.003000000026077032,0.024000000208616257,0.964,0.7235944439266727,1.559240960611759,0.2961047872534461,0.3581305809984183,1.7412554381669696,1.099323838666217,0.708434046335977,0.1501143971714163,0.13635599985718727,0.06364479660987854,228.0548417444553,0.19498644769191742,0.09210595488548279,0.6371904611587524,0.04410973936319351,0.006633168552070856,0.3399566113948822,0.5445431470870972,0.5970029234886169,0.9632976651191711,0.9759999997913837,0.5424662865698338,"progress_score,survival_score,scuffing_score,impact_score,lateral_score,orientation_score"
pacing,3,action_space,0.0,2.5,0.0,0.5,1.0,0.11999999731779099,-1.0,0.3400000035762787,1.0,0.03999999910593033,stepping_stones_easy_bound_highspeed,stepping_stones_easy,2.0,bounding,1000,0.6590650081634521,0.6590650081634521,1.3793072700500488,0.6254957914352417,0.2512094974517822,0.5405639410018921,1.3465142250061035,0.2512094974517822,0.10024847090244293,0.24169808626174927,0.12946602702140808,1.2552146911621094,2.9366486072540283,0.7588514089584351,1.1020581722259521,0.5405639410018921,0.6949474811553955,0.014484868384897709,0.01258246973156929,0.543001651763916,0.2428688108921051,321.5218505859375,245.02520751953125,34.045372009277344,66.35551452636719,384.0450134277344,0.09777479618787766,0.1289166510105133,0.5999715328216553,1.8694109916687012,0.9530000686645508,0.02758614905178547,0.04000015929341316,2.5,0.5,0.11999969929456711,0.341738224029541,0.0382610559463501,0.47419607639312744,0.3817453682422638,0.7410634160041809,0.37041985988616943,0.24055971205234528,0.5359158515930176,0.24435856938362122,0.5320943593978882,0.4773125648498535,0.3893035054206848,1.0,0.9749249219894409,0.9559115767478943,0.12481939792633057,0.22282774746418,0.9998000264167786,0.029000001028180122,0.006000000052154064,0.023000001907348633,0.953,0.629560792808893,1.4005735928371095,0.31662038927151065,0.35981387830572636,1.7136652553092242,1.0497895847387475,0.8336351007217699,0.16452154301630836,0.13793074525892735,0.062070051208138466,233.10386131312924,0.20909221470355988,0.0538208894431591,0.5819639563560486,0.03503234311938286,0.00777084706351161,0.3375629484653473,0.6123804450035095,0.5248812437057495,0.9559115767478943,0.9769999980926514,0.5336399258751618,"progress_score,survival_score,scuffing_score,impact_score,lateral_score,orientation_score"
pacing,3,action_space,0.0,2.5,0.0,0.5,1.0,0.11999999731779099,0.0,0.3799999952316284,1.0,0.03999999910593033,stepping_stones_easy_bound_highspeed,stepping_stones_easy,2.0,bounding,1000,0.6724493503570557,0.6724493503570557,1.3539881706237793,0.6498215198516846,0.25461775064468384,0.5463677644729614,1.4509990215301514,0.25461775064468384,0.10137183964252472,0.23882803320884705,0.12312574684619904,1.2359893321990967,2.761366605758667,0.7991434335708618,1.1349459886550903,0.5463677644729614,0.7348417639732361,0.01160177681595087,0.013930907472968102,0.5406855344772339,0.2147749960422516,312.1495056152344,234.88906860351562,34.775875091552734,68.23361206054688,221.81105041503906,0.09818795323371887,0.10124999284744263,0.6022839546203613,1.9666836261749268,0.956000030040741,0.027079779654741287,0.04000015929341316,2.5,0.5,0.11999969929456711,0.3800007998943329,0.03838183730840683,0.4471468925476074,0.3974234461784363,0.7303457260131836,0.3512476086616516,0.22920820116996765,0.5480955839157104,0.22579094767570496,0.5326864719390869,0.47217100858688354,0.3841565251350403,1.0,0.9766541719436646,0.963298499584198,0.2366892397403717,0.31663277745246887,0.9998000264167786,0.027000000700354576,0.0020000000949949026,0.02500000037252903,0.956,0.6300041166808316,1.4342943060945206,0.3183894464999189,0.3508927854006107,1.6617360216829469,1.065338438551379,0.8572291198817479,0.15978949993325273,0.13539889827370644,0.06460189819335938,230.54079229616002,0.18469083309173584,0.05053054541349411,0.6001031994819641,0.030855638906359673,0.013629757799208164,0.3391302227973938,0.5979189872741699,0.6027516722679138,0.963298499584198,0.974999999627471,0.5413057675683184,"progress_score,survival_score,scuffing_score,impact_score,lateral_score,orientation_score"
pacing,3,action_space,0.0,2.5,0.0,0.5,1.0,0.11999999731779099,1.0,0.3799999952316284,0.0,0.0,stepping_stones_easy_bound_highspeed,stepping_stones_easy,2.0,bounding,1000,0.6688131093978882,0.6688131093978882,1.35433030128479,0.648735761642456,0.25547415018081665,0.5506622791290283,1.4904502630233765,0.25547415018081665,0.1012168675661087,0.2355307936668396,0.11710407584905624,1.327351689338684,3.317249059677124,0.8038272261619568,1.1944730281829834,0.5506622791290283,0.6840958595275879,0.01624898798763752,0.013989649713039398,0.5511636734008789,0.23455168306827545,318.8980712890625,238.73440551757812,34.55323791503906,68.34703826904297,418.9373474121094,0.09949226677417755,0.11641664803028107,0.6540030241012573,2.1687521934509277,0.956000030040741,0.027086609974503517,0.04000015929341316,2.5,0.5,0.11999969929456711,0.3800007998943329,0.0,0.4463721811771393,0.3749295771121979,0.7152961492538452,0.3628216087818146,0.21760034561157227,0.5249501466751099,0.2182660698890686,0.5289302468299866,0.46576374769210815,0.3809192478656769,1.0,0.9792482256889343,0.9672365188598633,0.233249694108963,0.30673080682754517,1.0,0.024000000208616257,0.004999999888241291,0.01900000125169754,0.956,0.6841036106253269,1.5061770294363475,0.31814598467701694,0.3422047279758949,1.821331672067755,1.0929194975765522,0.827100876270596,0.17389260392747277,0.13543304987251759,0.06456774659454823,235.46550718575725,0.18573537468910217,0.048205144703388214,0.5461985468864441,0.029754120856523514,0.009177193976938725,0.33209729194641113,0.5671438574790955,0.5587331652641296,0.9672365188598633,0.9809999987483025,0.5262679104742252,"progress_score,survival_score,scuffing_score,impact_score,lateral_score,orientation_score"
pacing,3,action_space,0.0,2.5,0.0,0.5,1.0,0.11999999731779099,1.0,0.3799999952316284,1.0,0.03999999910593033,stepping_stones_easy_bound_highspeed,stepping_stones_easy,2.0,bounding,1000,0.6460314989089966,0.6460314989089966,1.2930927276611328,0.7104436159133911,0.2618865966796875,0.5723588466644287,1.5086079835891724,0.2618865966796875,0.10939595103263855,0.24036720395088196,0.12336910516023636,1.482647180557251,4.33888053894043,0.8268778324127197,1.2977683544158936,0.5723588466644287,0.7637037038803101,0.015692610293626785,0.034199267625808716,0.6135861873626709,0.26450297236442566,381.40960693359375,296.8094787597656,32.897743225097656,66.71871948242188,822.2108154296875,0.10836330056190491,0.10449998825788498,0.6149675846099854,2.0866050720214844,0.909000039100647,0.025861844420433044,0.04000015929341316,2.5,0.5,0.11999969929456711,0.3800007998943329,0.0384400300681591,0.44427311420440674,0.3682340979576111,0.6878648996353149,0.363625705242157,0.21187040209770203,0.5166743397712708,0.2110961675643921,0.5251508951187134,0.49797338247299194,0.3700626492500305,1.0,0.9775188565254211,0.9604721069335938,0.12130188941955566,0.20923441648483276,0.9995999932289124,0.026000000536441803,0.003000000026077032,0.023000001907348633,0.909,0.6765319354201045,1.5150891155369135,0.330750587350406,0.35123938440931757,2.082997969019756,1.1391963634140927,0.8739014268670753,0.22336489858398859,0.12930922210216522,0.07069157436490059,294.95920808669626,0.13279876112937927,0.03778109699487686,0.3686758279800415,0.024809541180729866,0.005041460040956736,0.29312023520469666,0.5633389949798584,0.5930361747741699,0.9604721069335938,0.9769999980926514,0.4987921846148216,"progress_score,survival_score,scuffing_score,impact_score,lateral_score,orientation_score"
pacing,3,action_space,1.0,2.9000000953674316,0.0,0.5,-1.0,0.08999999612569809,1.0,0.3799999952316284,1.0,0.03999999910593033,stepping_stones_easy_bound_highspeed,stepping_stones_easy,2.0,bounding,1000,0.6036678552627563,0.6036678552627563,1.2744073867797852,0.7316493988037109,0.2516671419143677,0.6493014693260193,1.4930362701416016,0.2516671419143677,0.10104440152645111,0.23560449481010437,0.12164407968521118,1.4938106536865234,4.293373107910156,0.9047040939331055,1.6539227962493896,0.6493014693260193,0.9939934015274048,0.024956252425909042,0.026739999651908875,0.5842681527137756,0.2903251647949219,333.6610107421875,253.17373657226562,33.980979919433594,68.23368835449219,438.8838806152344,0.09561318159103394,0.12174999713897705,0.6702346801757812,1.9566091299057007,1.0500000715255737,0.02548813819885254,0.04000015929341316,2.8861305713653564,0.5,0.09104080498218536,0.3800007998943329,0.0386122465133667,0.41695544123649597,0.3585887551307678,0.6782092452049255,0.3460797369480133,0.19483044743537903,0.49669885635375977,0.21828359365463257,0.5332065224647522,0.46675270795822144,0.3698607087135315,0.6380101442337036,0.9801129102706909,0.9616130590438843,0.06364192813634872,0.1464509665966034,0.9996000528335571,0.02199999988079071,0.00800000037997961,0.014000000432133675,1.05,0.6383186848958333,1.365077751443162,0.31787482052916854,0.3487751133398299,2.0720456336456867,1.2860492977523799,0.9969921772648995,0.22736809819721393,0.1274406909942627,0.07256010547280312,261.81660135013277,0.11750863492488861,0.014758681878447533,0.35560843348503113,0.029779817909002304,0.003007929539307952,0.3108215630054474,0.6275955438613892,0.544030487537384,0.9616130590438843,0.9859999995678663,0.4961693360421219,"progress_score,survival_score,scuffing_score,impact_score,lateral_score,orientation_score"
pacing,3,action_space,1.0,2.9000000953674316,0.0,0.5,0.0,0.11999999731779099,-1.0,0.3400000035762787,1.0,0.03999999910593033,stepping_stones_easy_bound_highspeed,stepping_stones_easy,2.0,bounding,1000,0.643090009689331,0.643090009689331,1.2757112979888916,0.7265123128890991,0.2343505620956421,0.5997339487075806,1.4580748081207275,0.2343505620956421,0.08572327345609665,0.22394344210624695,0.11637052893638611,1.42588472366333,3.614360809326172,0.8820847272872925,1.5418574810028076,0.5997339487075806,0.7466453909873962,0.01717577874660492,0.022790051996707916,0.5815179347991943,0.2721693515777588,341.57708740234375,259.8434753417969,33.346832275390625,66.11817932128906,400.4923400878906,0.09835566580295563,0.10741665959358215,0.7193048000335693,2.3294925689697266,1.0470000505447388,0.025514230132102966,0.04000015929341316,2.885006904602051,0.5,0.11999969929456711,0.3414992094039917,0.03850001096725464,0.4086028039455414,0.34664228558540344,0.6810821294784546,0.3572111129760742,0.20121441781520844,0.49388885498046875,0.24336397647857666,0.5614967942237854,0.47394421696662903,0.3690482974052429,1.0,0.9783835411071777,0.9619923233985901,0.12012562155723572,0.20467641949653625,0.9998000264167786,0.02500000037252903,0.004999999888241291,0.020000001415610313,1.047,0.6870150998761342,1.4916168760665625,0.2927853709735113,0.3411312488418294,1.9011472350468208,1.2417155394867245,0.8640864487928255,0.1999145586077033,0.12757115066051483,0.07242964580655098,267.75422302900864,0.12108279764652252,0.027411073446273804,0.4496361315250397,0.041897036135196686,0.004324810113757849,0.3125359117984772,0.5733664631843567,0.5844504833221436,0.9619923233985901,0.9799999985843897,0.5077892868338447,"progress_score,survival_score,scuffing_score,impact_score,lateral_score,orientation_score"
pacing,3,action_space,1.0,2.9000000953674316,0.0,0.5,0.0,0.11999999731779099,1.0,0.3799999952316284,0.0,0.0,stepping_stones_easy_bound_highspeed,stepping_stones_easy,2.0,bounding,1000,0.657670259475708,0.657670259475708,1.234039068222046,0.7695127129554749,0.2308097779750824,0.6197725534439087,1.612248182296753,0.2308097779750824,0.08443888276815414,0.24560895562171936,0.13015012443065643,1.5571650266647339,4.399163246154785,0.9115602970123291,1.606029748916626,0.6197725534439087,0.8900409936904907,0.02339291013777256,0.026724228635430336,0.6358962059020996,0.2708621025085449,392.2530517578125,302.9674377441406,33.09696960449219,65.25654602050781,454.06292724609375,0.10479862987995148,0.11474999040365219,0.7335628867149353,2.4250311851501465,1.0180001258850098,0.024680770933628082,0.04000015929341316,2.8856868743896484,0.5,0.11999969929456711,0.3800007998943329,0.0,0.40445005893707275,0.3593391180038452,0.6686058044433594,0.3467680811882019,0.1880779266357422,0.49698883295059204,0.2084079086780548,0.5122570991516113,0.4826921224594116,0.3525311350822449,1.0,0.9792482256889343,0.9673943519592285,0.2327171117067337,0.302974671125412,0.9994000196456909,0.024000000208616257,0.006000000052154064,0.018000001087784767,1.018,0.7205922064940447,1.5434223352380227,0.2905836932247819,0.36076325260571707,2.097418233484868,1.2672922902458714,0.9434198395679894,0.22386857477815617,0.12340385466814041,0.0765969417989254,317.86112924524747,0.09361176937818527,0.021468251943588257,0.36701858043670654,0.03684534877538681,0.004439373500645161,0.2803287208080292,0.5512658357620239,0.5634087324142456,0.9673943519592285,0.9819999989122152,0.486106922261809,"progress_score,survival_score,scuffing_score,impact_score,lateral_score,orientation_score"
pacing,3,action_space,1.0,2.9000000953674316,0.0,0.5,1.0,0.11999999731779099,-1.0,0.3400000035762787,0.0,0.0,stepping_stones_easy_bound_highspeed,stepping_stones_easy,2.0,bounding,1000,0.6518399715423584,0.6518399715423584,1.3655983209609985,0.6366087794303894,0.2343885600566864,0.5574964284896851,1.497746229171753,0.2343885600566864,0.08800092339515686,0.2301376312971115,0.11515805870294571,1.3591971397399902,3.1306099891662598,0.8057392835617065,1.2254810333251953,0.5574964284896851,0.6083194017410278,0.015830134972929955,0.014523031190037727,0.5493849515914917,0.24083857238292694,329.6721496582031,251.7171630859375,34.41569900512695,68.13672637939453,642.7466430664062,0.09285371005535126,0.11941665410995483,0.8389713764190674,2.718691825866699,1.0740001201629639,0.027311965823173523,0.04000015929341316,2.8838133811950684,0.5,0.11999969929456711,0.3416186571121216,0.0,0.458193838596344,0.3551638722419739,0.7134751081466675,0.35578614473342896,0.19894036650657654,0.5073070526123047,0.23139245808124542,0.5378178358078003,0.48482298851013184,0.38622283935546875,1.0,0.9766541719436646,0.9589519500732422,0.12247154116630554,0.21374636888504028,1.0,0.027000000700354576,0.004000000189989805,0.023000001907348633,1.074,0.7811651531766469,1.591028120140991,0.2966494958619631,0.33934946397916366,1.7693529860280168,1.1070144684353476,0.779948332738155,0.1742216007358665,0.13655982911586761,0.0634409673511982,241.4122400401066,0.19768451154232025,0.04468923434615135,0.5449488759040833,0.038474299013614655,0.00809287279844284,0.3332808017730713,0.5310800075531006,0.5504146814346313,0.9589519500732422,0.9769999980926514,0.5233448798719206,"progress_score,survival_score,scuffing_score,impact_score,lateral_score,orientation_score"
pacing,3,action_space,1.0,2.9000000953674316,0.0,0.5,1.0,0.11999999731779099,-1.0,0.3400000035762787,1.0,0.03999999910593033,stepping_stones_easy_bound_highspeed,stepping_stones_easy,2.0,bounding,1000,0.6335358619689941,0.6335358619689941,1.3103253841400146,0.6935646533966064,0.24229195713996887,0.6172245740890503,1.4903286695480347,0.24229195713996887,0.09147348999977112,0.22337372601032257,0.11690279841423035,1.388658881187439,3.32967472076416,0.8356898427009583,1.30409836769104,0.6172245740890503,0.770667314529419,0.01667330414056778,0.01460694707930088,0.5708667039871216,0.2649250030517578,338.14007568359375,261.14410400390625,34.356563568115234,67.28398132324219,390.8706970214844,0.0925355851650238,0.13641665875911713,0.7419196367263794,2.389688730239868,1.0550000667572021,0.02620650827884674,0.04000015929341316,2.8850817680358887,0.5,0.11999969929456711,0.3414916396141052,0.03850741684436798,0.42807435989379883,0.3167295753955841,0.6942557096481323,0.3541033864021301,0.21164196729660034,0.46505284309387207,0.22200503945350647,0.5630360245704651,0.4626805782318115,0.37813782691955566,1.0,0.9783835411071777,0.9583521485328674,0.06551311910152435,0.15402784943580627,0.9998000264167786,0.02500000037252903,0.004999999888241291,0.020000001415610313,1.055,0.7032412849896327,1.5050274285616023,0.30244584639199645,0.3419105122897369,1.8247396309512653,1.1419712639515234,0.8778765941346306,0.17686223797031592,0.1310325413942337,0.06896825507283211,258.05809745914365,0.14600306749343872,0.02215566858649254,0.5349376797676086,0.036160118877887726,0.004999086726456881,0.31926512718200684,0.5676348805427551,0.5055626630783081,0.9583521485328674,0.9799999985843897,0.5075792169296428,"progress_score,survival_score,scuffing_score,impact_score,lateral_score,orientation_score"
pacing,3,action_space,1.0,2.9000000953674316,0.0,0.5,1.0,0.11999999731779099,0.0,0.3799999952316284,0.0,0.0,stepping_stones_easy_bound_highspeed,stepping_stones_easy,2.0,bounding,1000,0.6515430212020874,0.6515430212020874,1.2617475986480713,0.7421525716781616,0.23473738133907318,0.6353845596313477,1.6808931827545166,0.23473738133907318,0.08655694872140884,0.2327391803264618,0.11453603208065033,1.500906229019165,3.9836618900299072,0.9107160568237305,1.6146271228790283,0.6353845596313477,0.8470287322998047,0.02120455726981163,0.014328325167298317,0.5831930637359619,0.2841470241546631,340.7513427734375,262.2555236816406,34.07387924194336,67.14457702636719,420.186279296875,0.09215623885393143,0.1365833282470703,0.7541115880012512,2.4644956588745117,1.0520000457763672,0.025234945118427277,0.04000015929341316,2.888004779815674,0.5,0.11999969929456711,0.3800007998943329,0.0,0.3829306662082672,0.34147608280181885,0.6619485020637512,0.33376994729042053,0.19586360454559326,0.4838405251502991,0.19893407821655273,0.5257478952407837,0.4484860897064209,0.36861729621887207,1.0,0.9827068448066711,0.9728129506111145,0.22769849002361298,0.28709375858306885,1.0,0.020000001415610313,0.005000000353902578,0.015000000596046448,1.052,0.7168360953095295,1.53058042292914,0.29420562319814497,0.33843172440043257,1.9959112931265024,1.2706797877038212,0.9203416389036219,0.18850167754455116,0.12617472559213638,0.07382607087492943,270.0630008240503,0.11045338213443756,0.01764794997870922,0.49132096767425537,0.03297412395477295,0.0034035355783998966,0.31149059534072876,0.556733250617981,0.5051414966583252,0.9728129506111145,0.9849999994039536,0.4949577905629811,"progress_score,survival_score,scuffing_score,impact_score,lateral_score,orientation_score"
pacing,3,action_space,1.0,2.9000000953674316,0.0,0.5,1.0,0.11999999731779099,0.0,0.3799999952316284,1.0,0.03999999910593033,stepping_stones_easy_bound_highspeed,stepping_stones_easy,2.0,bounding,1000,0.6418448090553284,0.6418448090553284,1.2948310375213623,0.7076466679573059,0.2271217256784439,0.6023960709571838,1.681165099143982,0.2271217256784439,0.08009102195501328,0.24063929915428162,0.12629738450050354,1.4854408502578735,4.133335113525391,0.8713893890380859,1.4527027606964111,0.6023960709571838,0.7519382238388062,0.02004423923790455,0.021500524133443832,0.593267560005188,0.27694129943847656,357.3887939453125,276.0971374511719,33.423683166503906,66.18270874023438,471.71368408203125,0.09597122669219971,0.12599998712539673,0.690746545791626,2.188671588897705,1.0380001068115234,0.025896623730659485,0.04000015929341316,2.885011672973633,0.5,0.11999969929456711,0.3800007998943329,0.03850039839744568,0.42037835717201233,0.3386886715888977,0.6945915222167969,0.35693949460983276,0.20361953973770142,0.48600971698760986,0.20989395678043365,0.5234911441802979,0.476340651512146,0.36901551485061646,1.0,0.9783835411071777,0.9619925618171692,0.1201210618019104,0.20464260876178741,0.9995999932289124,0.02500000037252903,0.007000000216066837,0.018000001087784767,1.038,0.665459017303408,1.4520835428225136,0.2830035723361337,0.35538343306983733,2.033060528741186,1.2052811956951834,0.8671437157927203,0.20382532563778324,0.12948311865329742,0.07051767781376839,276.0119147510134,0.13492241501808167,0.02654775232076645,0.4356590807437897,0.03751608729362488,0.003931139130145311,0.30527716875076294,0.590292751789093,0.5325918197631836,0.9619925618171692,0.9819999989122152,0.501921409741044,"progress_score,survival_score,scuffing_score,impact_score,lateral_score,orientation_score"
pacing,3,action_space,1.0,2.9000000953674316,0.0,0.5,1.0,0.11999999731779099,1.0,0.3799999952316284,-1.0,-0.03999999910593033,stepping_stones_easy_bound_highspeed,stepping_stones_easy,2.0,bounding,1000,0.6186951398849487,0.6186951398849487,1.1975871324539185,0.8061944246292114,0.24429284036159515,0.6607636213302612,1.664046049118042,0.24429284036159515,0.09542152285575867,0.2464541494846344,0.12155422568321228,1.544177532196045,4.358721733093262,0.8781613111495972,1.5171043872833252,0.6607636213302612,0.9043477773666382,0.026242146268486977,0.02378435619175434,0.6207205653190613,0.34402167797088623,358.54022216796875,278.7498779296875,33.590179443359375,65.99868774414062,446.4821472167969,0.10010592639446259,0.11516666412353516,0.7527644634246826,2.4641666412353516,1.0480000972747803,0.023951757699251175,0.04000015929341316,2.8867616653442383,0.5,0.11999969929456711,0.3800007998943329,-0.03867535665631294,0.3648955523967743,0.32259291410446167,0.6428584456443787,0.3492230772972107,0.18198515474796295,0.4613359570503235,0.2017393708229065,0.4889788031578064,0.4605979919433594,0.35661906003952026,1.0,0.9809775352478027,0.9633040428161621,0.06262464821338654,0.14145436882972717,0.9998000264167786,0.02200000174343586,0.005000000353902578,0.017000000923871994,1.048,0.7182866453214456,1.5333962031846429,0.3089037436739132,0.3486462758774461,2.08775518993326,1.2317079147603645,0.9509720171312288,0.22366605120187846,0.11975878849625587,0.08024200797080994,299.38549977010956,0.07428860664367676,0.012700860388576984,0.3676845133304596,0.028086215257644653,0.0010276983957737684,0.288967490196228,0.5555337071418762,0.5622361302375793,0.9633040428161621,0.982999999076128,0.4820398070702428,"progress_score,survival_score,scuffing_score,impact_score,lateral_score,orientation_score"
pacing,3,action_space,1.0,2.9000000953674316,0.0,0.5,1.0,0.11999999731779099,1.0,0.3799999952316284,0.0,0.0,stepping_stones_easy_bound_highspeed,stepping_stones_easy,2.0,bounding,1000,0.6452311277389526,0.6452311277389526,1.2645705938339233,0.737950325012207,0.2266528606414795,0.5976918339729309,1.3768789768218994,0.2266528606414795,0.08082331717014313,0.24237936735153198,0.12707404792308807,1.4887456893920898,3.5838065147399902,0.8252068758010864,1.364579677581787,0.5976918339729309,0.7730528116226196,0.017922814935445786,0.013681174255907536,0.5859460830688477,0.2821006774902344,336.4364013671875,255.03550720214844,33.6883544921875,65.92487335205078,475.1827697753906,0.09503418207168579,0.11516666412353516,0.6915566921234131,2.24198055267334,1.0460000038146973,0.025291413068771362,0.04000015929341316,2.8838083744049072,0.5,0.11999969929456711,0.3800007998943329,0.0,0.3947833180427551,0.3552006483078003,0.6951825618743896,0.3569909334182739,0.1954551339149475,0.4941389262676239,0.26238036155700684,0.519332766532898,0.4614565074443817,0.36465153098106384,1.0,0.9766541719436646,0.9589517712593079,0.12247752398252487,0.21378828585147858,0.999000072479248,0.027000000700354576,0.004000000189989805,0.023000001907348633,1.046,0.6611440158938815,1.4640303170902798,0.2842944198716238,0.35647447022625345,1.8930944283738174,1.168152249315896,0.8792342188647002,0.17777510846953046,0.1264570653438568,0.073543731123209,266.0479399154618,0.11323581635951996,0.02808961644768715,0.5314852595329285,0.050119493156671524,0.00354572176001966,0.3097802400588989,0.5851739048957825,0.5622361302375793,0.9589517712593079,0.9769999980926514,0.512163324967811,"progress_score,survival_score,scuffing_score,impact_score,lateral_score,orientation_score"
