gait,gait_id,grid_mode,frequency_residual,frequency,duration_residual,duration,footswing_height_residual,footswing_height,stance_width_residual,stance_width,body_pitch_residual,body_pitch,task_id,condition,cmd_vx,target_gait,samples,reward_mean,weighted_metric_reward_mean,measured_vx_mean,vx_abs_error_mean,vy_abs_mean,yaw_abs_mean,lateral_offset_abs_mean,lateral_vel_abs_mean,lateral_vel_sq_mean,base_z_vel_abs_mean,base_z_vel_sq_mean,roll_rate_abs_mean,roll_rate_sq_mean,pitch_rate_abs_mean,pitch_rate_sq_mean,yaw_rate_abs_mean,yaw_rate_sq_mean,gravity_x_sq_mean,gravity_y_sq_mean,torque_penalty_mean,slip_penalty_mean,mechanical_power_abs_mean,positive_mechanical_power_mean,contact_force_mean_mean,stance_contact_force_mean_mean,peak_contact_force_mean,swing_foot_clearance_mean_mean,scuffing_ratio_mean,foot_impact_vel_sum_mean,foot_impact_vel_sq_sum_mean,foot_impact_count_mean,forward_distance_mean,target_forward_distance_mean,actual_frequency_mean,actual_duration_mean,actual_footswing_height_mean,actual_stance_width_mean,actual_body_pitch_mean,score_progress,score_yaw_tracking,score_orientation,score_pitch_rate,score_roll_rate,score_yaw_rate,score_lateral_drift,score_vertical_bounce,score_slip,score_energy,score_clearance,score_gait_stability,score_action_smoothness,score_action_magnitude,score_action_boundary_margin,score_survival,done_rate,edge_reset_rate,fall_rate,foot_impact_rate,foot_impact_vel_mean,foot_impact_vel_rms,lateral_vel_rms,base_z_vel_rms,roll_rate_rms,pitch_rate_rms,yaw_rate_rms,orientation_rms,forward_distance_ratio,progress_deficit,transport_cost_proxy,progress_score,yaw_score,orientation_score,lateral_score,slip_score,energy_score,impact_score,scuffing_score,smoothness_score,survival_score,neutral_score,pareto_objectives
pronking,0,action_space,0.0,3.0,0.0,0.5,-1.0,0.04999999701976776,-1.0,0.2900000214576721,-1.0,-0.03999999910593033,rough_slope_trot_robustness,rough_slope,1.5,trotting,1000,0.6658636331558228,0.6658636331558228,1.1918803453445435,0.3869616985321045,0.13347820937633514,0.28653645515441895,1.2922749519348145,0.13347820937633514,0.035193610936403275,0.44765156507492065,0.3011314272880554,0.6705081462860107,0.967694878578186,0.7723698616027832,1.1548495292663574,0.28653645515441895,0.16427627205848694,0.02573620155453682,0.003862589132040739,0.3888118863105774,0.04435759037733078,207.81033325195312,137.04855346679688,33.37891387939453,41.291412353515625,300.0387878417969,0.05144450068473816,0.08175000548362732,0.7335933446884155,2.416628122329712,1.1320000886917114,0.023837607353925705,0.029999924823641777,3.000000238418579,0.5,0.05106251314282417,0.29141658544540405,-0.038583263754844666,0.6576129198074341,0.5604997873306274,0.6603995561599731,0.3911955952644348,0.4644153416156769,0.7202023863792419,0.3788663148880005,0.2512357234954834,0.7811001539230347,0.5597642660140991,0.13828209042549133,0.9792482256889343,0.963719367980957,0.1186286062002182,0.19724200665950775,1.0,0.024000000208616257,0.006000000052154064,0.018000001087784767,1.132,0.6480506923931647,1.4611058574172728,0.18759960270854326,0.5487544325908041,0.9837148360059362,1.0746392554091617,0.40531009370417476,0.17204299080920896,0.11918803676962852,0.03081158734858036,174.3550299018315,0.5493841171264648,0.43997764587402344,0.5532331466674805,0.1358577162027359,0.411827027797699,0.4594965875148773,0.5864267349243164,0.6644803285598755,0.963719367980957,0.9819999989122152,0.6047983811678072,"progress_score,survival_score,orientation_score,slip_score,lateral_score,impact_score"
pronking,0,action_space,0.0,3.0,0.0,0.5,-1.0,0.04999999701976776,0.0,0.33000001311302185,0.0,0.0,rough_slope_trot_robustness,rough_slope,1.5,trotting,1000,0.7246154546737671,0.7246154546737671,1.143142580986023,0.3934677243232727,0.12899425625801086,0.32606199383735657,1.3075473308563232,0.12899425625801086,0.03648446872830391,0.43833813071250916,0.2921648621559143,0.7080332040786743,1.429977536201477,0.8136109113693237,1.337857961654663,0.32606199383735657,0.25419384241104126,0.0207291841506958,0.007550316397100687,0.41904616355895996,0.07554344832897186,218.0520477294922,149.51759338378906,33.72674560546875,42.30698013305664,243.5762939453125,0.054689593613147736,0.0741666704416275,0.7463462352752686,2.4413764476776123,1.130000114440918,0.022862857207655907,0.029999924823641777,3.000000238418579,0.5,0.05094512552022934,0.33000147342681885,0.0,0.6537178754806519,0.5370762348175049,0.7136256694793701,0.3856699466705322,0.48770952224731445,0.70034259557724,0.41050347685813904,0.25652819871902466,0.7835400104522705,0.5506623387336731,0.13681486248970032,0.9818421602249146,0.9751637578010559,0.47247081995010376,0.5154827833175659,1.0,0.021000001579523087,0.004999999888241291,0.01600000075995922,1.13,0.6604833552267699,1.4698673905762467,0.1910090802247472,0.5405227674723002,1.195816681687238,1.1566581005874912,0.5041764000933019,0.16816509907765192,0.11431428603827953,0.03568533807992935,190.74790087988006,0.5383386611938477,0.34536126255989075,0.5680248737335205,0.1303885132074356,0.22071808576583862,0.4325348734855652,0.582673966884613,0.6901589632034302,0.9751637578010559,0.9839999992400408,0.5796595761846556,"progress_score,survival_score,orientation_score,slip_score,lateral_score,impact_score"
pronking,0,action_space,0.0,3.0,0.0,0.5,-1.0,0.04999999701976776,0.0,0.33000001311302185,1.0,0.03999999910593033,rough_slope_trot_robustness,rough_slope,1.5,trotting,1000,0.6921652555465698,0.6921652555465698,1.1940217018127441,0.3755365014076233,0.12783925235271454,0.29162031412124634,1.4802546501159668,0.12783925235271454,0.030171556398272514,0.436768114566803,0.29304444789886475,0.6886112689971924,1.1087646484375,0.8004070520401001,1.2291245460510254,0.29162031412124634,0.18128684163093567,0.017453700304031372,0.0044906847178936005,0.40821754932403564,0.050239235162734985,219.26634216308594,149.22024536132812,33.10667419433594,40.30418014526367,203.07080078125,0.052253901958465576,0.06541666388511658,0.7602961659431458,2.5209264755249023,1.125,0.023880433291196823,0.029999924823641777,3.000000238418579,0.5,0.051077842712402344,0.33000147342681885,0.0385628379881382,0.6718156933784485,0.5762945413589478,0.7442706227302551,0.3714655339717865,0.47890979051589966,0.7309843897819519,0.3474464416503906,0.25457680225372314,0.7773124575614929,0.5493521690368652,0.13847362995147705,0.9792482256889343,0.9673781394958496,0.23280346393585205,0.3037293553352356,1.0,0.024000000208616257,0.0020000000949949026,0.02200000174343586,1.125,0.6758187934027777,1.4969379915996668,0.17369961542350207,0.5413357995725617,1.0529789401680834,1.1086588952653675,0.42577792525087027,0.1481363730551176,0.11940216645598412,0.03059745766222477,183.63681483359923,0.5688658356666565,0.4272337257862091,0.6447532176971436,0.12447058409452438,0.3661234378814697,0.44200456142425537,0.5710915327072144,0.721023678779602,0.9673781394958496,0.9779999982565641,0.6182018419433581,"progress_score,survival_score,orientation_score,slip_score,lateral_score,impact_score"
pronking,0,action_space,0.0,3.0,0.0,0.5,-1.0,0.04999999701976776,1.0,0.3700000047683716,-1.0,-0.03999999910593033,rough_slope_trot_robustness,rough_slope,1.5,trotting,1000,0.659809947013855,0.659809947013855,1.1945140361785889,0.40276989340782166,0.1411009132862091,0.3314339518547058,1.4221326112747192,0.1411009132862091,0.0387691929936409,0.44255536794662476,0.2941659688949585,0.7026362419128418,1.3598918914794922,0.8382785320281982,1.4841952323913574,0.3314339518547058,0.23930317163467407,0.03470519930124283,0.007768599316477776,0.4311755299568176,0.07176747918128967,234.9530029296875,160.82733154296875,33.64323425292969,41.613487243652344,438.3888854980469,0.0567878894507885,0.07233333587646484,0.7158019542694092,2.251481533050537,1.1290000677108765,0.023890284821391106,0.029999924823641777,3.000000238418579,0.5,0.05101698637008667,0.36864349246025085,-0.03864395245909691,0.6501984596252441,0.5302889347076416,0.6355918645858765,0.3935566544532776,0.4600934684276581,0.6895452737808228,0.3736417293548584,0.25575464963912964,0.7770869731903076,0.5420040488243103,0.13771311938762665,0.9809775352478027,0.9660289287567139,0.11718332767486572,0.1946556568145752,1.0,0.02200000174343586,0.004999999888241291,0.017000000923871994,1.129,0.6340141735634411,1.4121707609304956,0.19689894106785058,0.5423706932485922,1.16614402690212,1.218275515797374,0.4891862341017724,0.20609172379724666,0.11945142410695553,0.030548200011253357,196.69337974573642,0.5226233005523682,0.3333759009838104,0.427638977766037,0.11107868701219559,0.23803213238716125,0.4221683740615845,0.6074067950248718,0.6965144872665405,0.9660289287567139,0.982999999076128,0.5498393270138062,"progress_score,survival_score,orientation_score,slip_score,lateral_score,impact_score"
pronking,0,action_space,0.0,3.0,0.0,0.5,-1.0,0.04999999701976776,1.0,0.3700000047683716,1.0,0.03999999910593033,rough_slope_trot_robustness,rough_slope,1.5,trotting,1000,0.6847694516181946,0.6847694516181946,1.192396640777588,0.37142354249954224,0.11906103789806366,0.29013770818710327,1.3953858613967896,0.11906103789806366,0.03172348067164421,0.438231885433197,0.2920261025428772,0.6666140556335449,1.1722718477249146,0.7945345640182495,1.3320631980895996,0.29013770818710327,0.20422321557998657,0.0158635675907135,0.004374136682599783,0.4315826892852783,0.06413840502500534,218.63291931152344,144.094482421875,34.437599182128906,42.83686065673828,299.7834777832031,0.0524379201233387,0.06750000268220901,0.788705587387085,2.562718391418457,1.1360000371932983,0.023847922682762146,0.029999924823641777,3.000000238418579,0.5,0.05103477090597153,0.36861979961395264,0.038620252162218094,0.6914418935775757,0.579077959060669,0.7706460952758789,0.3890780210494995,0.47263744473457336,0.7340766787528992,0.3882201611995697,0.25663506984710693,0.7812076807022095,0.5444869995117188,0.1379353553056717,0.9801129102706909,0.9650329351425171,0.11777053773403168,0.19554325938224792,1.0,0.024000000208616257,0.00800000037997961,0.01600000075995922,1.136,0.6942830152914558,1.5019700272577312,0.17811086623685882,0.5403943953659005,1.0827150353278163,1.1541504226441195,0.45191062786792985,0.14225928536764582,0.11923961341381073,0.030760010704398155,183.35586652520936,0.5758997201919556,0.4309346079826355,0.6671408414840698,0.13135449588298798,0.2772687077522278,0.42182472348213196,0.568941056728363,0.7135519981384277,0.9650329351425171,0.9839999992400408,0.6147570512992772,"progress_score,survival_score,orientation_score,slip_score,lateral_score,impact_score"
pronking,0,action_space,0.0,3.0,0.0,0.5,0.0,0.07999999821186066,1.0,0.3700000047683716,-1.0,-0.03999999910593033,rough_slope_trot_robustness,rough_slope,1.5,trotting,1000,0.6904870271682739,0.6904870271682739,1.2067131996154785,0.37414076924324036,0.11548802256584167,0.3031177520751953,1.3866450786590576,0.11548802256584167,0.027774695307016373,0.4438537359237671,0.30357688665390015,0.6726647615432739,1.118091344833374,0.7558083534240723,1.2387629747390747,0.3031177520751953,0.22410377860069275,0.028175432235002518,0.004513852298259735,0.4224889874458313,0.049532607197761536,230.46859741210938,156.31710815429688,33.70707702636719,40.65708923339844,404.20281982421875,0.058775171637535095,0.078166663646698,0.8307111263275146,2.9021575450897217,1.121000051498413,0.02413427270948887,0.029999924823641777,3.000000238418579,0.5,0.08000031858682632,0.36855971813201904,-0.038560010492801666,0.689240574836731,0.5671243667602539,0.682314395904541,0.4128631055355072,0.4768962860107422,0.7264962196350098,0.3913583755493164,0.256621778011322,0.785486102104187,0.5417251586914062,0.5,0.9792482256889343,0.9673757553100586,0.23284976184368134,0.30407100915908813,0.9998000264167786,0.024000000208616257,0.003000000026077032,0.021000001579523087,1.121,0.7410447106204003,1.6090060624813711,0.16665741899782432,0.5509781181262103,1.0573983851100652,1.1129972932307943,0.473396006109782,0.18080178243939482,0.12067136354744434,0.02932826057076454,190.98871006428755,0.5712517499923706,0.3989960849285126,0.5200731754302979,0.14339688420295715,0.3713344633579254,0.4295668303966522,0.5234963893890381,0.6764929294586182,0.9673757553100586,0.9789999984204769,0.5939688257088788,"progress_score,survival_score,orientation_score,slip_score,lateral_score,impact_score"
pronking,0,action_space,0.0,3.0,0.0,0.5,0.0,0.07999999821186066,1.0,0.3700000047683716,0.0,0.0,rough_slope_trot_robustness,rough_slope,1.5,trotting,1000,0.7324965000152588,0.7324965000152588,1.278761863708496,0.3270028233528137,0.10781525075435638,0.256233811378479,1.4737582206726074,0.10781525075435638,0.02217227779328823,0.4464530646800995,0.30860793590545654,0.6391904354095459,0.9190751314163208,0.7124000787734985,0.9623268842697144,0.256233811378479,0.134287491440773,0.017965443432331085,0.002802834613248706,0.4052256941795349,0.04164367914199829,219.54139709472656,146.47650146484375,32.795928955078125,39.43641662597656,211.74636840820312,0.05468359589576721,0.06716667115688324,0.7681496739387512,2.71864914894104,1.1579999923706055,0.02557523362338543,0.029999924823641777,3.000000238418579,0.5,0.08000031858682632,0.36850428581237793,0.0,0.7261767387390137,0.6013420820236206,0.7381019592285156,0.4139080047607422,0.46326613426208496,0.7556993365287781,0.37868714332580566,0.25113531947135925,0.7782446146011353,0.5503837466239929,0.5,0.9783835411071777,0.9704363346099854,0.47678929567337036,0.5274693965911865,1.0,0.02500000037252903,0.003000000026077032,0.02199999988079071,1.158,0.6633416737505398,1.5322240841421528,0.1489035855622296,0.5555249192479637,0.9586840623564787,0.980982611604158,0.36645257734224357,0.14411203296595254,0.12787616811692715,0.02212345600128174,171.68278420349637,0.6519917249679565,0.5186335444450378,0.6600989103317261,0.1470174789428711,0.43479806184768677,0.4446572959423065,0.5560330152511597,0.7147421836853027,0.9704363346099854,0.9780000001192093,0.6513371083297228,"progress_score,survival_score,orientation_score,slip_score,lateral_score,impact_score"
pronking,0,action_space,0.0,3.0,0.0,0.5,1.0,0.10999999940395355,-1.0,0.2900000214576721,-1.0,-0.03999999910593033,rough_slope_trot_robustness,rough_slope,1.5,trotting,1000,0.666038453578949,0.666038453578949,1.2016925811767578,0.3790343403816223,0.12958773970603943,0.3229815363883972,1.1258807182312012,0.12958773970603943,0.03382910415530205,0.4405411183834076,0.2978397607803345,0.8045179843902588,1.7306658029556274,0.7913444638252258,1.2631410360336304,0.3229815363883972,0.2608262598514557,0.027988679707050323,0.007747085765004158,0.4197118878364563,0.05384057015180588,243.79013061523438,165.88600158691406,33.599727630615234,41.32128143310547,379.2074890136719,0.05860254913568497,0.07566666603088379,0.9034000635147095,3.34006667137146,1.128000020980835,0.024033863097429276,0.029999924823641777,3.000000238418579,0.5,0.10896547138690948,0.29137957096099854,-0.03862028568983078,0.6752218008041382,0.5509556531906128,0.6656996011734009,0.3882216215133667,0.4119808077812195,0.7096085548400879,0.4408578872680664,0.26284530758857727,0.759078860282898,0.5358812808990479,0.8620651364326477,0.9801129102706909,0.9650329351425171,0.11777007579803467,0.19553981721401215,1.0,0.023000001907348633,0.004999999888241291,0.018000001087784767,1.128,0.8008865464663675,1.720770693204189,0.18392689894439598,0.5457469750537647,1.3155477197561583,1.1238954738024485,0.5107115231238235,0.18903905805958324,0.12016931548714638,0.029830308631062508,202.8722939909497,0.5628916621208191,0.35233575105667114,0.4893313944339752,0.1648922860622406,0.3406800627708435,0.4319593608379364,0.4769884943962097,0.6850021481513977,0.9650329351425171,0.9819999989122152,0.5818802921199485,"progress_score,survival_score,orientation_score,slip_score,lateral_score,impact_score"
pronking,0,action_space,0.0,3.0,0.0,0.5,1.0,0.10999999940395355,-1.0,0.2900000214576721,1.0,0.03999999910593033,rough_slope_trot_robustness,rough_slope,1.5,trotting,1000,0.6777427196502686,0.6777427196502686,1.250821590423584,0.35529980063438416,0.11796697229146957,0.26870059967041016,1.3589106798171997,0.11796697229146957,0.026154328137636185,0.4541648328304291,0.3151472210884094,0.7323139905929565,1.1335291862487793,0.7568681240081787,1.122719168663025,0.26870059967041016,0.1500381976366043,0.01774117350578308,0.004353465512394905,0.39980176091194153,0.03273868188261986,240.30694580078125,160.72274780273438,33.64061737060547,41.03891372680664,242.6258544921875,0.059245944023132324,0.06408333778381348,0.8584529161453247,3.110374927520752,1.1590001583099365,0.0250164195895195,0.029999924823641777,3.000000238418579,0.5,0.10892151296138763,0.29143810272216797,0.03856167942285538,0.6806204319000244,0.5926990509033203,0.7510265707969666,0.38754040002822876,0.4371691346168518,0.7512110471725464,0.37638044357299805,0.24801084399223328,0.7782281637191772,0.5496639013290405,0.8615157008171082,0.9792482256889343,0.9635139107704163,0.11893085390329361,0.19998037815093994,1.0,0.024000000208616257,0.004999999888241291,0.01900000125169754,1.159,0.7406841077302632,1.638191398368067,0.16172299817167682,0.5613797476649914,1.064673276760894,1.059584432059581,0.3873476444185563,0.14864265544646996,0.1250820979475975,0.02491752617061138,192.1192819508357,0.6035346984863281,0.48577967286109924,0.6428185701370239,0.1522856503725052,0.5195596814155579,0.4495071470737457,0.5112391710281372,0.725846529006958,0.9635139107704163,0.9809999987483025,0.6459997496322581,"progress_score,survival_score,orientation_score,slip_score,lateral_score,impact_score"
pronking,0,action_space,0.0,3.0,0.0,0.5,1.0,0.10999999940395355,0.0,0.33000001311302185,0.0,0.0,rough_slope_trot_robustness,rough_slope,1.5,trotting,1000,0.7255920767784119,0.7255920767784119,1.2485642433166504,0.3454572558403015,0.11535681784152985,0.27704936265945435,1.502556324005127,0.11535681784152985,0.025521669536828995,0.45267486572265625,0.3127730190753937,0.6726152896881104,0.9724311828613281,0.8186737298965454,1.4955146312713623,0.27704936265945435,0.1618906855583191,0.022747505456209183,0.003228177782148123,0.401611864566803,0.05473552271723747,239.95245361328125,162.5059814453125,33.70374298095703,40.55790710449219,588.8629150390625,0.05815902352333069,0.06758333742618561,0.9032973051071167,3.2853894233703613,1.1490000486373901,0.024971280246973038,0.029999924823641777,3.000000238418579,0.5,0.10892125964164734,0.33000147342681885,0.0,0.7023874521255493,0.5967634916305542,0.7277480363845825,0.3940451443195343,0.45959192514419556,0.7478153705596924,0.348858118057251,0.2505717873573303,0.777218222618103,0.5463533997535706,0.8615124225616455,0.9792482256889343,0.9716161489486694,0.47574788331985474,0.5247359871864319,0.9998000264167786,0.024000000208616257,0.004000000189989805,0.019999999552965164,1.149,0.786159478860694,1.6909603011401815,0.1597550297700482,0.5592611367468633,0.986119253874159,1.2229123563327677,0.402356416076989,0.16116973425043954,0.12485640123486519,0.025143222883343697,192.18270497309646,0.6204173564910889,0.4641425609588623,0.5948097705841064,0.13358867168426514,0.33463647961616516,0.4478827714920044,0.48927202820777893,0.7132546901702881,0.9716161489486694,0.9800000004470348,0.6125143854633758,"progress_score,survival_score,orientation_score,slip_score,lateral_score,impact_score"
pronking,0,action_space,0.0,3.0,0.0,0.5,1.0,0.10999999940395355,0.0,0.33000001311302185,1.0,0.03999999910593033,rough_slope_trot_robustness,rough_slope,1.5,trotting,1000,0.6975138783454895,0.6975138783454895,1.2560704946517944,0.35569655895233154,0.11368131637573242,0.26096928119659424,1.420104742050171,0.11368131637573242,0.02377929911017418,0.4451730251312256,0.3058732748031616,0.6520622968673706,0.891154408454895,0.7529410719871521,1.0662490129470825,0.26096928119659424,0.12458966672420502,0.01586832106113434,0.003039066679775715,0.40519827604293823,0.044826898723840714,234.82777404785156,158.91494750976562,33.34357833862305,39.706016540527344,235.90341186523438,0.057571373879909515,0.07325000315904617,0.9427871704101562,3.592106342315674,1.1630001068115234,0.02512141689658165,0.029999924823641777,3.000000238418579,0.5,0.10892041027545929,0.33000147342681885,0.038560204207897186,0.6918396949768066,0.5797280073165894,0.7625653743743896,0.38327348232269287,0.46371620893478394,0.7421869039535522,0.37282508611679077,0.24989758431911469,0.778131902217865,0.5451652407646179,0.861501932144165,0.9792482256889343,0.9673757553100586,0.23284655809402466,0.3040493130683899,1.0,0.024000000208616257,0.003000000026077032,0.021000001579523087,1.163,0.8106509968830611,1.7574570763009563,0.15420537964083542,0.5530581115969294,0.9440097501905873,1.0325933434547612,0.35297261469440516,0.13750413717743207,0.12560708448290825,0.024392539635300636,186.95429519897297,0.6028540730476379,0.5060855150222778,0.6851292848587036,0.1502145528793335,0.40797966718673706,0.44468170404434204,0.46201226115226746,0.6933294534683228,0.9673757553100586,0.9789999984204769,0.6355248283790915,"progress_score,survival_score,orientation_score,slip_score,lateral_score,impact_score"
pronking,0,action_space,0.0,3.0,0.0,0.5,1.0,0.10999999940395355,1.0,0.3700000047683716,1.0,0.03999999910593033,rough_slope_trot_robustness,rough_slope,1.5,trotting,1000,0.6902744174003601,0.6902744174003601,1.2581813335418701,0.3361494541168213,0.0996459349989891,0.2669152617454529,1.4315478801727295,0.0996459349989891,0.019626982510089874,0.4587562680244446,0.3297426998615265,0.6517283916473389,0.8888630867004395,0.7340857982635498,0.9993542432785034,0.2669152617454529,0.131841242313385,0.014291772618889809,0.003013795241713524,0.40516746044158936,0.042815446853637695,230.06167602539062,155.90640258789062,33.07481002807617,40.071006774902344,690.0496215820312,0.05741304159164429,0.07483334094285965,0.8649485111236572,3.1973400115966797,1.1600000858306885,0.02516360953450203,0.029999924823641777,3.000000238418579,0.5,0.10884013772010803,0.36845284700393677,0.03845316916704178,0.7226252555847168,0.5758424997329712,0.7852833271026611,0.39590293169021606,0.4712650775909424,0.7392328977584839,0.39054566621780396,0.24824176728725433,0.7799468040466309,0.5457385778427124,0.8604984879493713,0.9775189161300659,0.9605484008789062,0.12113534659147263,0.20738956332206726,0.9998000264167786,0.02500000037252903,0.003000000026077032,0.02199999988079071,1.16,0.7456451942180765,1.6602190974412445,0.1400963329644637,0.5742322699583562,0.9427953578059448,0.9996770694971969,0.3630994936837354,0.13155062850706314,0.12581804767251015,0.024181576445698738,182.85255860357634,0.6363632082939148,0.4904472529888153,0.7074337005615234,0.1613648235797882,0.4247268736362457,0.44470909237861633,0.5020368099212646,0.6878622174263,0.9605484008789062,0.9780000001192093,0.6536107188776921,"progress_score,survival_score,orientation_score,slip_score,lateral_score,impact_score"
pronking,0,action_space,1.0,3.4000000953674316,0.0,0.5,-1.0,0.04999999701976776,-1.0,0.2900000214576721,-1.0,-0.03999999910593033,rough_slope_trot_robustness,rough_slope,1.5,trotting,1000,0.6425278186798096,0.6425278186798096,1.1996231079101562,0.40566486120224,0.13577747344970703,0.35558608174324036,1.3703426122665405,0.13577747344970703,0.03900616243481636,0.3963300585746765,0.26492613554000854,0.8703414797782898,2.0508806705474854,0.9190726280212402,1.6530177593231201,0.35558608174324036,0.3902294635772705,0.030572937801480293,0.018251581117510796,0.4310402274131775,0.0735473781824112,253.36001586914062,175.61822509765625,31.99254608154297,41.416412353515625,462.69268798828125,0.0612260177731514,0.07433333247900009,0.6876772046089172,2.1453912258148193,1.2160000801086426,0.02399246022105217,0.029999924823641777,3.3862056732177734,0.5,0.05103524029254913,0.2913804054260254,-0.038619644939899445,0.6308891177177429,0.545041561126709,0.6312210559844971,0.3278665542602539,0.4017027020454407,0.6998421549797058,0.3583019971847534,0.29992586374282837,0.7645000219345093,0.5348989963531494,0.13794103264808655,0.9801129102706909,0.9616499543190002,0.0635865330696106,0.14568695425987244,0.9998000264167786,0.023000001907348633,0.0020000000949949026,0.021000001579523087,1.216,0.5655240008705541,1.3282702670651967,0.19749977831586638,0.5147097585435976,1.4320896168003892,1.2856973824827989,0.6246834907193166,0.2209627093402665,0.11996230110526085,0.030037323012948036,211.19967946475703,0.517753541469574,0.2824045419692993,0.37663060426712036,0.1164298951625824,0.229707732796669,0.4222826361656189,0.6433441638946533,0.6895840764045715,0.9616499543190002,0.9789999984204769,0.5393981590474907,"progress_score,survival_score,orientation_score,slip_score,lateral_score,impact_score"
pronking,0,action_space,1.0,3.4000000953674316,0.0,0.5,-1.0,0.04999999701976776,-1.0,0.2900000214576721,0.0,0.0,rough_slope_trot_robustness,rough_slope,1.5,trotting,1000,0.6657854318618774,0.6657854318618774,1.2049899101257324,0.39353370666503906,0.1267780065536499,0.34633809328079224,1.3161818981170654,0.1267780065536499,0.0413975790143013,0.4014515280723572,0.2668951749801636,0.8030714392662048,1.7065327167510986,0.8731573820114136,1.4515315294265747,0.34633809328079224,0.3001428544521332,0.026164980605244637,0.009206564165651798,0.4124637842178345,0.0538722388446331,231.65200805664062,155.36947631835938,33.779666900634766,41.47472381591797,516.0820922851562,0.05625704675912857,0.06700000166893005,0.8637884855270386,2.7842612266540527,1.2390000820159912,0.024099789559841156,0.029999924823641777,3.3857293128967285,0.5,0.05107098072767258,0.2914278507232666,0.0,0.6575800180435181,0.529534637928009,0.7010935544967651,0.3398814797401428,0.41966238617897034,0.6947396993637085,0.40207886695861816,0.29622089862823486,0.7614736557006836,0.5446416139602661,0.13838782906532288,0.9792481660842896,0.9635885953903198,0.11879588663578033,0.19836623966693878,0.9998000264167786,0.024000000208616257,0.00800000037997961,0.01600000075995922,1.239,0.6971657716814215,1.4990610422313881,0.20346395015899327,0.516618984339681,1.3063432614558468,1.2047952230261267,0.5478529496608859,0.18807324310197993,0.12049894779920578,0.029500676319003105,192.2439400612652,0.538226842880249,0.3013446033000946,0.49290889501571655,0.11716951429843903,0.34046438336372375,0.43826672434806824,0.5701841115951538,0.7153380513191223,0.9635885953903198,0.9839999992400408,0.5783504879984417,"progress_score,survival_score,orientation_score,slip_score,lateral_score,impact_score"
pronking,0,action_space,1.0,3.4000000953674316,0.0,0.5,-1.0,0.04999999701976776,0.0,0.33000001311302185,-1.0,-0.03999999910593033,rough_slope_trot_robustness,rough_slope,1.5,trotting,1000,0.6542781591415405,0.6542781591415405,1.1674972772598267,0.43711382150650024,0.11795887351036072,0.32048100233078003,1.2828514575958252,0.11795887351036072,0.02568168379366398,0.3764156103134155,0.24172021448612213,0.7412095069885254,1.3236281871795654,0.9036563038825989,1.5847623348236084,0.32048100233078003,0.20960088074207306,0.03350530192255974,0.007442928850650787,0.421008825302124,0.07684754580259323,217.41363525390625,149.35220336914062,32.043033599853516,39.51392364501953,252.75918579101562,0.055655062198638916,0.07783333957195282,0.6707863211631775,2.1407828330993652,1.2380000352859497,0.0233499463647604,0.029999924823641777,3.3862111568450928,0.5,0.05103486031293869,0.33000147342681885,-0.03862016648054123,0.6361751556396484,0.5312546491622925,0.6313236355781555,0.32758158445358276,0.43597787618637085,0.6928346157073975,0.4043136239051819,0.306146502494812,0.743235170841217,0.5353639125823975,0.1379360854625702,0.9801129102706909,0.9650329351425171,0.11777135729789734,0.19554874300956726,1.0,0.02200000174343586,0.003000000026077032,0.01900000125169754,1.238,0.5418306267511864,1.315000739873492,0.16025505855873623,0.4916505003415761,1.1504904115982737,1.2588734387632492,0.45782188757427605,0.2023566919407671,0.116749731823802,0.03324989229440689,186.22196341578348,0.4656718969345093,0.358050674200058,0.4408879280090332,0.16588090360164642,0.21503575146198273,0.4308403730392456,0.6490103006362915,0.6776213049888611,0.9650329351425171,0.9809999987483025,0.5439193327175943,"progress_score,survival_score,orientation_score,slip_score,lateral_score,impact_score"
pronking,0,action_space,1.0,3.4000000953674316,0.0,0.5,-1.0,0.04999999701976776,0.0,0.33000001311302185,1.0,0.03999999910593033,rough_slope_trot_robustness,rough_slope,1.5,trotting,1000,0.6787875890731812,0.6787875890731812,1.1560745239257812,0.3904185891151428,0.12176086008548737,0.3128105401992798,1.3719761371612549,0.12176086008548737,0.0266130231320858,0.3852958083152771,0.24370983242988586,0.6969401240348816,1.3526294231414795,0.8379642367362976,1.3377468585968018,0.3128105401992798,0.19656220078468323,0.015073960646986961,0.005419651046395302,0.3988249897956848,0.06585828959941864,211.31234741210938,144.53955078125,32.84114074707031,40.905921936035156,240.9782257080078,0.05149663984775543,0.07341666519641876,0.7270957231521606,2.274096965789795,1.2630000114440918,0.023121492937207222,0.029999924823641777,3.386935234069824,0.5,0.05098050832748413,0.33000147342681885,0.038692571222782135,0.6655689477920532,0.5371028184890747,0.7724124193191528,0.34346580505371094,0.466252863407135,0.6988698244094849,0.38355177640914917,0.2991233170032501,0.7736868858337402,0.5521211624145508,0.1372574418783188,0.9809775352478027,0.9666295647621155,0.11643685400485992,0.18920251727104187,1.0,0.02200000174343586,0.003000000026077032,0.01900000125169754,1.263,0.5756893928147269,1.3418463425581995,0.16313498439049118,0.49366976049772976,1.1630259769848132,1.156610071976205,0.4433533588286923,0.1431558999600864,0.11560746468603611,0.034392159432172775,182.78436470906558,0.5435102581977844,0.3758728504180908,0.663735032081604,0.14893630146980286,0.2678934633731842,0.4503861367702484,0.6375402212142944,0.692751944065094,0.9666295647621155,0.9809999987483025,0.6107544244119997,"progress_score,survival_score,orientation_score,slip_score,lateral_score,impact_score"
pronking,0,action_space,1.0,3.4000000953674316,0.0,0.5,0.0,0.07999999821186066,-1.0,0.2900000214576721,0.0,0.0,rough_slope_trot_robustness,rough_slope,1.5,trotting,1000,0.679237961769104,0.679237961769104,1.2234320640563965,0.3797153830528259,0.1160232275724411,0.3117809295654297,1.4961445331573486,0.1160232275724411,0.03316391259431839,0.40295836329460144,0.2674033045768738,0.7741435766220093,1.5938658714294434,0.8689202070236206,1.4047468900680542,0.3117809295654297,0.2181435078382492,0.02568679489195347,0.010723231360316277,0.4342131018638611,0.05821829289197922,252.3207550048828,177.64132690429688,32.6070556640625,41.093589782714844,338.9134521484375,0.05793510004878044,0.07183333486318588,0.8552404642105103,2.865041971206665,1.2360000610351562,0.02446865662932396,0.029999924823641777,3.3852925300598145,0.5,0.08000031858682632,0.29147157073020935,0.0,0.6662395000457764,0.560874342918396,0.7005363702774048,0.3316006064414978,0.4223657548427582,0.7177103161811829,0.3540973663330078,0.29770708084106445,0.7585331797599792,0.5335330963134766,0.5,0.9783835411071777,0.9661490321159363,0.23363375663757324,0.3041718602180481,0.9994000196456909,0.02500000037252903,0.006000000052154064,0.01900000125169754,1.236,0.6919421347213794,1.5224963511648477,0.1821096169737293,0.517110534196388,1.2624840083856284,1.1852201863232226,0.4670583559238066,0.19081411439479457,0.1223432831466198,0.02765634097158909,206.24010308205524,0.561729371547699,0.3782978355884552,0.482776939868927,0.11539169400930405,0.3121205270290375,0.4196114242076874,0.5601790547370911,0.6982579827308655,0.9661490321159363,0.9809999987483025,0.5765528533803789,"progress_score,survival_score,orientation_score,slip_score,lateral_score,impact_score"
pronking,0,action_space,1.0,3.4000000953674316,0.0,0.5,0.0,0.07999999821186066,-1.0,0.2900000214576721,1.0,0.03999999910593033,rough_slope_trot_robustness,rough_slope,1.5,trotting,1000,0.6821252107620239,0.6821252107620239,1.2141419649124146,0.3389331102371216,0.10896559059619904,0.2680906057357788,1.590785264968872,0.10896559059619904,0.021934986114501953,0.3876844644546509,0.24346596002578735,0.7063937783241272,1.060798168182373,0.7951648235321045,1.0940659046173096,0.2680906057357788,0.14378981292247772,0.014228497631847858,0.0028613554313778877,0.4028363823890686,0.06970677524805069,212.96713256835938,144.88624572753906,33.18573760986328,39.399169921875,306.7149658203125,0.05081484466791153,0.07641667127609253,0.7491620779037476,2.516491413116455,1.2650001049041748,0.024282831698656082,0.029999924823641777,3.386141538619995,0.5,0.08000031858682632,0.29138660430908203,0.03861322999000549,0.702545166015625,0.5793581604957581,0.7959998846054077,0.35420122742652893,0.4396513104438782,0.742064356803894,0.34735918045043945,0.29745379090309143,0.7735406756401062,0.5490924119949341,0.5,0.9801129102706909,0.9650055766105652,0.11785492300987244,0.19644656777381897,1.0,0.023000001907348633,0.004000000189989805,0.01900000125169754,1.265,0.5922229148653656,1.4104329531621178,0.1481046458234918,0.4934226991391735,1.0299505658925447,1.0459760535582587,0.37919627229507114,0.1307281647665328,0.12141415849328041,0.028585465624928474,175.40546223004682,0.6315976977348328,0.48737290501594543,0.7104923725128174,0.13140317797660828,0.2480473816394806,0.4467872381210327,0.6081520915031433,0.6824381947517395,0.9650055766105652,0.9809999987483025,0.6344553134159038,"progress_score,survival_score,orientation_score,slip_score,lateral_score,impact_score"
pronking,0,action_space,1.0,3.4000000953674316,0.0,0.5,0.0,0.07999999821186066,0.0,0.33000001311302185,1.0,0.03999999910593033,rough_slope_trot_robustness,rough_slope,1.5,trotting,1000,0.6878492832183838,0.6878492832183838,1.2611687183380127,0.37574994564056396,0.11589985340833664,0.29460954666137695,1.2972426414489746,0.11589985340833664,0.030301189050078392,0.40296870470046997,0.2677426338195801,0.7311068773269653,1.2766811847686768,0.900650143623352,1.420160174369812,0.29460954666137695,0.1960468739271164,0.029197925701737404,0.007068030070513487,0.4088578224182129,0.056092504411935806,234.65377807617188,157.59869384765625,33.31976318359375,41.36615753173828,426.8521423339844,0.05774850398302078,0.07366667687892914,0.8903710842132568,2.986297607421875,1.2720000743865967,0.025223353877663612,0.029999924823641777,3.385138511657715,0.5,0.08000031858682632,0.33000147342681885,0.038512978702783585,0.6787070035934448,0.5572046041488647,0.7183847427368164,0.3221268653869629,0.41479939222335815,0.7155385613441467,0.41788631677627563,0.2965632677078247,0.7617697715759277,0.5380008220672607,0.5,0.9783835411071777,0.9660675525665283,0.23391154408454895,0.3064654469490051,0.9998000264167786,0.02500000037252903,0.00800000037997961,0.017000000923871994,1.272,0.6999772749606918,1.5322265644572666,0.17407236727889464,0.5174385314407693,1.1299031749529147,1.19170473455878,0.4427718079633305,0.19043622494748969,0.12611676938831806,0.023882854729890823,186.06057592786016,0.5685010552406311,0.4198121726512909,0.4841700494289398,0.14908085763454437,0.32567667961120605,0.4414389133453369,0.5560319423675537,0.6918864846229553,0.9660675525665283,0.982999999076128,0.5840150406093975,"progress_score,survival_score,orientation_score,slip_score,lateral_score,impact_score"
pronking,0,action_space,1.0,3.4000000953674316,0.0,0.5,0.0,0.07999999821186066,1.0,0.3700000047683716,-1.0,-0.03999999910593033,rough_slope_trot_robustness,rough_slope,1.5,trotting,1000,0.6532896757125854,0.6532896757125854,1.283700942993164,0.38618943095207214,0.12238188087940216,0.2955823540687561,1.5281052589416504,0.12238188087940216,0.027657106518745422,0.3863332271575928,0.25850993394851685,0.7083393335342407,1.0915452241897583,0.8280335664749146,1.3351850509643555,0.2955823540687561,0.1641334891319275,0.032031625509262085,0.004069095943123102,0.4129200279712677,0.05999480187892914,236.5430908203125,162.5146026611328,32.45496368408203,40.16682815551758,453.05633544921875,0.058070920407772064,0.06741666793823242,0.8543918132781982,3.0000696182250977,1.2680001258850098,0.025674019008874893,0.029999924823641777,3.3856096267700195,0.5,0.08000031858682632,0.36855974793434143,-0.03856009244918823,0.6481746435165405,0.541418731212616,0.6370947360992432,0.33798614144325256,0.42978858947753906,0.7077542543411255,0.33732473850250244,0.30794721841812134,0.7631797790527344,0.5365842580795288,0.5,0.9792482256889343,0.963512659072876,0.11894845962524414,0.20011253654956818,1.0,0.024000000208616257,0.006000000052154064,0.018000001087784767,1.268,0.6738106038668178,1.5381759589552189,0.16630425887133926,0.5084387219208593,1.0447704169767433,1.1555020774383555,0.40513391506010393,0.1900018985494229,0.12837009504437447,0.02162952907383442,184.26650857541057,0.5506978034973145,0.4174087643623352,0.4857727289199829,0.12477447837591171,0.3012255132198334,0.43786701560020447,0.5534984469413757,0.7138493657112122,0.963512659072876,0.9819999989122152,0.5739091390645819,"progress_score,survival_score,orientation_score,slip_score,lateral_score,impact_score"
pronking,0,action_space,1.0,3.4000000953674316,0.0,0.5,0.0,0.07999999821186066,1.0,0.3700000047683716,0.0,0.0,rough_slope_trot_robustness,rough_slope,1.5,trotting,1000,0.6953126192092896,0.6953126192092896,1.2718982696533203,0.3589569330215454,0.11131846904754639,0.28412026166915894,1.3756418228149414,0.11131846904754639,0.023937970399856567,0.400052934885025,0.2556404769420624,0.6251225471496582,0.9390524625778198,0.8493391871452332,1.3336155414581299,0.28412026166915894,0.16937178373336792,0.02263728156685829,0.0030697276815772057,0.40093809366226196,0.042153142392635345,238.19833374023438,160.6068572998047,33.26219940185547,41.33929443359375,375.9803771972656,0.054740533232688904,0.06791667640209198,0.8853708505630493,3.017794609069824,1.2829999923706055,0.025437962263822556,0.029999924823641777,3.385132312774658,0.5,0.08000031858682632,0.3685119152069092,0.0,0.6859614849090576,0.5715265274047852,0.7201874852180481,0.3438897728919983,0.4705759286880493,0.7288115620613098,0.4029870927333832,0.3008580803871155,0.7839784622192383,0.5466618537902832,0.5,0.9783835411071777,0.9660670757293701,0.23392236232757568,0.30654534697532654,0.9998000264167786,0.02500000037252903,0.0020000000949949026,0.023000001907348633,1.283,0.6900786045279618,1.533668502410939,0.15471900464990254,0.5056090158828879,0.9690471931633773,1.1548227316164719,0.4115480333246265,0.16033405517367635,0.12718981131911278,0.022809812799096107,187.27781885037064,0.5972614884376526,0.4460861384868622,0.5980145335197449,0.15654665231704712,0.43039026856422424,0.44848671555519104,0.5554177761077881,0.7120668888092041,0.9660670757293701,0.9769999980926514,0.6262406518584803,"progress_score,survival_score,orientation_score,slip_score,lateral_score,impact_score"
pronking,0,action_space,1.0,3.4000000953674316,0.0,0.5,0.0,0.07999999821186066,1.0,0.3700000047683716,1.0,0.03999999910593033,rough_slope_trot_robustness,rough_slope,1.5,trotting,1000,0.6906061768531799,0.6906061768531799,1.2637443542480469,0.3375208377838135,0.11274787783622742,0.2853085994720459,1.2942960262298584,0.11274787783622742,0.023953504860401154,0.412265419960022,0.27536389231681824,0.6196353435516357,0.7997342348098755,0.8105119466781616,1.2012633085250854,0.2853085994720459,0.17226818203926086,0.012970268726348877,0.0026803012005984783,0.40852785110473633,0.05142243206501007,233.34759521484375,158.8022918701172,33.90616226196289,40.82084655761719,484.12738037109375,0.051298193633556366,0.06966667622327805,1.0340301990509033,3.531503915786743,1.2790000438690186,0.02527489885687828,0.029999924823641777,3.3844261169433594,0.5,0.08000031858682632,0.3684414029121399,0.03844171017408371,0.702083945274353,0.5717530250549316,0.7903549075126648,0.3616942763328552,0.4618613123893738,0.7295142412185669,0.4197179079055786,0.2923195958137512,0.7810444831848145,0.5472182035446167,0.5,0.9775188565254211,0.9604732990264893,0.12128318846225739,0.20909494161605835,1.0,0.026000000536441803,0.004999999888241291,0.021000001579523087,1.279,0.8084676711236806,1.6616692122543133,0.15476919868113667,0.5247512670940568,0.8942786114013214,1.0960215821438397,0.4150520232925758,0.12510223789743874,0.1263744942843914,0.023625129833817482,184.6477845225985,0.6340158581733704,0.44307777285575867,0.7312415838241577,0.169760599732399,0.35756126046180725,0.4417303204536438,0.5014325380325317,0.7058635354042053,0.9604732990264893,0.9789999984204769,0.6500232798096381,"progress_score,survival_score,orientation_score,slip_score,lateral_score,impact_score"
pronking,0,action_space,1.0,3.4000000953674316,0.0,0.5,1.0,0.10999999940395355,0.0,0.33000001311302185,0.0,0.0,rough_slope_trot_robustness,rough_slope,1.5,trotting,1000,0.6908572912216187,0.6908572912216187,1.2769279479980469,0.35038578510284424,0.11540551483631134,0.2906467020511627,1.3708930015563965,0.11540551483631134,0.0268554650247097,0.3925199508666992,0.2667250633239746,0.705508828163147,0.9615501761436462,0.824441134929657,1.2429864406585693,0.2906467020511627,0.1883430927991867,0.022560128942131996,0.004144579172134399,0.41110435128211975,0.050604984164237976,243.558349609375,169.20013427734375,32.363624572753906,39.158348083496094,395.7539367675781,0.057889968156814575,0.06425000727176666,0.7455618381500244,2.5572144985198975,1.2730000019073486,0.025538548827171326,0.029999924823641777,3.3856091499328613,0.5,0.10892025381326675,0.33000147342681885,0.0,0.6956901550292969,0.5689820647239685,0.7244752645492554,0.3437618613243103,0.420553982257843,0.7275665402412415,0.39856135845184326,0.3006303906440735,0.773273229598999,0.5350930094718933,0.8615001440048218,0.9792481660842896,0.9673757553100586,0.2328496128320694,0.3040699064731598,0.9998000264167786,0.024000000208616257,0.0,0.024000000208616257,1.273,0.58567307825081,1.4173247304588,0.163876371160426,0.5164543187194532,0.9805866489727699,1.1148930175844538,0.4339851296982268,0.16341575234433917,0.12769274413585663,0.022306879982352257,190.7377389548275,0.6119646430015564,0.4296625852584839,0.5862000584602356,0.14837650954723358,0.36345502734184265,0.4394599497318268,0.6051963567733765,0.7252418994903564,0.9673757553100586,0.9759999997913837,0.6207356392160843,"progress_score,survival_score,orientation_score,slip_score,lateral_score,impact_score"
pronking,0,action_space,1.0,3.4000000953674316,0.0,0.5,1.0,0.10999999940395355,0.0,0.33000001311302185,1.0,0.03999999910593033,rough_slope_trot_robustness,rough_slope,1.5,trotting,1000,0.6889587640762329,0.6889587640762329,1.2386035919189453,0.318803608417511,0.10560383647680283,0.28105074167251587,1.3841474056243896,0.10560383647680283,0.021896708756685257,0.38997599482536316,0.2519664168357849,0.6809099912643433,0.9894036054611206,0.7971985340118408,1.2465606927871704,0.28105074167251587,0.1498824656009674,0.011668574996292591,0.0030572081450372934,0.407283753156662,0.06201662868261337,237.04598999023438,165.9166259765625,33.5589485168457,40.136714935302734,461.2750549316406,0.05230340361595154,0.06758333742618561,0.9126049280166626,3.1619341373443604,1.2880001068115234,0.02477206476032734,0.029999924823641777,3.3858773708343506,0.5,0.10894036293029785,0.33000147342681885,0.03858684003353119,0.7203791737556458,0.5633424520492554,0.8021628856658936,0.34914329648017883,0.44950762391090393,0.7288914918899536,0.385733038187027,0.2980498969554901,0.7785501480102539,0.5388674736022949,0.86175137758255,0.9801129102706909,0.9645122289657593,0.118327297270298,0.19895540177822113,1.0,0.023000001907348633,0.005000000353902578,0.018000001087784767,1.288,0.7085442394943711,1.5668177193126878,0.14797536537101458,0.5019625651737238,0.9946876924246728,1.1164948243441035,0.38714656862868796,0.12134983782984585,0.1238603238016367,0.02613930031657219,191.38164263110482,0.6659485101699829,0.45389237999916077,0.7448922991752625,0.16168883442878723,0.2892879843711853,0.44283080101013184,0.5413282513618469,0.7132546901702881,0.9645122289657593,0.9819999989122152,0.6538617029590041,"progress_score,survival_score,orientation_score,slip_score,lateral_score,impact_score"
pronking,0,action_space,1.0,3.4000000953674316,0.0,0.5,1.0,0.10999999940395355,1.0,0.3700000047683716,0.0,0.0,rough_slope_trot_robustness,rough_slope,1.5,trotting,1000,0.6839525699615479,0.6839525699615479,1.2822072505950928,0.3473411202430725,0.10096541047096252,0.271575927734375,1.3498423099517822,0.10096541047096252,0.01909615471959114,0.394484281539917,0.2591557502746582,0.6329712867736816,0.852163553237915,0.7770013809204102,1.101361632347107,0.271575927734375,0.1528007686138153,0.017221275717020035,0.0024539537262171507,0.41411757469177246,0.05317094922065735,236.4990234375,160.70497131347656,34.067100524902344,41.261051177978516,378.1605224609375,0.05328960716724396,0.06416667252779007,0.9217754602432251,3.2134921550750732,1.2920000553131104,0.025644145905971527,0.029999924823641777,3.385608673095703,0.5,0.10892022401094437,0.3685595989227295,0.0,0.7011779546737671,0.5840448141098022,0.7508859038352966,0.3590015172958374,0.4579215347766876,0.741788387298584,0.4195348024368286,0.301536500453949,0.7714077234268188,0.5372679233551025,0.8614997863769531,0.9792481660842896,0.963512659072876,0.118949756026268,0.20012108981609344,1.0,0.024000000208616257,0.004999999888241291,0.01900000125169754,1.292,0.713448491997025,1.5770931698467359,0.1381888371743215,0.5090734232649139,0.9231270515145329,1.0494577801641698,0.39089738885520237,0.1402684192654825,0.12822072952985764,0.02177889458835125,184.44679932026358,0.6171869039535522,0.4782915413379669,0.6746882200241089,0.1769717037677765,0.34527331590652466,0.43681952357292175,0.5369739532470703,0.7255441546440125,0.963512659072876,0.9809999987483025,0.6368824223938742,"progress_score,survival_score,orientation_score,slip_score,lateral_score,impact_score"
trotting,1,action_space,-1.0,2.5999999046325684,0.0,0.5,-1.0,0.04999999701976776,-1.0,0.2900000214576721,-1.0,-0.03999999910593033,rough_slope_trot_robustness,rough_slope,1.5,trotting,1000,0.6374862194061279,0.6374862194061279,1.157450795173645,0.3830830454826355,0.16196826100349426,0.4067074656486511,1.5792192220687866,0.16196826100349426,0.0524228997528553,0.20626536011695862,0.1115441843867302,0.7791041135787964,1.1578441858291626,0.7044935822486877,0.9229135513305664,0.4067074656486511,0.3775622248649597,0.020284686237573624,0.00639699399471283,0.3986437916755676,0.07652296125888824,197.559326171875,133.0312957763672,33.558021545410156,64.47233581542969,220.7755126953125,0.08100368082523346,0.07725000381469727,0.5981277227401733,1.7816638946533203,0.999000072479248,0.023149024695158005,0.029999924823641777,2.61319899559021,0.5,0.05099039524793625,0.2913205325603485,-0.03867942839860916,0.6489921808242798,0.4897756278514862,0.6783574819564819,0.39759546518325806,0.3742242455482483,0.6383718252182007,0.2967093586921692,0.6014430522918701,0.7268389463424683,0.4812030792236328,0.13738054037094116,1.0,0.9685607552528381,0.06259568780660629,0.1411362588405609,1.0,0.02200000174343586,0.006000000052154064,0.01600000075995922,0.999,0.5987264119588338,1.3354576989276,0.22896047639899622,0.3339823114877945,1.0760316843983557,0.9606838977158754,0.6144609221626381,0.1633452791857985,0.11574512347579002,0.03425450064241886,170.68485934405223,0.5559869408607483,0.19126227498054504,0.5864701271057129,0.07224608212709427,0.2164362668991089,0.4505493938922882,0.6402722597122192,0.6796005964279175,0.9685607552528381,0.9839999992400408,0.5845856506769596,"progress_score,survival_score,orientation_score,slip_score,lateral_score,impact_score"
trotting,1,action_space,-1.0,2.5999999046325684,0.0,0.5,-1.0,0.04999999701976776,0.0,0.33000001311302185,0.0,0.0,rough_slope_trot_robustness,rough_slope,1.5,trotting,1000,0.6589169502258301,0.6589169502258301,1.1887102127075195,0.35806041955947876,0.16210919618606567,0.38498371839523315,1.7023688554763794,0.16210919618606567,0.046675801277160645,0.22579526901245117,0.12804968655109406,0.7778911590576172,1.1357190608978271,0.7151380181312561,0.9344359040260315,0.38498371839523315,0.34965914487838745,0.01924898847937584,0.0060381582006812096,0.39115676283836365,0.09529286623001099,196.68389892578125,128.9448699951172,33.319374084472656,64.08577728271484,296.155029296875,0.08345464617013931,0.07758333534002304,0.5901095867156982,1.7229496240615845,1.0049999952316284,0.023774201050400734,0.029999924823641777,2.6131937503814697,0.5,0.05099000036716461,0.33000147342681885,0.0,0.6667326092720032,0.5006206035614014,0.7075825333595276,0.3942279815673828,0.37846076488494873,0.6525734663009644,0.25004011392593384,0.5591768026351929,0.6895097494125366,0.4874137341976166,0.13737565279006958,1.0,0.9807716608047485,0.23027150332927704,0.2955641746520996,1.0,0.02200000174343586,0.005000000353902578,0.017000000923871994,1.005,0.587173628925684,1.3093424208416786,0.21604583142740952,0.3578403087287597,1.065701206200794,0.9666622491987734,0.5913198329824457,0.159019328007815,0.11887100525200367,0.031128618866205215,165.45992187431054,0.5987991094589233,0.22715453803539276,0.6030573844909668,0.07165554165840149,0.14869511127471924,0.45734670758247375,0.6514241099357605,0.6784688830375671,0.9807716608047485,0.982999999076128,0.589494219932117,"progress_score,survival_score,orientation_score,slip_score,lateral_score,impact_score"
trotting,1,action_space,-1.0,2.5999999046325684,0.0,0.5,-1.0,0.04999999701976776,1.0,0.3700000047683716,-1.0,-0.03999999910593033,rough_slope_trot_robustness,rough_slope,1.5,trotting,1000,0.6198238134384155,0.6198238134384155,1.1928646564483643,0.39098381996154785,0.1604689657688141,0.39566829800605774,1.3648860454559326,0.1604689657688141,0.043878503143787384,0.23893898725509644,0.13104237616062164,0.8543028831481934,1.4332764148712158,0.7621536254882812,1.1530001163482666,0.39566829800605774,0.344478964805603,0.03406696766614914,0.006222872529178858,0.40920937061309814,0.1007961630821228,206.4803009033203,135.774169921875,33.73375701904297,65.66175842285156,496.26373291015625,0.08760812878608704,0.06300000846385956,0.6092865467071533,1.7766706943511963,0.9950000047683716,0.023857302963733673,0.029999924823641777,2.6132397651672363,0.5,0.05099344253540039,0.36867502331733704,-0.03867538273334503,0.630847156047821,0.4770708680152893,0.6067019104957581,0.38297736644744873,0.36226779222488403,0.63280189037323,0.32932883501052856,0.5285265445709229,0.6585530042648315,0.4745514392852783,0.13741862773895264,1.0,0.9685475826263428,0.06262466311454773,0.14145445823669434,1.0,0.02199999988079071,0.004999999888241291,0.017000000923871994,0.995,0.6123483015664258,1.3362629410166802,0.2094719626675307,0.36199775712098226,1.1971952283864216,1.0737784298207274,0.5869233040232795,0.20072329260782865,0.11928651481866837,0.03071310929954052,173.0961679408751,0.5425509214401245,0.2089763879776001,0.446731835603714,0.10619734227657318,0.1331973671913147,0.4411286413669586,0.6399279832839966,0.7297888398170471,0.9685475826263428,0.982999999076128,0.5461590319479768,"progress_score,survival_score,orientation_score,slip_score,lateral_score,impact_score"
trotting,1,action_space,-1.0,2.5999999046325684,0.0,0.5,-1.0,0.04999999701976776,1.0,0.3700000047683716,0.0,0.0,rough_slope_trot_robustness,rough_slope,1.5,trotting,1000,0.6416458487510681,0.6416458487510681,1.14378821849823,0.3884414732456207,0.15366071462631226,0.41323041915893555,1.5174031257629395,0.15366071462631226,0.04227288067340851,0.2134769856929779,0.12202879041433334,0.7607263326644897,1.0646380186080933,0.7313987016677856,1.0072455406188965,0.41323041915893555,0.36570924520492554,0.016714047640562057,0.005446992814540863,0.4117334187030792,0.09365452826023102,192.7752685546875,128.60694885253906,33.7833251953125,64.80506896972656,513.9091186523438,0.08340269327163696,0.07216666638851166,0.5822372436523438,1.6036269664764404,1.003000020980835,0.022875772789120674,0.029999924823641777,2.6125826835632324,0.5,0.05094422399997711,0.3687405586242676,0.0,0.648317813873291,0.47039899230003357,0.7230045199394226,0.37493377923965454,0.3924771845340729,0.6248525977134705,0.27945050597190857,0.5836410522460938,0.6604641675949097,0.468082994222641,0.13680346310138702,1.0,0.9752170443534851,0.11540953069925308,0.1863575428724289,1.0,0.021000001579523087,0.005000000353902578,0.01600000075995922,1.003,0.5804957563831942,1.2644486308405667,0.20560369810246243,0.34932619485852096,1.0318129765650814,1.0036162317434372,0.6047389893209512,0.14886584717490753,0.11437886394560337,0.035620760172605515,168.54105107656852,0.5468683838844299,0.1813015192747116,0.6419654488563538,0.09415050595998764,0.15364807844161987,0.4389073848724365,0.6705160737037659,0.6970951557159424,0.9752170443534851,0.9839999992400408,0.5894128661602737,"progress_score,survival_score,orientation_score,slip_score,lateral_score,impact_score"
trotting,1,action_space,-1.0,2.5999999046325684,0.0,0.5,1.0,0.10999999940395355,-1.0,0.2900000214576721,0.0,0.0,rough_slope_trot_robustness,rough_slope,1.5,trotting,1000,0.6584875583648682,0.6584875583648682,1.2337884902954102,0.3211561441421509,0.14064526557922363,0.3204870820045471,1.6725454330444336,0.14064526557922363,0.03498076647520065,0.21017564833164215,0.1175832524895668,0.7603249549865723,1.1067163944244385,0.6839309334754944,0.8777976036071777,0.3204870820045471,0.2423640489578247,0.014668120071291924,0.004573092795908451,0.39442574977874756,0.09465739130973816,214.99212646484375,145.94630432128906,33.689361572265625,65.92735290527344,582.0242309570312,0.09315432608127594,0.060583338141441345,0.6427792310714722,2.034271478652954,1.0170000791549683,0.024675767868757248,0.029999924823641777,2.614388942718506,0.5,0.10892054438591003,0.29143959283828735,0.0,0.7194344997406006,0.5648412108421326,0.7476167678833008,0.4058723449707031,0.3927574157714844,0.7144535779953003,0.2685896158218384,0.5945420861244202,0.6887166500091553,0.48226815462112427,0.861503541469574,1.0,0.9716753959655762,0.11894527077674866,0.20009055733680725,1.0,0.024000000208616257,0.007000000216066837,0.017000000923871994,1.017,0.6320345868286013,1.4143079389892792,0.18703145851754632,0.34290414475413794,1.0520058908696464,0.9369085353475961,0.49230483336833564,0.13871269901202404,0.12337883934378624,0.026620784774422646,174.25363273843433,0.6619501113891602,0.35803669691085815,0.6805702447891235,0.09327896684408188,0.1505970060825348,0.4543663263320923,0.6064901947975159,0.7386606335639954,0.9716753959655762,0.982999999076128,0.6193198477359194,"progress_score,survival_score,orientation_score,slip_score,lateral_score,impact_score"
trotting,1,action_space,-1.0,2.5999999046325684,0.0,0.5,1.0,0.10999999940395355,-1.0,0.2900000214576721,1.0,0.03999999910593033,rough_slope_trot_robustness,rough_slope,1.5,trotting,1000,0.6628925800323486,0.6628925800323486,1.2402474880218506,0.297402024269104,0.13786843419075012,0.29446834325790405,1.6329553127288818,0.13786843419075012,0.034900058060884476,0.21173031628131866,0.12156285345554352,0.73056960105896,0.9364826679229736,0.6260501146316528,0.6419464349746704,0.29446834325790405,0.1982216238975525,0.008768935687839985,0.00456013111397624,0.3890933394432068,0.08427537232637405,211.68368530273438,147.82931518554688,34.312164306640625,66.76724243164062,631.87744140625,0.09142713248729706,0.06450000405311584,0.6747612953186035,2.2135393619537354,1.0130000114440918,0.02480495348572731,0.029999924823641777,2.6136677265167236,0.5,0.10897469520568848,0.29136723279953003,0.0386325940489769,0.7330988645553589,0.5702678561210632,0.8108336925506592,0.4185178279876709,0.3933601379394531,0.7227073907852173,0.30092811584472656,0.5913845300674438,0.6944825649261475,0.487747460603714,0.8621803522109985,1.0,0.9672330617904663,0.0634809210896492,0.14400440454483032,1.0,0.023000001907348633,0.004000000189989805,0.01900000125169754,1.013,0.6661019056947186,1.478219314598922,0.18681557231902396,0.3486586489039724,0.9677203459279823,0.8012155983096375,0.4452208709141481,0.11545157773636627,0.12402476742863655,0.025974856689572334,170.67858419158108,0.702021062374115,0.42016154527664185,0.7659937143325806,0.09720273315906525,0.18535035848617554,0.4592379927635193,0.5790982842445374,0.7243359088897705,0.9672330617904663,0.9809999987483025,0.6483276537374447,"progress_score,survival_score,orientation_score,slip_score,lateral_score,impact_score"
trotting,1,action_space,-1.0,2.5999999046325684,0.0,0.5,1.0,0.10999999940395355,0.0,0.33000001311302185,1.0,0.03999999910593033,rough_slope_trot_robustness,rough_slope,1.5,trotting,1000,0.6530238389968872,0.6530238389968872,1.263261318206787,0.33875077962875366,0.16926968097686768,0.32491976022720337,1.4166996479034424,0.16926968097686768,0.05034497752785683,0.2541736960411072,0.14494428038597107,0.800342321395874,1.1436576843261719,0.6628515720367432,0.7206565141677856,0.32491976022720337,0.22259730100631714,0.017238575965166092,0.005880598910152912,0.38237327337265015,0.08270463347434998,225.13043212890625,152.5099334716797,33.13313293457031,66.7414779663086,445.2984313964844,0.09683956950902939,0.05650000646710396,0.590269148349762,1.8528916835784912,1.0150001049041748,0.025265224277973175,0.029999924823641777,2.6143932342529297,0.5,0.10892023146152496,0.33000147342681885,0.038559988141059875,0.6767046451568604,0.548903226852417,0.7219548225402832,0.3970925807952881,0.36421388387680054,0.6991068124771118,0.32462501525878906,0.5041085481643677,0.6910021305084229,0.49244505167007446,0.8614997863769531,1.0,0.9716753363609314,0.11894965171813965,0.2001204490661621,1.0,0.024000000208616257,0.009999999776482582,0.014000000432133675,1.015,0.5815459754079434,1.3511139726376344,0.2243768649568329,0.38071548482557294,1.0694193210926066,0.8489149039613957,0.47180218418985426,0.15204990915919353,0.12632612138986588,0.02367350272834301,178.21366718366815,0.631909966468811,0.3479388356208801,0.6297807693481445,0.08860214054584503,0.1912655234336853,0.4654518961906433,0.6335747838020325,0.7538965940475464,0.9716753363609314,0.9859999995678663,0.609611015864893,"progress_score,survival_score,orientation_score,slip_score,lateral_score,impact_score"
trotting,1,action_space,-1.0,2.5999999046325684,0.0,0.5,1.0,0.10999999940395355,1.0,0.3700000047683716,-1.0,-0.03999999910593033,rough_slope_trot_robustness,rough_slope,1.5,trotting,1000,0.6500462293624878,0.6500462293624878,1.2104554176330566,0.3422938585281372,0.1400417685508728,0.3405998945236206,1.408212661743164,0.1400417685508728,0.035256095230579376,0.2164091169834137,0.11720718443393707,0.7422767877578735,1.050036907196045,0.6858841180801392,0.8607038259506226,0.3405998945236206,0.24727773666381836,0.020635785534977913,0.004191821441054344,0.40227752923965454,0.06668464839458466,218.71470642089844,152.5985870361328,33.69679260253906,66.24644470214844,409.3158264160156,0.09505362808704376,0.06566666811704636,0.6477260589599609,2.065584659576416,1.0120000839233398,0.02420910634100437,0.029999924823641777,2.613792896270752,0.5,0.10896524786949158,0.3686196208000183,-0.03862001746892929,0.7012015581130981,0.519741952419281,0.6978065371513367,0.41736045479774475,0.41257035732269287,0.6758100390434265,0.3494395315647125,0.5796675682067871,0.6955631971359253,0.4785323739051819,0.8620625734329224,1.0,0.9671318531036377,0.06358408182859421,0.145670086145401,1.0,0.023000001907348633,0.007000000216066837,0.01600000075995922,1.012,0.6400454675727211,1.4286676926922297,0.18776606517307481,0.3423553481894756,1.0247130853053672,0.92774124946055,0.49727028532159284,0.15756778533708043,0.12104553170502186,0.028954092413187027,180.68794871320134,0.6258401274681091,0.31346017122268677,0.6086255311965942,0.1208343505859375,0.2635023295879364,0.4472869038581848,0.600331723690033,0.7201229333877563,0.9671318531036377,0.9839999992400408,0.6141823942920096,"progress_score,survival_score,orientation_score,slip_score,lateral_score,impact_score"
trotting,1,action_space,-1.0,2.5999999046325684,0.0,0.5,1.0,0.10999999940395355,1.0,0.3700000047683716,1.0,0.03999999910593033,rough_slope_trot_robustness,rough_slope,1.5,trotting,1000,0.6570718288421631,0.6570718288421631,1.2578378915786743,0.30762097239494324,0.14115454256534576,0.3231680989265442,1.6305909156799316,0.14115454256534576,0.03722282126545906,0.23171120882034302,0.1318276822566986,0.7114035487174988,0.9407168626785278,0.6263359785079956,0.6732611060142517,0.3231680989265442,0.23534119129180908,0.01164763793349266,0.00419623963534832,0.3931523859500885,0.06230887025594711,214.86175537109375,145.82269287109375,33.37152099609375,66.1038818359375,387.4168701171875,0.09549517184495926,0.06541667133569717,0.6523978114128113,2.068610191345215,1.0220000743865967,0.025156758725643158,0.029999924823641777,2.613839626312256,0.5,0.10896177589893341,0.36861497163772583,0.03861537203192711,0.7269208431243896,0.5403300523757935,0.7827759981155396,0.41806483268737793,0.39483508467674255,0.6951576471328735,0.2725064754486084,0.5472226738929749,0.7042620778083801,0.4830623269081116,0.8620189428329468,1.0,0.9671185612678528,0.06361691653728485,0.14601574838161469,1.0,0.023000001907348633,0.007000000216066837,0.01600000075995922,1.022,0.6383539785844239,1.4227018587280604,0.1929321675238711,0.36308082055748775,0.9699055947248308,0.820524896644978,0.48511977004839646,0.12587246549123038,0.1257837936282158,0.024215830489993095,170.81831991992803,0.6848724484443665,0.3519112467765808,0.7284199595451355,0.0930100753903389,0.2876020669937134,0.4555249512195587,0.6028902530670166,0.7210236191749573,0.9671185612678528,0.9839999992400408,0.652217841952255,"progress_score,survival_score,orientation_score,slip_score,lateral_score,impact_score"
trotting,1,action_space,0.0,3.0,0.0,0.5,-1.0,0.04999999701976776,-1.0,0.2900000214576721,1.0,0.03999999910593033,rough_slope_trot_robustness,rough_slope,1.5,trotting,1000,0.6397563219070435,0.6397563219070435,1.1562190055847168,0.403628408908844,0.17680776119232178,0.4094715118408203,1.4473294019699097,0.17680776119232178,0.05576729774475098,0.22998878359794617,0.12466765940189362,0.7862842082977295,1.223641037940979,0.7564870119094849,1.039389729499817,0.4094715118408203,0.4250810146331787,0.017220837995409966,0.00727347657084465,0.4047461450099945,0.09436595439910889,205.8546142578125,138.77835083007812,32.878814697265625,65.0247802734375,436.8827819824219,0.0815410241484642,0.08375000208616257,0.6097642183303833,1.75704026222229,1.1290000677108765,0.02312438189983368,0.029999924823641777,3.000000238418579,0.5,0.05098920315504074,0.29131895303726196,0.0386810377240181,0.6266278028488159,0.4854869544506073,0.7304220795631409,0.3839525580406189,0.36764031648635864,0.6313458681106567,0.28217679262161255,0.5382079482078552,0.6637183427810669,0.47795233130455017,0.13736563920974731,1.0,0.9740362167358398,0.11658567190170288,0.1909230351448059,1.0,0.02200000174343586,0.003000000026077032,0.01900000125169754,1.129,0.5400923128356123,1.2475095769393794,0.23615100623277255,0.3530830771955711,1.1061830942212862,1.0195046490820023,0.6519823729466762,0.15650659591932417,0.1156219094991684,0.03437771461904049,178.04119571076313,0.5211780667304993,0.18699577450752258,0.6126960515975952,0.07709819078445435,0.1514773666858673,0.44508397579193115,0.6776868104934692,0.6578686237335205,0.9740362167358398,0.9809999987483025,0.5751531473115871,"progress_score,survival_score,orientation_score,slip_score,lateral_score,impact_score"
trotting,1,action_space,0.0,3.0,0.0,0.5,-1.0,0.04999999701976776,0.0,0.33000001311302185,-1.0,-0.03999999910593033,rough_slope_trot_robustness,rough_slope,1.5,trotting,1000,0.6426628828048706,0.6426628828048706,1.1664420366287231,0.3971467912197113,0.18830139935016632,0.4183918237686157,1.2818045616149902,0.18830139935016632,0.0647236704826355,0.23174512386322021,0.1323891282081604,0.8049980401992798,1.2109205722808838,0.7526965141296387,0.9998495578765869,0.4183918237686157,0.3949005603790283,0.030025338754057884,0.0077671632170677185,0.42320024967193604,0.10892684757709503,210.0909423828125,138.19253540039062,33.17424774169922,64.71835327148438,491.77783203125,0.0821928083896637,0.08183333277702332,0.6345975995063782,1.8251376152038574,1.1400001049041748,0.023328855633735657,0.029999924823641777,3.000000238418579,0.5,0.05103480815887451,0.33000147342681885,-0.03862019628286362,0.6199188232421875,0.47156745195388794,0.6172568202018738,0.3867027163505554,0.371598482131958,0.6216568946838379,0.3117208480834961,0.53901207447052,0.65386962890625,0.46675625443458557,0.13793586194515228,1.0,0.9798976182937622,0.2315572202205658,0.29979372024536133,1.0,0.023000001907348633,0.00800000037997961,0.015000000596046448,1.14,0.5566645036663925,1.2653054035235347,0.2544084717194683,0.36385316847343846,1.1004183623880892,0.9999247761089766,0.6284111396045016,0.19440293714634457,0.11664427816867828,0.0333553459495306,180.11262950538205,0.5321114659309387,0.17368410527706146,0.469611257314682,0.07605656236410141,0.11320704221725464,0.42895618081092834,0.6701528429985046,0.6642035245895386,0.9798976182937622,0.9849999994039536,0.5449139785609747,"progress_score,survival_score,orientation_score,slip_score,lateral_score,impact_score"
trotting,1,action_space,0.0,3.0,0.0,0.5,-1.0,0.04999999701976776,1.0,0.3700000047683716,-1.0,-0.03999999910593033,rough_slope_trot_robustness,rough_slope,1.5,trotting,1000,0.6474252939224243,0.6474252939224243,1.2021197080612183,0.34738969802856445,0.1483832597732544,0.34940648078918457,1.4771778583526611,0.1483832597732544,0.039957188069820404,0.23359891772270203,0.13009367883205414,0.7051870822906494,1.1024589538574219,0.6748290061950684,0.8885157108306885,0.34940648078918457,0.2548495829105377,0.024442441761493683,0.004573233425617218,0.4098585546016693,0.09772410243749619,205.061279296875,137.2171630859375,33.29596710205078,64.44651794433594,330.6401672363281,0.08244972676038742,0.07258334010839462,0.6106467247009277,1.6537046432495117,1.1410000324249268,0.0240423996001482,0.029999924823641777,3.000000238418579,0.5,0.05098998174071312,0.36867964267730713,-0.03867998719215393,0.6840639114379883,0.49863502383232117,0.6776208877563477,0.4207490086555481,0.4165373742580414,0.6545921564102173,0.31217384338378906,0.5362446308135986,0.6753448247909546,0.474962443113327,0.13737532496452332,1.0,0.9740357398986816,0.11659708619117737,0.19100421667099,1.0,0.02200000174343586,0.0020000000949949026,0.020000001415610313,1.141,0.5351855639926599,1.2038881611296404,0.19989294152075607,0.3606850133177897,1.049980454035894,0.9426111132543943,0.5048262898369476,0.17033988137576855,0.120211998000741,0.02978762611746788,170.58307747703293,0.6171035766601562,0.29497966170310974,0.5597228407859802,0.1026611402630806,0.14163781702518463,0.44055625796318054,0.6960480213165283,0.6956443786621094,0.9740357398986816,0.9799999985843897,0.5897580837144664,"progress_score,survival_score,orientation_score,slip_score,lateral_score,impact_score"
trotting,1,action_space,0.0,3.0,0.0,0.5,0.0,0.07999999821186066,-1.0,0.2900000214576721,1.0,0.03999999910593033,rough_slope_trot_robustness,rough_slope,1.5,trotting,1000,0.6851891279220581,0.6851891279220581,1.1905109882354736,0.3562038838863373,0.1361006647348404,0.3418066203594208,1.4254016876220703,0.1361006647348404,0.03235208988189697,0.2248654067516327,0.11823929101228714,0.7098745107650757,1.0716888904571533,0.705243706703186,0.9687182307243347,0.3418066203594208,0.2825988531112671,0.012370455078780651,0.0046251434832811356,0.4069952964782715,0.09351801872253418,222.11279296875,156.93344116210938,33.53479766845703,66.27313995361328,555.69091796875,0.08248098194599152,0.08958333730697632,0.7188324928283691,2.1316933631896973,1.136000156402588,0.023810215294361115,0.029999924823641777,3.000000238418579,0.5,0.08000031858682632,0.2913799285888672,0.03862002491950989,0.692617654800415,0.5373146533966064,0.7947819828987122,0.4104089140892029,0.41777169704437256,0.6882864236831665,0.34729641675949097,0.5559356212615967,0.6921093463897705,0.483823299407959,0.5,1.0,0.9798976182937622,0.23155993223190308,0.29981285333633423,1.0,0.023000001907348633,0.004000000189989805,0.01900000125169754,1.136,0.6327749977649098,1.369850587930173,0.17986686710424735,0.34385940588020436,1.0352240774137518,0.984234845310983,0.5316002756877267,0.1303671682674046,0.11905107647180557,0.030948547646403313,186.56929265134835,0.6019837260246277,0.31088951230049133,0.7118330001831055,0.12587782740592957,0.15406812727451324,0.4430863559246063,0.6255508661270142,0.6389579176902771,0.9798976182937622,0.9809999987483025,0.6159034245892574,"progress_score,survival_score,orientation_score,slip_score,lateral_score,impact_score"
trotting,1,action_space,0.0,3.0,0.0,0.5,0.0,0.07999999821186066,0.0,0.33000001311302185,-1.0,-0.03999999910593033,rough_slope_trot_robustness,rough_slope,1.5,trotting,1000,0.6987220644950867,0.6987220644950867,1.1987857818603516,0.35137030482292175,0.15289339423179626,0.3478190004825592,1.6492656469345093,0.15289339423179626,0.03960195183753967,0.20710517466068268,0.1061338484287262,0.7254023551940918,1.0436463356018066,0.6671551465988159,0.8100395202636719,0.3478190004825592,0.2688097357749939,0.019963320344686508,0.004657496698200703,0.3912927210330963,0.06463819742202759,208.3740234375,141.45208740234375,34.06964874267578,67.1343994140625,315.22564697265625,0.08478288352489471,0.07974999397993088,0.7302098274230957,2.110104560852051,1.152000069618225,0.02397572621703148,0.029999924823641777,3.000000238418579,0.5,0.08000031858682632,0.33000147342681885,-0.03868003189563751,0.6917662620544434,0.5303388833999634,0.7001822590827942,0.42183399200439453,0.42169368267059326,0.680870532989502,0.25362029671669006,0.5886320471763611,0.6872227787971497,0.48863857984542847,0.5,1.0,0.9892171025276184,0.4735679626464844,0.5186002254486084,1.0,0.02200000174343586,0.004000000189989805,0.018000001087784767,1.152,0.6338627073499892,1.353398657914989,0.19900239153723673,0.3257819031633375,1.0215901015582554,0.9000219554342394,0.5184686449294633,0.1569102196891178,0.1198786310851574,0.03012099303305149,173.82089993938035,0.6102757453918457,0.29826271533966064,0.6111478805541992,0.08704721182584763,0.2745110094547272,0.4572223722934723,0.6325968503952026,0.671158492565155,0.9892171025276184,0.9819999989122152,0.6104822847992183,"progress_score,survival_score,orientation_score,slip_score,lateral_score,impact_score"
trotting,1,action_space,0.0,3.0,0.0,0.5,0.0,0.07999999821186066,0.0,0.33000001311302185,0.0,0.0,rough_slope_trot_robustness,rough_slope,1.5,trotting,1000,0.7602671980857849,0.7602671980857849,1.1784858703613281,0.3896775245666504,0.14819812774658203,0.3813053369522095,1.698850154876709,0.14819812774658203,0.0424659326672554,0.22576510906219482,0.12417534738779068,0.7986598014831543,1.3140801191329956,0.7446281909942627,1.0441290140151978,0.3813053369522095,0.34678369760513306,0.025171590968966484,0.006841212511062622,0.4250144362449646,0.09782473742961884,209.61807250976562,139.37310791015625,33.260459899902344,65.77153015136719,385.0948486328125,0.09040173888206482,0.06549999862909317,0.6389142870903015,1.887134075164795,1.127000093460083,0.023569714277982712,0.029999924823641777,3.000000238418579,0.5,0.08000031858682632,0.33000147342681885,0.0,0.6521298885345459,0.5060962438583374,0.6841001510620117,0.38577842712402344,0.3882942497730255,0.6549098491668701,0.28060635924339294,0.5482979416847229,0.6588497161865234,0.46290379762649536,0.5,1.0,1.0,1.0,1.0,1.0,0.021000001579523087,0.006000000052154064,0.015000000596046448,1.127,0.5669159233411435,1.2940153122729032,0.2060726392980286,0.35238522583642845,1.1463333368322652,1.0218263130372,0.5888834329518305,0.17892122143566175,0.11784857138991356,0.032151052728295326,177.870670986913,0.5447685122489929,0.23364844918251038,0.5271574258804321,0.07822477072477341,0.14135302603244781,0.4274025857448578,0.6579548716545105,0.7207232713699341,1.0,0.9849999994039536,0.5623986497521402,"progress_score,survival_score,orientation_score,slip_score,lateral_score,impact_score"
trotting,1,action_space,0.0,3.0,0.0,0.5,0.0,0.07999999821186066,0.0,0.33000001311302185,1.0,0.03999999910593033,rough_slope_trot_robustness,rough_slope,1.5,trotting,1000,0.7131655216217041,0.7131655216217041,1.2118169069290161,0.3419385850429535,0.1432279795408249,0.3485677242279053,1.3220034837722778,0.1432279795408249,0.03479959815740585,0.2536459267139435,0.1487131118774414,0.7089121341705322,0.9539332985877991,0.6570409536361694,0.7835967540740967,0.3485677242279053,0.2728652358055115,0.0150094423443079,0.005013131070882082,0.4065762162208557,0.0691068023443222,219.94561767578125,149.25794982910156,33.33917236328125,65.25618743896484,423.38568115234375,0.08780470490455627,0.0676666647195816,0.696458101272583,2.074610948562622,1.1449999809265137,0.02423633635044098,0.029999924823641777,3.000000238418579,0.5,0.08000031858682632,0.33000147342681885,0.03861996531486511,0.7064746618270874,0.524367094039917,0.7565040588378906,0.41429904103279114,0.40141382813453674,0.6787296533584595,0.35459423065185547,0.5056653618812561,0.6819232702255249,0.48012667894363403,0.5,1.0,0.9887270927429199,0.4746706187725067,0.5217544436454773,1.0,0.023000001907348633,0.0020000000949949026,0.021000001579523087,1.145,0.6082603221376911,1.346063592988863,0.1865465040074615,0.3856333905115601,0.9766950898759547,0.8852100056337461,0.52236504075743,0.14150114280524373,0.1211816817522049,0.02881794236600399,181.5007006571372,0.626448929309845,0.29671162366867065,0.6700174808502197,0.13292166590690613,0.2510417401790619,0.4434579014778137,0.6357360482215881,0.7129576206207275,0.9887270927429199,0.9789999984204769,0.627089656301235,"progress_score,survival_score,orientation_score,slip_score,lateral_score,impact_score"
trotting,1,action_space,0.0,3.0,0.0,0.5,0.0,0.07999999821186066,1.0,0.3700000047683716,0.0,0.0,rough_slope_trot_robustness,rough_slope,1.5,trotting,1000,0.70273756980896,0.70273756980896,1.2436840534210205,0.3252372741699219,0.14663830399513245,0.35047250986099243,1.6186795234680176,0.14663830399513245,0.04254993796348572,0.24854356050491333,0.14134696125984192,0.7420411109924316,1.0490972995758057,0.662286639213562,0.7826007008552551,0.35047250986099243,0.28539207577705383,0.01805691048502922,0.00619873171672225,0.405954509973526,0.08057380467653275,215.90185546875,142.21640014648438,33.49907684326172,66.79953002929688,388.8065185546875,0.08900164812803268,0.06541667878627777,0.7008273601531982,2.1339573860168457,1.1490000486373901,0.024873681366443634,0.029999924823641777,3.000000238418579,0.5,0.08000031858682632,0.3685956299304962,0.0,0.697417140007019,0.5177710056304932,0.7232104539871216,0.4222511947154999,0.3969937562942505,0.6767538189888,0.29339444637298584,0.5095033645629883,0.6825982332229614,0.4782717823982239,0.5,1.0,0.9884277582168579,0.4751000702381134,0.5222979784011841,1.0,0.024000000208616257,0.007000000216066837,0.017000000923871994,1.149,0.6099455113821801,1.3628023397296254,0.20627636307508845,0.37596138267093593,1.0242545091801185,0.8846472183052717,0.5342209990042078,0.15574222998837364,0.12436840683221817,0.025631217285990715,173.59863614465868,0.6550019383430481,0.2927870452404022,0.6156277060508728,0.08461206406354904,0.19959278404712677,0.4440096318721771,0.6285701990127563,0.7210236191749573,0.9884277582168579,0.982999999076128,0.6118437606645258,"progress_score,survival_score,orientation_score,slip_score,lateral_score,impact_score"
trotting,1,action_space,0.0,3.0,0.0,0.5,0.0,0.07999999821186066,1.0,0.3700000047683716,1.0,0.03999999910593033,rough_slope_trot_robustness,rough_slope,1.5,trotting,1000,0.6832942962646484,0.6832942962646484,1.2212316989898682,0.3379271626472473,0.13226968050003052,0.33400124311447144,1.3274880647659302,0.13226968050003052,0.031145993620157242,0.2397531270980835,0.14444270730018616,0.6925643682479858,1.0015794038772583,0.6638787984848022,0.91410231590271,0.33400124311447144,0.237114816904068,0.013089058920741081,0.00425160676240921,0.4273793697357178,0.07869678735733032,211.77256774902344,142.6446075439453,33.651363372802734,65.84683227539062,481.26458740234375,0.08666422218084335,0.07266667485237122,0.6919962167739868,2.0844907760620117,1.1419999599456787,0.024424636736512184,0.029999924823641777,3.000000238418579,0.5,0.08000031858682632,0.3685598075389862,0.03856012970209122,0.7032215595245361,0.5280413031578064,0.7772555947303772,0.4234021306037903,0.4157085418701172,0.6844492554664612,0.3710929751396179,0.5424134731292725,0.6701878309249878,0.4646996855735779,0.5,1.0,0.9790236353874207,0.23284810781478882,0.3040596544742584,1.0,0.024000000208616257,0.004000000189989805,0.020000001415610313,1.142,0.6059511522069286,1.3510360306414064,0.17648227565440458,0.38005618966172117,1.0007893903700509,0.9560869813477799,0.4869443673604491,0.13168396137400443,0.12212318368256092,0.027876440435647964,173.40900004822132,0.6333202719688416,0.3277289867401123,0.706937313079834,0.1422160416841507,0.20722797513008118,0.42538580298423767,0.6336081624031067,0.6953545808792114,0.9790236353874207,0.9799999985843897,0.631340440264658,"progress_score,survival_score,orientation_score,slip_score,lateral_score,impact_score"
trotting,1,action_space,0.0,3.0,0.0,0.5,1.0,0.10999999940395355,-1.0,0.2900000214576721,-1.0,-0.03999999910593033,rough_slope_trot_robustness,rough_slope,1.5,trotting,1000,0.6614968180656433,0.6614968180656433,1.2398827075958252,0.3101162314414978,0.14699453115463257,0.31488996744155884,1.5763561725616455,0.14699453115463257,0.03973189368844032,0.2125687599182129,0.11880213022232056,0.6369925141334534,0.7577323913574219,0.6472734212875366,0.7887191772460938,0.31488996744155884,0.2102726399898529,0.020105496048927307,0.004869087599217892,0.39751243591308594,0.058327093720436096,224.0911407470703,158.46121215820312,32.91180419921875,66.28822326660156,680.4297485351562,0.09127802401781082,0.06191667541861534,0.6905809640884399,2.1152074337005615,1.152000069618225,0.02479766681790352,0.029999924823641777,3.000000238418579,0.5,0.10896527767181396,0.29137998819351196,-0.03862002491950989,0.7208704948425293,0.541880190372467,0.7108447551727295,0.4251854419708252,0.43750113248825073,0.6988247632980347,0.3101303279399872,0.5850740671157837,0.7000021934509277,0.48377835750579834,0.8620626330375671,1.0,0.9728555679321289,0.11777293682098389,0.19555944204330444,1.0,0.023000001907348633,0.007000000216066837,0.01600000075995922,1.152,0.5994626151190864,1.3550341053104022,0.19932860730070914,0.344676848979331,0.8704782543851523,0.8880986303593165,0.4585549476233496,0.1580334890083276,0.1239883340895176,0.026011290028691292,180.73575780534165,0.6806627511978149,0.3709986209869385,0.6068390607833862,0.09338784217834473,0.311442106962204,0.4515700042247772,0.6318966746330261,0.7337526082992554,0.9728555679321289,0.9839999992400408,0.6323095078727133,"progress_score,survival_score,orientation_score,slip_score,lateral_score,impact_score"
trotting,1,action_space,0.0,3.0,0.0,0.5,1.0,0.10999999940395355,-1.0,0.2900000214576721,0.0,0.0,rough_slope_trot_robustness,rough_slope,1.5,trotting,1000,0.6940905451774597,0.6940905451774597,1.2517327070236206,0.2927283048629761,0.1301395297050476,0.2779763340950012,1.4980225563049316,0.1301395297050476,0.029448507353663445,0.20672503113746643,0.12519848346710205,0.6234776973724365,0.7917889952659607,0.576475977897644,0.597662091255188,0.2779763340950012,0.16972893476486206,0.010678473860025406,0.0034365691244602203,0.39816975593566895,0.06042680889368057,214.66455078125,149.42385864257812,33.49903106689453,66.47283935546875,404.11474609375,0.08959931135177612,0.06400000303983688,0.6945879459381104,2.143749237060547,1.1470000743865967,0.02503463625907898,0.029999924823641777,3.000000238418579,0.5,0.10896822810173035,0.2913758456707001,0.0,0.744080662727356,0.5832040309906006,0.7931022644042969,0.4501412808895111,0.4574551582336426,0.7340633869171143,0.3334953188896179,0.6105203628540039,0.6952519416809082,0.4795919358730316,0.8620995283126831,1.0,0.9799041748046875,0.23149403929710388,0.2992876172065735,1.0,0.024000000208616257,0.004999999888241291,0.01900000125169754,1.147,0.6055692691021415,1.3671157464979655,0.17160567401360435,0.35383397726490606,0.8898252610855464,0.7730860826940219,0.41198171654196264,0.11880674637614493,0.1251731812953949,0.024826442822813988,171.49392164696326,0.7098089456558228,0.4617607295513153,0.7540467977523804,0.12405965477228165,0.2986341118812561,0.45097672939300537,0.626722514629364,0.7261490225791931,0.9799041748046875,0.9809999987483025,0.6686801828051869,"progress_score,survival_score,orientation_score,slip_score,lateral_score,impact_score"
trotting,1,action_space,0.0,3.0,0.0,0.5,1.0,0.10999999940395355,1.0,0.3700000047683716,0.0,0.0,rough_slope_trot_robustness,rough_slope,1.5,trotting,1000,0.6770138740539551,0.6770138740539551,1.2016563415527344,0.35247474908828735,0.14047746360301971,0.33135098218917847,1.6426817178726196,0.14047746360301971,0.035473473370075226,0.2407495677471161,0.14043864607810974,0.6452220678329468,0.8145811557769775,0.6944770812988281,0.9098880290985107,0.33135098218917847,0.25938084721565247,0.015332013368606567,0.004200611263513565,0.41536465287208557,0.0693771168589592,222.23095703125,152.60015869140625,33.21629333496094,65.66618347167969,619.8953247070312,0.09361964464187622,0.06083333492279053,0.6961312294006348,2.0931625366210938,1.1470000743865967,0.024033136665821075,0.029999924823641777,3.000000238418579,0.5,0.10892081260681152,0.3685603737831116,0.0,0.692456066608429,0.5445213913917542,0.7498696446418762,0.4109691381454468,0.43971896171569824,0.6963282823562622,0.2833878993988037,0.534048318862915,0.6936513781547546,0.46716004610061646,0.8615069389343262,1.0,0.9790236949920654,0.23283788561820984,0.30399030447006226,1.0,0.024000000208616257,0.004000000189989805,0.020000001415610313,1.147,0.6069147563957606,1.3508892590942467,0.1883440292923437,0.3747514457318474,0.9025414980913495,0.953880510912405,0.5092944602247824,0.13975916654058915,0.12016568332910538,0.029833940789103508,184.93719822099192,0.6083810925483704,0.3335592746734619,0.6766152381896973,0.0951642319560051,0.24968819320201874,0.4357313811779022,0.6336709260940552,0.7377378940582275,0.9790236949920654,0.9799999985843897,0.6200873503755582,"progress_score,survival_score,orientation_score,slip_score,lateral_score,impact_score"
trotting,1,action_space,0.0,3.0,0.0,0.5,1.0,0.10999999940395355,1.0,0.3700000047683716,1.0,0.03999999910593033,rough_slope_trot_robustness,rough_slope,1.5,trotting,1000,0.6701235175132751,0.6701235175132751,1.2323007583618164,0.32287150621414185,0.1322508156299591,0.30339404940605164,1.6320853233337402,0.1322508156299591,0.03157836198806763,0.2559923529624939,0.15487654507160187,0.7131949663162231,0.9723126888275146,0.6621623039245605,0.8367974758148193,0.30339404940605164,0.18703573942184448,0.012003466486930847,0.004335812758654356,0.4071963429450989,0.06263266503810883,221.7076416015625,150.0159912109375,33.055877685546875,65.87551879882812,622.060791015625,0.09593642503023148,0.049250006675720215,0.6971049308776855,2.0966672897338867,1.1490000486373901,0.024646002799272537,0.029999924823641777,3.000000238418579,0.5,0.10892235487699509,0.3685624897480011,0.03856281191110611,0.7180880308151245,0.5516482591629028,0.7869692444801331,0.43775463104248047,0.4348146915435791,0.7067552804946899,0.3055930435657501,0.5093335509300232,0.6962672472000122,0.4747489094734192,0.8615262508392334,1.0,0.9716789722442627,0.11891789734363556,0.1998659372329712,1.0,0.024000000208616257,0.003000000026077032,0.021000001579523087,1.149,0.6067057610388109,1.3508425750621835,0.17770301626046653,0.3935435745525543,0.9860591710579617,0.9147663503949078,0.4324762876989263,0.1278251901840369,0.12323001399636269,0.0267696101218462,179.91358042844507,0.6590314507484436,0.3983280062675476,0.721238374710083,0.10397003591060638,0.2857455909252167,0.44290822744369507,0.6336909532546997,0.7817267179489136,0.9716789722442627,0.9789999984204769,0.6463001666492538,"progress_score,survival_score,orientation_score,slip_score,lateral_score,impact_score"
trotting,1,action_space,1.0,3.4000000953674316,0.0,0.5,-1.0,0.04999999701976776,-1.0,0.2900000214576721,0.0,0.0,rough_slope_trot_robustness,rough_slope,1.5,trotting,1000,0.6426368951797485,0.6426368951797485,1.187065839767456,0.37822115421295166,0.15750305354595184,0.3862461447715759,1.3636072874069214,0.15750305354595184,0.04446115344762802,0.22450733184814453,0.12933026254177094,0.7985334396362305,1.2412059307098389,0.6950157284736633,0.827610969543457,0.3862461447715759,0.34429827332496643,0.017458058893680573,0.005686829797923565,0.4239639639854431,0.10622335970401764,215.4536895751953,146.0008087158203,34.33872985839844,65.76104736328125,251.4436798095703,0.07773850858211517,0.08100000023841858,0.758617639541626,2.143947124481201,1.2650001049041748,0.023741301149129868,0.029999924823641777,3.386214256286621,0.5,0.05103456601500511,0.29137933254241943,0.0,0.6483789682388306,0.501432478427887,0.7087665796279907,0.3981606960296631,0.3747466206550598,0.649542510509491,0.31792861223220825,0.5677704811096191,0.6552468538284302,0.4601774215698242,0.13793271780014038,1.0,0.9728556871414185,0.11776742339134216,0.19552090764045715,1.0,0.023000001907348633,0.007000000216066837,0.01600000075995922,1.265,0.5996977191668725,1.3018524416497999,0.21085813583456536,0.3596251695053767,1.1140942198529884,0.9097312622656523,0.586769352748562,0.1521344428181999,0.11870650574564934,0.03129311837255955,181.50104430382925,0.5642798542976379,0.22495365142822266,0.6294569969177246,0.1051013395190239,0.11949662864208221,0.42830148339271545,0.6546170115470886,0.666976809501648,0.9728556871414185,0.9839999992400408,0.5866809786346397,"progress_score,survival_score,orientation_score,slip_score,lateral_score,impact_score"
trotting,1,action_space,1.0,3.4000000953674316,0.0,0.5,-1.0,0.04999999701976776,0.0,0.33000001311302185,1.0,0.03999999910593033,rough_slope_trot_robustness,rough_slope,1.5,trotting,1000,0.6547794342041016,0.6547794342041016,1.2191603183746338,0.3329651951789856,0.15056443214416504,0.3738554120063782,1.2782922983169556,0.15056443214416504,0.040740516036748886,0.22313809394836426,0.13034023344516754,0.8025195598602295,1.2089357376098633,0.6505124568939209,0.7682859897613525,0.3738554120063782,0.3023201823234558,0.01354236714541912,0.005868592299520969,0.4266563057899475,0.09654423594474792,211.58409118652344,144.26754760742188,33.28822326660156,65.12548828125,330.26220703125,0.07784444838762283,0.08858334273099899,0.683422327041626,1.8549588918685913,1.2750000953674316,0.024383213371038437,0.029999924823641777,3.3864145278930664,0.5,0.051019541919231415,0.33000147342681885,0.03864055126905441,0.6871857643127441,0.5029791593551636,0.7589037418365479,0.422023743391037,0.3720136880874634,0.6566517353057861,0.35562050342559814,0.5666064620018005,0.6500085592269897,0.4599604606628418,0.13774505257606506,1.0,0.9730605483055115,0.11748239398002625,0.1929043084383011,1.0,0.023000001907348633,0.004999999888241291,0.018000001087784767,1.275,0.5360174919577206,1.206179754507521,0.2018428003094212,0.36102663813791847,1.0995161379488085,0.8765192466576832,0.5498365050844258,0.13932321933166808,0.12191606685519218,0.0280835572630167,173.54903042497656,0.6418097615242004,0.24717004597187042,0.6782636642456055,0.12330396473407745,0.14501984417438507,0.4260014295578003,0.6950876116752625,0.6421607136726379,0.9730605483055115,0.9819999989122152,0.6220868272020629,"progress_score,survival_score,orientation_score,slip_score,lateral_score,impact_score"
trotting,1,action_space,1.0,3.4000000953674316,0.0,0.5,-1.0,0.04999999701976776,1.0,0.3700000047683716,-1.0,-0.03999999910593033,rough_slope_trot_robustness,rough_slope,1.5,trotting,1000,0.6252729892730713,0.6252729892730713,1.1247458457946777,0.428128719329834,0.16304990649223328,0.4042956829071045,1.241971731185913,0.16304990649223328,0.045287199318408966,0.22072696685791016,0.12027736753225327,0.7956061363220215,1.352100133895874,0.746860146522522,1.0672931671142578,0.4042956829071045,0.33344852924346924,0.02613857388496399,0.008063764311373234,0.4421365261077881,0.11482444405555725,213.46051025390625,147.8614501953125,33.785118103027344,65.09130859375,272.9795227050781,0.07965971529483795,0.07100000977516174,0.7328944206237793,2.0752317905426025,1.2309999465942383,0.022494908422231674,0.029999924823641777,3.387392520904541,0.5,0.050946250557899475,0.36873793601989746,-0.03873830288648605,0.6126581430435181,0.4618767499923706,0.6486660242080688,0.3787183165550232,0.3785983920097351,0.6164412498474121,0.3526456356048584,0.5654548406600952,0.6564905047416687,0.44878339767456055,0.13682857155799866,1.0,0.9699882864952087,0.06161104142665863,0.1366375982761383,1.0,0.021000001579523087,0.004999999888241291,0.01600000075995922,1.231,0.5953650269248832,1.2983872534966785,0.21280789298897954,0.3468102759899903,1.1627984063868828,1.0330988176908624,0.5774500231565233,0.18493874173989944,0.11247454211115837,0.037525082007050514,189.78555115541494,0.48038047552108765,0.19504012167453766,0.5045709609985352,0.11675053089857101,0.10061149299144745,0.41301429271698,0.6560932397842407,0.7011734247207642,0.9699882864952087,0.9839999992400408,0.5409999780945088,"progress_score,survival_score,orientation_score,slip_score,lateral_score,impact_score"
trotting,1,action_space,1.0,3.4000000953674316,0.0,0.5,-1.0,0.04999999701976776,1.0,0.3700000047683716,0.0,0.0,rough_slope_trot_robustness,rough_slope,1.5,trotting,1000,0.6411652565002441,0.6411652565002441,1.1720430850982666,0.38958504796028137,0.1476989984512329,0.39573150873184204,1.5266013145446777,0.1476989984512329,0.03958926349878311,0.22088515758514404,0.12395940721035004,0.7841036319732666,1.1894630193710327,0.7254746556282043,1.0007785558700562,0.39573150873184204,0.3944873809814453,0.019499192014336586,0.005978554021567106,0.44700419902801514,0.0873308852314949,214.80548095703125,145.5809783935547,33.91871643066406,65.40150451660156,588.5037841796875,0.07902535051107407,0.08016666769981384,0.763031542301178,2.159989833831787,1.2620000839233398,0.02344086579978466,0.029999924823641777,3.386192560195923,0.5,0.05103619024157524,0.3686180114746094,0.0,0.6445220708847046,0.5102230906486511,0.6993358731269836,0.41064077615737915,0.38225090503692627,0.6561396718025208,0.3038327097892761,0.5714138746261597,0.6579418778419495,0.4448227882385254,0.13795296847820282,1.0,0.9728542566299438,0.11779135465621948,0.19569703936576843,1.0,0.023000001907348633,0.007000000216066837,0.01600000075995922,1.262,0.6046208352936807,1.3082663387359366,0.19897050911826886,0.35207869462713876,1.0906250590239674,1.0003892021958534,0.6280823043052919,0.15961749915314327,0.1172043289989233,0.032795295119285583,183.27438955797558,0.5449255704879761,0.20887185633182526,0.6007629036903381,0.0984322726726532,0.17436270415782928,0.40901297330856323,0.6518830060958862,0.6697616577148438,0.9728542566299438,0.9839999992400408,0.5827711060839265,"progress_score,survival_score,orientation_score,slip_score,lateral_score,impact_score"
trotting,1,action_space,1.0,3.4000000953674316,0.0,0.5,-1.0,0.04999999701976776,1.0,0.3700000047683716,1.0,0.03999999910593033,rough_slope_trot_robustness,rough_slope,1.5,trotting,1000,0.6261515617370605,0.6261515617370605,1.1945441961288452,0.38519060611724854,0.15899181365966797,0.3859657049179077,1.6836528778076172,0.15899181365966797,0.042421821504831314,0.2606724500656128,0.14566996693611145,0.8642690181732178,1.3908946514129639,0.7419306039810181,1.0136266946792603,0.3859657049179077,0.30539610981941223,0.02132594771683216,0.0058337850496172905,0.4334474802017212,0.1043718159198761,216.00306701660156,142.20542907714844,32.963172912597656,65.21708679199219,381.6786804199219,0.08106754720211029,0.08633332699537277,0.6906914710998535,1.9298665523529053,1.25600004196167,0.023890892043709755,0.029999924823641777,3.3868160247802734,0.5,0.05098949000239372,0.3686802387237549,0.038680627942085266,0.6377953290939331,0.48638206720352173,0.7113667726516724,0.3858386278152466,0.35407555103302,0.6394603848457336,0.2601539194583893,0.4781354069709778,0.6492831707000732,0.4565412402153015,0.1373693197965622,1.0,0.9685612320899963,0.06258778274059296,0.14108049869537354,1.0,0.02200000174343586,0.005000000353902578,0.017000000923871994,1.256,0.5499135400079618,1.239563622988612,0.2059655833017529,0.3816673511529529,1.1793619679356138,1.006790293298093,0.5526265554779396,0.16480210182655272,0.11945446021854877,0.03054516389966011,180.82467581911317,0.552397608757019,0.2254413366317749,0.5808895230293274,0.07949277013540268,0.12400465458631516,0.4202544391155243,0.6810432076454163,0.6494258046150208,0.9685612320899963,0.982999999076128,0.5736540069705562,"progress_score,survival_score,orientation_score,slip_score,lateral_score,impact_score"
trotting,1,action_space,1.0,3.4000000953674316,0.0,0.5,0.0,0.07999999821186066,-1.0,0.2900000214576721,-1.0,-0.03999999910593033,rough_slope_trot_robustness,rough_slope,1.5,trotting,1000,0.6538057327270508,0.6538057327270508,1.2283543348312378,0.3371469974517822,0.156575545668602,0.33515387773513794,1.1345226764678955,0.156575545668602,0.04656188562512398,0.2238311916589737,0.12939703464508057,0.792160153388977,1.3081340789794922,0.678550124168396,0.8718587160110474,0.33515387773513794,0.25855064392089844,0.024833079427480698,0.005702817812561989,0.4187392294406891,0.06662768125534058,224.27032470703125,154.71414184570312,33.38652038574219,66.43418884277344,216.74659729003906,0.08617336302995682,0.058833345770835876,0.858139157295227,2.5395116806030273,1.277000069618225,0.024567099288105965,0.029999924823641777,3.3853697776794434,0.5,0.08000031858682632,0.2914637327194214,-0.038536109030246735,0.6983293294906616,0.5483973026275635,0.6735193729400635,0.41601771116256714,0.3818509578704834,0.6972101926803589,0.38075220584869385,0.5731900930404663,0.6782374978065491,0.464597225189209,0.5,1.0,0.9710195064544678,0.11953887343406677,0.20102150738239288,1.0,0.02500000037252903,0.007000000216066837,0.018000001087784767,1.277,0.6719962099892326,1.4101965959096319,0.21578203267446522,0.3597179932184107,1.1437368923749431,0.933733750065321,0.5084787546406422,0.17474523524274613,0.12283549644052982,0.027164127677679062,182.57787541234467,0.6346558332443237,0.32521095871925354,0.5429608821868896,0.12672190368175507,0.26380273699760437,0.4328004717826843,0.6082534790039062,0.7451522350311279,0.9710195064544678,0.9819999989122152,0.6039643184723039,"progress_score,survival_score,orientation_score,slip_score,lateral_score,impact_score"
trotting,1,action_space,1.0,3.4000000953674316,0.0,0.5,0.0,0.07999999821186066,-1.0,0.2900000214576721,1.0,0.03999999910593033,rough_slope_trot_robustness,rough_slope,1.5,trotting,1000,0.650597333908081,0.650597333908081,1.226789951324463,0.37298524379730225,0.17061500251293182,0.3616142272949219,1.334460973739624,0.17061500251293182,0.05144810304045677,0.23177170753479004,0.1359151005744934,0.8829819560050964,1.6263813972473145,0.7033385038375854,0.8824788331985474,0.3616142272949219,0.30605462193489075,0.01715744100511074,0.009472707286477089,0.43274757266044617,0.06898799538612366,232.5326690673828,162.07748413085938,33.25311279296875,67.51641845703125,689.1492309570312,0.08597122132778168,0.07358333468437195,0.7438658475875854,2.158761978149414,1.2740001678466797,0.02453579567372799,0.029999924823641777,3.3856091499328613,0.5,0.08000031858682632,0.29143989086151123,0.03856002911925316,0.661487340927124,0.5213717222213745,0.733532726764679,0.41471368074417114,0.3736346960067749,0.6741359233856201,0.32429057359695435,0.5603452920913696,0.6731158494949341,0.45831990242004395,0.5,1.0,0.9716753363609314,0.11894924938678741,0.20011764764785767,1.0,0.024000000208616257,0.007000000216066837,0.017000000923871994,1.274,0.583882138717867,1.3017202610629193,0.22682174287412743,0.3686666523764977,1.275296591874735,0.9394034453835836,0.5532220367401237,0.16318746364714365,0.12267897836863995,0.02732064574956894,189.5456258150278,0.5732278823852539,0.2704552710056305,0.5870748162269592,0.0940975621342659,0.2516389489173889,0.42084312438964844,0.6546733379364014,0.6921748518943787,0.9716753363609314,0.982999999076128,0.5964047471551519,"progress_score,survival_score,orientation_score,slip_score,lateral_score,impact_score"
trotting,1,action_space,1.0,3.4000000953674316,0.0,0.5,0.0,0.07999999821186066,0.0,0.33000001311302185,-1.0,-0.03999999910593033,rough_slope_trot_robustness,rough_slope,1.5,trotting,1000,0.6556833982467651,0.6556833982467651,1.211808681488037,0.365509033203125,0.16645818948745728,0.3702297508716583,1.3228187561035156,0.16645818948745728,0.047661274671554565,0.22973132133483887,0.1280054897069931,0.7382299900054932,1.059807300567627,0.7188228368759155,0.90749192237854,0.3702297508716583,0.2616848647594452,0.025315947830677032,0.0051077622920274734,0.41742458939552307,0.0707312673330307,227.7591552734375,159.7580108642578,33.00782012939453,65.55897521972656,392.51300048828125,0.08373499661684036,0.06683333218097687,0.7690690755844116,2.210371971130371,1.2650001049041748,0.024236170575022697,0.029999924823641777,3.3868095874786377,0.5,0.08000031858682632,0.33000147342681885,-0.03868003189563751,0.6541554927825928,0.4836427569389343,0.6568849682807922,0.38932257890701294,0.38190212845802307,0.6365246176719666,0.32822614908218384,0.5417665243148804,0.6741148233413696,0.465591698884964,0.5,1.0,0.9807716608047485,0.2302703559398651,0.29555636644363403,1.0,0.02200000174343586,0.00800000037997961,0.014000000432133675,1.265,0.6079597563611661,1.3218659186374528,0.21831462312807762,0.35777854841646545,1.0294694267279758,0.9526237045016989,0.5115514292419142,0.1744239379291286,0.12118085287511349,0.028818771243095398,187.94976364896254,0.5860281586647034,0.2539289593696594,0.5441805720329285,0.10268960893154144,0.24301663041114807,0.43393993377685547,0.6460797190666199,0.7159344553947449,0.9807716608047485,0.9859999995678663,0.5909644368251687,"progress_score,survival_score,orientation_score,slip_score,lateral_score,impact_score"
trotting,1,action_space,1.0,3.4000000953674316,0.0,0.5,0.0,0.07999999821186066,0.0,0.33000001311302185,1.0,0.03999999910593033,rough_slope_trot_robustness,rough_slope,1.5,trotting,1000,0.6618472337722778,0.6618472337722778,1.2420644760131836,0.34224843978881836,0.14907288551330566,0.3346622884273529,1.620288610458374,0.14907288551330566,0.04137083888053894,0.26917773485183716,0.15952487289905548,0.8444899916648865,1.3270007371902466,0.6858996152877808,0.9380508661270142,0.3346622884273529,0.23951485753059387,0.018445685505867004,0.005819887388497591,0.41832247376441956,0.08181130886077881,220.68157958984375,146.45779418945312,32.62693786621094,65.81153869628906,337.0708923339844,0.08828467130661011,0.053166672587394714,0.7422620058059692,2.1707916259765625,1.28000009059906,0.024841293692588806,0.029999924823641777,3.3857421875,0.5,0.08000031858682632,0.33000147342681885,0.03857335448265076,0.6833264827728271,0.5323007106781006,0.7345316410064697,0.4180799126625061,0.3483586311340332,0.6890007853507996,0.27667906880378723,0.47461870312690735,0.6624675989151001,0.4614522457122803,0.5,1.0,0.9790748357772827,0.23261584341526031,0.3021676540374756,1.0,0.024000000208616257,0.006000000052154064,0.018000001087784767,1.28,0.5798921585083008,1.3022791763526058,0.20339822732890014,0.39940564955825986,1.1519551802002743,0.9685302608215265,0.489402551618393,0.15577410854941393,0.12420646846294403,0.025793155655264854,177.67320767291744,0.6259179711341858,0.3262835741043091,0.6155054569244385,0.08649183064699173,0.19471347332000732,0.4331613779067993,0.6544351577758789,0.7665668725967407,0.9790748357772827,0.9819999989122152,0.605925664207653,"progress_score,survival_score,orientation_score,slip_score,lateral_score,impact_score"
trotting,1,action_space,1.0,3.4000000953674316,0.0,0.5,0.0,0.07999999821186066,1.0,0.3700000047683716,-1.0,-0.03999999910593033,rough_slope_trot_robustness,rough_slope,1.5,trotting,1000,0.6489062905311584,0.6489062905311584,1.2552886009216309,0.3362892270088196,0.14365699887275696,0.36017292737960815,1.493037223815918,0.14365699887275696,0.03765300288796425,0.2410849630832672,0.14099639654159546,0.7124115228652954,1.034409523010254,0.6542762517929077,0.7776963114738464,0.36017292737960815,0.2886585295200348,0.02691173180937767,0.004872909747064114,0.43008577823638916,0.0917549580335617,232.81158447265625,161.21810913085938,33.33904266357422,65.93846893310547,661.0219116210938,0.08581647276878357,0.06883333623409271,0.7343111038208008,2.144909620285034,1.2690000534057617,0.02510577067732811,0.029999924823641777,3.3856077194213867,0.5,0.08000031858682632,0.36855965852737427,-0.0385599359869957,0.690614640712738,0.5097648501396179,0.6647082567214966,0.43333786725997925,0.41239064931869507,0.6643973588943481,0.3325856328010559,0.533491313457489,0.6753849983215332,0.4571027159690857,0.5,1.0,0.9716753363609314,0.11895018815994263,0.2001238763332367,1.0,0.024000000208616257,0.0060000005178153515,0.018000001087784767,1.269,0.5786532979954688,1.3000908218164737,0.19404381692794093,0.37549486886187333,1.0170592524579154,0.8818709154257478,0.5372695129262731,0.1782824768631,0.12552885338664055,0.024470770731568336,185.464589020984,0.6361240148544312,0.27328354120254517,0.5295684337615967,0.10581136494874954,0.15959766507148743,0.42308950424194336,0.6553675532341003,0.7088107466697693,0.9716753363609314,0.9819999989122152,0.5888561064279393,"progress_score,survival_score,orientation_score,slip_score,lateral_score,impact_score"
trotting,1,action_space,1.0,3.4000000953674316,0.0,0.5,0.0,0.07999999821186066,1.0,0.3700000047683716,0.0,0.0,rough_slope_trot_robustness,rough_slope,1.5,trotting,1000,0.6620393991470337,0.6620393991470337,1.227787971496582,0.34822309017181396,0.15254837274551392,0.3694971203804016,1.3555099964141846,0.15254837274551392,0.042345963418483734,0.24723036587238312,0.14439767599105835,0.822651743888855,1.2741833925247192,0.6904425024986267,0.9011054039001465,0.3694971203804016,0.2910670042037964,0.02287350594997406,0.005819984711706638,0.4292609691619873,0.08377613872289658,232.10308837890625,158.2449951171875,33.131622314453125,65.35197448730469,448.058349609375,0.08738186955451965,0.06450000405311584,0.7179416418075562,2.1375844478607178,1.2669999599456787,0.024555761367082596,0.029999924823641777,3.3856101036071777,0.5,0.08000031858682632,0.3685598075389862,0.0,0.6793166399002075,0.5078191757202148,0.6863394975662231,0.4111737608909607,0.3635950982570648,0.6597070693969727,0.34162575006484985,0.5258642435073853,0.6668870449066162,0.457022100687027,0.5,1.0,0.9790236353874207,0.2328484058380127,0.3040618300437927,1.0,0.024000000208616257,0.006000000052154064,0.018000001087784767,1.267,0.5666468739980022,1.2988928782924356,0.20578134856804622,0.37999694208119406,1.1287973212781466,0.949265718279211,0.5395062596520974,0.16939153066691587,0.12277880683541298,0.027220817282795906,189.04166987072685,0.6156742572784424,0.2553088665008545,0.5633412003517151,0.11053431034088135,0.18721027672290802,0.42378801107406616,0.6558778882026672,0.7243359088897705,0.9790236353874207,0.9819999989122152,0.5948423855987035,"progress_score,survival_score,orientation_score,slip_score,lateral_score,impact_score"
trotting,1,action_space,1.0,3.4000000953674316,0.0,0.5,0.0,0.07999999821186066,1.0,0.3700000047683716,1.0,0.03999999910593033,rough_slope_trot_robustness,rough_slope,1.5,trotting,1000,0.6754744052886963,0.6754744052886963,1.247335433959961,0.30686402320861816,0.12546108663082123,0.32302308082580566,1.5385770797729492,0.12546108663082123,0.03118264675140381,0.22073692083358765,0.1289900541305542,0.6878685355186462,0.8447154760360718,0.610102653503418,0.683825671672821,0.32302308082580566,0.24896831810474396,0.00877966359257698,0.0034880652092397213,0.42766475677490234,0.06955711543560028,218.46351623535156,150.92434692382812,33.66363525390625,66.85084533691406,270.27630615234375,0.08084209263324738,0.0715000107884407,0.7568286061286926,2.193547248840332,1.2890000343322754,0.024946710094809532,0.029999924823641777,3.3857290744781494,0.5,0.08000031858682632,0.36857157945632935,0.03857198730111122,0.7386993765830994,0.5533114671707153,0.8192239999771118,0.45644548535346985,0.4221508502960205,0.7067397832870483,0.3338274359703064,0.5790106058120728,0.6807559728622437,0.45896124839782715,0.5,1.0,0.9717512726783752,0.11879590153694153,0.19836628437042236,1.0,0.024000000208616257,0.0060000005178153515,0.018000001087784767,1.289,0.5871439505400262,1.304508836390467,0.17658608878222487,0.3591518538592752,0.9190840418786912,0.8269375258584055,0.4989672515353527,0.11075977971184622,0.12473355047404766,0.025266073644161224,175.1441595319613,0.6861478686332703,0.352241188287735,0.7824270725250244,0.1150682345032692,0.2487909346818924,0.4251430630683899,0.6534849405288696,0.6994226574897766,0.9717512726783752,0.9819999989122152,0.6631966793027364,"progress_score,survival_score,orientation_score,slip_score,lateral_score,impact_score"
trotting,1,action_space,1.0,3.4000000953674316,0.0,0.5,1.0,0.10999999940395355,-1.0,0.2900000214576721,-1.0,-0.03999999910593033,rough_slope_trot_robustness,rough_slope,1.5,trotting,1000,0.6506757736206055,0.6506757736206055,1.2528259754180908,0.3167886734008789,0.13488906621932983,0.2793648838996887,1.4409329891204834,0.13488906621932983,0.0321713462471962,0.22075195610523224,0.12597528100013733,0.724899172782898,0.9410544633865356,0.6452454924583435,0.7500845193862915,0.2793648838996887,0.1664164513349533,0.02055656537413597,0.004063950851559639,0.4137609004974365,0.07672812044620514,234.60049438476562,166.1735382080078,33.27661895751953,67.07707214355469,485.2419738769531,0.08924643695354462,0.06350000202655792,0.8579461574554443,2.631011486053467,1.2920000553131104,0.025056511163711548,0.029999924823641777,3.3856093883514404,0.5,0.10892027616500854,0.29143989086151123,-0.03856004774570465,0.7223526835441589,0.5823941230773926,0.6972411274909973,0.4185541868209839,0.3929392695426941,0.733073353767395,0.3336159586906433,0.5734919309616089,0.6889160871505737,0.47045278549194336,0.8615002632141113,1.0,0.9657028913497925,0.0645761787891388,0.15023019909858704,1.0,0.024000000208616257,0.009000000543892384,0.015000000596046448,1.292,0.6640449264101199,1.4270201786432224,0.17936372611873394,0.35492996633158114,0.970079617034878,0.8660741997001709,0.4079417254154732,0.15690926112150172,0.12528255581855774,0.024717068299651146,187.25704845517365,0.6693686842918396,0.45820099115371704,0.6111515164375305,0.12438672035932541,0.2155500054359436,0.43713125586509705,0.6010382771492004,0.7279666662216187,0.9657028913497925,0.9849999994039536,0.619364398090463,"progress_score,survival_score,orientation_score,slip_score,lateral_score,impact_score"
trotting,1,action_space,1.0,3.4000000953674316,0.0,0.5,1.0,0.10999999940395355,-1.0,0.2900000214576721,0.0,0.0,rough_slope_trot_robustness,rough_slope,1.5,trotting,1000,0.6552227139472961,0.6552227139472961,1.2738760709762573,0.32526129484176636,0.15235349535942078,0.288016676902771,1.5861414670944214,0.15235349535942078,0.04143276810646057,0.2327607274055481,0.1284024715423584,0.781021773815155,1.2018344402313232,0.640690803527832,0.7893475294113159,0.288016676902771,0.19605498015880585,0.020041700452566147,0.0055378940887749195,0.4082360863685608,0.05169977620244026,241.3167724609375,168.17298889160156,32.726558685302734,66.76002502441406,368.2166748046875,0.09078320860862732,0.05375000461935997,0.8715391755104065,2.6972155570983887,1.2890000343322754,0.025477517396211624,0.029999924823641777,3.3856091499328613,0.5,0.10892025381326675,0.29143989086151123,0.0,0.7149862051010132,0.5843023657798767,0.7156774997711182,0.44772374629974365,0.394436240196228,0.7372602224349976,0.27097320556640625,0.5365822315216064,0.6901060342788696,0.47758322954177856,0.8615001440048218,1.0,0.9716753959655762,0.11894930899143219,0.2001180350780487,1.0,0.024000000208616257,0.005000000353902578,0.01900000125169754,1.289,0.6761359073470229,1.4465430104813408,0.20355040679512426,0.35833290602784224,1.0962820988373947,0.8884523225313309,0.4427809618296679,0.1599362202296311,0.12738758698105812,0.022612037137150764,189.43504628044403,0.6549609899520874,0.4362516403198242,0.5995404124259949,0.0893854945898056,0.3555833697319031,0.44198817014694214,0.5926675796508789,0.7643343210220337,0.9716753959655762,0.9809999987483025,0.6267981517471765,"progress_score,survival_score,orientation_score,slip_score,lateral_score,impact_score"
trotting,1,action_space,1.0,3.4000000953674316,0.0,0.5,1.0,0.10999999940395355,0.0,0.33000001311302185,0.0,0.0,rough_slope_trot_robustness,rough_slope,1.5,trotting,1000,0.6791874170303345,0.6791874170303345,1.2613593339920044,0.3233228921890259,0.14087465405464172,0.2817927598953247,1.4650086164474487,0.14087465405464172,0.035914674401283264,0.23485198616981506,0.13120289146900177,0.734067976474762,1.0072582960128784,0.6231253147125244,0.779079794883728,0.2817927598953247,0.18088912963867188,0.017234552651643753,0.004298139829188585,0.40832799673080444,0.05450186878442764,234.32772827148438,163.17788696289062,33.014400482177734,66.69969177246094,455.9781188964844,0.09028735756874084,0.06975001096725464,0.7914257049560547,2.4290080070495605,1.2899999618530273,0.025227181613445282,0.029999924823641777,3.3857388496398926,0.5,0.10892997682094574,0.33000147342681885,0.0,0.7225700616836548,0.5942394733428955,0.7369817495346069,0.45381104946136475,0.39215323328971863,0.7401255369186401,0.3157205581665039,0.5447519421577454,0.6981862187385559,0.47124502062797546,0.8616217374801636,1.0,0.9790748357772827,0.23262163996696472,0.3022068738937378,1.0,0.024000000208616257,0.0060000005178153515,0.018000001087784767,1.29,0.6135082629299903,1.3722069059131203,0.18951167352245946,0.3622193968701866,1.0036225864401809,0.8826549693304445,0.42531062723458,0.1467402210739521,0.1261359080672264,0.023863716050982475,185.77396777956514,0.6582629680633545,0.4520006775856018,0.6500838994979858,0.11266886442899704,0.336203932762146,0.4419069290161133,0.6245412230491638,0.7055694460868835,0.9790748357772827,0.9819999989122152,0.6398169507125492,"progress_score,survival_score,orientation_score,slip_score,lateral_score,impact_score"
trotting,1,action_space,1.0,3.4000000953674316,0.0,0.5,1.0,0.10999999940395355,0.0,0.33000001311302185,1.0,0.03999999910593033,rough_slope_trot_robustness,rough_slope,1.5,trotting,1000,0.6721378564834595,0.6721378564834595,1.2587132453918457,0.32310816645622253,0.13931380212306976,0.29926395416259766,1.398728370666504,0.13931380212306976,0.03724804148077965,0.24723124504089355,0.14742818474769592,0.768555760383606,1.1122125387191772,0.6210916042327881,0.699157178401947,0.29926395416259766,0.22636300325393677,0.01319374330341816,0.00550078833475709,0.41583389043807983,0.07944758236408234,240.66299438476562,170.11627197265625,32.979095458984375,66.07506561279297,527.8268432617188,0.0912349671125412,0.05641667917370796,0.7647116780281067,2.2757248878479004,1.2760000228881836,0.025174258276820183,0.029999924823641777,3.3852248191833496,0.5,0.10889144241809845,0.33000147342681885,0.03852158412337303,0.7150102853775024,0.5719025731086731,0.7846655249595642,0.44704800844192505,0.39896637201309204,0.7219727635383606,0.37084126472473145,0.529511034488678,0.6916552782058716,0.47015464305877686,0.8611397743225098,1.0,0.9707006216049194,0.11982347071170807,0.20193856954574585,1.0,0.02500000037252903,0.004000000189989805,0.021000001579523087,1.276,0.5993038165531935,1.3354712379980642,0.1929975167736094,0.383963780515423,1.0546148769665529,0.8361561925872145,0.4757762113157159,0.1367279475388088,0.12587129138410091,0.02412833273410797,191.19763398520976,0.6586285829544067,0.40836694836616516,0.6880521774291992,0.11722159385681152,0.20413951575756073,0.43532267212867737,0.640266478061676,0.7542107701301575,0.9707006216049194,0.9789999984204769,0.6307447029179648,"progress_score,survival_score,orientation_score,slip_score,lateral_score,impact_score"
trotting,1,action_space,1.0,3.4000000953674316,0.0,0.5,1.0,0.10999999940395355,1.0,0.3700000047683716,0.0,0.0,rough_slope_trot_robustness,rough_slope,1.5,trotting,1000,0.6635343432426453,0.6635343432426453,1.2679951190948486,0.3245493173599243,0.13625186681747437,0.29529303312301636,1.2868032455444336,0.13625186681747437,0.03225724771618843,0.24993163347244263,0.14974738657474518,0.7639116644859314,1.1466716527938843,0.6219915151596069,0.7382187843322754,0.29529303312301636,0.17018188536167145,0.017211681231856346,0.0040544066578149796,0.431056410074234,0.07654557377099991,235.84500122070312,162.00140380859375,33.17155456542969,66.44570922851562,491.160400390625,0.09165655076503754,0.06450001150369644,0.8463258743286133,2.6254429817199707,1.2799999713897705,0.025359906256198883,0.029999924823641777,3.3850085735321045,0.5,0.10887525975704193,0.3684996962547302,0.0,0.7085251808166504,0.5573047399520874,0.7307661771774292,0.4488990604877472,0.3972246050834656,0.7145274877548218,0.37462007999420166,0.521376371383667,0.6811351776123047,0.45186227560043335,0.8609377145767212,1.0,0.9704951047897339,0.12012553960084915,0.20467574894428253,1.0,0.02500000037252903,0.0060000005178153515,0.01900000125169754,1.28,0.6611920833587647,1.4321757025735327,0.17960302813758022,0.38697207467044076,1.0708275551151476,0.8591965923653767,0.412531071995397,0.14582896793734546,0.12679953128099442,0.02320009283721447,185.99835099448947,0.6561741232872009,0.41812294721603394,0.6535594463348389,0.14486569166183472,0.2163383960723877,0.42226895689964294,0.5988274216651917,0.7243359088897705,0.9704951047897339,0.9809999987483025,0.625670690677668,"progress_score,survival_score,orientation_score,slip_score,lateral_score,impact_score"
trotting,1,action_space,1.0,3.4000000953674316,0.0,0.5,1.0,0.10999999940395355,1.0,0.3700000047683716,1.0,0.03999999910593033,rough_slope_trot_robustness,rough_slope,1.5,trotting,1000,0.6623278260231018,0.6623278260231018,1.2860260009765625,0.3100610375404358,0.12236596643924713,0.2701030671596527,1.415296196937561,0.12236596643924713,0.025922495871782303,0.26219648122787476,0.16041642427444458,0.7428513765335083,1.0332093238830566,0.6137385964393616,0.7023793458938599,0.2701030671596527,0.1419079750776291,0.013680592179298401,0.0036726228427141905,0.42995351552963257,0.07894417643547058,233.86355590820312,161.14852905273438,32.70215606689453,65.54377746582031,537.4097290039062,0.0914088636636734,0.05483333393931389,0.8565539121627808,2.704861640930176,1.2920000553131104,0.02572053298354149,0.029999924823641777,3.384455442428589,0.5,0.10883375257253647,0.3684443235397339,0.03844466805458069,0.7262496948242188,0.5792981386184692,0.7685466408729553,0.4442976713180542,0.39527231454849243,0.7340176105499268,0.357451856136322,0.4938129186630249,0.6876797676086426,0.45543625950813293,0.8604186773300171,1.0,0.9628581404685974,0.06652793288230896,0.15900734066963196,1.0,0.026000000536441803,0.006000000052154064,0.020000001415610313,1.292,0.6629673630091428,1.4469090916852354,0.16100464549752067,0.4005201920932883,1.0164690471839546,0.8380807514159121,0.37670674944528015,0.1317316022145506,0.12860266491770744,0.021396959200501442,181.849788208493,0.6807559728622437,0.4821226894855499,0.7067598700523376,0.14460547268390656,0.20620518922805786,0.42320141196250916,0.5925106406211853,0.7602053880691528,0.9628581404685974,0.9799999985843897,0.6399533475111974,"progress_score,survival_score,orientation_score,slip_score,lateral_score,impact_score"
bounding,2,action_space,-1.0,2.5999999046325684,0.0,0.5,-1.0,0.08999999612569809,1.0,0.3799999952316284,-1.0,-0.03999999910593033,rough_slope_trot_robustness,rough_slope,1.5,trotting,1000,0.6282061338424683,0.6282061338424683,1.2250330448150635,0.41508638858795166,0.1213986948132515,0.2935974895954132,1.292008638381958,0.1213986948132515,0.02625640295445919,0.2565104365348816,0.1575484722852707,0.689687967300415,0.850450873374939,1.8403394222259521,4.9917802810668945,0.2935974895954132,0.18832075595855713,0.03647942095994949,0.0037728939205408096,0.4598308801651001,0.09387558698654175,258.8668518066406,173.78277587890625,34.36408233642578,64.78559875488281,397.20086669921875,0.09582272171974182,0.05491667240858078,0.688584566116333,2.2223873138427734,0.9950000047683716,0.0245006512850523,0.029999924823641777,2.6143648624420166,0.5,0.09107789397239685,0.3800007998943329,-0.0385628268122673,0.6170080900192261,0.5727931261062622,0.5780462026596069,0.14764852821826935,0.40407881140708923,0.7256393432617188,0.3969646692276001,0.5236690044403076,0.6755074262619019,0.4484420120716095,0.6384737491607666,0.9792481660842896,0.959987461566925,0.06455719470977783,0.15006306767463684,1.0,0.024000000208616257,0.003000000026077032,0.021000001579523087,0.995,0.6920447574788002,1.4945082742965843,0.16203827620182581,0.3969237613009212,0.9221989337311874,2.2342292364631913,0.43395939436605946,0.20062979559499705,0.1225032564252615,0.027496367692947388,211.31417874994574,0.5019841194152832,0.42231878638267517,0.4470672309398651,0.1624903529882431,0.15297026932239532,0.39865386486053467,0.5721301436424255,0.7598886489868164,0.959987461566925,0.9789999984204769,0.5396315633858506,"progress_score,survival_score,orientation_score,slip_score,lateral_score,impact_score"
bounding,2,action_space,0.0,3.0,0.0,0.5,-1.0,0.08999999612569809,-1.0,0.3400000035762787,0.0,0.0,rough_slope_trot_robustness,rough_slope,1.5,trotting,1000,0.6395229697227478,0.6395229697227478,1.2423977851867676,0.39001262187957764,0.12342116236686707,0.3306722342967987,1.468732476234436,0.12342116236686707,0.027932018041610718,0.25506317615509033,0.16553717851638794,0.71147620677948,1.0380030870437622,1.76912522315979,4.515275478363037,0.3306722342967987,0.23980224132537842,0.036835603415966034,0.006272058933973312,0.45950978994369507,0.10856420546770096,258.1663818359375,171.14453125,34.1944580078125,65.71334838867188,618.9332275390625,0.09277747571468353,0.06791667640209198,0.6968251466751099,2.0658576488494873,1.125,0.02484794519841671,0.029999924823641777,3.000000238418579,0.5,0.0910741463303566,0.34143123030662537,0.0,0.6401596069335938,0.5277515053749084,0.628741979598999,0.14809662103652954,0.4154302775859833,0.6838076710700989,0.3646426796913147,0.532020092010498,0.5328369140625,0.45443370938301086,0.6384269595146179,0.9792481660842896,0.9673943519592285,0.23271727561950684,0.3029758334159851,1.0,0.024000000208616257,0.007000000216066837,0.017000000923871994,1.125,0.6194000651041667,1.3551080061505552,0.16712874690372903,0.4068626039787731,1.0188243651600417,2.1249177580233636,0.4896960703593387,0.20762384822062072,0.12423972599208355,0.025759898126125336,207.79687867612205,0.5441994667053223,0.3350614905357361,0.4222519099712372,0.13168101012706757,0.11403108388185501,0.39890995621681213,0.6318650841712952,0.7120668888092041,0.9673943519592285,0.982999999076128,0.5413480706905064,"progress_score,survival_score,orientation_score,slip_score,lateral_score,impact_score"
bounding,2,action_space,0.0,3.0,0.0,0.5,0.0,0.11999999731779099,0.0,0.3799999952316284,1.0,0.03999999910593033,rough_slope_trot_robustness,rough_slope,1.5,trotting,1000,0.6883748769760132,0.6883748769760132,1.2636877298355103,0.355319082736969,0.11830838024616241,0.30570587515830994,1.3358628749847412,0.11830838024616241,0.025384850800037384,0.2704569697380066,0.18368542194366455,0.7022981643676758,1.085541009902954,1.7563698291778564,4.584830284118652,0.30570587515830994,0.1912822723388672,0.023635074496269226,0.007041493896394968,0.45329317450523376,0.07960473746061325,262.58245849609375,182.0283203125,34.13326644897461,66.7999267578125,399.4531555175781,0.10018095374107361,0.054083339869976044,0.7133809328079224,2.2895522117614746,1.1400001049041748,0.025273751467466354,0.029999924823641777,3.000000238418579,0.5,0.11999969929456711,0.3800007998943329,0.038353823125362396,0.6731509566307068,0.5439170598983765,0.6709163784980774,0.1482541710138321,0.42884573340415955,0.706423282623291,0.3871634900569916,0.5153926610946655,0.5594199895858765,0.4560421109199524,1.0,0.9757895469665527,0.9669457077980042,0.4795600175857544,0.5335267782211304,0.9994000196456909,0.02800000086426735,0.00800000037997961,0.019999999552965164,1.14,0.6257727372018914,1.4171728719819925,0.15932624014906455,0.42858537299313487,1.0418929934993104,2.1412216802840973,0.437358288293325,0.17514727629245108,0.12636875733733177,0.023630866780877113,207.7906212876445,0.603501558303833,0.392758309841156,0.5414354801177979,0.15825305879116058,0.20349888503551483,0.4039006531238556,0.6052614450454712,0.7630614638328552,0.9669457077980042,0.9800000004470348,0.5909458000801111,"progress_score,survival_score,orientation_score,slip_score,lateral_score,impact_score"
bounding,2,action_space,0.0,3.0,0.0,0.5,1.0,0.11999999731779099,1.0,0.3799999952316284,-1.0,-0.03999999910593033,rough_slope_trot_robustness,rough_slope,1.5,trotting,1000,0.6325677633285522,0.6325677633285522,1.2831718921661377,0.3462015688419342,0.11445660144090652,0.2927260994911194,1.5339995622634888,0.11445660144090652,0.023788277059793472,0.24487406015396118,0.16388234496116638,0.5864015817642212,0.5918364524841309,1.7967400550842285,4.645759105682373,0.2927260994911194,0.1598619818687439,0.027424607425928116,0.0032848212867975235,0.4519180655479431,0.0674455389380455,260.6978759765625,178.65646362304688,34.04054641723633,66.39198303222656,294.8013610839844,0.09975425899028778,0.0585000105202198,0.8363600969314575,2.8072142601013184,1.1560001373291016,0.025663454085588455,0.029999924823641777,3.000000238418579,0.5,0.11999969929456711,0.3800007998943329,-0.03856001794338226,0.684615433216095,0.5479860305786133,0.633625328540802,0.14852255582809448,0.4418596625328064,0.7138586044311523,0.3458068370819092,0.5492088794708252,0.5517061352729797,0.451739639043808,1.0,0.9792482256889343,0.9635125994682312,0.11894923448562622,0.20011752843856812,1.0,0.024000000208616257,0.006000000052154064,0.018000001087784767,1.156,0.7234949026140787,1.558327921027341,0.1542344872581793,0.40482384435846464,0.7693090747444299,2.15540230715344,0.3998274401147874,0.17524105886670976,0.12831727042794228,0.02168235369026661,203.166760095154,0.6191411018371582,0.42448198795318604,0.5410797595977783,0.1340201497077942,0.25952276587486267,0.40501299500465393,0.5449307560920715,0.7463952302932739,0.9635125994682312,0.9819999989122152,0.5959576163440943,"progress_score,survival_score,orientation_score,slip_score,lateral_score,impact_score"
bounding,2,action_space,1.0,3.4000000953674316,0.0,0.5,-1.0,0.08999999612569809,-1.0,0.3400000035762787,1.0,0.03999999910593033,rough_slope_trot_robustness,rough_slope,1.5,trotting,1000,0.6284869909286499,0.6284869909286499,1.2436506748199463,0.3518621325492859,0.13548831641674042,0.35207659006118774,1.3687095642089844,0.13548831641674042,0.03465321660041809,0.2267509400844574,0.14318040013313293,0.7363651394844055,1.0026806592941284,1.6728419065475464,4.105921268463135,0.35207659006118774,0.26438531279563904,0.02070271596312523,0.004798597656190395,0.4709773659706116,0.11116419732570648,251.07662963867188,168.27853393554688,34.49462890625,66.97488403320312,546.611572265625,0.08656836301088333,0.07558333873748779,0.9325326085090637,2.9226503372192383,1.253000020980835,0.02487301081418991,0.029999924823641777,3.3856258392333984,0.5,0.0910787582397461,0.3414373993873596,0.03856164962053299,0.697533905506134,0.503144383430481,0.7004885077476501,0.15631109476089478,0.4039924144744873,0.6655453443527222,0.36603599786758423,0.5765931606292725,0.5262861251831055,0.4470527768135071,0.6384846568107605,0.9792482256889343,0.9599843621253967,0.06456528604030609,0.1501443088054657,1.0,0.024000000208616257,0.007000000216066837,0.017000000923871994,1.253,0.7442398984624401,1.5272596584187443,0.1861537445242993,0.37839186055349144,1.0013394326072096,2.0263072986255404,0.5141841234379364,0.15969130727536682,0.12436505407094955,0.02563457004725933,201.88677956132847,0.60943204164505,0.2895060181617737,0.600479781627655,0.12722809612751007,0.10825302451848984,0.3898650109767914,0.5581483244895935,0.685287594795227,0.9599843621253967,0.982999999076128,0.585895659107911,"progress_score,survival_score,orientation_score,slip_score,lateral_score,impact_score"
pacing,3,action_space,0.0,2.5,0.0,0.5,-1.0,0.08999999612569809,1.0,0.3799999952316284,1.0,0.03999999910593033,rough_slope_trot_robustness,rough_slope,1.5,trotting,1000,0.6208606958389282,0.6208606958389282,1.2962055206298828,0.3199354410171509,0.2347395420074463,0.3557327389717102,1.5579121112823486,0.2347395420074463,0.08315497636795044,0.250726580619812,0.15360257029533386,0.9160152673721313,1.4205422401428223,0.6174170970916748,0.7026806473731995,0.3557327389717102,0.29289454221725464,0.010659635066986084,0.0058281333185732365,0.40272974967956543,0.08718514442443848,206.27639770507812,131.727783203125,34.884132385253906,69.27658081054688,654.8140258789062,0.09374305605888367,0.05033334344625473,0.5215258598327637,1.535909652709961,0.9660000801086426,0.02592412941157818,0.029999924823641777,2.5,0.5,0.0910799652338028,0.3800007998943329,0.03856002911925316,0.668751060962677,0.5066882371902466,0.7712092399597168,0.4446300268173218,0.27222925424575806,0.6643900871276855,0.22005094587802887,0.5253966450691223,0.538982629776001,0.48005080223083496,0.6384997963905334,0.9792481660842896,0.963512659072876,0.11894921958446503,0.20011760294437408,1.0,0.02500000037252903,0.003000000026077032,0.02200000174343586,0.966,0.5398818622217909,1.260939570471848,0.28836604579587805,0.3919216379524533,1.1918650259751824,0.838260488972968,0.5411973228105019,0.12840470546502306,0.1296206470578909,0.020378977060317993,159.1386507942347,0.6640254855155945,0.2821100950241089,0.7190996408462524,0.03991466015577316,0.17487166821956635,0.44688254594802856,0.6720032095909119,0.7775037884712219,0.963512659072876,0.9779999982565641,0.6279868859013445,"progress_score,survival_score,orientation_score,slip_score,lateral_score,impact_score"
pacing,3,action_space,0.0,2.5,0.0,0.5,0.0,0.11999999731779099,-1.0,0.3400000035762787,0.0,0.0,rough_slope_trot_robustness,rough_slope,1.5,trotting,1000,0.6704962253570557,0.6704962253570557,1.2603199481964111,0.336649090051651,0.2482064962387085,0.3292219340801239,1.5789034366607666,0.2482064962387085,0.09370503574609756,0.23535598814487457,0.144923597574234,0.9915101528167725,1.7275348901748657,0.6377089023590088,0.779533326625824,0.3292219340801239,0.2647121846675873,0.011982285417616367,0.01208067499101162,0.4245918393135071,0.0902298241853714,243.21600341796875,171.21868896484375,33.47344207763672,66.74769592285156,300.7789611816406,0.10077992081642151,0.04566667228937149,0.5066807866096497,1.4462440013885498,0.9530000686645508,0.02520640566945076,0.029999924823641777,2.5,0.5,0.11999969929456711,0.3415004014968872,0.0,0.6746290922164917,0.5464026927947998,0.7588875889778137,0.4316759705543518,0.2785375714302063,0.6929365396499634,0.19296440482139587,0.5655047297477722,0.5545777082443237,0.46939030289649963,1.0,0.9783835411071777,0.9704326391220093,0.47689589858055115,0.5281980037689209,0.9998000264167786,0.02500000037252903,0.003000000026077032,0.02199999988079071,0.953,0.5316692404331715,1.231896777746589,0.3061127827224756,0.3806883207746647,1.3143572155905203,0.8829118453310183,0.5145018801399925,0.15512240459916804,0.1260320283472538,0.023967595770955086,192.9795713906017,0.635508120059967,0.33828356862068176,0.6180047392845154,0.03165041282773018,0.1645408421754837,0.427763968706131,0.6842770576477051,0.7958589196205139,0.9704326391220093,0.9780000001192093,0.5998580824387701,"progress_score,survival_score,orientation_score,slip_score,lateral_score,impact_score"
pacing,3,action_space,0.0,2.5,0.0,0.5,0.0,0.11999999731779099,1.0,0.3799999952316284,1.0,0.03999999910593033,rough_slope_trot_robustness,rough_slope,1.5,trotting,1000,0.6558331847190857,0.6558331847190857,1.2881147861480713,0.324175626039505,0.22105546295642853,0.3074544072151184,0.9215898513793945,0.22105546295642853,0.07350235432386398,0.24246543645858765,0.15625053644180298,0.964832067489624,1.484013557434082,0.5972897410392761,0.6250947713851929,0.3074544072151184,0.2007814198732376,0.007240633480250835,0.004550452344119549,0.40780675411224365,0.07510000467300415,225.61410522460938,155.24575805664062,33.937984466552734,68.00194549560547,496.33477783203125,0.09642411023378372,0.05891667306423187,0.6393803358078003,2.0836422443389893,0.9610000848770142,0.025762289762496948,0.029999924823641777,2.5,0.5,0.11999969929456711,0.3800007998943329,0.038439780473709106,0.6874386668205261,0.5519289970397949,0.8133435249328613,0.4527015686035156,0.26981011033058167,0.7043339014053345,0.3322368860244751,0.5551789999008179,0.5490700006484985,0.4807792901992798,1.0,0.9775188565254211,0.9646569490432739,0.23543284833431244,0.312610387802124,1.0,0.026000000536441803,0.004999999888241291,0.021000001579523087,0.961,0.6653281062004097,1.4724815674699503,0.2711131762269477,0.3952853860716368,1.2182009511710628,0.7906293514569218,0.4480863977775242,0.10858676634088697,0.12881144881248474,0.021188175305724144,175.1506213970861,0.6568107604980469,0.3885699510574341,0.7899214625358582,0.0914798229932785,0.2226843237876892,0.4423678517341614,0.5815545320510864,0.7448418140411377,0.9646569490432739,0.9789999984204769,0.6462877641775107,"progress_score,survival_score,orientation_score,slip_score,lateral_score,impact_score"
pacing,3,action_space,0.0,2.5,0.0,0.5,1.0,0.11999999731779099,1.0,0.3799999952316284,1.0,0.03999999910593033,rough_slope_trot_robustness,rough_slope,1.5,trotting,1000,0.6346204876899719,0.6346204876899719,1.2713208198547363,0.31615763902664185,0.22756583988666534,0.3063207268714905,1.593214511871338,0.22756583988666534,0.07570403069257736,0.2402191013097763,0.14715608954429626,0.9841442108154297,1.5479954481124878,0.6030354499816895,0.6564024686813354,0.3063207268714905,0.21838560700416565,0.0075769079849123955,0.0044772145338356495,0.41413331031799316,0.08697165548801422,230.28411865234375,160.0154571533203,33.79508972167969,67.33985137939453,492.6316223144531,0.09743941575288773,0.05583334341645241,0.6452798843383789,2.048585891723633,0.9630000591278076,0.025426413863897324,0.029999924823641777,2.5,0.5,0.11999969929456711,0.3800007998943329,0.038453057408332825,0.7031261324882507,0.5721491575241089,0.8151190280914307,0.44475552439689636,0.2855457663536072,0.7238953113555908,0.2190113067626953,0.5507438778877258,0.5509406328201294,0.48160320520401,1.0,0.9775188565254211,0.9605485200881958,0.12113650888204575,0.20739752054214478,0.9998000264167786,0.026000000536441803,0.004000000189989805,0.02199999988079071,0.963,0.6700725931740005,1.4585251563595039,0.27514365464712676,0.38360929282838846,1.2441846519357518,0.8101866875488238,0.467317458484236,0.10979126795309381,0.12713206931948662,0.022867554798722267,181.13769164785367,0.6704389452934265,0.3912831246852875,0.7857768535614014,0.04472176358103752,0.1756199449300766,0.436805784702301,0.5875324010848999,0.7564137578010559,0.9605485200881958,0.9780000001192093,0.6377130182165849,"progress_score,survival_score,orientation_score,slip_score,lateral_score,impact_score"
pacing,3,action_space,1.0,2.9000000953674316,0.0,0.5,-1.0,0.08999999612569809,0.0,0.3799999952316284,-1.0,-0.03999999910593033,rough_slope_trot_robustness,rough_slope,1.5,trotting,1000,0.6214015483856201,0.6214015483856201,1.2892638444900513,0.3109426498413086,0.21104831993579865,0.3480464816093445,1.543195366859436,0.21104831993579865,0.06654001772403717,0.23555225133895874,0.13943588733673096,0.9988102912902832,1.6077332496643066,0.6183046102523804,0.745679497718811,0.3480464816093445,0.264748215675354,0.01659734547138214,0.0052371700294315815,0.4045020341873169,0.07915427535772324,222.97825622558594,155.7914581298828,33.49339294433594,67.30795288085938,236.38314819335938,0.08702412247657776,0.05883333832025528,0.6215211153030396,1.8064279556274414,1.0980000495910645,0.025785285979509354,0.029999924823641777,2.8856070041656494,0.5,0.09108002483844757,0.3800007998943329,-0.03855995088815689,0.7070275545120239,0.5208760499954224,0.7078011631965637,0.4433664083480835,0.2677818536758423,0.6748498678207397,0.24614161252975464,0.5592316389083862,0.5569329857826233,0.48422303795814514,0.6385005712509155,0.9792482256889343,0.963512659072876,0.11895012855529785,0.2001236230134964,1.0,0.02500000037252903,0.0020000000949949026,0.023000001907348633,1.098,0.5660483771985997,1.2826529239191224,0.25795351853393506,0.3734111505254375,1.2679642146623487,0.8635273578288131,0.5145368943772196,0.14776506860829364,0.12892642989754677,0.021073194220662117,172.95005764609928,0.6792667508125305,0.2977909445762634,0.646171510219574,0.05647282302379608,0.20534053444862366,0.4453013241291046,0.6627883315086365,0.7451522946357727,0.963512659072876,0.9769999980926514,0.6220855752104207,"progress_score,survival_score,orientation_score,slip_score,lateral_score,impact_score"
pacing,3,action_space,1.0,2.9000000953674316,0.0,0.5,0.0,0.11999999731779099,0.0,0.3799999952316284,1.0,0.03999999910593033,rough_slope_trot_robustness,rough_slope,1.5,trotting,1000,0.6462534666061401,0.6462534666061401,1.3358573913574219,0.30356818437576294,0.20483669638633728,0.30039113759994507,1.5279771089553833,0.20483669638633728,0.06460454314947128,0.2778211534023285,0.1764507293701172,1.049267292022705,1.8558127880096436,0.624352753162384,0.7177697420120239,0.30039113759994507,0.17995741963386536,0.010699890553951263,0.00521560525521636,0.40891334414482117,0.059670425951480865,242.58026123046875,167.3507080078125,33.304283142089844,68.89745330810547,394.9042663574219,0.09628298133611679,0.04350000619888306,0.7542470693588257,2.4350414276123047,1.1050000190734863,0.02671712264418602,0.029999924823641777,2.884535789489746,0.5,0.11999969929456711,0.3800007998943329,0.03845281898975372,0.7003811597824097,0.5418840050697327,0.7755426168441772,0.43882107734680176,0.25727272033691406,0.7027585506439209,0.25275617837905884,0.5014737248420715,0.5633707046508789,0.48634856939315796,1.0,0.9775188565254211,0.9647082090377808,0.23520340025424957,0.31073737144470215,0.9998000264167786,0.026000000536441803,0.004000000189989805,0.02199999988079071,1.105,0.6825764789840215,1.4844721181613403,0.2541742377769063,0.4200603877659939,1.362282198375081,0.8472129260180252,0.42421388430114515,0.12615663204591196,0.1335856132209301,0.016414010897278786,181.59143543306863,0.6916919350624084,0.40561601519584656,0.7273773550987244,0.05960189551115036,0.3031860888004303,0.44138988852500916,0.5764225125312805,0.8045275807380676,0.9647082090377808,0.9780000001192093,0.6488408391412935,"progress_score,survival_score,orientation_score,slip_score,lateral_score,impact_score"
pacing,3,action_space,1.0,2.9000000953674316,0.0,0.5,1.0,0.11999999731779099,0.0,0.3799999952316284,1.0,0.03999999910593033,rough_slope_trot_robustness,rough_slope,1.5,trotting,1000,0.6285467147827148,0.6285467147827148,1.3047499656677246,0.30622464418411255,0.21051087975502014,0.2768522799015045,1.598719835281372,0.21051087975502014,0.06801369786262512,0.2773391306400299,0.1787170171737671,1.0723683834075928,1.7986416816711426,0.6307932138442993,0.7160396575927734,0.2768522799015045,0.14525184035301208,0.009611287154257298,0.005606119520962238,0.4004973769187927,0.07879973202943802,232.6971893310547,158.24649047851562,33.044517517089844,68.0418930053711,303.24957275390625,0.10039373487234116,0.04766666889190674,0.8073031902313232,2.712388038635254,1.1100001335144043,0.026094993576407433,0.029999924823641777,2.8845834732055664,0.5,0.11999969929456711,0.3800007998943329,0.03845765441656113,0.7041610479354858,0.5665545463562012,0.7748060822486877,0.42885035276412964,0.2533748149871826,0.7230477333068848,0.2275908887386322,0.48884204030036926,0.5582520961761475,0.4864293038845062,1.0,0.9775188565254211,0.9605584144592285,0.12108373641967773,0.2069215625524521,0.9998000264167786,0.026000000536441803,0.00800000037997961,0.018000001087784767,1.11,0.727300145604589,1.56319951965386,0.2607943593382056,0.42274935502466127,1.3411344756105341,0.8461912653725359,0.38111919441693315,0.12335885325026143,0.13047496788203716,0.019524656236171722,178.34619310525795,0.6872245669364929,0.4646495282649994,0.737604022026062,0.05187109112739563,0.20680175721645355,0.44888222217559814,0.5428630709648132,0.7879399657249451,0.9605584144592285,0.9819999989122152,0.6351500548618405,"progress_score,survival_score,orientation_score,slip_score,lateral_score,impact_score"
