gait,gait_id,grid_mode,frequency_residual,frequency,duration_residual,duration,footswing_height_residual,footswing_height,stance_width_residual,stance_width,body_pitch_residual,body_pitch,task_id,condition,cmd_vx,target_gait,samples,reward_mean,weighted_metric_reward_mean,measured_vx_mean,vx_abs_error_mean,vy_abs_mean,yaw_abs_mean,lateral_offset_abs_mean,lateral_vel_abs_mean,lateral_vel_sq_mean,base_z_vel_abs_mean,base_z_vel_sq_mean,roll_rate_abs_mean,roll_rate_sq_mean,pitch_rate_abs_mean,pitch_rate_sq_mean,yaw_rate_abs_mean,yaw_rate_sq_mean,gravity_x_sq_mean,gravity_y_sq_mean,torque_penalty_mean,slip_penalty_mean,mechanical_power_abs_mean,positive_mechanical_power_mean,contact_force_mean_mean,stance_contact_force_mean_mean,peak_contact_force_mean,swing_foot_clearance_mean_mean,scuffing_ratio_mean,foot_impact_vel_sum_mean,foot_impact_vel_sq_sum_mean,foot_impact_count_mean,forward_distance_mean,target_forward_distance_mean,actual_frequency_mean,actual_duration_mean,actual_footswing_height_mean,actual_stance_width_mean,actual_body_pitch_mean,score_progress,score_yaw_tracking,score_orientation,score_pitch_rate,score_roll_rate,score_yaw_rate,score_lateral_drift,score_vertical_bounce,score_slip,score_energy,score_clearance,score_gait_stability,score_action_smoothness,score_action_magnitude,score_action_boundary_margin,score_survival,done_rate,edge_reset_rate,fall_rate,foot_impact_rate,foot_impact_vel_mean,foot_impact_vel_rms,lateral_vel_rms,base_z_vel_rms,roll_rate_rms,pitch_rate_rms,yaw_rate_rms,orientation_rms,forward_distance_ratio,progress_deficit,transport_cost_proxy,progress_score,yaw_score,orientation_score,lateral_score,slip_score,energy_score,impact_score,scuffing_score,smoothness_score,survival_score,neutral_score
pronking,0,action_space,-1.0,2.5999999046325684,0.0,0.5,-1.0,0.04999999701976776,-1.0,0.2900000214576721,-1.0,-0.03999999910593033,ramp_up_trot_robustness,ramp_up,1.0,trotting,1000,0.7330292463302612,0.7330292463302612,0.8994354605674744,0.14877323806285858,0.07927461713552475,0.14947004616260529,1.3129441738128662,0.07927461713552475,0.015247704461216927,0.5377044677734375,0.44195765256881714,0.541226863861084,0.602541983127594,0.49976325035095215,0.5636134147644043,0.14947004616260529,0.07105448842048645,0.0115393977612257,0.003265103790909052,0.32936275005340576,0.015176479704678059,155.8177490234375,96.32969665527344,34.69563293457031,38.918861389160156,522.0614013671875,0.048272863030433655,0.05808333307504654,0.5791503190994263,1.6990593671798706,0.9910000562667847,0.017988719046115875,0.02000007964670658,2.6107916831970215,0.5,0.05080990493297577,0.2910798490047455,-0.03892005234956741,0.8727090954780579,0.8075118064880371,0.7758949995040894,0.5477102994918823,0.5277239084243774,0.8949511051177979,0.4033524990081787,0.202013298869133,0.8662176132202148,0.6153321266174316,0.13512492179870605,0.9844361543655396,0.9699869751930237,0.058622680604457855,0.12286362051963806,1.0,0.018000001087784767,0.003000000026077032,0.015000000596046448,0.991,0.5844099581782921,1.3093852503277474,0.12348159563763714,0.6647989565040074,0.7762357780517425,0.7507419095564096,0.26656047797917537,0.12167375046465344,0.08994359523057938,0.01005680300295353,173.2394995024196,0.915272057056427,0.7997845411300659,0.7437204718589783,0.1983150690793991,0.7382080554962158,0.5175104737281799,0.6514058113098145,0.747951865196228,0.9699869751930237,0.9849999994039536,0.8277058181090233
pronking,0,action_space,-1.0,2.5999999046325684,0.0,0.5,-1.0,0.04999999701976776,-1.0,0.2900000214576721,0.0,0.0,ramp_up_trot_robustness,ramp_up,1.0,trotting,1000,0.7373223304748535,0.7373223304748535,0.8508026599884033,0.1871871054172516,0.0977652370929718,0.16897346079349518,1.4136624336242676,0.0977652370929718,0.03450890630483627,0.5382264256477356,0.437149316072464,0.6061787605285645,1.2887520790100098,0.49853646755218506,0.6105554103851318,0.16897346079349518,0.1144656389951706,0.009085108526051044,0.008436346426606178,0.3438306152820587,0.020031966269016266,165.53085327148438,105.57036590576172,33.98822784423828,38.45967483520508,299.88592529296875,0.05099554359912872,0.05425000190734863,0.566551685333252,1.6912047863006592,0.9950000643730164,0.017016053199768066,0.02000007964670658,2.6107912063598633,0.5,0.050809893757104874,0.29107990860939026,0.0,0.8487919569015503,0.7883657217025757,0.8128467202186584,0.5632002949714661,0.5267782807350159,0.8801268935203552,0.3674471974372864,0.197296142578125,0.8598910570144653,0.6050583720207214,0.13512465357780457,0.9844361543655396,0.9726344347000122,0.11189098656177521,0.1727655529975891,0.9998000264167786,0.018000001087784767,0.0020000000949949026,0.01600000075995922,0.995,0.5693986902284862,1.3037266692272327,0.18576572962965013,0.6611726824910902,1.1352321696507766,0.7813804517551817,0.3383277094699318,0.1323686328125256,0.08508026599884033,0.014920132234692574,194.55845762604997,0.8692225813865662,0.7516230940818787,0.7043857574462891,0.12198702245950699,0.6698916554450989,0.5027505159378052,0.6538183093070984,0.7624258399009705,0.9726344347000122,0.9839999992400408,0.7969901627646043
pronking,0,action_space,-1.0,2.5999999046325684,0.0,0.5,-1.0,0.04999999701976776,-1.0,0.2900000214576721,1.0,0.03999999910593033,ramp_up_trot_robustness,ramp_up,1.0,trotting,1000,0.7271901369094849,0.7271901369094849,0.8362576961517334,0.20768089592456818,0.09684868156909943,0.17658618092536926,1.3693740367889404,0.09684868156909943,0.029047541320323944,0.5478472113609314,0.4649229645729065,0.6271960139274597,1.1243197917938232,0.5090367197990417,0.6888301372528076,0.17658618092536926,0.10951671004295349,0.010330405086278915,0.00483055179938674,0.36396539211273193,0.025516308844089508,165.77532958984375,106.95834350585938,34.705162048339844,39.83031463623047,668.4198608398438,0.049436602741479874,0.048500001430511475,0.6068575382232666,1.8604497909545898,0.9940000176429749,0.016725145280361176,0.02000007964670658,2.6113901138305664,0.5,0.050854817032814026,0.29113978147506714,0.038860175758600235,0.8241827487945557,0.769690752029419,0.8479827046394348,0.5582492351531982,0.5144319534301758,0.8646305799484253,0.37368911504745483,0.1970701664686203,0.844041645526886,0.5931166410446167,0.13568618893623352,0.983571469783783,0.9683195948600769,0.05961408093571663,0.12741896510124207,0.9998000264167786,0.01900000125169754,0.006000000052154064,0.013000000268220901,0.994,0.6105206679530307,1.368093485747858,0.1704333926210587,0.6818525973939723,1.060339470072591,0.8299579129406548,0.33093308997885584,0.12312983751173252,0.08362572640180588,0.016374671831727028,198.23474313325173,0.8415368795394897,0.7321082949638367,0.7384372353553772,0.14222785830497742,0.6002997756004333,0.4829072058200836,0.6263036727905273,0.784663736820221,0.9683195948600769,0.9869999997317791,0.7838095271816621
pronking,0,action_space,-1.0,2.5999999046325684,0.0,0.5,-1.0,0.04999999701976776,0.0,0.33000001311302185,-1.0,-0.03999999910593033,ramp_up_trot_robustness,ramp_up,1.0,trotting,1000,0.7259083986282349,0.7259083986282349,0.8788906335830688,0.16126905381679535,0.08466184884309769,0.16178597509860992,1.78460693359375,0.08466184884309769,0.02004978619515896,0.5301930904388428,0.42697393894195557,0.5283124446868896,0.6816926002502441,0.5806176662445068,0.7310643196105957,0.16178597509860992,0.08339864760637283,0.008295207284390926,0.004386896267533302,0.3758084177970886,0.0180683471262455,164.5042724609375,107.4795150756836,35.02029037475586,40.089935302734375,485.9888610839844,0.04771257936954498,0.05766666680574417,0.5806825160980225,1.7834137678146362,1.002000093460083,0.017577815800905228,0.02000007964670658,2.6107139587402344,0.5,0.050804074853658676,0.33000147342681885,-0.0389278307557106,0.8662834167480469,0.7833249568939209,0.8069113492965698,0.4872627854347229,0.5373936891555786,0.8806358575820923,0.2550547122955322,0.19982106983661652,0.8443311452865601,0.5816420316696167,0.13505202531814575,0.9844361543655396,0.9726622700691223,0.1117984801530838,0.1718030869960785,0.9998000264167786,0.018000001087784767,0.0010000000474974513,0.017000000923871994,1.002,0.579523448220746,1.3341116850970303,0.14159726761191035,0.6534324287498713,0.8256467769271821,0.85502299361514,0.28878824007631065,0.112614846054702,0.08788907900452614,0.012111319229006767,187.1726312411421,0.9011974930763245,0.7697057127952576,0.7759695053100586,0.11240996420383453,0.6967232823371887,0.4716034233570099,0.6408476829528809,0.74951171875,0.9726622700691223,0.982999999076128,0.818688869667359
pronking,0,action_space,-1.0,2.5999999046325684,0.0,0.5,-1.0,0.04999999701976776,0.0,0.33000001311302185,0.0,0.0,ramp_up_trot_robustness,ramp_up,1.0,trotting,1000,0.7581783533096313,0.7581783533096313,0.8754903078079224,0.18195094168186188,0.07847423851490021,0.1587846279144287,1.4424229860305786,0.07847423851490021,0.017141547054052353,0.5390096306800842,0.4476313889026642,0.570197582244873,0.7482030987739563,0.5515766143798828,0.7180390357971191,0.1587846279144287,0.07241839170455933,0.008638441562652588,0.003720376640558243,0.36380499601364136,0.01654493808746338,155.91262817382812,94.34620666503906,35.07617950439453,40.470115661621094,602.0866088867188,0.047747768461704254,0.0520833358168602,0.6008524298667908,1.8367583751678467,1.0110000371932983,0.017509814351797104,0.02000007964670658,2.610785961151123,0.5,0.05080945044755936,0.33000147342681885,0.0,0.8497971892356873,0.782018780708313,0.8269803524017334,0.5171939134597778,0.5148559212684631,0.8780080676078796,0.3877870440483093,0.19911767542362213,0.8580345511436462,0.5961605310440063,0.1351192444562912,0.9844360947608948,0.9755318760871887,0.2251015603542328,0.2784593105316162,1.0,0.018000001087784767,0.004000000189989805,0.014000000432133675,1.011,0.5943149525145277,1.347877512647621,0.1309257310617449,0.6690526054823075,0.8649873402391253,0.8473718403375929,0.26910665488716423,0.11117022174670171,0.08754907175898552,0.012451326474547386,178.08606992372836,0.8759689927101135,0.777147114276886,0.781002938747406,0.16775447130203247,0.7182778716087341,0.48306214809417725,0.634959876537323,0.7707303762435913,0.9755318760871887,0.9859999995678663,0.8174463245922174
pronking,0,action_space,-1.0,2.5999999046325684,0.0,0.5,-1.0,0.04999999701976776,0.0,0.33000001311302185,1.0,0.03999999910593033,ramp_up_trot_robustness,ramp_up,1.0,trotting,1000,0.7323260307312012,0.7323260307312012,0.8120989799499512,0.22113214433193207,0.10370442271232605,0.23469284176826477,1.4959394931793213,0.10370442271232605,0.03980027884244919,0.5250021815299988,0.43440839648246765,0.7141338586807251,1.739627480506897,0.5798017978668213,1.0048582553863525,0.23469284176826477,0.22237202525138855,0.01089424267411232,0.012858254835009575,0.4329882562160492,0.02143433690071106,233.2386932373047,161.86888122558594,32.64667510986328,36.8436279296875,367.5144348144531,0.06495702266693115,0.04591666907072067,0.6249050498008728,1.9905316829681396,0.9460000395774841,0.016241976991295815,0.02000007964670658,2.610550880432129,0.5,0.0507919117808342,0.33000147342681885,0.038944046944379807,0.809605062007904,0.7271959781646729,0.8271547555923462,0.5480904579162598,0.4824379086494446,0.8234668970108032,0.3523499369621277,0.21748903393745422,0.8725900650024414,0.5658363103866577,0.13489991426467896,0.9853007793426514,0.973630428314209,0.11130087077617645,0.17185835540294647,0.9998000264167786,0.017000000923871994,0.0020000000949949026,0.015000000596046448,0.946,0.6605761409057875,1.4505709812155563,0.19950007228682698,0.659096651851963,1.3189493851194203,1.002426184507544,0.4715633841292054,0.15411845285079231,0.08120988495647907,0.018790513277053833,287.20476074440944,0.8223429918289185,0.576484203338623,0.6218540072441101,0.10106968879699707,0.6513639688491821,0.42064058780670166,0.5909410119056702,0.7948647141456604,0.973630428314209,0.9849999994039536,0.7509545744993747
pronking,0,action_space,-1.0,2.5999999046325684,0.0,0.5,-1.0,0.04999999701976776,1.0,0.3700000047683716,-1.0,-0.03999999910593033,ramp_up_trot_robustness,ramp_up,1.0,trotting,1000,0.7339797019958496,0.7339797019958496,0.877094030380249,0.17221644520759583,0.08335286378860474,0.15030045807361603,1.3128023147583008,0.08335286378860474,0.019192058593034744,0.5424705743789673,0.45884567499160767,0.4985116720199585,0.6329017877578735,0.590410590171814,0.6969568133354187,0.15030045807361603,0.06851482391357422,0.010854003950953484,0.003029965329915285,0.3650166392326355,0.020046180114150047,158.92086791992188,102.20831298828125,34.95564270019531,40.46751022338867,667.6972045898438,0.04695446044206619,0.05325000733137131,0.6150329113006592,1.8722131252288818,1.0110000371932983,0.01754187047481537,0.02000007964670658,2.6113901138305664,0.5,0.05085480213165283,0.36885973811149597,-0.038860224187374115,0.8502551317214966,0.7984021306037903,0.7935101985931396,0.4656132757663727,0.5773879885673523,0.891596794128418,0.4406748116016388,0.19830873608589172,0.8551235198974609,0.5904359817504883,0.13568592071533203,0.9835715293884277,0.9683195948600769,0.0596139058470726,0.12741774320602417,1.0,0.01900000125169754,0.007000000216066837,0.012000000104308128,1.011,0.6083411453503648,1.3608243322595532,0.13853540555769397,0.6773814840926844,0.795551247725672,0.8348393937371539,0.2617533646652402,0.11783025621999117,0.08770935237407684,0.012291045859456062,181.19022865886393,0.8881328105926514,0.7977960705757141,0.757539689540863,0.18329773843288422,0.6697012186050415,0.4818929433822632,0.629417359828949,0.7662475109100342,0.9683195948600769,0.9879999998956919,0.8109879066737798
pronking,0,action_space,-1.0,2.5999999046325684,0.0,0.5,-1.0,0.04999999701976776,1.0,0.3700000047683716,0.0,0.0,ramp_up_trot_robustness,ramp_up,1.0,trotting,1000,0.7534670829772949,0.7534670829772949,0.9038802981376648,0.15606656670570374,0.07414095848798752,0.1580057591199875,1.2237156629562378,0.07414095848798752,0.015234727412462234,0.5436685085296631,0.45908957719802856,0.5381113886833191,0.7068714499473572,0.5477097630500793,0.6314436793327332,0.1580057591199875,0.06101258099079132,0.008795294910669327,0.003277373732998967,0.36663371324539185,0.02033179998397827,164.3631591796875,104.95909118652344,34.71949768066406,38.792442321777344,341.37591552734375,0.0489620566368103,0.052916668355464935,0.605340301990509,1.7367613315582275,1.008000135421753,0.018077600747346878,0.02000007964670658,2.611262321472168,0.5,0.0508451834321022,0.3688725531101227,0.0,0.8740000128746033,0.7827674746513367,0.8262642621994019,0.5112186670303345,0.5464239120483398,0.8775213360786438,0.49906378984451294,0.20056894421577454,0.8577662706375122,0.592942476272583,0.13556592166423798,0.9835715293884277,0.9711905717849731,0.1129031777381897,0.17549552023410797,1.0,0.018000001087784767,0.004000000189989805,0.014000000432133675,1.008,0.6005359831310454,1.3126223414140548,0.12342903796296167,0.677561493296386,0.8407564748173856,0.7946343054089303,0.24700724886284475,0.10987569632847972,0.09038800373673439,0.009612394496798515,181.84173227178175,0.9071685075759888,0.7790670394897461,0.7854854464530945,0.2168801873922348,0.6658865213394165,0.4803369641304016,0.6500250697135925,0.7675256729125977,0.9711905717849731,0.9859999995678663,0.8203638443389
pronking,0,action_space,-1.0,2.5999999046325684,0.0,0.5,-1.0,0.04999999701976776,1.0,0.3700000047683716,1.0,0.03999999910593033,ramp_up_trot_robustness,ramp_up,1.0,trotting,1000,0.7357539534568787,0.7357539534568787,0.8796160221099854,0.16370517015457153,0.08300672471523285,0.15210872888565063,1.5801382064819336,0.08300672471523285,0.0251093078404665,0.5382426977157593,0.44489866495132446,0.5203956961631775,0.742988109588623,0.5240331292152405,0.7123640775680542,0.15210872888565063,0.06604161858558655,0.00524474959820509,0.0039510708302259445,0.36165717244148254,0.01917712390422821,160.040283203125,102.53893280029297,34.86275100708008,39.675079345703125,567.4326171875,0.04758548364043236,0.041583336889743805,0.590262234210968,1.8577847480773926,1.0090000629425049,0.01759232208132744,0.02000007964670658,2.6105751991271973,0.5,0.05079370364546776,0.368941068649292,0.03894168138504028,0.8687708377838135,0.7930241227149963,0.8641527891159058,0.5448806285858154,0.5481972098350525,0.8875362873077393,0.36159777641296387,0.19802270829677582,0.86368727684021,0.5966668128967285,0.13492241501808167,0.9844361543655396,0.970256507396698,0.05841781944036484,0.12022092938423157,0.9998000264167786,0.018000001087784767,0.0020000000949949026,0.01600000075995922,1.009,0.5849972319437562,1.356913314943264,0.158459167738779,0.6670072450515995,0.8619675803582307,0.8440166334664585,0.25698563887032005,0.09589484046824956,0.08796161040663719,0.012038787826895714,181.9433470745874,0.8983482122421265,0.7934452891349792,0.8320053815841675,0.12464018166065216,0.6814431548118591,0.48514166474342346,0.6310921311378479,0.812274694442749,0.970256507396698,0.9839999992400408,0.8276425337371154
pronking,0,action_space,-1.0,2.5999999046325684,0.0,0.5,0.0,0.07999999821186066,-1.0,0.2900000214576721,-1.0,-0.03999999910593033,ramp_up_trot_robustness,ramp_up,1.0,trotting,1000,0.7336650490760803,0.7336650490760803,0.8951444029808044,0.16370029747486115,0.08352336287498474,0.16172415018081665,1.5176377296447754,0.08352336287498474,0.02389226108789444,0.5319850444793701,0.44239306449890137,0.5969763994216919,0.8035345077514648,0.5067242383956909,0.6550561189651489,0.16172415018081665,0.07385899126529694,0.012854259461164474,0.004408752545714378,0.34342557191848755,0.015645449981093407,166.1548309326172,104.4421157836914,34.114501953125,39.23430633544922,277.7220764160156,0.05199487879872322,0.054083339869976044,0.7503279447555542,2.5571813583374023,1.0010000467300415,0.017902884632349014,0.02000007964670658,2.6110310554504395,0.5,0.08000031858682632,0.29110386967658997,-0.038896068930625916,0.8674682378768921,0.7762431502342224,0.7565585374832153,0.5555505752563477,0.5053689479827881,0.8744798898696899,0.3628588914871216,0.20528212189674377,0.861364483833313,0.5987635254859924,0.5,0.9835715293884277,0.971638560295105,0.11248170584440231,0.173676997423172,1.0,0.01900000125169754,0.004000000189989805,0.015000000596046448,1.001,0.7495783025568182,1.5983199072206828,0.15457121688042194,0.6651263522812048,0.89640086331477,0.8093553724817973,0.2717701073799268,0.13138878189129716,0.08951442316174507,0.010485975071787834,185.61790743407042,0.8983539342880249,0.7698596715927124,0.7080360651016235,0.13594798743724823,0.7313164472579956,0.5031579732894897,0.5280012488365173,0.7630614638328552,0.971638560295105,0.9849999994039536,0.8059138609812809
pronking,0,action_space,-1.0,2.5999999046325684,0.0,0.5,0.0,0.07999999821186066,-1.0,0.2900000214576721,0.0,0.0,ramp_up_trot_robustness,ramp_up,1.0,trotting,1000,0.7624373435974121,0.7624373435974121,0.8719433546066284,0.16739121079444885,0.07554391026496887,0.1566072255373001,1.4907007217407227,0.07554391026496887,0.016764577478170395,0.5237363576889038,0.4282016158103943,0.6068899631500244,0.8860652446746826,0.48669615387916565,0.5948644876480103,0.1566072255373001,0.07829157263040543,0.007177890278398991,0.0036542946472764015,0.35605594515800476,0.01809871941804886,169.85568237304688,111.67982482910156,34.47218322753906,39.101837158203125,407.9422912597656,0.0509793758392334,0.053833335638046265,0.7146684527397156,2.4994704723358154,1.005000114440918,0.017438866198062897,0.02000007964670658,2.6107912063598633,0.5,0.08000031858682632,0.2910798490047455,0.0,0.8625372052192688,0.7967758178710938,0.8392802476882935,0.5697439312934875,0.500870406627655,0.8878895044326782,0.4106079638004303,0.20910122990608215,0.8507894277572632,0.5902368426322937,0.5,0.9844361543655396,0.9755317568778992,0.22511136531829834,0.27852654457092285,1.0,0.018000001087784767,0.0020000000949949026,0.01600000075995922,1.005,0.7111128318369092,1.577033620328217,0.12947809651894948,0.6543711605888468,0.9413103870003149,0.7712745864139504,0.279806312706496,0.10407778305515251,0.08719433099031448,0.012806067243218422,194.80128092687417,0.8939734101295471,0.7825024724006653,0.8052168488502502,0.1610577553510666,0.696300208568573,0.49060699343681335,0.5369991660118103,0.7640159130096436,0.9755317568778992,0.9839999992400408,0.817585273908499
pronking,0,action_space,-1.0,2.5999999046325684,0.0,0.5,0.0,0.07999999821186066,-1.0,0.2900000214576721,1.0,0.03999999910593033,ramp_up_trot_robustness,ramp_up,1.0,trotting,1000,0.7427482604980469,0.7427482604980469,0.8388013243675232,0.20685243606567383,0.10125772655010223,0.184115931391716,1.1883795261383057,0.10125772655010223,0.03249979391694069,0.5305392742156982,0.440800279378891,0.7148795127868652,1.4733436107635498,0.5710393786430359,0.9953593611717224,0.184115931391716,0.11394822597503662,0.013883797451853752,0.010500840842723846,0.39485639333724976,0.028309375047683716,197.06976318359375,135.81980895996094,33.90260696411133,39.393226623535156,753.6333618164062,0.057833991944789886,0.0429166704416275,0.6135340929031372,2.043997287750244,0.972000002861023,0.01677602156996727,0.02000007964670658,2.611391544342041,0.5,0.08000031858682632,0.2911398410797119,0.03886011615395546,0.8331578969955444,0.761562705039978,0.8335204720497131,0.5523373484611511,0.4830407500267029,0.8530677556991577,0.4488970637321472,0.20908084511756897,0.8483060598373413,0.5773575305938721,0.5,0.9835715293884277,0.9711141586303711,0.11306675523519516,0.1773201823234558,0.9995999932289124,0.01900000125169754,0.008999999612569809,0.009999999776482582,0.972,0.631207878206983,1.450130216344182,0.18027699220072618,0.6639279173064581,1.2138136639383945,0.9976769823804308,0.3375621809015883,0.15615581415553376,0.08388010784983635,0.016120290383696556,234.94212211954863,0.8426936864852905,0.7124918699264526,0.6140415072441101,0.15907564759254456,0.567685604095459,0.4539751708507538,0.5911299586296082,0.8068775534629822,0.9711141586303711,0.9900000002235174,0.7531318885202591
pronking,0,action_space,-1.0,2.5999999046325684,0.0,0.5,0.0,0.07999999821186066,0.0,0.33000001311302185,-1.0,-0.03999999910593033,ramp_up_trot_robustness,ramp_up,1.0,trotting,1000,0.760545015335083,0.760545015335083,0.8689998388290405,0.18300893902778625,0.08841989934444427,0.15815606713294983,1.0789145231246948,0.08841989934444427,0.023524289950728416,0.5319750905036926,0.4403908848762512,0.5737981796264648,0.791519284248352,0.5985753536224365,0.8649047613143921,0.15815606713294983,0.08321824669837952,0.0111620482057333,0.003633098676800728,0.37253883481025696,0.021830476820468903,175.8406524658203,115.70028686523438,34.71150207519531,40.19361877441406,550.9043579101562,0.051230937242507935,0.04975000023841858,0.7137261629104614,2.4327878952026367,1.0010000467300415,0.017379989847540855,0.02000007964670658,2.6111507415771484,0.5,0.08000031858682632,0.33000147342681885,-0.03888414055109024,0.844080924987793,0.7874908447265625,0.7871434688568115,0.4811782240867615,0.5222971439361572,0.8820306062698364,0.4689558148384094,0.20394322276115417,0.8483403325080872,0.5776584148406982,0.5,0.9844361543655396,0.9751666784286499,0.22582757472991943,0.28197699785232544,1.0,0.018000001087784767,0.004000000189989805,0.014000000432133675,1.001,0.7130131831059565,1.558960307517749,0.1533763017898411,0.663619533223858,0.8896736953784529,0.9300025598429243,0.2884757298255427,0.1216353027806238,0.08689994923770428,0.013100448995828629,202.34831424452506,0.8746170997619629,0.7786968946456909,0.7438596487045288,0.21237529814243317,0.6462237238883972,0.47469744086265564,0.5446622967720032,0.7797749042510986,0.9751666784286499,0.9859999995678663,0.7948230912861152
pronking,0,action_space,-1.0,2.5999999046325684,0.0,0.5,0.0,0.07999999821186066,0.0,0.33000001311302185,0.0,0.0,ramp_up_trot_robustness,ramp_up,1.0,trotting,1000,0.7923537492752075,0.7923537492752075,0.8819708824157715,0.1688721626996994,0.08434128761291504,0.1701982021331787,1.5533745288848877,0.08434128761291504,0.019007060676813126,0.5291329622268677,0.4332233667373657,0.5661187171936035,0.7608885765075684,0.5067230463027954,0.6058789491653442,0.1701982021331787,0.07251013070344925,0.008454685099422932,0.004270804580301046,0.35192620754241943,0.020297616720199585,172.8775634765625,113.32218933105469,34.24311065673828,38.78590393066406,463.7104797363281,0.05256875604391098,0.048333339393138885,0.6384948492050171,2.229062080383301,1.005000114440918,0.017639409750699997,0.02000007964670658,2.610790967941284,0.5,0.08000031858682632,0.33000147342681885,0.0,0.8657062649726868,0.7545356750488281,0.8203457593917847,0.5511554479598999,0.5214608907699585,0.8634246587753296,0.3305354714393616,0.20286403596401215,0.8635797500610352,0.5946833491325378,0.5,0.9844361543655396,0.978711724281311,0.469160258769989,0.5060044527053833,1.0,0.018000001087784767,0.003000000026077032,0.015000000596046448,1.005,0.6353182816386815,1.4892857039661447,0.13786609690860593,0.6581970576790553,0.8722892734108154,0.7783822641641729,0.2692770519436241,0.11280731217312102,0.08819704875349998,0.01180334948003292,196.01277879269713,0.892194390296936,0.7485073208808899,0.7752964496612549,0.144638791680336,0.6663419008255005,0.4946759343147278,0.5743634104728699,0.7853178977966309,0.978711724281311,0.9849999994039536,0.8095750220310994
pronking,0,action_space,-1.0,2.5999999046325684,0.0,0.5,0.0,0.07999999821186066,0.0,0.33000001311302185,1.0,0.03999999910593033,ramp_up_trot_robustness,ramp_up,1.0,trotting,1000,0.7721969485282898,0.7721969485282898,0.9105879068374634,0.14236073195934296,0.07570436596870422,0.15526632964611053,1.34964919090271,0.07570436596870422,0.016354573890566826,0.5411664247512817,0.45650792121887207,0.5708702802658081,0.8491837382316589,0.4446786344051361,0.4420386552810669,0.15526632964611053,0.06229223310947418,0.005072262138128281,0.0029717120341956615,0.3469301164150238,0.014565042220056057,171.25787353515625,111.76239013671875,34.871681213378906,39.19702911376953,379.2347106933594,0.0516059547662735,0.047166671603918076,0.6979843378067017,2.3083879947662354,1.0010000467300415,0.018211763352155685,0.02000007964670658,2.6113133430480957,0.5,0.08000031858682632,0.33000147342681885,0.03886784240603447,0.8824520707130432,0.7851685285568237,0.876179039478302,0.582856297492981,0.5426251888275146,0.8832778930664062,0.43277573585510254,0.20247313380241394,0.8660420775413513,0.6056933403015137,0.5,0.9835715293884277,0.9741910099983215,0.2262687385082245,0.2816895842552185,1.0,0.01900000125169754,0.004999999888241291,0.014000000432133675,1.001,0.6972870269379059,1.5185788137922909,0.1278850026022083,0.6756536991824081,0.9215116593031577,0.6648598764259029,0.24958412030711044,0.08968820531331832,0.09105881676077843,0.008941581472754478,188.07395996499343,0.9221325516700745,0.7857816219329834,0.8513946533203125,0.1869824230670929,0.747290849685669,0.49964359402656555,0.5618500113487244,0.7899122834205627,0.9741910099983215,0.9859999995678663,0.842558219933357
pronking,0,action_space,-1.0,2.5999999046325684,0.0,0.5,0.0,0.07999999821186066,1.0,0.3700000047683716,-1.0,-0.03999999910593033,ramp_up_trot_robustness,ramp_up,1.0,trotting,1000,0.7326589226722717,0.7326589226722717,0.9036459922790527,0.1667984426021576,0.09224019944667816,0.15495309233665466,1.5475479364395142,0.09224019944667816,0.023210179060697556,0.5370039939880371,0.4554770588874817,0.5579642057418823,0.7266660928726196,0.574042797088623,0.7213361859321594,0.15495309233665466,0.07190466672182083,0.011561085470020771,0.004175924230366945,0.37111037969589233,0.019268514588475227,171.28582763671875,107.51563262939453,34.57099151611328,39.401649475097656,492.0209045410156,0.052386946976184845,0.04791666567325592,0.6720771789550781,2.319844961166382,0.9900000095367432,0.018072906881570816,0.02000007964670658,2.6124844551086426,0.5,0.08000031858682632,0.36875027418136597,-0.038750775158405304,0.8580741882324219,0.7896440625190735,0.7637433409690857,0.4852674603462219,0.5282280445098877,0.8834776282310486,0.3519650101661682,0.20425908267498016,0.8549770712852478,0.582581639289856,0.5,0.9818421602249146,0.9681049585342407,0.11529447138309479,0.18521559238433838,0.9998000264167786,0.021000001579523087,0.006000000052154064,0.015000000596046448,0.99,0.6788658065025253,1.530776764122804,0.1523488728566692,0.6748904050936579,0.852447120279387,0.8493151275776026,0.2681504553824603,0.12544723871168992,0.09036453440785408,0.009635863825678825,189.54970098934982,0.8946820497512817,0.7865455746650696,0.7299785017967224,0.1337542086839676,0.6801987290382385,0.4760555326938629,0.5566495656967163,0.786955714225769,0.9681049585342407,0.9849999994039536,0.8027505775292715
pronking,0,action_space,-1.0,2.5999999046325684,0.0,0.5,0.0,0.07999999821186066,1.0,0.3700000047683716,0.0,0.0,ramp_up_trot_robustness,ramp_up,1.0,trotting,1000,0.7527610063552856,0.7527610063552856,0.8951908349990845,0.16574101150035858,0.09011043608188629,0.15765361487865448,1.677080750465393,0.09011043608188629,0.032451268285512924,0.5395875573158264,0.4485355615615845,0.5487694144248962,0.9925795793533325,0.5172605514526367,0.6581165194511414,0.15765361487865448,0.0747617557644844,0.007221766747534275,0.007168136537075043,0.3668496608734131,0.018819313496351242,172.7200927734375,110.54863739013672,34.1496467590332,38.483543395996094,297.9776611328125,0.053459811955690384,0.04675000160932541,0.6900641918182373,2.3730344772338867,0.9960000514984131,0.017903808504343033,0.02000007964670658,2.6113128662109375,0.5,0.08000031858682632,0.36886751651763916,0.0,0.8658140301704407,0.7828003168106079,0.8283373713493347,0.5322459936141968,0.566818118095398,0.8779237270355225,0.2988344132900238,0.19836783409118652,0.8630715608596802,0.5864153504371643,0.5,0.9835715293884277,0.9741910099983215,0.2262674868106842,0.2816811800003052,0.9996000528335571,0.01900000125169754,0.003000000026077032,0.01600000075995922,0.996,0.6928354286285768,1.5435558566369922,0.18014235561220165,0.6697279757943403,0.9962828811905444,0.8112438101157637,0.27342596029727023,0.11995792297555555,0.08951904252171516,0.010481355711817741,192.9422040760886,0.8959413170814514,0.779933512210846,0.7499129772186279,0.09767534583806992,0.6863371729850769,0.48012953996658325,0.551209032535553,0.7915596961975098,0.9741910099983215,0.9839999992400408,0.8068923420057847
pronking,0,action_space,-1.0,2.5999999046325684,0.0,0.5,0.0,0.07999999821186066,1.0,0.3700000047683716,1.0,0.03999999910593033,ramp_up_trot_robustness,ramp_up,1.0,trotting,1000,0.7431552410125732,0.7431552410125732,0.8909435272216797,0.1724589467048645,0.0768711119890213,0.16168272495269775,1.4226675033569336,0.0768711119890213,0.017698068171739578,0.5316755771636963,0.436303049325943,0.5255497694015503,0.6395299434661865,0.48889100551605225,0.4878808259963989,0.16168272495269775,0.060525164008140564,0.005455034784972668,0.003159758634865284,0.38906794786453247,0.020292004570364952,169.78329467773438,115.18209075927734,34.662925720214844,39.81614685058594,471.73431396484375,0.04882010817527771,0.05266667157411575,0.6423488855361938,2.0213418006896973,1.0010000467300415,0.0178188756108284,0.02000007964670658,2.610321044921875,0.5,0.08000031858682632,0.36896657943725586,0.03896712511777878,0.8613606691360474,0.7642545700073242,0.8772639036178589,0.5403925180435181,0.561161458492279,0.8707443475723267,0.3787009119987488,0.20329323410987854,0.8476592302322388,0.5754621624946594,0.5,0.9853007793426514,0.9740784168243408,0.11087922751903534,0.17003846168518066,1.0,0.017000000923871994,0.004000000189989805,0.013000000268220901,1.001,0.6417071697833416,1.421028624782849,0.13303408650319504,0.6605323983923446,0.7997061607029088,0.6984846641096703,0.24601862532771895,0.09281591145831598,0.089094378054142,0.010906020179390907,190.5657199252426,0.8878359198570251,0.7699628472328186,0.8417301177978516,0.1692076176404953,0.6664167046546936,0.45926132798194885,0.6036078333854675,0.7684856653213501,0.9740784168243408,0.9869999997317791,0.8208795226155184
pronking,0,action_space,-1.0,2.5999999046325684,0.0,0.5,1.0,0.10999999940395355,-1.0,0.2900000214576721,-1.0,-0.03999999910593033,ramp_up_trot_robustness,ramp_up,1.0,trotting,1000,0.7365776300430298,0.7365776300430298,0.8914966583251953,0.15610572695732117,0.07655271142721176,0.15683794021606445,1.401449203491211,0.07655271142721176,0.016195053234696388,0.524255633354187,0.437674880027771,0.6429415941238403,0.9930800199508667,0.4763730466365814,0.5307468175888062,0.15683794021606445,0.05830064415931702,0.010557636618614197,0.003109685145318508,0.36492079496383667,0.015276558697223663,187.94432067871094,128.4982147216797,34.34402847290039,39.352603912353516,451.162109375,0.05399654805660248,0.04416666924953461,0.7201886177062988,2.6370067596435547,1.00600004196167,0.017829932272434235,0.02000007964670658,2.610792398452759,0.5,0.10919033735990524,0.2910798490047455,-0.03892003744840622,0.872156023979187,0.7756938934326172,0.7964552044868469,0.564044177532196,0.4793575406074524,0.8751241564750671,0.45016664266586304,0.21487030386924744,0.8551461100578308,0.5766258835792542,0.8648751378059387,0.9844361543655396,0.9699869751930237,0.05862267315387726,0.1228635311126709,1.0,0.018000001087784767,0.004999999888241291,0.013000000268220901,1.006,0.7158932391976267,1.6190364166031448,0.12725978640048233,0.6615700114332352,0.9965340034092498,0.7285237247947428,0.24145526326696012,0.1169073212589045,0.08914966136217117,0.010850736871361732,210.81887287361388,0.9071241021156311,0.781936764717102,0.7608291506767273,0.17811065912246704,0.7367319464683533,0.48198533058166504,0.5192760229110718,0.8018503189086914,0.9699869751930237,0.9869999997317791,0.8171219487602894
pronking,0,action_space,-1.0,2.5999999046325684,0.0,0.5,1.0,0.10999999940395355,-1.0,0.2900000214576721,0.0,0.0,ramp_up_trot_robustness,ramp_up,1.0,trotting,1000,0.7400336265563965,0.7400336265563965,0.8655794858932495,0.17262011766433716,0.0899563655257225,0.16475026309490204,1.481507420539856,0.0899563655257225,0.028346020728349686,0.5190330743789673,0.4247283339500427,0.6694580316543579,1.0792765617370605,0.4712807536125183,0.4894865155220032,0.16475026309490204,0.09443894028663635,0.007115862797945738,0.005095955915749073,0.36423468589782715,0.025710077956318855,181.20529174804688,123.82145690917969,34.494384765625,39.149017333984375,484.3188171386719,0.05350795388221741,0.04658333212137222,0.7216229438781738,2.565812587738037,1.00600004196167,0.017311587929725647,0.02000007964670658,2.6107444763183594,0.5,0.109193816781044,0.2910751700401306,0.0,0.8559910655021667,0.7792929410934448,0.8346294164657593,0.5729609727859497,0.47221142053604126,0.8715008497238159,0.38570845127105713,0.2106829583644867,0.8489052057266235,0.5804989337921143,0.8649188876152039,0.9844361543655396,0.972644567489624,0.11183761060237885,0.17228540778160095,1.0,0.018000001087784767,0.004000000189989805,0.014000000432133675,1.006,0.7173190107402461,1.5970314471981948,0.16836276526699628,0.6517118488642375,1.0388823618374992,0.6996331292341745,0.3073091932999017,0.11050709802404012,0.08655793964862823,0.01344245858490467,209.34564034988534,0.8876383900642395,0.7622913122177124,0.7833024859428406,0.12893745303153992,0.5979778170585632,0.482647180557251,0.5285449624061584,0.7922195792198181,0.972644567489624,0.9859999995678663,0.7980033666468583
pronking,0,action_space,-1.0,2.5999999046325684,0.0,0.5,1.0,0.10999999940395355,-1.0,0.2900000214576721,1.0,0.03999999910593033,ramp_up_trot_robustness,ramp_up,1.0,trotting,1000,0.7290766835212708,0.7290766835212708,0.8494623899459839,0.188958540558815,0.09274636954069138,0.20022660493850708,1.5690197944641113,0.09274636954069138,0.027871254831552505,0.509110689163208,0.4165939688682556,0.6819478273391724,1.0390971899032593,0.4589828848838806,0.5284733772277832,0.20022660493850708,0.14640283584594727,0.006079970858991146,0.00569112878292799,0.4034404158592224,0.015796232968568802,217.3520965576172,153.15248107910156,33.01466751098633,37.62480163574219,426.0639343261719,0.060737740248441696,0.04858333617448807,0.7254639863967896,2.653383255004883,0.9750000238418579,0.01698925718665123,0.02000007964670658,2.610431671142578,0.5,0.10921730846166611,0.29104381799697876,0.03895606845617294,0.8418001532554626,0.749342679977417,0.854375958442688,0.5883362293243408,0.46145743131637573,0.8480184674263,0.36038917303085327,0.22026757895946503,0.8570712804794312,0.5652707815170288,0.8652126789093018,0.9844361543655396,0.970657229423523,0.058188967406749725,0.11926162242889404,0.9998000264167786,0.018000001087784767,0.0020000000949949026,0.01600000075995922,0.975,0.7440656300080128,1.6496723220179368,0.16694686229921335,0.645440910438946,1.0193611675472336,0.7269617439919265,0.38262623517729055,0.10849469868117582,0.08494628593325615,0.015054112300276756,255.870182282512,0.8669089674949646,0.6697124242782593,0.790237307548523,0.11926053464412689,0.7291144132614136,0.44624781608581543,0.5064373016357422,0.7843368649482727,0.970657229423523,0.9839999992400408,0.8024545698784864
pronking,0,action_space,-1.0,2.5999999046325684,0.0,0.5,1.0,0.10999999940395355,0.0,0.33000001311302185,-1.0,-0.03999999910593033,ramp_up_trot_robustness,ramp_up,1.0,trotting,1000,0.7362817525863647,0.7362817525863647,0.8872134685516357,0.17088347673416138,0.08778353035449982,0.1539907157421112,1.4844624996185303,0.08778353035449982,0.018684696406126022,0.5270546078681946,0.4328915476799011,0.5958176255226135,0.8262503743171692,0.5475568771362305,0.6243770122528076,0.1539907157421112,0.056887879967689514,0.009156573563814163,0.0034217210486531258,0.38450682163238525,0.017210662364959717,186.71051025390625,127.86233520507812,35.24520492553711,41.28431701660156,457.7513122558594,0.05365092307329178,0.03933333605527878,0.762776255607605,2.7215518951416016,1.0099999904632568,0.0177442766726017,0.02000007964670658,2.6107916831970215,0.5,0.10919032990932465,0.33000147342681885,-0.038920044898986816,0.8552501201629639,0.777759313583374,0.8084519505500793,0.5091162323951721,0.5283037424087524,0.8781261444091797,0.3745400309562683,0.2084961235523224,0.8475706577301025,0.5708858370780945,0.8648751974105835,0.9844361543655396,0.972634494304657,0.11189126968383789,0.17276763916015625,1.0,0.018000001087784767,0.003000000026077032,0.015000000596046448,1.01,0.7552240050665223,1.6415254188724753,0.13669197637800845,0.6579449427420969,0.9089831540337638,0.7901753047601574,0.23851180257523844,0.1121529964489014,0.0887213833630085,0.011279014870524406,210.44598269986668,0.8897590041160583,0.788887619972229,0.7775822281837463,0.15595988929271698,0.7087777853012085,0.4634699821472168,0.5098435282707214,0.8214644193649292,0.972634494304657,0.9849999994039536,0.8098180706684406
pronking,0,action_space,-1.0,2.5999999046325684,0.0,0.5,1.0,0.10999999940395355,0.0,0.33000001311302185,0.0,0.0,ramp_up_trot_robustness,ramp_up,1.0,trotting,1000,0.7650083303451538,0.7650083303451538,0.8752400875091553,0.1727432757616043,0.07355163246393204,0.17472340166568756,1.3580632209777832,0.07355163246393204,0.014369465410709381,0.5106993913650513,0.406149685382843,0.578269362449646,0.949819803237915,0.539259672164917,0.786791980266571,0.17472340166568756,0.10463543981313705,0.0073362085968256,0.003444820176810026,0.4017416834831238,0.022318558767437935,209.44094848632812,144.446533203125,34.01982116699219,37.96949005126953,266.13262939453125,0.05736442655324936,0.050416670739650726,0.7657318711280823,2.820803165435791,0.9940000772476196,0.017504796385765076,0.02000007964670658,2.6107916831970215,0.5,0.10919031500816345,0.33000147342681885,0.0,0.8536548614501953,0.7725365161895752,0.840381383895874,0.5458680987358093,0.5293556451797485,0.8712813854217529,0.4523942470550537,0.21493443846702576,0.8544177412986755,0.5673532485961914,0.8648751378059387,0.9844361543655396,0.975531816482544,0.22511136531829834,0.2785264849662781,0.9998000264167786,0.018000001087784767,0.003000000026077032,0.015000000596046448,0.994,0.770353935134243,1.684586063066986,0.11987270502791443,0.6372987410805414,0.9745869911084978,0.8870129538324517,0.32347401721488706,0.103831732980027,0.08752398192882538,0.012476416304707527,239.29542473582976,0.8874874114990234,0.7369150519371033,0.8060410618782043,0.19292524456977844,0.6399462223052979,0.44776651263237,0.4919109642505646,0.7771799564361572,0.975531816482544,0.9849999994039536,0.8011626200034069
pronking,0,action_space,-1.0,2.5999999046325684,0.0,0.5,1.0,0.10999999940395355,0.0,0.33000001311302185,1.0,0.03999999910593033,ramp_up_trot_robustness,ramp_up,1.0,trotting,1000,0.7373632192611694,0.7373632192611694,0.8865333795547485,0.17190001904964447,0.08539381623268127,0.1625567376613617,1.5523011684417725,0.08539381623268127,0.020205609500408173,0.5254732966423035,0.4352705180644989,0.5990301370620728,0.8570690751075745,0.4690445065498352,0.5286902785301208,0.1625567376613617,0.07332953810691833,0.005923931486904621,0.0033096889965236187,0.3796612620353699,0.017134714871644974,179.5872802734375,121.41452026367188,34.492950439453125,40.19333267211914,319.77850341796875,0.05319388210773468,0.051333338022232056,0.720436692237854,2.596576452255249,1.003000020980835,0.017730673775076866,0.02000007964670658,2.6109018325805664,0.5,0.10918203741312027,0.33000147342681885,0.038909025490283966,0.8578798770904541,0.7722260355949402,0.8737612366676331,0.570496678352356,0.5203889608383179,0.8713510036468506,0.32940834760665894,0.20681942999362946,0.8426176309585571,0.573945164680481,0.8647716641426086,0.983571469783783,0.9717148542404175,0.11231725662946701,0.17184627056121826,0.9998000264167786,0.01900000125169754,0.006000000052154064,0.013000000268220901,1.003,0.71828180010749,1.608977856481269,0.142146436819247,0.6597503452553086,0.9257802520617808,0.7271109121242239,0.2707942726626956,0.096091729526678,0.08865336887538433,0.011347029358148575,202.57249689079185,0.8885197043418884,0.7677839398384094,0.8313766121864319,0.14136452972888947,0.7098551988601685,0.4679833650588989,0.5235082507133484,0.7736260294914246,0.9717148542404175,0.9869999997317791,0.8202181013348775
pronking,0,action_space,-1.0,2.5999999046325684,0.0,0.5,1.0,0.10999999940395355,1.0,0.3700000047683716,-1.0,-0.03999999910593033,ramp_up_trot_robustness,ramp_up,1.0,trotting,1000,0.7135696411132812,0.7135696411132812,0.8863824009895325,0.18591824173927307,0.10802377015352249,0.17384441196918488,1.7878472805023193,0.10802377015352249,0.031477492302656174,0.5337430238723755,0.45602741837501526,0.6016897559165955,0.9647616147994995,0.5148544907569885,0.5389325022697449,0.17384441196918488,0.08425205945968628,0.010707926005125046,0.004863620735704899,0.3741104006767273,0.018830828368663788,186.2898406982422,124.43708801269531,34.375518798828125,40.09980773925781,362.3601989746094,0.05597991123795509,0.04924999922513962,0.787276029586792,2.9211816787719727,1.002000093460083,0.017727650701999664,0.02000007964670658,2.61186146736145,0.5,0.1091100424528122,0.36881256103515625,-0.038813039660453796,0.8468232154846191,0.7617741823196411,0.7753942608833313,0.5174142122268677,0.5309286117553711,0.8569205403327942,0.25789782404899597,0.20840364694595337,0.8539648056030273,0.5735502243041992,0.8638718128204346,0.9827068448066711,0.966753363609314,0.060501351952552795,0.13030174374580383,0.9998000264167786,0.020000001415610313,0.0010000000474974513,0.01900000125169754,1.002,0.785704530879647,1.7074398071657422,0.17741897390824965,0.6752980218947893,0.982222792852772,0.7341202233079708,0.2902620530825314,0.12478600378580101,0.08863825350999832,0.011362144723534584,210.1687042638408,0.8708701729774475,0.739176332950592,0.7323982119560242,0.08915337920188904,0.6861791014671326,0.4732077419757843,0.48246943950653076,0.7817267775535583,0.966753363609314,0.9809999987483025,0.7900242572411512
pronking,0,action_space,-1.0,2.5999999046325684,0.0,0.5,1.0,0.10999999940395355,1.0,0.3700000047683716,0.0,0.0,ramp_up_trot_robustness,ramp_up,1.0,trotting,1000,0.7454898357391357,0.7454898357391357,0.9444918632507324,0.1486707329750061,0.07725520431995392,0.16403979063034058,1.472070336341858,0.07725520431995392,0.015689818188548088,0.5296759605407715,0.44726434350013733,0.5933695435523987,0.924001932144165,0.5188462734222412,0.5976030826568604,0.16403979063034058,0.08099256455898285,0.00802319310605526,0.0030304696410894394,0.385063499212265,0.014194456860423088,186.7760772705078,122.5015869140625,34.212284088134766,39.129539489746094,362.40679931640625,0.054993245750665665,0.04608333855867386,0.7920489311218262,3.0599913597106934,1.0090000629425049,0.018889833241701126,0.02000007964670658,2.611860752105713,0.5,0.10911011695861816,0.3688126802444458,0.0,0.8804261684417725,0.7810053825378418,0.823688268661499,0.5142843723297119,0.5060832500457764,0.8804534673690796,0.40693891048431396,0.20688331127166748,0.8563712239265442,0.5714852213859558,0.8638728857040405,0.9827067852020264,0.9696702361106873,0.114078089594841,0.1800442785024643,1.0,0.020000001415610313,0.007000000216066837,0.013000000268220901,1.009,0.7849840328643769,1.7414640215896167,0.12525900442103188,0.6687782468801877,0.9612501922726284,0.7730479174390552,0.2845919263770194,0.1051364006761916,0.09444916620850563,0.005551232025027275,197.75297653456303,0.9153836965560913,0.7640740871429443,0.8016579747200012,0.1676516830921173,0.7528501152992249,0.4629542827606201,0.4685210585594177,0.7942026257514954,0.9696702361106873,0.9869999997317791,0.8232299996874272
pronking,0,action_space,-1.0,2.5999999046325684,0.0,0.5,1.0,0.10999999940395355,1.0,0.3700000047683716,1.0,0.03999999910593033,ramp_up_trot_robustness,ramp_up,1.0,trotting,1000,0.7314435839653015,0.7314435839653015,0.8577893972396851,0.1957889199256897,0.076035276055336,0.16079841554164886,1.487004041671753,0.076035276055336,0.015148203819990158,0.5297728776931763,0.4417281746864319,0.5764875411987305,0.8204118013381958,0.5745912790298462,1.0171728134155273,0.16079841554164886,0.06419480592012405,0.011116101406514645,0.003549054963514209,0.38821977376937866,0.02383406087756157,182.0782470703125,120.18228912353516,34.096370697021484,38.738494873046875,493.4672546386719,0.05637349933385849,0.05241667479276657,0.7512098550796509,2.7173047065734863,1.0120000839233398,0.017155783250927925,0.02000007964670658,2.6109185218811035,0.5,0.10918073356151581,0.36890679597854614,0.03890734165906906,0.8482011556625366,0.7721023559570312,0.851712703704834,0.5290647745132446,0.5297185182571411,0.8733017444610596,0.37015995383262634,0.20550402998924255,0.8552356362342834,0.5705760717391968,0.8647557497024536,0.9844361543655396,0.9697551131248474,0.058762386441230774,0.12467203289270401,0.9995999932289124,0.018000001087784767,0.003000000026077032,0.015000000596046448,1.012,0.7423022123193552,1.6386224956653057,0.12307803955210758,0.6646263421550728,0.9057658645247103,1.0085498566831128,0.25336693928001747,0.12109977857134527,0.08577891625463963,0.01422148197889328,212.26451114484442,0.857843816280365,0.7721616625785828,0.7457960247993469,0.16696548461914062,0.6208404302597046,0.4600410461425781,0.5110586285591125,0.769446849822998,0.9697551131248474,0.9849999994039536,0.7838262739853982
pronking,0,action_space,0.0,3.0,0.0,0.5,-1.0,0.04999999701976776,-1.0,0.2900000214576721,-1.0,-0.03999999910593033,ramp_up_trot_robustness,ramp_up,1.0,trotting,1000,0.7376283407211304,0.7376283407211304,0.8836950063705444,0.1440202295780182,0.08499985933303833,0.16774427890777588,1.54310941696167,0.08499985933303833,0.025168530642986298,0.4975067973136902,0.3914930820465088,0.5477914810180664,0.7517322301864624,0.4895516037940979,0.5906364917755127,0.16774427890777588,0.06601770967245102,0.010363055393099785,0.003097874578088522,0.33901336789131165,0.0173632875084877,155.7783966064453,100.55292510986328,34.518035888671875,39.14337158203125,461.778076171875,0.047814033925533295,0.047083333134651184,0.6384441256523132,1.8671340942382812,1.162000060081482,0.01767389476299286,0.02000007964670658,3.000000238418579,0.5,0.05080990493297577,0.2910798490047455,-0.03892005234956741,0.8780670166015625,0.7665252089500427,0.7951111793518066,0.5620654821395874,0.5308750867843628,0.8704794049263,0.35015755891799927,0.21779188513755798,0.8661623001098633,0.6129024028778076,0.13512492179870605,0.9844361543655396,0.972634494304657,0.11189126968383789,0.17276766896247864,1.0,0.018000001087784767,0.004999999888241291,0.013000000268220901,1.162,0.5494355351091867,1.267607159783555,0.15864592854210377,0.6256940802393042,0.8670249305449426,0.7685287839603099,0.25693911666472863,0.1160212479298008,0.0883694738149643,0.011630924418568611,176.2807252314895,0.9203812479972839,0.7547404170036316,0.7639762163162231,0.12918885052204132,0.706617534160614,0.5076176524162292,0.6691768169403076,0.790241539478302,0.972634494304657,0.9869999997317791,0.8277599817285171
pronking,0,action_space,0.0,3.0,0.0,0.5,-1.0,0.04999999701976776,-1.0,0.2900000214576721,0.0,0.0,ramp_up_trot_robustness,ramp_up,1.0,trotting,1000,0.7616560459136963,0.7616560459136963,0.9040467143058777,0.13466453552246094,0.0768054947257042,0.16060121357440948,1.6441168785095215,0.0768054947257042,0.018826894462108612,0.48922306299209595,0.37718093395233154,0.5379910469055176,0.8147867918014526,0.4154888093471527,0.38779932260513306,0.16060121357440948,0.07507941126823425,0.006803032010793686,0.00305185467004776,0.3325027823448181,0.017852187156677246,155.1221923828125,101.38011169433594,33.90299987792969,38.22688293457031,448.0072326660156,0.049020007252693176,0.04700000211596489,0.6524099111557007,1.958197832107544,1.1500000953674316,0.018080934882164,0.02000007964670658,3.000000238418579,0.5,0.05076489970088005,0.29101985692977905,0.0,0.8884580135345459,0.7835511565208435,0.8509926795959473,0.6076699495315552,0.5261426568031311,0.8846376538276672,0.34829777479171753,0.22137370705604553,0.8630273342132568,0.614293098449707,0.1345624178647995,0.9853007793426514,0.9768911600112915,0.22382165491580963,0.2742691934108734,1.0,0.017000000923871994,0.0020000000949949026,0.015000000596046448,1.15,0.5673129670516305,1.3049063780864327,0.13721113097015347,0.6141505792168005,0.9026554114397435,0.6227353551912185,0.2740062248713234,0.09927178189617353,0.09040467441082001,0.009595723822712898,171.58647880481985,0.9300302863121033,0.7726512551307678,0.8211103677749634,0.13256864249706268,0.6997418999671936,0.5142706632614136,0.6533154845237732,0.790570855140686,0.9768911600112915,0.9849999994039536,0.839278526031054
pronking,0,action_space,0.0,3.0,0.0,0.5,-1.0,0.04999999701976776,-1.0,0.2900000214576721,1.0,0.03999999910593033,ramp_up_trot_robustness,ramp_up,1.0,trotting,1000,0.7455326914787292,0.7455326914787292,0.8502926230430603,0.17231418192386627,0.08145979046821594,0.158939391374588,1.4998188018798828,0.08145979046821594,0.022733191028237343,0.4891318082809448,0.3768880367279053,0.5448840856552124,0.7127881646156311,0.408037006855011,0.4262677729129791,0.158939391374588,0.05517946928739548,0.005329915322363377,0.0029059480875730515,0.34329986572265625,0.02186986804008484,157.97039794921875,105.81207275390625,34.14982604980469,39.25994873046875,469.5083312988281,0.047126106917858124,0.050833337008953094,0.633131742477417,1.9299304485321045,1.152000069618225,0.017005842179059982,0.02000007964670658,3.000000238418579,0.5,0.05071990191936493,0.2909599244594574,0.039040058851242065,0.8592813014984131,0.7662664651870728,0.8937842845916748,0.6166965961456299,0.5417237877845764,0.8709079623222351,0.37545686960220337,0.22218096256256104,0.860785722732544,0.606696605682373,0.13399992883205414,0.986165463924408,0.9756751656532288,0.10953868925571442,0.16365087032318115,1.0,0.01600000075995922,0.004000000189989805,0.012000000104308128,1.152,0.5495935016208224,1.2943286742110895,0.15077529979488466,0.6139120757306418,0.8442678275379389,0.6528918539183799,0.23490310616804427,0.09075165789084201,0.08502921089529991,0.014971187338232994,185.78356870117037,0.8880131840705872,0.7767651081085205,0.8481334447860718,0.14163772761821747,0.6457148194313049,0.5032844543457031,0.6578214764595032,0.7755625247955322,0.9756751656532288,0.9879999998956919,0.8267998658120632
pronking,0,action_space,0.0,3.0,0.0,0.5,-1.0,0.04999999701976776,0.0,0.33000001311302185,-1.0,-0.03999999910593033,ramp_up_trot_robustness,ramp_up,1.0,trotting,1000,0.7645658850669861,0.7645658850669861,0.9035197496414185,0.1484682857990265,0.07509087771177292,0.15482419729232788,1.3332927227020264,0.07509087771177292,0.01606190949678421,0.5012854337692261,0.39749181270599365,0.5260624885559082,0.6577744483947754,0.4577411413192749,0.5241338014602661,0.15482419729232788,0.10228095948696136,0.012146709486842155,0.0028850785456597805,0.33576536178588867,0.015028780326247215,155.52218627929688,95.82355499267578,34.80430603027344,38.3668327331543,477.5322570800781,0.048033785074949265,0.05025000497698784,0.8165209293365479,2.5582656860351562,1.1530001163482666,0.01807037927210331,0.02000007964670658,3.000000238418579,0.5,0.0508490651845932,0.33000147342681885,-0.03886783868074417,0.8807722926139832,0.8128811120986938,0.7757412791252136,0.5868411064147949,0.5434457063674927,0.8966422080993652,0.43823209404945374,0.2199249267578125,0.8691469430923462,0.614902138710022,0.1356145143508911,0.983571469783783,0.9741910696029663,0.2262687385082245,0.2816895842552185,1.0,0.01900000125169754,0.005000000353902578,0.014000000432133675,1.153,0.7081707493698504,1.4895605576187663,0.1267355889116558,0.630469517665996,0.8110329514851881,0.7239708567755101,0.3198139451102177,0.12260419255678794,0.09035189636051655,0.009648501873016357,172.12926041851244,0.9156039953231812,0.7868596911430359,0.7403473854064941,0.1911817193031311,0.7403919100761414,0.5109258890151978,0.574245810508728,0.7778278589248657,0.9741910696029663,0.9859999995678663,0.8217721263376567
pronking,0,action_space,0.0,3.0,0.0,0.5,-1.0,0.04999999701976776,0.0,0.33000001311302185,0.0,0.0,ramp_up_trot_robustness,ramp_up,1.0,trotting,1000,0.806625485420227,0.806625485420227,0.9048745632171631,0.13647761940956116,0.07937166094779968,0.15125738084316254,1.4237394332885742,0.07937166094779968,0.017571084201335907,0.4973650574684143,0.4023118019104004,0.5143484473228455,0.6138375997543335,0.43101364374160767,0.44210395216941833,0.15125738084316254,0.05734090507030487,0.006679847836494446,0.0025683834683150053,0.3391205072402954,0.012742038816213608,155.51272583007812,101.3314208984375,34.26242446899414,37.69715881347656,384.5343933105469,0.04729865491390228,0.05816666781902313,0.6310905814170837,1.8124057054519653,1.1449999809265137,0.01809748262166977,0.02000007964670658,3.000000238418579,0.5,0.050809916108846664,0.33000147342681885,0.0,0.886971116065979,0.7865855693817139,0.8593845367431641,0.6061880588531494,0.5543150901794434,0.8843644261360168,0.40639960765838623,0.22236010432243347,0.8635258674621582,0.6141113042831421,0.13512492179870605,0.9844361543655396,0.978711724281311,0.4691603183746338,0.5060045719146729,1.0,0.018000001087784767,0.006000000052154064,0.012000000104308128,1.145,0.5511708088837336,1.2581283380146053,0.13255596629852578,0.6342805388078688,0.7834778872146511,0.6649089803645446,0.23945961051982204,0.09616772486031606,0.09048741310834885,0.00951298512518406,171.86108677557803,0.9282032251358032,0.7954971790313721,0.8311336636543274,0.1694561392068863,0.7750398516654968,0.5075089335441589,0.6731939911842346,0.7476402521133423,0.978711724281311,0.9879999998956919,0.8526647359323808
pronking,0,action_space,0.0,3.0,0.0,0.5,-1.0,0.04999999701976776,0.0,0.33000001311302185,1.0,0.03999999910593033,ramp_up_trot_robustness,ramp_up,1.0,trotting,1000,0.7787243127822876,0.7787243127822876,0.8872239589691162,0.14525076746940613,0.06747952103614807,0.15307214856147766,1.2862648963928223,0.06747952103614807,0.013756380416452885,0.4965594708919525,0.3956340551376343,0.5099704265594482,0.6306431889533997,0.4227655231952667,0.4484339952468872,0.15307214856147766,0.05091293901205063,0.004098072648048401,0.0019869678653776646,0.3487694561481476,0.010865574702620506,152.17897033691406,97.19670867919922,34.12111282348633,37.55809783935547,485.7793884277344,0.04699799418449402,0.04933333396911621,0.6529922485351562,1.941908836364746,1.1579999923706055,0.017744477838277817,0.02000007964670658,3.000000238418579,0.5,0.05080405995249748,0.33000147342681885,0.0389278344810009,0.8825340270996094,0.7838180065155029,0.9113694429397583,0.6245707273483276,0.5523738861083984,0.8865311145782471,0.4769480526447296,0.22230969369411469,0.8629202246665955,0.6086381673812866,0.13505202531814575,0.9844361543655396,0.9755504131317139,0.22497902810573578,0.27743250131607056,0.9998000264167786,0.018000001087784767,0.004000000189989805,0.014000000432133675,1.158,0.5638965349740933,1.2949712393383548,0.11728759702736212,0.6289944794174542,0.7941304609152073,0.6696521449580276,0.22563895721273539,0.07800666967270213,0.08872238919138908,0.011278009042143822,171.52261139761592,0.9190716743469238,0.7911158800125122,0.8854132294654846,0.20984365046024323,0.804679274559021,0.49780896306037903,0.6575479507446289,0.7814010977745056,0.9755504131317139,0.9859999995678663,0.8614352898528942
pronking,0,action_space,0.0,3.0,0.0,0.5,-1.0,0.04999999701976776,1.0,0.3700000047683716,-1.0,-0.03999999910593033,ramp_up_trot_robustness,ramp_up,1.0,trotting,1000,0.7489916086196899,0.7489916086196899,0.8873469829559326,0.15977701544761658,0.0772264301776886,0.14291682839393616,1.3449244499206543,0.0772264301776886,0.022195756435394287,0.5009063482284546,0.4038425087928772,0.46633169054985046,0.6816057562828064,0.5317527651786804,0.6774791479110718,0.14291682839393616,0.07517631351947784,0.009823095053434372,0.0038625909946858883,0.35218608379364014,0.026971381157636642,163.35116577148438,110.81010437011719,34.71036148071289,39.55644226074219,387.7115478515625,0.04818710684776306,0.050833337008953094,0.5659507513046265,1.4667267799377441,1.1549999713897705,0.0177469365298748,0.02000007964670658,3.000000238418579,0.5,0.050809893757104874,0.36891961097717285,-0.03892005980014801,0.8728079795837402,0.8061641454696655,0.8095717430114746,0.5405102968215942,0.5927867889404297,0.8940858840942383,0.4561302959918976,0.22181010246276855,0.8617837429046631,0.6006854772567749,0.13512492179870605,0.9844361543655396,0.9726344347000122,0.11189128458499908,0.17276766896247864,1.0,0.018000001087784767,0.0020000000949949026,0.01600000075995922,1.155,0.4900006447003517,1.1268954428352225,0.14898240310652225,0.6354860413831898,0.8255941837748171,0.8230912148183042,0.274182992761181,0.11698583695524967,0.08873468264937401,0.011265715584158897,184.08939108276283,0.9029259085655212,0.8152567148208618,0.760549783706665,0.16715402901172638,0.5830819010734558,0.4944188892841339,0.7279860973358154,0.7755625247955322,0.9726344347000122,0.9839999992400408,0.8111442064818665
pronking,0,action_space,0.0,3.0,0.0,0.5,-1.0,0.04999999701976776,1.0,0.3700000047683716,0.0,0.0,ramp_up_trot_robustness,ramp_up,1.0,trotting,1000,0.7696887850761414,0.7696887850761414,0.8719717264175415,0.1546555459499359,0.06996317207813263,0.1428905427455902,1.5290861129760742,0.06996317207813263,0.012714594602584839,0.4944027066230774,0.40454134345054626,0.44932958483695984,0.4249635338783264,0.4571373462677002,0.4977360963821411,0.1428905427455902,0.060364291071891785,0.00465178769081831,0.002296645659953356,0.35410672426223755,0.017338551580905914,154.76499938964844,104.54766845703125,34.09825134277344,38.37824249267578,492.4812927246094,0.04752625152468681,0.06316667795181274,0.6613389253616333,2.0887081623077393,1.1480000019073486,0.017439432442188263,0.02000007964670658,3.000000238418579,0.5,0.05080407112836838,0.3689272701740265,0.0,0.8801286220550537,0.8061655759811401,0.8930554389953613,0.5819387435913086,0.5853577852249146,0.8968698978424072,0.395466685295105,0.22593605518341064,0.8611124753952026,0.5986392498016357,0.13505201041698456,0.9844361543655396,0.9755504131317139,0.22497904300689697,0.27743250131607056,0.9998000264167786,0.018000001087784767,0.003000000026077032,0.015000000596046448,1.148,0.5760791526023519,1.3488632482777647,0.11275901118130133,0.6360356463678324,0.6518922716816993,0.7055041434195416,0.245691455024166,0.08335726333542666,0.08719716221094131,0.012803236022591591,177.48855232438993,0.9087607860565186,0.8153179883956909,0.8702552914619446,0.16806945204734802,0.7069671750068665,0.49252334237098694,0.6345380544662476,0.7291809320449829,0.9755504131317139,0.9849999994039536,0.842336485019097
pronking,0,action_space,0.0,3.0,0.0,0.5,-1.0,0.04999999701976776,1.0,0.3700000047683716,1.0,0.03999999910593033,ramp_up_trot_robustness,ramp_up,1.0,trotting,1000,0.7459652423858643,0.7459652423858643,0.9026011228561401,0.14486849308013916,0.07653428614139557,0.14390048384666443,1.8238579034805298,0.07653428614139557,0.015718240290880203,0.5007652044296265,0.4068969190120697,0.5360371470451355,0.7118662595748901,0.37999528646469116,0.4327256679534912,0.14390048384666443,0.0804436057806015,0.003548630513250828,0.002650321228429675,0.343051940202713,0.013058105483651161,155.01165771484375,97.88142395019531,34.417274475097656,36.97904968261719,432.4742736816406,0.04816325381398201,0.05050000548362732,0.7332815527915955,2.221879243850708,1.1590001583099365,0.018052030354738235,0.02000007964670658,3.000000238418579,0.5,0.05087338760495186,0.36883485317230225,0.03883545845746994,0.8908207416534424,0.8116170763969421,0.90923011302948,0.6666774749755859,0.5515695810317993,0.901473343372345,0.29141348600387573,0.2229369580745697,0.8661467432975769,0.6118491291999817,0.1359182745218277,0.9827068448066711,0.9697756767272949,0.11380358040332794,0.17711958289146423,0.9995999932289124,0.020000001415610313,0.0020000000949949026,0.018000001087784767,1.159,0.632684636877157,1.3845814181655924,0.12537240641736205,0.6378847223535532,0.84372167186513,0.65781887169151,0.28362582001750386,0.07873342201175117,0.09026015177369118,0.009740246459841728,171.7388265863592,0.919479489326477,0.8129599094390869,0.8833983540534973,0.11786413937807083,0.7701560854911804,0.5035340785980225,0.61923748254776,0.7768561840057373,0.9697756767272949,0.9819999989122152,0.8545512716548566
pronking,0,action_space,0.0,3.0,0.0,0.5,0.0,0.07999999821186066,-1.0,0.2900000214576721,-1.0,-0.03999999910593033,ramp_up_trot_robustness,ramp_up,1.0,trotting,1000,0.7667570114135742,0.7667570114135742,0.9023865461349487,0.13928472995758057,0.06831687688827515,0.14188477396965027,1.3182748556137085,0.06831687688827515,0.01355767622590065,0.4852072596549988,0.3765482008457184,0.6005528569221497,0.9753684997558594,0.466042697429657,0.5991624593734741,0.14188477396965027,0.06112753972411156,0.008853127248585224,0.0023710262030363083,0.35915058851242065,0.015776103362441063,168.43707275390625,112.19794464111328,34.22904968261719,38.38536834716797,465.7508544921875,0.04973316937685013,0.05008333548903465,0.7587897777557373,2.5927493572235107,1.1540000438690186,0.018047727644443512,0.02000007964670658,3.000000238418579,0.5,0.08000031858682632,0.2910798490047455,-0.03892003744840622,0.8881889581680298,0.8080638647079468,0.8210208415985107,0.5839124917984009,0.4884677529335022,0.8985942602157593,0.4342579245567322,0.22812972962856293,0.8539544343948364,0.5934042930603027,0.5,0.9844361543655396,0.975531816482544,0.22511136531829834,0.27852654457092285,1.0,0.018000001087784767,0.006000000052154064,0.012000000104308128,1.154,0.6575301515787478,1.4989161374253828,0.11643743481329641,0.6136352343580984,0.9876074623836433,0.774055850293423,0.24723984250947814,0.10594410531795308,0.09023863822221756,0.009761760011315346,186.65734044390007,0.9253336191177368,0.8176565766334534,0.7989290952682495,0.2040422111749649,0.7294079661369324,0.4875798523426056,0.5702460408210754,0.778476357460022,0.975531816482544,0.9879999998956919,0.8330184413263432
pronking,0,action_space,0.0,3.0,0.0,0.5,0.0,0.07999999821186066,-1.0,0.2900000214576721,0.0,0.0,ramp_up_trot_robustness,ramp_up,1.0,trotting,1000,0.7903820276260376,0.7903820276260376,0.8433823585510254,0.18146061897277832,0.09412820637226105,0.18305134773254395,1.599040150642395,0.09412820637226105,0.03242117911577225,0.4888940155506134,0.39072057604789734,0.6816895008087158,1.218286156654358,0.4782094359397888,0.606163501739502,0.18305134773254395,0.11344008147716522,0.008756736293435097,0.00792159978300333,0.3849618136882782,0.025696231052279472,197.65049743652344,141.37255859375,33.28290557861328,38.51773452758789,841.0823364257812,0.05619538575410843,0.0598333366215229,0.6995238065719604,2.25535249710083,1.127000093460083,0.016867641359567642,0.02000007964670658,3.000000238418579,0.5,0.08000031858682632,0.29101985692977905,0.0,0.849901020526886,0.7725201845169067,0.8440147638320923,0.5984362959861755,0.4691562354564667,0.8650316596031189,0.3166297674179077,0.2316642701625824,0.8536195158958435,0.5818370580673218,0.5,0.9853007793426514,0.9798945188522339,0.4680584967136383,0.5028557777404785,0.9998000264167786,0.018000001087784767,0.0020000000949949026,0.01600000075995922,1.127,0.6206954780043811,1.4146378064337697,0.1800588212661969,0.6250764561618821,1.1037600086315675,0.7785650273031162,0.3368086719150284,0.12914463239499513,0.08433820679783821,0.015662191435694695,234.3545551226578,0.8765935897827148,0.7152823209762573,0.7163640856742859,0.10566689074039459,0.5981435179710388,0.46304842829704285,0.6063486933708191,0.7414358258247375,0.9798945188522339,0.9839999992400408,0.7843369892201362
pronking,0,action_space,0.0,3.0,0.0,0.5,0.0,0.07999999821186066,-1.0,0.2900000214576721,1.0,0.03999999910593033,ramp_up_trot_robustness,ramp_up,1.0,trotting,1000,0.7735486030578613,0.7735486030578613,0.8810036778450012,0.15320125222206116,0.07808342576026917,0.14380216598510742,1.2362834215164185,0.07808342576026917,0.01930396258831024,0.487338662147522,0.38309478759765625,0.5625158548355103,0.8911195993423462,0.4287179112434387,0.4649934768676758,0.14380216598510742,0.06028596684336662,0.005007416009902954,0.0026129859033972025,0.3557513952255249,0.016293246299028397,171.68106079101562,119.00904846191406,33.40904235839844,37.67458724975586,272.43902587890625,0.05024024844169617,0.046250004321336746,0.684398889541626,2.1359214782714844,1.1480000019073486,0.017620066180825233,0.02000007964670658,3.000000238418579,0.5,0.08000031858682632,0.2910797894001007,0.03892013430595398,0.8713327646255493,0.8035287857055664,0.8915116786956787,0.6048051118850708,0.5270929932594299,0.8963518738746643,0.45543602108955383,0.2242763638496399,0.8567008972167969,0.5959174633026123,0.5,0.9844361543655396,0.975531816482544,0.22511009871959686,0.2785179615020752,1.0,0.018000001087784767,0.0010000000474974513,0.017000000923871994,1.148,0.5961662584896287,1.3640229833959399,0.13893870082993523,0.6189465143270914,0.9439913131710197,0.6819043018398372,0.24553200777773684,0.08729491344459972,0.08810033090412617,0.011900067329406738,194.86985708273085,0.9103897213935852,0.8131898641586304,0.8586378693580627,0.19743169844150543,0.7219027280807495,0.49090591073036194,0.6280473470687866,0.7935410141944885,0.975531816482544,0.982999999076128,0.8414486365822645
pronking,0,action_space,0.0,3.0,0.0,0.5,0.0,0.07999999821186066,0.0,0.33000001311302185,-1.0,-0.03999999910593033,ramp_up_trot_robustness,ramp_up,1.0,trotting,1000,0.8028824329376221,0.8028824329376221,0.8917162418365479,0.14776483178138733,0.07463902235031128,0.1538982391357422,1.3514554500579834,0.07463902235031128,0.01579640433192253,0.49875950813293457,0.4067109227180481,0.5074019432067871,0.5151123404502869,0.4685196280479431,0.48127803206443787,0.1538982391357422,0.04881153255701065,0.010739181190729141,0.002367238514125347,0.3520256280899048,0.01571589708328247,171.00689697265625,115.25141906738281,34.26466369628906,38.30039596557617,484.6924743652344,0.05156520754098892,0.04375000298023224,0.8191472291946411,2.7212905883789062,1.165000081062317,0.017834333702921867,0.02000007964670658,3.000000238418579,0.5,0.08000031858682632,0.33000147342681885,-0.038860052824020386,0.8775653839111328,0.7671822309494019,0.7999709844589233,0.5659592747688293,0.5359882116317749,0.874489963054657,0.43926364183425903,0.2242739498615265,0.8654183149337769,0.6000717878341675,0.5,0.9835715293884277,0.9775291681289673,0.47026216983795166,0.5091531276702881,1.0,0.01900000125169754,0.006000000052154064,0.013000000268220901,1.165,0.7031306058040504,1.5283558804449875,0.12568374728628412,0.6377389142259143,0.7177132717529242,0.6937420500909814,0.2209333215180785,0.11448327259846518,0.08917166851460934,0.010828729718923569,191.77277361288876,0.9163675308227539,0.7891122698783875,0.7694122195243835,0.18874025344848633,0.7302867770195007,0.4945775866508484,0.557681143283844,0.8035225868225098,0.9775291681289673,0.9869999997317791,0.8239127884690578
pronking,0,action_space,0.0,3.0,0.0,0.5,0.0,0.07999999821186066,0.0,0.33000001311302185,0.0,0.0,ramp_up_trot_robustness,ramp_up,1.0,trotting,1000,0.8877782821655273,0.8877782821655273,0.917107105255127,0.13250860571861267,0.06833042204380035,0.14533782005310059,1.5331008434295654,0.06833042204380035,0.013994596898555756,0.4795460104942322,0.38884466886520386,0.5901734232902527,0.6749829053878784,0.45021480321884155,0.4714217782020569,0.14533782005310059,0.055670350790023804,0.005625484045594931,0.0026600388810038567,0.38250288367271423,0.018167652189731598,173.98867797851562,121.95333099365234,33.81653594970703,38.97584533691406,295.07025146484375,0.05034864693880081,0.049250002950429916,0.7222797870635986,2.3605968952178955,1.152000069618225,0.018342148512601852,0.02000007964670658,3.000000238418579,0.5,0.08000031858682632,0.33000147342681885,0.0,0.8916850090026855,0.7950949668884277,0.8688293695449829,0.5707738399505615,0.4819926619529724,0.8928846120834351,0.3929458260536194,0.23594912886619568,0.8449472784996033,0.5730807185173035,0.5,0.9844361543655396,0.9822114706039429,1.0,1.0,1.0,0.01900000125169754,0.0010000000474974513,0.018000001087784767,1.152,0.6269789801703559,1.4314779293543902,0.11829876118774768,0.6235741085590419,0.8215734327422464,0.6866016153506026,0.2359456521956355,0.09102484785265388,0.09171074256300926,0.008289655670523643,189.71467670628755,0.9321755766868591,0.8095871806144714,0.8472915291786194,0.16316507756710052,0.6953409314155579,0.4653312563896179,0.5991266369819641,0.7817267775535583,0.9822114706039429,0.9819999989122152,0.8373767243554959
pronking,0,action_space,0.0,3.0,0.0,0.5,0.0,0.07999999821186066,0.0,0.33000001311302185,1.0,0.03999999910593033,ramp_up_trot_robustness,ramp_up,1.0,trotting,1000,0.8003487586975098,0.8003487586975098,0.8883262276649475,0.14984649419784546,0.0762910395860672,0.1709786057472229,1.6030638217926025,0.0762910395860672,0.018019024282693863,0.48099541664123535,0.36992785334587097,0.5498571395874023,0.7495636343955994,0.4785930812358856,0.6397321224212646,0.1709786057472229,0.07298237085342407,0.004897279664874077,0.0027659963816404343,0.37889108061790466,0.015855468809604645,175.57275390625,123.06512451171875,34.940162658691406,38.64292907714844,655.9344482421875,0.04816944897174835,0.04891667142510414,0.7860186100006104,2.471947193145752,1.162000060081482,0.01776651293039322,0.02000007964670658,3.000000238418579,0.5,0.08000031858682632,0.33000147342681885,0.038980066776275635,0.8754972815513611,0.7528735399246216,0.8984674215316772,0.5919105410575867,0.5396212339401245,0.8642809391021729,0.3432787358760834,0.23029659688472748,0.8542318344116211,0.5811201333999634,0.5,0.9853007793426514,0.9798945188522339,0.4680582880973816,0.502854585647583,1.0,0.017000000923871994,0.004000000189989805,0.013000000268220901,1.162,0.6764359334660068,1.458533930654948,0.13423495924197193,0.6082169459542137,0.865773431329236,0.7998325589904831,0.27015249555283416,0.08754013963042617,0.0888325646519661,0.01116783358156681,197.64445587491002,0.9140994548797607,0.7465170621871948,0.8579018712043762,0.140374094247818,0.7282510995864868,0.46870478987693787,0.587528645992279,0.7830306887626648,0.9798945188522339,0.9869999997317791,0.8372378133428403
pronking,0,action_space,0.0,3.0,0.0,0.5,0.0,0.07999999821186066,1.0,0.3700000047683716,-1.0,-0.03999999910593033,ramp_up_trot_robustness,ramp_up,1.0,trotting,1000,0.769324541091919,0.769324541091919,0.902198076248169,0.1377871036529541,0.0787467360496521,0.1510460376739502,1.1554694175720215,0.0787467360496521,0.018616119399666786,0.49315518140792847,0.3967238664627075,0.536787211894989,0.6604169607162476,0.48964208364486694,0.5539199113845825,0.1510460376739502,0.049439724534749985,0.010439500212669373,0.0024556792341172695,0.3505401313304901,0.012608420103788376,173.99624633789062,113.56258392333984,34.02001953125,37.3372802734375,398.2893371582031,0.051153745502233505,0.050166670233011246,0.8532882928848267,2.8005964756011963,1.1490000486373901,0.01804395765066147,0.02000007964670658,3.000000238418579,0.5,0.08000031858682632,0.3688596487045288,-0.03886013478040695,0.8841203451156616,0.7884852886199951,0.8026850819587708,0.5597866773605347,0.5561695694923401,0.8860047459602356,0.4714816212654114,0.22759121656417847,0.865651547908783,0.6014410257339478,0.5,0.9835715293884277,0.9741724133491516,0.22639980912208557,0.28277522325515747,1.0,0.01900000125169754,0.0010000000474974513,0.018000001087784767,1.149,0.7426355161077568,1.5612240493024445,0.13644090075804538,0.6298601959663014,0.8126604215268808,0.7442579602426719,0.2223504543164911,0.11355694363087905,0.09021978825330734,0.009780609980225563,192.85814381411873,0.9268707633018494,0.7960056066513062,0.7726697325706482,0.217014342546463,0.7771138548851013,0.496049165725708,0.5437013506889343,0.7781520485877991,0.9741724133491516,0.9819999989122152,0.831394213036849
pronking,0,action_space,0.0,3.0,0.0,0.5,0.0,0.07999999821186066,1.0,0.3700000047683716,0.0,0.0,ramp_up_trot_robustness,ramp_up,1.0,trotting,1000,0.8065277338027954,0.8065277338027954,0.926976203918457,0.1296708881855011,0.07431197166442871,0.13797132670879364,1.482759952545166,0.07431197166442871,0.017342615872621536,0.497101366519928,0.3988814651966095,0.491862952709198,0.6342240571975708,0.449665367603302,0.5876361131668091,0.13797132670879364,0.05457037314772606,0.007398908957839012,0.0025872373953461647,0.33992213010787964,0.013738999143242836,163.42868041992188,104.56748962402344,34.10615539550781,37.60911560058594,502.5920715332031,0.0511675626039505,0.05950000137090683,0.7897847294807434,2.592409610748291,1.1519999504089355,0.018539510667324066,0.02000007964670658,3.000000238418579,0.5,0.08000031858682632,0.3688673675060272,0.0,0.8917356133460999,0.809840977191925,0.8506225943565369,0.5965971946716309,0.5731645822525024,0.8952251672744751,0.4030221402645111,0.22095462679862976,0.8605011701583862,0.6091842651367188,0.5,0.9835715293884277,0.9775383472442627,0.47012054920196533,0.5081925392150879,0.9998000264167786,0.01900000125169754,0.004999999888241291,0.014000000432133675,1.152,0.6855769687228732,1.5001183922280785,0.1316913659759877,0.6315706335768071,0.796381853885164,0.7665742711354256,0.23360302469729724,0.09993070775885247,0.09269755333662033,0.007302844896912575,176.30299432616087,0.9349538087844849,0.8266607522964478,0.8189576268196106,0.16047577559947968,0.7597392797470093,0.5066959261894226,0.5697322487831116,0.7426725625991821,0.9775383472442627,0.9859999995678663,0.8442396768965782
pronking,0,action_space,0.0,3.0,0.0,0.5,0.0,0.07999999821186066,1.0,0.3700000047683716,1.0,0.03999999910593033,ramp_up_trot_robustness,ramp_up,1.0,trotting,1000,0.763505220413208,0.763505220413208,0.9020571708679199,0.1459875851869583,0.07731463015079498,0.16121900081634521,1.6226184368133545,0.07731463015079498,0.01778157241642475,0.49228012561798096,0.39363592863082886,0.4633249342441559,0.5725018382072449,0.43892210721969604,0.5150560736656189,0.16121900081634521,0.07986722886562347,0.004387970082461834,0.0027276985347270966,0.363031268119812,0.02102993056178093,167.43601989746094,112.59003448486328,34.56549835205078,38.2034912109375,546.0918579101562,0.050675418227910995,0.04650000110268593,0.7606160640716553,2.4653186798095703,1.1570000648498535,0.01804114505648613,0.02000007964670658,3.000000238418579,0.5,0.08000031858682632,0.3688731789588928,0.038873620331287384,0.8804869651794434,0.7807098627090454,0.9006409049034119,0.6081352233886719,0.5768578052520752,0.8802235126495361,0.3480071425437927,0.22495238482952118,0.8476316928863525,0.5935971140861511,0.5,0.983571469783783,0.9742237329483032,0.22616329789161682,0.2808537483215332,0.9998000264167786,0.01900000125169754,0.004999999888241291,0.014000000432133675,1.157,0.6574036541331298,1.4597210421441316,0.13334756246900334,0.6274041190738461,0.7566385122416416,0.7176740720310432,0.28260790658724233,0.0843544226296934,0.09020572528243065,0.009794672951102257,185.6157517559129,0.9182831645011902,0.7711166143417358,0.86734938621521,0.13831108808517456,0.656653642654419,0.4838102161884308,0.5870200395584106,0.792549729347229,0.9742237329483032,0.9859999995678663,0.8326461852934116
pronking,0,action_space,0.0,3.0,0.0,0.5,1.0,0.10999999940395355,-1.0,0.2900000214576721,-1.0,-0.03999999910593033,ramp_up_trot_robustness,ramp_up,1.0,trotting,1000,0.7355431318283081,0.7355431318283081,0.8748013377189636,0.15995383262634277,0.07845480740070343,0.16699627041816711,1.5531911849975586,0.07845480740070343,0.0226016566157341,0.49339383840560913,0.39854133129119873,0.5620704889297485,0.7452554702758789,0.488630473613739,0.5217399597167969,0.16699627041816711,0.07641802728176117,0.010443344712257385,0.0033319364301860332,0.3560620844364166,0.014476891607046127,175.75765991210938,117.87747192382812,34.03316116333008,39.55640411376953,497.041259765625,0.05427956208586693,0.05608333647251129,0.7875676155090332,2.7596099376678467,1.152000069618225,0.017496023327112198,0.02000007964670658,3.000000238418579,0.5,0.10915504395961761,0.29112690687179565,-0.03887300565838814,0.8665430545806885,0.7760332822799683,0.7986980676651001,0.5538788437843323,0.5046468377113342,0.8704484701156616,0.36536362767219543,0.22510573267936707,0.8447227478027344,0.587433934211731,0.8644341230392456,0.9835715293884277,0.9711905717849731,0.1129031702876091,0.175495445728302,1.0,0.01900000125169754,0.003000000026077032,0.01600000075995922,1.152,0.683652400970459,1.547738567390241,0.15033847350473564,0.6313012999283296,0.8632818023541785,0.7223156925588679,0.2764381075064745,0.11736814364402046,0.08748011663556099,0.012520281597971916,200.9115125159683,0.9027217626571655,0.7566325664520264,0.759188175201416,0.13463009893894196,0.7486094832420349,0.49060097336769104,0.5494301319122314,0.7554689049720764,0.9711905717849731,0.9839999992400408,0.8180745990039446
pronking,0,action_space,0.0,3.0,0.0,0.5,1.0,0.10999999940395355,-1.0,0.2900000214576721,0.0,0.0,ramp_up_trot_robustness,ramp_up,1.0,trotting,1000,0.7577306032180786,0.7577306032180786,0.9034171104431152,0.13723310828208923,0.08375664055347443,0.15727311372756958,1.6794569492340088,0.08375664055347443,0.01836712472140789,0.49611425399780273,0.40409573912620544,0.5951833128929138,0.8593653440475464,0.44273921847343445,0.5136315822601318,0.15727311372756958,0.07588570564985275,0.006031708791851997,0.003351829946041107,0.3490612804889679,0.014798636548221111,174.78704833984375,118.95011901855469,34.69770050048828,38.57555389404297,476.76025390625,0.05222330242395401,0.052750006318092346,0.8744156956672668,3.0573668479919434,1.165000081062317,0.0180683396756649,0.02000007964670658,3.000000238418579,0.5,0.1091465950012207,0.291138231754303,0.0,0.8874796628952026,0.7849637269973755,0.8549454808235168,0.608542799949646,0.512208878993988,0.8809875249862671,0.31516480445861816,0.22479602694511414,0.850151002407074,0.5980589389801025,0.8643283843994141,0.9835715293884277,0.9741733074188232,0.22637364268302917,0.2825888991355896,1.0,0.01900000125169754,0.006000000052154064,0.013000000268220901,1.165,0.7505713728876073,1.6199842894429086,0.13552536560145445,0.6356852516192313,0.9270196028388754,0.7166809487213482,0.27547360245557606,0.09686866747247587,0.09034169837832451,0.009658699855208397,193.4732542912684,0.9274358153343201,0.780868649482727,0.8288875818252563,0.12914758920669556,0.7438077330589294,0.49751847982406616,0.5188775658607483,0.7681655287742615,0.9741733074188232,0.9869999997317791,0.836581082489246
pronking,0,action_space,0.0,3.0,0.0,0.5,1.0,0.10999999940395355,-1.0,0.2900000214576721,1.0,0.03999999910593033,ramp_up_trot_robustness,ramp_up,1.0,trotting,1000,0.74168860912323,0.74168860912323,0.8801760673522949,0.14864695072174072,0.08444415032863617,0.16110019385814667,1.6405543088912964,0.08444415032863617,0.02382415346801281,0.47704681754112244,0.37431907653808594,0.6018387675285339,0.9357942342758179,0.41939377784729004,0.40454044938087463,0.16110019385814667,0.07369749248027802,0.004301556386053562,0.00383576937019825,0.36020392179489136,0.021726001054048538,174.4144287109375,119.87739562988281,33.376983642578125,38.44000244140625,506.55987548828125,0.05408784747123718,0.05233334004878998,0.746216356754303,2.6119275093078613,1.1570000648498535,0.01760353147983551,0.02000007964670658,3.000000238418579,0.5,0.10919032990932465,0.29107993841171265,0.038920048624277115,0.8811749219894409,0.7737560272216797,0.8942909240722656,0.6226513981819153,0.48873549699783325,0.8750645518302917,0.3207843005657196,0.22937460243701935,0.8443275094032288,0.5856876969337463,0.8648751378059387,0.9844361543655396,0.9726345539093018,0.1118912622332573,0.17276740074157715,1.0,0.018000001087784767,0.0020000000949949026,0.01600000075995922,1.157,0.6449579158113656,1.5024979875431796,0.15435074819388733,0.6118162114050967,0.9673645818799745,0.636034943521875,0.2714728208868763,0.09020712697038862,0.08801765739917755,0.011982740834355354,198.1585675643317,0.9154096245765686,0.7714119553565979,0.849806547164917,0.12038777768611908,0.6475754380226135,0.48655378818511963,0.5687154531478882,0.7697675228118896,0.9726345539093018,0.9839999992400408,0.8261330048434246
pronking,0,action_space,0.0,3.0,0.0,0.5,1.0,0.10999999940395355,0.0,0.33000001311302185,-1.0,-0.03999999910593033,ramp_up_trot_robustness,ramp_up,1.0,trotting,1000,0.7520347833633423,0.7520347833633423,0.9284262657165527,0.1234714612364769,0.07820549607276917,0.15352171659469604,1.7416541576385498,0.07820549607276917,0.01994943991303444,0.483737051486969,0.3824650049209595,0.5969057083129883,0.8868818283081055,0.4475914239883423,0.4212890565395355,0.15352171659469604,0.056445393711328506,0.011220613494515419,0.0029153418727219105,0.3620374798774719,0.012418643571436405,183.17662048339844,125.4827651977539,33.57869338989258,37.01747131347656,372.7749938964844,0.05404656007885933,0.050583336502313614,0.8309387564659119,2.989201784133911,1.1590001583099365,0.018568526953458786,0.02000007964670658,3.000000238418579,0.5,0.10919030010700226,0.33000147342681885,-0.038920044898986816,0.8994735479354858,0.7860842943191528,0.7852485179901123,0.5687901973724365,0.5017037987709045,0.8805609941482544,0.2999602258205414,0.22826211154460907,0.8579144477844238,0.5886780023574829,0.8648751378059387,0.9844361543655396,0.975531816482544,0.22511136531829834,0.2785264253616333,1.0,0.018000001087784767,0.0010000000474974513,0.017000000923871994,1.159,0.7169445390018335,1.6059643094972536,0.14124248621797353,0.6184375513509505,0.9417440354513033,0.6490678366238274,0.23758239352133925,0.1188947238830947,0.09284263476729393,0.0071577634662389755,197.2979731912518,0.9408413171768188,0.7900261878967285,0.7537314891815186,0.11757922917604446,0.7800690531730652,0.48477280139923096,0.5247778296470642,0.7765325903892517,0.975531816482544,0.982999999076128,0.829902079816048
pronking,0,action_space,0.0,3.0,0.0,0.5,1.0,0.10999999940395355,0.0,0.33000001311302185,0.0,0.0,ramp_up_trot_robustness,ramp_up,1.0,trotting,1000,0.8019626140594482,0.8019626140594482,0.9022195339202881,0.13178938627243042,0.06896542012691498,0.1593645215034485,1.5865826606750488,0.06896542012691498,0.014897540211677551,0.48076996207237244,0.3750793933868408,0.5627216100692749,0.7588992118835449,0.43121635913848877,0.4418632984161377,0.1593645215034485,0.0760866031050682,0.006728876382112503,0.002509003970772028,0.35424894094467163,0.013287082314491272,179.49179077148438,121.42288208007812,33.88893127441406,37.168601989746094,508.27105712890625,0.05446919798851013,0.04700000584125519,0.8679028153419495,3.0743801593780518,1.1600000858306885,0.01804438605904579,0.02000007964670658,3.000000238418579,0.5,0.10919031500816345,0.33000147342681885,0.0,0.8971437215805054,0.7880215048789978,0.8588848114013672,0.5933434963226318,0.5280120372772217,0.8823782801628113,0.3581181764602661,0.22827038168907166,0.8537930250167847,0.5932450890541077,0.8648751378059387,0.9844361543655396,0.978711724281311,0.4691603481769562,0.5060045719146729,1.0,0.018000001087784767,0.0020000000949949026,0.01600000075995922,1.16,0.7481920965786638,1.6279826427770012,0.12205548005590552,0.6124372566939742,0.8711482146475105,0.6647279882900506,0.2758380015608223,0.09611389261123769,0.09022193029522896,0.009778467938303947,198.94469585641076,0.9328846335411072,0.7757146954536438,0.831305742263794,0.15189991891384125,0.7666371464729309,0.49238327145576477,0.5155186057090759,0.790570855140686,0.978711724281311,0.9839999992400408,0.8397612981498243
pronking,0,action_space,0.0,3.0,0.0,0.5,1.0,0.10999999940395355,0.0,0.33000001311302185,1.0,0.03999999910593033,ramp_up_trot_robustness,ramp_up,1.0,trotting,1000,0.7685695886611938,0.7685695886611938,0.886142909526825,0.147403746843338,0.07341215014457703,0.1634010672569275,1.494319200515747,0.07341215014457703,0.0165109746158123,0.4782702922821045,0.3835645914077759,0.5461472272872925,0.6429980993270874,0.47482937574386597,0.5495840311050415,0.1634010672569275,0.0785338282585144,0.003969559911638498,0.002650806214660406,0.3864966928958893,0.014929495751857758,184.90835571289062,130.5702362060547,34.099342346191406,39.090972900390625,512.9794921875,0.05285224691033363,0.043416667729616165,0.7997952699661255,2.8185505867004395,1.1600000858306885,0.017722859978675842,0.02000007964670658,3.000000238418579,0.5,0.10915122926235199,0.33000147342681885,0.038867976516485214,0.88072669506073,0.7669055461883545,0.9036959409713745,0.5840775966644287,0.5244436264038086,0.8743325471878052,0.41102975606918335,0.23343390226364136,0.8422144055366516,0.5685999393463135,0.8643867373466492,0.9835715293884277,0.9741910099983215,0.22626663744449615,0.2816753685474396,1.0,0.01900000125169754,0.003000000026077032,0.01600000075995922,1.16,0.6894786440092942,1.558776814123818,0.1284950373197825,0.6193259169514674,0.8018716227221708,0.7413393494918784,0.2802388771361219,0.0813656323412957,0.08861429989337921,0.011386098340153694,208.6665183741372,0.9167582392692566,0.7656737565994263,0.8759841322898865,0.16129203140735626,0.7418635487556458,0.46162915229797363,0.5447402000427246,0.804862916469574,0.9741910099983215,0.9839999992400408,0.8395907088923149
pronking,0,action_space,0.0,3.0,0.0,0.5,1.0,0.10999999940395355,1.0,0.3700000047683716,-1.0,-0.03999999910593033,ramp_up_trot_robustness,ramp_up,1.0,trotting,1000,0.7339183688163757,0.7339183688163757,0.9398616552352905,0.14085210859775543,0.08177654445171356,0.15945965051651,1.6980478763580322,0.08177654445171356,0.019096994772553444,0.49734777212142944,0.4047078788280487,0.5720382928848267,0.833543062210083,0.48791325092315674,0.5922051668167114,0.15945965051651,0.0720699280500412,0.010797863826155663,0.0029800105839967728,0.35754066705703735,0.016456875950098038,184.3744354248047,123.92610931396484,33.670021057128906,38.03075408935547,240.25221252441406,0.056014761328697205,0.05058334022760391,0.8029898405075073,2.7182555198669434,1.162000060081482,0.01879722997546196,0.02000007964670658,3.000000238418579,0.5,0.10911586880683899,0.3688204288482666,-0.038820795714855194,0.8824319243431091,0.7779092192649841,0.7854446172714233,0.5529245138168335,0.5449378490447998,0.8742825984954834,0.31925901770591736,0.22562046349048615,0.8578296899795532,0.5931293964385986,0.8639446496963501,0.9827068448066711,0.9696980714797974,0.11398667097091675,0.17908918857574463,0.9995999932289124,0.020000001415610313,0.0020000000949949026,0.018000001087784767,1.162,0.6910411946334445,1.5294738757394624,0.13819187665182583,0.6361665495984905,0.9129857951852718,0.7695486773536235,0.26845842890481425,0.11737919070326067,0.0939861498773098,0.006014248356223106,196.17188806223538,0.9237098693847656,0.7754794359207153,0.7591487765312195,0.12493173778057098,0.7195440530776978,0.48915231227874756,0.5572047233581543,0.7765325903892517,0.9696980714797974,0.9819999989122152,0.8203217508510138
pronking,0,action_space,0.0,3.0,0.0,0.5,1.0,0.10999999940395355,1.0,0.3700000047683716,0.0,0.0,ramp_up_trot_robustness,ramp_up,1.0,trotting,1000,0.7738072872161865,0.7738072872161865,0.9187537431716919,0.1419830471277237,0.07963649928569794,0.15996313095092773,1.2085293531417847,0.07963649928569794,0.01852717064321041,0.4897395372390747,0.40064382553100586,0.5297808647155762,0.6554378867149353,0.46469950675964355,0.5897054076194763,0.15996313095092773,0.08275017887353897,0.007347282953560352,0.0024799879174679518,0.3624669313430786,0.020656775683164597,182.56895446777344,127.24282836914062,33.980655670166016,39.20061492919922,479.19671630859375,0.054918285459280014,0.04883334040641785,0.7823789119720459,2.7173004150390625,1.1630001068115234,0.018375083804130554,0.02000007964670658,3.000000238418579,0.5,0.10914656519889832,0.36886125802993774,0.0,0.8829556703567505,0.7750089168548584,0.8605338335037231,0.5881204605102539,0.5423638820648193,0.8762773275375366,0.4912831783294678,0.22937773168087006,0.8504867553710938,0.5853147506713867,0.8643283843994141,0.983571469783783,0.9741733074188232,0.22637362778186798,0.28258877992630005,1.0,0.01900000125169754,0.0020000000949949026,0.017000000923871994,1.163,0.6727247164358072,1.5285475751735706,0.136114549711669,0.6329643161592965,0.8095911849291192,0.7679227875375729,0.28766330818082964,0.09913259237520375,0.09187541902065277,0.008124979212880135,198.7136986647965,0.9225287437438965,0.7742332816123962,0.8215640187263489,0.20616617798805237,0.6615726351737976,0.4843566119670868,0.5575994253158569,0.7833570241928101,0.9741733074188232,0.982999999076128,0.823654283506748
pronking,0,action_space,0.0,3.0,0.0,0.5,1.0,0.10999999940395355,1.0,0.3700000047683716,1.0,0.03999999910593033,ramp_up_trot_robustness,ramp_up,1.0,trotting,1000,0.7531272172927856,0.7531272172927856,0.9308262467384338,0.12178483605384827,0.08016960322856903,0.14066600799560547,1.4641423225402832,0.08016960322856903,0.02380342036485672,0.48163220286369324,0.382490873336792,0.5334731340408325,0.6396377682685852,0.44655126333236694,0.5311554670333862,0.14066600799560547,0.053324826061725616,0.004460559692233801,0.0034378620330244303,0.3802645802497864,0.018280155956745148,177.47608947753906,119.64775085449219,33.921539306640625,38.906089782714844,332.7832946777344,0.053267672657966614,0.05716666951775551,0.8323493003845215,3.03652286529541,1.1579999923706055,0.01861651986837387,0.02000007964670658,3.000000238418579,0.5,0.10918474942445755,0.3689121603965759,0.038912639021873474,0.8987176418304443,0.8001991510391235,0.8831237554550171,0.5950145721435547,0.5248146653175354,0.8920096158981323,0.4104435443878174,0.23080947995185852,0.8520897626876831,0.578496515750885,0.8648056983947754,0.9844361543655396,0.9726066589355469,0.11198017001152039,0.17370504140853882,1.0,0.018000001087784767,0.003000000026077032,0.015000000596046448,1.158,0.7187817298480678,1.619324938033893,0.15428357127334302,0.6184584653287495,0.7997735731246596,0.7288041348904287,0.23092168815796757,0.08887306524059037,0.09308259934186935,0.006917798891663551,190.66511080817278,0.9423993229866028,0.8204771280288696,0.8538767099380493,0.14367367327213287,0.6937780976295471,0.4674190282821655,0.5191547274589539,0.7513878345489502,0.9726066589355469,0.9849999994039536,0.8372020583886366
pronking,0,action_space,1.0,3.4000000953674316,0.0,0.5,-1.0,0.04999999701976776,-1.0,0.2900000214576721,-1.0,-0.03999999910593033,ramp_up_trot_robustness,ramp_up,1.0,trotting,1000,0.7319554090499878,0.7319554090499878,0.8763450980186462,0.15089036524295807,0.08243445307016373,0.1424059122800827,1.46869695186615,0.08243445307016373,0.015796657651662827,0.4382854700088501,0.33492010831832886,0.5745095610618591,0.7188811302185059,0.39499354362487793,0.4790229797363281,0.1424059122800827,0.05287017673254013,0.0087107103317976,0.0028431289829313755,0.3610808551311493,0.025640666484832764,165.0452880859375,113.2444076538086,35.191017150878906,37.71479034423828,552.829345703125,0.042601704597473145,0.05183333903551102,0.8649215698242188,2.6297974586486816,1.2990000247955322,0.01752689853310585,0.02000007964670658,3.3892576694488525,0.5,0.050806399434804916,0.2910752296447754,-0.03892473131418228,0.8737088441848755,0.8009040951728821,0.8257094621658325,0.6471449136734009,0.47500982880592346,0.8957697153091431,0.3919054865837097,0.27207088470458984,0.8340023756027222,0.5898520350456238,0.1350811868906021,0.9844361543655396,0.9700003862380981,0.05858973041176796,0.12251723557710648,1.0,0.018000001087784767,0.007000000216066837,0.010999999940395355,1.299,0.6658364663773816,1.4228415764811542,0.12568475504874418,0.5787228251229848,0.8478685807473384,0.6921148602192617,0.229935157669592,0.10748878692556249,0.08763449266552925,0.012365905568003654,188.3336695316641,0.9129523634910583,0.81644606590271,0.7936785221099854,0.16785915195941925,0.5988085865974426,0.48570117354393005,0.6028302907943726,0.7716943621635437,0.9700003862380981,0.9890000000596046,0.8143119120445007
pronking,0,action_space,1.0,3.4000000953674316,0.0,0.5,-1.0,0.04999999701976776,-1.0,0.2900000214576721,0.0,0.0,ramp_up_trot_robustness,ramp_up,1.0,trotting,1000,0.7474986910820007,0.7474986910820007,0.9115481376647949,0.12121293693780899,0.07918094098567963,0.1582692563533783,1.5001208782196045,0.07918094098567963,0.01759759709239006,0.44415777921676636,0.338376522064209,0.5569577217102051,0.733689546585083,0.356564462184906,0.3101330101490021,0.1582692563533783,0.07464243471622467,0.005685166455805302,0.002757505513727665,0.34009942412376404,0.016427231952548027,164.50213623046875,107.80339050292969,34.76303482055664,38.1776123046875,468.5660095214844,0.046449191868305206,0.05375000089406967,0.9055107831954956,2.8001646995544434,1.3100000619888306,0.018230965360999107,0.02000007964670658,3.3892111778259277,0.5,0.05080990493297577,0.2910798490047455,0.0,0.8950145840644836,0.7765425443649292,0.8713401556015015,0.6710121631622314,0.5081387162208557,0.8789330720901489,0.38127976655960083,0.2589362859725952,0.8487086892127991,0.608593225479126,0.13512492179870605,0.9844361543655396,0.972634494304657,0.11189129948616028,0.17276765406131744,1.0,0.018000001087784767,0.004000000189989805,0.014000000432133675,1.31,0.6912295741889313,1.4620294769381597,0.13265593500627879,0.58170140283844,0.856556797057313,0.5568958701130778,0.2732076768984076,0.09188401367775009,0.09115482680499554,0.008845571428537369,180.46456290491747,0.9429233074188232,0.7784180045127869,0.8446326851844788,0.15691158175468445,0.7199707627296448,0.5065162777900696,0.5860310196876526,0.7643343210220337,0.972634494304657,0.9859999995678663,0.8449684376708971
pronking,0,action_space,1.0,3.4000000953674316,0.0,0.5,-1.0,0.04999999701976776,-1.0,0.2900000214576721,1.0,0.03999999910593033,ramp_up_trot_robustness,ramp_up,1.0,trotting,1000,0.7465417385101318,0.7465417385101318,0.9186224937438965,0.1255388855934143,0.07507888972759247,0.1497306227684021,1.3102545738220215,0.07507888972759247,0.018022343516349792,0.4373610019683838,0.333962619304657,0.514178991317749,0.6840534806251526,0.37406015396118164,0.40602055191993713,0.1497306227684021,0.06081059202551842,0.003736348357051611,0.0020628031343221664,0.3221744894981384,0.01459571160376072,148.3936767578125,94.52934265136719,33.48509979248047,36.4095573425293,368.6943054199219,0.04646863415837288,0.0638333410024643,0.700131893157959,2.0791802406311035,1.2990000247955322,0.01837245002388954,0.02000007964670658,3.3892111778259277,0.5,0.050809916108846664,0.29107987880706787,0.038920044898986816,0.9012010097503662,0.7807049751281738,0.9048234224319458,0.6512113809585571,0.5287492871284485,0.8829647898674011,0.41804033517837524,0.25956737995147705,0.8502676486968994,0.6198784708976746,0.13512492179870605,0.9844361543655396,0.9699870347976685,0.058622680604457855,0.12286357581615448,1.0,0.018000001087784767,0.005000000353902578,0.013000000268220901,1.299,0.5389775958219063,1.2651484486866367,0.13424732219433574,0.5778949898594528,0.8270752569295932,0.6371974198942877,0.24659803735131067,0.07615216012283418,0.09186225011944771,0.008138148114085197,161.5393458884573,0.9389058947563171,0.7991611957550049,0.8904903531074524,0.18811506032943726,0.7468326091766357,0.5250042080879211,0.6702194213867188,0.726754367351532,0.9699870347976685,0.9869999997317791,0.8634860880481892
pronking,0,action_space,1.0,3.4000000953674316,0.0,0.5,-1.0,0.04999999701976776,0.0,0.33000001311302185,-1.0,-0.03999999910593033,ramp_up_trot_robustness,ramp_up,1.0,trotting,1000,0.7395778894424438,0.7395778894424438,0.9060232639312744,0.12540435791015625,0.07148230075836182,0.14081647992134094,1.6650913953781128,0.07148230075836182,0.01400400698184967,0.4398863911628723,0.34484654664993286,0.5292796492576599,0.6434273719787598,0.37734031677246094,0.3785021901130676,0.14081647992134094,0.05210330709815025,0.008572397753596306,0.0022187817376106977,0.3593376874923706,0.023684930056333542,162.8643798828125,112.07870483398438,34.32574462890625,38.19007873535156,565.6005249023438,0.0439586378633976,0.055750004947185516,0.7646912336349487,2.230471134185791,1.3100000619888306,0.01812046766281128,0.02000007964670658,3.389211416244507,0.5,0.05080990865826607,0.33000147342681885,-0.0389200858771801,0.8965505361557007,0.8032780885696411,0.8279389142990112,0.655898928642273,0.5261504650115967,0.8982547521591187,0.34712421894073486,0.270000696182251,0.8356794118881226,0.591640293598175,0.1351248174905777,0.9844361543655396,0.9726345539093018,0.11189119517803192,0.17276689410209656,1.0,0.018000001087784767,0.0020000000949949026,0.01600000075995922,1.31,0.5837337115338741,1.3048562236630716,0.1183385270393783,0.5872363635282924,0.802139247249977,0.6152253165410764,0.228261488425337,0.10388060209301352,0.0906023383140564,0.009398059919476509,179.75739295714865,0.9390326738357544,0.8201296925544739,0.8058774471282959,0.14296269416809082,0.6226949095726013,0.4873974621295929,0.6533368825912476,0.7567290663719177,0.9726345539093018,0.9839999992400408,0.8284787830825036
pronking,0,action_space,1.0,3.4000000953674316,0.0,0.5,-1.0,0.04999999701976776,0.0,0.33000001311302185,0.0,0.0,ramp_up_trot_robustness,ramp_up,1.0,trotting,1000,0.7622886896133423,0.7622886896133423,0.8784420490264893,0.15034407377243042,0.07708697766065598,0.16428467631340027,1.4243993759155273,0.07708697766065598,0.014718078076839447,0.43784475326538086,0.3406074047088623,0.5492650866508484,0.6769554615020752,0.3800587058067322,0.36001813411712646,0.16428467631340027,0.0585390143096447,0.005653813015669584,0.0026452038437128067,0.35131940245628357,0.020372729748487473,161.94696044921875,110.10189819335938,34.246971130371094,37.714820861816406,434.47991943359375,0.04395905137062073,0.053583335131406784,0.7576030492782593,2.148162841796875,1.312000036239624,0.017568834125995636,0.02000007964670658,3.3894524574279785,0.5,0.05079180747270584,0.33000147342681885,0.0,0.8778140544891357,0.7603200674057007,0.8730143308639526,0.6562719345092773,0.5182511806488037,0.8706254959106445,0.3927757740020752,0.27002090215682983,0.8354653716087341,0.5957387685775757,0.13489869236946106,0.9853007793426514,0.9765260219573975,0.22453701496124268,0.2777141332626343,1.0,0.017000000923871994,0.0020000000949949026,0.015000000596046448,1.312,0.5774413318168826,1.2795777581587011,0.12131808635500087,0.5836158023124993,0.8227730315840908,0.6000151115739724,0.2419483711655127,0.091098939946535,0.08784417062997818,0.012156227603554726,184.3570223314017,0.9135534763336182,0.7634599804878235,0.847062885761261,0.17928814888000488,0.6653416752815247,0.49527662992477417,0.6640951633453369,0.7649714946746826,0.9765260219573975,0.9849999994039536,0.8341779769995273
pronking,0,action_space,1.0,3.4000000953674316,0.0,0.5,-1.0,0.04999999701976776,0.0,0.33000001311302185,1.0,0.03999999910593033,ramp_up_trot_robustness,ramp_up,1.0,trotting,1000,0.7468776106834412,0.7468776106834412,0.8904526233673096,0.14388611912727356,0.06917741894721985,0.1613156497478485,1.4380018711090088,0.06917741894721985,0.01256884541362524,0.43107953667640686,0.3377721309661865,0.5259277820587158,0.6135966777801514,0.3812514841556549,0.3607668876647949,0.1613156497478485,0.06053685024380684,0.003773856908082962,0.002166840247809887,0.35741475224494934,0.018091239035129547,158.18443298339844,107.7764892578125,34.073699951171875,36.92364501953125,519.1096801757812,0.04409924894571304,0.051500000059604645,0.6778032779693604,1.8609343767166138,1.309000015258789,0.017809053882956505,0.02000007964670658,3.3892128467559814,0.5,0.050809815526008606,0.33000147342681885,0.038920216262340546,0.8845083713531494,0.7697886228561401,0.911162257194519,0.6433243751525879,0.5227166414260864,0.8789725303649902,0.372383713722229,0.2735942006111145,0.8340909481048584,0.593058705329895,0.13512356579303741,0.9844361543655396,0.9726345539093018,0.11188971996307373,0.17275704443454742,1.0,0.018000001087784767,0.003000000026077032,0.015000000596046448,1.309,0.5178023091338808,1.1923278828057422,0.11211086215717565,0.5811816677822749,0.7833241205147148,0.600638733070716,0.24604237489466493,0.0770759181320135,0.08904526941478252,0.010955128818750381,177.64497383949842,0.9205234050750732,0.7708762884140015,0.8879730105400085,0.18463419377803802,0.6964043974876404,0.4892755150794983,0.700884997844696,0.7729816436767578,0.9726345539093018,0.9849999994039536,0.8494723225251223
pronking,0,action_space,1.0,3.4000000953674316,0.0,0.5,-1.0,0.04999999701976776,1.0,0.3700000047683716,-1.0,-0.03999999910593033,ramp_up_trot_robustness,ramp_up,1.0,trotting,1000,0.741394579410553,0.741394579410553,0.8847201466560364,0.14987507462501526,0.0724484920501709,0.15270386636257172,1.1929152011871338,0.0724484920501709,0.014844434335827827,0.44504988193511963,0.36142683029174805,0.5290914177894592,0.6334044337272644,0.4019114077091217,0.41237056255340576,0.15270386636257172,0.05758661776781082,0.007997951470315456,0.002194245345890522,0.3694494366645813,0.02360268123447895,169.85516357421875,123.326171875,34.26277542114258,37.691062927246094,539.881591796875,0.04463537782430649,0.05816666781902313,0.7006711959838867,1.9649581909179688,1.3040001392364502,0.01769440807402134,0.02000007964670658,3.3887405395507812,0.5,0.0508451834321022,0.3688725233078003,-0.03887301683425903,0.8712247610092163,0.7764045000076294,0.8439408540725708,0.6456564664840698,0.5193350911140442,0.8770923018455505,0.4929470717906952,0.2765040993690491,0.8289271593093872,0.5803916454315186,0.13556593656539917,0.9835715293884277,0.9684208035469055,0.05950920283794403,0.12574131786823273,1.0,0.01900000125169754,0.003000000026077032,0.01600000075995922,1.304,0.5373244958421204,1.2275461856455836,0.12183773773272313,0.6011878494212504,0.7958670955173762,0.6421608541116515,0.23997211873009502,0.10095641047603653,0.0884720403701067,0.011528357863426208,191.9874484787283,0.9140681624412537,0.7920072674751282,0.8155896663665771,0.2254168540239334,0.6237200498580933,0.4776395559310913,0.6861099004745483,0.7476402521133423,0.9684208035469055,0.9839999992400408,0.8242208679708151
pronking,0,action_space,1.0,3.4000000953674316,0.0,0.5,-1.0,0.04999999701976776,1.0,0.3700000047683716,0.0,0.0,ramp_up_trot_robustness,ramp_up,1.0,trotting,1000,0.7478958368301392,0.7478958368301392,0.928523063659668,0.12518031895160675,0.07595489919185638,0.16183218359947205,1.5249394178390503,0.07595489919185638,0.016266535967588425,0.4391171932220459,0.3333384692668915,0.4902319610118866,0.5649688243865967,0.3615565896034241,0.3651416003704071,0.16183218359947205,0.06575830280780792,0.005850981455296278,0.002558476058766246,0.3383975028991699,0.022971658036112785,162.01515197753906,107.18345642089844,34.50160598754883,37.267173767089844,435.9626770019531,0.045851223170757294,0.048750001937150955,0.7746528387069702,2.1300954818725586,1.315000057220459,0.018570462241768837,0.02000007964670658,3.3892109394073486,0.5,0.05080992728471756,0.36891964077949524,0.0,0.9006488919258118,0.7727653980255127,0.871975839138031,0.6642495393753052,0.5685359239578247,0.8773753643035889,0.3772611916065216,0.26684361696243286,0.8500568270683289,0.610352635383606,0.13512490689754486,0.9844361543655396,0.972634494304657,0.11189129948616028,0.17276757955551147,1.0,0.018000001087784767,0.004000000189989805,0.014000000432133675,1.315,0.5890895596928469,1.272731101019153,0.12754033074909452,0.5773547170214265,0.7516440809230102,0.6042694766165234,0.256433817597851,0.09170309435380315,0.09285231120884418,0.007148087024688721,174.48694417882822,0.9392435550689697,0.7695906162261963,0.8451939225196838,0.15719468891620636,0.6316415667533875,0.5082433223724365,0.6670027375221252,0.7836835384368896,0.972634494304657,0.9859999995678663,0.8377852198214104
pronking,0,action_space,1.0,3.4000000953674316,0.0,0.5,-1.0,0.04999999701976776,1.0,0.3700000047683716,1.0,0.03999999910593033,ramp_up_trot_robustness,ramp_up,1.0,trotting,1000,0.7519668936729431,0.7519668936729431,0.9032626152038574,0.13325686752796173,0.07411951571702957,0.1429886817932129,1.2728952169418335,0.07411951571702957,0.01615770347416401,0.4546211063861847,0.3616899847984314,0.47312259674072266,0.5670658946037292,0.37751147150993347,0.37895965576171875,0.1429886817932129,0.05677531659603119,0.003502967767417431,0.0021281668450683355,0.32722294330596924,0.018819661810994148,156.10879516601562,101.69793701171875,34.27503204345703,36.576446533203125,408.9013977050781,0.045484647154808044,0.04450000450015068,0.753291666507721,2.1032702922821045,1.3020000457763672,0.01806524768471718,0.02000007964670658,3.3887407779693604,0.5,0.0508451946079731,0.36887258291244507,0.03887300193309784,0.8934788703918457,0.807153582572937,0.9190642833709717,0.6648664474487305,0.5803802013397217,0.8964844346046448,0.4501255750656128,0.25988563895225525,0.8572655916213989,0.6200364828109741,0.13556590676307678,0.9835715293884277,0.9684207439422607,0.05950920283794403,0.12574128806591034,0.9998000264167786,0.01900000125169754,0.0020000000949949026,0.017000000923871994,1.302,0.5785649969098022,1.270989751751264,0.12711295557166472,0.6014066717275686,0.7530377776736896,0.6155969913520686,0.23827571549788953,0.0750408862719902,0.09032623842358589,0.009674159809947014,172.82769433647314,0.9314343333244324,0.8150892853736877,0.8934876918792725,0.20269572734832764,0.6863324046134949,0.5197299718856812,0.6677417755126953,0.8005149960517883,0.9684207439422607,0.982999999076128,0.853374294172495
pronking,0,action_space,1.0,3.4000000953674316,0.0,0.5,0.0,0.07999999821186066,-1.0,0.2900000214576721,-1.0,-0.03999999910593033,ramp_up_trot_robustness,ramp_up,1.0,trotting,1000,0.7449936866760254,0.7449936866760254,0.9100832939147949,0.12995444238185883,0.07881806045770645,0.14109760522842407,1.3397809267044067,0.07881806045770645,0.019684426486492157,0.4353068470954895,0.3388555645942688,0.57630455493927,0.6663272976875305,0.3745242655277252,0.4850427508354187,0.14109760522842407,0.05214808136224747,0.008896023035049438,0.002586115151643753,0.36918461322784424,0.01960764452815056,181.78024291992188,127.08424377441406,34.069793701171875,36.94013595581055,404.268310546875,0.047254763543605804,0.04783333092927933,0.8540157079696655,2.7838058471679688,1.3050000667572021,0.018201671540737152,0.02000007964670658,3.3892111778259277,0.5,0.08000031858682632,0.2910798490047455,-0.038920044898986816,0.8935684561729431,0.7992609739303589,0.8200018405914307,0.6670382022857666,0.475497305393219,0.8940309286117554,0.425321102142334,0.2748265862464905,0.8311426043510437,0.5804521441459656,0.5,0.9844361543655396,0.972634494304657,0.11189126968383789,0.17276760935783386,1.0,0.018000001087784767,0.003000000026077032,0.015000000596046448,1.305,0.6544181502185106,1.4605425077368102,0.14030119916270195,0.5821130170287113,0.8162887342647395,0.6964501064939388,0.22835954405771497,0.10715473945044704,0.09100835770368576,0.008992040529847145,199.74022612587453,0.9346785545349121,0.8194799423217773,0.7948175072669983,0.1766703873872757,0.6756008267402649,0.47789260745048523,0.586668074131012,0.7872836589813232,0.972634494304657,0.9849999994039536,0.8273866703877082
pronking,0,action_space,1.0,3.4000000953674316,0.0,0.5,0.0,0.07999999821186066,-1.0,0.2900000214576721,0.0,0.0,ramp_up_trot_robustness,ramp_up,1.0,trotting,1000,0.7691143751144409,0.7691143751144409,0.9034165143966675,0.13542641699314117,0.07334387302398682,0.1367286741733551,1.376081109046936,0.07334387302398682,0.015939023345708847,0.43154722452163696,0.3347693681716919,0.5946739315986633,0.7244222164154053,0.39459043741226196,0.45910412073135376,0.1367286741733551,0.04854851961135864,0.006766034290194511,0.0027698585763573647,0.35274893045425415,0.018991729244589806,168.23947143554688,115.24267578125,34.351593017578125,37.73134994506836,494.25433349609375,0.04748988896608353,0.04266666620969772,0.8644313812255859,2.766643524169922,1.3130000829696655,0.018068330362439156,0.02000007964670658,3.388612747192383,0.5,0.08000031858682632,0.29113975167274475,0.0,0.8900089263916016,0.8156049251556396,0.8608995676040649,0.6452531814575195,0.48637068271636963,0.9008780121803284,0.4271607995033264,0.27133119106292725,0.84320068359375,0.5916915535926819,0.5,0.9835715293884277,0.9741724729537964,0.22639894485473633,0.28276917338371277,1.0,0.018000001087784767,0.007000000216066837,0.010999999940395355,1.313,0.6583635456582017,1.4515909161608884,0.12624984493340516,0.5785925752822031,0.8511299644680624,0.6775722254722029,0.220337286021587,0.09765189637970108,0.09034165181219578,0.009658746421337128,186.22580919710435,0.9292650818824768,0.8294874429702759,0.8263657093048096,0.18362465500831604,0.68397456407547,0.4938626289367676,0.5905038714408875,0.8078867793083191,0.9741724729537964,0.9890000000596046,0.8356195470461479
pronking,0,action_space,1.0,3.4000000953674316,0.0,0.5,0.0,0.07999999821186066,-1.0,0.2900000214576721,1.0,0.03999999910593033,ramp_up_trot_robustness,ramp_up,1.0,trotting,1000,0.7555263042449951,0.7555263042449951,0.898540198802948,0.13382050395011902,0.07500940561294556,0.15033182501792908,1.3621301651000977,0.07500940561294556,0.016732150688767433,0.41865813732147217,0.31349557638168335,0.6104840040206909,0.8466038703918457,0.39010143280029297,0.3898717761039734,0.15033182501792908,0.05703359842300415,0.003581525757908821,0.0028625261038541794,0.37333279848098755,0.022114688530564308,175.14865112304688,124.27449798583984,33.90452575683594,36.734466552734375,584.0037231445312,0.04724458232522011,0.046833336353302,0.8343748450279236,2.578859806060791,1.2950000762939453,0.017970792949199677,0.02000007964670658,3.38861083984375,0.5,0.08000031858682632,0.2911399006843567,0.03886006772518158,0.8898755311965942,0.8007432818412781,0.9046568870544434,0.6359325647354126,0.460695743560791,0.8920007944107056,0.44930028915405273,0.278944194316864,0.8344606757164001,0.575385570526123,0.5,0.9835715293884277,0.9711141586303711,0.11306753754615784,0.1773255467414856,1.0,0.01900000125169754,0.003000000026077032,0.01600000075995922,1.295,0.6443048779108349,1.411168869350284,0.1293528147694028,0.5599067568637508,0.9201107924548249,0.6243971301215064,0.23881708151429235,0.08027485198842163,0.08985396474599838,0.010146433487534523,194.92578223699192,0.930873692035675,0.7977208495140076,0.8790785074234009,0.18327397108078003,0.6425608396530151,0.4739442467689514,0.6078364849090576,0.7912299036979675,0.9711141586303711,0.9839999992400408,0.837258868970168
pronking,0,action_space,1.0,3.4000000953674316,0.0,0.5,0.0,0.07999999821186066,0.0,0.33000001311302185,-1.0,-0.03999999910593033,ramp_up_trot_robustness,ramp_up,1.0,trotting,1000,0.7571257948875427,0.7571257948875427,0.9265142679214478,0.1274794638156891,0.07148608565330505,0.13449090719223022,1.669491171836853,0.07148608565330505,0.014876235276460648,0.42747464776039124,0.32551810145378113,0.5451313853263855,0.8104618191719055,0.37845394015312195,0.3956175446510315,0.13449090719223022,0.05350689962506294,0.010729406028985977,0.002328659873455763,0.3524969518184662,0.0181783027946949,172.07659912109375,119.53987121582031,32.914649963378906,35.27360153198242,395.6101379394531,0.0489933006465435,0.04933333769440651,0.7660677433013916,2.543527126312256,1.3050000667572021,0.018530284985899925,0.02000007964670658,3.3892111778259277,0.5,0.08000031858682632,0.33000147342681885,-0.03892005607485771,0.8974655270576477,0.8111258745193481,0.7986065149307251,0.6542810797691345,0.5211020708084106,0.901979386806488,0.3464534282684326,0.27456629276275635,0.849911093711853,0.5916659832000732,0.5,0.9844361543655396,0.975531816482544,0.22511135041713715,0.2785264253616333,1.0,0.018000001087784767,0.003000000026077032,0.015000000596046448,1.305,0.5870250950371169,1.3960883655761644,0.12196817321113179,0.5705419366302368,0.9002565296469143,0.6289813547721677,0.23131558448375877,0.1142718946304897,0.09265142492949963,0.007348973304033279,185.7247158288585,0.9370636343955994,0.834537148475647,0.7701566815376282,0.13987363874912262,0.695192813873291,0.4941115975379944,0.6143038272857666,0.7814010977745056,0.975531816482544,0.9849999994039536,0.8296819810683911
pronking,0,action_space,1.0,3.4000000953674316,0.0,0.5,0.0,0.07999999821186066,0.0,0.33000001311302185,0.0,0.0,ramp_up_trot_robustness,ramp_up,1.0,trotting,1000,0.8001135587692261,0.8001135587692261,0.9314354658126831,0.1104530394077301,0.07844777405261993,0.14142246544361115,1.665295124053955,0.07844777405261993,0.019350286573171616,0.4322039484977722,0.3328566551208496,0.5446068048477173,0.7824033498764038,0.37450525164604187,0.3817286491394043,0.14142246544361115,0.059713345021009445,0.006206138525158167,0.0025542699731886387,0.3445492088794708,0.0168345607817173,173.32000732421875,117.15758514404297,34.298728942871094,37.11540985107422,587.5901489257812,0.047248829156160355,0.04866667091846466,0.9508466720581055,3.128523111343384,1.319000005722046,0.018628712743520737,0.02000007964670658,3.3892107009887695,0.5,0.08000031858682632,0.33000147342681885,0.0,0.9082298278808594,0.8092989921569824,0.864273190498352,0.6603743433952332,0.5263179540634155,0.8974924683570862,0.31468304991722107,0.2694339156150818,0.8513467311859131,0.5994213223457336,0.5,0.9844361543655396,0.9787118434906006,0.46916037797927856,0.5060045719146729,1.0,0.018000001087784767,0.006000000052154064,0.012000000104308128,1.319,0.7208844720639452,1.5400941626191886,0.1391053074946158,0.576937306057469,0.8845356690809048,0.6178419289263268,0.24436314169900797,0.09359705389779534,0.09314356371760368,0.006856834515929222,186.078385122469,0.9523720741271973,0.8187282085418701,0.8392822742462158,0.1284390389919281,0.7141293287277222,0.5020284652709961,0.5526819825172424,0.784010112285614,0.9787118434906006,0.9879999998956919,0.845262204320767
pronking,0,action_space,1.0,3.4000000953674316,0.0,0.5,0.0,0.07999999821186066,0.0,0.33000001311302185,1.0,0.03999999910593033,ramp_up_trot_robustness,ramp_up,1.0,trotting,1000,0.7700561881065369,0.7700561881065369,0.8972948789596558,0.13269805908203125,0.07860572636127472,0.15654920041561127,1.4623517990112305,0.07860572636127472,0.01809273473918438,0.43039900064468384,0.3278743326663971,0.5108678340911865,0.7179279327392578,0.360282301902771,0.33510440587997437,0.15654920041561127,0.07090020924806595,0.0031681926921010017,0.0021755618508905172,0.3372218608856201,0.025782499462366104,167.00143432617188,117.97016143798828,33.40381622314453,36.059593200683594,425.1593933105469,0.047349050641059875,0.04983333498239517,0.7419471740722656,2.258769989013672,1.3070001602172852,0.017945893108844757,0.02000007964670658,3.3895950317382812,0.5,0.08000031858682632,0.33000147342681885,0.03895844891667366,0.8912180662155151,0.7955784797668457,0.9207297563552856,0.6577051877975464,0.5522915124893188,0.8926621675491333,0.3684496283531189,0.2657264769077301,0.8561019897460938,0.6049857139587402,0.5,0.9853007793426514,0.9767519235610962,0.22422175109386444,0.2769303321838379,1.0,0.017000000923871994,0.0010000000474974513,0.01600000075995922,1.307,0.567671877241536,1.3146138807046845,0.13450923663148334,0.5726031196792392,0.847306280361038,0.5788820310563927,0.2662709320374005,0.07310098865946697,0.08972946554422379,0.01027093268930912,186.11655793666978,0.9319882392883301,0.7826446294784546,0.8986378908157349,0.16134563088417053,0.5971123576164246,0.5094397068023682,0.6491753458976746,0.7794500589370728,0.9767519235610962,0.9839999992400408,0.8400290727806398
pronking,0,action_space,1.0,3.4000000953674316,0.0,0.5,0.0,0.07999999821186066,1.0,0.3700000047683716,-1.0,-0.03999999910593033,ramp_up_trot_robustness,ramp_up,1.0,trotting,1000,0.7376553416252136,0.7376553416252136,0.9378722310066223,0.13253851234912872,0.08079352974891663,0.16056641936302185,1.5919368267059326,0.08079352974891663,0.01705378293991089,0.4471058249473572,0.3479384779930115,0.5389044284820557,0.8380417823791504,0.4073987603187561,0.46086639165878296,0.16056641936302185,0.06636511534452438,0.010176804848015308,0.0024374595377594233,0.35590851306915283,0.01588873378932476,179.82003784179688,124.9940185546875,34.26849365234375,37.123451232910156,418.3450012207031,0.04715797305107117,0.05025000125169754,0.8906772136688232,2.8387508392333984,1.3020000457763672,0.018757428973913193,0.02000007964670658,3.3886213302612305,0.5,0.08000031858682632,0.3688606321811676,-0.03886105492711067,0.8870535492897034,0.7767620086669922,0.8038108348846436,0.6356436014175415,0.5330440998077393,0.8810546398162842,0.3455594778060913,0.27191856503486633,0.851179301738739,0.591320812702179,0.5,0.9835715293884277,0.9711146354675293,0.113056480884552,0.17724673449993134,1.0,0.01900000125169754,0.0020000000949949026,0.017000000923871994,1.302,0.6840838126140073,1.4765839932826408,0.13059013339418446,0.5898631010607559,0.9154462203642278,0.678871410252916,0.25761427628243816,0.11231324225475255,0.09378714486956596,0.006213253363966942,191.73191389705104,0.9321460127830505,0.7727376222610474,0.7770230174064636,0.14471159875392914,0.727766752243042,0.4907516837120056,0.5797982811927795,0.7778279185295105,0.9711146354675293,0.982999999076128,0.8284695433118405
pronking,0,action_space,1.0,3.4000000953674316,0.0,0.5,0.0,0.07999999821186066,1.0,0.3700000047683716,0.0,0.0,ramp_up_trot_robustness,ramp_up,1.0,trotting,1000,0.7630808353424072,0.7630808353424072,0.9122467637062073,0.1347360461950302,0.08024628460407257,0.15355941653251648,1.5685772895812988,0.08024628460407257,0.018904484808444977,0.4288986325263977,0.3231343626976013,0.5302121639251709,0.7263205051422119,0.3844585716724396,0.37747424840927124,0.15355941653251648,0.06134939193725586,0.005151621997356415,0.0026760161854326725,0.37044888734817505,0.022892042994499207,173.51162719726562,121.29835510253906,34.493995666503906,36.92523193359375,470.9193420410156,0.04676590487360954,0.05666666477918625,0.8970663547515869,2.8480277061462402,1.3100000619888306,0.018244922161102295,0.02000007964670658,3.3892123699188232,0.5,0.08000031858682632,0.36891970038414,0.0,0.8893937468528748,0.7799923419952393,0.8834484219551086,0.6542317271232605,0.5391528606414795,0.8808470964431763,0.3608076274394989,0.2783010005950928,0.8409799337387085,0.5819992423057556,0.5,0.9844361543655396,0.975531816482544,0.22510926425457,0.2785121202468872,1.0,0.018000001087784767,0.004999999888241291,0.013000000268220901,1.31,0.6847834230379294,1.4744716594829215,0.13749358097178566,0.568449085404842,0.8522443928487954,0.6143893296674928,0.24768809405632694,0.08847394069888086,0.09122461080551147,0.008775787428021431,190.2025132896451,0.9299585819244385,0.7899347543716431,0.8550863862037659,0.14274907112121582,0.6326481699943542,0.4766857624053955,0.5807024836540222,0.7532686591148376,0.975531816482544,0.9869999997317791,0.8303883845607439
pronking,0,action_space,1.0,3.4000000953674316,0.0,0.5,0.0,0.07999999821186066,1.0,0.3700000047683716,1.0,0.03999999910593033,ramp_up_trot_robustness,ramp_up,1.0,trotting,1000,0.7509243488311768,0.7509243488311768,0.9156758785247803,0.1304071545600891,0.08554334938526154,0.16234195232391357,1.4957236051559448,0.08554334938526154,0.020144805312156677,0.442752480506897,0.3468371331691742,0.5149685144424438,0.6707472801208496,0.3886979818344116,0.4757711589336395,0.16234195232391357,0.06133004277944565,0.003857686184346676,0.0026428394485265017,0.3490184247493744,0.018357789143919945,174.72622680664062,119.15047454833984,33.8111686706543,36.129798889160156,448.8223571777344,0.0496528223156929,0.04775000363588333,0.855887770652771,2.7490968704223633,1.3050000667572021,0.01831352710723877,0.02000007964670658,3.388500452041626,0.5,0.08000031858682632,0.36884838342666626,0.03884902969002724,0.8959153890609741,0.7730076909065247,0.9110333323478699,0.6532649993896484,0.542797863483429,0.8771052360534668,0.3694646656513214,0.26585114002227783,0.853914737701416,0.5985363721847534,0.5,0.9827068448066711,0.9701945185661316,0.11349360644817352,0.17640483379364014,0.9998000264167786,0.020000001415610313,0.0020000000949949026,0.018000001087784767,1.305,0.6558526868564416,1.451408796312538,0.1419323969788317,0.5889288014430727,0.8189916239625712,0.6897616682113029,0.24764903145267023,0.08062583725378099,0.09156763553619385,0.008432762697339058,190.8166753154371,0.9342379570007324,0.7683199048042297,0.8780862092971802,0.14977522194385529,0.6927016973495483,0.49756112694740295,0.5905819535255432,0.787611722946167,0.9701945185661316,0.9819999989122152,0.8434387085338434
pronking,0,action_space,1.0,3.4000000953674316,0.0,0.5,1.0,0.10999999940395355,-1.0,0.2900000214576721,-1.0,-0.03999999910593033,ramp_up_trot_robustness,ramp_up,1.0,trotting,1000,0.7282525897026062,0.7282525897026062,0.9230125546455383,0.11687272787094116,0.07609216868877411,0.151569664478302,1.6879914999008179,0.07609216868877411,0.013912737369537354,0.42409372329711914,0.33242666721343994,0.5975906848907471,0.7881629467010498,0.3502626419067383,0.3399450182914734,0.151569664478302,0.06359875947237015,0.009482834488153458,0.0022730128839612007,0.36786776781082153,0.017494957894086838,187.00210571289062,132.8582763671875,33.52507781982422,36.6241455078125,342.995849609375,0.04995347931981087,0.05483333766460419,0.9910016059875488,3.7070441246032715,1.3050000667572021,0.018460262566804886,0.02000007964670658,3.3892111778259277,0.5,0.10919032990932465,0.2910798490047455,-0.03892005234956741,0.9070130586624146,0.79328852891922,0.8098474740982056,0.6725871562957764,0.4741138219833374,0.8877257704734802,0.31843453645706177,0.27741044759750366,0.8409339785575867,0.5782257318496704,0.8648751378059387,0.9844361543655396,0.9699869751930237,0.058622680604457855,0.12286361306905746,1.0,0.018000001087784767,0.004000000189989805,0.014000000432133675,1.305,0.7593881892061781,1.6854218170502269,0.11795226733529693,0.5765645386367774,0.8877854170355862,0.583048041152248,0.2521879447403665,0.10842438550489765,0.09230131283402443,0.007699085399508476,202.59974230221005,0.9468288421630859,0.7947452664375305,0.7904784083366394,0.13998132944107056,0.7047591209411621,0.4791528880596161,0.49156472086906433,0.7602053284645081,0.9699869751930237,0.9859999995678663,0.8267672114456313
pronking,0,action_space,1.0,3.4000000953674316,0.0,0.5,1.0,0.10999999940395355,-1.0,0.2900000214576721,0.0,0.0,ramp_up_trot_robustness,ramp_up,1.0,trotting,1000,0.7477806210517883,0.7477806210517883,0.9196516275405884,0.1325383335351944,0.07816323637962341,0.14017578959465027,1.4762887954711914,0.07816323637962341,0.016273096203804016,0.4254363179206848,0.3332883417606354,0.6131871938705444,0.7579582929611206,0.4037216901779175,0.49873852729797363,0.14017578959465027,0.05517653375864029,0.005833192728459835,0.0028418642468750477,0.3756284713745117,0.01862872578203678,195.236083984375,141.6804656982422,33.411949157714844,36.419410705566406,432.95416259765625,0.04950423538684845,0.04333333298563957,0.8971607685089111,3.067925214767456,1.311000108718872,0.018393022939562798,0.02000007964670658,3.3892109394073486,0.5,0.10919031500816345,0.2910798490047455,0.0,0.8908665180206299,0.8067522048950195,0.8700834512710571,0.6430190801620483,0.46421003341674805,0.8949321508407593,0.3979652523994446,0.2815799117088318,0.8363451361656189,0.5690460205078125,0.8648751974105835,0.9844361543655396,0.972634494304657,0.11189126968383789,0.17276765406131744,1.0,0.018000001087784767,0.0,0.018000001087784767,1.311,0.6843331087463053,1.5297519899966288,0.12756604643792963,0.5773113040298409,0.8706080018935736,0.7062142219595791,0.23489685770278046,0.09313998591010675,0.09196511469781399,0.008035283535718918,212.2935230446905,0.9321461915969849,0.8216074705123901,0.8407161831855774,0.1650097519159317,0.6889583468437195,0.4717731773853302,0.5570862293243408,0.8051983118057251,0.972634494304657,0.9819999989122152,0.833633672637053
pronking,0,action_space,1.0,3.4000000953674316,0.0,0.5,1.0,0.10999999940395355,-1.0,0.2900000214576721,1.0,0.03999999910593033,ramp_up_trot_robustness,ramp_up,1.0,trotting,1000,0.7403876185417175,0.7403876185417175,0.8955789804458618,0.13239239156246185,0.07483473420143127,0.145784392952919,1.4686541557312012,0.07483473420143127,0.017077701166272163,0.4265354871749878,0.32380905747413635,0.5905239582061768,0.8049681782722473,0.37970107793807983,0.32832688093185425,0.145784392952919,0.048710837960243225,0.004098228178918362,0.0029503218829631805,0.35606706142425537,0.018399007618427277,186.78512573242188,133.28854370117188,33.47602081298828,36.848236083984375,450.54754638671875,0.05102183669805527,0.05533333867788315,0.8834692239761353,3.1212923526763916,1.309000015258789,0.017911583185195923,0.02000007964670658,3.3892579078674316,0.5,0.109193816781044,0.291075199842453,0.03892473131418228,0.889240026473999,0.796858549118042,0.8981733918190002,0.637378454208374,0.4844706356525421,0.8913770318031311,0.3823329210281372,0.27499645948410034,0.8405729532241821,0.5820883512496948,0.8649188280105591,0.9844361543655396,0.9700003862380981,0.05858972668647766,0.12251719832420349,1.0,0.018000001087784767,0.0010000000474974513,0.017000000923871994,1.309,0.6749191109327254,1.5441781139541735,0.13068167877048475,0.5690422281993985,0.8972001885154992,0.5729981508974128,0.22070531928397927,0.08395564341890033,0.08955791592597961,0.010442482307553291,208.56354359660313,0.9322903752326965,0.8085353374481201,0.8685144782066345,0.16362006962299347,0.6921309232711792,0.49059608578681946,0.5509443283081055,0.7583072185516357,0.9700003862380981,0.982999999076128,0.8398746613126535
pronking,0,action_space,1.0,3.4000000953674316,0.0,0.5,1.0,0.10999999940395355,0.0,0.33000001311302185,-1.0,-0.03999999910593033,ramp_up_trot_robustness,ramp_up,1.0,trotting,1000,0.7373297214508057,0.7373297214508057,0.9390155673027039,0.11044362187385559,0.0752447098493576,0.13791704177856445,1.6331449747085571,0.0752447098493576,0.01776917278766632,0.4212196469306946,0.3215131461620331,0.6024313569068909,0.804903507232666,0.36965590715408325,0.3417528569698334,0.13791704177856445,0.04407963901758194,0.010243313387036324,0.002429542364552617,0.37636256217956543,0.01562640257179737,188.16331481933594,134.27432250976562,33.70745849609375,36.548622131347656,522.4356079101562,0.049425773322582245,0.059333331882953644,0.8648947477340698,2.9898223876953125,1.321000099182129,0.018780309706926346,0.02000007964670658,3.389211416244507,0.5,0.10919032990932465,0.33000147342681885,-0.03892003744840622,0.9020300507545471,0.8100408315658569,0.8020185232162476,0.6521696448326111,0.4773978590965271,0.898216187953949,0.33667129278182983,0.2836202085018158,0.837560772895813,0.5658849477767944,0.8648751378059387,0.9844361543655396,0.972634494304657,0.11189128458499908,0.17276757955551147,1.0,0.018000001087784767,0.005000000353902578,0.013000000268220901,1.321,0.6547272629488787,1.5044274858463111,0.1333010607147082,0.5670212925120476,0.8971641473179064,0.584596319668396,0.20995151587350339,0.11257377914767248,0.09390154853463173,0.0060988496989011765,200.38359466161975,0.9523800015449524,0.8267845511436462,0.7761130332946777,0.13689672946929932,0.7315950989723206,0.47108104825019836,0.5678911209106445,0.7432917356491089,0.972634494304657,0.9869999997317791,0.8348131926778036
pronking,0,action_space,1.0,3.4000000953674316,0.0,0.5,1.0,0.10999999940395355,0.0,0.33000001311302185,0.0,0.0,ramp_up_trot_robustness,ramp_up,1.0,trotting,1000,0.7689157724380493,0.7689157724380493,0.9263570308685303,0.11095232516527176,0.06861432641744614,0.1254989355802536,1.6228197813034058,0.06861432641744614,0.015620823949575424,0.42679375410079956,0.3300798535346985,0.537727415561676,0.6632224917411804,0.35979366302490234,0.35127753019332886,0.1254989355802536,0.03912968933582306,0.005172325298190117,0.002237903419882059,0.3660929203033447,0.014425244182348251,186.5731964111328,131.03018188476562,33.54118347167969,35.90943908691406,227.7130126953125,0.04960424080491066,0.04400000348687172,0.974959135055542,3.383571147918701,1.305999994277954,0.01852712407708168,0.02000007964670658,3.38861083984375,0.5,0.10914532840251923,0.33000147342681885,0.0,0.9073418974876404,0.8268995881080627,0.8822464346885681,0.6627448797225952,0.5196255445480347,0.9099655747413635,0.3660663068294525,0.27822035551071167,0.8509963154792786,0.5795944929122925,0.8643126487731934,0.9835715293884277,0.9741724729537964,0.2264009714126587,0.28278303146362305,1.0,0.01900000125169754,0.003000000026077032,0.01600000075995922,1.306,0.7465230524083557,1.6095929509602467,0.1249832946820311,0.5745257640303858,0.8143847320162507,0.5926867049237133,0.19781225779972045,0.08608268535583782,0.0926356203854084,0.007364777848124504,201.40527916780232,0.9519510269165039,0.8542769551277161,0.8622546792030334,0.14439015090465546,0.7493831515312195,0.4808567762374878,0.5232492089271545,0.8025187849998474,0.9741724729537964,0.9839999992400408,0.8506235271119155
pronking,0,action_space,1.0,3.4000000953674316,0.0,0.5,1.0,0.10999999940395355,0.0,0.33000001311302185,1.0,0.03999999910593033,ramp_up_trot_robustness,ramp_up,1.0,trotting,1000,0.7539830207824707,0.7539830207824707,0.9099913835525513,0.1321088969707489,0.0789860337972641,0.16224844753742218,1.4201205968856812,0.0789860337972641,0.016172321513295174,0.4264138340950012,0.33011311292648315,0.5268391966819763,0.6629341244697571,0.3958502411842346,0.46966010332107544,0.16224844753742218,0.07907172292470932,0.004085104912519455,0.002192465355619788,0.35668861865997314,0.018097519874572754,182.36654663085938,132.98023986816406,33.433685302734375,35.72254943847656,560.3140258789062,0.05038005858659744,0.04358333721756935,0.8365135192871094,2.893181800842285,1.3200000524520874,0.018199827522039413,0.02000007964670658,3.3886141777038574,0.5,0.10914558172225952,0.33000147342681885,0.038860417902469635,0.8916788697242737,0.7751647233963013,0.9108172655105591,0.6322008371353149,0.5315932631492615,0.8795043230056763,0.4086907207965851,0.27267318964004517,0.8512781262397766,0.5842262506484985,0.8643161058425903,0.9835715293884277,0.9711142182350159,0.11306361854076385,0.17729885876178741,1.0,0.01900000125169754,0.004000000189989805,0.015000000596046448,1.32,0.6337222937381629,1.4804743406086973,0.12717044276597914,0.5745547083842262,0.8142076666734089,0.6853175200745093,0.28119694686235364,0.07923111931646078,0.09099913761019707,0.009001260623335838,200.40469605207844,0.9325700402259827,0.7685531377792358,0.8820104002952576,0.17489543557167053,0.6963168978691101,0.4899865984916687,0.5781331658363342,0.8041924238204956,0.9711142182350159,0.9849999994039536,0.8435764129345232
pronking,0,action_space,1.0,3.4000000953674316,0.0,0.5,1.0,0.10999999940395355,1.0,0.3700000047683716,-1.0,-0.03999999910593033,ramp_up_trot_robustness,ramp_up,1.0,trotting,1000,0.7357193231582642,0.7357193231582642,0.9268172979354858,0.13878530263900757,0.07644927501678467,0.15561357140541077,1.3344218730926514,0.07644927501678467,0.018491804599761963,0.42420679330825806,0.3178985118865967,0.5680270195007324,0.7312635183334351,0.40868133306503296,0.46754175424575806,0.15561357140541077,0.053220439702272415,0.009264836087822914,0.002840029774233699,0.3771113455295563,0.02288062870502472,189.44692993164062,136.416015625,33.417869567871094,36.200347900390625,412.5155334472656,0.048497069627046585,0.046666670590639114,0.928505539894104,3.1702756881713867,1.3010001182556152,0.018536344170570374,0.02000007964670658,3.3892111778259277,0.5,0.10919031500816345,0.3689194917678833,-0.03892005980014801,0.882590651512146,0.7635068893432617,0.815735936164856,0.6293841004371643,0.49781370162963867,0.8717333078384399,0.4336269497871399,0.2876318097114563,0.8415178656578064,0.5681392550468445,0.8648751974105835,0.9844361543655396,0.9699870347976685,0.05862267687916756,0.12286361306905746,1.0,0.018000001087784767,0.004999999888241291,0.013000000268220901,1.301,0.7136860055065815,1.5610249571030865,0.13598457485965812,0.5638248947027762,0.8551394730296544,0.6837702496056391,0.23069555631236682,0.110022115331676,0.09268172085285187,0.007318677380681038,204.40590648625087,0.9258477687835693,0.784933865070343,0.7849797606468201,0.1819073110818863,0.632792592048645,0.4703761041164398,0.5437858700752258,0.7918895483016968,0.9699870347976685,0.9869999997317791,0.8137254552581372
pronking,0,action_space,1.0,3.4000000953674316,0.0,0.5,1.0,0.10999999940395355,1.0,0.3700000047683716,0.0,0.0,ramp_up_trot_robustness,ramp_up,1.0,trotting,1000,0.750975489616394,0.750975489616394,0.9032156467437744,0.14370805025100708,0.07441699504852295,0.15422481298446655,1.3327243328094482,0.07441699504852295,0.01183036994189024,0.4331322908401489,0.34327399730682373,0.5230399370193481,0.6105393171310425,0.40365737676620483,0.464638352394104,0.15422481298446655,0.05123719945549965,0.005634757690131664,0.0021613789722323418,0.3737826943397522,0.021097660064697266,188.06756591796875,136.86233520507812,34.03457260131836,36.14393615722656,540.90478515625,0.04747224226593971,0.05283334106206894,0.8657721281051636,2.944580554962158,1.3050000667572021,0.018064307048916817,0.02000007964670658,3.3892111778259277,0.5,0.10919032990932465,0.36891961097717285,0.0,0.8840740919113159,0.7799665331840515,0.8916764259338379,0.6345920562744141,0.5284043550491333,0.8837053775787354,0.4201473593711853,0.2780805826187134,0.8424150943756104,0.5738580226898193,0.8648751378059387,0.9844361543655396,0.972634494304657,0.11189128458499908,0.17276763916015625,1.0,0.018000001087784767,0.007000000216066837,0.010999999940395355,1.305,0.6634268925107759,1.502126351473214,0.10876750407125393,0.5858958928912403,0.78137015372424,0.6816438603802605,0.22635635501460888,0.08829573411192641,0.09032153524458408,0.009678862988948822,208.22000437656285,0.9207119941711426,0.7883186340332031,0.8556252717971802,0.20818425714969635,0.6557647585868835,0.4735179841518402,0.5688742399215698,0.7678455114364624,0.972634494304657,0.9890000000596046,0.8305266190033692
pronking,0,action_space,1.0,3.4000000953674316,0.0,0.5,1.0,0.10999999940395355,1.0,0.3700000047683716,1.0,0.03999999910593033,ramp_up_trot_robustness,ramp_up,1.0,trotting,1000,0.7425628900527954,0.7425628900527954,0.9102058410644531,0.1281094253063202,0.06972728669643402,0.14525681734085083,1.638636827468872,0.06972728669643402,0.014477989636361599,0.4196104109287262,0.320054292678833,0.5239353179931641,0.8103446364402771,0.3992565870285034,0.48198825120925903,0.14525681734085083,0.06954610347747803,0.0034308009780943394,0.001987994182854891,0.37663447856903076,0.023324821144342422,183.32077026367188,132.51144409179688,33.290802001953125,35.60671615600586,523.0361938476562,0.04913492500782013,0.03958333283662796,0.8627008199691772,2.7983603477478027,1.3000000715255737,0.01820412278175354,0.02000007964670658,3.389211416244507,0.5,0.10919032990932465,0.36891964077949524,0.03892003744840622,0.9001356363296509,0.8087642788887024,0.9230517148971558,0.642585039138794,0.546748161315918,0.9009357690811157,0.35135507583618164,0.2825057804584503,0.8479353189468384,0.567113995552063,0.8648751378059387,0.9844361543655396,0.9699869155883789,0.05862267315387726,0.12286356091499329,1.0,0.018000001087784767,0.0010000000474974513,0.017000000923871994,1.3,0.6636160043569711,1.4671689398350918,0.12032451801840553,0.5657334113156417,0.9001914443274148,0.694253736906946,0.2637159522620466,0.07361246607028751,0.0910206139087677,0.008979784324765205,201.40583810062657,0.9364603161811829,0.8097777366638184,0.8972902297973633,0.1454101800918579,0.6271958351135254,0.4708249270915985,0.5838295817375183,0.8204382061958313,0.9699869155883789,0.982999999076128,0.8384186994188871
trotting,1,action_space,-1.0,2.5999999046325684,0.0,0.5,-1.0,0.04999999701976776,-1.0,0.2900000214576721,-1.0,-0.03999999910593033,ramp_up_trot_robustness,ramp_up,1.0,trotting,1000,0.724082887172699,0.724082887172699,0.8979252576828003,0.14411726593971252,0.1049889475107193,0.19966189563274384,1.402858018875122,0.1049889475107193,0.027356844395399094,0.18822067975997925,0.15291254222393036,0.6595313549041748,1.0419824123382568,0.46172139048576355,0.4697074592113495,0.19966189563274384,0.11964137852191925,0.013312374241650105,0.004945145454257727,0.3321534991264343,0.02313874661922455,134.29559326171875,84.14842224121094,34.13172149658203,66.84785461425781,576.25,0.07699955999851227,0.06408333778381348,0.5486260056495667,1.4486688375473022,1.0110000371932983,0.017958510667085648,0.02000007964670658,2.6107914447784424,0.5,0.05080990493297577,0.2910798490047455,-0.03892003744840622,0.872162938117981,0.7227340936660767,0.7681602835655212,0.5578939914703369,0.44343996047973633,0.8350558280944824,0.3805028796195984,0.7095814943313599,0.8364506959915161,0.5392482280731201,0.13512492179870605,1.0,0.9742771983146667,0.05862267315387726,0.12286357581615448,1.0,0.018000001087784767,0.0020000000949949026,0.01600000075995922,1.011,0.5426567522873392,1.1970408210136245,0.16539904593255395,0.3910403332444498,1.0207753975964824,0.6853520695316747,0.34589214868499,0.1351203896379367,0.08979255333542824,0.010207844898104668,149.56210677076177,0.9202783107757568,0.671226441860199,0.6940922737121582,0.14227479696273804,0.6295343041419983,0.5146300196647644,0.698914647102356,0.725846529006958,0.9742771983146667,0.9839999992400408,0.8037722275998349
trotting,1,action_space,-1.0,2.5999999046325684,0.0,0.5,-1.0,0.04999999701976776,-1.0,0.2900000214576721,0.0,0.0,ramp_up_trot_robustness,ramp_up,1.0,trotting,1000,0.7398629188537598,0.7398629188537598,0.9023428559303284,0.1417413204908371,0.10183615982532501,0.1978517770767212,1.537121057510376,0.10183615982532501,0.02374335005879402,0.17514905333518982,0.14765584468841553,0.5986666679382324,0.7466529607772827,0.42804545164108276,0.34893739223480225,0.1978517770767212,0.1069893091917038,0.006235388107597828,0.003807875793427229,0.28746461868286133,0.014777883887290955,133.0819091796875,84.32377624511719,34.2327995300293,67.59248352050781,534.0552978515625,0.07597056031227112,0.05558333545923233,0.5349349975585938,1.3693820238113403,1.0160000324249268,0.018046855926513672,0.02000007964670658,2.610661268234253,0.5,0.05080016702413559,0.2910667955875397,0.0,0.8822416067123413,0.7176916599273682,0.8483380079269409,0.5674789547920227,0.4622817039489746,0.8345953226089478,0.33046966791152954,0.7429298162460327,0.8610438108444214,0.5832031965255737,0.13500341773033142,1.0,0.9788328409194946,0.11172686517238617,0.17093725502490997,1.0,0.01900000125169754,0.004000000189989805,0.015000000596046448,1.016,0.526510764294722,1.1609551618400105,0.15408877330550083,0.3842601263316499,0.8640908290088969,0.5907092281612013,0.3270922028904141,0.10021608603924351,0.09023427963256836,0.009766118600964546,147.484859335954,0.9227818846702576,0.6760736703872681,0.818022608757019,0.13372254371643066,0.744116485118866,0.562744677066803,0.7139415144920349,0.7573599219322205,0.9788328409194946,0.9849999994039536,0.8464553295037686
trotting,1,action_space,-1.0,2.5999999046325684,0.0,0.5,-1.0,0.04999999701976776,-1.0,0.2900000214576721,1.0,0.03999999910593033,ramp_up_trot_robustness,ramp_up,1.0,trotting,1000,0.7326115965843201,0.7326115965843201,0.8982547521591187,0.14502370357513428,0.09637587517499924,0.18461397290229797,1.5212187767028809,0.09637587517499924,0.027463819831609726,0.19386839866638184,0.15784107148647308,0.6066077947616577,0.8560566902160645,0.4593777060508728,0.430566668510437,0.18461397290229797,0.0923604741692543,0.0038430134300142527,0.003520502243191004,0.3340306580066681,0.017499912530183792,131.97976684570312,91.12940979003906,34.13056182861328,66.18890380859375,332.5252685546875,0.07265114784240723,0.06008334085345268,0.4943649172782898,1.2303783893585205,1.0220000743865967,0.01796509139239788,0.02000007964670658,2.6107916831970215,0.5,0.05080989748239517,0.2910798490047455,0.038920048624277115,0.876422643661499,0.7385110855102539,0.8922815918922424,0.5424442291259766,0.47822681069374084,0.8485552072525024,0.34148967266082764,0.6937788724899292,0.8333393931388855,0.5355709791183472,0.13512492179870605,1.0,0.9742772579193115,0.05862267687916756,0.12286360561847687,1.0,0.018000001087784767,0.004000000189989805,0.014000000432133675,1.022,0.48372302269982265,1.0972204233584382,0.16572211630198827,0.39729217395573385,0.9252333166375195,0.6561757908597642,0.3039086608987218,0.08581092980037716,0.0898254569619894,0.010174941271543503,146.92910505451349,0.9193140268325806,0.7111846208572388,0.8630606532096863,0.1261233240365982,0.7046893239021301,0.5127015709877014,0.7400976419448853,0.740509569644928,0.9742772579193115,0.9859999995678663,0.848029159104977
trotting,1,action_space,-1.0,2.5999999046325684,0.0,0.5,-1.0,0.04999999701976776,0.0,0.33000001311302185,-1.0,-0.03999999910593033,ramp_up_trot_robustness,ramp_up,1.0,trotting,1000,0.7297285795211792,0.7297285795211792,0.892737627029419,0.1307602822780609,0.10075706243515015,0.21075020730495453,1.4506216049194336,0.10075706243515015,0.025678450241684914,0.17860859632492065,0.15233278274536133,0.6035968065261841,0.8528847098350525,0.44135257601737976,0.41095489263534546,0.21075020730495453,0.11181539297103882,0.01249574963003397,0.004032159689813852,0.32097750902175903,0.017489179968833923,130.15036010742188,80.89442443847656,34.024147033691406,66.00799560546875,460.9245910644531,0.07563178241252899,0.062416672706604004,0.5098137855529785,1.2529280185699463,1.0210000276565552,0.017854757606983185,0.02000007964670658,2.610790967941284,0.5,0.05080989748239517,0.33000147342681885,-0.03892005980014801,0.8847930431365967,0.6931281685829163,0.7559465169906616,0.5759886503219604,0.48027509450912476,0.8131976127624512,0.3463437557220459,0.7432114481925964,0.8421890735626221,0.5513752102851868,0.13512492179870605,1.0,0.9787564873695374,0.1118912547826767,0.17276756465435028,1.0,0.018000001087784767,0.0010000000474974513,0.017000000923871994,1.021,0.4993278361440989,1.1077714870397068,0.16024496947388056,0.39029832531713654,0.9235175741885221,0.6410576359699224,0.3343880873641267,0.12856091676651898,0.08927378803491592,0.010726610198616982,145.7879181596688,0.9338933825492859,0.6413650512695312,0.7185225486755371,0.14026936888694763,0.7048406004905701,0.5262625813484192,0.7358055114746094,0.7319205403327942,0.9787564873695374,0.982999999076128,0.823157532283893
trotting,1,action_space,-1.0,2.5999999046325684,0.0,0.5,-1.0,0.04999999701976776,0.0,0.33000001311302185,0.0,0.0,ramp_up_trot_robustness,ramp_up,1.0,trotting,1000,0.7511539459228516,0.7511539459228516,0.8793290853500366,0.16031280159950256,0.10311951488256454,0.19503501057624817,1.51959228515625,0.10311951488256454,0.0262068472802639,0.20011427998542786,0.155661940574646,0.6045429706573486,0.8996503949165344,0.443067729473114,0.42359107732772827,0.19503501057624817,0.10259002447128296,0.0057960026897490025,0.0038058492355048656,0.32230210304260254,0.0374295748770237,134.5869140625,89.67118835449219,34.39884948730469,66.14579010009766,455.29278564453125,0.07564621418714523,0.05816666781902313,0.49880629777908325,1.235266923904419,1.0069999694824219,0.017586583271622658,0.02000007964670658,2.6107141971588135,0.5,0.05080409348011017,0.33000147342681885,0.0,0.8665798306465149,0.7222846746444702,0.8644071817398071,0.579136312007904,0.47930222749710083,0.8368624448776245,0.3452223837375641,0.6781798601150513,0.8025155067443848,0.5495325326919556,0.13505196571350098,1.0,0.9842863082885742,0.2249789834022522,0.2774319052696228,1.0,0.018000001087784767,0.0020000000949949026,0.01600000075995922,1.007,0.49533890209936693,1.107555906086629,0.16188529049998304,0.39454016344935783,0.9484990220957186,0.6508387490982143,0.320296775617993,0.09798903982208351,0.08793291635811329,0.012067481875419617,153.05636570513832,0.9023067355155945,0.6835970878601074,0.8252763152122498,0.1295446902513504,0.4730323553085327,0.5248702168464661,0.7358933687210083,0.7476402521133423,0.9842863082885742,0.9839999992400408,0.8062795649927396
trotting,1,action_space,-1.0,2.5999999046325684,0.0,0.5,-1.0,0.04999999701976776,0.0,0.33000001311302185,1.0,0.03999999910593033,ramp_up_trot_robustness,ramp_up,1.0,trotting,1000,0.7227346897125244,0.7227346897125244,0.8775354623794556,0.16023848950862885,0.1067410260438919,0.21822534501552582,1.652796745300293,0.1067410260438919,0.034285999834537506,0.20580288767814636,0.18422266840934753,0.6361898183822632,1.2827056646347046,0.4933357834815979,0.5310786366462708,0.21822534501552582,0.13409973680973053,0.005165025591850281,0.008863884024322033,0.3794148862361908,0.02723953127861023,149.986572265625,105.50030517578125,33.92174530029297,65.76571655273438,404.9382019042969,0.07672183215618134,0.07008333504199982,0.5470889210700989,1.4053949117660522,1.0080000162124634,0.01755070686340332,0.02000007964670658,2.611389636993408,0.5,0.050854749977588654,0.33000147342681885,0.038860294967889786,0.8612207174301147,0.69818514585495,0.8678767085075378,0.5322761535644531,0.4886534810066223,0.816970705986023,0.295182466506958,0.6958650350570679,0.7673373222351074,0.5067788362503052,0.1356852948665619,1.0,0.9775763154029846,0.11306515336036682,0.17730951309204102,0.9998000264167786,0.01900000125169754,0.0020000000949949026,0.017000000923871994,1.008,0.5427469526018415,1.1807797629540449,0.18516479102285485,0.4292116825173186,1.1325659648050106,0.7287514230835305,0.3661963091153849,0.11844369808551367,0.0877535343170166,0.012246863916516304,170.91796137666427,0.9023926854133606,0.6211249232292175,0.7553468942642212,0.09647062420845032,0.579963207244873,0.4682140350341797,0.7057034373283386,0.704394519329071,0.9775763154029846,0.982999999076128,0.7985066467752823
trotting,1,action_space,-1.0,2.5999999046325684,0.0,0.5,-1.0,0.04999999701976776,1.0,0.3700000047683716,-1.0,-0.03999999910593033,ramp_up_trot_robustness,ramp_up,1.0,trotting,1000,0.7057214975357056,0.7057214975357056,0.894929826259613,0.144576296210289,0.11538439244031906,0.22849076986312866,1.5956096649169922,0.11538439244031906,0.03580567240715027,0.1862785369157791,0.14638909697532654,0.5721230506896973,0.7746504545211792,0.4481360614299774,0.38761788606643677,0.22849076986312866,0.13220137357711792,0.009728152304887772,0.00404540216550231,0.3256559371948242,0.02799348533153534,133.49609375,86.73031616210938,34.60475540161133,66.78366088867188,549.9171142578125,0.07504810392856598,0.06583333760499954,0.5442178249359131,1.3768163919448853,1.0160000324249268,0.017898589372634888,0.02000007964670658,2.6107916831970215,0.5,0.05080990493297577,0.3689196705818176,-0.03892003744840622,0.8586065769195557,0.6746057271957397,0.7936595678329468,0.5668303966522217,0.5027486085891724,0.8019170761108398,0.27649933099746704,0.7102909088134766,0.780525803565979,0.546875,0.13512492179870605,1.0,0.9742771983146667,0.05862267315387726,0.12286360561847687,1.0,0.018000001087784767,0.006000000052154064,0.012000000104308128,1.016,0.535647414800689,1.164102340054378,0.18922386849219172,0.3826082813731644,0.8801422922011981,0.6225896610661285,0.3635950681419069,0.11736078761831006,0.08949294686317444,0.010507451370358467,149.16934248124355,0.9197906255722046,0.5932850241661072,0.7592144012451172,0.0990903452038765,0.5712835192680359,0.5213613510131836,0.7126366496086121,0.7195230722427368,0.9742771983146667,0.9879999998956919,0.8072930223857745
trotting,1,action_space,-1.0,2.5999999046325684,0.0,0.5,-1.0,0.04999999701976776,1.0,0.3700000047683716,0.0,0.0,ramp_up_trot_robustness,ramp_up,1.0,trotting,1000,0.7316814661026001,0.7316814661026001,0.8735496401786804,0.15519434213638306,0.09128620475530624,0.21381805837154388,1.30270516872406,0.09128620475530624,0.021064188331365585,0.19387201964855194,0.15093494951725006,0.5419182777404785,0.6254318952560425,0.45428207516670227,0.41120919585227966,0.21381805837154388,0.10758580267429352,0.006820356473326683,0.0037533061113208532,0.3536420464515686,0.030945051461458206,130.64334106445312,85.99250793457031,34.567161560058594,66.3618392944336,598.6423950195312,0.07387344539165497,0.07250000536441803,0.5414100885391235,1.306093692779541,1.0150001049041748,0.01747099682688713,0.02000007964670658,2.6107912063598633,0.5,0.05080988630652428,0.3689196705818176,0.0,0.8639112710952759,0.6850512027740479,0.8499749302864075,0.5621950030326843,0.5014804005622864,0.8107235431671143,0.40748703479766846,0.68732750415802,0.7721571922302246,0.5165194272994995,0.13512447476387024,1.0,0.9787565469741821,0.11189079284667969,0.17276418209075928,1.0,0.018000001087784767,0.004000000189989805,0.014000000432133675,1.015,0.5334089006696429,1.1343683843392969,0.14513506926778788,0.38850347426664034,0.790842522412675,0.6412559519039801,0.3280027479675948,0.10282831606443595,0.08735498413443565,0.012645414099097252,149.55457029062555,0.9081541895866394,0.6330653429031372,0.8093909025192261,0.17835329473018646,0.5385359525680542,0.49298128485679626,0.7249171137809753,0.6959342956542969,0.9787565469741821,0.9859999995678663,0.8087382724460883
trotting,1,action_space,-1.0,2.5999999046325684,0.0,0.5,-1.0,0.04999999701976776,1.0,0.3700000047683716,1.0,0.03999999910593033,ramp_up_trot_robustness,ramp_up,1.0,trotting,1000,0.7222712635993958,0.7222712635993958,0.89116370677948,0.15076245367527008,0.08808773756027222,0.19948425889015198,1.5830888748168945,0.08808773756027222,0.02272464707493782,0.1872742772102356,0.15930423140525818,0.5289617776870728,0.5766421556472778,0.4459388852119446,0.38065558671951294,0.19948425889015198,0.08802594244480133,0.004319118335843086,0.0036884574219584465,0.34744352102279663,0.023526493459939957,123.61776733398438,81.19779968261719,34.271339416503906,66.08323669433594,374.5661315917969,0.07383283972740173,0.059666670858860016,0.5000782012939453,1.2019469738006592,1.0210000276565552,0.017823277041316032,0.02000007964670658,2.6107916831970215,0.5,0.050809912383556366,0.3689195513725281,0.0389200784265995,0.8740094900131226,0.6973870992660522,0.8788367509841919,0.5584744811058044,0.5168024301528931,0.8190537691116333,0.34692245721817017,0.715683102607727,0.7768683433532715,0.5202542543411255,0.1351248323917389,1.0,0.974277138710022,0.05862261354923248,0.12286315858364105,1.0,0.018000001087784767,0.005000000353902578,0.013000000268220901,1.021,0.4897925426397221,1.0850000787219796,0.15074696373372773,0.39912934169922687,0.7593695777730879,0.6169729221931162,0.2966916622434836,0.08948505885231083,0.08911638520658016,0.010884013026952744,138.7149929845312,0.9130932688713074,0.6717025637626648,0.8520146608352661,0.1303435117006302,0.624671220779419,0.49913081526756287,0.7450482845306396,0.7420539259910583,0.974277138710022,0.9869999997317791,0.8322040620140541
trotting,1,action_space,-1.0,2.5999999046325684,0.0,0.5,0.0,0.07999999821186066,-1.0,0.2900000214576721,-1.0,-0.03999999910593033,ramp_up_trot_robustness,ramp_up,1.0,trotting,1000,0.7184343338012695,0.7184343338012695,0.8784388303756714,0.15979918837547302,0.10398729145526886,0.21692319214344025,1.5878944396972656,0.10398729145526886,0.02981135994195938,0.1768071949481964,0.15202701091766357,0.6010564565658569,0.7688485383987427,0.44907259941101074,0.37380027770996094,0.21692319214344025,0.126458540558815,0.01097188051789999,0.00382031686604023,0.31425583362579346,0.021945443004369736,140.82521057128906,95.73173522949219,33.999900817871094,66.55873107910156,547.6234130859375,0.08363181352615356,0.06675000488758087,0.607812225818634,1.67319655418396,1.0090000629425049,0.017568767070770264,0.02000007964670658,2.6101908683776855,0.5,0.08000031858682632,0.29101988673210144,-0.038980066776275635,0.8656304478645325,0.6959133744239807,0.7804654836654663,0.5623770952224731,0.461517870426178,0.8150832056999207,0.31296950578689575,0.7394770979881287,0.7853597402572632,0.5532710552215576,0.5,1.0,0.9799367189407349,0.11071495711803436,0.1682092547416687,1.0,0.017000000923871994,0.006000000052154064,0.010999999940395355,1.009,0.6023906787157768,1.2877390898243548,0.17265966506963745,0.3899064130245405,0.8768400871303402,0.6113920818181742,0.3556100962554565,0.12162317782372001,0.08784383535385132,0.012156562879681587,160.31305277234162,0.9029003381729126,0.6246544122695923,0.7439035177230835,0.11257657408714294,0.6447395086288452,0.5333850383758545,0.6606256365776062,0.7162328362464905,0.9799367189407349,0.9890000000596046,0.8086852916540243
trotting,1,action_space,-1.0,2.5999999046325684,0.0,0.5,0.0,0.07999999821186066,-1.0,0.2900000214576721,0.0,0.0,ramp_up_trot_robustness,ramp_up,1.0,trotting,1000,0.7508150339126587,0.7508150339126587,0.9028874635696411,0.13353946805000305,0.0933908224105835,0.17777054011821747,1.5839866399765015,0.0933908224105835,0.017967306077480316,0.18885062634944916,0.14872398972511292,0.6005982160568237,0.7296338081359863,0.4424898028373718,0.43511807918548584,0.17777054011821747,0.08128282427787781,0.005669536534696817,0.003437227802351117,0.32503369450569153,0.021804671734571457,140.39881896972656,96.37265014648438,34.24030303955078,66.85731506347656,511.4851989746094,0.08264252543449402,0.052666664123535156,0.5860261917114258,1.5944570302963257,1.0170000791549683,0.018057754263281822,0.02000007964670658,2.6101911067962646,0.5,0.08000031858682632,0.29101985692977905,0.0,0.8845577836036682,0.7431783676147461,0.8637204170227051,0.5694336295127869,0.46377286314964294,0.8532436490058899,0.3410048484802246,0.7042775750160217,0.7853485345840454,0.5440853834152222,0.5,1.0,0.9851417541503906,0.22382089495658875,0.27426403760910034,1.0,0.017000000923871994,0.003000000026077032,0.014000000432133675,1.017,0.5762302094856194,1.2521199452041225,0.134042180217573,0.38564749412528654,0.8541860500710523,0.6596348074393026,0.28510142805303135,0.09542936831525153,0.09028877131640911,0.009711626917123795,155.49979885051022,0.9311534762382507,0.7290422320365906,0.8334885835647583,0.14322581887245178,0.6465573310852051,0.5220106244087219,0.6757371425628662,0.7684857249259949,0.9851417541503906,0.9859999995678663,0.8355815275930442
trotting,1,action_space,-1.0,2.5999999046325684,0.0,0.5,0.0,0.07999999821186066,-1.0,0.2900000214576721,1.0,0.03999999910593033,ramp_up_trot_robustness,ramp_up,1.0,trotting,1000,0.7393052577972412,0.7393052577972412,0.88002610206604,0.15505075454711914,0.10374942421913147,0.1846347153186798,1.115878939628601,0.10374942421913147,0.03038160130381584,0.2018372267484665,0.15238502621650696,0.6210072040557861,0.8190078735351562,0.4843553900718689,0.44644129276275635,0.1846347153186798,0.08558797836303711,0.005459019914269447,0.003830881090834737,0.3481770157814026,0.025102850049734116,145.58743286132812,102.72049713134766,33.89811706542969,66.0432357788086,497.3831481933594,0.08417029678821564,0.059666674584150314,0.5475907325744629,1.4703673124313354,1.005000114440918,0.017600517719984055,0.02000007964670658,2.6107914447784424,0.5,0.08000031858682632,0.2910798490047455,0.03892003744840622,0.8613980412483215,0.7319725155830383,0.8706502914428711,0.5352596044540405,0.4588320851325989,0.8425302505493164,0.4667130708694458,0.6659451723098755,0.7638875246047974,0.5196865200996399,0.5,1.0,0.9787565469741821,0.11189129203557968,0.17276757955551147,1.0,0.018000001087784767,0.0020000000949949026,0.01600000075995922,1.005,0.5448664271416356,1.209566834805211,0.1743031878762286,0.39036524719358273,0.9049905378152615,0.6681626244880481,0.2925542314905684,0.09638413253800744,0.08800258859992027,0.011997809633612633,165.4353575644314,0.9083160161972046,0.7111301422119141,0.8304412961006165,0.17843855917453766,0.6052842736244202,0.49839913845062256,0.6936671733856201,0.7420539259910583,0.9787565469741821,0.9839999992400408,0.8220187476239144
trotting,1,action_space,-1.0,2.5999999046325684,0.0,0.5,0.0,0.07999999821186066,0.0,0.33000001311302185,-1.0,-0.03999999910593033,ramp_up_trot_robustness,ramp_up,1.0,trotting,1000,0.739316463470459,0.739316463470459,0.8777206540107727,0.1561298668384552,0.09681132435798645,0.20948967337608337,1.5795485973358154,0.09681132435798645,0.02166290581226349,0.17759595811367035,0.1520439088344574,0.5452367663383484,0.7175298929214478,0.4274953603744507,0.3432585597038269,0.20948967337608337,0.10693081468343735,0.011413279920816422,0.003267612773925066,0.3254409730434418,0.02433450147509575,137.9014892578125,91.33504486083984,33.659706115722656,65.859619140625,218.1320343017578,0.08396463096141815,0.059166669845581055,0.5943816900253296,1.5874675512313843,1.0130000114440918,0.01755441538989544,0.02000007964670658,2.6107802391052246,0.5,0.08000031858682632,0.33000147342681885,-0.03892121464014053,0.872617244720459,0.6936526894569397,0.7734625339508057,0.5768250226974487,0.49155449867248535,0.817961573600769,0.33552950620651245,0.7360457181930542,0.7862099409103394,0.5419855117797852,0.5,1.0,0.984268069267273,0.22509287297725677,0.2783985137939453,1.0,0.018000001087784767,0.0020000000949949026,0.01600000075995922,1.013,0.5867537924944471,1.251836766723247,0.14718323889717705,0.38992808161820997,0.8470713623547002,0.5858827183863908,0.32700277473354467,0.12116473370887045,0.0877720769494772,0.01222832128405571,157.1131870119123,0.9070967435836792,0.6447715163230896,0.7455613613128662,0.13361313939094543,0.6146575212478638,0.5215855836868286,0.6758569478988647,0.7439113855361938,0.984268069267273,0.9839999992400408,0.805762588691253
trotting,1,action_space,-1.0,2.5999999046325684,0.0,0.5,0.0,0.07999999821186066,0.0,0.33000001311302185,0.0,0.0,ramp_up_trot_robustness,ramp_up,1.0,trotting,1000,0.7851700782775879,0.7851700782775879,0.8728802800178528,0.1534254550933838,0.08930840343236923,0.22135686874389648,1.4770700931549072,0.08930840343236923,0.021966902539134026,0.18997959792613983,0.15603113174438477,0.5729929208755493,0.8064519166946411,0.453056663274765,0.4418678879737854,0.22135686874389648,0.12328602373600006,0.005910592153668404,0.00520162470638752,0.35429465770721436,0.03215298056602478,143.84559631347656,101.38002014160156,33.892738342285156,66.02839660644531,616.175048828125,0.08320561051368713,0.05941666662693024,0.5934659838676453,1.613386631011963,1.0099999904632568,0.01745760068297386,0.02000007964670658,2.610790967941284,0.5,0.08000031858682632,0.33000147342681885,0.0,0.8710304498672485,0.6881181001663208,0.8460748791694641,0.5647222399711609,0.48456311225891113,0.810502290725708,0.35942935943603516,0.7055191993713379,0.7753912210464478,0.514411449432373,0.5,1.0,0.9911776781082153,0.4691603183746338,0.5060044527053833,1.0,0.018000001087784767,0.004999999888241291,0.013000000268220901,1.01,0.5875900419631807,1.2638877921312441,0.1482123562296141,0.3950077616254961,0.8980266792777601,0.6647314404884016,0.35112109554397336,0.10541450023623848,0.08728800341486931,0.012712394818663597,164.79418725158337,0.9101394414901733,0.6126333475112915,0.800719678401947,0.14713449776172638,0.5256815552711487,0.49233824014663696,0.6707538366317749,0.7429820895195007,0.9911776781082153,0.9869999997317791,0.8019920325814148
trotting,1,action_space,-1.0,2.5999999046325684,0.0,0.5,0.0,0.07999999821186066,0.0,0.33000001311302185,1.0,0.03999999910593033,ramp_up_trot_robustness,ramp_up,1.0,trotting,1000,0.7394595146179199,0.7394595146179199,0.8811764717102051,0.15942955017089844,0.1063983142375946,0.21480824053287506,1.756028175354004,0.1063983142375946,0.033449552953243256,0.187469020485878,0.15292617678642273,0.6201068162918091,0.8299460411071777,0.45764675736427307,0.42281848192214966,0.21480824053287506,0.12153270840644836,0.0039333561435341835,0.005483521148562431,0.3513219356536865,0.028536558151245117,142.76486206054688,96.18067932128906,33.90501403808594,65.81494140625,251.7606658935547,0.08302062749862671,0.05800000578165054,0.6452666521072388,1.8173952102661133,1.0210000276565552,0.01762353628873825,0.02000007964670658,2.6106972694396973,0.5,0.08000031858682632,0.33000147342681885,0.038929544389247894,0.8673067092895508,0.7021970748901367,0.8816186189651489,0.558668851852417,0.47430261969566345,0.820759654045105,0.2527814209461212,0.7177712917327881,0.7734192609786987,0.5234482288360596,0.5,1.0,0.9842871427536011,0.2249516099691391,0.2772374153137207,1.0,0.018000001087784767,0.004000000189989805,0.014000000432133675,1.021,0.6319947125979432,1.33417191943485,0.18289218942656696,0.39105776655939556,0.9110137436434084,0.6502449399435183,0.3486154161916084,0.09704059610336602,0.08811768144369125,0.011882716789841652,162.01619839379728,0.9033265709877014,0.6303842067718506,0.8283350467681885,0.08847641199827194,0.5651121139526367,0.4952741265296936,0.6408219337463379,0.7482635378837585,0.9842871427536011,0.9859999995678663,0.8089903878668944
trotting,1,action_space,-1.0,2.5999999046325684,0.0,0.5,0.0,0.07999999821186066,1.0,0.3700000047683716,-1.0,-0.03999999910593033,ramp_up_trot_robustness,ramp_up,1.0,trotting,1000,0.7292019724845886,0.7292019724845886,0.8689150810241699,0.1733587086200714,0.10014703869819641,0.22732679545879364,1.2454371452331543,0.10014703869819641,0.02766195684671402,0.2315514087677002,0.18068121373653412,0.5751253366470337,0.6889841556549072,0.45965176820755005,0.4154582917690277,0.22732679545879364,0.117882639169693,0.008730975911021233,0.00361125310882926,0.37984052300453186,0.026864755898714066,145.6207733154297,104.92028045654297,33.993778228759766,65.719970703125,472.29833984375,0.08411680161952972,0.05033333599567413,0.5791513323783875,1.5205323696136475,1.00600004196167,0.017378292977809906,0.02000007964670658,2.611362934112549,0.5,0.08000031858682632,0.3688623905181885,-0.03886285424232483,0.8461923599243164,0.6698858737945557,0.8187453746795654,0.5513519048690796,0.4918590784072876,0.7980232834815979,0.44105249643325806,0.596190333366394,0.7686296701431274,0.49555009603500366,0.5,1.0,0.9775798916816711,0.11303608119487762,0.17707312107086182,1.0,0.01900000125169754,0.004000000189989805,0.015000000596046448,1.006,0.5756971234118725,1.2294159455731148,0.1663188409252362,0.4250661286629812,0.830050694629495,0.6445605415855269,0.3433404129573054,0.1110955850601206,0.08689146488904953,0.013108933344483376,167.5891885128635,0.8867315649986267,0.5964411497116089,0.7812620997428894,0.16551785171031952,0.5843266844749451,0.4678156077861786,0.6853224039077759,0.7775038480758667,0.9775798916816711,0.9849999994039536,0.7979281621101575
trotting,1,action_space,-1.0,2.5999999046325684,0.0,0.5,0.0,0.07999999821186066,1.0,0.3700000047683716,0.0,0.0,ramp_up_trot_robustness,ramp_up,1.0,trotting,1000,0.7461037635803223,0.7461037635803223,0.8401089906692505,0.1975948065519333,0.11047230660915375,0.26021718978881836,1.28151273727417,0.11047230660915375,0.04214830696582794,0.23151525855064392,0.19911974668502808,0.6423704624176025,1.0858428478240967,0.48053401708602905,0.5015102624893188,0.26021718978881836,0.21525713801383972,0.006853233091533184,0.0223507322371006,0.38932913541793823,0.04240390658378601,175.42343139648438,125.91508483886719,33.8109016418457,66.02742004394531,494.7646179199219,0.08874456584453583,0.060083337128162384,0.6286821365356445,1.8055799007415771,0.9980000257492065,0.01680218055844307,0.02000007964670658,2.613448143005371,0.5,0.08000031858682632,0.36865389347076416,0.0,0.8219647407531738,0.6554750800132751,0.8336437940597534,0.5585907697677612,0.48305630683898926,0.7815973162651062,0.4271535873413086,0.6380531191825867,0.7756050229072571,0.5108931064605713,0.5,1.0,0.9800187349319458,0.23096033930778503,0.29491549730300903,0.9990000128746033,0.023000001907348633,0.006000000052154064,0.017000000923871994,0.998,0.6299420129321143,1.345064396393446,0.20530052841098081,0.44622835710544895,1.0420378341615513,0.7081738928323459,0.4639581209698131,0.1708916771777777,0.08401090279221535,0.01598949544131756,208.81032502311155,0.8554096221923828,0.5080731511116028,0.557619035243988,0.11949522793292999,0.4282371699810028,0.4590214788913727,0.636163592338562,0.7405096292495728,0.9800187349319458,0.982999999076128,0.7220050885509223
trotting,1,action_space,-1.0,2.5999999046325684,0.0,0.5,0.0,0.07999999821186066,1.0,0.3700000047683716,1.0,0.03999999910593033,ramp_up_trot_robustness,ramp_up,1.0,trotting,1000,0.7280780076980591,0.7280780076980591,0.889732837677002,0.14151516556739807,0.09294281899929047,0.22838270664215088,1.6428745985031128,0.09294281899929047,0.021387791261076927,0.1838764250278473,0.15389372408390045,0.5460792779922485,0.6171549558639526,0.43120425939559937,0.3936079740524292,0.22838270664215088,0.11665137112140656,0.003939544782042503,0.00322712492197752,0.3359525203704834,0.027349501848220825,138.20437622070312,94.04646301269531,34.20044708251953,66.83555603027344,530.2325439453125,0.08159725368022919,0.048750005662441254,0.5563245415687561,1.4467298984527588,1.0120000839233398,0.0177946537733078,0.02000007964670658,2.6107749938964844,0.5,0.08000031858682632,0.36892127990722656,0.038921743631362915,0.8838425874710083,0.662086009979248,0.8860561847686768,0.587012529373169,0.4954427480697632,0.792596697807312,0.2974277138710022,0.721819281578064,0.7848821878433228,0.5351529717445374,0.5,1.0,0.9787577390670776,0.11187265068292618,0.1726284623146057,1.0,0.018000001087784767,0.003000000026077032,0.015000000596046448,1.012,0.549727730129076,1.1956482920444866,0.14624565381944493,0.39229290598212513,0.7855921052708923,0.6273818407098098,0.34154263441246474,0.0846561852673508,0.088973268866539,0.011027129366993904,155.33244404189924,0.9230183362960815,0.593578040599823,0.866465151309967,0.12610627710819244,0.5786890387535095,0.5107346773147583,0.6994970440864563,0.7836834788322449,0.9787577390670776,0.9849999994039536,0.8259025208460978
trotting,1,action_space,-1.0,2.5999999046325684,0.0,0.5,1.0,0.10999999940395355,-1.0,0.2900000214576721,-1.0,-0.03999999910593033,ramp_up_trot_robustness,ramp_up,1.0,trotting,1000,0.713549017906189,0.713549017906189,0.8951341509819031,0.14038455486297607,0.0999695360660553,0.19563908874988556,1.6195149421691895,0.0999695360660553,0.02516699768602848,0.19193506240844727,0.15196937322616577,0.6118394136428833,0.7559278011322021,0.4446260333061218,0.3713831305503845,0.19563908874988556,0.09599977731704712,0.008982229977846146,0.003108447417616844,0.3431580662727356,0.022008761763572693,160.10223388671875,117.48150634765625,33.55104064941406,66.11549377441406,220.1775665283203,0.09110844135284424,0.05383334308862686,0.6020339727401733,1.7990281581878662,1.0190000534057617,0.017902683466672897,0.02000007964670658,2.6101913452148438,0.5,0.10923531651496887,0.29101985692977905,-0.03898008167743683,0.8715187311172485,0.7160959243774414,0.8106753826141357,0.5547530651092529,0.4614642262458801,0.8339531421661377,0.3281593322753906,0.6844481825828552,0.7724102735519409,0.526067852973938,0.8654376864433289,1.0,0.9757062196731567,0.05763041973114014,0.11830243468284607,1.0,0.017000000923871994,0.003000000026077032,0.014000000432133675,1.019,0.5908085726662169,1.328715124624597,0.15864109709034566,0.3898324938049236,0.8694410854866488,0.6094121188082696,0.30983830834331494,0.10995761635950003,0.08951341733336449,0.010486980900168419,178.85836855972613,0.9241958260536194,0.6819857358932495,0.7852025628089905,0.11968943476676941,0.6439235806465149,0.5034272074699402,0.6431540846824646,0.7640158534049988,0.9757062196731567,0.9859999995678663,0.8194651163350314
trotting,1,action_space,-1.0,2.5999999046325684,0.0,0.5,1.0,0.10999999940395355,-1.0,0.2900000214576721,0.0,0.0,ramp_up_trot_robustness,ramp_up,1.0,trotting,1000,0.7332582473754883,0.7332582473754883,0.8956310153007507,0.13868111371994019,0.09410154819488525,0.21984831988811493,1.4169485569000244,0.09410154819488525,0.028202086687088013,0.18625423312187195,0.15419292449951172,0.6235052347183228,0.8366187810897827,0.45618802309036255,0.39197850227355957,0.21984831988811493,0.12357676774263382,0.007414095103740692,0.004015726037323475,0.3376238942146301,0.03013354167342186,152.07821655273438,105.66009521484375,34.22431945800781,67.58118438720703,574.6776123046875,0.09165054559707642,0.046416666358709335,0.7053442001342773,2.0845484733581543,1.0180000066757202,0.01791262812912464,0.02000007964670658,2.6107914447784424,0.5,0.10919032990932465,0.2910798490047455,0.0,0.8803198337554932,0.6903952360153198,0.8352150917053223,0.5542519092559814,0.4567544460296631,0.8145084381103516,0.4004177451133728,0.7134828567504883,0.7829971313476562,0.5338441133499146,0.8648751974105835,1.0,0.9787564873695374,0.11189126968383789,0.17276765406131744,1.0,0.018000001087784767,0.0020000000949949026,0.01600000075995922,1.018,0.6928724727368308,1.430975164445928,0.1679347691429265,0.39267406904392316,0.9146686728481427,0.6260818654725271,0.3515348741485456,0.10691034160016592,0.08956314064562321,0.010437257587909698,169.80007832987658,0.9259548187255859,0.6167244911193848,0.7956495881080627,0.13793258368968964,0.5473477840423584,0.509030282497406,0.5993422269821167,0.7928800582885742,0.9787564873695374,0.9839999992400408,0.8040094196987457
trotting,1,action_space,-1.0,2.5999999046325684,0.0,0.5,1.0,0.10999999940395355,-1.0,0.2900000214576721,1.0,0.03999999910593033,ramp_up_trot_robustness,ramp_up,1.0,trotting,1000,0.7215816378593445,0.7215816378593445,0.9014853239059448,0.14118021726608276,0.10411886870861053,0.18263670802116394,1.6287165880203247,0.10411886870861053,0.03230025991797447,0.18662187457084656,0.15384836494922638,0.6224155426025391,0.7930734157562256,0.4866177439689636,0.41712504625320435,0.18263670802116394,0.09145458042621613,0.003982050344347954,0.0031400364823639393,0.34536147117614746,0.026582956314086914,153.61810302734375,109.47126770019531,33.8527946472168,66.39592742919922,530.4346923828125,0.08969209343194962,0.04958333820104599,0.6194655299186707,1.8210633993148804,1.0160000324249268,0.018029710277915,0.02000007964670658,2.6107912063598633,0.5,0.10919031500816345,0.2910798490047455,0.038920074701309204,0.8755970597267151,0.7436826229095459,0.8962006568908691,0.5189782381057739,0.4662611484527588,0.8504753112792969,0.315555214881897,0.7160888910293579,0.768363356590271,0.522969126701355,0.8648751378059387,1.0,0.974277138710022,0.05862267315387726,0.12286362051963806,1.0,0.018000001087784767,0.003000000026077032,0.015000000596046448,1.016,0.6097100926196481,1.3387999071666081,0.17972273066580774,0.3922350888806691,0.8905466948769309,0.6458521860713985,0.30241458368639584,0.08439245716716567,0.090148551389575,0.009851846843957901,170.40555065472287,0.9233680367469788,0.7163677215576172,0.8672381043434143,0.10282550752162933,0.5876291990280151,0.5012136101722717,0.6388431787490845,0.780424952507019,0.974277138710022,0.9849999994039536,0.827379319148186
trotting,1,action_space,-1.0,2.5999999046325684,0.0,0.5,1.0,0.10999999940395355,0.0,0.33000001311302185,-1.0,-0.03999999910593033,ramp_up_trot_robustness,ramp_up,1.0,trotting,1000,0.7224255800247192,0.7224255800247192,0.8723005056381226,0.16266074776649475,0.09782446920871735,0.24429765343666077,1.4714573621749878,0.09782446920871735,0.03262636065483093,0.18683627247810364,0.15631094574928284,0.5815963745117188,0.7815560102462769,0.44509780406951904,0.46892881393432617,0.24429765343666077,0.1598600298166275,0.011143432930111885,0.006046408787369728,0.34097254276275635,0.03189721331000328,160.27093505859375,115.22838592529297,33.78533172607422,66.73524475097656,568.3677368164062,0.09297612309455872,0.04541666805744171,0.5717825293540955,1.6592857837677002,1.0049999952316284,0.01744600012898445,0.02000007964670658,2.6110310554504395,0.5,0.10917229950428009,0.33000147342681885,-0.038896072655916214,0.8620673418045044,0.656046450138092,0.7715047597885132,0.5766304731369019,0.48753565549850464,0.7845351099967957,0.3825437128543854,0.7153422236442566,0.7830333709716797,0.5329676866531372,0.8646501302719116,1.0,0.9781006574630737,0.11248170584440231,0.1736769825220108,1.0,0.01900000125169754,0.0020000000949949026,0.017000000923871994,1.005,0.5689377817941542,1.2849243137519406,0.18062768518372518,0.3953617909577035,0.8840565650716457,0.6847837716639656,0.39982499898909213,0.13111003667714236,0.08723000064492226,0.012770397588610649,183.73362622477123,0.8995739221572876,0.5505632758140564,0.7090729475021362,0.119554303586483,0.5283775329589844,0.5056325197219849,0.6618226766586304,0.7968543767929077,0.9781006574630737,0.982999999076128,0.780216324978914
trotting,1,action_space,-1.0,2.5999999046325684,0.0,0.5,1.0,0.10999999940395355,0.0,0.33000001311302185,0.0,0.0,ramp_up_trot_robustness,ramp_up,1.0,trotting,1000,0.745952308177948,0.745952308177948,0.8738011121749878,0.16550680994987488,0.09031020104885101,0.21985991299152374,1.4375845193862915,0.09031020104885101,0.021225664764642715,0.19011709094047546,0.16350331902503967,0.5666162967681885,0.72141033411026,0.4577813744544983,0.4712148904800415,0.21985991299152374,0.11567328870296478,0.007281927391886711,0.0037030004896223545,0.36255377531051636,0.02485034614801407,152.8262481689453,107.76762390136719,33.707611083984375,66.77447509765625,274.58056640625,0.0921158492565155,0.0403333380818367,0.6281903982162476,1.844534158706665,1.0160000324249268,0.017476031556725502,0.02000007964670658,2.6107912063598633,0.5,0.10919035971164703,0.33000147342681885,0.0,0.8627067804336548,0.6822347640991211,0.8372550010681152,0.5607689023017883,0.486780047416687,0.8107426762580872,0.3744134306907654,0.7090505957603455,0.7763386964797974,0.5063798427581787,0.8648755550384521,1.0,0.9842677712440491,0.22511060535907745,0.2785213589668274,1.0,0.018000001087784767,0.0010000000474974513,0.017000000923871994,1.016,0.6182976069412832,1.3473997762484324,0.14569030429181867,0.4043554364974455,0.8493587782028629,0.6864509381449205,0.3401077604274339,0.10480900668124407,0.08738015778362751,0.012620240449905396,174.898207429084,0.8962194323539734,0.6166930794715881,0.8027607202529907,0.15534639358520508,0.6083487868309021,0.48427248001098633,0.6351643204689026,0.8173673152923584,0.9842677712440491,0.982999999076128,0.8056161833497195
trotting,1,action_space,-1.0,2.5999999046325684,0.0,0.5,1.0,0.10999999940395355,0.0,0.33000001311302185,1.0,0.03999999910593033,ramp_up_trot_robustness,ramp_up,1.0,trotting,1000,0.717149019241333,0.717149019241333,0.8466322422027588,0.17883694171905518,0.11878719180822372,0.2328852266073227,1.699637770652771,0.11878719180822372,0.0519661009311676,0.19853629171848297,0.17027348279953003,0.6759536266326904,1.1547517776489258,0.49087512493133545,0.5155647397041321,0.2328852266073227,0.16274042427539825,0.005032741464674473,0.016348302364349365,0.39457952976226807,0.03465928137302399,169.51788330078125,121.29196166992188,33.87390899658203,66.2691879272461,623.0057983398438,0.09358051419258118,0.055000003427267075,0.6188918352127075,1.817082405090332,1.0090000629425049,0.01693265326321125,0.02000007964670658,2.611316204071045,0.5,0.10915091633796692,0.33000147342681885,0.03886754810810089,0.8366645574569702,0.6846929788589478,0.8582729697227478,0.5421003103256226,0.4587302803993225,0.8000597357749939,0.2738916873931885,0.698453426361084,0.7725826501846313,0.5004957914352417,0.8643826246261597,1.0,0.977590024471283,0.1129823625087738,0.17659085988998413,0.9996000528335571,0.020000001415610313,0.004999999888241291,0.015000000596046448,1.009,0.6133714416927342,1.341966618712617,0.22796074427665744,0.41264207589572105,1.074593773315724,0.7180283697070278,0.40341098680551357,0.14622258317039757,0.08466326631605625,0.015337131917476654,200.22611335912677,0.8799144625663757,0.5813773274421692,0.6520585417747498,0.06463754922151566,0.49998077750205994,0.45422661304473877,0.6374887824058533,0.7595721483230591,0.977590024471283,0.9849999994039536,0.7574852842551012
trotting,1,action_space,-1.0,2.5999999046325684,0.0,0.5,1.0,0.10999999940395355,1.0,0.3700000047683716,-1.0,-0.03999999910593033,ramp_up_trot_robustness,ramp_up,1.0,trotting,1000,0.7059272527694702,0.7059272527694702,0.8908233642578125,0.15040111541748047,0.10883273184299469,0.22096037864685059,1.8189587593078613,0.10883273184299469,0.039338115602731705,0.19158832728862762,0.1555398404598236,0.593024492263794,0.8201916217803955,0.4317607879638672,0.385174959897995,0.22096037864685059,0.1312100887298584,0.009018277749419212,0.00529854092746973,0.3479440212249756,0.022363323718309402,158.470703125,110.93170166015625,33.91037368774414,66.78082275390625,335.7633056640625,0.09279115498065948,0.04308333620429039,0.6682232022285461,1.9912705421447754,1.0130000114440918,0.017816461622714996,0.02000007964670658,2.6107871532440186,0.5,0.10919065773487091,0.3689200282096863,-0.03892051428556442,0.8615971803665161,0.6860677003860474,0.7927059531211853,0.5877796411514282,0.49121829867362976,0.8114745020866394,0.2607598602771759,0.701876699924469,0.7877837419509888,0.5253046751022339,0.8648792505264282,1.0,0.9742772579193115,0.05861977860331535,0.12284369766712189,1.0,0.018000001087784767,0.006000000052154064,0.012000000104308128,1.013,0.6596477241177197,1.4020399267641224,0.19833838660917785,0.39438539585007915,0.9056443130613671,0.6206246529892242,0.3622293316807163,0.11965290918690169,0.08908230811357498,0.010918090119957924,177.89239649886093,0.9134907722473145,0.6137087345123291,0.7510099411010742,0.0738498717546463,0.6393735408782959,0.49863144755363464,0.6117515563964844,0.8062054514884949,0.9742772579193115,0.9879999998956919,0.8055046499730686
trotting,1,action_space,-1.0,2.5999999046325684,0.0,0.5,1.0,0.10999999940395355,1.0,0.3700000047683716,0.0,0.0,ramp_up_trot_robustness,ramp_up,1.0,trotting,1000,0.7256205677986145,0.7256205677986145,0.8853081464767456,0.1508297622203827,0.09537293761968613,0.23725683987140656,1.6825106143951416,0.09537293761968613,0.028247369453310966,0.18573302030563354,0.1632513701915741,0.5627155900001526,0.7141578197479248,0.42835479974746704,0.3645191788673401,0.23725683987140656,0.17679938673973083,0.00671990355476737,0.005278967320919037,0.3473155200481415,0.02621910534799099,156.21466064453125,108.33026123046875,34.06982421875,67.64716339111328,529.40771484375,0.09288385510444641,0.04541666805744171,0.6659605503082275,2.019148349761963,1.0170000791549683,0.01770615577697754,0.02000007964670658,2.6107916831970215,0.5,0.10919031500816345,0.3689196705818176,0.0,0.8716633319854736,0.6789772510528564,0.8459464311599731,0.5895947217941284,0.5029351711273193,0.8038066625595093,0.30915403366088867,0.7297072410583496,0.7920171618461609,0.5274502038955688,0.864875078201294,1.0,0.9787564873695374,0.1118912547826767,0.1727672964334488,1.0,0.018000001087784767,0.0020000000949949026,0.01600000075995922,1.017,0.6548284870098943,1.4090410120635863,0.16806953755309428,0.40404377261823265,0.845078587912346,0.6037542371423492,0.42047519158653207,0.10953935765598777,0.0885307788848877,0.01146961934864521,176.45230224777396,0.9130191206932068,0.5695503950119019,0.7866456508636475,0.10566749423742294,0.5919209718704224,0.4992586076259613,0.6087490320205688,0.7968543767929077,0.9787564873695374,0.9839999992400408,0.8028279387224944
trotting,1,action_space,-1.0,2.5999999046325684,0.0,0.5,1.0,0.10999999940395355,1.0,0.3700000047683716,1.0,0.03999999910593033,ramp_up_trot_robustness,ramp_up,1.0,trotting,1000,0.732300877571106,0.732300877571106,0.8864759802818298,0.15636500716209412,0.10363078117370605,0.2072049081325531,1.165771722793579,0.10363078117370605,0.031082089990377426,0.2100520133972168,0.17295140027999878,0.5812498331069946,0.7142385244369507,0.4924466013908386,0.5302847623825073,0.2072049081325531,0.09729430079460144,0.005754970945417881,0.002880198648199439,0.35024020075798035,0.02415401116013527,156.70925903320312,110.79344940185547,33.92303466796875,66.70478820800781,431.1609191894531,0.09219129383563995,0.04025000333786011,0.6438813805580139,1.859969139099121,1.0150001049041748,0.01772952452301979,0.02000007964670658,2.611374616622925,0.5,0.10914657264947891,0.3688611388206482,0.03886175528168678,0.8644786477088928,0.6915994882583618,0.8796476125717163,0.5435471534729004,0.48888444900512695,0.8156618475914001,0.45294007658958435,0.6679165363311768,0.7842756509780884,0.5184051990509033,0.8643283843994141,1.0,0.9728498458862305,0.05960366129875183,0.12733618915081024,1.0,0.01900000125169754,0.004000000189989805,0.015000000596046448,1.015,0.6343658597598523,1.3536919027704315,0.17630113439900896,0.41587426017968315,0.8451263363763732,0.7282065382722867,0.31192034366902305,0.09292561322701788,0.08864762261509895,0.011352775618433952,176.77778362746147,0.9068301916122437,0.650939404964447,0.841387152671814,0.1673925817012787,0.6168803572654724,0.4963468015193939,0.6324713230133057,0.8177079558372498,0.9728498458862305,0.9849999994039536,0.8189497842238499
trotting,1,action_space,0.0,3.0,0.0,0.5,-1.0,0.04999999701976776,-1.0,0.2900000214576721,-1.0,-0.03999999910593033,ramp_up_trot_robustness,ramp_up,1.0,trotting,1000,0.7324947714805603,0.7324947714805603,0.89244544506073,0.1528795063495636,0.10699942708015442,0.2022559642791748,1.2260234355926514,0.10699942708015442,0.03964119777083397,0.21582743525505066,0.16431523859500885,0.5790519714355469,0.7807443141937256,0.44530144333839417,0.4254443049430847,0.2022559642791748,0.11255712807178497,0.008689280599355698,0.006724158301949501,0.32834285497665405,0.030390918254852295,147.16146850585938,100.73287200927734,33.780704498291016,66.82532501220703,477.60101318359375,0.07473555207252502,0.0637499988079071,0.6613146662712097,1.6936147212982178,1.1610000133514404,0.017848916351795197,0.02000007964670658,3.000000238418579,0.5,0.05085139721632004,0.29113519191741943,-0.03886473923921585,0.8570159673690796,0.713503897190094,0.8129249811172485,0.5884180068969727,0.5101985931396484,0.8309298753738403,0.4378306567668915,0.631162166595459,0.7784907817840576,0.5494616031646729,0.13564366102218628,1.0,0.9775863289833069,0.11301390826702118,0.1768438220024109,1.0,0.01900000125169754,0.004999999888241291,0.014000000432133675,1.161,0.5696077831442453,1.2077893274291307,0.19910097380684497,0.40535816088369164,0.883597371088057,0.6522609178412307,0.33549534731764163,0.12415087152857687,0.08924458175897598,0.010755816474556923,164.89687893005626,0.9107484221458435,0.6642645597457886,0.7347177863121033,0.13280844688415527,0.5445375442504883,0.5185671448707581,0.6944127678871155,0.7270572781562805,0.9775863289833069,0.9859999995678663,0.7979827342698207
trotting,1,action_space,0.0,3.0,0.0,0.5,-1.0,0.04999999701976776,-1.0,0.2900000214576721,0.0,0.0,ramp_up_trot_robustness,ramp_up,1.0,trotting,1000,0.7441593408584595,0.7441593408584595,0.894487738609314,0.13610374927520752,0.09107726812362671,0.200071781873703,1.3680880069732666,0.09107726812362671,0.022236667573451996,0.20537227392196655,0.16254916787147522,0.54888516664505,0.6780757308006287,0.4234626889228821,0.37969526648521423,0.200071781873703,0.09227515012025833,0.007318447344005108,0.0033687222748994827,0.35199201107025146,0.030943259596824646,130.4491729736328,84.24983215332031,34.388916015625,67.4729232788086,545.4817504882812,0.0730961412191391,0.06833333522081375,0.6080634593963623,1.4615031480789185,1.1560001373291016,0.017889760434627533,0.02000007964670658,3.000000238418579,0.5,0.05080990493297577,0.29107987880706787,0.0,0.8834291696548462,0.7030302286148071,0.8439056277275085,0.5852892398834229,0.5155149698257446,0.8310792446136475,0.3403674364089966,0.6632392406463623,0.7592829465866089,0.5184111595153809,0.13512475788593292,1.0,0.9842677116394043,0.22511109709739685,0.2785244882106781,1.0,0.018000001087784767,0.003000000026077032,0.015000000596046448,1.156,0.5260063620174632,1.1244003299214402,0.14911964180969586,0.40317386804141364,0.8234535389447474,0.6161941792042621,0.3037682506784709,0.10337876773740627,0.08944880217313766,0.01055159606039524,145.83673687517052,0.928581714630127,0.6701275706291199,0.807555615901947,0.16319306194782257,0.5385552644729614,0.49461084604263306,0.7290090918540955,0.7105849981307983,0.9842677116394043,0.9849999994039536,0.8152058819929758
trotting,1,action_space,0.0,3.0,0.0,0.5,-1.0,0.04999999701976776,-1.0,0.2900000214576721,1.0,0.03999999910593033,ramp_up_trot_robustness,ramp_up,1.0,trotting,1000,0.7309105396270752,0.7309105396270752,0.878985583782196,0.14952436089515686,0.10548098385334015,0.20179368555545807,1.431556224822998,0.10548098385334015,0.032728563994169235,0.19689199328422546,0.16622883081436157,0.6026936769485474,0.8173114657402039,0.44365641474723816,0.38880348205566406,0.20179368555545807,0.103865846991539,0.004964698106050491,0.004342901054769754,0.33555224537849426,0.02661442942917347,133.69871520996094,89.1014404296875,33.794376373291016,66.64505004882812,638.610595703125,0.07330820709466934,0.05816666781902313,0.5983069539070129,1.5080207586288452,1.1610000133514404,0.017579713836312294,0.02000007964670658,3.000000238418579,0.5,0.0508451983332634,0.29112690687179565,0.03887302055954933,0.8721085786819458,0.7139594554901123,0.8731085658073425,0.5670715570449829,0.4780445396900177,0.8341693878173828,0.34908348321914673,0.6996942758560181,0.7744033336639404,0.5319550037384033,0.13556590676307678,1.0,0.9776526689529419,0.1129031777381897,0.17549529671669006,1.0,0.018000001087784767,0.0020000000949949026,0.01600000075995922,1.161,0.5153375407111327,1.1396921294061946,0.18091037558462267,0.4077117006100776,0.9040528003054932,0.6235410828932317,0.32228224740363687,0.09647589937813612,0.08789856918156147,0.012101829051971436,152.1056973820519,0.9144521355628967,0.6655064821243286,0.8301474452018738,0.12416703999042511,0.5872594118118286,0.511143684387207,0.7227264046669006,0.7476402521133423,0.9776526689529419,0.9839999992400408,0.8223168541414615
trotting,1,action_space,0.0,3.0,0.0,0.5,-1.0,0.04999999701976776,0.0,0.33000001311302185,-1.0,-0.03999999910593033,ramp_up_trot_robustness,ramp_up,1.0,trotting,1000,0.7430957555770874,0.7430957555770874,0.902762770652771,0.13361158967018127,0.0854751467704773,0.19180984795093536,1.6852483749389648,0.0854751467704773,0.01934974640607834,0.17952021956443787,0.15420792996883392,0.540764570236206,0.6217045783996582,0.4019543528556824,0.3312678933143616,0.19180984795093536,0.08768566697835922,0.011186937801539898,0.0031706425361335278,0.3167229890823364,0.02682892233133316,128.42019653320312,81.48876953125,34.08998489379883,66.88088989257812,674.2041015625,0.07224588096141815,0.055916670709848404,0.6353747844696045,1.523052453994751,1.1690001487731934,0.018055250868201256,0.02000007964670658,3.000000238418579,0.5,0.050807803869247437,0.33000147342681885,-0.038922861218452454,0.8932667970657349,0.7114863395690918,0.7758230566978455,0.6184214949607849,0.5032992362976074,0.835631787776947,0.33542948961257935,0.7337626218795776,0.7902753949165344,0.5533137917518616,0.1350986659526825,1.0,0.9842701554298401,0.22506527602672577,0.27818652987480164,1.0,0.018000001087784767,0.003000000026077032,0.015000000596046448,1.169,0.5435198938061377,1.1414322663029672,0.139103365904921,0.3926931753530152,0.788482452816585,0.5755587661693301,0.296117657322827,0.1198231210479573,0.09027625434100628,0.009724143892526627,142.25242855367736,0.9310817122459412,0.6921793818473816,0.7503979802131653,0.12590304017066956,0.5847455859184265,0.5307596325874329,0.722009539604187,0.7560986876487732,0.9842701554298401,0.9849999994039536,0.8146898135160789
trotting,1,action_space,0.0,3.0,0.0,0.5,-1.0,0.04999999701976776,0.0,0.33000001311302185,0.0,0.0,ramp_up_trot_robustness,ramp_up,1.0,trotting,1000,0.786872148513794,0.786872148513794,0.8698813915252686,0.161892369389534,0.10606077313423157,0.20741978287696838,1.3147664070129395,0.10606077313423157,0.033348217606544495,0.21422354876995087,0.1571148931980133,0.5381790399551392,0.6959939002990723,0.4108866751194,0.3595026135444641,0.20741978287696838,0.09935318678617477,0.006339148618280888,0.003214798169210553,0.3458409905433655,0.0286469254642725,132.27456665039062,89.00263977050781,34.711204528808594,68.07177734375,285.2071533203125,0.07345201075077057,0.06850000470876694,0.6175392866134644,1.4856278896331787,1.1549999713897705,0.017397621646523476,0.02000007964670658,3.000000238418579,0.5,0.050807345658540726,0.33000147342681885,0.0,0.8560779094696045,0.699036717414856,0.8735668659210205,0.595585823059082,0.5054985284805298,0.8253031373023987,0.3779579997062683,0.6243830919265747,0.7669461965560913,0.5267983675003052,0.13509300351142883,1.0,0.9911788702011108,0.46909886598587036,0.5055868029594421,1.0,0.018000001087784767,0.004000000189989805,0.014000000432133675,1.155,0.5346659606669373,1.1341331261282273,0.18261494354664543,0.39637721074503424,0.8342624888481276,0.5995853680206549,0.31520340541652586,0.09774429286404113,0.08698810823261738,0.013012290000915527,152.0604624251791,0.9004716873168945,0.6503596901893616,0.8260673880577087,0.1378304809331894,0.5638660788536072,0.5007331371307373,0.7250138521194458,0.7099931240081787,0.9911788702011108,0.9859999995678663,0.814276732217807
trotting,1,action_space,0.0,3.0,0.0,0.5,-1.0,0.04999999701976776,0.0,0.33000001311302185,1.0,0.03999999910593033,ramp_up_trot_robustness,ramp_up,1.0,trotting,1000,0.7466737627983093,0.7466737627983093,0.8931127190589905,0.1574971079826355,0.09601370990276337,0.214732825756073,1.5660996437072754,0.09601370990276337,0.029512979090213776,0.20311152935028076,0.1515478938817978,0.5550246238708496,0.7458322048187256,0.4076589345932007,0.3230881094932556,0.214732825756073,0.12770146131515503,0.0041127679869532585,0.003656327724456787,0.3295895457267761,0.025055747479200363,136.80926513671875,88.06199645996094,34.235599517822266,66.92611694335938,438.29986572265625,0.07290901988744736,0.07091666758060455,0.6791422367095947,1.671730875968933,1.1600000858306885,0.01786225475370884,0.02000007964670658,3.000000238418579,0.5,0.050809457898139954,0.33000147342681885,0.03892066329717636,0.8681919574737549,0.6992082595825195,0.8956261873245239,0.5908543467521667,0.5075598955154419,0.8213437795639038,0.3083195090293884,0.6545099020004272,0.7778875827789307,0.5486350059509277,0.1351192593574524,1.0,0.9842678308486938,0.2251015603542328,0.27845948934555054,1.0,0.018000001087784767,0.0020000000949949026,0.01600000075995922,1.16,0.585467371447333,1.200477890793921,0.17179341981057883,0.38929152814028434,0.8636157738362157,0.5684084002662659,0.35735341234575474,0.08814247393515821,0.0893112737685442,0.010689124464988708,153.1825291670518,0.905542254447937,0.6305884718894958,0.8560881614685059,0.11574576050043106,0.6058547496795654,0.5172758102416992,0.6974762678146362,0.7014656662940979,0.9842678308486938,0.9839999992400408,0.8245824159911046
trotting,1,action_space,0.0,3.0,0.0,0.5,-1.0,0.04999999701976776,1.0,0.3700000047683716,-1.0,-0.03999999910593033,ramp_up_trot_robustness,ramp_up,1.0,trotting,1000,0.7205520868301392,0.7205520868301392,0.8980931639671326,0.13773411512374878,0.0953143835067749,0.20976056158542633,1.5973994731903076,0.0953143835067749,0.02394196391105652,0.20589232444763184,0.15830665826797485,0.5294785499572754,0.6280629634857178,0.3995915949344635,0.3420027196407318,0.20976056158542633,0.10671810060739517,0.010301940143108368,0.0033878623507916927,0.3497708737850189,0.022799383848905563,133.79916381835938,89.19415283203125,33.91508865356445,66.42635345458984,478.45196533203125,0.07368512451648712,0.07225000113248825,0.5587406158447266,1.3088688850402832,1.1570000648498535,0.01796187087893486,0.02000007964670658,3.000000238418579,0.5,0.05080019682645798,0.3689325451850891,-0.03893302381038666,0.8806501030921936,0.7018200159072876,0.7964407205581665,0.6234552264213562,0.5197403430938721,0.8281766176223755,0.3105568587779999,0.6553804278373718,0.7758201360702515,0.5198980569839478,0.13500341773033142,1.0,0.9788328409194946,0.11172685027122498,0.17093706130981445,1.0,0.018000001087784767,0.004999999888241291,0.013000000268220901,1.157,0.482921814650632,1.0636074580897392,0.1547319098022658,0.3978776925990886,0.7925042356263579,0.5848099859276787,0.32667736470008935,0.11700342941085129,0.0898093543946743,0.010191043838858604,148.9813854359279,0.9269248843193054,0.6440396904945374,0.7604871392250061,0.12540100514888763,0.6338216066360474,0.4968129098415375,0.7536590099334717,0.6968047618865967,0.9788328409194946,0.9869999997317791,0.8198054522658006
trotting,1,action_space,0.0,3.0,0.0,0.5,-1.0,0.04999999701976776,1.0,0.3700000047683716,0.0,0.0,ramp_up_trot_robustness,ramp_up,1.0,trotting,1000,0.7505809664726257,0.7505809664726257,0.8827260732650757,0.16496045887470245,0.09823156893253326,0.24973031878471375,1.3717811107635498,0.09823156893253326,0.03331970423460007,0.21132448315620422,0.17439910769462585,0.5846855640411377,1.0134873390197754,0.4359637498855591,0.4605870544910431,0.24973031878471375,0.1910710632801056,0.005844716913998127,0.014586631208658218,0.340221643447876,0.019359728321433067,148.01455688476562,99.53842163085938,33.656700134277344,66.27381896972656,320.6936950683594,0.07701946049928665,0.06091667339205742,0.5512286424636841,1.2730903625488281,1.1390000581741333,0.01765451580286026,0.02000007964670658,3.000000238418579,0.5,0.050894059240818024,0.3688074052333832,0.0,0.8560531139373779,0.6657282114028931,0.8553081750869751,0.6035501956939697,0.506484866142273,0.799290120601654,0.39684104919433594,0.6669562458992004,0.7876956462860107,0.5391605496406555,0.1361769139766693,1.0,0.9825382232666016,0.22755828499794006,0.2859457731246948,0.9996000528335571,0.020000001415610313,0.004000000189989805,0.01600000075995922,1.139,0.4839583640563268,1.0572257880963853,0.18253685719492396,0.41761119201312824,1.0067210830313307,0.6786656426334274,0.43711676160964774,0.14293826682402563,0.0882725790143013,0.011727819219231606,167.67892256459726,0.8968669176101685,0.5359832644462585,0.6645621061325073,0.1302662193775177,0.6789589524269104,0.5063924789428711,0.7562134861946106,0.7374305725097656,0.9825382232666016,0.9839999992400408,0.7966431980140697
trotting,1,action_space,0.0,3.0,0.0,0.5,-1.0,0.04999999701976776,1.0,0.3700000047683716,1.0,0.03999999910593033,ramp_up_trot_robustness,ramp_up,1.0,trotting,1000,0.7337769269943237,0.7337769269943237,0.8730031251907349,0.16089019179344177,0.09568396210670471,0.21165423095226288,1.341282606124878,0.09568396210670471,0.028812240809202194,0.1999562382698059,0.1661125123500824,0.5180262327194214,0.5945090055465698,0.43241408467292786,0.4143146276473999,0.21165423095226288,0.10674121230840683,0.004375501535832882,0.004024941939860582,0.3641321659088135,0.03157159313559532,135.81954956054688,91.25105285644531,34.704620361328125,67.56096649169922,247.02137756347656,0.07290568202733994,0.07466667145490646,0.5745722055435181,1.4355274438858032,1.162000060081482,0.017460068687796593,0.02000007964670658,3.000000238418579,0.5,0.05080991983413696,0.3689196705818176,0.038920044898986816,0.860654890537262,0.6880779266357422,0.8843001127243042,0.5895837545394897,0.5357663035392761,0.816185712814331,0.40537506341934204,0.6857042908668518,0.7676534652709961,0.5077548623085022,0.13512490689754486,1.0,0.9787565469741821,0.11189128458499908,0.17276759445667267,1.0,0.018000001087784767,0.004000000189989805,0.014000000432133675,1.162,0.4944683344146676,1.1114826059195069,0.1697416884834194,0.40756902771197223,0.7710441009090011,0.6436727644132536,0.32671273667919165,0.09165393322544027,0.08730034343898296,0.012700054794549942,155.57739215523753,0.901637613773346,0.6389205455780029,0.8453463315963745,0.14696989953517914,0.5318297147750854,0.4827461540699005,0.7342920899391174,0.6884356737136841,0.9787565469741821,0.9859999995678663,0.8126999624073507
trotting,1,action_space,0.0,3.0,0.0,0.5,0.0,0.07999999821186066,-1.0,0.2900000214576721,-1.0,-0.03999999910593033,ramp_up_trot_robustness,ramp_up,1.0,trotting,1000,0.7357229590415955,0.7357229590415955,0.8925942778587341,0.13847418129444122,0.0898442342877388,0.20186445116996765,1.6548792123794556,0.0898442342877388,0.02034762315452099,0.1877751350402832,0.1382572501897812,0.5150054693222046,0.7280718088150024,0.422884464263916,0.33715277910232544,0.20186445116996765,0.09104208648204803,0.00925886444747448,0.0031451573595404625,0.33195000886917114,0.025537027046084404,139.39393615722656,96.39533996582031,33.81206512451172,67.27374267578125,505.7917175292969,0.08060374855995178,0.061083342880010605,0.6467276811599731,1.672775149345398,1.1710000038146973,0.01785188727080822,0.02000007964670658,3.000000238418579,0.5,0.08000031858682632,0.29104387760162354,-0.03895604982972145,0.8779452443122864,0.7023001909255981,0.8023853302001953,0.5726126432418823,0.5224053859710693,0.8302894830703735,0.2712496519088745,0.6876025199890137,0.7797840237617493,0.5296882390975952,0.5,1.0,0.9846328496932983,0.22439388930797577,0.2750673294067383,1.0,0.018000001087784767,0.007000000216066837,0.010999999940395355,1.171,0.5522865927392453,1.1951993164530552,0.14264509509450715,0.37182959832399193,0.8532712398850687,0.5806485848620708,0.30173181218102946,0.11137334423916229,0.0892594363540411,0.010740961879491806,156.16718548949476,0.9261673092842102,0.6653164029121399,0.7802971601486206,0.12722072005271912,0.6000510454177856,0.5148395299911499,0.6996847987174988,0.7368162870407104,0.9846328496932983,0.9890000000596046,0.8180952213513545
trotting,1,action_space,0.0,3.0,0.0,0.5,0.0,0.07999999821186066,-1.0,0.2900000214576721,0.0,0.0,ramp_up_trot_robustness,ramp_up,1.0,trotting,1000,0.7947001457214355,0.7947001457214355,0.8869191408157349,0.1510910987854004,0.09738768637180328,0.19356149435043335,1.2621477842330933,0.09738768637180328,0.023681651800870895,0.20272155106067657,0.15941938757896423,0.584333062171936,0.809583306312561,0.44444799423217773,0.4286779761314392,0.19356149435043335,0.09803396463394165,0.0062034847214818,0.0035240459255874157,0.3320111036300659,0.021658241748809814,142.50440979003906,96.60308837890625,33.88616943359375,67.65209197998047,408.1714782714844,0.07968079298734665,0.06808333843946457,0.6430982351303101,1.6994285583496094,1.165000081062317,0.017738379538059235,0.02000007964670658,3.000000238418579,0.5,0.08000031858682632,0.2910797595977783,0.0,0.8677616715431213,0.7237764596939087,0.866538941860199,0.5709628462791443,0.49286606907844543,0.8408868312835693,0.42547523975372314,0.6687566041946411,0.7798265218734741,0.5385791063308716,0.5,1.0,0.9911777377128601,0.46915990114212036,0.5060011744499207,1.0,0.018000001087784767,0.007000000216066837,0.010999999940395355,1.165,0.5520156270956277,1.2077818020531308,0.15388843946466835,0.3992735748568445,0.8997684737267477,0.6547350426939429,0.31310376017215386,0.09862824467194585,0.08869189769029617,0.011308500543236732,160.67350813848947,0.9127309918403625,0.6875226497650146,0.823204517364502,0.1762625128030777,0.6484535932540894,0.5147766470909119,0.6944158673286438,0.7114737629890442,0.9911777377128601,0.9890000000596046,0.8290682843862436
trotting,1,action_space,0.0,3.0,0.0,0.5,0.0,0.07999999821186066,-1.0,0.2900000214576721,1.0,0.03999999910593033,ramp_up_trot_robustness,ramp_up,1.0,trotting,1000,0.7478739023208618,0.7478739023208618,0.879027783870697,0.17101964354515076,0.10417978465557098,0.20279306173324585,1.2430815696716309,0.10417978465557098,0.03190245479345322,0.2077454924583435,0.16650578379631042,0.5530368089675903,0.6853528022766113,0.4514079689979553,0.37493282556533813,0.20279306173324585,0.10473276674747467,0.006074757780879736,0.004249864257872105,0.3602701723575592,0.02600903809070587,152.73817443847656,108.31954956054688,33.83154296875,66.50726318359375,520.8323974609375,0.08214109390974045,0.05641666799783707,0.6058979630470276,1.667884349822998,1.1570000648498535,0.017580546438694,0.02000007964670658,3.000000238418579,0.5,0.08000031858682632,0.2910798490047455,0.03892005607485771,0.8516107797622681,0.7045682668685913,0.8650655746459961,0.5532357692718506,0.5023351907730103,0.822096586227417,0.395879864692688,0.6563754081726074,0.7609204053878784,0.5135818719863892,0.5,1.0,0.9842677116394043,0.22511136531829834,0.2785264253616333,1.0,0.01900000125169754,0.0010000000474974513,0.018000001087784767,1.157,0.523680163542567,1.2006495927411467,0.17861258296506777,0.4080512024198807,0.8278603760759488,0.6123175855431053,0.3236244223594299,0.10161014732177018,0.08790273219347,0.012097666040062904,173.75807368216704,0.8895933032035828,0.6628210544586182,0.8134323954582214,0.15241767466068268,0.5944131016731262,0.48648932576179504,0.6974043846130371,0.7542108297348022,0.9842677116394043,0.9819999989122152,0.809723995339412
trotting,1,action_space,0.0,3.0,0.0,0.5,0.0,0.07999999821186066,0.0,0.33000001311302185,-1.0,-0.03999999910593033,ramp_up_trot_robustness,ramp_up,1.0,trotting,1000,0.7797055244445801,0.7797055244445801,0.8713959455490112,0.1546095609664917,0.09581045806407928,0.21711581945419312,1.3501334190368652,0.09581045806407928,0.024886000901460648,0.19425711035728455,0.16195550560951233,0.5271390676498413,0.6300901174545288,0.4072479009628296,0.32789719104766846,0.21711581945419312,0.09759324789047241,0.01140860840678215,0.0037549908738583326,0.36427927017211914,0.02626786008477211,147.99136352539062,101.2099609375,34.3323860168457,67.49431610107422,543.7711791992188,0.0799621045589447,0.07083334028720856,0.7273055911064148,1.9471430778503418,1.1670000553131104,0.017427915707230568,0.02000007964670658,3.000000238418579,0.5,0.08000031858682632,0.33000147342681885,-0.038920044898986816,0.8570044040679932,0.6761734485626221,0.7720260620117188,0.6081544160842896,0.5072075128555298,0.8073524236679077,0.4031876027584076,0.6919485926628113,0.7710944414138794,0.5123944282531738,0.5,1.0,0.9911776781082153,0.46916037797927856,0.5060044527053833,1.0,0.018000001087784767,0.004999999888241291,0.013000000268220901,1.167,0.6232266855117288,1.291705402498134,0.15775297430305601,0.4024369585531532,0.7937821599497741,0.5726230793878888,0.31239918036139663,0.12314056716062535,0.08713957853615284,0.012860819697380066,169.8325133153456,0.9088125228881836,0.6241323947906494,0.7383982539176941,0.15757505595684052,0.5913441181182861,0.48260414600372314,0.6589381098747253,0.7017579674720764,0.9911776781082153,0.9869999997317791,0.7978202538230481
trotting,1,action_space,0.0,3.0,0.0,0.5,0.0,0.07999999821186066,0.0,0.33000001311302185,0.0,0.0,ramp_up_trot_robustness,ramp_up,1.0,trotting,1000,0.8736870288848877,0.8736870288848877,0.8845552206039429,0.15734225511550903,0.09285475313663483,0.21476230025291443,1.4098484516143799,0.09285475313663483,0.022267216816544533,0.2012423723936081,0.1544700264930725,0.5202449560165405,0.6502769589424133,0.4270964562892914,0.4007999300956726,0.21476230025291443,0.1195390447974205,0.006486927159130573,0.0041324966587126255,0.34537041187286377,0.029309025034308434,149.92152404785156,106.80441284179688,33.846378326416016,66.51532745361328,437.3282775878906,0.08083476126194,0.04641667380928993,0.6423976421356201,1.705039620399475,1.1630001068115234,0.017691101878881454,0.02000007964670658,3.000000238418579,0.5,0.08000031858682632,0.33000147342681885,0.0,0.8662194013595581,0.6994602084159851,0.858356237411499,0.5981743335723877,0.5332948565483093,0.8245904445648193,0.3961105942726135,0.6613354086875916,0.7783992290496826,0.5287492275238037,0.5,1.0,1.0,1.0,1.0,1.0,0.018000001087784767,0.0020000000949949026,0.01600000075995922,1.163,0.5523624961374141,1.2108138259245662,0.14922203864223452,0.39302675035304213,0.8063975191817081,0.6330876164447324,0.3457441898245298,0.10305058863414221,0.08845550939440727,0.011544888839125633,169.48803257923285,0.9057188630104065,0.6305086016654968,0.8086504936218262,0.15642277896404266,0.5564485788345337,0.5012046098709106,0.6931439638137817,0.7928799986839294,1.0,0.9839999992400408,0.8082620926583425
trotting,1,action_space,0.0,3.0,0.0,0.5,0.0,0.07999999821186066,0.0,0.33000001311302185,1.0,0.03999999910593033,ramp_up_trot_robustness,ramp_up,1.0,trotting,1000,0.7850168943405151,0.7850168943405151,0.8915838599205017,0.13809844851493835,0.08799205720424652,0.22117987275123596,1.6304559707641602,0.08799205720424652,0.021678121760487556,0.18895773589611053,0.16068214178085327,0.5671283602714539,0.8768014907836914,0.4292827844619751,0.43417632579803467,0.22117987275123596,0.11692984402179718,0.005063929595053196,0.004241578746587038,0.3547987937927246,0.02158075012266636,140.77041625976562,94.17013549804688,33.96219253540039,67.62213134765625,636.0210571289062,0.08068661391735077,0.05391667038202286,0.6386092901229858,1.7222230434417725,1.1660001277923584,0.017831681296229362,0.02000007964670658,3.000000238418579,0.5,0.08000031858682632,0.33000147342681885,0.03892005607485771,0.8772245645523071,0.6821577548980713,0.8693060874938965,0.5950585603713989,0.5283464193344116,0.8084357380867004,0.3269515037536621,0.7174616456031799,0.7767845988273621,0.516973614692688,0.5,1.0,0.9911776781082153,0.4691602885723114,0.5060038566589355,1.0,0.018000001087784767,0.006000000052154064,0.012000000104308128,1.166,0.5476923266978452,1.2153333195144356,0.14723492031609742,0.4008517703351867,0.9363767888962709,0.658920576244235,0.3419500607132527,0.0964650628032773,0.08915840648114681,0.010841991752386093,157.88802667683717,0.9265523552894592,0.6131134033203125,0.8301821351051331,0.12694282829761505,0.6494593620300293,0.4918420910835266,0.691246509552002,0.763697624206543,0.9911776781082153,0.9879999998956919,0.8289078964063754
trotting,1,action_space,0.0,3.0,0.0,0.5,0.0,0.07999999821186066,1.0,0.3700000047683716,-1.0,-0.03999999910593033,ramp_up_trot_robustness,ramp_up,1.0,trotting,1000,0.7380017638206482,0.7380017638206482,0.8772664666175842,0.16036570072174072,0.08450505137443542,0.2195807695388794,1.6009935140609741,0.08450505137443542,0.022529445588588715,0.20148512721061707,0.16024333238601685,0.5615803003311157,0.7772339582443237,0.4033174216747284,0.3674291968345642,0.2195807695388794,0.137742280960083,0.009391394443809986,0.0075205969624221325,0.3604612946510315,0.03035137616097927,146.72598266601562,101.51985168457031,34.29939270019531,67.71009826660156,558.776123046875,0.08237473666667938,0.05483333766460419,0.6970703601837158,1.8571975231170654,1.1610000133514404,0.017545336857438087,0.02000007964670658,3.000000238418579,0.5,0.08000031858682632,0.3689196705818176,-0.03892003744840622,0.8632732629776001,0.7018991708755493,0.7772971391677856,0.6176937222480774,0.5119818449020386,0.8238233327865601,0.3317582607269287,0.6732264757156372,0.7823772430419922,0.5098707675933838,0.5,1.0,0.9842677116394043,0.22511136531829834,0.27852654457092285,1.0,0.018000001087784767,0.006000000052154064,0.012000000104308128,1.161,0.6004050925925926,1.2647740211271716,0.15009811987026592,0.40030404992457524,0.8816087330807946,0.6061593823694922,0.37113647215018225,0.1300461126148418,0.08772668428719044,0.012273713946342468,167.25360907927652,0.9022455215454102,0.6174500584602356,0.7130242586135864,0.12853136658668518,0.5449683666229248,0.4863033890724182,0.6703781485557556,0.7602053284645081,0.9842677116394043,0.9879999998956919,0.7866537816440449
trotting,1,action_space,0.0,3.0,0.0,0.5,0.0,0.07999999821186066,1.0,0.3700000047683716,0.0,0.0,ramp_up_trot_robustness,ramp_up,1.0,trotting,1000,0.7740612626075745,0.7740612626075745,0.8709394335746765,0.16902801394462585,0.09698453545570374,0.2411065548658371,1.7297439575195312,0.09698453545570374,0.026355702430009842,0.1863618791103363,0.1663593351840973,0.5360552072525024,0.7063029408454895,0.42609715461730957,0.4224306344985962,0.2411065548658371,0.1770213097333908,0.007237779907882214,0.00669404212385416,0.3526484966278076,0.03450673446059227,149.29742431640625,101.58572387695312,33.611488342285156,66.6033935546875,201.81491088867188,0.08238211274147034,0.053666673600673676,0.6804957389831543,1.7509374618530273,1.159000039100647,0.017418790608644485,0.02000007964670658,3.000000238418579,0.5,0.08000031858682632,0.3688613176345825,0.0,0.8564403057098389,0.6637436151504517,0.8141849040985107,0.6076005697250366,0.5428450107574463,0.7948164939880371,0.2914404273033142,0.7374500036239624,0.7784030437469482,0.5233341455459595,0.5,1.0,0.9906880259513855,0.47023189067840576,0.5089480876922607,1.0,0.018000001087784767,0.003000000026077032,0.015000000596046448,1.159,0.5871404033986735,1.2291180715546657,0.16234439451366914,0.4078717141260194,0.8404183130117343,0.6499466397317523,0.4207390042929117,0.11803313954875713,0.08709395304322243,0.012906445190310478,171.42113281474826,0.8920064568519592,0.5591577291488647,0.7568150162696838,0.10467886179685593,0.5015085339546204,0.4939618408679962,0.6854478716850281,0.7646528482437134,0.9906880259513855,0.9849999994039536,0.7848603626092275
trotting,1,action_space,0.0,3.0,0.0,0.5,0.0,0.07999999821186066,1.0,0.3700000047683716,1.0,0.03999999910593033,ramp_up_trot_robustness,ramp_up,1.0,trotting,1000,0.7473602294921875,0.7473602294921875,0.8868271112442017,0.1523752510547638,0.09753109514713287,0.20968550443649292,1.4368528127670288,0.09753109514713287,0.029292238876223564,0.19888877868652344,0.16385290026664734,0.5601661205291748,0.7156301736831665,0.42388197779655457,0.37067514657974243,0.20968550443649292,0.09467659890651703,0.0053569236770272255,0.004202914424240589,0.36797767877578735,0.03107454627752304,141.81668090820312,97.0095443725586,34.165855407714844,67.34823608398438,550.0659790039062,0.0802089124917984,0.05016666650772095,0.6408944725990295,1.6065771579742432,1.1570000648498535,0.017736535519361496,0.02000007964670658,3.000000238418579,0.5,0.08000031858682632,0.3689196705818176,0.03892005234956741,0.8660948276519775,0.6876853108406067,0.8720881342887878,0.5997612476348877,0.5230705738067627,0.8187370300292969,0.3599124550819397,0.690122127532959,0.7686841487884521,0.4998789429664612,0.5,1.0,0.9842677116394043,0.22511136531829834,0.2785263955593109,1.0,0.018000001087784767,0.004000000189989805,0.014000000432133675,1.157,0.5539277520999892,1.178376609320872,0.17114975570015742,0.40478747543204363,0.8459492737056794,0.6088309671655528,0.3076956270513395,0.09777442457651088,0.08868267759680748,0.011317720636725426,159.91468811687207,0.9113093614578247,0.6442424654960632,0.8259700536727905,0.132298082113266,0.5371429920196533,0.479047566652298,0.7067043781280518,0.7781520485877991,0.9842677116394043,0.9859999995678663,0.8105350330663034
trotting,1,action_space,0.0,3.0,0.0,0.5,1.0,0.10999999940395355,-1.0,0.2900000214576721,-1.0,-0.03999999910593033,ramp_up_trot_robustness,ramp_up,1.0,trotting,1000,0.7197452187538147,0.7197452187538147,0.8738338947296143,0.16112565994262695,0.10512779653072357,0.20511013269424438,1.542310118675232,0.10512779653072357,0.036654986441135406,0.19065269827842712,0.14230181276798248,0.5526472330093384,0.7963742613792419,0.4406042695045471,0.39063701033592224,0.20511013269424438,0.09988316148519516,0.010474951937794685,0.00453306594863534,0.3533501625061035,0.04198455065488815,162.488525390625,120.18067932128906,33.562652587890625,67.03688049316406,368.53350830078125,0.08836358040571213,0.052166666835546494,0.7198988199234009,2.0343105792999268,1.1679999828338623,0.017476679757237434,0.02000007964670658,3.000000238418579,0.5,0.10926234722137451,0.2909837067127228,-0.039016131311655045,0.8617706298828125,0.6908220052719116,0.7992168068885803,0.5738632678985596,0.5262358784675598,0.821105420589447,0.33309951424598694,0.6759296655654907,0.7757446765899658,0.5160767436027527,0.8657755851745605,1.0,0.9804611206054688,0.11012859642505646,0.16455698013305664,1.0,0.017000000923871994,0.003000000026077032,0.014000000432133675,1.168,0.6163517155059396,1.3197364264648395,0.19145492012778206,0.3772291250261338,0.8923980397665842,0.6250096081948838,0.3160429741114255,0.12250721565046699,0.08738339878618717,0.012616999447345734,185.9489845503223,0.9013641476631165,0.6565859913825989,0.7406994700431824,0.10275477916002274,0.43184393644332886,0.493269145488739,0.6469889283180237,0.770409345626831,0.9804611206054688,0.9859999995678663,0.7769209279272801
trotting,1,action_space,0.0,3.0,0.0,0.5,1.0,0.10999999940395355,-1.0,0.2900000214576721,0.0,0.0,ramp_up_trot_robustness,ramp_up,1.0,trotting,1000,0.7460682988166809,0.7460682988166809,0.8859575986862183,0.15585443377494812,0.07873479276895523,0.1826976239681244,1.609428882598877,0.07873479276895523,0.01649799384176731,0.19255083799362183,0.1641864776611328,0.5248239636421204,0.58782559633255,0.431742787361145,0.37531277537345886,0.1826976239681244,0.07585363835096359,0.006801700685173273,0.003966154530644417,0.349459707736969,0.02339766174554825,157.7692413330078,115.15150451660156,33.63246154785156,66.7877197265625,624.1908569335938,0.08959197252988815,0.03733333200216293,0.6919819116592407,2.0577762126922607,1.1590001583099365,0.017719153314828873,0.02000007964670658,3.000000238418579,0.5,0.10919077694416046,0.2910792827606201,0.0,0.8685503005981445,0.7210313081741333,0.8402217626571655,0.578378438949585,0.5203185081481934,0.8416649103164673,0.34633615612983704,0.702078640460968,0.7793843150138855,0.5199004411697388,0.8648808002471924,1.0,0.9842678308486938,0.2251015603542328,0.2784593999385834,1.0,0.018000001087784767,0.004999999888241291,0.013000000268220901,1.159,0.5970508486572477,1.3324697054726913,0.12844451658894324,0.40519930609655885,0.7666978520463913,0.6126277624899633,0.2754153923639047,0.10376827653872685,0.08859576657414436,0.011404631659388542,178.07764340749824,0.907408595085144,0.716208279132843,0.8062534928321838,0.1437918096780777,0.626282811164856,0.497122198343277,0.6415495276451111,0.8297202587127686,0.9842678308486938,0.9869999997317791,0.8176622381195043
trotting,1,action_space,0.0,3.0,0.0,0.5,1.0,0.10999999940395355,-1.0,0.2900000214576721,1.0,0.03999999910593033,ramp_up_trot_robustness,ramp_up,1.0,trotting,1000,0.7324492931365967,0.7324492931365967,0.863640546798706,0.16159552335739136,0.08954150974750519,0.19502988457679749,1.421177625656128,0.08954150974750519,0.02144845947623253,0.19735826551914215,0.15380895137786865,0.5637117624282837,0.7345167398452759,0.4194168448448181,0.33403605222702026,0.19502988457679749,0.0955502837896347,0.004387884400784969,0.003953018691390753,0.34471648931503296,0.02328965626657009,152.16134643554688,106.19132232666016,33.61836242675781,67.55284118652344,478.80560302734375,0.0880775898694992,0.06091667711734772,0.7782867550849915,2.28818416595459,1.1640000343322754,0.017272811383008957,0.02000007964670658,3.000000238418579,0.5,0.10919156670570374,0.29107823967933655,0.038921743631362915,0.8638272285461426,0.7250705361366272,0.8813202381134033,0.5801225900650024,0.49686199426651,0.8402199745178223,0.3558725416660309,0.6715801954269409,0.7813358306884766,0.5328633785247803,0.8648908734321594,1.0,0.9787577390670776,0.11187264323234558,0.17262840270996094,1.0,0.018000001087784767,0.004999999888241291,0.013000000268220901,1.164,0.6686312226495382,1.4020677176608025,0.14645292580290956,0.39218484338111365,0.8570395205854138,0.5779585211994198,0.30911208936182794,0.09132854478297418,0.08636405691504478,0.013636341318488121,176.1859688033059,0.9008176326751709,0.6836107969284058,0.8463535904884338,0.15721409022808075,0.6276370882987976,0.5018605589866638,0.6117396950721741,0.7374305725097656,0.9787577390670776,0.9869999997317791,0.8205431797183477
trotting,1,action_space,0.0,3.0,0.0,0.5,1.0,0.10999999940395355,0.0,0.33000001311302185,-1.0,-0.03999999910593033,ramp_up_trot_robustness,ramp_up,1.0,trotting,1000,0.7344121932983398,0.7344121932983398,0.8707067966461182,0.1743430346250534,0.10158894956111908,0.23123708367347717,1.546094536781311,0.10158894956111908,0.033801279962062836,0.2116195559501648,0.18145111203193665,0.5878356695175171,1.073989748954773,0.47064775228500366,0.5640852451324463,0.23123708367347717,0.17952550947666168,0.011089883744716644,0.008917645551264286,0.3780142366886139,0.04114215821027756,175.84542846679688,128.42422485351562,33.12986373901367,66.13338470458984,611.6107788085938,0.09256161749362946,0.052916668355464935,0.7107139229774475,2.083773612976074,1.1430000066757202,0.017414141446352005,0.02000007964670658,3.000000238418579,0.5,0.10911013931035995,0.33000147342681885,-0.038813162595033646,0.848956823348999,0.6916911602020264,0.7756912708282471,0.5821314454078674,0.5205424427986145,0.8114184737205505,0.3296775221824646,0.6618419289588928,0.7696489095687866,0.5011805295944214,0.8638730049133301,1.0,0.9825708866119385,0.22746026515960693,0.2851611375808716,0.9995999932289124,0.020000001415610313,0.004000000189989805,0.01600000075995922,1.143,0.6217969091754155,1.3502125290406333,0.1838512441134485,0.42597078776828895,1.0363347668368426,0.7510560865424408,0.4237045072649826,0.14144797381362847,0.08707070723176003,0.01292969100177288,201.95711018236813,0.885518491268158,0.5858415961265564,0.6702191233634949,0.10837909579277039,0.43918120861053467,0.4695274829864502,0.6339606046676636,0.7675256729125977,0.9825708866119385,0.9839999992400408,0.7552531068332685
trotting,1,action_space,0.0,3.0,0.0,0.5,1.0,0.10999999940395355,0.0,0.33000001311302185,0.0,0.0,ramp_up_trot_robustness,ramp_up,1.0,trotting,1000,0.7985837459564209,0.7985837459564209,0.8840552568435669,0.16046300530433655,0.08985941112041473,0.19713562726974487,1.1038610935211182,0.08985941112041473,0.02378186769783497,0.2230217158794403,0.17453491687774658,0.5599480867385864,0.719488263130188,0.4273076057434082,0.356598436832428,0.19713562726974487,0.09251418709754944,0.00567377544939518,0.0029502036049962044,0.3767116069793701,0.023499630391597748,162.65184020996094,118.18794250488281,34.292724609375,67.73074340820312,514.6604614257812,0.08962985873222351,0.04350000619888306,0.698192298412323,2.0557546615600586,1.162000060081482,0.01768110692501068,0.02000007964670658,3.000000238418579,0.5,0.10914883017539978,0.33000147342681885,0.0,0.8613442778587341,0.7163625359535217,0.8709428310394287,0.5875873565673828,0.5232682228088379,0.8335457444190979,0.4846169054508209,0.6201671957969666,0.7705562710762024,0.49877482652664185,0.8643563985824585,1.0,0.9906908273696899,0.47017765045166016,0.5085738897323608,1.0,0.01900000125169754,0.004000000189989805,0.015000000596046448,1.162,0.6008539249072181,1.3300947382146877,0.15421370787914726,0.4177737627924312,0.8482265399822078,0.5971586362369952,0.3041614490653762,0.09286538135597885,0.0884055346250534,0.0115948636084795,183.98379394371057,0.9021328091621399,0.6779887676239014,0.8415754437446594,0.206078439950943,0.625006914138794,0.4707522988319397,0.6425645351409912,0.8045275807380676,0.9906908273696899,0.9849999994039536,0.8185395422654275
trotting,1,action_space,0.0,3.0,0.0,0.5,1.0,0.10999999940395355,0.0,0.33000001311302185,1.0,0.03999999910593033,ramp_up_trot_robustness,ramp_up,1.0,trotting,1000,0.7549218535423279,0.7549218535423279,0.8864134550094604,0.16049489378929138,0.10799285024404526,0.18938884139060974,1.3036580085754395,0.10799285024404526,0.03545784577727318,0.2071053385734558,0.16019359230995178,0.5294634103775024,0.6289652585983276,0.42330265045166016,0.3711332082748413,0.18938884139060974,0.09154675155878067,0.004144749604165554,0.0036783795803785324,0.35069751739501953,0.03363443911075592,164.06365966796875,120.18675994873047,33.420448303222656,66.45379638671875,309.35797119140625,0.08934199810028076,0.048083335161209106,0.7120569944381714,2.0506391525268555,1.1700000762939453,0.017728282138705254,0.02000007964670658,3.000000238418579,0.5,0.10919031500816345,0.33000147342681885,0.03892003744840622,0.8624997138977051,0.7262914180755615,0.8929368257522583,0.5993325710296631,0.5213029384613037,0.8397401571273804,0.39924949407577515,0.6548282504081726,0.7760951519012451,0.5199099779129028,0.8648751378059387,1.0,0.9842677116394043,0.22511135041713715,0.2785264849662781,1.0,0.018000001087784767,0.003000000026077032,0.015000000596046448,1.17,0.6085957323384081,1.3238892832111713,0.18830253789387222,0.4002419172325055,0.7930732996377622,0.6092070323583283,0.3025669373192991,0.0884484549584903,0.08864141069352627,0.011358987540006638,185.08705925071698,0.9020959138870239,0.6985969543457031,0.8551635146141052,0.1336120218038559,0.5103345513343811,0.49589303135871887,0.645215630531311,0.7863001823425293,0.9842677116394043,0.9849999994039536,0.8091638485590616
trotting,1,action_space,0.0,3.0,0.0,0.5,1.0,0.10999999940395355,1.0,0.3700000047683716,-1.0,-0.03999999910593033,ramp_up_trot_robustness,ramp_up,1.0,trotting,1000,0.7203130722045898,0.7203130722045898,0.8910897970199585,0.14193446934223175,0.0922563374042511,0.2108643651008606,1.634171962738037,0.0922563374042511,0.02404394932091236,0.18691204488277435,0.15854299068450928,0.5377936363220215,0.7888197898864746,0.4078986644744873,0.4189983308315277,0.2108643651008606,0.11125651746988297,0.012743176892399788,0.0033569312654435635,0.36006855964660645,0.026255130767822266,159.812744140625,111.19662475585938,33.95189666748047,66.7093505859375,411.4241027832031,0.09034951031208038,0.04533333331346512,0.8159257173538208,2.4758260250091553,1.1600000858306885,0.017821799963712692,0.02000007964670658,3.000000238418579,0.5,0.10919035971164703,0.3689196705818176,-0.03892011195421219,0.8810434341430664,0.6953471899032593,0.7599211931228638,0.6219097971916199,0.521999716758728,0.8191087245941162,0.3253346085548401,0.7173072099685669,0.7886393070220947,0.5139932632446289,0.8648755550384521,1.0,0.9787564873695374,0.1118907555937767,0.1727641373872757,1.0,0.018000001087784767,0.0010000000474974513,0.017000000923871994,1.16,0.7033841889480065,1.4609355551572893,0.15506111479320778,0.3981745731265487,0.8881552735228647,0.6473008039787435,0.33355137156048836,0.12688620160538872,0.08910899981856346,0.010891398414969444,179.3452743764785,0.9225796461105347,0.6410564184188843,0.7246966361999512,0.12062713503837585,0.5914946794509888,0.48668551445007324,0.5864996910095215,0.7971864938735962,0.9787564873695374,0.982999999076128,0.7942060692570148
trotting,1,action_space,0.0,3.0,0.0,0.5,1.0,0.10999999940395355,1.0,0.3700000047683716,0.0,0.0,ramp_up_trot_robustness,ramp_up,1.0,trotting,1000,0.7494162321090698,0.7494162321090698,0.8751150369644165,0.16574397683143616,0.08331471681594849,0.22193723917007446,1.414893388748169,0.08331471681594849,0.020500866696238518,0.1933128386735916,0.15299758315086365,0.527577817440033,0.613584578037262,0.4217834174633026,0.4139942228794098,0.22193723917007446,0.12212806940078735,0.006912780925631523,0.0029283850453794003,0.36715400218963623,0.02578892558813095,161.17962646484375,115.48143768310547,33.12970733642578,65.83395385742188,325.4703369140625,0.08947442471981049,0.04825000464916229,0.5685620307922363,1.6494277715682983,1.159000039100647,0.01750229485332966,0.02000007964670658,3.000000238418579,0.5,0.10919031500816345,0.3689195513725281,0.0,0.8632222414016724,0.6804449558258057,0.8530044555664062,0.6127561330795288,0.5329853296279907,0.8062829971313477,0.39798659086227417,0.6807438135147095,0.7749630212783813,0.5027160048484802,0.8648751378059387,1.0,0.9842677712440491,0.22511136531829834,0.27852654457092285,1.0,0.018000001087784767,0.004000000189989805,0.014000000432133675,1.159,0.49056256403688525,1.1929573805459124,0.14318123723532536,0.39114905490217367,0.7833163971456629,0.6434238283428815,0.3494682666577716,0.09920265102813998,0.08751147426664829,0.012488923966884613,184.1810729523524,0.8959378004074097,0.6110592484474182,0.8213357329368591,0.16123203933238983,0.5970355868339539,0.4798373878002167,0.7006219625473022,0.7856451869010925,0.9842677712440491,0.9859999995678663,0.8118349232543738
trotting,1,action_space,0.0,3.0,0.0,0.5,1.0,0.10999999940395355,1.0,0.3700000047683716,1.0,0.03999999910593033,ramp_up_trot_robustness,ramp_up,1.0,trotting,1000,0.7276623249053955,0.7276623249053955,0.8830812573432922,0.1538805365562439,0.09333270788192749,0.22578437626361847,1.4502534866333008,0.09333270788192749,0.02859032340347767,0.19378356635570526,0.15633055567741394,0.5666035413742065,0.7746471762657166,0.4108625054359436,0.3338625431060791,0.22578437626361847,0.12034176290035248,0.005940296221524477,0.0038747992366552353,0.39114686846733093,0.02765127271413803,157.5609130859375,111.60753631591797,33.72972869873047,66.89464569091797,257.058349609375,0.08875410258769989,0.051083337515592575,0.7071026563644409,2.0005311965942383,1.162000060081482,0.017661618068814278,0.02000007964670658,3.000000238418579,0.5,0.10923531651496887,0.3689795732498169,0.038980092853307724,0.8664510846138,0.6691125631332397,0.8651515245437622,0.6091818809509277,0.5311636924743652,0.8009966015815735,0.361596941947937,0.6961991786956787,0.7686340808868408,0.4869158864021301,0.8654376864433289,1.0,0.9799367785453796,0.1107148677110672,0.1682085394859314,1.0,0.017000000923871994,0.004000000189989805,0.013000000268220901,1.162,0.6085220310651086,1.3121079878012274,0.16908673337514588,0.395386590158814,0.8801404298552116,0.5778083965347675,0.34690310304226524,0.09907116360566132,0.08830809034407139,0.011692307889461517,178.42176105056512,0.9096304178237915,0.6006242036819458,0.8217641115188599,0.13238248229026794,0.5752068758010864,0.4573557674884796,0.6502444744110107,0.7745936512947083,0.9799367785453796,0.9869999997317791,0.8075205674156164
trotting,1,action_space,1.0,3.4000000953674316,0.0,0.5,-1.0,0.04999999701976776,-1.0,0.2900000214576721,-1.0,-0.03999999910593033,ramp_up_trot_robustness,ramp_up,1.0,trotting,1000,0.7124080657958984,0.7124080657958984,0.8559077978134155,0.17405134439468384,0.10788015276193619,0.2339521050453186,1.2262852191925049,0.10788015276193619,0.03306468948721886,0.19633400440216064,0.1531803011894226,0.5750042200088501,0.7464564442634583,0.38696563243865967,0.33766669034957886,0.2339521050453186,0.12705391645431519,0.01343828160315752,0.0035483837127685547,0.3369511365890503,0.030901789665222168,140.23529052734375,94.60082244873047,33.49524688720703,65.7707290649414,536.8445434570312,0.0713547095656395,0.060583338141441345,0.6325093507766724,1.520185947418213,1.3020000457763672,0.017118152230978012,0.02000007964670658,3.389341115951538,0.5,0.05080016702413559,0.2910669445991516,-0.03893302381038666,0.8460701704025269,0.6671718955039978,0.7624152898788452,0.64293372631073,0.5001291036605835,0.8016326427459717,0.43443089723587036,0.6798092126846313,0.7574101686477661,0.5307936668395996,0.13500341773033142,1.0,0.9743783473968506,0.05851694568991661,0.12118016183376312,1.0,0.018000001087784767,0.004000000189989805,0.014000000432133675,1.302,0.48579826296382966,1.0805449608666902,0.18183698602654758,0.3913825509516522,0.8639771086455117,0.5810909484319807,0.3564462322066474,0.13033290189329044,0.08559076115489006,0.014409637078642845,163.84392207385227,0.8858785033226013,0.5784889459609985,0.7119601964950562,0.15143799781799316,0.5390021204948425,0.5097156167030334,0.7468474507331848,0.7386606335639954,0.9743783473968506,0.9859999995678663,0.7861927154545602
trotting,1,action_space,1.0,3.4000000953674316,0.0,0.5,-1.0,0.04999999701976776,-1.0,0.2900000214576721,0.0,0.0,ramp_up_trot_robustness,ramp_up,1.0,trotting,1000,0.7260760068893433,0.7260760068893433,0.8858896493911743,0.1814245879650116,0.09148994088172913,0.2167843133211136,1.3466482162475586,0.09148994088172913,0.024860329926013947,0.19538375735282898,0.1568516492843628,0.5883772373199463,0.9154146909713745,0.41545355319976807,0.43161165714263916,0.2167843133211136,0.12816455960273743,0.008459705859422684,0.009136722423136234,0.33992186188697815,0.028756357729434967,155.2879638671875,106.14051818847656,34.13160705566406,67.32784271240234,641.0868530273438,0.0731343924999237,0.06333333998918533,0.681416392326355,1.6301952600479126,1.2999999523162842,0.01771778240799904,0.02000007964670658,3.3888511657714844,0.5,0.05083687603473663,0.29111582040786743,0.0,0.8479869961738586,0.6978354454040527,0.8142650127410889,0.623139500617981,0.49166494607925415,0.8182364702224731,0.40139859914779663,0.6866778135299683,0.7678358554840088,0.5397656559944153,0.13546214997768402,1.0,0.9782321453094482,0.1124768853187561,0.1764145940542221,0.9998000264167786,0.018000001087784767,0.0020000000949949026,0.01600000075995922,1.3,0.5241664006159856,1.1198197624307802,0.15767158883582655,0.39604500916482055,0.9567730613742083,0.656971580163586,0.3580007815672159,0.1326515295145854,0.0885889120399952,0.011411486193537712,175.29041452725946,0.8766394257545471,0.6250308156013489,0.7033303380012512,0.15820640325546265,0.5626333355903625,0.5066961646080017,0.7308850884437561,0.7285735607147217,0.9782321453094482,0.9839999992400408,0.7853261726215863
trotting,1,action_space,1.0,3.4000000953674316,0.0,0.5,-1.0,0.04999999701976776,-1.0,0.2900000214576721,1.0,0.03999999910593033,ramp_up_trot_robustness,ramp_up,1.0,trotting,1000,0.7211766242980957,0.7211766242980957,0.888312816619873,0.15183556079864502,0.1215781569480896,0.19965770840644836,1.3493905067443848,0.1215781569480896,0.04264470934867859,0.2104828953742981,0.15413957834243774,0.619208812713623,0.9130708575248718,0.3960775136947632,0.3725951313972473,0.19965770840644836,0.10314858704805374,0.004310094751417637,0.006337826140224934,0.334930419921875,0.036772385239601135,142.64508056640625,97.27973937988281,34.086509704589844,67.02290344238281,397.26153564453125,0.07025665044784546,0.07233333587646484,0.6864253878593445,1.699953317642212,1.2980000972747803,0.017766252160072327,0.02000007964670658,3.389213800430298,0.5,0.05080972611904144,0.2910796105861664,0.03892027586698532,0.8466924428939819,0.7215663194656372,0.8919289112091064,0.6289907693862915,0.48595499992370605,0.8344266414642334,0.3618205785751343,0.6446691751480103,0.7670891284942627,0.5362644791603088,0.1351228654384613,1.0,0.9742772579193115,0.05862124264240265,0.12285393476486206,1.0,0.018000001087784767,0.007000000216066837,0.010999999940395355,1.298,0.5288330924529324,1.1444087192735495,0.2065059547535581,0.39260613640446035,0.9555474124944674,0.6104057104887267,0.3211675373509187,0.10318876339816545,0.08883126080036163,0.011169137433171272,160.57978439305458,0.9119080305099487,0.6712376475334167,0.8081897497177124,0.11055028438568115,0.47929084300994873,0.51177978515625,0.7207825183868408,0.6965144872665405,0.9742772579193115,0.9890000000596046,0.80530807414116
trotting,1,action_space,1.0,3.4000000953674316,0.0,0.5,-1.0,0.04999999701976776,0.0,0.33000001311302185,-1.0,-0.03999999910593033,ramp_up_trot_robustness,ramp_up,1.0,trotting,1000,0.7163299918174744,0.7163299918174744,0.8655644655227661,0.18657997250556946,0.10758374631404877,0.2304844856262207,1.4879341125488281,0.10758374631404877,0.03232885152101517,0.22566354274749756,0.17037975788116455,0.6148865222930908,0.8174980282783508,0.42479008436203003,0.44831591844558716,0.2304844856262207,0.14770954847335815,0.0094438586384058,0.007231747265905142,0.3667674958705902,0.038025759160518646,152.34213256835938,109.85284423828125,33.527164459228516,65.27639770507812,397.6156005859375,0.07264262437820435,0.06441666930913925,0.5946111679077148,1.3323922157287598,1.2810001373291016,0.017311301082372665,0.02000007964670658,3.388826847076416,0.5,0.05083869397640228,0.33000147342681885,-0.03888167068362236,0.8348861932754517,0.6821539402008057,0.7973165512084961,0.615627646446228,0.46636873483657837,0.8060673475265503,0.36056995391845703,0.6025668382644653,0.7523507475852966,0.5064935684204102,0.13548490405082703,1.0,0.9777817726135254,0.11276514828205109,0.17458614706993103,1.0,0.01900000125169754,0.003000000026077032,0.01600000075995922,1.281,0.46417736616290983,1.0198621119713298,0.17980225671836036,0.41277082973626483,0.9041559756360353,0.669563976364908,0.3843299994449538,0.12913406175099945,0.08655650541186333,0.013443892821669579,176.00321944403166,0.8700119256973267,0.5878808498382568,0.7164031863212585,0.11830239742994308,0.46742555499076843,0.48020845651626587,0.7710286974906921,0.7246378064155579,0.9777817726135254,0.9839999992400408,0.7728740440156215
trotting,1,action_space,1.0,3.4000000953674316,0.0,0.5,-1.0,0.04999999701976776,0.0,0.33000001311302185,0.0,0.0,ramp_up_trot_robustness,ramp_up,1.0,trotting,1000,0.7506006360054016,0.7506006360054016,0.9106401801109314,0.14442703127861023,0.08937210589647293,0.18903790414333344,1.4023692607879639,0.08937210589647293,0.02195284143090248,0.20258429646492004,0.15763947367668152,0.5767877101898193,0.7644296884536743,0.39678269624710083,0.4185917377471924,0.18903790414333344,0.08342216908931732,0.007575752213597298,0.0037241806276142597,0.34201860427856445,0.02525409311056137,140.365234375,94.30978393554688,33.758872985839844,65.81813049316406,654.6783447265625,0.07109187543392181,0.07700000703334808,0.6182745695114136,1.4257782697677612,1.309000015258789,0.01821279712021351,0.02000007964670658,3.389293670654297,0.5,0.05080368369817734,0.33000147342681885,0.0,0.8773077130317688,0.7237870693206787,0.8404927253723145,0.647437572479248,0.49337223172187805,0.8422945737838745,0.3955320715904236,0.6598000526428223,0.7717434167861938,0.5256644487380981,0.13504716753959656,1.0,0.9843122363090515,0.22496116161346436,0.27726948261260986,1.0,0.018000001087784767,0.004000000189989805,0.014000000432133675,1.309,0.47232584884095685,1.0436530857344386,0.1481649129547967,0.39703837809043285,0.8743166980297667,0.6469866596361878,0.28882896165259697,0.10630114223850823,0.09106398560106754,0.008936412632465363,154.1390742915617,0.9199493527412415,0.6995252966880798,0.7977191805839539,0.15859109163284302,0.6034561395645142,0.504575788974762,0.7616235017776489,0.6804506182670593,0.9843122363090515,0.9859999995678663,0.8237918602923552
trotting,1,action_space,1.0,3.4000000953674316,0.0,0.5,-1.0,0.04999999701976776,0.0,0.33000001311302185,1.0,0.03999999910593033,ramp_up_trot_robustness,ramp_up,1.0,trotting,1000,0.7302768230438232,0.7302768230438232,0.8851264715194702,0.15132415294647217,0.1003948301076889,0.18759647011756897,1.4559104442596436,0.1003948301076889,0.031910013407468796,0.20439955592155457,0.16010162234306335,0.5707827210426331,0.7352692484855652,0.39303892850875854,0.4188029170036316,0.18759647011756897,0.08120975643396378,0.00489614624530077,0.003847092390060425,0.36624395847320557,0.022193647921085358,141.05172729492188,95.54379272460938,33.980506896972656,66.37744140625,502.6219177246094,0.07130372524261475,0.06741666793823242,0.6724864840507507,1.6173617839813232,1.305999994277954,0.01770252361893654,0.02000007964670658,3.3892111778259277,0.5,0.050809912383556366,0.33000147342681885,0.03892004117369652,0.867071270942688,0.7222905158996582,0.8840216398239136,0.6565513610839844,0.503774106502533,0.8402845859527588,0.35301685333251953,0.670122504234314,0.7637605667114258,0.5066587328910828,0.13512492179870605,1.0,0.9787564873695374,0.11189127713441849,0.17276763916015625,1.0,0.018000001087784767,0.004000000189989805,0.014000000432133675,1.306,0.5149207122475593,1.112838105043454,0.1786337409546942,0.4001270077651137,0.8574784245014945,0.6471498412297044,0.284973255646848,0.09350528667065405,0.0885126180946827,0.011487780138850212,159.35770969857288,0.912473738193512,0.70333331823349,0.8395705223083496,0.12317973375320435,0.641546905040741,0.48071151971817017,0.7337387800216675,0.7138493657112122,0.9787564873695374,0.9859999995678663,0.8307935139880731
trotting,1,action_space,1.0,3.4000000953674316,0.0,0.5,-1.0,0.04999999701976776,1.0,0.3700000047683716,-1.0,-0.03999999910593033,ramp_up_trot_robustness,ramp_up,1.0,trotting,1000,0.7027833461761475,0.7027833461761475,0.868838906288147,0.17701101303100586,0.10625021159648895,0.20865681767463684,1.6772488355636597,0.10625021159648895,0.03216133266687393,0.23512105643749237,0.1676550954580307,0.5545900464057922,0.6289122104644775,0.3590165972709656,0.31085005402565,0.20865681767463684,0.11562640964984894,0.008147044107317924,0.00479792570695281,0.3805607557296753,0.029091114178299904,144.37417602539062,104.49679565429688,34.25780487060547,66.12507629394531,418.5301513671875,0.07085347175598145,0.08233333379030228,0.6556078195571899,1.503981351852417,1.2950000762939453,0.01737678050994873,0.02000007964670658,3.3898887634277344,0.5,0.05075906962156296,0.3689873218536377,-0.038987867534160614,0.8438941240310669,0.7006047964096069,0.8183255791664124,0.6642659902572632,0.4874776005744934,0.8208878636360168,0.27678418159484863,0.5523386001586914,0.7518283128738403,0.4911295771598816,0.1344895213842392,1.0,0.9757432341575623,0.05757247656583786,0.11752073466777802,1.0,0.017000000923871994,0.004000000189989805,0.013000000268220901,1.295,0.5062608402208012,1.077671350265542,0.17933580977282237,0.40945707401146547,0.7930398542724556,0.5575392847375421,0.3400388355024304,0.11377596325353934,0.08688390254974365,0.013116495683789253,166.16909645792208,0.8822042942047119,0.6470208764076233,0.7719006538391113,0.09822686016559601,0.558879017829895,0.4671422243118286,0.748006284236908,0.6625450849533081,0.9757432341575623,0.9869999997317791,0.7982491359878808
trotting,1,action_space,1.0,3.4000000953674316,0.0,0.5,-1.0,0.04999999701976776,1.0,0.3700000047683716,0.0,0.0,ramp_up_trot_robustness,ramp_up,1.0,trotting,1000,0.72490394115448,0.72490394115448,0.8877816200256348,0.15656805038452148,0.08436600863933563,0.20715102553367615,1.5925536155700684,0.08436600863933563,0.018922924995422363,0.19972562789916992,0.1503858119249344,0.5363783836364746,0.6360288858413696,0.3442229628562927,0.3126075565814972,0.20715102553367615,0.09758950769901276,0.006771590560674667,0.003112873062491417,0.35851824283599854,0.026715809479355812,133.20941162109375,91.60002136230469,34.168155670166016,66.30410766601562,570.67041015625,0.06981365382671356,0.0742500051856041,0.6230974197387695,1.4025806188583374,1.3050000667572021,0.017755623906850815,0.02000007964670658,3.390411138534546,0.5,0.05071990564465523,0.3690395951271057,0.0,0.8714795112609863,0.6905295252799988,0.8618277907371521,0.6866345405578613,0.5096811652183533,0.8192669153213501,0.3314603567123413,0.6624467968940735,0.7645642757415771,0.5095093250274658,0.13399994373321533,1.0,0.9811169505119324,0.10953870415687561,0.1636509895324707,1.0,0.01600000075995922,0.003000000026077032,0.013000000268220901,1.305,0.4774692813098659,1.0367132585184444,0.13756062298282298,0.3877960958092982,0.797514191623804,0.5591131876297475,0.3123931940664085,0.09942063982476719,0.08877811953425407,0.011222278699278831,150.04749886266774,0.906599760055542,0.6510847210884094,0.820624828338623,0.13931578397750854,0.5860699415206909,0.48819687962532043,0.7643774151802063,0.6898714303970337,0.9811169505119324,0.9869999997317791,0.8195610862129774
trotting,1,action_space,1.0,3.4000000953674316,0.0,0.5,-1.0,0.04999999701976776,1.0,0.3700000047683716,1.0,0.03999999910593033,ramp_up_trot_robustness,ramp_up,1.0,trotting,1000,0.7282301187515259,0.7282301187515259,0.9078344702720642,0.1485031545162201,0.08699501305818558,0.21276049315929413,1.2801589965820312,0.08699501305818558,0.021648000925779343,0.2088029384613037,0.16184547543525696,0.5301703810691833,0.5465067028999329,0.35863733291625977,0.3482171297073364,0.21276049315929413,0.10955026745796204,0.004932953044772148,0.002917199395596981,0.3525489866733551,0.029150042682886124,133.7432098388672,87.23175048828125,34.4262809753418,67.13787841796875,567.4217529296875,0.06975637376308441,0.06733333319425583,0.6133580207824707,1.440385103225708,1.3070000410079956,0.018156681209802628,0.02000007964670658,3.3892107009887695,0.5,0.05080990120768547,0.36891961097717285,0.03892004117369652,0.8688802719116211,0.6887480020523071,0.8859962224960327,0.6761648654937744,0.5041239261627197,0.8169546127319336,0.4295688271522522,0.652072548866272,0.7661363482475281,0.5142009258270264,0.13512492179870605,1.0,0.974277138710022,0.058622680604457855,0.12286362051963806,1.0,0.018000001087784767,0.004999999888241291,0.013000000268220901,1.307,0.46928694125980297,1.0497877549050587,0.14713259640806772,0.40230023046880914,0.7392609166592894,0.5900992541152178,0.3309837873037923,0.08860108599994206,0.09078340604901314,0.009216992184519768,147.321140822937,0.915566086769104,0.6359277963638306,0.8547014594078064,0.18030254542827606,0.5582207441329956,0.4940601587295532,0.7591820955276489,0.7141468524932861,0.974277138710022,0.9869999997317791,0.8239410823354356
trotting,1,action_space,1.0,3.4000000953674316,0.0,0.5,0.0,0.07999999821186066,-1.0,0.2900000214576721,-1.0,-0.03999999910593033,ramp_up_trot_robustness,ramp_up,1.0,trotting,1000,0.716386079788208,0.716386079788208,0.8905332684516907,0.1435917317867279,0.10209760069847107,0.1957915723323822,1.5146939754486084,0.10209760069847107,0.030205735936760902,0.20712228119373322,0.16550780832767487,0.6453052759170532,1.0705652236938477,0.3984931409358978,0.41795098781585693,0.1957915723323822,0.10082149505615234,0.013257794082164764,0.005798043683171272,0.3626158535480499,0.033112987875938416,157.88595581054688,110.56425476074219,33.63225555419922,66.37444305419922,452.4569091796875,0.07781527936458588,0.0610833466053009,0.7404642105102539,1.913228988647461,1.3070001602172852,0.017810672521591187,0.02000007964670658,3.3892111778259277,0.5,0.08000031858682632,0.2910797894001007,-0.0389200821518898,0.8692200779914856,0.7246130704879761,0.756645917892456,0.6481436491012573,0.4756736159324646,0.8419636487960815,0.33267727494239807,0.6611560583114624,0.7603169679641724,0.5100753903388977,0.5,1.0,0.9787565469741821,0.11189110577106476,0.17276641726493835,1.0,0.018000001087784767,0.003000000026077032,0.015000000596046448,1.307,0.5665372864563408,1.209889357295928,0.17379797448981074,0.40682650888022875,1.0346812183923353,0.6464912898221111,0.31752400705482464,0.13804288379100182,0.08905336260795593,0.010947035625576973,177.2937198461461,0.9208350777626038,0.6815788149833679,0.6830981373786926,0.12017469853162766,0.5156847238540649,0.48421236872673035,0.69353187084198,0.7368162274360657,0.9787565469741821,0.9849999994039536,0.7853152912396651
trotting,1,action_space,1.0,3.4000000953674316,0.0,0.5,0.0,0.07999999821186066,-1.0,0.2900000214576721,0.0,0.0,ramp_up_trot_robustness,ramp_up,1.0,trotting,1000,0.7517964839935303,0.7517964839935303,0.9210003018379211,0.12168185412883759,0.08450260013341904,0.17088106274604797,1.4107015132904053,0.08450260013341904,0.020554250106215477,0.18991950154304504,0.1577748954296112,0.5634375810623169,0.6770980954170227,0.36952006816864014,0.3047163486480713,0.17088106274604797,0.06289723515510559,0.007469521835446358,0.003235938958823681,0.330693781375885,0.028158482164144516,149.74188232421875,101.13516235351562,34.11634826660156,68.74834442138672,584.3203125,0.07658885419368744,0.05366666987538338,0.7200884819030762,1.8921014070510864,1.3240001201629639,0.018420007079839706,0.02000007964670658,3.3892111778259277,0.5,0.08000031858682632,0.2910798490047455,0.0,0.8958180546760559,0.744792103767395,0.8311460018157959,0.6588417291641235,0.47546058893203735,0.8573058843612671,0.3723897933959961,0.7051039934158325,0.7804081439971924,0.5360416173934937,0.5,1.0,0.9842677116394043,0.22511136531829834,0.27852654457092285,1.0,0.018000001087784767,0.005000000353902578,0.013000000268220901,1.324,0.5438733979654456,1.1954411510353204,0.14336753504965996,0.3972088813579213,0.8228597057925626,0.5520111852563055,0.25079321193984816,0.10346719670634766,0.09210003539919853,0.007900362834334373,162.5861381645568,0.9424938559532166,0.7467660307884216,0.8072602152824402,0.16173654794692993,0.5694013833999634,0.5161346793174744,0.6995836496353149,0.7646528482437134,0.9842677116394043,0.9869999997317791,0.8259045945910306
trotting,1,action_space,1.0,3.4000000953674316,0.0,0.5,0.0,0.07999999821186066,-1.0,0.2900000214576721,1.0,0.03999999910593033,ramp_up_trot_robustness,ramp_up,1.0,trotting,1000,0.7296156883239746,0.7296156883239746,0.8531782031059265,0.2035689353942871,0.12437859177589417,0.2747129201889038,1.0982434749603271,0.12437859177589417,0.059721603989601135,0.24280868470668793,0.2050565630197525,0.7248563766479492,1.6499792337417603,0.4806511700153351,0.6611200571060181,0.2747129201889038,0.28037214279174805,0.006462400313466787,0.023984916508197784,0.39713746309280396,0.05191715806722641,190.81292724609375,133.67681884765625,33.62120819091797,67.0091781616211,411.5641174316406,0.08466826379299164,0.060833342373371124,0.7529230117797852,2.044773817062378,1.2730000019073486,0.01706356555223465,0.02000007964670658,3.387539863586426,0.5,0.08000031858682632,0.2912468910217285,0.03875301033258438,0.817353367805481,0.6795694828033447,0.8335213661193848,0.6082209348678589,0.4564543664455414,0.7917104363441467,0.4670625329017639,0.614063024520874,0.7622118592262268,0.5041873455047607,0.5,1.0,0.9752923250198364,0.11525575816631317,0.18461155891418457,0.9994000196456909,0.021000001579523087,0.004000000189989805,0.017000000923871994,1.273,0.5914555959409368,1.2673845877849281,0.244380040080202,0.4528317160046903,1.2845151745860226,0.8130928957419429,0.5295017873357446,0.17449159527514377,0.08531782776117325,0.014682570472359657,223.6495570930606,0.8472484946250916,0.47016486525535583,0.5439236760139465,0.10099588334560394,0.3540407717227936,0.45190879702568054,0.6692712306976318,0.7377378940582275,0.9752923250198364,0.982999999076128,0.7080591357289218
trotting,1,action_space,1.0,3.4000000953674316,0.0,0.5,0.0,0.07999999821186066,0.0,0.33000001311302185,-1.0,-0.03999999910593033,ramp_up_trot_robustness,ramp_up,1.0,trotting,1000,0.7384769916534424,0.7384769916534424,0.8794842958450317,0.1577613353729248,0.09941434860229492,0.2001274824142456,1.5133259296417236,0.09941434860229492,0.029821690171957016,0.19577759504318237,0.1575893759727478,0.5491448640823364,0.678705632686615,0.3796044588088989,0.3403629660606384,0.2001274824142456,0.1002623438835144,0.01082692388445139,0.0036737611517310143,0.3472175598144531,0.023574037477374077,148.45013427734375,101.81642150878906,33.615638732910156,66.48757934570312,442.57391357421875,0.0772436261177063,0.05658333748579025,0.7067868709564209,1.8202366828918457,1.308000087738037,0.01758968085050583,0.02000007964670658,3.3892111778259277,0.5,0.08000031858682632,0.33000147342681885,-0.03892004117369652,0.8575178384780884,0.7188805341720581,0.784149169921875,0.6461396217346191,0.4913187623023987,0.8332118988037109,0.34654831886291504,0.6893171072006226,0.7719067335128784,0.5237892270088196,0.5,1.0,0.9842677116394043,0.22511136531829834,0.27852651476860046,1.0,0.018000001087784767,0.005000000353902578,0.013000000268220901,1.308,0.5403569306073204,1.1796686714984863,0.17268957748502664,0.3969752838310564,0.8238359258290543,0.5834063472920383,0.3166422964221843,0.12041879021225219,0.08794840425252914,0.012051993981003761,168.79225129848277,0.905240535736084,0.6699782013893127,0.748253345489502,0.12126708775758743,0.6240774989128113,0.4993564486503601,0.7061662673950195,0.7535825371742249,0.9842677116394043,0.9869999997317791,0.8089491944664564
trotting,1,action_space,1.0,3.4000000953674316,0.0,0.5,0.0,0.07999999821186066,0.0,0.33000001311302185,0.0,0.0,ramp_up_trot_robustness,ramp_up,1.0,trotting,1000,0.7879976630210876,0.7879976630210876,0.9125121235847473,0.1428951919078827,0.0842461884021759,0.2043706178665161,1.5697405338287354,0.0842461884021759,0.02174452692270279,0.1812361478805542,0.15156477689743042,0.5632120370864868,0.7078837156295776,0.37847208976745605,0.323913037776947,0.2043706178665161,0.12068179249763489,0.0074904970824718475,0.0032736428547650576,0.3250485062599182,0.02726859599351883,160.83575439453125,111.51663208007812,33.664188385009766,67.04859924316406,338.25872802734375,0.07721024751663208,0.05150000378489494,0.7141203880310059,1.8820784091949463,1.3100000619888306,0.018250245600938797,0.02000007964670658,3.389211416244507,0.5,0.08000031858682632,0.33000147342681885,0.0,0.8812663555145264,0.7191182971000671,0.8376467227935791,0.647828221321106,0.49105578660964966,0.8354036808013916,0.3574037551879883,0.7326467037200928,0.7863425612449646,0.5449155569076538,0.5,1.0,0.9911776781082153,0.46916037797927856,0.5060045719146729,1.0,0.018000001087784767,0.003000000026077032,0.015000000596046448,1.31,0.5451300468153626,1.1986246084417216,0.14746025540023586,0.38931321181977685,0.8413582564101797,0.5691335851774582,0.34739285038358936,0.10375037319083197,0.09125122800469398,0.00874917022883892,176.25601922163835,0.921570360660553,0.6585772037506104,0.8063133955001831,0.13470998406410217,0.579626202583313,0.5219951272010803,0.6982519626617432,0.772981584072113,0.9911776781082153,0.9849999994039536,0.8181412686140108
trotting,1,action_space,1.0,3.4000000953674316,0.0,0.5,0.0,0.07999999821186066,0.0,0.33000001311302185,1.0,0.03999999910593033,ramp_up_trot_robustness,ramp_up,1.0,trotting,1000,0.7510682344436646,0.7510682344436646,0.8952035903930664,0.15804708003997803,0.09034520387649536,0.20084193348884583,1.4081318378448486,0.09034520387649536,0.024392342194914818,0.20071184635162354,0.15390655398368835,0.5681463479995728,0.7448655366897583,0.38831889629364014,0.3585803508758545,0.20084193348884583,0.1016027182340622,0.005279094912111759,0.0035792989656329155,0.3506135642528534,0.02345213294029236,153.61212158203125,105.92169952392578,33.81643295288086,66.79588317871094,345.187255859375,0.07687059789896011,0.06050000339746475,0.7417314052581787,1.9226843118667603,1.3010001182556152,0.017904076725244522,0.02000007964670658,3.389211654663086,0.5,0.08000031858682632,0.33000147342681885,0.0389200896024704,0.8627649545669556,0.715153694152832,0.8778414726257324,0.6427246332168579,0.4992274045944214,0.8340408802032471,0.3857029676437378,0.6713559031486511,0.7701386213302612,0.5222269296646118,0.5,1.0,0.9842677712440491,0.22511109709739685,0.2785245180130005,1.0,0.018000001087784767,0.003000000026077032,0.015000000596046448,1.301,0.5701239994175153,1.2156689684350583,0.1561804795578334,0.39230925809071643,0.8630559290623976,0.5988157904363031,0.31875181291102045,0.09411904099460786,0.08952038362622261,0.010480014607310295,171.59462186091454,0.9049138426780701,0.6680616736412048,0.8376391530036926,0.15017129480838776,0.6256008744239807,0.4959762990474701,0.6911055445671082,0.7389684915542603,0.9842677712440491,0.9849999994039536,0.8232923623843071
trotting,1,action_space,1.0,3.4000000953674316,0.0,0.5,0.0,0.07999999821186066,1.0,0.3700000047683716,-1.0,-0.03999999910593033,ramp_up_trot_robustness,ramp_up,1.0,trotting,1000,0.7210079431533813,0.7210079431533813,0.8568404316902161,0.1812189221382141,0.09466411173343658,0.20483902096748352,1.4768197536468506,0.09466411173343658,0.024907253682613373,0.22858557105064392,0.16507816314697266,0.5592480897903442,0.7340470552444458,0.36609771847724915,0.3486745357513428,0.20483902096748352,0.10085444897413254,0.007603983394801617,0.003657825756818056,0.3921496272087097,0.03536168858408928,157.68902587890625,118.08888244628906,34.282310485839844,66.39825439453125,490.0704345703125,0.07736136019229889,0.06591667234897614,0.6843623518943787,1.6747279167175293,1.3000000715255737,0.01713680662214756,0.02000007964670658,3.389220714569092,0.5,0.08000031858682632,0.3689205050468445,-0.03892108052968979,0.8432916402816772,0.6978768110275269,0.8329225182533264,0.6764019131660461,0.5036875009536743,0.8252027630805969,0.354852557182312,0.5769819021224976,0.7561532258987427,0.4804149866104126,0.5,1.0,0.9787569642066956,0.11188018321990967,0.17268845438957214,1.0,0.018000001087784767,0.0,0.018000001087784767,1.3,0.5264325420673077,1.1350119562918626,0.15782032087983275,0.4062981210231874,0.8567654610477979,0.5904866939663779,0.31757589482536697,0.10612167145130948,0.0856840331107378,0.014316365122795105,184.03546336842035,0.8769009709358215,0.6573160886764526,0.798327624797821,0.13876618444919586,0.4930060803890228,0.45643943548202515,0.7246525287628174,0.7192233204841614,0.9787569642066956,0.9819999989122152,0.7899809547532828
trotting,1,action_space,1.0,3.4000000953674316,0.0,0.5,0.0,0.07999999821186066,1.0,0.3700000047683716,0.0,0.0,ramp_up_trot_robustness,ramp_up,1.0,trotting,1000,0.7391461133956909,0.7391461133956909,0.8659460544586182,0.1628706157207489,0.09997247904539108,0.20154520869255066,1.654444694519043,0.09997247904539108,0.03070433996617794,0.19779056310653687,0.14808988571166992,0.5211523175239563,0.6171345114707947,0.34719210863113403,0.28991997241973877,0.20154520869255066,0.10492050647735596,0.004822561051696539,0.004142126999795437,0.38617461919784546,0.031108073890209198,151.19544982910156,110.5962905883789,34.10877227783203,66.52696228027344,597.623779296875,0.07479622960090637,0.061083339154720306,0.7191176414489746,1.8591243028640747,1.311000108718872,0.017318926751613617,0.02000007964670658,3.3898110389709473,0.5,0.08000031858682632,0.36897963285446167,0.0,0.854997456073761,0.7016681432723999,0.875546932220459,0.6745854616165161,0.5261377692222595,0.8300740718841553,0.278800904750824,0.6685878038406372,0.7703096866607666,0.4878273010253906,0.5,1.0,0.9851417541503906,0.22382164001464844,0.2742690145969391,1.0,0.017000000923871994,0.005000000353902578,0.012000000104308128,1.311,0.548526021926845,1.190838491963593,0.17522653898932644,0.3848244868919725,0.7855790930713435,0.5384421718436798,0.3239143505270428,0.0946820365829336,0.08659463375806808,0.01340576447546482,174.60146512663266,0.8993281126022339,0.6661738157272339,0.8358603119850159,0.10346399992704391,0.5367829203605652,0.4619266092777252,0.7015072107315063,0.7368162870407104,0.9851417541503906,0.9879999998956919,0.8088981151007688
trotting,1,action_space,1.0,3.4000000953674316,0.0,0.5,0.0,0.07999999821186066,1.0,0.3700000047683716,1.0,0.03999999910593033,ramp_up_trot_robustness,ramp_up,1.0,trotting,1000,0.7213164567947388,0.7213164567947388,0.8484713435173035,0.18641819059848785,0.09355159848928452,0.22946572303771973,1.5662226676940918,0.09355159848928452,0.024105124175548553,0.19739201664924622,0.16082116961479187,0.621060311794281,1.0640145540237427,0.3903287351131439,0.42870867252349854,0.22946572303771973,0.13565993309020996,0.005535928998142481,0.011121195740997791,0.3926832377910614,0.03683701157569885,157.58753967285156,109.76315307617188,33.837554931640625,66.56268310546875,448.6227722167969,0.07999220490455627,0.06783333420753479,0.7280553579330444,1.8684589862823486,1.2960000038146973,0.016969438642263412,0.02000007964670658,3.3886890411376953,0.5,0.08000031858682632,0.3688673675060272,0.03886784613132477,0.8406622409820557,0.6778939366340637,0.8611089587211609,0.66117262840271,0.5002954602241516,0.8031136989593506,0.3246592581272125,0.6902939081192017,0.7652318477630615,0.4899049401283264,0.5,1.0,0.9776041507720947,0.1129746288061142,0.17636045813560486,0.9995999932289124,0.01900000125169754,0.004999999888241291,0.014000000432133675,1.296,0.5617710631570698,1.200713156882876,0.15525824994359738,0.4010251483570474,1.0315108113945015,0.6547584841172343,0.3683204217664423,0.12906248385623248,0.08484719321131706,0.015153205022215843,185.73112795958295,0.8702219724655151,0.5906420350074768,0.7166680693626404,0.12895070016384125,0.47867172956466675,0.45595258474349976,0.6973777413368225,0.7123637199401855,0.9776041507720947,0.9859999995678663,0.7684492311225488
trotting,1,action_space,1.0,3.4000000953674316,0.0,0.5,1.0,0.10999999940395355,-1.0,0.2900000214576721,-1.0,-0.03999999910593033,ramp_up_trot_robustness,ramp_up,1.0,trotting,1000,0.7211734056472778,0.7211734056472778,0.8753949403762817,0.15697437524795532,0.09034417569637299,0.18833819031715393,1.2664904594421387,0.09034417569637299,0.026276730000972748,0.2054266333580017,0.15565884113311768,0.6199569702148438,0.7789853811264038,0.37824100255966187,0.38220149278640747,0.18833819031715393,0.09708966314792633,0.009626643732190132,0.0042147147469222546,0.36289799213409424,0.024237405508756638,167.53494262695312,122.4142837524414,33.763301849365234,66.42597198486328,625.109619140625,0.08482658863067627,0.0494166761636734,0.8054510951042175,2.33146333694458,1.308000087738037,0.017507895827293396,0.02000007964670658,3.3892111778259277,0.5,0.10919032990932465,0.29107993841171265,-0.038920044898986816,0.8619223237037659,0.7336328625679016,0.7964291572570801,0.6507177352905273,0.44958561658859253,0.8450036644935608,0.43328097462654114,0.6409591436386108,0.7673765420913696,0.5068320631980896,0.8648751378059387,1.0,0.974277138710022,0.058622680604457855,0.12286356091499329,1.0,0.018000001087784767,0.004000000189989805,0.014000000432133675,1.308,0.6157882643766724,1.3350895738901232,0.16210098704502926,0.39453623551344136,0.8826014848879441,0.6182244679616034,0.3115921423077391,0.11764930292658936,0.08753947913646698,0.012460919097065926,191.3821235417919,0.9061378836631775,0.701374888420105,0.7581855058670044,0.16662240028381348,0.6158522963523865,0.48393920063972473,0.6404296159744263,0.7810755372047424,0.974277138710022,0.9859999995678663,0.8054587905032513
trotting,1,action_space,1.0,3.4000000953674316,0.0,0.5,1.0,0.10999999940395355,-1.0,0.2900000214576721,0.0,0.0,ramp_up_trot_robustness,ramp_up,1.0,trotting,1000,0.7263720631599426,0.7263720631599426,0.8971056938171387,0.13981416821479797,0.09076553583145142,0.18758442997932434,1.6456079483032227,0.09076553583145142,0.023095091804862022,0.19028379023075104,0.154108464717865,0.5559439659118652,0.6795022487640381,0.37655752897262573,0.3353051245212555,0.18758442997932434,0.08383259177207947,0.005591589491814375,0.003493095748126507,0.36254000663757324,0.028457533568143845,163.1127166748047,117.54454040527344,33.69158172607422,66.47364044189453,465.0943603515625,0.0820956826210022,0.053833335638046265,0.8155540227890015,2.36738920211792,1.3100000619888306,0.017942111939191818,0.02000007964670658,3.389214515686035,0.5,0.10919056832790375,0.2910795211791992,0.0,0.8790488243103027,0.7374074459075928,0.8587421178817749,0.6472029089927673,0.49849551916122437,0.8526270389556885,0.31442710757255554,0.6970492601394653,0.7646154761314392,0.5073400735855103,0.8648785352706909,1.0,0.9787565469741821,0.11188732087612152,0.17274045944213867,1.0,0.018000001087784767,0.005000000353902578,0.013000000268220901,1.31,0.6225602710520038,1.3443092270118502,0.15197069390136383,0.39256650992903735,0.8243192638559638,0.5790553725864699,0.2895385842544642,0.09531361518660847,0.08971055969595909,0.010289838537573814,181.82106946704178,0.9247868657112122,0.7033650875091553,0.8338567018508911,0.12154024094343185,0.5660059452056885,0.484285831451416,0.6364866495132446,0.7640159130096436,0.9787565469741821,0.9869999997317791,0.8175388985337355
trotting,1,action_space,1.0,3.4000000953674316,0.0,0.5,1.0,0.10999999940395355,-1.0,0.2900000214576721,1.0,0.03999999910593033,ramp_up_trot_robustness,ramp_up,1.0,trotting,1000,0.7113274335861206,0.7113274335861206,0.8557467460632324,0.17101559042930603,0.11202636361122131,0.20744332671165466,1.6188768148422241,0.11202636361122131,0.04396706819534302,0.19391676783561707,0.15382452309131622,0.6067982912063599,0.8615440130233765,0.3740087151527405,0.3437444567680359,0.20744332671165466,0.1059335321187973,0.004726267419755459,0.006475215777754784,0.36009079217910767,0.03225487843155861,162.99034118652344,114.73139190673828,33.82155227661133,66.98506164550781,590.1911010742188,0.08277501910924911,0.057416677474975586,0.7331333160400391,1.9925129413604736,1.3020000457763672,0.01711493358016014,0.02000007964670658,3.3898284435272217,0.5,0.10923657566308975,0.29101818799972534,0.03898177295923233,0.8439258337020874,0.7144888043403625,0.8844105005264282,0.6517471075057983,0.489027202129364,0.829140305519104,0.2772466540336609,0.6962732076644897,0.764731764793396,0.5108850598335266,0.8654533624649048,1.0,0.9757080078125,0.05761914700269699,0.11821386218070984,1.0,0.017000000923871994,0.0010000000474974513,0.01600000075995922,1.302,0.5630824122743856,1.237072301752935,0.2096832568312096,0.3922046953968249,0.9281939522661072,0.5862972426747681,0.3254743186778295,0.10583705966016933,0.0855746679008007,0.0144257303327322,190.46562775300328,0.8895982503890991,0.6502962112426758,0.7992914319038391,0.08223140239715576,0.5246113538742065,0.4866638779640198,0.6820945739746094,0.7504491209983826,0.9757080078125,0.9839999992400408,0.7973013249918437
trotting,1,action_space,1.0,3.4000000953674316,0.0,0.5,1.0,0.10999999940395355,0.0,0.33000001311302185,-1.0,-0.03999999910593033,ramp_up_trot_robustness,ramp_up,1.0,trotting,1000,0.7304214239120483,0.7304214239120483,0.8891323804855347,0.15988782048225403,0.08495976030826569,0.1953863650560379,1.3416006565093994,0.08495976030826569,0.017616605386137962,0.20808465778827667,0.16011905670166016,0.5892766714096069,0.7502487897872925,0.3945367932319641,0.41215980052948,0.1953863650560379,0.09227383136749268,0.010611883364617825,0.0027441626880317926,0.35814887285232544,0.02470323257148266,173.3502960205078,126.25022888183594,33.49171829223633,66.74581909179688,244.36993408203125,0.08450578153133392,0.05300000309944153,0.8055620193481445,2.27958345413208,1.309000015258789,0.017782650887966156,0.02000007964670658,3.388638973236084,0.5,0.10914741456508636,0.33000147342681885,-0.03886285424232483,0.8605326414108276,0.7256994247436523,0.793565034866333,0.6408431529998779,0.4859619736671448,0.8382604718208313,0.42698076367378235,0.6472883224487305,0.7776314616203308,0.5149116516113281,0.8643388748168945,1.0,0.9775798916816711,0.11303609609603882,0.17707310616970062,1.0,0.01900000125169754,0.006000000052154064,0.013000000268220901,1.309,0.6154025597277263,1.3196474678254928,0.13272756076315861,0.4001487932028037,0.8661690307251192,0.6419967293759993,0.3037660800146927,0.11556836094991405,0.08891325443983078,0.011087143793702126,194.9656764562384,0.9027979969978333,0.6826600432395935,0.7655804753303528,0.1837952733039856,0.6101413369178772,0.4885576665401459,0.6470269560813904,0.7672059535980225,0.9775798916816711,0.9869999997317791,0.8055123188174688
trotting,1,action_space,1.0,3.4000000953674316,0.0,0.5,1.0,0.10999999940395355,0.0,0.33000001311302185,0.0,0.0,ramp_up_trot_robustness,ramp_up,1.0,trotting,1000,0.7376121282577515,0.7376121282577515,0.8661566376686096,0.17834830284118652,0.09914599359035492,0.23369425535202026,1.685929536819458,0.09914599359035492,0.03312644362449646,0.2055993676185608,0.16059648990631104,0.6170091032981873,1.0893280506134033,0.37668365240097046,0.34586188197135925,0.23369425535202026,0.15015922486782074,0.005983495619148016,0.0087975999340415,0.3873639702796936,0.04619442671537399,182.10403442382812,137.69309997558594,33.47472381591797,66.11294555664062,381.4604187011719,0.0854043960571289,0.049416668713092804,0.7749655246734619,2.1626603603363037,1.2960000038146973,0.017323127016425133,0.02000007964670658,3.38923978805542,0.5,0.10919245332479477,0.33000147342681885,0.0,0.8449615240097046,0.6896284818649292,0.8473849296569824,0.6584466695785522,0.495877742767334,0.8078685998916626,0.30713555216789246,0.6626248359680176,0.768190860748291,0.4916839301586151,0.8649017810821533,1.0,0.9842700958251953,0.22506451606750488,0.27818143367767334,0.9998000264167786,0.018000001087784767,0.0010000000474974513,0.017000000923871994,1.296,0.5979671713746624,1.291789168698105,0.18200671313030314,0.40074491875295315,1.0437087958877242,0.5881002312287925,0.3875038385201116,0.12157752898126165,0.08661563508212566,0.013384763151407242,210.2437671250646,0.88052898645401,0.5791869163513184,0.7440686821937561,0.09551630914211273,0.3969723880290985,0.46082913875579834,0.6589024066925049,0.7810755968093872,0.9842700958251953,0.982999999076128,0.7622347789315078
trotting,1,action_space,1.0,3.4000000953674316,0.0,0.5,1.0,0.10999999940395355,0.0,0.33000001311302185,1.0,0.03999999910593033,ramp_up_trot_robustness,ramp_up,1.0,trotting,1000,0.7306081056594849,0.7306081056594849,0.8814703822135925,0.1604725420475006,0.09089392423629761,0.19711941480636597,1.5011050701141357,0.09089392423629761,0.027843907475471497,0.2031770646572113,0.15608328580856323,0.5814701318740845,0.726070761680603,0.3590796887874603,0.3879203796386719,0.19711941480636597,0.09999656677246094,0.00355357164517045,0.003491066861897707,0.3703376054763794,0.02722545713186264,166.51148986816406,120.6444091796875,33.531044006347656,66.2304916381836,281.47650146484375,0.08373688906431198,0.057833340018987656,0.8154551982879639,2.3367161750793457,1.3070001602172852,0.017629403620958328,0.02000007964670658,3.389256000518799,0.5,0.10919366776943207,0.33000147342681885,0.03892456367611885,0.8660193681716919,0.7240173816680908,0.9015070199966431,0.6783775091171265,0.48351141810417175,0.840323269367218,0.33384573459625244,0.6645735502243042,0.767985999584198,0.501361072063446,0.8649170398712158,1.0,0.9787613153457642,0.1118411272764206,0.17237553000450134,1.0,0.018000001087784767,0.003000000026077032,0.015000000596046448,1.307,0.6239136489366154,1.337103970200363,0.1668649378253907,0.39507377261539806,0.8520978592160662,0.6228325454234644,0.3162223375608702,0.08393234482050503,0.08814701810479164,0.011853380128741264,188.90196792547025,0.9021217823028564,0.6780321002006531,0.8685824275016785,0.12771128118038177,0.5801264643669128,0.4767918586730957,0.6395683884620667,0.7488873600959778,0.9787613153457642,0.9849999994039536,0.8179044058689704
trotting,1,action_space,1.0,3.4000000953674316,0.0,0.5,1.0,0.10999999940395355,1.0,0.3700000047683716,-1.0,-0.03999999910593033,ramp_up_trot_robustness,ramp_up,1.0,trotting,1000,0.7051695585250854,0.7051695585250854,0.8631547689437866,0.17546996474266052,0.10825100541114807,0.19944947957992554,1.6601207256317139,0.10825100541114807,0.03274022415280342,0.20255422592163086,0.15991535782814026,0.5639981031417847,0.676505446434021,0.36173731088638306,0.3380562663078308,0.19944947957992554,0.09295521676540375,0.010986389592289925,0.004005908966064453,0.37935394048690796,0.02624070644378662,171.62942504882812,126.87815856933594,33.50679016113281,66.61742401123047,397.1832275390625,0.08604060113430023,0.050833337008953094,0.7779536247253418,2.2081074714660645,1.2980000972747803,0.017263097688555717,0.02000007964670658,3.389212131500244,0.5,0.10919037461280823,0.36891970038414,-0.03892013430595398,0.8442771434783936,0.7095250487327576,0.783124566078186,0.6664311289787292,0.4831698536872864,0.8291187286376953,0.2957008481025696,0.6616206169128418,0.7740046977996826,0.49052971601486206,0.864875853061676,1.0,0.974277138710022,0.05862215906381607,0.1228601485490799,1.0,0.018000001087784767,0.0020000000949949026,0.01600000075995922,1.298,0.5993479301088213,1.304285759321328,0.1809425990550689,0.39989418328870485,0.8224995115098981,0.5814260626320692,0.3048855797924916,0.12244304209857895,0.08631548844277859,0.013684909790754318,198.83968811160628,0.8841232061386108,0.6717957258224487,0.7409323453903198,0.09877357631921768,0.5916653275489807,0.4682711064815521,0.6535800099372864,0.7755625247955322,0.974277138710022,0.9839999992400408,0.791603642109877
trotting,1,action_space,1.0,3.4000000953674316,0.0,0.5,1.0,0.10999999940395355,1.0,0.3700000047683716,0.0,0.0,ramp_up_trot_robustness,ramp_up,1.0,trotting,1000,0.7382593750953674,0.7382593750953674,0.8694955110549927,0.16502141952514648,0.09267505258321762,0.20320606231689453,1.1551936864852905,0.09267505258321762,0.023802490904927254,0.20597118139266968,0.159306138753891,0.5804575085639954,0.7462059259414673,0.36334139108657837,0.352973997592926,0.20320606231689453,0.09673215448856354,0.006453910376876593,0.002998682437464595,0.3653184771537781,0.03021494299173355,162.79147338867188,115.7596206665039,33.990806579589844,67.47917175292969,346.04071044921875,0.0842912346124649,0.05325000733137131,0.8207952976226807,2.3668079376220703,1.308000087738037,0.01738990843296051,0.02000007964670658,3.3892107009887695,0.5,0.10919031500816345,0.36891964077949524,0.0,0.8583710789680481,0.7091279029846191,0.8623043298721313,0.6707074642181396,0.4845277667045593,0.8260512351989746,0.45963624119758606,0.6526687741279602,0.7749075889587402,0.5048807263374329,0.8648751378059387,1.0,0.9787565469741821,0.11189129948616028,0.17276765406131744,1.0,0.018000001087784767,0.007000000216066837,0.010999999940395355,1.308,0.6275193333990348,1.345171344424941,0.15428055906343888,0.39913173107871414,0.8638321167573404,0.5941161482344391,0.3110179327443412,0.09722444555944347,0.08694954216480255,0.013050856068730354,187.2252027973677,0.8967947363853455,0.6617105603218079,0.8277435898780823,0.19568608701229095,0.5464574694633484,0.48160213232040405,0.6361178159713745,0.7662475109100342,0.9787565469741821,0.9890000000596046,0.8054386312380815
trotting,1,action_space,1.0,3.4000000953674316,0.0,0.5,1.0,0.10999999940395355,1.0,0.3700000047683716,1.0,0.03999999910593033,ramp_up_trot_robustness,ramp_up,1.0,trotting,1000,0.7319077849388123,0.7319077849388123,0.8692404627799988,0.1582876741886139,0.09078666567802429,0.2081775963306427,1.251835584640503,0.09078666567802429,0.021497782319784164,0.19918861985206604,0.15452638268470764,0.5148378014564514,0.5886867046356201,0.34584879875183105,0.32094964385032654,0.2081775963306427,0.10798701643943787,0.003645346499979496,0.0034619648940861225,0.3644658923149109,0.02615518867969513,161.763671875,117.89971160888672,34.069435119628906,67.97779846191406,425.4397277832031,0.08251608908176422,0.057583339512348175,0.8112598657608032,2.2232470512390137,1.315000057220459,0.017384808510541916,0.02000007964670658,3.389211893081665,0.5,0.10919036716222763,0.3689197301864624,0.03892013430595398,0.8642578125,0.6925730109214783,0.8914096355438232,0.6836063861846924,0.5305755734443665,0.8229846954345703,0.4392821788787842,0.671251654624939,0.7853072881698608,0.5039080381393433,0.864875853061676,1.0,0.974277138710022,0.058622170239686966,0.1228601261973381,1.0,0.018000001087784767,0.003000000026077032,0.015000000596046448,1.315,0.6169276248366207,1.3002622801146229,0.14662122056436497,0.3930984389242822,0.7672592160643104,0.5665241776396895,0.32861378005104697,0.08430487171015456,0.08692404255270958,0.013076355680823326,186.09772416443727,0.904638409614563,0.6483146548271179,0.8674944043159485,0.18604044616222382,0.5926781296730042,0.4824240505695343,0.6552945375442505,0.749824047088623,0.974277138710022,0.9849999994039536,0.8202619499120958
bounding,2,action_space,-1.0,2.5999999046325684,0.0,0.5,-1.0,0.08999999612569809,-1.0,0.3400000035762787,-1.0,-0.03999999910593033,ramp_up_trot_robustness,ramp_up,1.0,trotting,1000,0.6890390515327454,0.6890390515327454,0.897295355796814,0.23156991600990295,0.08908386528491974,0.19562214612960815,1.4657349586486816,0.08908386528491974,0.019645489752292633,0.23699495196342468,0.20600467920303345,0.5448755621910095,0.8399467468261719,1.6817963123321533,4.255631446838379,0.19562214612960815,0.07932871580123901,0.0235687755048275,0.003532939124852419,0.42267900705337524,0.02447076514363289,186.3419189453125,125.84986877441406,35.3267822265625,64.8453369140625,820.3125610351562,0.08643698692321777,0.04733333736658096,0.6079918146133423,1.616690993309021,1.0210001468658447,0.017945904284715652,0.02000007964670658,2.6107897758483887,0.5,0.09080991894006729,0.34107863903045654,-0.03892020136117935,0.7851148843765259,0.7000470757484436,0.6612516641616821,0.16638562083244324,0.5143119096755981,0.8284469842910767,0.39366042613983154,0.6146528720855713,0.7337102890014648,0.4741445779800415,0.6351236701011658,0.9844361543655396,0.9699869751930237,0.05862182006239891,0.12285784631967545,1.0,0.018000001087784767,0.006000000052154064,0.012000000104308128,1.021,0.5954866026337536,1.2583476090335222,0.14016236924471787,0.45387738344516954,0.916486086542601,2.0629181871413076,0.28165353859172265,0.1646259840659424,0.08972952142357826,0.010270876809954643,207.6706602140358,0.8069460391998291,0.682030975818634,0.5815640091896057,0.1558837592601776,0.6129847168922424,0.4294036030769348,0.6731011271476746,0.7892543077468872,0.9699869751930237,0.9879999998956919,0.7456241571941437
bounding,2,action_space,-1.0,2.5999999046325684,0.0,0.5,-1.0,0.08999999612569809,-1.0,0.3400000035762787,0.0,0.0,ramp_up_trot_robustness,ramp_up,1.0,trotting,1000,0.6928906440734863,0.6928906440734863,0.8984954357147217,0.22081826627254486,0.08848905563354492,0.1697281002998352,1.8092762231826782,0.08848905563354492,0.01790444552898407,0.21291476488113403,0.18365398049354553,0.5194844603538513,0.6619582176208496,1.6196601390838623,3.928267002105713,0.1697281002998352,0.06658881902694702,0.020057599991559982,0.003421743866056204,0.4041156768798828,0.0267744492739439,181.00062561035156,123.70538330078125,35.43230438232422,65.31515502929688,550.47509765625,0.08463533222675323,0.03658333420753479,0.50235915184021,1.246708869934082,1.0190000534057617,0.01796991005539894,0.02000007964670658,2.6102378368377686,0.5,0.09076850861310959,0.34102344512939453,0.0,0.805302619934082,0.7461605072021484,0.684680700302124,0.17076794803142548,0.5192475318908691,0.8577450513839722,0.2653806209564209,0.6618815660476685,0.7435201406478882,0.48891329765319824,0.634606122970581,0.9853007793426514,0.974144697189331,0.11076866090297699,0.16869142651557922,1.0,0.017000000923871994,0.004000000189989805,0.013000000268220901,1.019,0.49299227758525516,1.1061025921191991,0.133807494293048,0.42854869092501674,0.8136081474646438,1.9819856210643187,0.2580480944067346,0.15322970944831876,0.0898495502769947,0.0101508479565382,201.44857549150697,0.8227993845939636,0.7497044205665588,0.6252605319023132,0.11447886377573013,0.5853829979896545,0.4456455707550049,0.736485481262207,0.8328375816345215,0.974144697189331,0.9869999997317791,0.7616522975074941
bounding,2,action_space,-1.0,2.5999999046325684,0.0,0.5,-1.0,0.08999999612569809,-1.0,0.3400000035762787,1.0,0.03999999910593033,ramp_up_trot_robustness,ramp_up,1.0,trotting,1000,0.6858015060424805,0.6858015060424805,0.9437235593795776,0.21064090728759766,0.09126177430152893,0.18877550959587097,1.6644630432128906,0.09126177430152893,0.020291026681661606,0.21306529641151428,0.18716642260551453,0.5249282121658325,0.663815975189209,1.7165626287460327,4.355472564697266,0.18877550959587097,0.0789082795381546,0.022258035838603973,0.0032463395036756992,0.40230458974838257,0.029087305068969727,181.06265258789062,115.67615509033203,35.66170120239258,66.31109619140625,742.7470092773438,0.08625883609056473,0.05566667020320892,0.5781680345535278,1.5287846326828003,1.0190000534057617,0.01887446828186512,0.02000007964670658,2.610431432723999,0.5,0.0907830148935318,0.34104278683662415,0.038956061005592346,0.8103539943695068,0.7135570645332336,0.6683883666992188,0.16882005333900452,0.5149790048599243,0.8376226425170898,0.30331939458847046,0.6633676290512085,0.7437915802001953,0.4869592487812042,0.6347873210906982,0.9844361543655396,0.970657229423523,0.05818895995616913,0.11926169693470001,1.0,0.018000001087784767,0.003000000026077032,0.015000000596046448,1.019,0.5673876042688911,1.2248588654747643,0.14244657483302856,0.4326273484253099,0.81474902589031,2.0869768960621644,0.2809061756853249,0.1597008933671934,0.0943723414093256,0.005628056824207306,191.85984156941547,0.8373790979385376,0.7002191543579102,0.6004430651664734,0.1261499971151352,0.5589215755462646,0.447262704372406,0.6872413158416748,0.7570444345474243,0.970657229423523,0.9849999994039536,0.7520953959379442
bounding,2,action_space,-1.0,2.5999999046325684,0.0,0.5,-1.0,0.08999999612569809,0.0,0.3799999952316284,-1.0,-0.03999999910593033,ramp_up_trot_robustness,ramp_up,1.0,trotting,1000,0.6955302953720093,0.6955302953720093,0.8931971788406372,0.21629494428634644,0.08602150529623032,0.17404931783676147,1.5934882164001465,0.08602150529623032,0.0177614763379097,0.22500383853912354,0.18799251317977905,0.5170665979385376,0.6084482073783875,1.7651290893554688,4.639064311981201,0.17404931783676147,0.06968842446804047,0.024312864989042282,0.00335256801918149,0.42165806889533997,0.027054764330387115,184.08538818359375,125.61306762695312,35.496604919433594,65.11848449707031,587.8707275390625,0.08479580283164978,0.05633333697915077,0.5206493139266968,1.314083456993103,1.0169999599456787,0.017863936722278595,0.02000007964670658,2.610191583633423,0.5,0.09076501429080963,0.3800007998943329,-0.03898005187511444,0.8038080930709839,0.7439091801643372,0.6548075675964355,0.16159653663635254,0.5189029574394226,0.8592413663864136,0.3374086618423462,0.6244727373123169,0.7364846467971802,0.4771193265914917,0.6345623135566711,0.9853007793426514,0.9741548299789429,0.11071495711803436,0.1682092845439911,1.0,0.017000000923871994,0.004999999888241291,0.012000000104308128,1.017,0.5119462064819936,1.136713410929708,0.13327218891392795,0.4335810341559915,0.7800309015535137,2.153848720774326,0.2639856520116964,0.16632929089076215,0.08931968361139297,0.01068071462213993,206.09714466690895,0.8293325901031494,0.7386496067047119,0.5750440359115601,0.14245662093162537,0.5821103453636169,0.43028128147125244,0.72395259141922,0.7545251250267029,0.9741548299789429,0.9879999998956919,0.7517406566975974
bounding,2,action_space,-1.0,2.5999999046325684,0.0,0.5,-1.0,0.08999999612569809,0.0,0.3799999952316284,0.0,0.0,ramp_up_trot_robustness,ramp_up,1.0,trotting,1000,0.7269172668457031,0.7269172668457031,0.9432266354560852,0.21379265189170837,0.07170283794403076,0.18130065500736237,1.360917091369629,0.07170283794403076,0.013725148513913155,0.23372626304626465,0.20880180597305298,0.5142552852630615,0.6662039756774902,1.7360491752624512,4.4916839599609375,0.18130065500736237,0.08490364998579025,0.02353150025010109,0.0026593036018311977,0.38326698541641235,0.036904968321323395,182.16903686523438,113.37857055664062,35.10560607910156,66.15530395507812,610.10107421875,0.09030520915985107,0.04075000435113907,0.591090202331543,1.6766347885131836,1.0150001049041748,0.018864531069993973,0.02000007964670658,2.611391544342041,0.5,0.09085500240325928,0.3800007998943329,0.0,0.8067417144775391,0.7379105091094971,0.6650713682174683,0.16199585795402527,0.5330913662910461,0.8530116081237793,0.4427860379219055,0.6257421970367432,0.7497254610061646,0.49820810556411743,0.6356873512268066,0.9835715293884277,0.9741724133491516,0.22640106081962585,0.2827836871147156,1.0,0.01900000125169754,0.003000000026077032,0.01600000075995922,1.015,0.5823548866610222,1.2852458566149174,0.11715437897882074,0.45694836247989,0.8162131925407051,2.119359327712254,0.29138230897875433,0.16183573107299973,0.09432265534996986,0.005677742883563042,193.13389806591803,0.832910418510437,0.7198594808578491,0.5922561287879944,0.1948704868555069,0.47802162170410156,0.4646206796169281,0.6616859436035156,0.8156662583351135,0.9741724133491516,0.9839999992400408,0.7393043924791691
bounding,2,action_space,-1.0,2.5999999046325684,0.0,0.5,-1.0,0.08999999612569809,0.0,0.3799999952316284,1.0,0.03999999910593033,ramp_up_trot_robustness,ramp_up,1.0,trotting,1000,0.7046546339988708,0.7046546339988708,0.9107651710510254,0.20852982997894287,0.07894161343574524,0.1808587908744812,1.4931130409240723,0.07894161343574524,0.01608387939631939,0.23610490560531616,0.2177981734275818,0.5116782188415527,0.7147407531738281,1.6300581693649292,3.9403584003448486,0.1808587908744812,0.08522626757621765,0.020520292222499847,0.0035873460583388805,0.394709050655365,0.02706228196620941,183.56460571289062,121.15447998046875,35.33332061767578,65.0286865234375,504.3087463378906,0.08695827424526215,0.038083337247371674,0.5954568386077881,1.615677833557129,1.0169999599456787,0.018215294927358627,0.02000007964670658,2.6117844581604004,0.5,0.09088446199893951,0.3800007998943329,0.0388207733631134,0.8129229545593262,0.7395919561386108,0.6819142699241638,0.16950608789920807,0.5409082174301147,0.8516248464584351,0.37766391038894653,0.6338520050048828,0.7456907629966736,0.4951764941215515,0.6360555291175842,0.9827067852020264,0.9696980118751526,0.11398667097091675,0.17908921837806702,0.9995999932289124,0.020000001415610313,0.003000000026077032,0.017000000923871994,1.017,0.5855032321626106,1.260424665983051,0.12682223541760881,0.4666885186369832,0.8454234165043147,1.9850336018175734,0.29193538253561807,0.1552663462597054,0.09107647463679314,0.008923923596739769,201.54987426787147,0.8403483629226685,0.7210123538970947,0.6174527406692505,0.16287201642990112,0.5820227861404419,0.45410895347595215,0.6722213625907898,0.8266146183013916,0.9696980118751526,0.982999999076128,0.7587221931570617
bounding,2,action_space,-1.0,2.5999999046325684,0.0,0.5,-1.0,0.08999999612569809,1.0,0.3799999952316284,-1.0,-0.03999999910593033,ramp_up_trot_robustness,ramp_up,1.0,trotting,1000,0.6962935924530029,0.6962935924530029,0.8827691674232483,0.22821249067783356,0.07651668787002563,0.19321341812610626,1.3113754987716675,0.07651668787002563,0.014600926078855991,0.23190191388130188,0.18086504936218262,0.5112365484237671,0.6447494626045227,1.7245287895202637,4.414751052856445,0.19321341812610626,0.08958246558904648,0.02601366862654686,0.0027184216305613518,0.43245112895965576,0.024754375219345093,188.09420776367188,129.81417846679688,34.87151336669922,63.689823150634766,597.1673583984375,0.0859791487455368,0.05250000208616257,0.5462645888328552,1.4664446115493774,1.0240000486373901,0.0176553875207901,0.02000007964670658,2.6096010208129883,0.5,0.0907207727432251,0.3800007998943329,-0.03903905674815178,0.7919521331787109,0.7200362682342529,0.6521515846252441,0.16063812375068665,0.5284050703048706,0.8419324159622192,0.4554111361503601,0.596645176410675,0.7444183826446533,0.4742932915687561,0.6340093016624451,0.986165463924408,0.9733211398124695,0.056644849479198456,0.11379038542509079,1.0,0.01600000075995922,0.0020000000949949026,0.014000000432133675,1.024,0.5334614515304565,1.196693271157043,0.12083429181675205,0.4252823172460649,0.8029629272914925,2.1011308985535493,0.29930330033102953,0.16950542840012,0.0882769376039505,0.011723460629582405,213.07292404956542,0.8119441270828247,0.6884488463401794,0.5629064440727234,0.20121243596076965,0.6095175743103027,0.4210927188396454,0.6990600228309631,0.7691263556480408,0.9733211398124695,0.9859999995678663,0.7438711725557462
bounding,2,action_space,-1.0,2.5999999046325684,0.0,0.5,-1.0,0.08999999612569809,1.0,0.3799999952316284,0.0,0.0,ramp_up_trot_robustness,ramp_up,1.0,trotting,1000,0.7011629343032837,0.7011629343032837,0.9108708500862122,0.2202545702457428,0.07745888084173203,0.18200376629829407,1.5619761943817139,0.07745888084173203,0.018167681992053986,0.21832144260406494,0.18285717070102692,0.4962671399116516,0.5594065189361572,1.619457721710205,3.9263319969177246,0.18200376629829407,0.07741495221853256,0.02163868024945259,0.0035509499721229076,0.40113365650177,0.03372453153133392,183.30447387695312,123.48194122314453,35.47683334350586,65.34904479980469,575.1859741210938,0.0878424197435379,0.03891666978597641,0.5839587450027466,1.6107056140899658,1.0150001049041748,0.01821742206811905,0.02000007964670658,2.6102685928344727,0.5,0.09077084064483643,0.3800007998943329,0.0,0.8001465797424316,0.73219233751297,0.6763988137245178,0.17267867922782898,0.5490704774856567,0.8487613201141357,0.3648076057434082,0.6428909301757812,0.7494982481002808,0.4903605878353119,0.6346352100372314,0.9853007793426514,0.974126935005188,0.11080782115459442,0.16917389631271362,1.0,0.017000000923871994,0.0020000000949949026,0.015000000596046448,1.015,0.5753287479795258,1.259722951923124,0.13478754390541428,0.42761801961683854,0.7479348360226025,1.9814974127961218,0.2782354258870221,0.15871241357113658,0.09108711034059525,0.00891328789293766,201.24090463494767,0.8236181139945984,0.7180230021476746,0.6042346954345703,0.14582765102386475,0.509415864944458,0.44831135869026184,0.6725186109542847,0.8231775760650635,0.974126935005188,0.9849999994039536,0.7427222675237901
bounding,2,action_space,-1.0,2.5999999046325684,0.0,0.5,-1.0,0.08999999612569809,1.0,0.3799999952316284,1.0,0.03999999910593033,ramp_up_trot_robustness,ramp_up,1.0,trotting,1000,0.6798726320266724,0.6798726320266724,0.9054940342903137,0.22800713777542114,0.10931632667779922,0.18765434622764587,1.4892393350601196,0.10931632667779922,0.025610364973545074,0.2363431751728058,0.2149869203567505,0.5073990821838379,0.6830992698669434,1.6607812643051147,4.097796440124512,0.18765434622764587,0.08444693684577942,0.020925652235746384,0.003456111066043377,0.40474140644073486,0.04099172726273537,185.85433959960938,122.85581970214844,35.89897155761719,65.16020202636719,783.182373046875,0.08560751378536224,0.04891666769981384,0.5612233877182007,1.39900541305542,1.0099999904632568,0.01810988411307335,0.02000007964670658,2.6123743057250977,0.5,0.09092869609594345,0.3800007998943329,0.038761816918849945,0.7886192798614502,0.7242385149002075,0.6758533716201782,0.1676633358001709,0.5333770513534546,0.8422325849533081,0.34754306077957153,0.6363804340362549,0.6755751371383667,0.4893141984939575,0.6366084218025208,0.9818421602249146,0.9651236534118652,0.06142900884151459,0.13403235375881195,0.9996000528335571,0.021000001579523087,0.004000000189989805,0.017000000923871994,1.01,0.555666721457302,1.1769255850588385,0.1600323872644068,0.46366682041822926,0.8264981971347205,2.0243014696740484,0.2905975513416784,0.1561466083582662,0.09054942056536674,0.00945097766816616,205.25186534804044,0.8122484683990479,0.7031806111335754,0.6140767931938171,0.13513962924480438,0.4405045509338379,0.4450882077217102,0.7073084115982056,0.7830307483673096,0.9651236534118652,0.982999999076128,0.7336372192471455
bounding,2,action_space,-1.0,2.5999999046325684,0.0,0.5,0.0,0.11999999731779099,-1.0,0.3400000035762787,-1.0,-0.03999999910593033,ramp_up_trot_robustness,ramp_up,1.0,trotting,1000,0.6763274669647217,0.6763274669647217,0.902434229850769,0.2257230430841446,0.09343236684799194,0.19689519703388214,1.5298452377319336,0.09343236684799194,0.02131231129169464,0.23169097304344177,0.19999933242797852,0.5591356754302979,0.7349926829338074,1.6212949752807617,3.901258945465088,0.19689519703388214,0.08758415281772614,0.024326760321855545,0.004345858469605446,0.37745341658592224,0.04520828649401665,195.19105529785156,132.30999755859375,35.13504409790039,65.80844116210938,548.966064453125,0.09679831564426422,0.04233333468437195,0.6949345469474792,2.049240827560425,1.0180000066757202,0.018048670142889023,0.02000007964670658,2.611389636993408,0.5,0.11999969929456711,0.3411386013031006,-0.038860201835632324,0.7952721118927002,0.6954429149627686,0.6516700387001038,0.172163188457489,0.49367907643318176,0.8241829872131348,0.3426167964935303,0.6249151229858398,0.6118170022964478,0.5066025853157043,1.0,0.9835715293884277,0.9711141586303711,0.11306610703468323,0.17731589078903198,1.0,0.01900000125169754,0.006000000052154064,0.013000000268220901,1.018,0.6826468656948367,1.4188046390493882,0.14598736689075065,0.4472128491311252,0.8573171425638282,1.9751604860023622,0.2959461991945937,0.1693299110950602,0.09024335071444511,0.009757047519087791,216.29394014689504,0.8156225681304932,0.6786313652992249,0.5635764002799988,0.14141005277633667,0.40487951040267944,0.47005441784858704,0.6045616269111633,0.8092343807220459,0.9711141586303711,0.9869999997317791,0.7162864718299646
bounding,2,action_space,-1.0,2.5999999046325684,0.0,0.5,0.0,0.11999999731779099,-1.0,0.3400000035762787,0.0,0.0,ramp_up_trot_robustness,ramp_up,1.0,trotting,1000,0.6948502063751221,0.6948502063751221,0.9490319490432739,0.19506147503852844,0.08952802419662476,0.18686449527740479,1.773938536643982,0.08952802419662476,0.019955839961767197,0.2142491340637207,0.19235685467720032,0.5131023526191711,0.6338537931442261,1.6605714559555054,4.0421857833862305,0.18686449527740479,0.07778607308864594,0.020268704742193222,0.003212347161024809,0.37756577134132385,0.037324123084545135,198.46099853515625,134.80592346191406,34.57394027709961,65.89295196533203,601.8138427734375,0.09496051073074341,0.04041667282581329,0.6349823474884033,1.804158329963684,1.0199999809265137,0.018980631604790688,0.02000007964670658,2.6107916831970215,0.5,0.11999969929456711,0.3410787582397461,0.0,0.8264237642288208,0.716812014579773,0.6818758249282837,0.16885244846343994,0.525738000869751,0.8425753116607666,0.27379703521728516,0.6585676670074463,0.612642765045166,0.5100579261779785,1.0,0.9844361543655396,0.975531816482544,0.22511136531829834,0.2785266041755676,1.0,0.018000001087784767,0.004999999888241291,0.013000000268220901,1.02,0.6225317263135723,1.3299558459149436,0.14126514064611692,0.43858505979707096,0.7961493535412976,2.0105187846389874,0.27890154730414446,0.1532352828274808,0.09490315802395344,0.005097240209579468,209.11940713400244,0.8588200211524963,0.7052637934684753,0.6252391934394836,0.11382929235696793,0.4740310311317444,0.46994879841804504,0.6426239013671875,0.8170267939567566,0.975531816482544,0.9869999997317791,0.7507520912167355
bounding,2,action_space,-1.0,2.5999999046325684,0.0,0.5,0.0,0.11999999731779099,-1.0,0.3400000035762787,1.0,0.03999999910593033,ramp_up_trot_robustness,ramp_up,1.0,trotting,1000,0.6866205930709839,0.6866205930709839,0.89286208152771,0.22074392437934875,0.09971493482589722,0.17990025877952576,1.3301894664764404,0.09971493482589722,0.022461041808128357,0.22800710797309875,0.21187904477119446,0.5099925994873047,0.5126892328262329,1.6158994436264038,3.9169044494628906,0.17990025877952576,0.08607185631990433,0.020647691562771797,0.0032193504739552736,0.4135366678237915,0.037958256900310516,200.5068817138672,141.38565063476562,34.691017150878906,64.76648712158203,462.6702575683594,0.09365402162075043,0.051333338022232056,0.621555507183075,1.8072952032089233,1.0199999809265137,0.01785724237561226,0.02000007964670658,2.6118624210357666,0.5,0.11999969929456711,0.34118586778640747,0.03881300985813141,0.7988281846046448,0.7341745495796204,0.6878141164779663,0.1711345613002777,0.5163447856903076,0.8511408567428589,0.40261372923851013,0.6505166292190552,0.6079791784286499,0.4857899248600006,1.0,0.9827068448066711,0.969670295715332,0.11407943814992905,0.18005329370498657,0.9998000264167786,0.01900000125169754,0.0010000000474974513,0.018000001087784767,1.02,0.6093681185853248,1.3311115677874907,0.14987008309909072,0.4603032096034031,0.7160232069047993,1.9791170883661457,0.2933800544002682,0.15448961789300622,0.0892862118780613,0.010714186355471611,224.56646537256321,0.8229074478149414,0.7235099077224731,0.6204310059547424,0.16873760521411896,0.4680570065975189,0.4373273253440857,0.6421300172805786,0.7736260294914246,0.969670295715332,0.9819999989122152,0.7367935493015326
bounding,2,action_space,-1.0,2.5999999046325684,0.0,0.5,0.0,0.11999999731779099,0.0,0.3799999952316284,-1.0,-0.03999999910593033,ramp_up_trot_robustness,ramp_up,1.0,trotting,1000,0.702134370803833,0.702134370803833,0.8995018005371094,0.2173273116350174,0.08400468528270721,0.1852554976940155,1.3788349628448486,0.08400468528270721,0.01743638888001442,0.22887343168258667,0.18410323560237885,0.5268262624740601,0.5556981563568115,1.7073811292648315,4.28933048248291,0.1852554976940155,0.07088945060968399,0.02384614199399948,0.002914900192990899,0.4101787209510803,0.04446640610694885,202.39161682128906,140.02178955078125,35.582969665527344,65.80447387695312,517.3082275390625,0.0958232432603836,0.048500001430511475,0.6519676446914673,1.8807003498077393,1.0139999389648438,0.01799003966152668,0.02000007964670658,2.610321044921875,0.5,0.11999969929456711,0.3800007998943329,-0.03896710276603699,0.8000980615615845,0.7247186899185181,0.6616024971008301,0.15919986367225647,0.5090562701225281,0.8473003506660461,0.4147261083126068,0.6094660758972168,0.6054456233978271,0.48289328813552856,1.0,0.9853007793426514,0.9768399596214294,0.2240496277809143,0.27613210678100586,1.0,0.017000000923871994,0.003000000026077032,0.014000000432133675,1.014,0.6429661256086662,1.3618861628001544,0.13204691923711973,0.4290725295359502,0.7454516458877877,2.071069888362754,0.2662507288434794,0.16358802580565113,0.0899501983076334,0.010050199925899506,225.00412639578624,0.8278489112854004,0.7094991207122803,0.5855399370193481,0.17771701514720917,0.4109317660331726,0.44027426838874817,0.6289625763893127,0.784663736820221,0.9768399596214294,0.9859999995678663,0.7243437288472286
bounding,2,action_space,-1.0,2.5999999046325684,0.0,0.5,0.0,0.11999999731779099,0.0,0.3799999952316284,0.0,0.0,ramp_up_trot_robustness,ramp_up,1.0,trotting,1000,0.7344763278961182,0.7344763278961182,0.867523729801178,0.2480890154838562,0.09170150011777878,0.2015158236026764,1.3223531246185303,0.09170150011777878,0.019685767590999603,0.2422155737876892,0.20949144661426544,0.5408623814582825,0.6094985008239746,1.7246918678283691,4.391671180725098,0.2015158236026764,0.09618164598941803,0.024150386452674866,0.0027643819339573383,0.4158042371273041,0.04386241361498833,197.592041015625,135.16726684570312,35.39202880859375,65.11410522460938,686.0137329101562,0.09556914120912552,0.03525000065565109,0.6046193838119507,1.6874090433120728,1.0130000114440918,0.01735047437250614,0.02000007964670658,2.6113719940185547,0.5,0.11999969929456711,0.3800007998943329,0.0,0.7683585286140442,0.6985077857971191,0.6632118821144104,0.15922875702381134,0.506623387336731,0.8234348297119141,0.39932119846343994,0.6000709533691406,0.6013182401657104,0.4799501597881317,1.0,0.9835715293884277,0.9775295257568359,0.4702278673648834,0.5089219808578491,1.0,0.018000001087784767,0.004000000189989805,0.014000000432133675,1.013,0.5968602021378332,1.2906409771245624,0.14030597845779633,0.45770235591950525,0.7807038496279973,2.0956314515498895,0.3101316591214416,0.16405721071209337,0.08675237186253071,0.013248026371002197,227.76557485166407,0.7817716002464294,0.6662526726722717,0.5837424397468567,0.1797715276479721,0.41592586040496826,0.4353484809398651,0.6593910455703735,0.838408350944519,0.9775295257568359,0.9859999995678663,0.712754985747429
bounding,2,action_space,-1.0,2.5999999046325684,0.0,0.5,0.0,0.11999999731779099,0.0,0.3799999952316284,1.0,0.03999999910593033,ramp_up_trot_robustness,ramp_up,1.0,trotting,1000,0.6931992769241333,0.6931992769241333,0.8987199068069458,0.22811287641525269,0.08739887177944183,0.18703770637512207,1.6795499324798584,0.08739887177944183,0.020562533289194107,0.21564650535583496,0.19874081015586853,0.5359541177749634,0.6929581165313721,1.6931366920471191,4.230343818664551,0.18703770637512207,0.0901012048125267,0.021650267764925957,0.0036732866428792477,0.42608168721199036,0.04794233292341232,200.47970581054688,138.0750274658203,35.05542755126953,64.5174560546875,568.3556518554688,0.09602054208517075,0.03933333605527878,0.6711126565933228,1.948239803314209,1.0120000839233398,0.017974384129047394,0.02000007964670658,2.6112585067749023,0.5,0.11999969929456711,0.3800007998943329,0.03887338936328888,0.793838381767273,0.7274211049079895,0.6749398708343506,0.16264119744300842,0.522217869758606,0.845492959022522,0.3117128014564514,0.672407865524292,0.6036137342453003,0.47129321098327637,1.0,0.983571469783783,0.9742237329483032,0.226167231798172,0.280880868434906,1.0,0.01900000125169754,0.004999999888241291,0.014000000432133675,1.012,0.6631548131407485,1.3874934554892302,0.14339642007105374,0.4458035555666515,0.8324410588932841,2.056779963599546,0.3001686272956031,0.15913376262693346,0.08987192064523697,0.010128477588295937,223.07251045860272,0.8120917677879333,0.7048071622848511,0.602618396282196,0.12358815968036652,0.3833347260951996,0.42649126052856445,0.6179890632629395,0.8214644193649292,0.9742237329483032,0.9859999995678663,0.7178865964405047
bounding,2,action_space,-1.0,2.5999999046325684,0.0,0.5,0.0,0.11999999731779099,1.0,0.3799999952316284,-1.0,-0.03999999910593033,ramp_up_trot_robustness,ramp_up,1.0,trotting,1000,0.6751525402069092,0.6751525402069092,0.8858039975166321,0.2332148551940918,0.08323366194963455,0.19191637635231018,1.576709508895874,0.08323366194963455,0.016245044767856598,0.22915592789649963,0.19129766523838043,0.535345196723938,0.5557271838188171,1.721433401107788,4.365318298339844,0.19191637635231018,0.0771770179271698,0.022700097411870956,0.0033034151419997215,0.4280650019645691,0.03605092316865921,205.89190673828125,144.47364807128906,34.7720947265625,64.69947052001953,507.3152770996094,0.09610571712255478,0.050833337008953094,0.6470457315444946,1.9177520275115967,1.0180001258850098,0.017716068774461746,0.02000007964670658,2.6101913452148438,0.5,0.11999969929456711,0.3800007998943329,-0.03898007422685623,0.7877086400985718,0.7081398963928223,0.6643239855766296,0.16128447651863098,0.5024058222770691,0.834564208984375,0.3365689516067505,0.6143496632575989,0.6070184707641602,0.4690220057964325,1.0,0.9853007793426514,0.9741548299789429,0.11071497946977615,0.16820934414863586,1.0,0.017000000923871994,0.0,0.017000000923871994,1.018,0.635604828420463,1.3725314798278958,0.127456050338368,0.4373758855245456,0.7454711153484199,2.0893344151523094,0.27780751956556143,0.1612560465653015,0.08858034387230873,0.011420054361224174,232.4350616112628,0.8044820427894592,0.6918964385986328,0.5944787859916687,0.14932794868946075,0.48625677824020386,0.42480289936065674,0.6244021058082581,0.7755625247955322,0.9741548299789429,0.982999999076128,0.7266849854435675
bounding,2,action_space,-1.0,2.5999999046325684,0.0,0.5,0.0,0.11999999731779099,1.0,0.3799999952316284,0.0,0.0,ramp_up_trot_robustness,ramp_up,1.0,trotting,1000,0.6937183737754822,0.6937183737754822,0.904433012008667,0.22668907046318054,0.09065254032611847,0.20135481655597687,1.5831758975982666,0.09065254032611847,0.021561389788985252,0.22766155004501343,0.21020667254924774,0.5706882476806641,0.7914280891418457,1.7684705257415771,4.655739784240723,0.20135481655597687,0.09136398136615753,0.023280752822756767,0.0035103755071759224,0.41749307513237,0.04748260974884033,201.45379638671875,136.06007385253906,34.8575439453125,64.89772033691406,586.3843383789062,0.0966547429561615,0.0572500079870224,0.7032757997512817,2.1045522689819336,1.0160000324249268,0.018088653683662415,0.02000007964670658,2.6113882064819336,0.5,0.11999969929456711,0.3800007998943329,0.0,0.7877476811408997,0.6981972455978394,0.65766441822052,0.15919384360313416,0.5001921057701111,0.8301516175270081,0.3448738157749176,0.6556205749511719,0.6077972650527954,0.47369518876075745,1.0,0.983571469783783,0.9741724729537964,0.22639518976211548,0.28274375200271606,1.0,0.01900000125169754,0.004000000189989805,0.015000000596046448,1.016,0.6922005480668676,1.4392392751162524,0.14683797120971556,0.4584830122798965,0.8896224419054668,2.1577163354437308,0.3022647537609331,0.16367995701958346,0.09044326841831207,0.009557129815220833,222.74042821513933,0.8141979575157166,0.6666849851608276,0.5851877331733704,0.13339994847774506,0.38687556982040405,0.433880478143692,0.595798671245575,0.7510747909545898,0.9741724729537964,0.9849999994039536,0.7131753113025275
bounding,2,action_space,-1.0,2.5999999046325684,0.0,0.5,0.0,0.11999999731779099,1.0,0.3799999952316284,1.0,0.03999999910593033,ramp_up_trot_robustness,ramp_up,1.0,trotting,1000,0.6712847948074341,0.6712847948074341,0.8950324058532715,0.225063294172287,0.08830535411834717,0.19039466977119446,1.7036616802215576,0.08830535411834717,0.02082882635295391,0.21793806552886963,0.18803508579730988,0.5775986909866333,0.7918397784233093,1.725597620010376,4.553683280944824,0.19039466977119446,0.08614401519298553,0.023500517010688782,0.0037293201312422752,0.4175100326538086,0.045277711004018784,198.302978515625,133.16494750976562,35.66242218017578,65.99211120605469,571.2259521484375,0.09680158644914627,0.036916665732860565,0.6091762781143188,1.6722904443740845,1.0139999389648438,0.017900651320815086,0.02000007964670658,2.610792398452759,0.5,0.11999969929456711,0.3800007998943329,0.03892005980014801,0.7966446876525879,0.7153967618942261,0.6590058207511902,0.1667717695236206,0.49604907631874084,0.8398176431655884,0.2863128185272217,0.6585508584976196,0.6046364307403564,0.4782925844192505,1.0,0.9844360947608948,0.9726345539093018,0.1118912473320961,0.17276710271835327,1.0,0.018000001087784767,0.004000000189989805,0.014000000432133675,1.014,0.6007655518059665,1.284212390037168,0.1443219538149131,0.4336301255647604,0.8898537960942288,2.133936100483054,0.29350300712767075,0.1650146573548273,0.08950325660407543,0.010497141629457474,221.55955160816166,0.8165934085845947,0.6959334015846252,0.5800756812095642,0.12000302970409393,0.4043177366256714,0.4338657855987549,0.6621253490447998,0.8314506411552429,0.9726345539093018,0.9859999995678663,0.7207400862796185
bounding,2,action_space,-1.0,2.5999999046325684,0.0,0.5,1.0,0.11999999731779099,-1.0,0.3400000035762787,-1.0,-0.03999999910593033,ramp_up_trot_robustness,ramp_up,1.0,trotting,1000,0.6768795847892761,0.6768795847892761,0.8811978101730347,0.2293216586112976,0.08612849563360214,0.18068453669548035,1.354636788368225,0.08612849563360214,0.018202848732471466,0.22532665729522705,0.1813773214817047,0.5486392974853516,0.7227591276168823,1.7253978252410889,4.364214897155762,0.18068453669548035,0.07808008790016174,0.0236089788377285,0.0026428562123328447,0.41574859619140625,0.05325452238321304,202.68865966796875,141.61526489257812,35.09910202026367,64.93522644042969,353.6937255859375,0.0923399031162262,0.04866667091846466,0.6911640167236328,2.019535779953003,1.0160000324249268,0.017623960971832275,0.02000007964670658,2.6101913452148438,0.5,0.11999969929456711,0.34101879596710205,-0.03898005187511444,0.7883784770965576,0.7267160415649414,0.6730065941810608,0.1613800823688507,0.5088443756103516,0.8469616174697876,0.43369120359420776,0.6107015609741211,0.6049278974533081,0.4797194302082062,1.0,0.9853007793426514,0.9716544151306152,0.057630427181720734,0.11830240488052368,1.0,0.017000000923871994,0.006000000052154064,0.010999999940395355,1.016,0.6802794689268578,1.4098694739562774,0.1349179333241933,0.42588416439415155,0.8501524143451469,2.0890703427974278,0.2794281444310178,0.16202418044866435,0.08811980485916138,0.011880593374371529,230.0149379946464,0.8102976083755493,0.7214667201042175,0.5915336608886719,0.1793002039194107,0.34469670057296753,0.4353969395160675,0.6083937287330627,0.784010112285614,0.9716544151306152,0.9890000000596046,0.7119633444608786
bounding,2,action_space,-1.0,2.5999999046325684,0.0,0.5,1.0,0.11999999731779099,-1.0,0.3400000035762787,0.0,0.0,ramp_up_trot_robustness,ramp_up,1.0,trotting,1000,0.6834293603897095,0.6834293603897095,0.9206969738006592,0.2162286937236786,0.09043743461370468,0.1966456174850464,1.3586788177490234,0.09043743461370468,0.019856750965118408,0.23231837153434753,0.20695875585079193,0.5511136054992676,0.6800968647003174,1.6394102573394775,3.96600604057312,0.1966456174850464,0.09169340133666992,0.023224331438541412,0.0032184007577598095,0.38678157329559326,0.0442536287009716,193.83924865722656,129.6463623046875,34.55476379394531,65.81629943847656,581.8016357421875,0.09754156321287155,0.043666671961545944,0.5863114595413208,1.684590220451355,1.0070000886917114,0.018413938581943512,0.02000007964670658,2.611313819885254,0.5,0.11999969929456711,0.3411310315132141,0.0,0.8014246821403503,0.7034633159637451,0.6680572032928467,0.1684267520904541,0.507343053817749,0.8282999992370605,0.3965264558792114,0.6303864121437073,0.6097142696380615,0.4991137385368347,1.0,0.9835715293884277,0.9711419939994812,0.11297479271888733,0.17636138200759888,0.9998000264167786,0.01900000125169754,0.003000000026077032,0.01600000075995922,1.007,0.5822357511094215,1.2933985960993934,0.1409139842780638,0.45492719840738466,0.824679855883674,1.9914833769261344,0.3028091830454782,0.16261221416702135,0.09206969290971756,0.007930705323815346,210.53533808963604,0.8294276595115662,0.6792982220649719,0.5892795324325562,0.1727665811777115,0.41268420219421387,0.461366206407547,0.6582174301147461,0.8038574457168579,0.9711419939994812,0.9839999992400408,0.7274677911056923
bounding,2,action_space,-1.0,2.5999999046325684,0.0,0.5,1.0,0.11999999731779099,-1.0,0.3400000035762787,1.0,0.03999999910593033,ramp_up_trot_robustness,ramp_up,1.0,trotting,1000,0.6762074828147888,0.6762074828147888,0.9061146378517151,0.21726515889167786,0.09211476147174835,0.19680777192115784,1.3886265754699707,0.09211476147174835,0.023462027311325073,0.22356221079826355,0.19634869694709778,0.5313873887062073,0.6213319301605225,1.6566758155822754,4.0365753173828125,0.19680777192115784,0.08811137080192566,0.021666593849658966,0.003843866288661957,0.4119376540184021,0.044396355748176575,203.00767517089844,140.70135498046875,34.93144226074219,65.42176818847656,562.790283203125,0.09497228264808655,0.0481666699051857,0.6593300700187683,1.945487380027771,1.0150001049041748,0.018122291192412376,0.02000007964670658,2.610919237136841,0.5,0.11999969929456711,0.341091513633728,0.03890730068087578,0.8051129579544067,0.7097303867340088,0.6767610907554626,0.1666659712791443,0.512824296951294,0.8303786516189575,0.38606810569763184,0.6418156027793884,0.61627197265625,0.4877576231956482,1.0,0.9844361543655396,0.9698858261108398,0.05872698128223419,0.12453725934028625,1.0,0.018000001087784767,0.003000000026077032,0.015000000596046448,1.015,0.6495862838669951,1.384462444696808,0.15317319384058384,0.4431125104836217,0.7882461101461411,2.0091230219632674,0.2968355955776289,0.159719942832199,0.09061145596206188,0.009388942271471024,224.04193320638143,0.8279383182525635,0.6788650155067444,0.6003699898719788,0.15600501000881195,0.41150787472724915,0.4387281537055969,0.6192885041236877,0.7859725952148438,0.9698858261108398,0.9849999994039536,0.7249286083074716
bounding,2,action_space,-1.0,2.5999999046325684,0.0,0.5,1.0,0.11999999731779099,0.0,0.3799999952316284,-1.0,-0.03999999910593033,ramp_up_trot_robustness,ramp_up,1.0,trotting,1000,0.681728720664978,0.681728720664978,0.8912463188171387,0.22846674919128418,0.1000860184431076,0.19508302211761475,1.3428502082824707,0.1000860184431076,0.023478146642446518,0.24469594657421112,0.2214801013469696,0.5585345029830933,0.7051594257354736,1.6610113382339478,4.188613414764404,0.19508302211761475,0.09129015356302261,0.025777630507946014,0.0039643715135753155,0.4025803208351135,0.04366721957921982,202.98733520507812,140.539306640625,34.882843017578125,65.68915557861328,646.410888671875,0.09800808131694794,0.04383333772420883,0.6443725824356079,1.8492023944854736,1.0090000629425049,0.0178249292075634,0.02000007964670658,2.611344814300537,0.5,0.11999969929456711,0.3800007998943329,-0.03886472061276436,0.7871294021606445,0.7034252882003784,0.6443567276000977,0.17468154430389404,0.49885180592536926,0.8299072980880737,0.42186662554740906,0.6135290861129761,0.6076946258544922,0.495807409286499,1.0,0.983571469783783,0.9711241722106934,0.11301392316818237,0.1768437772989273,1.0,0.018000001087784767,0.003000000026077032,0.015000000596046448,1.009,0.6386249341860754,1.3537754242905633,0.15322580279589504,0.47061672446585406,0.8397377124647157,2.046610225412842,0.302142604680344,0.17245869656680504,0.089124646037817,0.010875752195715904,227.75671654328147,0.8115670680999756,0.6834690570831299,0.5516508221626282,0.16325969994068146,0.41755273938179016,0.4470161199569702,0.6324355602264404,0.8031878471374512,0.9711241722106934,0.9849999994039536,0.7144187429012396
bounding,2,action_space,-1.0,2.5999999046325684,0.0,0.5,1.0,0.11999999731779099,0.0,0.3799999952316284,0.0,0.0,ramp_up_trot_robustness,ramp_up,1.0,trotting,1000,0.6994672417640686,0.6994672417640686,0.8992723226547241,0.22183939814567566,0.08719274401664734,0.1832352876663208,1.5922613143920898,0.08719274401664734,0.018289662897586823,0.2193213701248169,0.20197710394859314,0.5136682987213135,0.5423128604888916,1.6569830179214478,4.129093647003174,0.1832352876663208,0.07499948889017105,0.021022779867053032,0.0036663354840129614,0.4075946807861328,0.04562723636627197,203.4326171875,143.57608032226562,35.86616516113281,66.18226623535156,652.913818359375,0.09835457801818848,0.03658333420753479,0.6655325293540955,1.935614824295044,1.0099999904632568,0.017985444515943527,0.02000007964670658,2.6118364334106445,0.5,0.11999969929456711,0.3800007998943329,0.0,0.7984360456466675,0.7306643724441528,0.6758490204811096,0.17491820454597473,0.5174443125724792,0.8508373498916626,0.36239463090896606,0.6671800017356873,0.6079749464988708,0.48563820123672485,1.0,0.9827067852020264,0.9728502035140991,0.22742614150047302,0.2848527729511261,0.9996000528335571,0.021000001579523087,0.004000000189989805,0.017000000923871994,1.01,0.6589430403001237,1.3843591454738826,0.13523928015775158,0.4494186288401863,0.7364189435972514,2.0320171374777267,0.27386034559638434,0.15712770395785078,0.08992722257971764,0.01007317565381527,226.2191463726478,0.8213130831718445,0.7148005366325378,0.6103136539459229,0.14113272726535797,0.40150120854377747,0.4425555169582367,0.6193327903747559,0.8328375816345215,0.9728502035140991,0.982999999076128,0.7248982506302687
bounding,2,action_space,-1.0,2.5999999046325684,0.0,0.5,1.0,0.11999999731779099,0.0,0.3799999952316284,1.0,0.03999999910593033,ramp_up_trot_robustness,ramp_up,1.0,trotting,1000,0.6822829842567444,0.6822829842567444,0.8867447972297668,0.22472310066223145,0.08449751138687134,0.1976020336151123,1.5046558380126953,0.08449751138687134,0.016546251252293587,0.21710921823978424,0.19975686073303223,0.4955871105194092,0.5393401384353638,1.7553069591522217,4.554007530212402,0.1976020336151123,0.09201109409332275,0.022983331233263016,0.003330858889967203,0.41192692518234253,0.04820926487445831,193.71337890625,132.3427276611328,35.29216766357422,65.37001037597656,553.8592529296875,0.09493381530046463,0.049000006169080734,0.6830124855041504,1.8337318897247314,1.0130000114440918,0.017734894528985023,0.02000007964670658,2.6111044883728027,0.5,0.11999969929456711,0.3800007998943329,0.03888873755931854,0.7910407185554504,0.7160860896110535,0.6664566993713379,0.1630074381828308,0.5279489755630493,0.8361190557479858,0.3894958198070526,0.6724404096603394,0.6121196746826172,0.47951775789260864,1.0,0.9844361543655396,0.9721201658248901,0.11242349445819855,0.17593449354171753,1.0,0.018000001087784767,0.004999999888241291,0.013000000268220901,1.013,0.6742472370897088,1.3454364428103212,0.1286322325558162,0.4469416748671265,0.7343978066656816,2.134012073586371,0.30333330528203256,0.1622164915266947,0.08867447264492512,0.011325925588607788,218.4544860160667,0.8170933723449707,0.6767416596412659,0.5907964110374451,0.15952081978321075,0.38129371404647827,0.43873757123947144,0.6360043883323669,0.7827045321464539,0.9721201658248901,0.9869999997317791,0.7180593164685445
bounding,2,action_space,-1.0,2.5999999046325684,0.0,0.5,1.0,0.11999999731779099,1.0,0.3799999952316284,-1.0,-0.03999999910593033,ramp_up_trot_robustness,ramp_up,1.0,trotting,1000,0.6699817180633545,0.6699817180633545,0.9251657128334045,0.22055360674858093,0.09466598182916641,0.18815909326076508,1.5924404859542847,0.09466598182916641,0.01958656683564186,0.23370301723480225,0.20574508607387543,0.5190255641937256,0.5789080858230591,1.6846697330474854,4.196856498718262,0.18815909326076508,0.0875277891755104,0.023314105346798897,0.0029359066393226385,0.38519829511642456,0.04567983001470566,199.29299926757812,134.75900268554688,35.09820556640625,65.96577453613281,554.176513671875,0.09614451229572296,0.0415833406150341,0.6678445339202881,1.9735615253448486,1.0069999694824219,0.018503298982977867,0.02000007964670658,2.6118149757385254,0.5,0.11999969929456711,0.3800007998943329,-0.03881768137216568,0.8038929104804993,0.7230221629142761,0.6713064312934875,0.16914527118206024,0.5268949270248413,0.8435403108596802,0.32776641845703125,0.6252014636993408,0.6100988984107971,0.5013076066970825,1.0,0.9827068448066711,0.9667667746543884,0.06046850234270096,0.12995606660842896,0.9998000264167786,0.020000001415610313,0.0,0.020000001415610313,1.007,0.6632020679462513,1.399943750241525,0.13995201618998512,0.4535913205451306,0.7608600960906408,2.0486230738518643,0.29585095770592057,0.1620185544501664,0.09251649491488934,0.00748390331864357,215.41330002084177,0.8231839537620544,0.7018479704856873,0.5915552377700806,0.13749442994594574,0.40107908844947815,0.46282947063446045,0.6126505136489868,0.812274694442749,0.9667667746543884,0.9799999985843897,0.7218207251758147
bounding,2,action_space,-1.0,2.5999999046325684,0.0,0.5,1.0,0.11999999731779099,1.0,0.3799999952316284,0.0,0.0,ramp_up_trot_robustness,ramp_up,1.0,trotting,1000,0.6802355647087097,0.6802355647087097,0.9395357966423035,0.20723280310630798,0.08843930065631866,0.19529417157173157,1.5743423700332642,0.08843930065631866,0.021724054589867592,0.2287830412387848,0.21334604918956757,0.5422697067260742,0.7725147008895874,1.6790056228637695,4.20566987991333,0.19529417157173157,0.09366855770349503,0.02118358574807644,0.0040033659897744656,0.40465235710144043,0.04006592929363251,195.12741088867188,130.2410888671875,34.85603332519531,65.64295959472656,568.323486328125,0.0981822982430458,0.05441667139530182,0.6372604966163635,1.8542470932006836,1.0180001258850098,0.018790701404213905,0.02000007964670658,2.6118621826171875,0.5,0.11999969929456711,0.3800007998943329,0.0,0.8108227252960205,0.7119734287261963,0.6703615784645081,0.16606047749519348,0.519584596157074,0.8365610241889954,0.3556605577468872,0.6526480317115784,0.6007084846496582,0.48367252945899963,1.0,0.9827068448066711,0.969670295715332,0.11407950520515442,0.18005378544330597,0.9998000264167786,0.020000001415610313,0.006000000052154064,0.014000000432133675,1.018,0.6259926306943763,1.3496150474629456,0.14739082261072972,0.46189398046474645,0.8789281545664511,2.0507729957051146,0.3060531942383465,0.15870397517973803,0.09395350702106953,0.006046891212463379,207.6849137478474,0.8421629667282104,0.6829059720039368,0.6042670607566833,0.13414642214775085,0.44873687624931335,0.4451674818992615,0.63421630859375,0.7617907524108887,0.969670295715332,0.9859999995678663,0.7359124524280046
bounding,2,action_space,-1.0,2.5999999046325684,0.0,0.5,1.0,0.11999999731779099,1.0,0.3799999952316284,1.0,0.03999999910593033,ramp_up_trot_robustness,ramp_up,1.0,trotting,1000,0.6669452786445618,0.6669452786445618,0.9034307599067688,0.22424918413162231,0.09134715795516968,0.1941169798374176,1.6371963024139404,0.09134715795516968,0.021405480802059174,0.22688525915145874,0.21314853429794312,0.5861632823944092,0.8189973831176758,1.7579054832458496,4.536861419677734,0.1941169798374176,0.11222031712532043,0.021949686110019684,0.003950222861021757,0.41295456886291504,0.044952392578125,195.52981567382812,129.48086547851562,35.664546966552734,66.02487182617188,658.7283325195312,0.09939511120319366,0.04541666805744171,0.6235593557357788,1.7295151948928833,1.0090000629425049,0.018068606033921242,0.02000007964670658,2.6123838424682617,0.5,0.11999969929456711,0.3800007998943329,0.03876087814569473,0.7963413596153259,0.7243125438690186,0.6621972322463989,0.15790070593357086,0.4908478856086731,0.8425724506378174,0.3116902709007263,0.6570420265197754,0.6094459295272827,0.4770433306694031,1.0,0.9818421602249146,0.9651229381561279,0.061435259878635406,0.1340785026550293,0.9996000528335571,0.021000001579523087,0.004999999888241291,0.01600000075995922,1.009,0.6179973500216799,1.3092319663237506,0.1463061201797764,0.4616801211855922,0.9049847419253408,2.129990943567069,0.33499301056189285,0.1609344865808489,0.09034303016960621,0.009657368063926697,216.43032797998399,0.8177891373634338,0.6860436797142029,0.595711886882782,0.1267794966697693,0.4069569706916809,0.43783676624298096,0.6514711976051331,0.7968543767929077,0.9651229381561279,0.9839999992400408,0.7229208523073258
bounding,2,action_space,0.0,3.0,0.0,0.5,-1.0,0.08999999612569809,-1.0,0.3400000035762787,-1.0,-0.03999999910593033,ramp_up_trot_robustness,ramp_up,1.0,trotting,1000,0.6828999519348145,0.6828999519348145,0.8977893590927124,0.19518542289733887,0.10566362738609314,0.19468149542808533,1.5391865968704224,0.10566362738609314,0.024980854243040085,0.22254252433776855,0.1996287703514099,0.5104393362998962,0.6093178987503052,1.7717761993408203,4.573857307434082,0.19468149542808533,0.09268053621053696,0.023872967809438705,0.0040086619555950165,0.36994653940200806,0.04637874662876129,174.50929260253906,111.50434875488281,34.76116943359375,66.53724670410156,533.7387084960938,0.08286236226558685,0.05558333918452263,0.6979721784591675,1.8814120292663574,1.152000069618225,0.017955783754587173,0.02000007964670658,3.000000238418579,0.5,0.09082800894975662,0.34110283851623535,-0.03889605402946472,0.8281556367874146,0.7210997343063354,0.664941668510437,0.15178361535072327,0.5457046031951904,0.8412302732467651,0.3552549481391907,0.6576937437057495,0.6102426648139954,0.5084075927734375,0.6353498697280884,0.9835715293884277,0.971638560295105,0.11248171329498291,0.17367687821388245,1.0,0.01900000125169754,0.004000000189989805,0.015000000596046448,1.152,0.6058785650465224,1.2779554068530088,0.15805332721281157,0.44679835535889106,0.7805881748721955,2.1386578285069544,0.30443478153873443,0.166977931970167,0.08977891877293587,0.010221479460597038,194.37665509746583,0.8586538434028625,0.6845395565032959,0.5725629925727844,0.1301843672990799,0.3955116868019104,0.4771649241447449,0.6647843718528748,0.7573599219322205,0.971638560295105,0.9849999994039536,0.7318539191515019
bounding,2,action_space,0.0,3.0,0.0,0.5,-1.0,0.08999999612569809,-1.0,0.3400000035762787,0.0,0.0,ramp_up_trot_robustness,ramp_up,1.0,trotting,1000,0.7048803567886353,0.7048803567886353,0.9076398015022278,0.19407406449317932,0.10080622136592865,0.20481456816196442,1.5104644298553467,0.10080622136592865,0.023417599499225616,0.2069101333618164,0.18998831510543823,0.518328845500946,0.5825607776641846,1.7612262964248657,4.574638366699219,0.20481456816196442,0.08989310264587402,0.01917852833867073,0.0037857121787965298,0.35486724972724915,0.045652009546756744,174.69985961914062,108.73050689697266,34.763648986816406,66.44963073730469,586.0653076171875,0.08632975816726685,0.05216667056083679,0.646081805229187,1.663884162902832,1.1480000019073486,0.018152786418795586,0.02000007964670658,3.000000238418579,0.5,0.09086761623620987,0.3411555290222168,0.0,0.8344752788543701,0.6944949626922607,0.7039408683776855,0.15814214944839478,0.5371435880661011,0.8246415853500366,0.3486347198486328,0.6929997205734253,0.6177752017974854,0.5177721977233887,0.6358448266983032,0.9827068448066711,0.9730916619300842,0.22689056396484375,0.2817186117172241,1.0,0.01900000125169754,0.003000000026077032,0.01600000075995922,1.148,0.5627890131614764,1.2039004674568374,0.1530281003581552,0.4358764906546787,0.763256691856799,2.138840425721194,0.29982178480869937,0.151539567497955,0.09076393209397793,0.009236466139554977,192.47708102927638,0.8601409792900085,0.6573819518089294,0.6317352652549744,0.1382327526807785,0.4013023376464844,0.4917747378349304,0.6960428357124329,0.7704092860221863,0.9730916619300842,0.9839999992400408,0.7454249374568462
bounding,2,action_space,0.0,3.0,0.0,0.5,-1.0,0.08999999612569809,-1.0,0.3400000035762787,1.0,0.03999999910593033,ramp_up_trot_robustness,ramp_up,1.0,trotting,1000,0.6820409297943115,0.6820409297943115,0.8967854976654053,0.1919555515050888,0.09520870447158813,0.18771429359912872,1.732818841934204,0.09520870447158813,0.019489962607622147,0.19714273512363434,0.17007268965244293,0.5400819778442383,0.7412604093551636,1.7088963985443115,4.267605781555176,0.18771429359912872,0.08637815713882446,0.016675632447004318,0.004423598758876324,0.3708551526069641,0.05342938005924225,171.69674682617188,110.55995178222656,35.66343688964844,66.43742370605469,352.544677734375,0.08206287771463394,0.04866667091846466,0.7379324436187744,1.8651790618896484,1.1510000228881836,0.01793571561574936,0.02000007964670658,3.000000238418579,0.5,0.09076501429080963,0.3410187363624573,0.038980066776275635,0.8317395448684692,0.7327672243118286,0.7218519449234009,0.16285327076911926,0.546186625957489,0.8477085828781128,0.2935306429862976,0.6944906711578369,0.6038761138916016,0.5062798857688904,0.6345623731613159,0.9853007793426514,0.9741548299789429,0.11071496456861496,0.16820931434631348,1.0,0.017000000923871994,0.004999999888241291,0.012000000104308128,1.151,0.6411229323346547,1.272982963598053,0.13960645618173304,0.4123987022923847,0.8609648130760998,2.0658184289901125,0.2939016113239675,0.1452557441407418,0.0896785780787468,0.01032182015478611,191.45798774974472,0.8629593253135681,0.7030223608016968,0.6557441353797913,0.11971776932477951,0.34349334239959717,0.47629860043525696,0.6668958067893982,0.784010112285614,0.9741548299789429,0.9879999998956919,0.7427676351597677
bounding,2,action_space,0.0,3.0,0.0,0.5,-1.0,0.08999999612569809,0.0,0.3799999952316284,-1.0,-0.03999999910593033,ramp_up_trot_robustness,ramp_up,1.0,trotting,1000,0.6955522298812866,0.6955522298812866,0.8896137475967407,0.18918123841285706,0.08987092971801758,0.19160473346710205,1.7007319927215576,0.08987092971801758,0.020613929256796837,0.21694543957710266,0.17067086696624756,0.5006455183029175,0.7143291234970093,1.7652175426483154,4.510161876678467,0.19160473346710205,0.07280853390693665,0.020336583256721497,0.0035530782770365477,0.3928260803222656,0.047760240733623505,179.28126525878906,121.79340362548828,36.20820617675781,66.77487182617188,719.9119873046875,0.08200681209564209,0.04908333718776703,0.7458330392837524,1.9358067512512207,1.1540000438690186,0.01779227703809738,0.02000007964670658,3.000000238418579,0.5,0.09076501429080963,0.3800007998943329,-0.038980066776275635,0.8403276801109314,0.7074158191680908,0.6914188861846924,0.1549004316329956,0.5557817220687866,0.8417506814002991,0.2898339331150055,0.6229181289672852,0.5937868356704712,0.48934295773506165,0.6345623135566711,0.9853007793426514,0.9768911600112915,0.22382166981697083,0.27426910400390625,1.0,0.017000000923871994,0.0020000000949949026,0.015000000596046448,1.154,0.6463024331130849,1.295173897649133,0.14357551760936416,0.4131233072174064,0.8451799355740819,2.123714170192982,0.2698305651829248,0.1545628077312199,0.08896138519048691,0.011039013043045998,201.52708492096812,0.86661696434021,0.6927239298820496,0.6201504468917847,0.12087351083755493,0.38473331928253174,0.4558223485946655,0.6574616432189941,0.7823784947395325,0.9768911600112915,0.9849999994039536,0.7392588823269576
bounding,2,action_space,0.0,3.0,0.0,0.5,-1.0,0.08999999612569809,0.0,0.3799999952316284,0.0,0.0,ramp_up_trot_robustness,ramp_up,1.0,trotting,1000,0.7416175007820129,0.7416175007820129,0.9212192893028259,0.17508628964424133,0.09925320744514465,0.1931125372648239,1.6547226905822754,0.09925320744514465,0.020825183019042015,0.21951065957546234,0.1988075077533722,0.5316399335861206,0.7106531858444214,1.7437055110931396,4.470781326293945,0.1931125372648239,0.07652542740106583,0.017425650730729103,0.0036328830756247044,0.3706507682800293,0.04290851578116417,176.83544921875,115.87448120117188,34.474700927734375,66.47755432128906,572.5115966796875,0.08404352515935898,0.0598333366215229,0.5866335034370422,1.4345991611480713,1.1610000133514404,0.018424395471811295,0.02000007964670658,3.000000238418579,0.5,0.09080418944358826,0.3800007998943329,0.0,0.8508986234664917,0.7076942324638367,0.7123501896858215,0.15818722546100616,0.5258350372314453,0.8382126092910767,0.31080713868141174,0.6722198724746704,0.6098743677139282,0.5081639289855957,0.635051965713501,0.9844361543655396,0.978721022605896,0.46901869773864746,0.5050437450408936,1.0,0.018000001087784767,0.004999999888241291,0.013000000268220901,1.161,0.5052828792864449,1.11160161825336,0.14430933101862128,0.445878355331779,0.8430024827035929,2.114422220440834,0.276632296381073,0.1451155877442317,0.09212197735905647,0.007878420874476433,191.95804003689304,0.8845990300178528,0.688717246055603,0.6562780737876892,0.12603113055229187,0.423937052488327,0.47649332880973816,0.7342435121536255,0.7414358258247375,0.978721022605896,0.9869999997317791,0.7622509413422683
bounding,2,action_space,0.0,3.0,0.0,0.5,-1.0,0.08999999612569809,0.0,0.3799999952316284,1.0,0.03999999910593033,ramp_up_trot_robustness,ramp_up,1.0,trotting,1000,0.7067354321479797,0.7067354321479797,0.8977330923080444,0.1893957108259201,0.09634557366371155,0.1803896129131317,1.5682270526885986,0.09634557366371155,0.018733259290456772,0.21102416515350342,0.18877236545085907,0.4846830368041992,0.5822278261184692,1.7896580696105957,4.569009304046631,0.1803896129131317,0.07515076547861099,0.017445001751184464,0.00295854639261961,0.3963099718093872,0.05460118129849434,185.31015014648438,126.33948516845703,34.8740234375,66.09484100341797,469.96337890625,0.08294708281755447,0.055500004440546036,0.6259455680847168,1.5569231510162354,1.1549999713897705,0.017954662442207336,0.02000007964670658,3.000000238418579,0.5,0.09085150808095932,0.3800007998943329,0.03886472061276436,0.839270830154419,0.7267622947692871,0.7152312994003296,0.15324890613555908,0.5569723844528198,0.8497251272201538,0.3603624701499939,0.6823393106460571,0.602716326713562,0.4928781986236572,0.6356436610221863,0.9835715293884277,0.9741791486740112,0.22632330656051636,0.28217774629592896,1.0,0.01900000125169754,0.0020000000949949026,0.017000000923871994,1.155,0.5419441520393669,1.1610277189822515,0.13686949729745035,0.43447941890365654,0.7630385482519669,2.137524106073808,0.2741363994047689,0.14284098901857292,0.08977331221103668,0.010227086022496223,206.42009494164643,0.8663355708122253,0.722235381603241,0.6649317145347595,0.14328892529010773,0.33553680777549744,0.4526573121547699,0.7139114737510681,0.7576755285263062,0.9741791486740112,0.982999999076128,0.7449144982756714
bounding,2,action_space,0.0,3.0,0.0,0.5,-1.0,0.08999999612569809,1.0,0.3799999952316284,-1.0,-0.03999999910593033,ramp_up_trot_robustness,ramp_up,1.0,trotting,1000,0.6845195293426514,0.6845195293426514,0.9057762026786804,0.18758216500282288,0.10104531794786453,0.1941492110490799,1.4608004093170166,0.10104531794786453,0.022370727732777596,0.2174861580133438,0.1850786805152893,0.5213221311569214,0.7216992378234863,1.7050331830978394,4.212238311767578,0.1941492110490799,0.07829487323760986,0.02159135788679123,0.0037222420796751976,0.3847791254520416,0.0409284308552742,181.1644744873047,119.3841323852539,34.84334182739258,66.98393249511719,578.7796020507812,0.08605808019638062,0.05883333832025528,0.6761954426765442,1.861029863357544,1.1600000858306885,0.01811552606523037,0.02000007964670658,3.000000238418579,0.5,0.09081000834703445,0.3800007998943329,-0.038920048624277115,0.8405517339706421,0.7089177966117859,0.6794990301132202,0.16088679432868958,0.5364586114883423,0.8402738571166992,0.37446916103363037,0.6536890268325806,0.5920823812484741,0.5018613338470459,0.6351248025894165,0.9844361543655396,0.972634494304657,0.11189128458499908,0.17276759445667267,1.0,0.018000001087784767,0.0,0.018000001087784767,1.16,0.5829270987675108,1.2666238674864856,0.14956847172040502,0.43020771787043677,0.8495288328382306,2.052373823592471,0.279812210665671,0.15910248259051907,0.09057763032615185,0.009422767907381058,200.01019451774212,0.8687079548835754,0.6859577894210815,0.6027383804321289,0.1483449637889862,0.4410625398159027,0.4632176458835602,0.6695938110351562,0.7451522946357727,0.972634494304657,0.9819999989122152,0.7442085910110902
bounding,2,action_space,0.0,3.0,0.0,0.5,-1.0,0.08999999612569809,1.0,0.3799999952316284,0.0,0.0,ramp_up_trot_robustness,ramp_up,1.0,trotting,1000,0.7086620330810547,0.7086620330810547,0.8935707211494446,0.18605372309684753,0.08657555282115936,0.19085855782032013,1.491715431213379,0.08657555282115936,0.017464827746152878,0.21579372882843018,0.18896348774433136,0.5046331882476807,0.6770788431167603,1.8088183403015137,4.738901138305664,0.19085855782032013,0.0740995705127716,0.01785663142800331,0.002798669505864382,0.395622193813324,0.04249870404601097,184.3948516845703,124.5568618774414,35.557342529296875,65.83181762695312,591.3780517578125,0.08256947994232178,0.042083337903022766,0.607633113861084,1.451472520828247,1.162000060081482,0.01787141151726246,0.02000007964670658,3.000000238418579,0.5,0.09080030024051666,0.3800007998943329,0.0,0.8374857902526855,0.7076011896133423,0.7126561403274536,0.15032389760017395,0.5492986440658569,0.8409451246261597,0.39081263542175293,0.6586921215057373,0.6078404188156128,0.4882923364639282,0.6350033283233643,0.9844361543655396,0.9755829572677612,0.22488337755203247,0.27666357159614563,0.9998000264167786,0.018000001087784767,0.003000000026077032,0.015000000596046448,1.162,0.5229200143206756,1.117638435752704,0.13215456006567794,0.43469930727381123,0.8228480072995014,2.1769017291337853,0.27221236289480244,0.14371952175632818,0.0893570575863123,0.010643340647220612,206.35731153699174,0.870694637298584,0.6947036981582642,0.6615921258926392,0.1586567908525467,0.4274260103702545,0.45328038930892944,0.7317773699760437,0.8102465271949768,0.9755829572677612,0.9849999994039536,0.7578605497494721
bounding,2,action_space,0.0,3.0,0.0,0.5,-1.0,0.08999999612569809,1.0,0.3799999952316284,1.0,0.03999999910593033,ramp_up_trot_robustness,ramp_up,1.0,trotting,1000,0.6849931478500366,0.6849931478500366,0.8735195398330688,0.20288607478141785,0.09116515517234802,0.1821662336587906,1.6065704822540283,0.09116515517234802,0.02017895132303238,0.1986238956451416,0.17431968450546265,0.48447471857070923,0.5024786591529846,1.8168487548828125,4.736478328704834,0.1821662336587906,0.06748506426811218,0.0180680975317955,0.0033196699805557728,0.40342503786087036,0.04889331012964249,180.42108154296875,122.44841003417969,35.63018035888672,65.79655456542969,416.6833190917969,0.08164781332015991,0.046666670590639114,0.534572958946228,1.2455841302871704,1.1530001163482666,0.017470387741923332,0.02000007964670658,3.000000238418579,0.5,0.09076502174139023,0.3800007998943329,0.03898009657859802,0.8268629312515259,0.7181244492530823,0.7091299295425415,0.15157559514045715,0.5475039482116699,0.8454728126525879,0.34717902541160583,0.7032046318054199,0.6054725646972656,0.4750255048274994,0.6345623135566711,0.9853007793426514,0.9741548895835876,0.11071496456861496,0.16820934414863586,1.0,0.017000000923871994,0.004999999888241291,0.012000000104308128,1.153,0.4636365455435549,1.0393740637735758,0.142052635748276,0.41751608891809505,0.7088572911051876,2.1763451768285367,0.25977887571569824,0.14624557262478505,0.08735193870961666,0.012648459523916245,206.54498647786122,0.848189651966095,0.7175982594490051,0.6519709229469299,0.13396865129470825,0.37611278891563416,0.44626155495643616,0.7633225321769714,0.7918895483016968,0.9741548895835876,0.9879999998956919,0.7469165463669178
bounding,2,action_space,0.0,3.0,0.0,0.5,0.0,0.11999999731779099,-1.0,0.3400000035762787,-1.0,-0.03999999910593033,ramp_up_trot_robustness,ramp_up,1.0,trotting,1000,0.7050708532333374,0.7050708532333374,0.8879744410514832,0.1955716907978058,0.09750784933567047,0.1949606090784073,1.5137954950332642,0.09750784933567047,0.020910678431391716,0.2259855568408966,0.19653064012527466,0.5088707208633423,0.64849853515625,1.740527868270874,4.454281806945801,0.1949606090784073,0.07722196727991104,0.019567903131246567,0.0034136921167373657,0.39226213097572327,0.04572537541389465,196.84848022460938,136.72987365722656,35.13938903808594,66.41120910644531,524.1096801757812,0.09280859678983688,0.050833337008953094,0.7398927211761475,2.122596025466919,1.1579999923706055,0.01775948330760002,0.02000007964670658,3.000000238418579,0.5,0.11999969929456711,0.34113872051239014,-0.038860104978084564,0.8274216651916504,0.7036798000335693,0.6954997181892395,0.15777470171451569,0.556084156036377,0.8322296142578125,0.3687797486782074,0.643556535243988,0.6135380268096924,0.4940917491912842,1.0,0.9835715293884277,0.9741724729537964,0.22640030086040497,0.2827785313129425,1.0,0.01900000125169754,0.005000000353902578,0.014000000432133675,1.158,0.6389401556090781,1.3538775463162707,0.14460525035900915,0.44331776427893643,0.8052940675034493,2.1105169525369374,0.2778884079624608,0.15159681806681805,0.0887974165380001,0.011202981695532799,221.68259707060247,0.8581355810165405,0.6837955117225647,0.6315160393714905,0.14485687017440796,0.4007139205932617,0.45633673667907715,0.6323918104171753,0.7755625247955322,0.9741724729537964,0.9859999995678663,0.7395184791814059
bounding,2,action_space,0.0,3.0,0.0,0.5,0.0,0.11999999731779099,-1.0,0.3400000035762787,0.0,0.0,ramp_up_trot_robustness,ramp_up,1.0,trotting,1000,0.7424567937850952,0.7424567937850952,0.8814321756362915,0.19197669625282288,0.08697932958602905,0.18152034282684326,1.5547187328338623,0.08697932958602905,0.024431347846984863,0.21135173738002777,0.18361559510231018,0.4977223873138428,0.5707474946975708,1.7605775594711304,4.54196834564209,0.18152034282684326,0.08358405530452728,0.017387155443429947,0.003345960285514593,0.39371222257614136,0.03912951797246933,199.26292419433594,142.1011505126953,34.951683044433594,66.80685424804688,514.0151977539062,0.09026545286178589,0.049250006675720215,0.7100416421890259,1.9849953651428223,1.1679999828338623,0.01762864924967289,0.02000007964670658,3.000000238418579,0.5,0.11999969929456711,0.34101831912994385,0.0,0.8339460492134094,0.7380739450454712,0.7176932096481323,0.15262995660305023,0.5475592017173767,0.8528029322624207,0.3363022804260254,0.6589017510414124,0.6028629541397095,0.49528419971466064,1.0,0.9853007793426514,0.9798945188522339,0.468051940202713,0.5028122067451477,1.0,0.017000000923871994,0.0020000000949949026,0.015000000596046448,1.168,0.6079123510073309,1.3036419485058834,0.15630530332328735,0.4285039032521293,0.7554783217919432,2.1311894204040356,0.2891090716399734,0.14398998482166925,0.08814324624836445,0.011857151985168457,226.06722298342612,0.8629313111305237,0.7192859053611755,0.6605632901191711,0.12959440052509308,0.4572201073169708,0.4550152122974396,0.6538544297218323,0.7817267179489136,0.9798945188522339,0.9849999994039536,0.7555889036410894
bounding,2,action_space,0.0,3.0,0.0,0.5,0.0,0.11999999731779099,-1.0,0.3400000035762787,1.0,0.03999999910593033,ramp_up_trot_robustness,ramp_up,1.0,trotting,1000,0.7100403308868408,0.7100403308868408,0.8823012113571167,0.2010452002286911,0.09343668818473816,0.18845391273498535,1.4573081731796265,0.09343668818473816,0.02123931609094143,0.21430709958076477,0.1804223656654358,0.5003830194473267,0.6154484748840332,1.7134661674499512,4.264767169952393,0.18845391273498535,0.0917263925075531,0.01718912273645401,0.003030589781701565,0.3779755234718323,0.04530024528503418,191.42855834960938,132.9569091796875,35.09663772583008,67.13029479980469,595.7938842773438,0.09123466908931732,0.04141666740179062,0.7518253326416016,2.1321496963500977,1.1549999713897705,0.01764601841568947,0.02000007964670658,3.000000238418579,0.5,0.11999969929456711,0.34107863903045654,0.03892005607485771,0.8347715139389038,0.7348230481147766,0.7257840633392334,0.156205952167511,0.5497729778289795,0.8508200645446777,0.3784344494342804,0.6599479913711548,0.6110141277313232,0.505949854850769,1.0,0.9844361543655396,0.975531816482544,0.22511127591133118,0.2785257399082184,1.0,0.018000001087784767,0.0010000000474974513,0.017000000923871994,1.155,0.6509310107210498,1.3586820116245453,0.1457371472581422,0.424761539767239,0.7845052421010539,2.0651312718450594,0.30286365332861104,0.1421960355219356,0.08823009207844734,0.011770306155085564,216.9650861695661,0.850716233253479,0.7010691165924072,0.6673809885978699,0.1522708386182785,0.4041355550289154,0.4695638120174408,0.6303347945213318,0.812951922416687,0.975531816482544,0.982999999076128,0.7452727978428205
bounding,2,action_space,0.0,3.0,0.0,0.5,0.0,0.11999999731779099,0.0,0.3799999952316284,-1.0,-0.03999999910593033,ramp_up_trot_robustness,ramp_up,1.0,trotting,1000,0.7406535744667053,0.7406535744667053,0.8812562227249146,0.2039221078157425,0.0772007405757904,0.1989866942167282,1.5213731527328491,0.0772007405757904,0.013371013104915619,0.2411351501941681,0.19160601496696472,0.48684433102607727,0.5268651247024536,1.875862956047058,5.077699661254883,0.1989866942167282,0.07967223972082138,0.02076384797692299,0.0028222426772117615,0.42270904779434204,0.04846549034118652,198.5810089111328,139.8244171142578,34.574066162109375,65.63959503173828,662.8469848632812,0.09333498775959015,0.054750002920627594,0.8370196223258972,2.550419330596924,1.1579999923706055,0.017625125125050545,0.02000007964670658,3.000000238418579,0.5,0.11999969929456711,0.3800007998943329,-0.038980066776275635,0.8286727666854858,0.6931787133216858,0.6935001611709595,0.14298388361930847,0.5459614992141724,0.8279809951782227,0.36795368790626526,0.5839360356330872,0.6005547046661377,0.46817994117736816,1.0,0.9853007793426514,0.9798945188522339,0.4680585265159607,0.5028557777404785,1.0,0.017000000923871994,0.004000000189989805,0.013000000268220901,1.158,0.7228148465329501,1.4840600804471977,0.11563309692694224,0.4377282432822501,0.7258547545497334,2.2533751709945866,0.28226271401093944,0.153577637220185,0.08812562562525272,0.011874772608280182,225.33856078440445,0.8467609286308289,0.6730356216430664,0.6239270567893982,0.1671617329120636,0.37934476137161255,0.42937779426574707,0.5765988230705261,0.760522186756134,0.9798945188522339,0.9869999997317791,0.7266924707935407
bounding,2,action_space,0.0,3.0,0.0,0.5,0.0,0.11999999731779099,0.0,0.3799999952316284,0.0,0.0,ramp_up_trot_robustness,ramp_up,1.0,trotting,1000,0.8336838483810425,0.8336838483810425,0.8818378448486328,0.19530318677425385,0.0928482711315155,0.18954411149024963,1.2657959461212158,0.0928482711315155,0.019333098083734512,0.21078932285308838,0.1653081774711609,0.49533402919769287,0.5740031003952026,1.8182110786437988,4.75583028793335,0.18954411149024963,0.08750651776790619,0.02023930847644806,0.002914764918386936,0.39365607500076294,0.04607765004038811,192.70809936523438,131.50668334960938,35.04926300048828,67.58071899414062,612.9412231445312,0.09241577237844467,0.05375000834465027,0.8209148049354553,2.4826903343200684,1.1500000953674316,0.017636753618717194,0.02000007964670658,3.000000238418579,0.5,0.11999969929456711,0.3800007998943329,0.0,0.8298102617263794,0.7276460528373718,0.699155330657959,0.1522759646177292,0.5350692272186279,0.848247766494751,0.4484439194202423,0.6469197273254395,0.6009487509727478,0.49262410402297974,1.0,0.9853007793426514,0.9831997156143188,1.0,1.0,1.0,0.017000000923871994,0.004000000189989805,0.013000000268220901,1.15,0.7138389521059783,1.4693063816667107,0.13904351147656804,0.4065810835136835,0.757629923112335,2.1807866213670124,0.2958150059883815,0.15216462596423322,0.08818376809358597,0.011816630139946938,218.53008519759396,0.8584959506988525,0.6981860399246216,0.6293413639068604,0.1915784329175949,0.39790061116218567,0.4550662934780121,0.5829141736030579,0.7643342614173889,0.9831997156143188,0.9869999997317791,0.7364003969690739
bounding,2,action_space,0.0,3.0,0.0,0.5,0.0,0.11999999731779099,0.0,0.3799999952316284,1.0,0.03999999910593033,ramp_up_trot_robustness,ramp_up,1.0,trotting,1000,0.741534411907196,0.741534411907196,0.8957704305648804,0.19264140725135803,0.07333670556545258,0.19018441438674927,1.683607578277588,0.07333670556545258,0.014073042199015617,0.20887234807014465,0.18700596690177917,0.50210040807724,0.53880774974823,1.8418622016906738,4.867519378662109,0.19018441438674927,0.08379362523555756,0.017413735389709473,0.002829417120665312,0.4147220253944397,0.050056636333465576,203.62844848632812,142.37559509277344,35.89434814453125,67.64222717285156,741.6946411132812,0.09315215051174164,0.04050000011920929,0.6826969981193542,1.8663207292556763,1.1590001583099365,0.017915405333042145,0.02000007964670658,3.000000238418579,0.5,0.11999969929456711,0.3800007998943329,0.03892020136117935,0.8394701480865479,0.7101326584815979,0.715445876121521,0.13980722427368164,0.5274351835250854,0.8403064608573914,0.3202981650829315,0.6811578273773193,0.609106183052063,0.471127986907959,1.0,0.9844361543655396,0.9787118434906006,0.4691579341888428,0.5059887766838074,1.0,0.017000000923871994,0.004000000189989805,0.013000000268220901,1.159,0.5890396552624838,1.2689701369577682,0.11862985374270515,0.4324418653435155,0.7340352510256097,2.206245539069056,0.2894712856840166,0.14227843304722887,0.08957702666521072,0.010423371568322182,227.32213694296462,0.8620492815971375,0.6964905261993408,0.6670681238174438,0.14014628529548645,0.36746296286582947,0.43629178404808044,0.6685986518859863,0.8166865110397339,0.9787118434906006,0.9869999997317791,0.7441639042435549
bounding,2,action_space,0.0,3.0,0.0,0.5,0.0,0.11999999731779099,1.0,0.3799999952316284,-1.0,-0.03999999910593033,ramp_up_trot_robustness,ramp_up,1.0,trotting,1000,0.6984082460403442,0.6984082460403442,0.8858279585838318,0.19571472704410553,0.0820932388305664,0.18492242693901062,1.8369596004486084,0.0820932388305664,0.014162320643663406,0.23676154017448425,0.21407222747802734,0.49289578199386597,0.5180476903915405,1.7640724182128906,4.49778413772583,0.18492242693901062,0.07091666758060455,0.019643554463982582,0.0028717692475765944,0.3969748318195343,0.040970828384160995,197.07931518554688,136.25584411621094,34.87852478027344,65.94664001464844,532.0492553710938,0.09447382390499115,0.048500001430511475,0.8275690078735352,2.4722228050231934,1.1570000648498535,0.017716558650135994,0.02000007964670658,3.000000238418579,0.5,0.11999969929456711,0.3800007998943329,-0.03887288644909859,0.8391871452331543,0.7114921808242798,0.7025243639945984,0.15600329637527466,0.5524622201919556,0.8413946628570557,0.2801066040992737,0.6243752241134644,0.6100480556488037,0.48944318294525146,1.0,0.9835715293884277,0.9741978645324707,0.22618509829044342,0.2810438573360443,0.9998000264167786,0.01900000125169754,0.004000000189989805,0.015000000596046448,1.157,0.7152713653643582,1.4617634938266117,0.11900554879358947,0.4626794003173551,0.719755298967323,2.1207979955021248,0.2663018354811032,0.15005107034459694,0.08858279325067997,0.011417604982852936,222.4803510386108,0.8579435348510742,0.7103744745254517,0.6374327540397644,0.12000688910484314,0.44068869948387146,0.45205578207969666,0.5861449837684631,0.784663736820221,0.9741978645324707,0.9849999994039536,0.7431281957870874
bounding,2,action_space,0.0,3.0,0.0,0.5,0.0,0.11999999731779099,1.0,0.3799999952316284,0.0,0.0,ramp_up_trot_robustness,ramp_up,1.0,trotting,1000,0.7460958957672119,0.7460958957672119,0.896506667137146,0.20116472244262695,0.08952279388904572,0.19742456078529358,1.3985440731048584,0.08952279388904572,0.020166005939245224,0.22755135595798492,0.20460738241672516,0.5399127006530762,0.6796761751174927,1.782999038696289,4.596924781799316,0.19742456078529358,0.08568207919597626,0.019864052534103394,0.003489747177809477,0.38614827394485474,0.04678410664200783,187.7646484375,119.73162841796875,35.916744232177734,68.38591766357422,549.1859130859375,0.0953148603439331,0.04633333534002304,0.7824029922485352,2.280679225921631,1.152000069618225,0.017930135130882263,0.02000007964670658,3.000000238418579,0.5,0.11999969929456711,0.3800007998943329,0.0,0.8268948793411255,0.7173241376876831,0.6981950402259827,0.15439626574516296,0.5339254140853882,0.8386536836624146,0.3968033790588379,0.6434540152549744,0.6090636253356934,0.49250364303588867,1.0,0.9827068448066711,0.976372241973877,0.4711247682571411,0.5107957720756531,0.9998000264167786,0.020000001415610313,0.004999999888241291,0.015000000596046448,1.152,0.6791692309909396,1.407038112249214,0.14200706299070207,0.45233547552311787,0.8244247540664295,2.144044025154175,0.2927150136155921,0.15281950043077902,0.08965067565441132,0.01034972257912159,209.44032578931854,0.8505526185035706,0.6772162914276123,0.6268324255943298,0.16499103605747223,0.39231815934181213,0.46195095777511597,0.6096080541610718,0.7932104468345642,0.976372241973877,0.9849999994039536,0.7341190102772835
bounding,2,action_space,0.0,3.0,0.0,0.5,0.0,0.11999999731779099,1.0,0.3799999952316284,1.0,0.03999999910593033,ramp_up_trot_robustness,ramp_up,1.0,trotting,1000,0.7045116424560547,0.7045116424560547,0.9036691188812256,0.19698090851306915,0.09433366358280182,0.19432228803634644,1.4327330589294434,0.09433366358280182,0.01953735761344433,0.21704712510108948,0.19483140110969543,0.534177303314209,0.6767242550849915,1.7610974311828613,4.496806621551514,0.19432228803634644,0.08136704564094543,0.01906929723918438,0.003774334443733096,0.41095221042633057,0.04207167774438858,197.11257934570312,137.00146484375,35.688133239746094,67.21141052246094,460.69244384765625,0.09453490376472473,0.04408333823084831,0.7490502595901489,2.148738145828247,1.1540000438690186,0.01807337999343872,0.02000007964670658,3.000000238418579,0.5,0.11999969929456711,0.3800007998943329,0.03887300565838814,0.8293333649635315,0.7051265239715576,0.7029282450675964,0.15626612305641174,0.5445837378501892,0.8348976373672485,0.3758562207221985,0.6606588363647461,0.599563479423523,0.4762035012245178,1.0,0.9835715293884277,0.9742236733436584,0.22617307305335999,0.2809208035469055,0.9998000264167786,0.01900000125169754,0.004999999888241291,0.014000000432133675,1.154,0.649090375189558,1.3645480448287284,0.13977609814787478,0.44139710138343163,0.8226325152125896,2.120567523459584,0.2852490940230055,0.15114109858975314,0.0903668999671936,0.009633498266339302,218.1247264371892,0.856238842010498,0.6854967474937439,0.63326096534729,0.16146284341812134,0.43109211325645447,0.43959367275238037,0.6278224587440491,0.8021844625473022,0.9742236733436584,0.9859999995678663,0.7417245647655083
bounding,2,action_space,0.0,3.0,0.0,0.5,1.0,0.11999999731779099,-1.0,0.3400000035762787,-1.0,-0.03999999910593033,ramp_up_trot_robustness,ramp_up,1.0,trotting,1000,0.6845353245735168,0.6845353245735168,0.9109696745872498,0.19816359877586365,0.09508943557739258,0.18492230772972107,1.4812744855880737,0.09508943557739258,0.02365148812532425,0.22432762384414673,0.20110854506492615,0.5075227618217468,0.7102634906768799,1.724804401397705,4.350960731506348,0.18492230772972107,0.07511153817176819,0.022371631115674973,0.0042891232296824455,0.37012410163879395,0.040637701749801636,183.4027557373047,121.19920349121094,34.79573059082031,66.87289428710938,433.85235595703125,0.09299570322036743,0.05416667461395264,0.7690367698669434,2.280855417251587,1.1470000743865967,0.018219389021396637,0.02000007964670658,3.000000238418579,0.5,0.11999969929456711,0.34107881784439087,-0.03892005234956741,0.8226885795593262,0.7168056964874268,0.6748331785202026,0.1566566526889801,0.5367448329925537,0.8379614353179932,0.376714825630188,0.6492059826850891,0.6067208051681519,0.5051143169403076,1.0,0.9844361543655396,0.972634494304657,0.11189130693674088,0.17276766896247864,1.0,0.018000001087784767,0.006000000052154064,0.012000000104308128,1.147,0.6704766723313536,1.4101560471720012,0.15379040322895396,0.4484512739026684,0.8427713157653622,2.0858956664958934,0.2740648430057533,0.16328121246903277,0.09109694510698318,0.00890345312654972,201.3269605493755,0.8546397686004639,0.7103747725486755,0.586715579032898,0.14166301488876343,0.44363459944725037,0.4769954979419708,0.6082708239555359,0.7627435922622681,0.972634494304657,0.9879999998956919,0.7376616781529708
bounding,2,action_space,0.0,3.0,0.0,0.5,1.0,0.11999999731779099,-1.0,0.3400000035762787,0.0,0.0,ramp_up_trot_robustness,ramp_up,1.0,trotting,1000,0.7050914168357849,0.7050914168357849,0.8962278366088867,0.190993532538414,0.09203168749809265,0.18140898644924164,1.5821666717529297,0.09203168749809265,0.0203898586332798,0.2063118815422058,0.17725464701652527,0.4894837439060211,0.6744586229324341,1.7476258277893066,4.424630165100098,0.18140898644924164,0.07333160191774368,0.01718076691031456,0.0030703588854521513,0.38450247049331665,0.04220813512802124,191.83343505859375,130.38514709472656,34.40449523925781,66.09371948242188,529.337890625,0.09094537794589996,0.048083335161209106,0.7356363534927368,2.1257381439208984,1.1530001163482666,0.017924565821886063,0.02000007964670658,3.000000238418579,0.5,0.11999969929456711,0.3410787582397461,0.0,0.8342483639717102,0.7299268245697021,0.7204186916351318,0.15529361367225647,0.5660513639450073,0.8523865938186646,0.34015101194381714,0.6809377670288086,0.6063071489334106,0.49797987937927246,1.0,0.9844361543655396,0.975531816482544,0.22511136531829834,0.2785264253616333,1.0,0.018000001087784767,0.0020000000949949026,0.01600000075995922,1.153,0.6380193864172268,1.3578137997994193,0.14279306227292626,0.4210162075461291,0.8212542985777512,2.1034804884048954,0.2707980832977658,0.14230645029571468,0.08962282910943031,0.010377569124102592,214.04538803932482,0.8642319440841675,0.7195766568183899,0.6669617891311646,0.1367003619670868,0.42991718649864197,0.4634740352630615,0.6307065486907959,0.7863001823425293,0.975531816482544,0.9839999992400408,0.7524920859589027
bounding,2,action_space,0.0,3.0,0.0,0.5,1.0,0.11999999731779099,-1.0,0.3400000035762787,1.0,0.03999999910593033,ramp_up_trot_robustness,ramp_up,1.0,trotting,1000,0.6800505518913269,0.6800505518913269,0.8910577297210693,0.21742254495620728,0.10603408515453339,0.22188159823417664,1.5030484199523926,0.10603408515453339,0.02587931975722313,0.2224268615245819,0.19263902306556702,0.5571722984313965,0.832801342010498,1.7976782321929932,4.605419158935547,0.22188159823417664,0.10811415314674377,0.019093794748187065,0.00473712757229805,0.42544418573379517,0.04930765554308891,198.0010223388672,133.65505981445312,34.43265914916992,66.01429748535156,511.07525634765625,0.09258826076984406,0.055000003427267075,0.7856606245040894,2.3136940002441406,1.1540000438690186,0.01782115548849106,0.02000007964670658,3.000000238418579,0.5,0.11999969929456711,0.3410787880420685,0.038920070976018906,0.8133323192596436,0.6675517559051514,0.6928128004074097,0.1431892067193985,0.5213030576705933,0.809827983379364,0.3405713737010956,0.6415183544158936,0.6068035364151001,0.4671996533870697,1.0,0.9844361543655396,0.972634494304657,0.11189117282629013,0.17276686429977417,1.0,0.018000001087784767,0.003000000026077032,0.015000000596046448,1.154,0.6808151165782063,1.415956923815388,0.1608705061756913,0.43890662226214705,0.9125794990084415,2.1460240350321214,0.32880716711583974,0.15437267349011324,0.08910577744245529,0.010894620791077614,222.2089722523905,0.827711820602417,0.6112101674079895,0.6208794116973877,0.1325712651014328,0.3730088472366333,0.427035391330719,0.6057829260826111,0.7595721483230591,0.972634494304657,0.9849999994039536,0.7192486425240835
bounding,2,action_space,0.0,3.0,0.0,0.5,1.0,0.11999999731779099,0.0,0.3799999952316284,-1.0,-0.03999999910593033,ramp_up_trot_robustness,ramp_up,1.0,trotting,1000,0.7041788101196289,0.7041788101196289,0.898589015007019,0.1953740417957306,0.08582649379968643,0.1827409863471985,1.5078911781311035,0.08582649379968643,0.016862839460372925,0.21896222233772278,0.19209645688533783,0.496982604265213,0.5459517240524292,1.8140869140625,4.773486137390137,0.1827409863471985,0.06523305177688599,0.021345093846321106,0.002878489438444376,0.39132070541381836,0.04860955849289894,187.27073669433594,126.35150146484375,35.89893341064453,67.19448852539062,567.9295043945312,0.0926913470029831,0.042750000953674316,0.8407657742500305,2.4830236434936523,1.1640000343322754,0.01797177456319332,0.02000007964670658,3.000000238418579,0.5,0.11999969929456711,0.3800007998943329,-0.038920074701309204,0.8297053575515747,0.7111872434616089,0.6892613172531128,0.14654625952243805,0.5525118112564087,0.8407456874847412,0.3771209120750427,0.6539233922958374,0.604362428188324,0.4903472661972046,1.0,0.9844361543655396,0.975531816482544,0.2251112014055252,0.27852532267570496,1.0,0.018000001087784767,0.005000000353902578,0.013000000268220901,1.164,0.7223073428439111,1.4605415596061517,0.12985699619340085,0.438288098042073,0.7388854607125716,2.1848309173458107,0.2554076188700838,0.15563927295115934,0.0898588728159666,0.0101415254175663,208.4053260910085,0.8584008812904358,0.7160948514938354,0.6160225868225098,0.15800194442272186,0.378253310918808,0.45719677209854126,0.5866684913635254,0.8075502514839172,0.975531816482544,0.9869999997317791,0.7325599306286911
bounding,2,action_space,0.0,3.0,0.0,0.5,1.0,0.11999999731779099,0.0,0.3799999952316284,0.0,0.0,ramp_up_trot_robustness,ramp_up,1.0,trotting,1000,0.7444218397140503,0.7444218397140503,0.8967469930648804,0.19757473468780518,0.08789946883916855,0.19015783071517944,1.5562578439712524,0.08789946883916855,0.018410902470350266,0.2103278934955597,0.18525144457817078,0.49439379572868347,0.5444971323013306,1.779188632965088,4.560978889465332,0.19015783071517944,0.08931517601013184,0.01845180243253708,0.0023949285969138145,0.38335564732551575,0.04112297296524048,191.1778564453125,129.32171630859375,35.29454803466797,68.09332275390625,397.4944152832031,0.09412026405334473,0.03983333706855774,0.7029818892478943,2.089958429336548,1.1560001373291016,0.017934948205947876,0.02000007964670658,3.000000238418579,0.5,0.11999969929456711,0.3800007998943329,0.0,0.8313192129135132,0.725558340549469,0.716212272644043,0.15178751945495605,0.5597670078277588,0.8453826904296875,0.35006964206695557,0.6742726564407349,0.6123669147491455,0.49544084072113037,1.0,0.9844361543655396,0.978711724281311,0.4691602885723114,0.5060044527053833,1.0,0.018000001087784767,0.004000000189989805,0.014000000432133675,1.156,0.6081158067115863,1.3445900353941531,0.1356867807501905,0.4304084624843833,0.7379004894302013,2.13564484160296,0.2988564471617299,0.1443839708189621,0.08967474102973938,0.010325657203793526,213.1904070198322,0.8554367423057556,0.6965609192848206,0.659063994884491,0.1459522247314453,0.4393497705459595,0.4645382761955261,0.6363665461540222,0.8194133043289185,0.978711724281311,0.9859999995678663,0.7501009438091364
bounding,2,action_space,0.0,3.0,0.0,0.5,1.0,0.11999999731779099,0.0,0.3799999952316284,1.0,0.03999999910593033,ramp_up_trot_robustness,ramp_up,1.0,trotting,1000,0.7063244581222534,0.7063244581222534,0.8909038305282593,0.19352521002292633,0.09223610907793045,0.1953645646572113,1.5082290172576904,0.09223610907793045,0.019420254975557327,0.21504245698451996,0.18675100803375244,0.48215556144714355,0.5483483672142029,1.8115922212600708,4.740342140197754,0.1953645646572113,0.09026502072811127,0.018155835568904877,0.0030119777657091618,0.4008938670158386,0.06027071923017502,203.36672973632812,146.27188110351562,34.584388732910156,65.9300537109375,629.626708984375,0.09062698483467102,0.04483333230018616,0.6173311471939087,1.6900782585144043,1.1540000438690186,0.017818067222833633,0.02000007964670658,3.000000238418579,0.5,0.11999969929456711,0.3800007998943329,0.038920097053050995,0.8332630395889282,0.7117263078689575,0.7148128747940063,0.14945444464683533,0.549209713935852,0.8376933336257935,0.36872243881225586,0.662409245967865,0.6052083969116211,0.4854964017868042,1.0,0.9844361543655396,0.975531816482544,0.22511091828346252,0.2785232663154602,1.0,0.018000001087784767,0.003000000026077032,0.015000000596046448,1.154,0.5349490266532171,1.210181433967479,0.13935657492761985,0.4321469750371422,0.7405054808805961,2.177232679388621,0.300441376524791,0.14549162633847365,0.08909033611416817,0.010910062119364738,228.2701260985064,0.8608732223510742,0.6827181577682495,0.6548452973365784,0.15007290244102478,0.2995678186416626,0.44852641224861145,0.6934093236923218,0.7991819381713867,0.975531816482544,0.9849999994039536,0.7344530301216322
bounding,2,action_space,0.0,3.0,0.0,0.5,1.0,0.11999999731779099,1.0,0.3799999952316284,-1.0,-0.03999999910593033,ramp_up_trot_robustness,ramp_up,1.0,trotting,1000,0.6851158142089844,0.6851158142089844,0.8933875560760498,0.1888313591480255,0.09178941696882248,0.18927553296089172,1.5454254150390625,0.09178941696882248,0.017737381160259247,0.22142019867897034,0.19073352217674255,0.46943199634552,0.4745871126651764,1.8564965724945068,4.929520130157471,0.18927553296089172,0.0832938551902771,0.02062029018998146,0.0031976625323295593,0.40183061361312866,0.04752849414944649,198.17538452148438,137.54519653320312,34.8123893737793,66.72785186767578,580.9064331054688,0.09311272203922272,0.048750005662441254,0.8137337565422058,2.4037623405456543,1.1570000648498535,0.017867757007479668,0.02000007964670658,3.000000238418579,0.5,0.11999969929456711,0.3800007998943329,-0.0389200821518898,0.8337310552597046,0.7107715606689453,0.6887989044189453,0.14893817901611328,0.5505145788192749,0.8390599489212036,0.3691060245037079,0.645976185798645,0.598953366279602,0.4878212809562683,1.0,0.9844361543655396,0.972634494304657,0.11189113557338715,0.17276671528816223,1.0,0.018000001087784767,0.003000000026077032,0.015000000596046448,1.157,0.7033135390219858,1.4413819256838911,0.13318175986320066,0.43673049146669685,0.6889028325280543,2.2202522672339446,0.2886067483450051,0.15433066034431078,0.08933878503739834,0.010661613196134567,221.8246528885104,0.8670755624771118,0.6988967061042786,0.6210404634475708,0.14954273402690887,0.3865206837654114,0.4476868808269501,0.5948800444602966,0.7836834788322449,0.972634494304657,0.9849999994039536,0.7353653357579159
bounding,2,action_space,0.0,3.0,0.0,0.5,1.0,0.11999999731779099,1.0,0.3799999952316284,0.0,0.0,ramp_up_trot_robustness,ramp_up,1.0,trotting,1000,0.7008461952209473,0.7008461952209473,0.9051990509033203,0.19657742977142334,0.09286020696163177,0.2048649936914444,1.6131367683410645,0.09286020696163177,0.017595335841178894,0.22883421182632446,0.222890704870224,0.5219099521636963,0.6614530682563782,1.8112194538116455,4.740700721740723,0.2048649936914444,0.08411446958780289,0.018327346071600914,0.003783952910453081,0.3930409550666809,0.04306579753756523,188.88973999023438,124.10284423828125,35.30565643310547,66.97481536865234,673.08056640625,0.09592007845640182,0.04116666316986084,0.7647887468338013,2.184135913848877,1.1640000343322754,0.018103985115885735,0.02000007964670658,3.000000238418579,0.5,0.11999969929456711,0.3800007998943329,0.0,0.8323105573654175,0.6820498704910278,0.6969336867332458,0.14719301462173462,0.5304851531982422,0.8199890851974487,0.3223237991333008,0.6648266315460205,0.6138957142829895,0.48626312613487244,1.0,0.9827068448066711,0.9728643894195557,0.2274569272994995,0.28513815999031067,0.9998000264167786,0.020000001415610313,0.003000000026077032,0.017000000923871994,1.164,0.6570349624476481,1.3698194321856385,0.132647411739464,0.47211302128857235,0.8132976504677597,2.177315025838182,0.290024946492199,0.14869868520620483,0.09051992557942867,0.009480472654104233,208.67204821054185,0.856782853603363,0.6572461724281311,0.642604410648346,0.140149787068367,0.42260557413101196,0.4556264877319336,0.6255642175674438,0.8139687180519104,0.9728643894195557,0.982999999076128,0.7416858086601282
bounding,2,action_space,0.0,3.0,0.0,0.5,1.0,0.11999999731779099,1.0,0.3799999952316284,1.0,0.03999999910593033,ramp_up_trot_robustness,ramp_up,1.0,trotting,1000,0.6890881061553955,0.6890881061553955,0.9024251699447632,0.19280117750167847,0.08087104558944702,0.18701493740081787,1.5084751844406128,0.08087104558944702,0.016079915687441826,0.22107702493667603,0.19503846764564514,0.510430634021759,0.6616423726081848,1.7740817070007324,4.603681564331055,0.18701493740081787,0.07440593838691711,0.017855428159236908,0.0034381276927888393,0.3895241618156433,0.05148359760642052,190.231201171875,128.28512573242188,35.31283187866211,67.5208511352539,609.10498046875,0.09448974579572678,0.040666669607162476,0.7991447448730469,2.3568031787872314,1.1549999713897705,0.018048502504825592,0.02000007964670658,3.000000238418579,0.5,0.11999969929456711,0.3800007998943329,0.03887300193309784,0.8355333805084229,0.720512330532074,0.7093651294708252,0.15087470412254333,0.5478509664535522,0.8463829755783081,0.3786832392215729,0.6490358710289001,0.6025261282920837,0.49234718084335327,1.0,0.9835715293884277,0.9711905717849731,0.1129031702876091,0.17549550533294678,0.9998000264167786,0.01900000125169754,0.003000000026077032,0.01600000075995922,1.155,0.6919002384334415,1.4284684313350742,0.12680660742816924,0.44163159720025147,0.8134140228740742,2.1456191564047553,0.27277451931387786,0.145923116236002,0.09024251252412796,0.009757885709404945,210.79997268196644,0.8618369698524475,0.7048671841621399,0.6532005071640015,0.16040177643299103,0.35712411999702454,0.4588424861431122,0.6004171967506409,0.8160061836242676,0.9711905717849731,0.9839999992400408,0.7372119248104402
bounding,2,action_space,1.0,3.4000000953674316,0.0,0.5,-1.0,0.08999999612569809,-1.0,0.3400000035762787,-1.0,-0.03999999910593033,ramp_up_trot_robustness,ramp_up,1.0,trotting,1000,0.6702085733413696,0.6702085733413696,0.8863261938095093,0.1905956268310547,0.11276179552078247,0.23371019959449768,1.7344673871994019,0.11276179552078247,0.0243842676281929,0.21869885921478271,0.18864628672599792,0.5711532235145569,0.8363441228866577,1.7540384531021118,4.413865089416504,0.23371019959449768,0.10865519940853119,0.015745749697089195,0.004073716700077057,0.3971044421195984,0.05310013145208359,186.45175170898438,127.3647232055664,35.39508056640625,66.62347412109375,590.5416259765625,0.07947514206171036,0.053833335638046265,0.7575241327285767,1.920142650604248,1.3050000667572021,0.01772652566432953,0.02000007964670658,3.3886184692382812,0.5,0.0908544659614563,0.3411380648612976,-0.03886081278324127,0.8366374969482422,0.6353837251663208,0.7258181571960449,0.15107665956020355,0.5060447454452515,0.7884459495544434,0.28874605894088745,0.6419740915298462,0.5966322422027588,0.485199898481369,0.6356804966926575,0.9835715293884277,0.968319833278656,0.059610094875097275,0.12739083170890808,1.0,0.01900000125169754,0.003000000026077032,0.01600000075995922,1.305,0.5804781975874043,1.2130018670817544,0.15615462730317312,0.4343343029579841,0.9145185197067677,2.100920057835734,0.329628881332524,0.14078162663205115,0.08863262832164764,0.011367769911885262,210.36470885238995,0.8647570013999939,0.579143762588501,0.6727447509765625,0.10837555676698685,0.3457626700401306,0.4519386291503906,0.6922255754470825,0.7640159130096436,0.968319833278656,0.9839999992400408,0.7405305662407324
bounding,2,action_space,1.0,3.4000000953674316,0.0,0.5,-1.0,0.08999999612569809,-1.0,0.3400000035762787,0.0,0.0,ramp_up_trot_robustness,ramp_up,1.0,trotting,1000,0.6872731447219849,0.6872731447219849,0.9146705865859985,0.16330382227897644,0.09361884742975235,0.20644798874855042,1.6915879249572754,0.09361884742975235,0.017869923263788223,0.19177746772766113,0.1732308566570282,0.5732136964797974,0.7249135971069336,1.6045522689819336,3.7902235984802246,0.20644798874855042,0.09241275489330292,0.013405408710241318,0.0036850757896900177,0.3668038547039032,0.0449560210108757,171.41439819335938,111.80245208740234,35.27429962158203,67.16342163085938,514.7848510742188,0.0792277604341507,0.05775000527501106,0.7332951426506042,1.8145973682403564,1.3040000200271606,0.018293410539627075,0.02000007964670658,3.3892111778259277,0.5,0.09081000089645386,0.34107881784439087,0.0,0.8665703535079956,0.6828598380088806,0.7522560358047485,0.16534575819969177,0.49141088128089905,0.8227760195732117,0.29236698150634766,0.7226613759994507,0.6028792858123779,0.5068408250808716,0.6351248621940613,0.9844361543655396,0.972634494304657,0.11189129948616028,0.17276757955551147,1.0,0.018000001087784767,0.0020000000949949026,0.01600000075995922,1.304,0.5623428719175374,1.1796449658159052,0.13367843230599402,0.41621011119028356,0.8514185792587179,1.9468496599584224,0.30399466260660385,0.13073057981945668,0.09146705269813538,0.00853334553539753,187.4056088686118,0.8988199234008789,0.6529806852340698,0.7104834318161011,0.12886545062065125,0.4069274067878723,0.4801735281944275,0.7061761617660522,0.7491994500160217,0.972634494304657,0.9839999992400408,0.7697859564079689
bounding,2,action_space,1.0,3.4000000953674316,0.0,0.5,-1.0,0.08999999612569809,-1.0,0.3400000035762787,1.0,0.03999999910593033,ramp_up_trot_robustness,ramp_up,1.0,trotting,1000,0.6841912269592285,0.6841912269592285,0.920166015625,0.16051211953163147,0.08464180678129196,0.21249085664749146,1.559403419494629,0.08464180678129196,0.01487799547612667,0.20406189560890198,0.1717953085899353,0.5298793315887451,0.6201232671737671,1.706984519958496,4.219671726226807,0.21249085664749146,0.0808950662612915,0.013458379544317722,0.0028472431004047394,0.372475266456604,0.0500364825129509,169.18072509765625,108.4901123046875,35.214599609375,67.10574340820312,669.6522827148438,0.07690446823835373,0.06475000083446503,0.7089629173278809,1.7578670978546143,1.2999999523162842,0.018403325229883194,0.02000007964670658,3.3898115158081055,0.5,0.09076501429080963,0.3410186767578125,0.03898007422685623,0.8656163215637207,0.6509876251220703,0.7632400393486023,0.15769147872924805,0.5231165885925293,0.8031585216522217,0.36311841011047363,0.6766325235366821,0.5987899899482727,0.5034506320953369,0.6345623731613159,0.9853007793426514,0.9716543555259705,0.05763041973114014,0.11830246448516846,1.0,0.017000000923871994,0.006000000052154064,0.010999999940395355,1.3,0.5453560697115385,1.1628436442814112,0.12197538881318096,0.41448197619430366,0.7874790582445778,2.0541839562772384,0.28442057988354413,0.12769347142560758,0.09201662614941597,0.007983772084116936,183.8589148315203,0.9020759463310242,0.6366573572158813,0.7217240333557129,0.1561460793018341,0.3676111102104187,0.4747577905654907,0.7131586670875549,0.7234310507774353,0.9716543555259705,0.9890000000596046,0.7682830595817323
bounding,2,action_space,1.0,3.4000000953674316,0.0,0.5,-1.0,0.08999999612569809,0.0,0.3799999952316284,-1.0,-0.03999999910593033,ramp_up_trot_robustness,ramp_up,1.0,trotting,1000,0.6764817237854004,0.6764817237854004,0.8868336081504822,0.1920807659626007,0.10482962429523468,0.2278420627117157,1.8951895236968994,0.10482962429523468,0.02502661570906639,0.22236813604831696,0.1974826604127884,0.5543205738067627,0.7690643072128296,1.7226104736328125,4.236595153808594,0.2278420627117157,0.09688087552785873,0.015437515452504158,0.003367835422977805,0.40091636776924133,0.04455995932221413,183.7126922607422,123.11515808105469,35.151329040527344,66.71885681152344,527.3963012695312,0.08059344440698624,0.06050000339746475,0.800386905670166,2.0791449546813965,1.308000087738037,0.01773667335510254,0.02000007964670658,3.389211416244507,0.5,0.09081000089645386,0.3800007998943329,-0.03892006725072861,0.8363722562789917,0.6401807069778442,0.7386020421981812,0.14894580841064453,0.5181418061256409,0.7924966812133789,0.25115737318992615,0.6492141485214233,0.5979529023170471,0.4779587984085083,0.6351247429847717,0.9844361543655396,0.972634494304657,0.11189112067222595,0.1727662831544876,1.0,0.018000001087784767,0.0020000000949949026,0.01600000075995922,1.308,0.6119165449696579,1.2607776274322966,0.15819802688107837,0.4443902118777915,0.8769631162214461,2.0582990924082423,0.31125692848169456,0.1371326032549589,0.0886833667755127,0.01131703145802021,207.15576244779498,0.8627933263778687,0.595043957233429,0.6865288615226746,0.09110688418149948,0.41016361117362976,0.4485062062740326,0.6720718145370483,0.7389684915542603,0.972634494304657,0.9839999992400408,0.7498132675313033
bounding,2,action_space,1.0,3.4000000953674316,0.0,0.5,-1.0,0.08999999612569809,0.0,0.3799999952316284,0.0,0.0,ramp_up_trot_robustness,ramp_up,1.0,trotting,1000,0.708432137966156,0.708432137966156,0.915317714214325,0.16793480515480042,0.08887149393558502,0.21652626991271973,1.6730289459228516,0.08887149393558502,0.016977613791823387,0.19876118004322052,0.17898356914520264,0.5126932859420776,0.639420747756958,1.7288429737091064,4.27125358581543,0.21652626991271973,0.08616955578327179,0.014101162552833557,0.0030328414868563414,0.3803951144218445,0.039569273591041565,171.20973205566406,110.80023956298828,35.25468063354492,67.2152328491211,462.8091735839844,0.08025181293487549,0.05916667357087135,0.7295100688934326,1.8649265766143799,1.3050000667572021,0.01830635964870453,0.02000007964670658,3.389211654663086,0.5,0.09081000089645386,0.3800007998943329,0.0,0.8660831451416016,0.657305121421814,0.753044605255127,0.15061689913272858,0.5349714159965515,0.8056821823120117,0.3366668224334717,0.7075528502464294,0.6024490594863892,0.49586784839630127,0.6351248025894165,0.9844361543655396,0.975531816482544,0.2251112014055252,0.2785252630710602,1.0,0.018000001087784767,0.006000000052154064,0.012000000104308128,1.305,0.5590115017361111,1.1954340059508983,0.1302981726342445,0.42306449761851045,0.7996378853937313,2.0667011360657424,0.2935465138325982,0.13089692142938236,0.09153179824352264,0.008468599990010262,187.04951231346396,0.8933218121528625,0.625730037689209,0.7098652720451355,0.1336432844400406,0.45321643352508545,0.4672970175743103,0.6995866298675537,0.7439113855361938,0.975531816482544,0.9879999998956919,0.7727643558039116
bounding,2,action_space,1.0,3.4000000953674316,0.0,0.5,-1.0,0.08999999612569809,0.0,0.3799999952316284,1.0,0.03999999910593033,ramp_up_trot_robustness,ramp_up,1.0,trotting,1000,0.6823816299438477,0.6823816299438477,0.8650805950164795,0.19894011318683624,0.09810438007116318,0.21443308889865875,1.7334097623825073,0.09810438007116318,0.024403823539614677,0.19862684607505798,0.18071262538433075,0.584233283996582,0.7447125911712646,1.5998809337615967,3.7588658332824707,0.21443308889865875,0.08755842596292496,0.014490428380668163,0.0035649186465889215,0.388025164604187,0.04983421042561531,178.85586547851562,119.97900390625,34.36981201171875,66.57313537597656,407.0596618652344,0.08240751922130585,0.05608333647251129,0.7671489715576172,1.9955790042877197,1.2960000038146973,0.017301611602306366,0.02000007964670658,3.389221429824829,0.5,0.09080925583839417,0.3800007998943329,0.038921087980270386,0.8246398568153381,0.6582884192466736,0.7647740840911865,0.16403022408485413,0.46828168630599976,0.8025116920471191,0.2843731641769409,0.705990195274353,0.6059509515762329,0.49667254090309143,0.6351154446601868,0.9844361543655396,0.97263503074646,0.1118801087141037,0.17268788814544678,1.0,0.018000001087784767,0.004000000189989805,0.014000000432133675,1.296,0.5919358995225694,1.2408861757216598,0.15621723189077022,0.4251030761878003,0.8629673175568496,1.9387794699971606,0.2959027305770005,0.13437018652683744,0.08650805801153183,0.013492340222001076,206.7505230250928,0.8535862565040588,0.6314001083374023,0.6969044804573059,0.10844779759645462,0.36910128593444824,0.4602201581001282,0.6804848909378052,0.7554689049720764,0.97263503074646,0.9859999995678663,0.7474018773780419
bounding,2,action_space,1.0,3.4000000953674316,0.0,0.5,-1.0,0.08999999612569809,1.0,0.3799999952316284,-1.0,-0.03999999910593033,ramp_up_trot_robustness,ramp_up,1.0,trotting,1000,0.6706884503364563,0.6706884503364563,0.9042634963989258,0.17649012804031372,0.1014106273651123,0.2233165055513382,1.6917979717254639,0.1014106273651123,0.02569911628961563,0.20568695664405823,0.17329618334770203,0.5741134285926819,0.8225216865539551,1.7158262729644775,4.22228479385376,0.2233165055513382,0.09300229698419571,0.018379300832748413,0.003389164572581649,0.38929539918899536,0.042275477200746536,179.08663940429688,114.79601287841797,34.92082977294922,67.05116271972656,468.5737609863281,0.0814409852027893,0.06275000423192978,0.7677820920944214,2.012153387069702,1.3029999732971191,0.01808527112007141,0.02000007964670658,3.3886890411376953,0.5,0.09084917604923248,0.3800007998943329,-0.03886783495545387,0.8494621515274048,0.6435254812240601,0.7065592408180237,0.14826059341430664,0.5079004764556885,0.7945975065231323,0.28923091292381287,0.6819075345993042,0.6003661155700684,0.4904714822769165,0.6356145143508911,0.9835715293884277,0.9683566093444824,0.05955697223544121,0.1266430914402008,1.0,0.01900000125169754,0.003000000026077032,0.01600000075995922,1.303,0.5892417363176324,1.242677153048722,0.1603094391781583,0.41628858181278766,0.9069298134662654,2.054819893288402,0.30496277967023405,0.1475414023429697,0.09042635560035706,0.00957404263317585,198.04696321092104,0.8828543424606323,0.6073180437088013,0.6470256447792053,0.11016453057527542,0.4293385446071625,0.4590524435043335,0.679728627204895,0.7307016849517822,0.9683566093444824,0.9839999992400408,0.75209927224578
bounding,2,action_space,1.0,3.4000000953674316,0.0,0.5,-1.0,0.08999999612569809,1.0,0.3799999952316284,0.0,0.0,ramp_up_trot_robustness,ramp_up,1.0,trotting,1000,0.6927326917648315,0.6927326917648315,0.9039367437362671,0.18718290328979492,0.09333589673042297,0.23186343908309937,1.3990416526794434,0.09333589673042297,0.02096741273999214,0.21347439289093018,0.18141882121562958,0.5710653066635132,0.741081178188324,1.7398808002471924,4.319400787353516,0.23186343908309937,0.10606187582015991,0.014390968717634678,0.0029266225174069405,0.39411816000938416,0.05229990929365158,176.68807983398438,114.3986587524414,34.937828063964844,66.36302185058594,447.8569030761719,0.08110848069190979,0.058500006794929504,0.7317541837692261,1.825836420059204,1.2920000553131104,0.01807873323559761,0.02000007964670658,3.3892111778259277,0.5,0.09081001579761505,0.3800007998943329,0.0,0.8440418243408203,0.6292524337768555,0.7570755481719971,0.14939247071743011,0.4998666048049927,0.786922812461853,0.4104766249656677,0.6633340120315552,0.5922275185585022,0.48646679520606995,0.6351248025894165,0.9844361543655396,0.9726345539093018,0.11189121752977371,0.17276717722415924,1.0,0.018000001087784767,0.004000000189989805,0.014000000432133675,1.292,0.5663731814168924,1.1887749970386814,0.144801287079888,0.4259328834636152,0.8608607193898,2.078316815924251,0.32567142309413627,0.1315963192305986,0.09039366617798805,0.009606732055544853,195.46509316976605,0.8692280650138855,0.5841447114944458,0.7072635889053345,0.16228683292865753,0.3513409197330475,0.45464593172073364,0.7023689150810242,0.7463952302932739,0.9726345539093018,0.9859999995678663,0.7501514747929878
bounding,2,action_space,1.0,3.4000000953674316,0.0,0.5,-1.0,0.08999999612569809,1.0,0.3799999952316284,1.0,0.03999999910593033,ramp_up_trot_robustness,ramp_up,1.0,trotting,1000,0.6756799221038818,0.6756799221038818,0.9039362668991089,0.18127663433551788,0.10324876755475998,0.2239292562007904,1.744556188583374,0.10324876755475998,0.024272697046399117,0.1991567611694336,0.16833873093128204,0.544701337814331,0.6482256650924683,1.6853599548339844,4.078780651092529,0.2239292562007904,0.09387961030006409,0.012881672009825706,0.003634196240454912,0.3934418857097626,0.045802537351846695,178.51873779296875,119.93965148925781,34.93474578857422,66.36219787597656,620.4697265625,0.0801062285900116,0.04616666957736015,0.6992926597595215,1.7171573638916016,1.2990000247955322,0.018078725785017014,0.02000007964670658,3.3895721435546875,0.5,0.09078297019004822,0.3800007998943329,0.03895614296197891,0.8478285074234009,0.6453715562820435,0.7680790424346924,0.15214399993419647,0.5054210424423218,0.7982455492019653,0.2930004596710205,0.6984549760818481,0.5974907875061035,0.48679637908935547,0.6347866654396057,0.9844361543655396,0.970657229423523,0.05818844586610794,0.11925819516181946,1.0,0.018000001087784767,0.004000000189989805,0.014000000432133675,1.299,0.5383314877129042,1.1497421562407732,0.15579697380372673,0.41029103198983286,0.8051246270562517,2.0195991312863377,0.3063977974791335,0.128514078023696,0.09039362892508507,0.009606769308447838,197.49040317340624,0.876827597618103,0.6056560277938843,0.7186955809593201,0.10752735286951065,0.40009599924087524,0.4552612900733948,0.7185810804367065,0.7938717603683472,0.970657229423523,0.9859999995678663,0.7623165550713357
bounding,2,action_space,1.0,3.4000000953674316,0.0,0.5,0.0,0.11999999731779099,-1.0,0.3400000035762787,-1.0,-0.03999999910593033,ramp_up_trot_robustness,ramp_up,1.0,trotting,1000,0.6859216690063477,0.6859216690063477,0.8988790512084961,0.18253353238105774,0.08912763744592667,0.21206364035606384,1.6112008094787598,0.08912763744592667,0.018215887248516083,0.21607233583927155,0.1763179898262024,0.5435759425163269,0.7141045331954956,1.7361807823181152,4.412128925323486,0.21206364035606384,0.09151895344257355,0.0160510390996933,0.0026011555455625057,0.3997363746166229,0.055759649723768234,202.15570068359375,140.56690979003906,35.503902435302734,67.45634460449219,505.3407897949219,0.08543863892555237,0.05216667056083679,0.8216878175735474,2.327817916870117,1.312000036239624,0.017977584153413773,0.02000007964670658,3.3898110389709473,0.5,0.11999969929456711,0.3410187363624573,-0.03898005932569504,0.8444938659667969,0.6777360439300537,0.7391214966773987,0.14955353736877441,0.5171340703964233,0.8169875144958496,0.33229929208755493,0.6379395127296448,0.5974573493003845,0.4849107265472412,1.0,0.9853007793426514,0.9741548299789429,0.11071498692035675,0.1682092398405075,1.0,0.017000000923871994,0.004000000189989805,0.013000000268220901,1.312,0.6262864368717845,1.33201029505726,0.1349662448485401,0.41990235749064614,0.8450470597519972,2.100506825821684,0.3025209966970451,0.13657303776827914,0.08988792076706886,0.010112477466464043,224.89755480651812,0.875225305557251,0.637813150882721,0.688634991645813,0.13868936896324158,0.3278519809246063,0.44956594705581665,0.6417458653450012,0.7704092860221863,0.9741548299789429,0.9869999997317791,0.7433779520484118
bounding,2,action_space,1.0,3.4000000953674316,0.0,0.5,0.0,0.11999999731779099,-1.0,0.3400000035762787,0.0,0.0,ramp_up_trot_robustness,ramp_up,1.0,trotting,1000,0.7052319049835205,0.7052319049835205,0.9054509401321411,0.18472854793071747,0.10205566138029099,0.20576518774032593,1.512195348739624,0.10205566138029099,0.02330085262656212,0.22635537385940552,0.19489961862564087,0.5580836534500122,0.7552662491798401,1.735716700553894,4.2922444343566895,0.20576518774032593,0.08320316672325134,0.01411440595984459,0.0030542954336851835,0.41133546829223633,0.04664517566561699,200.06356811523438,141.20748901367188,34.83494567871094,67.22252655029297,466.77239990234375,0.08576834201812744,0.05833333730697632,0.917512059211731,2.753899574279785,1.3040000200271606,0.018109014257788658,0.02000007964670658,3.3892111778259277,0.5,0.11999969929456711,0.3410787582397461,0.0,0.8448070883750916,0.6792978048324585,0.7565550804138184,0.14406821131706238,0.5019522309303284,0.8201379776000977,0.3465970754623413,0.6276960372924805,0.5827849507331848,0.4744790196418762,1.0,0.9844361543655396,0.975531816482544,0.22511136531829834,0.2785264849662781,1.0,0.018000001087784767,0.003000000026077032,0.015000000596046448,1.304,0.7036134684744056,1.453232966089371,0.1526461680703519,0.4414743691604767,0.8690605555309941,2.071773258432662,0.28844959130366493,0.13102939133465352,0.09054507128894329,0.009455326944589615,220.95461967938007,0.8724076151847839,0.6548211574554443,0.7093728184700012,0.13831627368927002,0.393409788608551,0.43925684690475464,0.5898001790046692,0.747017502784729,0.975531816482544,0.9849999994039536,0.7508009626315191
bounding,2,action_space,1.0,3.4000000953674316,0.0,0.5,0.0,0.11999999731779099,-1.0,0.3400000035762787,1.0,0.03999999910593033,ramp_up_trot_robustness,ramp_up,1.0,trotting,1000,0.688188374042511,0.688188374042511,0.9061827063560486,0.18005982041358948,0.10119332373142242,0.20042835175991058,1.6573517322540283,0.10119332373142242,0.021858923137187958,0.20374071598052979,0.1879940629005432,0.5689802169799805,0.829822301864624,1.6671168804168701,4.008467674255371,0.20042835175991058,0.08792071044445038,0.013407067395746708,0.003343340940773487,0.3894394636154175,0.04913768917322159,191.2576141357422,130.946044921875,34.75603485107422,67.36714172363281,704.3012084960938,0.08611433207988739,0.06300000846385956,0.8591394424438477,2.44576358795166,1.3010001182556152,0.018123649060726166,0.02000007964670658,3.388704299926758,0.5,0.11999969929456711,0.3411294221878052,0.03886939585208893,0.8486775755882263,0.6794785261154175,0.7624013423919678,0.15535199642181396,0.5197016000747681,0.8231895565986633,0.3224472403526306,0.703398585319519,0.5969417095184326,0.49130332469940186,1.0,0.9835715293884277,0.9711343050003052,0.11296026408672333,0.17636162042617798,0.9998000264167786,0.01900000125169754,0.006000000052154064,0.013000000268220901,1.301,0.660368489082917,1.3710982451856233,0.14784763487180969,0.4335828212701043,0.9109458281723585,2.0021157994120546,0.29651426684807325,0.12942336858743939,0.09061824530363083,0.009382152929902077,211.05855672839897,0.8783710598945618,0.6691712737083435,0.7153322100639343,0.12312808632850647,0.3742789924144745,0.4589202105998993,0.6250162720680237,0.7297888398170471,0.9711343050003052,0.9869999997317791,0.7557817756747588
bounding,2,action_space,1.0,3.4000000953674316,0.0,0.5,0.0,0.11999999731779099,0.0,0.3799999952316284,-1.0,-0.03999999910593033,ramp_up_trot_robustness,ramp_up,1.0,trotting,1000,0.7077199220657349,0.7077199220657349,0.9081494808197021,0.17227298021316528,0.10234461724758148,0.207764133810997,1.5109238624572754,0.10234461724758148,0.020892171189188957,0.21796241402626038,0.18903347849845886,0.49475958943367004,0.5921968221664429,1.7680068016052246,4.562683582305908,0.207764133810997,0.0803828090429306,0.01646004430949688,0.003175482153892517,0.39273887872695923,0.05154593288898468,198.57266235351562,136.87939453125,35.266292572021484,67.01499938964844,460.6997375488281,0.0878545343875885,0.04616666957736015,0.902828574180603,2.6595401763916016,1.3020000457763672,0.018162991851568222,0.02000007964670658,3.3886427879333496,0.5,0.11999969929456711,0.3800007998943329,-0.03886324539780617,0.8530793190002441,0.6653139591217041,0.7304098606109619,0.14705902338027954,0.5519362092018127,0.8127362728118896,0.36592453718185425,0.6593608856201172,0.5996354818344116,0.4897735118865967,1.0,0.983571469783783,0.9741748571395874,0.2263491153717041,0.2824038863182068,1.0,0.01900000125169754,0.004000000189989805,0.015000000596046448,1.302,0.693416753672235,1.4292156870391275,0.14454124390356185,0.43477980461201143,0.7695432555525666,2.1360439092644863,0.28351862203906575,0.14012682278346783,0.09081495925784111,0.009185438975691795,218.6563627986469,0.8880636096000671,0.6494305729866028,0.6752241849899292,0.14532722532749176,0.35667917132377625,0.4559018313884735,0.6000967621803284,0.7938717603683472,0.9741748571395874,0.9849999994039536,0.7457101154021727
bounding,2,action_space,1.0,3.4000000953674316,0.0,0.5,0.0,0.11999999731779099,0.0,0.3799999952316284,0.0,0.0,ramp_up_trot_robustness,ramp_up,1.0,trotting,1000,0.7455981373786926,0.7455981373786926,0.8950480222702026,0.1874864399433136,0.1021684855222702,0.22291848063468933,1.5434292554855347,0.1021684855222702,0.025096345692873,0.20480462908744812,0.17494985461235046,0.5249016284942627,0.602709949016571,1.7052688598632812,4.147005081176758,0.22291848063468933,0.09417754411697388,0.014535361900925636,0.003109932178631425,0.39934712648391724,0.04056990519165993,202.77691650390625,141.33914184570312,34.330867767333984,66.86468505859375,556.5842895507812,0.09098276495933533,0.0442500039935112,0.8349274396896362,2.482487440109253,1.2960000038146973,0.01790095493197441,0.02000007964670658,3.389214515686035,0.5,0.11999969929456711,0.3800007998943329,0.0,0.8445861339569092,0.6403050422668457,0.752848744392395,0.14951598644256592,0.524125337600708,0.7955158352851868,0.3409518897533417,0.6836326718330383,0.6127403974533081,0.48325783014297485,1.0,0.9844361543655396,0.9787118434906006,0.46915385127067566,0.5059608221054077,1.0,0.018000001087784767,0.0010000000474974513,0.017000000923871994,1.296,0.644234080373505,1.3840157020400605,0.15841826186672103,0.41827007377094344,0.7763439630837423,2.036419672164055,0.306883600273742,0.13283559040993895,0.08950477465987206,0.01049562357366085,226.5542311233561,0.8688327074050903,0.6083977222442627,0.7026433348655701,0.12933410704135895,0.44423654675483704,0.4499160647392273,0.6194800138473511,0.8015162348747253,0.9787118434906006,0.982999999076128,0.7556168706371235
bounding,2,action_space,1.0,3.4000000953674316,0.0,0.5,0.0,0.11999999731779099,0.0,0.3799999952316284,1.0,0.03999999910593033,ramp_up_trot_robustness,ramp_up,1.0,trotting,1000,0.7080527544021606,0.7080527544021606,0.9004608392715454,0.1862240731716156,0.09626064449548721,0.24192117154598236,1.5030474662780762,0.09626064449548721,0.022590719163417816,0.210752934217453,0.19489334523677826,0.5438780784606934,0.8689338564872742,1.7851448059082031,4.527510643005371,0.24192117154598236,0.12609858810901642,0.015119936317205429,0.003336080349981785,0.41926443576812744,0.04515298828482628,195.72909545898438,134.0391845703125,35.60881805419922,67.61466979980469,838.5504150390625,0.0902816578745842,0.052750006318092346,0.9326455593109131,2.7601675987243652,1.3010001182556152,0.018009215593338013,0.02000007964670658,3.3886168003082275,0.5,0.11999969929456711,0.3800007998943329,0.03886067122220993,0.8476749062538147,0.6186819672584534,0.7475458383560181,0.1470770239830017,0.5359163284301758,0.7796124219894409,0.3719901144504547,0.6889331340789795,0.6024869084358215,0.4684719145298004,1.0,0.9835715293884277,0.9741725325584412,0.2263912707567215,0.2827165722846985,1.0,0.01900000125169754,0.005000000353902578,0.014000000432133675,1.301,0.7168681843293621,1.4565623139365802,0.15030209301076886,0.4414672640601772,0.9321662171990971,2.127794784044122,0.3551036300983368,0.13585292292471007,0.09004607796669006,0.009954320266842842,217.36547212572316,0.8704738020896912,0.5569618344306946,0.6913422346115112,0.14158402383327484,0.40532755851745605,0.4323461055755615,0.5883734226226807,0.7681655287742615,0.9741725325584412,0.9859999995678663,0.7444663096505864
bounding,2,action_space,1.0,3.4000000953674316,0.0,0.5,0.0,0.11999999731779099,1.0,0.3799999952316284,-1.0,-0.03999999910593033,ramp_up_trot_robustness,ramp_up,1.0,trotting,1000,0.6838352680206299,0.6838352680206299,0.9032039642333984,0.17358702421188354,0.1032896339893341,0.22208206355571747,1.7870454788208008,0.1032896339893341,0.027957651764154434,0.20734822750091553,0.19750219583511353,0.5229523181915283,0.7549048662185669,1.716922402381897,4.269784450531006,0.22208206355571747,0.09609314799308777,0.01669301465153694,0.003805310232564807,0.3897548019886017,0.04187360033392906,194.9311065673828,131.77249145507812,34.78545379638672,67.7025146484375,529.6251831054688,0.09019683301448822,0.049666669219732285,0.9415229558944702,2.7737984657287598,1.2990000247955322,0.018064085394144058,0.02000007964670658,3.388282299041748,0.5,0.11999969929456711,0.3800007998943329,-0.03882724046707153,0.8502876162528992,0.6610594987869263,0.7196596264839172,0.1491808295249939,0.5595639944076538,0.8059148788452148,0.286062091588974,0.7042461633682251,0.6185228824615479,0.4896700382232666,1.0,0.983571469783783,0.9705934524536133,0.11361803114414215,0.18069502711296082,1.0,0.01900000125169754,0.003000000026077032,0.01600000075995922,1.299,0.7248059655263664,1.4612780690042702,0.1672054178672283,0.4444121913664313,0.8688526147849052,2.066345675469379,0.30998894817894357,0.14317236075479706,0.09032042697072029,0.009679971262812614,215.82180137222065,0.8864506483078003,0.6106664538383484,0.6636725068092346,0.09573239088058472,0.43280327320098877,0.45863085985183716,0.5863529443740845,0.7800998687744141,0.9705934524536133,0.9839999992400408,0.7505642310358012
bounding,2,action_space,1.0,3.4000000953674316,0.0,0.5,0.0,0.11999999731779099,1.0,0.3799999952316284,0.0,0.0,ramp_up_trot_robustness,ramp_up,1.0,trotting,1000,0.7059310674667358,0.7059310674667358,0.903109073638916,0.1676066517829895,0.08136053383350372,0.2235310971736908,1.8051626682281494,0.08136053383350372,0.015447605401277542,0.18962979316711426,0.18396133184432983,0.4904599189758301,0.5943402051925659,1.7163915634155273,4.232993125915527,0.2235310971736908,0.0927828997373581,0.013897779397666454,0.003096845466643572,0.383845716714859,0.04474842548370361,191.7267608642578,132.2443389892578,34.48180389404297,66.80117797851562,583.0515747070312,0.09019200503826141,0.058750003576278687,0.8333128094673157,2.336984872817993,1.2980000972747803,0.018062181770801544,0.02000007964670658,3.3890726566314697,0.5,0.11999969929456711,0.3800007998943329,0.0,0.8636655807495117,0.6394634246826172,0.7556512951850891,0.15224221348762512,0.5490267276763916,0.7946414947509766,0.2933467626571655,0.7449197173118591,0.6170327663421631,0.4904025197029114,1.0,0.9844361543655396,0.9754111170768738,0.22537913918495178,0.280093252658844,1.0,0.018000001087784767,0.0010000000474974513,0.017000000923871994,1.298,0.6419974916337635,1.3418087002416204,0.12428839608458041,0.42890713662088886,0.7709346309464674,2.0574239052551926,0.3046028557603459,0.1303634337700186,0.09031090885400772,0.009689489379525185,212.29635097312135,0.8937153220176697,0.6067360043525696,0.7118468284606934,0.1207401230931282,0.4086204767227173,0.464083194732666,0.6375563144683838,0.7454628348350525,0.9754111170768738,0.982999999076128,0.7612673787352366
bounding,2,action_space,1.0,3.4000000953674316,0.0,0.5,0.0,0.11999999731779099,1.0,0.3799999952316284,1.0,0.03999999910593033,ramp_up_trot_robustness,ramp_up,1.0,trotting,1000,0.6855594515800476,0.6855594515800476,0.8970826864242554,0.19909262657165527,0.10479427874088287,0.22022993862628937,1.547577142715454,0.10479427874088287,0.02539321966469288,0.2083650827407837,0.17818087339401245,0.5557219982147217,0.8867015838623047,1.7029263973236084,4.223168849945068,0.22022993862628937,0.08993316441774368,0.014456907287240028,0.0035504521802067757,0.4075920581817627,0.05508119612932205,197.98431396484375,136.98629760742188,34.7767333984375,66.84857177734375,617.015869140625,0.08835375308990479,0.05308333784341812,0.8694861531257629,2.5601980686187744,1.2910001277923584,0.01794165000319481,0.02000007964670658,3.3892107009887695,0.5,0.11999969929456711,0.3800007998943329,0.03892005980014801,0.8322973847389221,0.6482326984405518,0.7577082514762878,0.15327996015548706,0.5070943832397461,0.7972506284713745,0.3333313763141632,0.6745356321334839,0.5968694686889648,0.4766160249710083,1.0,0.9844361543655396,0.9726345539093018,0.11189131438732147,0.17276763916015625,1.0,0.018000001087784767,0.0020000000949949026,0.01600000075995922,1.291,0.6734981285703912,1.4082302065078722,0.15935250128157036,0.42211476329786485,0.941648333435739,2.0550349996885866,0.29988858667469104,0.1341915029629179,0.08970825001597404,0.01029214821755886,220.69795455980014,0.8533790111541748,0.6156896352767944,0.6975736618041992,0.1280362755060196,0.33233097195625305,0.44255784153938293,0.6090967655181885,0.7668863534927368,0.9726345539093018,0.9839999992400408,0.7357028330174776
bounding,2,action_space,1.0,3.4000000953674316,0.0,0.5,1.0,0.11999999731779099,-1.0,0.3400000035762787,-1.0,-0.03999999910593033,ramp_up_trot_robustness,ramp_up,1.0,trotting,1000,0.6828831434249878,0.6828831434249878,0.8895171880722046,0.1829109638929367,0.10811491310596466,0.21460962295532227,1.451345682144165,0.10811491310596466,0.024829814210534096,0.2233794778585434,0.18510396778583527,0.5499616861343384,0.6629728674888611,1.6798679828643799,4.095166206359863,0.21460962295532227,0.0952310711145401,0.01524251140654087,0.0036448808386921883,0.38534730672836304,0.047778137028217316,201.526611328125,141.20187377929688,34.84882354736328,67.03610229492188,521.4129638671875,0.0865803137421608,0.04750000685453415,0.8333522081375122,2.391972541809082,1.2990000247955322,0.01779033988714218,0.02000007964670658,3.3892109394073486,0.5,0.11999969929456711,0.34107881784439087,-0.03892005980014801,0.8463617563247681,0.657893717288971,0.7422641515731812,0.1461610645055771,0.5107021331787109,0.8050171136856079,0.37654346227645874,0.6277041435241699,0.6064928770065308,0.49253880977630615,1.0,0.9844361543655396,0.9699869751930237,0.05862267315387726,0.12286363542079926,1.0,0.018000001087784767,0.0010000000474974513,0.017000000923871994,1.299,0.6415336203630196,1.3569802593865896,0.15757478926063678,0.43023710647250696,0.8142314581793442,2.0236517008516715,0.3085953193334923,0.137431409238329,0.08895169943571091,0.011048698797821999,226.55729875763404,0.8747425079345703,0.6309220790863037,0.6854032874107361,0.14256717264652252,0.384595662355423,0.4626915752887726,0.6310634613037109,0.7885968685150146,0.9699869751930237,0.982999999076128,0.7489831510644692
bounding,2,action_space,1.0,3.4000000953674316,0.0,0.5,1.0,0.11999999731779099,-1.0,0.3400000035762787,0.0,0.0,ramp_up_trot_robustness,ramp_up,1.0,trotting,1000,0.6896257400512695,0.6896257400512695,0.8947355151176453,0.1904425323009491,0.08952075988054276,0.22843725979328156,1.4724242687225342,0.08952075988054276,0.018121344968676567,0.21908631920814514,0.2102223038673401,0.543512225151062,0.6407602429389954,1.6894447803497314,4.195682048797607,0.22843725979328156,0.1127503365278244,0.015655893832445145,0.0029742708429694176,0.38620734214782715,0.058148059993982315,191.78909301757812,128.51742553710938,35.03326416015625,67.07217407226562,445.8212890625,0.08941824734210968,0.05400000512599945,0.8832914233207703,2.5805091857910156,1.2960000038146973,0.017894718796014786,0.02000007964670658,3.388218402862549,0.5,0.11999969929456711,0.34117811918258667,0.0,0.8383861780166626,0.6479930877685547,0.7521649599075317,0.15875926613807678,0.5186144709587097,0.7953978776931763,0.3647717237472534,0.6732810735702515,0.6014261245727539,0.4956662058830261,1.0,0.9827068448066711,0.9696980714797974,0.11398667097091675,0.1790892779827118,0.9995999932289124,0.020000001415610313,0.004000000189989805,0.01600000075995922,1.296,0.6815519921573592,1.411075237148574,0.13461554504839537,0.45850005874300614,0.8004750108148257,2.048336410064911,0.3357831689168241,0.13649236123466604,0.08947359398007393,0.010526804253458977,214.35283363303236,0.8649587631225586,0.5934301018714905,0.6889384984970093,0.15963725745677948,0.31255924701690674,0.4618963897228241,0.6078765988349915,0.7633794546127319,0.9696980714797974,0.9839999992400408,0.73514049146802
bounding,2,action_space,1.0,3.4000000953674316,0.0,0.5,1.0,0.11999999731779099,-1.0,0.3400000035762787,1.0,0.03999999910593033,ramp_up_trot_robustness,ramp_up,1.0,trotting,1000,0.6823132634162903,0.6823132634162903,0.8833913803100586,0.19742482900619507,0.09425631165504456,0.21797674894332886,1.56707763671875,0.09425631165504456,0.02482999488711357,0.20665386319160461,0.17755833268165588,0.5260690450668335,0.6201090812683105,1.5965754985809326,3.7069778442382812,0.21797674894332886,0.12001976370811462,0.013135627843439579,0.004942642524838448,0.38079023361206055,0.04710086062550545,191.90756225585938,129.31666564941406,34.924835205078125,68.01609802246094,726.1998901367188,0.08791647106409073,0.05500000715255737,0.8743288516998291,2.5255861282348633,1.2929999828338623,0.01766783371567726,0.02000007964670658,3.389211654663086,0.5,0.11999969929456711,0.3410787880420685,0.03892006352543831,0.8379870057106018,0.6815580129623413,0.7703670859336853,0.16984823346138,0.5292986035346985,0.8196438550949097,0.34550103545188904,0.6855300664901733,0.6054301261901855,0.5036841034889221,1.0,0.9844361543655396,0.9699870347976685,0.05862261354923248,0.12286315858364105,1.0,0.018000001087784767,0.004000000189989805,0.014000000432133675,1.293,0.6762016514706594,1.3975965275253681,0.15757536256380175,0.421376711128719,0.7874700510294411,1.9253513560486255,0.3464386867948131,0.13445545867787603,0.0883391685783863,0.011661229655146599,217.23956847813295,0.8556393980979919,0.6217988729476929,0.6965850591659546,0.12698611617088318,0.38984066247940063,0.4669278860092163,0.6136570572853088,0.7595720887184143,0.9699870347976685,0.9859999995678663,0.7463927516379418
bounding,2,action_space,1.0,3.4000000953674316,0.0,0.5,1.0,0.11999999731779099,0.0,0.3799999952316284,-1.0,-0.03999999910593033,ramp_up_trot_robustness,ramp_up,1.0,trotting,1000,0.6830307245254517,0.6830307245254517,0.905110776424408,0.18083074688911438,0.09350575506687164,0.21590860188007355,1.7221055030822754,0.09350575506687164,0.020512845367193222,0.20856216549873352,0.1788676530122757,0.5126947164535522,0.5304911136627197,1.7306654453277588,4.341895580291748,0.21590860188007355,0.08998651802539825,0.01640303060412407,0.002590570133179426,0.39540374279022217,0.04564214497804642,190.40631103515625,128.45590209960938,34.85984802246094,66.78231048583984,455.9142761230469,0.0887051671743393,0.04700000584125519,0.8431857228279114,2.4643917083740234,1.3000000715255737,0.01810222491621971,0.02000007964670658,3.389212131500244,0.5,0.11999969929456711,0.3800007998943329,-0.038920141756534576,0.8497768044471741,0.6508087515830994,0.739652156829834,0.14918440580368042,0.5134633779525757,0.8039506077766418,0.30837690830230713,0.6678625345230103,0.5922152996063232,0.4811938405036926,1.0,0.9844361543655396,0.9726345539093018,0.11189043521881104,0.17276185750961304,1.0,0.018000001087784767,0.003000000026077032,0.015000000596046448,1.3,0.6486043607271634,1.3768390782352777,0.14322306157596695,0.42292747961355703,0.7283482090749724,2.0837215697620803,0.29997752920076903,0.1378172730005332,0.09051112458109856,0.009489273652434349,210.36796378377713,0.8773940801620483,0.6274036169052124,0.6839489340782166,0.11855688691139221,0.4013815224170685,0.45347848534584045,0.6225561499595642,0.790570855140686,0.9726345539093018,0.9849999994039536,0.7506774923740289
bounding,2,action_space,1.0,3.4000000953674316,0.0,0.5,1.0,0.11999999731779099,0.0,0.3799999952316284,0.0,0.0,ramp_up_trot_robustness,ramp_up,1.0,trotting,1000,0.7052914500236511,0.7052914500236511,0.9351992607116699,0.16372421383857727,0.0974886566400528,0.22662709653377533,1.677072286605835,0.0974886566400528,0.022166362032294273,0.20795106887817383,0.19769883155822754,0.5095635056495667,0.6644364595413208,1.724013090133667,4.259330749511719,0.22662709653377533,0.10847631096839905,0.01431639026850462,0.0032855935860425234,0.3850647211074829,0.04205258935689926,184.6463623046875,121.63323974609375,34.95306396484375,67.91084289550781,554.6309204101562,0.0884665846824646,0.048333339393138885,0.8836820721626282,2.615330219268799,1.3040001392364502,0.018703993409872055,0.02000007964670658,3.38861083984375,0.5,0.11999969929456711,0.3800007998943329,0.0,0.8658714294433594,0.6467269062995911,0.7465627193450928,0.15388834476470947,0.5416786670684814,0.7972819805145264,0.3049582839012146,0.6968689560890198,0.6058177947998047,0.49059510231018066,1.0,0.9835715293884277,0.9741724729537964,0.22640106081962585,0.2827836275100708,1.0,0.018000001087784767,0.004999999888241291,0.013000000268220901,1.304,0.6776702506410563,1.416199571231393,0.14888371983630136,0.4446333675717867,0.8151297194565542,2.0638146112264346,0.32935742130457457,0.1326724683366792,0.09351996704936028,0.00648043118417263,197.44066324878713,0.8983258008956909,0.5983386635780334,0.7032522559165955,0.11998368799686432,0.4312566816806793,0.4629531502723694,0.605678915977478,0.7853178977966309,0.9741724729537964,0.9869999997317791,0.7623813318518492
bounding,2,action_space,1.0,3.4000000953674316,0.0,0.5,1.0,0.11999999731779099,0.0,0.3799999952316284,1.0,0.03999999910593033,ramp_up_trot_robustness,ramp_up,1.0,trotting,1000,0.6867353320121765,0.6867353320121765,0.8896884322166443,0.1808696687221527,0.10074815154075623,0.2136317491531372,1.75276517868042,0.10074815154075623,0.02361186593770981,0.20430606603622437,0.18801715970039368,0.5475043058395386,0.840424656867981,1.7216248512268066,4.174966812133789,0.2136317491531372,0.09245307743549347,0.012482757680118084,0.003580833086743951,0.395402729511261,0.05483366176486015,189.59127807617188,130.06503295898438,34.91310119628906,66.8435287475586,654.0792236328125,0.08735853433609009,0.05258333683013916,0.8545932769775391,2.490787982940674,1.3010001182556152,0.017793763428926468,0.02000007964670658,3.388638496398926,0.5,0.11999969929456711,0.3800007998943329,0.03886285051703453,0.8506034016609192,0.6647478938102722,0.7681857347488403,0.15095221996307373,0.5375447273254395,0.8089065551757812,0.30097055435180664,0.7087178826332092,0.5982330441474915,0.48171859979629517,1.0,0.983571469783783,0.9711177945137024,0.11303611099720001,0.17707309126853943,1.0,0.01900000125169754,0.004999999888241291,0.014000000432133675,1.301,0.6568741442880477,1.383660996693604,0.1536615304417791,0.43360945527097733,0.9167467790333277,2.043273552937489,0.30406097650881386,0.12674222172134286,0.08896881714463234,0.011031581088900566,213.09850865859667,0.8773446679115295,0.6335697174072266,0.725226104259491,0.10806714743375778,0.3339803218841553,0.4534793794155121,0.6196320652961731,0.7688059210777283,0.9711177945137024,0.9859999995678663,0.7497385613238201
bounding,2,action_space,1.0,3.4000000953674316,0.0,0.5,1.0,0.11999999731779099,1.0,0.3799999952316284,-1.0,-0.03999999910593033,ramp_up_trot_robustness,ramp_up,1.0,trotting,1000,0.6807409524917603,0.6807409524917603,0.9273093938827515,0.15464434027671814,0.09150615334510803,0.2093454748392105,1.6974267959594727,0.09150615334510803,0.019384872168302536,0.2002371847629547,0.18479083478450775,0.5213717222213745,0.6652544140815735,1.649610996246338,3.961824655532837,0.2093454748392105,0.09065151959657669,0.016944030299782753,0.002946739085018635,0.3717910051345825,0.04720024764537811,189.89202880859375,127.00569152832031,34.672698974609375,67.11170959472656,525.7835693359375,0.08904075622558594,0.05891667306423187,0.8721649050712585,2.497612953186035,1.3040001392364502,0.01854618266224861,0.02000007964670658,3.3888652324676514,0.5,0.11999969929456711,0.3800007998943329,-0.03888554871082306,0.8735209703445435,0.673950731754303,0.7208482027053833,0.16079598665237427,0.5459306240081787,0.8148179650306702,0.3180912733078003,0.7155022621154785,0.6149154305458069,0.5036793947219849,1.0,0.9844360947608948,0.969616174697876,0.05893295258283615,0.127187579870224,1.0,0.018000001087784767,0.0020000000949949026,0.01600000075995922,1.304,0.6688380797216498,1.3839607053206897,0.13922956643006015,0.42987304496154183,0.8156312978800982,1.9904332833664224,0.30108390790040024,0.1410346389537031,0.09273091331124306,0.007269484922289848,204.77742386874127,0.9087734222412109,0.6451610922813416,0.6717860698699951,0.12429167330265045,0.38906651735305786,0.4754079580307007,0.6195035576820374,0.7448418140411377,0.969616174697876,0.9839999992400408,0.7568793255740252
bounding,2,action_space,1.0,3.4000000953674316,0.0,0.5,1.0,0.11999999731779099,1.0,0.3799999952316284,0.0,0.0,ramp_up_trot_robustness,ramp_up,1.0,trotting,1000,0.6888569593429565,0.6888569593429565,0.9028398990631104,0.18697994947433472,0.09636546671390533,0.22594957053661346,1.392907738685608,0.09636546671390533,0.018467456102371216,0.2273828685283661,0.19147640466690063,0.5304756760597229,0.5962461829185486,1.8096263408660889,4.708565711975098,0.22594957053661346,0.10090915858745575,0.015786629170179367,0.0026902551762759686,0.4228055477142334,0.053926512598991394,199.41000366210938,141.4488983154297,35.440208435058594,66.94923400878906,601.1944580078125,0.08774483948945999,0.05633334070444107,0.8338849544525146,2.3903279304504395,1.3010001182556152,0.018056798726320267,0.02000007964670658,3.389596462249756,0.5,0.11999969929456711,0.3800007998943329,0.0,0.8420790433883667,0.6334835290908813,0.7476754188537598,0.14147290587425232,0.5128359794616699,0.7900949716567993,0.3858785629272461,0.618950366973877,0.5882961750030518,0.46443021297454834,1.0,0.9853007793426514,0.9739493131637573,0.11101599037647247,0.17093946039676666,1.0,0.017000000923871994,0.0020000000949949026,0.015000000596046448,1.301,0.6409568698657283,1.35547049352442,0.13589501868122766,0.43758016941687455,0.7721697889185698,2.1699229737424086,0.31766201942859923,0.13592970369442925,0.09028399363160133,0.009716404601931572,220.86972880689027,0.8694921135902405,0.6001761555671692,0.6910537481307983,0.1716570258140564,0.34009498357772827,0.4292949438095093,0.6317098736763,0.7545251250267029,0.9739493131637573,0.9849999994039536,0.7397486162491335
bounding,2,action_space,1.0,3.4000000953674316,0.0,0.5,1.0,0.11999999731779099,1.0,0.3799999952316284,1.0,0.03999999910593033,ramp_up_trot_robustness,ramp_up,1.0,trotting,1000,0.6770051717758179,0.6770051717758179,0.9055912494659424,0.18159759044647217,0.09671492874622345,0.21963009238243103,1.6399297714233398,0.09671492874622345,0.020413054153323174,0.2065124213695526,0.17934471368789673,0.5570298433303833,0.7738305330276489,1.7159652709960938,4.245650291442871,0.21963009238243103,0.1022753119468689,0.014731647446751595,0.003739552805200219,0.42537403106689453,0.05053522437810898,200.60305786132812,143.60049438476562,35.406646728515625,67.29489135742188,601.8447875976562,0.08831007033586502,0.053416669368743896,0.8345752954483032,2.298772096633911,1.3029999732971191,0.018111826851963997,0.02000007964670658,3.3892149925231934,0.5,0.11999969929456711,0.3800007998943329,0.038920432329177856,0.8458096385002136,0.654630184173584,0.7478463649749756,0.1525580883026123,0.5196678042411804,0.8019200563430786,0.33096006512641907,0.6813722252845764,0.5923193097114563,0.4629919230937958,1.0,0.9844361543655396,0.9699870347976685,0.05862028896808624,0.12284719944000244,1.0,0.018000001087784767,0.0020000000949949026,0.01600000075995922,1.303,0.6405029296875,1.3282375042638708,0.14287425993972172,0.42349110225351455,0.8796763797145226,2.060497583459605,0.3198051155733268,0.1359087938727727,0.09055913425981998,0.009441263973712921,221.51611776243476,0.8764192461967468,0.6173163056373596,0.6911323070526123,0.1289680153131485,0.36396247148513794,0.42709532380104065,0.6433581709861755,0.7656092643737793,0.9699870347976685,0.9839999992400408,0.7455791491919603
pacing,3,action_space,-1.0,2.0999999046325684,0.0,0.5,-1.0,0.08999999612569809,-1.0,0.3400000035762787,-1.0,-0.03999999910593033,ramp_up_trot_robustness,ramp_up,1.0,trotting,1000,0.658531665802002,0.658531665802002,0.9184440970420837,0.16785049438476562,0.2595217823982239,0.2365032136440277,1.3523740768432617,0.2595217823982239,0.10214127600193024,0.25521060824394226,0.20312264561653137,0.9192506670951843,1.3788554668426514,0.44272106885910034,0.38325831294059753,0.2365032136440277,0.1521395891904831,0.011431816034018993,0.0063687656074762344,0.32888197898864746,0.0442681647837162,148.8076171875,92.45680236816406,34.499237060546875,66.66622161865234,495.8580017089844,0.08933526277542114,0.03674999997019768,0.47199493646621704,1.323997974395752,0.8170000314712524,0.018368883058428764,0.02000007964670658,2.1118640899658203,0.5,0.09089028835296631,0.3411857783794403,-0.0388130284845829,0.7895695567131042,0.6590574979782104,0.7309848666191101,0.560085654258728,0.29473066329956055,0.7955652475357056,0.21295586228370667,0.5652546882629395,0.5921493768692017,0.5530861616134644,0.636128306388855,0.9827068448066711,0.966753363609314,0.06050145626068115,0.1303025186061859,1.0,0.020000001415610313,0.0020000000949949026,0.018000001087784767,0.817,0.5777171775789857,1.2730124291969191,0.31959548808130916,0.4506912974714859,1.1742467657365088,0.6190785999698242,0.3900507520701416,0.13341882041711817,0.09184441529214382,0.008155982941389084,162.02142042912115,0.8934229612350464,0.5715875029563904,0.7004644870758057,0.033533863723278046,0.4125642776489258,0.5180083513259888,0.6668833494186401,0.8321437835693359,0.966753363609314,0.9819999989122152,0.7640747969540265
pacing,3,action_space,-1.0,2.0999999046325684,0.0,0.5,-1.0,0.08999999612569809,-1.0,0.3400000035762787,0.0,0.0,ramp_up_trot_robustness,ramp_up,1.0,trotting,1000,0.6720489263534546,0.6720489263534546,0.9429163932800293,0.18182823061943054,0.2518174648284912,0.24754676222801208,1.4896118640899658,0.2518174648284912,0.09496508538722992,0.24284470081329346,0.2013610303401947,0.8743032217025757,1.224151611328125,0.46464937925338745,0.4292062520980835,0.24754676222801208,0.1568325310945511,0.008108654990792274,0.005194918252527714,0.3291170001029968,0.042728833854198456,147.3529052734375,90.53305053710938,34.56665802001953,66.9377212524414,258.44012451171875,0.08679406344890594,0.06750000268220901,0.4653509259223938,1.2995176315307617,0.8210000395774841,0.018858328461647034,0.02000007964670658,2.1112637519836426,0.5,0.09084530174732208,0.3411257266998291,0.0,0.7863492965698242,0.6458051800727844,0.7979094982147217,0.5477086305618286,0.29730528593063354,0.7870135307312012,0.2052740901708603,0.5913408994674683,0.5963178277015686,0.552186131477356,0.6355658769607544,0.9835715293884277,0.9711905717849731,0.11290314048528671,0.17549553513526917,1.0,0.01900000125169754,0.004000000189989805,0.015000000596046448,0.821,0.5668098551927908,1.2581125676168137,0.3081640559624531,0.44873269363864576,1.1064138517427036,0.6551383457698713,0.3960208720440768,0.11534111688084171,0.09429164230823517,0.005708755925297737,156.27356393800264,0.8761254549026489,0.5418348908424377,0.7663843631744385,0.03374531865119934,0.4254632592201233,0.5177649259567261,0.6732006669044495,0.7135519981384277,0.9711905717849731,0.9849999994039536,0.7731361580200685
pacing,3,action_space,-1.0,2.0999999046325684,0.0,0.5,-1.0,0.08999999612569809,-1.0,0.3400000035762787,1.0,0.03999999910593033,ramp_up_trot_robustness,ramp_up,1.0,trotting,1000,0.6627081036567688,0.6627081036567688,0.9181345701217651,0.18038737773895264,0.2731088697910309,0.2407330572605133,1.6915478706359863,0.2731088697910309,0.11391520500183105,0.24828946590423584,0.2011832594871521,0.9005921483039856,1.6094152927398682,0.4396257996559143,0.3516569137573242,0.2407330572605133,0.15101215243339539,0.004901895299553871,0.006381640210747719,0.341229110956192,0.03791727125644684,153.29248046875,98.68574523925781,34.68290710449219,67.12472534179688,563.6310424804688,0.08786968886852264,0.04933333769440651,0.47519880533218384,1.2843077182769775,0.8270000219345093,0.01836268976330757,0.02000007964670658,2.111393451690674,0.5,0.09085498750209808,0.3411387801170349,0.038860075175762177,0.7717541456222534,0.6425737738609314,0.8320715427398682,0.5603770017623901,0.3082391619682312,0.7850244045257568,0.1631874144077301,0.5674481391906738,0.6079987287521362,0.542729914188385,0.6356871128082275,0.9835715293884277,0.9683196544647217,0.05961475521326065,0.12742355465888977,1.0,0.01900000125169754,0.003000000026077032,0.01600000075995922,0.827,0.5746055519998866,1.24618286207949,0.33751326640864215,0.4485345688875631,1.2686273261836465,0.5930066726077576,0.3886028209282524,0.1062239874524657,0.09181344881653786,0.008186949416995049,166.96079796714332,0.8779563307762146,0.5601649284362793,0.7979808449745178,0.018876226618885994,0.46844086050987244,0.5053731203079224,0.6782475709915161,0.7814010977745056,0.9683196544647217,0.9839999992400408,0.78460562047668
pacing,3,action_space,-1.0,2.0999999046325684,0.0,0.5,-1.0,0.08999999612569809,0.0,0.3799999952316284,-1.0,-0.03999999910593033,ramp_up_trot_robustness,ramp_up,1.0,trotting,1000,0.6723504662513733,0.6723504662513733,0.9320974349975586,0.17298218607902527,0.2497599720954895,0.2322700321674347,1.229028344154358,0.2497599720954895,0.09232985973358154,0.25432759523391724,0.2132541537284851,0.8964753150939941,1.321714162826538,0.47532618045806885,0.5153056383132935,0.2322700321674347,0.14938031136989594,0.013072126545011997,0.005831526592373848,0.3352331221103668,0.04461967200040817,148.18870544433594,93.05746459960938,34.59822463989258,67.31944274902344,569.944091796875,0.09017069637775421,0.0520000085234642,0.48105958104133606,1.340540885925293,0.8230000734329224,0.018641944974660873,0.02000007964670658,2.111393928527832,0.5,0.09085500240325928,0.3800007998943329,-0.03886004537343979,0.7877466678619385,0.6595032215118408,0.7281426191329956,0.5451823472976685,0.2969188690185547,0.7953939437866211,0.2545221745967865,0.573265552520752,0.6063103675842285,0.5487897396087646,0.6356873512268066,0.9835715293884277,0.9711141586303711,0.11306759715080261,0.17732581496238708,1.0,0.01900000125169754,0.006000000052154064,0.013000000268220901,0.823,0.5845195265036452,1.2762627566131635,0.3038582889005688,0.4617944929603266,1.1496582808933,0.717847921438304,0.38649749206158623,0.13749055653893413,0.09320972487330437,0.0067906733602285385,158.98413607878246,0.8871942162513733,0.5830433964729309,0.6851804256439209,0.0461607500910759,0.4096740484237671,0.5114700794219971,0.6655033230781555,0.7710515260696411,0.9711141586303711,0.9869999997317791,0.7604951031315021
pacing,3,action_space,-1.0,2.0999999046325684,0.0,0.5,-1.0,0.08999999612569809,0.0,0.3799999952316284,0.0,0.0,ramp_up_trot_robustness,ramp_up,1.0,trotting,1000,0.6926409006118774,0.6926409006118774,0.9075443744659424,0.1860964596271515,0.25285542011260986,0.239031583070755,1.2006499767303467,0.25285542011260986,0.09658509492874146,0.24121297895908356,0.1876733899116516,0.9498815536499023,1.470387578010559,0.45958322286605835,0.40068137645721436,0.239031583070755,0.1458299160003662,0.008216578513383865,0.006571263074874878,0.3388407230377197,0.04247140884399414,148.95172119140625,91.31134033203125,34.66415786743164,66.60496520996094,431.5902404785156,0.09065909683704376,0.05625000596046448,0.46981608867645264,1.336935043334961,0.8200000524520874,0.01815088838338852,0.02000007964670658,2.110793352127075,0.5,0.09081001579761505,0.3800007998943329,0.0,0.7816970348358154,0.659082293510437,0.7817463874816895,0.5420486330986023,0.27795854210853577,0.7959917783737183,0.24455302953720093,0.5873115062713623,0.6014295816421509,0.546783447265625,0.6351248025894165,0.9844361543655396,0.975531816482544,0.22511136531829834,0.27852633595466614,1.0,0.018000001087784767,0.0,0.018000001087784767,0.82,0.5729463902915396,1.2768744884188594,0.3107814262930484,0.4332128690512917,1.2125953892418357,0.6329939782156022,0.38187683354763247,0.12160526957438458,0.0907544419169426,0.00924595631659031,164.12610268127005,0.8706392645835876,0.5647562742233276,0.7439683079719543,0.04361509904265404,0.42765942215919495,0.5077929496765137,0.6652435064315796,0.7548395991325378,0.975531816482544,0.9819999989122152,0.7668228186666967
pacing,3,action_space,-1.0,2.0999999046325684,0.0,0.5,-1.0,0.08999999612569809,0.0,0.3799999952316284,1.0,0.03999999910593033,ramp_up_trot_robustness,ramp_up,1.0,trotting,1000,0.6738511323928833,0.6738511323928833,0.9203778505325317,0.18645067512989044,0.2685937285423279,0.2532961070537567,1.3840000629425049,0.2685937285423279,0.10872247070074081,0.25731056928634644,0.20098590850830078,0.9332484006881714,1.4276137351989746,0.4607807993888855,0.39751648902893066,0.2532961070537567,0.18786782026290894,0.004385508596897125,0.0059132687747478485,0.3445242941379547,0.044245921075344086,157.11993408203125,100.99974060058594,34.280906677246094,66.04054260253906,359.30767822265625,0.08782467246055603,0.051083337515592575,0.4790372848510742,1.371517539024353,0.8190000057220459,0.01840754598379135,0.02000007964670658,2.1113877296447754,0.5,0.09085455536842346,0.3800007998943329,0.03886067122220993,0.771195113658905,0.6457844972610474,0.8431903123855591,0.5434020757675171,0.29450950026512146,0.7866638898849487,0.2029717117547989,0.5481054186820984,0.5919922590255737,0.5388795137405396,0.635681688785553,0.9835715293884277,0.9711143374443054,0.11306096613407135,0.17727994918823242,1.0,0.01900000125169754,0.003000000026077032,0.01600000075995922,0.819,0.5849051190237714,1.2940728296611679,0.3297309064991342,0.448314519626903,1.1948279102862365,0.6304890871608569,0.4334372160566152,0.1014828920145902,0.09203772991895676,0.007962668314576149,170.71242424089354,0.8701798319816589,0.5264551639556885,0.8138529658317566,0.0284829530864954,0.4127478301525116,0.5020534992218018,0.6579304337501526,0.7745936512947083,0.9711143374443054,0.9839999992400408,0.7754660910711838
pacing,3,action_space,-1.0,2.0999999046325684,0.0,0.5,-1.0,0.08999999612569809,1.0,0.3799999952316284,-1.0,-0.03999999910593033,ramp_up_trot_robustness,ramp_up,1.0,trotting,1000,0.6593766212463379,0.6593766212463379,0.9387407302856445,0.2035655528306961,0.26004570722579956,0.24494054913520813,1.3651435375213623,0.26004570722579956,0.10092023760080338,0.2743335962295532,0.20844592154026031,0.9412760138511658,1.5715959072113037,0.42966461181640625,0.3320073187351227,0.24494054913520813,0.16779538989067078,0.008798555471003056,0.005492753814905882,0.3664552569389343,0.04541487246751785,162.70013427734375,108.59896850585938,34.49702453613281,65.75190734863281,372.11749267578125,0.08914356678724289,0.05058334022760391,0.4719032049179077,1.3624598979949951,0.8240000605583191,0.01877480559051037,0.02000007964670658,2.1107940673828125,0.5,0.09081000089645386,0.3800007998943329,-0.03892003744840622,0.757062554359436,0.6526528596878052,0.7788766026496887,0.5638201832771301,0.3048882782459259,0.794013500213623,0.22544732689857483,0.5038211345672607,0.5900766253471375,0.5208761096000671,0.635124921798706,0.9844361543655396,0.9699869751930237,0.058622680604457855,0.12286357581615448,1.0,0.018000001087784767,0.003000000026077032,0.015000000596046448,0.824,0.5726980190832638,1.2858734502637865,0.31767945731633856,0.4565587821302535,1.2536330831672016,0.5762007625256346,0.4096283558186259,0.11954626420724714,0.09387402795255184,0.006126370280981064,173.31743369421775,0.847253143787384,0.5488342642784119,0.75139319896698,0.03392685949802399,0.4032101333141327,0.480508416891098,0.6614190936088562,0.7765325903892517,0.9699869751930237,0.9849999994039536,0.7568374069837424
pacing,3,action_space,-1.0,2.0999999046325684,0.0,0.5,-1.0,0.08999999612569809,1.0,0.3799999952316284,0.0,0.0,ramp_up_trot_robustness,ramp_up,1.0,trotting,1000,0.6736510992050171,0.6736510992050171,0.9577940702438354,0.18658283352851868,0.2589137554168701,0.23409125208854675,1.4667549133300781,0.2589137554168701,0.10015484690666199,0.25670698285102844,0.20378579199314117,0.8846734762191772,1.3337392807006836,0.4352229833602905,0.3714001178741455,0.23409125208854675,0.15024833381175995,0.006908701732754707,0.005206332542002201,0.3492581248283386,0.044567402452230453,157.49082946777344,103.5927963256836,34.50114822387695,66.81448364257812,432.2637634277344,0.08823131024837494,0.05758333578705788,0.44560301303863525,1.2273483276367188,0.8270000219345093,0.01915588229894638,0.02000007964670658,2.1107938289642334,0.5,0.09081001579761505,0.3800007998943329,0.0,0.7728294730186462,0.6565167307853699,0.8118901252746582,0.564242422580719,0.31227999925613403,0.7965865731239319,0.2186121940612793,0.5497910976409912,0.5993720889091492,0.5378559827804565,0.6351248025894165,0.9844361543655396,0.9726344347000122,0.11189128458499908,0.17276768386363983,1.0,0.018000001087784767,0.006000000052154064,0.012000000104308128,0.827,0.538818654587364,1.2182351620081995,0.31647250576734465,0.45142639709385757,1.1548763053681046,0.6094260561168562,0.3876187996108547,0.11006831639830288,0.0957794114947319,0.0042209867388010025,164.4307835688306,0.8700082302093506,0.5781123042106628,0.7848201394081116,0.031121637672185898,0.4101025462150574,0.4973226487636566,0.6900272369384766,0.749824047088623,0.9726344347000122,0.9879999998956919,0.7745779616137346
pacing,3,action_space,-1.0,2.0999999046325684,0.0,0.5,-1.0,0.08999999612569809,1.0,0.3799999952316284,1.0,0.03999999910593033,ramp_up_trot_robustness,ramp_up,1.0,trotting,1000,0.6629472970962524,0.6629472970962524,0.9361430406570435,0.20713616907596588,0.2630669176578522,0.2662113904953003,1.3814697265625,0.2630669176578522,0.1052786111831665,0.2610410451889038,0.2159130871295929,0.9303499460220337,1.507659673690796,0.45967212319374084,0.39378464221954346,0.2662113904953003,0.19139589369297028,0.004778694361448288,0.0058486126363277435,0.35611143708229065,0.04665752872824669,159.7111053466797,105.43004608154297,34.575077056884766,65.78666687011719,309.23431396484375,0.08784757554531097,0.052916668355464935,0.48927006125450134,1.3690474033355713,0.8260000944137573,0.018722863867878914,0.02000007964670658,2.1119165420532227,0.5,0.0908941775560379,0.3800007998943329,0.03880782052874565,0.7500574588775635,0.6033839583396912,0.844411313533783,0.5432901382446289,0.3042665719985962,0.7574429512023926,0.21657711267471313,0.5481909513473511,0.5923552513122559,0.5329461097717285,0.6361769437789917,0.9827068448066711,0.9666892290115356,0.060549233108758926,0.13120421767234802,0.9998000264167786,0.020000001415610313,0.006000000052154064,0.014000000432133675,0.826,0.5923365853889225,1.2874169209807922,0.32446665650443424,0.46466448877614147,1.2278679382127362,0.6275226228747004,0.4374881640604352,0.10308883061600821,0.09361431933939457,0.006386078894138336,170.6054506740599,0.8422978520393372,0.492291122674942,0.8085229992866516,0.03059122897684574,0.39331260323524475,0.49055254459381104,0.6607626676559448,0.7675256729125977,0.9666892290115356,0.9859999995678663,0.7633641926715007
pacing,3,action_space,-1.0,2.0999999046325684,0.0,0.5,0.0,0.11999999731779099,-1.0,0.3400000035762787,-1.0,-0.03999999910593033,ramp_up_trot_robustness,ramp_up,1.0,trotting,1000,0.6627894043922424,0.6627894043922424,0.9357763528823853,0.19541247189044952,0.26312530040740967,0.23773668706417084,1.5023882389068604,0.26312530040740967,0.10562625527381897,0.2564551532268524,0.20300327241420746,0.9049780368804932,1.4655197858810425,0.4565950632095337,0.44728517532348633,0.23773668706417084,0.13578443229198456,0.010100174695253372,0.008279443718492985,0.3549506366252899,0.04429107904434204,168.2540283203125,111.97897338867188,34.26308822631836,67.2478256225586,357.24456787109375,0.09823812544345856,0.039083339273929596,0.5310747623443604,1.6158790588378906,0.8240000605583191,0.018715519458055496,0.02000007964670658,2.1108407974243164,0.5,0.11999969929456711,0.34108346700668335,-0.03891538828611374,0.7612569332122803,0.647759199142456,0.7369975447654724,0.5653320550918579,0.301557332277298,0.7921955585479736,0.19076713919639587,0.5495750308036804,0.6015127897262573,0.5291048884391785,1.0,0.9844361543655396,0.9726244807243347,0.11194499582052231,0.17324981093406677,1.0,0.01900000125169754,0.003000000026077032,0.01600000075995922,0.824,0.6445082136728231,1.400363556405701,0.32500193118475307,0.4505588445632906,1.2105865462167678,0.6687938212360266,0.3684893923737623,0.1355714513227116,0.09357759729027748,0.0064228009432554245,179.80153890623032,0.8583493232727051,0.5682536959648132,0.6923993825912476,0.026919255033135414,0.41237524151802063,0.49169275164604187,0.6124705076217651,0.8224918842315674,0.9726244807243347,0.9839999992400408,0.7484820558665654
pacing,3,action_space,-1.0,2.0999999046325684,0.0,0.5,0.0,0.11999999731779099,-1.0,0.3400000035762787,0.0,0.0,ramp_up_trot_robustness,ramp_up,1.0,trotting,1000,0.6917831301689148,0.6917831301689148,0.9501906633377075,0.1727619171142578,0.2517569661140442,0.25361168384552,1.4649512767791748,0.2517569661140442,0.09831472486257553,0.2513622045516968,0.19727690517902374,0.9259614944458008,1.459179162979126,0.4308133125305176,0.3694475293159485,0.25361168384552,0.15725941956043243,0.00685911625623703,0.005966415628790855,0.3350054621696472,0.042936548590660095,156.81582641601562,104.64063262939453,34.197509765625,67.15385437011719,281.92352294921875,0.09574925899505615,0.04616666957736015,0.498595267534256,1.4804325103759766,0.8270000219345093,0.01900380291044712,0.02000007964670658,2.1107935905456543,0.5,0.11999969929456711,0.34107881784439087,0.0,0.7896580696105957,0.6285149455070496,0.8096586465835571,0.5747912526130676,0.28929972648620605,0.777118444442749,0.20702525973320007,0.5613634586334229,0.6026999354362488,0.5510172843933105,1.0,0.9844361543655396,0.9755317568778992,0.22511138021945953,0.278526246547699,1.0,0.018000001087784767,0.007000000216066837,0.010999999940395355,0.827,0.602896269460399,1.3379550771414033,0.31355178976139736,0.4441586486594894,1.2079648848286635,0.6078219552763362,0.3965594779606616,0.11324986483447953,0.0950190145522356,0.004981383681297302,165.03616849398747,0.8874645233154297,0.5256136655807495,0.7737467288970947,0.03234661743044853,0.42369943857192993,0.5117030143737793,0.6392044425010681,0.7938717603683472,0.9755317568778992,0.9890000000596046,0.7748951327342255
pacing,3,action_space,-1.0,2.0999999046325684,0.0,0.5,0.0,0.11999999731779099,-1.0,0.3400000035762787,1.0,0.03999999910593033,ramp_up_trot_robustness,ramp_up,1.0,trotting,1000,0.671190619468689,0.671190619468689,0.9064357876777649,0.19835694134235382,0.26233628392219543,0.2499251365661621,1.5552998781204224,0.26233628392219543,0.11068104207515717,0.26657384634017944,0.22011145949363708,0.9324416518211365,1.558791995048523,0.46671533584594727,0.432445764541626,0.2499251365661621,0.1577988564968109,0.005948116071522236,0.011665776371955872,0.35400301218032837,0.04212136194109917,173.38827514648438,114.5616683959961,34.281524658203125,66.80963897705078,373.3946228027344,0.09917332231998444,0.04858333617448807,0.5825634002685547,1.8435723781585693,0.8190000057220459,0.018128713592886925,0.02000007964670658,2.1119165420532227,0.5,0.11999969929456711,0.34119105339050293,0.03880785405635834,0.7616645097732544,0.6320409774780273,0.8215011358261108,0.5585849285125732,0.2935695946216583,0.7788278460502625,0.1881658285856247,0.5388361215591431,0.6074880361557007,0.5407983064651489,1.0,0.9827068448066711,0.9696216583251953,0.11415079236030579,0.18091759085655212,0.9996000528335571,0.020000001415610313,0.0020000000949949026,0.018000001087784767,0.819,0.7113105671455281,1.5003346251193805,0.3326876043304847,0.46916037715650827,1.2485159170184907,0.6576060861500796,0.39723904200973364,0.13271734040236832,0.09064356796443462,0.009356830269098282,191.28577832379602,0.8543776869773865,0.5354617834091187,0.7030847668647766,0.02307695709168911,0.43066391348838806,0.49262550473213196,0.5696398019790649,0.7843368649482727,0.9696216583251953,0.9819999989122152,0.7472784227858752
pacing,3,action_space,-1.0,2.0999999046325684,0.0,0.5,0.0,0.11999999731779099,0.0,0.3799999952316284,-1.0,-0.03999999910593033,ramp_up_trot_robustness,ramp_up,1.0,trotting,1000,0.6818484663963318,0.6818484663963318,0.9434318542480469,0.20384301245212555,0.24964173138141632,0.27159303426742554,1.5735011100769043,0.24964173138141632,0.09685444086790085,0.2653469443321228,0.2183304727077484,0.9325377941131592,1.4552526473999023,0.4350741505622864,0.3895537853240967,0.27159303426742554,0.1989818960428238,0.010965967550873756,0.006531728431582451,0.3439750671386719,0.04870777204632759,165.49026489257812,105.98011779785156,34.68873596191406,67.19746398925781,489.03363037109375,0.10018943250179291,0.04141666740179062,0.5404313802719116,1.683164119720459,0.8250000476837158,0.018868647515773773,0.02000007964670658,2.112417221069336,0.5,0.11999969929456711,0.3800007998943329,-0.03875771909952164,0.7544304132461548,0.612483024597168,0.7337193489074707,0.5775460600852966,0.28789740800857544,0.7563727498054504,0.208974689245224,0.5500376224517822,0.6090868711471558,0.5456355214118958,1.0,0.9818421602249146,0.971511721611023,0.22867445647716522,0.28882718086242676,0.9998000264167786,0.021000001579523087,0.007000000216066837,0.014000000432133675,0.825,0.655068359375,1.4283553002094274,0.3112144612126834,0.46725846456511455,1.2063385293523134,0.6241424399318609,0.4460738683702776,0.13227885689881133,0.09434323757886887,0.00565716065466404,175.41305622384408,0.8468701839447021,0.47824710607528687,0.7047205567359924,0.029879285022616386,0.37751105427742004,0.5026052594184875,0.600465714931488,0.812951922416687,0.971511721611023,0.9859999995678663,0.7404013263682524
pacing,3,action_space,-1.0,2.0999999046325684,0.0,0.5,0.0,0.11999999731779099,0.0,0.3799999952316284,0.0,0.0,ramp_up_trot_robustness,ramp_up,1.0,trotting,1000,0.7363243103027344,0.7363243103027344,0.936882734298706,0.17834264039993286,0.2486358880996704,0.22872444987297058,1.3202226161956787,0.2486358880996704,0.09537950158119202,0.26134949922561646,0.21903082728385925,0.9183468818664551,1.4450445175170898,0.45273709297180176,0.4022512435913086,0.22872444987297058,0.13644063472747803,0.0061903828755021095,0.005338176153600216,0.3458814024925232,0.04035806655883789,162.53114318847656,107.74139404296875,34.5272216796875,66.75721740722656,327.1668395996094,0.09962966293096542,0.0403333343565464,0.5120024085044861,1.5598313808441162,0.8280000686645508,0.018737658858299255,0.02000007964670658,2.111264228820801,0.5,0.11999969929456711,0.3800007998943329,0.0,0.7904280424118042,0.6603192090988159,0.8179731965065002,0.5532263517379761,0.29945361614227295,0.7999584674835205,0.23918664455413818,0.5491352677345276,0.6105652451515198,0.5391631126403809,1.0,0.983571469783783,0.9775547981262207,0.4700244665145874,0.5076565742492676,0.9998000264167786,0.01900000125169754,0.003000000026077032,0.01600000075995922,0.828,0.6183603627670214,1.3725356919358536,0.30883571940627597,0.46800729404984626,1.2021000447205257,0.6342327992080736,0.36937871450244397,0.10737112753949418,0.09368829429149628,0.006312103942036629,173.48077538235088,0.8805360794067383,0.5926514863967896,0.7940798997879028,0.039644114673137665,0.4461226761341095,0.5006926655769348,0.6244003176689148,0.8173673152923584,0.9775547981262207,0.9839999992400408,0.7791433201577419
pacing,3,action_space,-1.0,2.0999999046325684,0.0,0.5,0.0,0.11999999731779099,0.0,0.3799999952316284,1.0,0.03999999910593033,ramp_up_trot_robustness,ramp_up,1.0,trotting,1000,0.6916482448577881,0.6916482448577881,0.9321045875549316,0.20759692788124084,0.2601551413536072,0.265826940536499,1.4427920579910278,0.2601551413536072,0.10407132655382156,0.2736285924911499,0.23232853412628174,0.8790357112884521,1.3003427982330322,0.46274566650390625,0.37422263622283936,0.265826940536499,0.16700318455696106,0.005173224490135908,0.006807386875152588,0.3570520281791687,0.05014462769031525,166.99276733398438,110.2749252319336,34.707176208496094,66.89564514160156,333.4344177246094,0.09871198236942291,0.046666670590639114,0.5369107127189636,1.6600236892700195,0.8220000267028809,0.018642086535692215,0.02000007964670658,2.1123580932617188,0.5,0.11999969929456711,0.3800007998943329,0.0387636199593544,0.7591696381568909,0.6086443662643433,0.8270993232727051,0.532823920249939,0.3016219735145569,0.7604326009750366,0.22506216168403625,0.5369824767112732,0.6039435863494873,0.5322948098182678,1.0,0.9818421602249146,0.9715259671211243,0.22857409715652466,0.2880009710788727,0.9998000264167786,0.021000001579523087,0.004000000189989805,0.017000000923871994,0.822,0.6531760408350441,1.4210888536528705,0.322600878104542,0.48200470342755136,1.1403257421601216,0.6117373915519955,0.40866023119085254,0.1094559791207794,0.09321043267846107,0.006789965555071831,179.15668430732083,0.8416543006896973,0.49329906702041626,0.7869329452514648,0.029474832117557526,0.3668168783187866,0.4896306097507477,0.603581964969635,0.7918895483016968,0.9715259671211243,0.982999999076128,0.7514603422620357
pacing,3,action_space,-1.0,2.0999999046325684,0.0,0.5,0.0,0.11999999731779099,1.0,0.3799999952316284,-1.0,-0.03999999910593033,ramp_up_trot_robustness,ramp_up,1.0,trotting,1000,0.6634290218353271,0.6634290218353271,0.948082685470581,0.17839622497558594,0.2659232020378113,0.2592744827270508,1.4907153844833374,0.2659232020378113,0.11264286190271378,0.2611226439476013,0.2052105963230133,0.9802378416061401,1.6417573690414429,0.4407880902290344,0.37627580761909485,0.2592744827270508,0.1784626841545105,0.011292179115116596,0.007543719839304686,0.3446137607097626,0.04318784549832344,165.88177490234375,108.13882446289062,34.43417739868164,67.45343780517578,516.1256103515625,0.10175144672393799,0.04100000113248825,0.550999641418457,1.6921796798706055,0.8230000734329224,0.018961653113365173,0.02000007964670658,2.111316204071045,0.5,0.11999969929456711,0.3800007998943329,-0.038867827504873276,0.7733281850814819,0.6285998821258545,0.720497727394104,0.5583107471466064,0.28609412908554077,0.7715320587158203,0.19989082217216492,0.5453373193740845,0.6043071746826172,0.5386326313018799,1.0,0.9835715293884277,0.9711419343948364,0.11297477781772614,0.1763613522052765,1.0,0.01900000125169754,0.003000000026077032,0.01600000075995922,0.823,0.6695013034676868,1.4339146620759085,0.3356230950079475,0.45300176194250424,1.2813108011101142,0.6134132437591275,0.4224484396402838,0.13724393959086603,0.09480826556682587,0.005192132666707039,174.9655145532041,0.8804687261581421,0.5105674266815186,0.6861095428466797,0.02366938814520836,0.42157527804374695,0.5019636750221252,0.5980817675590515,0.8146473169326782,0.9711419343948364,0.9839999992400408,0.7518532571311181
pacing,3,action_space,-1.0,2.0999999046325684,0.0,0.5,0.0,0.11999999731779099,1.0,0.3799999952316284,0.0,0.0,ramp_up_trot_robustness,ramp_up,1.0,trotting,1000,0.6960898637771606,0.6960898637771606,0.9245628118515015,0.1930936574935913,0.2536275088787079,0.22078970074653625,1.2595640420913696,0.2536275088787079,0.09766034781932831,0.262694776058197,0.21694070100784302,0.9092185497283936,1.4020671844482422,0.4739053249359131,0.4634048640727997,0.22078970074653625,0.12101569771766663,0.007399330846965313,0.006421956233680248,0.34393513202667236,0.041967011988162994,166.255615234375,108.88284301757812,34.48948287963867,67.1675033569336,398.248779296875,0.0985528826713562,0.043916668742895126,0.5519665479660034,1.7143486738204956,0.8270000219345093,0.018491258844733238,0.02000007964670658,2.1120808124542236,0.5,0.11999969929456711,0.3800007998943329,0.0,0.7705581188201904,0.6719808578491211,0.794023334980011,0.544479250907898,0.2924042344093323,0.80403071641922,0.252413809299469,0.5554367899894714,0.6137421131134033,0.5456987619400024,1.0,0.9827068448066711,0.9727250933647156,0.22786283493041992,0.28783848881721497,0.9998000264167786,0.020000001415610313,0.0020000000949949026,0.018000001087784767,0.827,0.6674322753315826,1.4397822591711786,0.3125065564421462,0.465768935211273,1.1840891792632184,0.6807384696583554,0.34787310576942654,0.11756397016367541,0.09245629422366619,0.0075441040098667145,179.82079000283014,0.8614479303359985,0.6141716241836548,0.7584899067878723,0.0402449406683445,0.4319954514503479,0.5026454329490662,0.595565915107727,0.8028532266616821,0.9727250933647156,0.9819999989122152,0.7646665235933584
pacing,3,action_space,-1.0,2.0999999046325684,0.0,0.5,0.0,0.11999999731779099,1.0,0.3799999952316284,1.0,0.03999999910593033,ramp_up_trot_robustness,ramp_up,1.0,trotting,1000,0.6690109968185425,0.6690109968185425,0.9253348112106323,0.22099298238754272,0.2650635242462158,0.274223268032074,1.4308769702911377,0.2650635242462158,0.1072344034910202,0.26278388500213623,0.2160516381263733,0.9078854322433472,1.4192869663238525,0.47753190994262695,0.4567907154560089,0.274223268032074,0.1768292486667633,0.005322610959410667,0.006572261452674866,0.35503554344177246,0.04553403705358505,168.2506103515625,111.46427917480469,34.615299224853516,66.59188079833984,578.7196044921875,0.09901124238967896,0.04150000587105751,0.5328408479690552,1.604726791381836,0.8180000185966492,0.018506690859794617,0.02000007964670658,2.1117000579833984,0.5,0.11999969929456711,0.3800007998943329,0.03882943093776703,0.7480181455612183,0.5983525514602661,0.8288930654525757,0.5332370400428772,0.29534828662872314,0.7490510940551758,0.19982226192951202,0.5453189611434937,0.6004840135574341,0.5318581461906433,1.0,0.9827068448066711,0.9698271751403809,0.11384862661361694,0.17817987501621246,0.9998000264167786,0.020000001415610313,0.004000000189989805,0.01600000075995922,0.818,0.6513946458588019,1.4006315405111376,0.3274666448526021,0.46481355200378277,1.1913383089298575,0.6758629413246512,0.42051069982434847,0.10906361635341794,0.09253345429897308,0.007466943934559822,181.82673807703958,0.8225454092025757,0.47143030166625977,0.7882835268974304,0.027999598532915115,0.4022502899169922,0.49160924553871155,0.6123555302619934,0.8126132488250732,0.9698271751403809,0.9839999992400408,0.7514756983862475
pacing,3,action_space,-1.0,2.0999999046325684,0.0,0.5,1.0,0.11999999731779099,-1.0,0.3400000035762787,-1.0,-0.03999999910593033,ramp_up_trot_robustness,ramp_up,1.0,trotting,1000,0.6598300337791443,0.6598300337791443,0.9191914796829224,0.1632261872291565,0.26251357793807983,0.22039273381233215,1.422614336013794,0.26251357793807983,0.10775641351938248,0.2496834099292755,0.2080402672290802,0.903461217880249,1.4275540113449097,0.4172093868255615,0.3653739094734192,0.22039273381233215,0.13734717667102814,0.011422738432884216,0.007167041301727295,0.337199330329895,0.04209842532873154,154.40505981445312,96.69964599609375,34.74992370605469,67.35443115234375,430.4901123046875,0.09856586903333664,0.04141666740179062,0.5580496788024902,1.6569077968597412,0.8230000734329224,0.018383841961622238,0.02000007964670658,2.1119155883789062,0.5,0.11999969929456711,0.34119099378585815,-0.03880787640810013,0.7937707901000977,0.6805762052536011,0.719130277633667,0.5806949138641357,0.3028561472892761,0.8142382502555847,0.20390991866588593,0.5810638666152954,0.6059228181838989,0.5479428768157959,1.0,0.9827068448066711,0.9666892290115356,0.0605490542948246,0.13120302557945251,1.0,0.020000001415610313,0.004000000189989805,0.01600000075995922,0.823,0.6780676581010784,1.418891681025473,0.3282627202704908,0.4561143137735103,1.1948029173654162,0.6044616691515015,0.37060380013031186,0.1363443425104669,0.09191920980811119,0.008081188425421715,167.97921132571375,0.8989110589027405,0.6152481436729431,0.6894951462745667,0.02793869748711586,0.43086153268814087,0.5094627141952515,0.6045243144035339,0.812951922416687,0.9666892290115356,0.9839999992400408,0.7633962926383201
pacing,3,action_space,-1.0,2.0999999046325684,0.0,0.5,1.0,0.11999999731779099,-1.0,0.3400000035762787,0.0,0.0,ramp_up_trot_robustness,ramp_up,1.0,trotting,1000,0.6770725250244141,0.6770725250244141,0.9233610033988953,0.18322455883026123,0.2523323893547058,0.24898242950439453,1.1960694789886475,0.2523323893547058,0.09616183489561081,0.256629079580307,0.21804507076740265,0.9372793436050415,1.5606036186218262,0.45284414291381836,0.3851281404495239,0.24898242950439453,0.17045940458774567,0.007668613456189632,0.005747318267822266,0.3341175317764282,0.04376903921365738,156.92459106445312,98.89688110351562,34.41416931152344,66.98895263671875,417.0233459472656,0.0974821150302887,0.04383333399891853,0.5035710334777832,1.4810841083526611,0.8230000734329224,0.018467215821146965,0.02000007964670658,2.1119837760925293,0.5,0.11999969929456711,0.34119778871536255,0.0,0.7790226340293884,0.6457747220993042,0.7962749004364014,0.5509164929389954,0.2921411097049713,0.7840675115585327,0.24182391166687012,0.5661448240280151,0.6115050315856934,0.5507792830467224,1.0,0.9827068448066711,0.9695943593978882,0.11423280835151672,0.18180501461029053,1.0,0.020000001415610313,0.004999999888241291,0.015000000596046448,0.823,0.6118724354851723,1.341497733214748,0.3100997176645132,0.4669529641916867,1.249241217148164,0.6205869322258759,0.4128672965829888,0.11582716315274193,0.09233607910573483,0.0076643191277980804,169.9493377853441,0.8743408918380737,0.5379860997200012,0.7646641135215759,0.044187821447849274,0.41670331358909607,0.512612521648407,0.6376893520355225,0.8031878471374512,0.9695943593978882,0.9849999994039536,0.7684260094777131
pacing,3,action_space,-1.0,2.0999999046325684,0.0,0.5,1.0,0.11999999731779099,-1.0,0.3400000035762787,1.0,0.03999999910593033,ramp_up_trot_robustness,ramp_up,1.0,trotting,1000,0.6734991073608398,0.6734991073608398,0.917523980140686,0.17860588431358337,0.2624504864215851,0.24031558632850647,1.12312650680542,0.2624504864215851,0.10529851168394089,0.25109291076660156,0.19817592203617096,0.8981997966766357,1.3963507413864136,0.4615546464920044,0.4063216745853424,0.24031558632850647,0.1524362564086914,0.005321725737303495,0.006118046585470438,0.33704209327697754,0.045719340443611145,156.95513916015625,100.57072448730469,34.518959045410156,67.01377868652344,613.0112915039062,0.09748923778533936,0.04266666993498802,0.5218636393547058,1.5861444473266602,0.8250000476837158,0.01835048384964466,0.02000007964670658,2.111994504928589,0.5,0.11999969929456711,0.34119877219200134,0.038800034672021866,0.7788185477256775,0.6508699655532837,0.8309962749481201,0.5372906923294067,0.3058936297893524,0.7911789417266846,0.26326656341552734,0.5525898933410645,0.609093189239502,0.5460370779037476,1.0,0.9827068448066711,0.9666521549224854,0.0606071874499321,0.13198594748973846,1.0,0.01900000125169754,0.004999999888241291,0.014000000432133675,0.825,0.6325619969223485,1.3865782645974827,0.3244973215358501,0.44516954302397077,1.1816728571759672,0.6374336628899845,0.3904308599594702,0.10695687132098589,0.0917524192482233,0.0082479789853096,171.0638005734629,0.8802051544189453,0.561290979385376,0.7954912185668945,0.039593249559402466,0.40076228976249695,0.5096229314804077,0.6183814406394958,0.8078867793083191,0.9666521549224854,0.9859999995678663,0.7731041124042793
pacing,3,action_space,-1.0,2.0999999046325684,0.0,0.5,1.0,0.11999999731779099,0.0,0.3799999952316284,-1.0,-0.03999999910593033,ramp_up_trot_robustness,ramp_up,1.0,trotting,1000,0.6623644232749939,0.6623644232749939,0.9195516705513,0.20903611183166504,0.27930882573127747,0.28736868500709534,1.563511848449707,0.27930882573127747,0.120416060090065,0.27643299102783203,0.2210729718208313,0.9961361289024353,1.706718921661377,0.45066332817077637,0.45385465025901794,0.28736868500709534,0.2352789044380188,0.009534478187561035,0.007501645013689995,0.35755038261413574,0.04327867180109024,175.7694854736328,117.17478942871094,34.014076232910156,66.65351867675781,297.0272216796875,0.10172717273235321,0.046916663646698,0.49965888261795044,1.5106995105743408,0.8220000267028809,0.018391039222478867,0.02000007964670658,2.1119165420532227,0.5,0.11999969929456711,0.3800007998943329,-0.03880781680345535,0.747776210308075,0.5991814136505127,0.7486486434936523,0.5745784640312195,0.2883140444755554,0.7518705129623413,0.19686546921730042,0.5011776685714722,0.606458306312561,0.5311371088027954,1.0,0.9827068448066711,0.9696217179298401,0.11415109038352966,0.1809196025133133,0.9998000264167786,0.020000001415610313,0.004000000189989805,0.01600000075995922,0.822,0.607857511571434,1.3556673251430877,0.34701017289132174,0.47018397656750416,1.306414529030268,0.6736873534949412,0.4850555684022386,0.13052250074700159,0.09195519611239433,0.008045202121138573,191.1469372550359,0.8396380543708801,0.437881201505661,0.7112562656402588,0.018838869407773018,0.42081019282341003,0.4891428053379059,0.6316255927085876,0.7909003496170044,0.9696217179298401,0.9839999992400408,0.7441676810192757
pacing,3,action_space,-1.0,2.0999999046325684,0.0,0.5,1.0,0.11999999731779099,0.0,0.3799999952316284,0.0,0.0,ramp_up_trot_robustness,ramp_up,1.0,trotting,1000,0.6906005144119263,0.6906005144119263,0.9346281290054321,0.19422288239002228,0.2627130150794983,0.244797021150589,1.3334165811538696,0.2627130150794983,0.10602091252803802,0.27866417169570923,0.23781873285770416,0.9330765008926392,1.4819927215576172,0.46068674325942993,0.49610841274261475,0.244797021150589,0.14608162641525269,0.006060429848730564,0.007117952685803175,0.35919320583343506,0.052156418561935425,169.45697021484375,110.51876831054688,34.831642150878906,67.11905670166016,533.4534912109375,0.10048513114452362,0.04241666942834854,0.579013466835022,1.8558920621871948,0.8220000267028809,0.018692564219236374,0.02000007964670658,2.112515926361084,0.5,0.11999969929456711,0.3800007998943329,0.0,0.7618985176086426,0.6309421062469482,0.8040938973426819,0.5578283071517944,0.3081269860267639,0.7781068086624146,0.23262211680412292,0.5294366478919983,0.5973144769668579,0.5321292877197266,1.0,0.9818421602249146,0.9714723825454712,0.22884687781333923,0.2901955842971802,0.9998000264167786,0.021000001579523087,0.003000000026077032,0.018000001087784767,0.822,0.7043959717390891,1.5025897537280986,0.3256085264977532,0.4876666206105398,1.217371234076778,0.7043496381362134,0.38220626161178034,0.11479713643873588,0.09346282109618187,0.006537577137351036,181.30951226041995,0.8599421977996826,0.5492202043533325,0.7683056592941284,0.03162413090467453,0.3523506820201874,0.48753830790519714,0.568676233291626,0.8088972568511963,0.9714723825454712,0.9819999989122152,0.7504474565577812
pacing,3,action_space,-1.0,2.0999999046325684,0.0,0.5,1.0,0.11999999731779099,0.0,0.3799999952316284,1.0,0.03999999910593033,ramp_up_trot_robustness,ramp_up,1.0,trotting,1000,0.6728911399841309,0.6728911399841309,0.9402867555618286,0.1921955645084381,0.26061177253723145,0.24426871538162231,1.6389795541763306,0.26061177253723145,0.1066877692937851,0.2638753652572632,0.22655785083770752,0.9310094118118286,1.4914135932922363,0.4517897069454193,0.4106447696685791,0.24426871538162231,0.1535671055316925,0.003894107649102807,0.007017072755843401,0.35148876905441284,0.04321683198213577,170.39328002929688,113.54667663574219,34.2912712097168,66.64537048339844,295.5152587890625,0.0996236801147461,0.04516667500138283,0.5401468873023987,1.6365249156951904,0.8270000219345093,0.018805742263793945,0.02000007964670658,2.1128315925598145,0.5,0.11999969929456711,0.3800007998943329,0.03871633857488632,0.7676913738250732,0.6394133567810059,0.8342958092689514,0.5640207529067993,0.2953823506832123,0.7829785346984863,0.17782416939735413,0.5590835213661194,0.6092058420181274,0.54060959815979,1.0,0.9809775352478027,0.9667129516601562,0.11615362018346786,0.1862766146659851,0.9994000196456909,0.02199999988079071,0.003000000026077032,0.01900000125169754,0.827,0.6531400853517987,1.4067228900576088,0.32663093744130406,0.4759809353721087,1.2212344546778215,0.640815706477751,0.3918763906280812,0.10445659579435952,0.09402871131896973,0.005971686914563179,181.21416580783972,0.8626410961151123,0.5506411194801331,0.8039456605911255,0.02298910543322563,0.4213309586048126,0.4951089024543762,0.6097432374954224,0.797851026058197,0.9667129516601562,0.9809999987483025,0.7693931242594353
pacing,3,action_space,-1.0,2.0999999046325684,0.0,0.5,1.0,0.11999999731779099,1.0,0.3799999952316284,-1.0,-0.03999999910593033,ramp_up_trot_robustness,ramp_up,1.0,trotting,1000,0.660828173160553,0.660828173160553,0.9432445168495178,0.20808449387550354,0.24729442596435547,0.25040197372436523,1.368377923965454,0.24729442596435547,0.093569815158844,0.273428738117218,0.22335228323936462,0.9286565184593201,1.469574213027954,0.482962965965271,0.48701417446136475,0.25040197372436523,0.16990222036838531,0.009634776972234249,0.005573808215558529,0.3587021827697754,0.040611106902360916,166.9263916015625,112.75559997558594,34.42326354980469,66.99215698242188,312.5125427246094,0.09835891425609589,0.04100000113248825,0.574543833732605,1.792887806892395,0.8240000009536743,0.018864888697862625,0.02000007964670658,2.1119160652160645,0.5,0.11999969929456711,0.3800007998943329,-0.038807839155197144,0.7589526772499084,0.6308078765869141,0.7712782025337219,0.5390115976333618,0.29495543241500854,0.7753934264183044,0.22971239686012268,0.5274851322174072,0.6028954982757568,0.5283428430557251,1.0,0.9827068448066711,0.9666892290115356,0.060549236834049225,0.1312042474746704,0.9998000264167786,0.021000001579523087,0.006000000052154064,0.015000000596046448,0.824,0.6972618473386302,1.4750710429297726,0.3058918357178628,0.47260161154969055,1.2122599609934968,0.6978640085728485,0.41219197028615845,0.12332309267851167,0.09432444348931313,0.00567595474421978,176.97043409179275,0.8409722447395325,0.5341858267784119,0.7377341985702515,0.039172738790512085,0.4438706338405609,0.48801732063293457,0.5804458856582642,0.8146473169326782,0.9666892290115356,0.9849999994039536,0.7528118055600387
pacing,3,action_space,-1.0,2.0999999046325684,0.0,0.5,1.0,0.11999999731779099,1.0,0.3799999952316284,0.0,0.0,ramp_up_trot_robustness,ramp_up,1.0,trotting,1000,0.6744688749313354,0.6744688749313354,0.9500657320022583,0.18349093198776245,0.2635188698768616,0.247004434466362,1.289957046508789,0.2635188698768616,0.10546785593032837,0.27544447779655457,0.22738242149353027,0.9113551378250122,1.380288004875183,0.4539906978607178,0.42664211988449097,0.247004434466362,0.14071059226989746,0.0065256329253315926,0.0068237679079174995,0.3568280339241028,0.04495677351951599,172.79141235351562,117.315185546875,34.34722137451172,67.58277130126953,466.1412048339844,0.1007966697216034,0.037999995052814484,0.4753367602825165,1.410805583000183,0.8250000476837158,0.019001314416527748,0.02000007964670658,2.111994504928589,0.5,0.11999969929456711,0.3800007998943329,0.0,0.7755177021026611,0.6200252771377563,0.8034113049507141,0.556435227394104,0.30629611015319824,0.7692692875862122,0.23828795552253723,0.5172253847122192,0.5997442603111267,0.5284551382064819,1.0,0.9827068448066711,0.96959388256073,0.11424389481544495,0.1818840503692627,1.0,0.020000001415610313,0.003000000026077032,0.017000000923871994,0.825,0.5761657344933712,1.3076954246409573,0.32475814990593904,0.4768463290133733,1.1748565890674414,0.653178474755936,0.37511410566639247,0.11553960720570713,0.09500657208263874,0.004993826150894165,181.87311312592936,0.873999297618866,0.5432900786399841,0.7656822800636292,0.033396165817976,0.40692129731178284,0.4898499846458435,0.6521264314651489,0.8269591331481934,0.96959388256073,0.982999999076128,0.7661327324234523
pacing,3,action_space,-1.0,2.0999999046325684,0.0,0.5,1.0,0.11999999731779099,1.0,0.3799999952316284,1.0,0.03999999910593033,ramp_up_trot_robustness,ramp_up,1.0,trotting,1000,0.6713329553604126,0.6713329553604126,0.9334019422531128,0.15229809284210205,0.2558738589286804,0.2395036369562149,1.4348955154418945,0.2558738589286804,0.1008080393075943,0.2611500024795532,0.21556204557418823,0.944225013256073,1.5276598930358887,0.4602087140083313,0.4071517586708069,0.2395036369562149,0.18237462639808655,0.004585057497024536,0.006197913084179163,0.3399425745010376,0.04408706724643707,158.49436950683594,99.57908630371094,34.58856201171875,67.74647521972656,466.3201904296875,0.10011833906173706,0.04450000077486038,0.597812294960022,1.9209002256393433,0.8260000348091125,0.0186680369079113,0.02000007964670658,2.1119155883789062,0.5,0.11999969929456711,0.3800007998943329,0.03880786523222923,0.7991763353347778,0.6615419387817383,0.8363219499588013,0.5414988994598389,0.283877432346344,0.7931896448135376,0.21343949437141418,0.5562635660171509,0.6044646501541138,0.5434731245040894,1.0,0.9827068448066711,0.9666892290115356,0.060549046844244,0.1312030553817749,0.9998000264167786,0.020000001415610313,0.006000000052154064,0.014000000432133675,0.826,0.723743651161471,1.5249737609318792,0.3175028177947312,0.4642865985296024,1.235985393536626,0.6380844447804749,0.42705342335366725,0.10384108330137788,0.0933401845395565,0.006660213693976402,169.80291376322918,0.9113950729370117,0.5634819865226746,0.8060097694396973,0.0317121222615242,0.4140612483024597,0.5066751837730408,0.5591227412223816,0.8005149960517883,0.9666892290115356,0.9859999995678663,0.7807533522255911
pacing,3,action_space,0.0,2.5,0.0,0.5,-1.0,0.08999999612569809,-1.0,0.3400000035762787,-1.0,-0.03999999910593033,ramp_up_trot_robustness,ramp_up,1.0,trotting,1000,0.6849225759506226,0.6849225759506226,0.8879860043525696,0.1428680419921875,0.22668768465518951,0.23435184359550476,1.2015107870101929,0.22668768465518951,0.07968886941671371,0.23138949275016785,0.19587837159633636,0.8628633618354797,1.4470343589782715,0.39407628774642944,0.3435055911540985,0.23435184359550476,0.19983477890491486,0.010548185557126999,0.008193793706595898,0.3387135863304138,0.03631473705172539,156.453125,102.83021545410156,34.03498840332031,65.28343200683594,791.4168701171875,0.08616527915000916,0.051750004291534424,0.4864059388637543,1.3976465463638306,0.9690000414848328,0.017759721726179123,0.02000007964670658,2.5,0.5,0.09085499495267868,0.3411387801170349,-0.03886006027460098,0.8289919495582581,0.686710000038147,0.783282995223999,0.6065378189086914,0.3278825879096985,0.8160585761070251,0.26381850242614746,0.6303501129150391,0.6126154661178589,0.5604339838027954,0.6356872320175171,0.9835715293884277,0.9711142182350159,0.11306742578744888,0.17732462286949158,0.9998000264167786,0.01900000125169754,0.0020000000949949026,0.017000000923871994,0.969,0.5019668878293505,1.200982777977243,0.28229217030713716,0.4425814858264367,1.2029274121817457,0.5860935003513505,0.447028834534099,0.13690134865560272,0.08879860863089561,0.011201789602637291,176.18872846320357,0.9215989708900452,0.5774070024490356,0.6873995661735535,0.061097271740436554,0.48369789123535156,0.5079221129417419,0.6972648501396179,0.7720159888267517,0.9711142182350159,0.982999999076128,0.7797260278692613
pacing,3,action_space,0.0,2.5,0.0,0.5,-1.0,0.08999999612569809,-1.0,0.3400000035762787,0.0,0.0,ramp_up_trot_robustness,ramp_up,1.0,trotting,1000,0.7055373787879944,0.7055373787879944,0.8981577157974243,0.16766072809696198,0.21812716126441956,0.22488440573215485,1.4025371074676514,0.21812716126441956,0.07101305574178696,0.2402174174785614,0.1974664032459259,0.8590543866157532,1.277328372001648,0.4187468886375427,0.38821789622306824,0.22488440573215485,0.13879629969596863,0.005239964462816715,0.0038983558770269156,0.335317462682724,0.04735299572348595,151.93084716796875,101.35308837890625,34.04969024658203,63.97685241699219,293.0069580078125,0.07985270023345947,0.050916675478219986,0.525671124458313,1.4081904888153076,0.971000075340271,0.017963148653507233,0.02000007964670658,2.5,0.5,0.09085455536842346,0.3411383032798767,0.0,0.812843918800354,0.6819104552268982,0.8713945150375366,0.6368203163146973,0.33525940775871277,0.8102295398712158,0.23930761218070984,0.5905333161354065,0.6035687923431396,0.55245041847229,0.635681688785553,0.983571469783783,0.9741725325584412,0.2263912707567215,0.28271669149398804,1.0,0.01900000125169754,0.005000000353902578,0.014000000432133675,0.971,0.5413708986386457,1.2042622681080624,0.26648274942627515,0.44437191995661235,1.1301895292390776,0.6230713411986369,0.3725537541026377,0.09559456229223308,0.08981574326753616,0.010184654965996742,169.15831651357334,0.8936505317687988,0.6030651926994324,0.832962691783905,0.05943938344717026,0.38787972927093506,0.5113837718963623,0.6958912014961243,0.7752394080162048,0.9741725325584412,0.9859999995678663,0.7883364079663386
pacing,3,action_space,0.0,2.5,0.0,0.5,-1.0,0.08999999612569809,-1.0,0.3400000035762787,1.0,0.03999999910593033,ramp_up_trot_robustness,ramp_up,1.0,trotting,1000,0.6935303211212158,0.6935303211212158,0.8842043876647949,0.1649470031261444,0.21163636445999146,0.22612741589546204,1.407151460647583,0.21163636445999146,0.06667104363441467,0.23954646289348602,0.20077915489673615,0.8974208831787109,1.3230403661727905,0.34892916679382324,0.2522386312484741,0.22612741589546204,0.17878280580043793,0.0029514962807297707,0.004109886009246111,0.3278194069862366,0.049484070390462875,152.78460693359375,104.9725570678711,34.55089569091797,64.61666870117188,354.26531982421875,0.08048605173826218,0.04025000333786011,0.3846324384212494,0.8821980357170105,0.9780000448226929,0.017684079706668854,0.02000007964670658,2.5,0.5,0.09085499495267868,0.3411387503147125,0.03886006772518158,0.8164668083190918,0.6943647265434265,0.8997491598129272,0.6304112672805786,0.3385915756225586,0.8165615797042847,0.26829713582992554,0.591876745223999,0.601864218711853,0.5535227060317993,0.6356872320175171,0.9835715293884277,0.9711141586303711,0.11306741088628769,0.17732474207878113,1.0,0.01900000125169754,0.0010000000474974513,0.018000001087784767,0.978,0.39328467870294925,0.9497594131085071,0.25820736556964186,0.448083870382249,1.1502349178201776,0.5022336420914812,0.42282715830518497,0.08403203133315225,0.08842039853334427,0.011579999700188637,172.79331460580238,0.8968828320503235,0.599693775177002,0.8682916164398193,0.06453339755535126,0.37169507145881653,0.5191103219985962,0.7981085181236267,0.8177079558372498,0.9711141586303711,0.9819999989122152,0.7994227668222709
pacing,3,action_space,0.0,2.5,0.0,0.5,-1.0,0.08999999612569809,0.0,0.3799999952316284,-1.0,-0.03999999910593033,ramp_up_trot_robustness,ramp_up,1.0,trotting,1000,0.6967076659202576,0.6967076659202576,0.8718283176422119,0.15726348757743835,0.22595879435539246,0.20946195721626282,1.606488823890686,0.22595879435539246,0.07699162513017654,0.21857428550720215,0.18130594491958618,0.9016587734222412,1.360742449760437,0.39092302322387695,0.29362058639526367,0.20946195721626282,0.12439683079719543,0.00782480277121067,0.00499478867277503,0.32753786444664,0.03787510469555855,145.166748046875,96.430908203125,33.455848693847656,63.98040771484375,495.0911865234375,0.08335980772972107,0.04216667264699936,0.5001558065414429,1.3950269222259521,0.9740000367164612,0.017436567693948746,0.02000007964670658,2.5,0.5,0.0908041000366211,0.3800007998943329,-0.03892798349261284,0.822619616985321,0.6937410235404968,0.8012378215789795,0.5993534326553345,0.3114919662475586,0.8179751634597778,0.21050792932510376,0.6431826949119568,0.5986374616622925,0.55973881483078,0.6350507736206055,0.9844360947608948,0.9755503535270691,0.22497694194316864,0.27741819620132446,0.9998000264167786,0.018000001087784767,0.004999999888241291,0.013000000268220901,0.974,0.5135069422163757,1.1967730634369769,0.2774736476319446,0.4258003580547886,1.1665086582449515,0.5418676834756467,0.35269934901725497,0.11322363465277778,0.08718283846974373,0.012817559763789177,166.5084112425558,0.9058086276054382,0.6448464393615723,0.7738386988639832,0.043010056018829346,0.46883606910705566,0.5194027423858643,0.6990266442298889,0.8099089860916138,0.9755503535270691,0.9869999997317791,0.7939021027623079
pacing,3,action_space,0.0,2.5,0.0,0.5,-1.0,0.08999999612569809,0.0,0.3799999952316284,0.0,0.0,ramp_up_trot_robustness,ramp_up,1.0,trotting,1000,0.736655056476593,0.736655056476593,0.8863481283187866,0.18273745477199554,0.2408384382724762,0.22405673563480377,1.551447868347168,0.2408384382724762,0.0876421332359314,0.24806897342205048,0.19999173283576965,1.0328271389007568,1.7807576656341553,0.3717995584011078,0.28333088755607605,0.22405673563480377,0.13321435451507568,0.0037030568346381187,0.005100742448121309,0.3470563292503357,0.05879020318388939,162.11532592773438,114.76266479492188,34.36271667480469,64.55458068847656,472.09027099609375,0.08348407596349716,0.03941667079925537,0.5077329874038696,1.4109543561935425,0.971000075340271,0.01772696152329445,0.02000007964670658,2.5,0.5,0.09088445454835892,0.3800007998943329,0.0,0.7888747453689575,0.6623106002807617,0.8660433292388916,0.6306363344192505,0.3093341588973999,0.8016178607940674,0.21530091762542725,0.5666670203208923,0.5969772338867188,0.5389223098754883,0.6360554099082947,0.9827067852020264,0.9763814210891724,0.4709845185279846,0.5098445415496826,0.9995999932289124,0.01900000125169754,0.0020000000949949026,0.017000000923871994,0.971,0.522896983719265,1.2054435174841744,0.296044140688397,0.44720435243383944,1.3344503234044178,0.5322883500097255,0.364985416852613,0.09382856325639559,0.08863480761647224,0.011365590617060661,182.902542181967,0.8749645352363586,0.6053102016448975,0.8385542631149292,0.036725256592035294,0.3085707724094391,0.4995175004005432,0.6953961849212646,0.8211221694946289,0.9763814210891724,0.982999999076128,0.7727535208448386
pacing,3,action_space,0.0,2.5,0.0,0.5,-1.0,0.08999999612569809,0.0,0.3799999952316284,1.0,0.03999999910593033,ramp_up_trot_robustness,ramp_up,1.0,trotting,1000,0.7070114612579346,0.7070114612579346,0.901211142539978,0.17153123021125793,0.22043567895889282,0.18711787462234497,1.4082002639770508,0.22043567895889282,0.0745583027601242,0.23930750787258148,0.18673279881477356,0.9370293617248535,1.412007212638855,0.39452213048934937,0.33756697177886963,0.18711787462234497,0.09732694923877716,0.003479041624814272,0.004488571081310511,0.3357210159301758,0.044126689434051514,141.89639282226562,98.37521362304688,35.04724884033203,66.23869323730469,357.9101257324219,0.0862157866358757,0.014333333820104599,0.2349814772605896,0.5240029096603394,0.9740000367164612,0.018024228513240814,0.02000007964670658,2.5,0.5,0.09080997854471207,0.3800007998943329,0.03892010077834129,0.8041071891784668,0.7101092338562012,0.8824586272239685,0.6110280752182007,0.30489787459373474,0.8315138220787048,0.2488943636417389,0.5602400898933411,0.6029531955718994,0.5368547439575195,0.6351244449615479,0.9844361543655396,0.9755317568778992,0.22511060535907745,0.2785212993621826,1.0,0.018000001087784767,0.0,0.018000001087784767,0.974,0.2412540506288501,0.7334784847316029,0.27305366278466986,0.43212590620648234,1.1882790971143333,0.5810051392017713,0.31197267386548,0.08926148500963213,0.09012114256620407,0.009879255667328835,157.45077498969232,0.8889699578285217,0.7045958042144775,0.8526959419250488,0.05505809560418129,0.41373327374458313,0.510971188545227,0.8741549253463745,0.9308411478996277,0.9755317568778992,0.9819999989122152,0.8082674901263837
pacing,3,action_space,0.0,2.5,0.0,0.5,-1.0,0.08999999612569809,1.0,0.3799999952316284,-1.0,-0.03999999910593033,ramp_up_trot_robustness,ramp_up,1.0,trotting,1000,0.6755130290985107,0.6755130290985107,0.902998685836792,0.16831445693969727,0.24042825400829315,0.23617857694625854,1.5462701320648193,0.24042825400829315,0.089515320956707,0.24994111061096191,0.20732775330543518,0.9658622741699219,1.6325938701629639,0.4058007001876831,0.35560503602027893,0.23617857694625854,0.14459142088890076,0.0073212310671806335,0.005771638359874487,0.35288339853286743,0.05628040060400963,162.93331909179688,112.349365234375,35.604129791259766,64.54988861083984,545.2652587890625,0.08233831822872162,0.05750000849366188,0.592901349067688,1.444260597229004,0.972000002861023,0.018059972673654556,0.02000007964670658,2.5,0.5,0.09084529429674149,0.3800007998943329,-0.03887300193309784,0.7959847450256348,0.6731353998184204,0.8059650659561157,0.6004965901374817,0.29446113109588623,0.8084158301353455,0.21593648195266724,0.5762134790420532,0.5941345691680908,0.5265586376190186,0.6355658769607544,0.9835715293884277,0.9711905717849731,0.1129031777381897,0.17549549043178558,0.9998000264167786,0.01900000125169754,0.003000000026077032,0.01600000075995922,0.972,0.6099807048530735,1.2189605553550573,0.2991911110924036,0.4553325743952822,1.277729967623427,0.5963262831875508,0.38025178617450406,0.1144240771300128,0.09029986336827278,0.009700534865260124,180.4358319091125,0.892865777015686,0.5724652409553528,0.7696207761764526,0.03555848449468613,0.3244551420211792,0.493729829788208,0.6897222995758057,0.7501365542411804,0.9711905717849731,0.9839999992400408,0.7651915898880898
pacing,3,action_space,0.0,2.5,0.0,0.5,-1.0,0.08999999612569809,1.0,0.3799999952316284,0.0,0.0,ramp_up_trot_robustness,ramp_up,1.0,trotting,1000,0.7113487124443054,0.7113487124443054,0.902039647102356,0.14774739742279053,0.2221798300743103,0.20593306422233582,1.1145449876785278,0.2221798300743103,0.07405877113342285,0.23813550174236298,0.19154247641563416,0.9123087525367737,1.5698843002319336,0.3990508019924164,0.37045395374298096,0.20593306422233582,0.12505383789539337,0.004595362115651369,0.004940657876431942,0.3204929232597351,0.0413021482527256,143.87142944335938,91.96041870117188,35.08043670654297,66.10686492919922,441.9385070800781,0.0840945690870285,0.0442500002682209,0.6008896827697754,1.6211501359939575,0.9790000915527344,0.018040787428617477,0.02000007964670658,2.5,0.5,0.09087175130844116,0.3800007998943329,0.0,0.8215956687927246,0.6927130222320557,0.8546701669692993,0.6171629428863525,0.3204209506511688,0.8205942511558533,0.28918275237083435,0.5958840847015381,0.6132680177688599,0.5582525730133057,0.635896623134613,0.9827068448066711,0.9731791019439697,0.2269458770751953,0.28338685631752014,1.0,0.020000001415610313,0.0060000005178153515,0.014000000432133675,0.979,0.6137790075970377,1.2868273241940886,0.2721374122266596,0.4376556596408119,1.2529502385298203,0.6086492863242189,0.353629520678624,0.09765254728927102,0.09020393714308739,0.009796461090445518,159.4956828178463,0.9163863658905029,0.6543687582015991,0.8263636231422424,0.07459212839603424,0.43777817487716675,0.5267728567123413,0.6610134243965149,0.8015162944793701,0.9731791019439697,0.9859999995678663,0.8003001322922034
pacing,3,action_space,0.0,2.5,0.0,0.5,-1.0,0.08999999612569809,1.0,0.3799999952316284,1.0,0.03999999910593033,ramp_up_trot_robustness,ramp_up,1.0,trotting,1000,0.6947504281997681,0.6947504281997681,0.8938053846359253,0.15308170020580292,0.2261311113834381,0.22452205419540405,1.1493422985076904,0.2261311113834381,0.07548783719539642,0.2485850304365158,0.18896764516830444,0.8477187156677246,1.200061321258545,0.39027148485183716,0.37087517976760864,0.22452205419540405,0.16348767280578613,0.0025451197288930416,0.004421111196279526,0.3255724012851715,0.038477785885334015,142.71524047851562,91.0506591796875,34.57414245605469,65.45223999023438,299.50579833984375,0.08330138027667999,0.04058333486318588,0.4841304421424866,1.2693921327590942,0.9760000705718994,0.01787611097097397,0.02000007964670658,2.5,0.5,0.09081000834703445,0.3800007998943329,0.03892003744840622,0.8219336271286011,0.6948828101158142,0.8880597352981567,0.615597128868103,0.3172462582588196,0.817137598991394,0.2813953161239624,0.552207350730896,0.607434868812561,0.5513767600059509,0.6351248621940613,0.9844361543655396,0.9726344347000122,0.11189128458499908,0.1727675497531891,1.0,0.018000001087784767,0.004000000189989805,0.014000000432133675,0.976,0.49603527882060067,1.1404414274438086,0.27475049990017564,0.4347040892012686,1.095473103849905,0.6089952214653319,0.40433608892329426,0.0834639498536498,0.08938055485486984,0.010619843378663063,159.67149329341754,0.9105230569839478,0.6040480732917786,0.8699455857276917,0.07001126557588577,0.4632188379764557,0.5214484930038452,0.7224177718162537,0.8163462281227112,0.9726344347000122,0.9859999995678663,0.8114719454867718
pacing,3,action_space,0.0,2.5,0.0,0.5,0.0,0.11999999731779099,-1.0,0.3400000035762787,-1.0,-0.03999999910593033,ramp_up_trot_robustness,ramp_up,1.0,trotting,1000,0.7033116817474365,0.7033116817474365,0.9149246215820312,0.1367397904396057,0.2196471244096756,0.2004128098487854,1.5702974796295166,0.2196471244096756,0.07679480314254761,0.22532406449317932,0.18281298875808716,0.9456521272659302,1.5160081386566162,0.39519819617271423,0.3431727886199951,0.2004128098487854,0.11505855619907379,0.0075269644148647785,0.004509676247835159,0.3365249037742615,0.0391993522644043,170.76162719726562,116.40312957763672,34.96951675415039,66.4090576171875,190.49795532226562,0.09168300032615662,0.04733333736658096,0.6913577318191528,2.010746955871582,0.971000075340271,0.01829848438501358,0.02000007964670658,2.5,0.5,0.11999969929456711,0.34107881784439087,-0.03892005234956741,0.8315726518630981,0.7070842981338501,0.8154300451278687,0.620673418045044,0.31602683663368225,0.8244489431381226,0.21655818819999695,0.6321505308151245,0.620547890663147,0.5493060350418091,1.0,0.9844361543655396,0.975531816482544,0.22511136531829834,0.2785264849662781,1.0,0.018000001087784767,0.0020000000949949026,0.01600000075995922,0.971,0.7120058352375128,1.4390274587211764,0.2771187527803696,0.42756635597072784,1.2312628227379467,0.5858095156448,0.33920282457413853,0.10971162501166382,0.0914924219250679,0.008507976308465004,186.64010473561763,0.9279373288154602,0.6692129969596863,0.7860516309738159,0.04477104917168617,0.4565819799900055,0.5101503133773804,0.5958895087242126,0.7892543077468872,0.975531816482544,0.9839999992400408,0.7930420206334347
pacing,3,action_space,0.0,2.5,0.0,0.5,0.0,0.11999999731779099,-1.0,0.3400000035762787,0.0,0.0,ramp_up_trot_robustness,ramp_up,1.0,trotting,1000,0.744127631187439,0.744127631187439,0.9013637900352478,0.18165525794029236,0.22219014167785645,0.2326832115650177,1.3745064735412598,0.22219014167785645,0.07515809684991837,0.2451118528842926,0.20080703496932983,0.7893869876861572,1.0930325984954834,0.3767196536064148,0.33164849877357483,0.2326832115650177,0.1283959597349167,0.004561133217066526,0.004345711320638657,0.33422476053237915,0.04270005226135254,164.25491333007812,113.79481506347656,34.05156707763672,65.584228515625,508.4813232421875,0.09263154119253159,0.03541666641831398,0.4560966491699219,1.230952262878418,0.9700000286102295,0.018027279525995255,0.02000007964670658,2.5,0.5,0.11999969929456711,0.3411988615989685,0.0,0.8015836477279663,0.6548480987548828,0.868759274482727,0.6379553079605103,0.32365232706069946,0.7906676530838013,0.2548536956310272,0.5849756002426147,0.6111544370651245,0.5443671941757202,1.0,0.9827068448066711,0.976346492767334,0.471363365650177,0.5122978687286377,1.0,0.020000001415610313,0.004000000189989805,0.01600000075995922,0.97,0.4702026996415915,1.126509135977477,0.2741497708368883,0.44811497963059643,1.0454819933865354,0.575889311216639,0.35832381965886206,0.09437608032602955,0.09013639762997627,0.009864000603556633,182.22932310566296,0.8763458132743835,0.5819243788719177,0.8368278741836548,0.056265801191329956,0.42570823431015015,0.5125026106834412,0.7281445264816284,0.8377099633216858,0.976346492767334,0.9839999992400408,0.7902705162190474
pacing,3,action_space,0.0,2.5,0.0,0.5,0.0,0.11999999731779099,-1.0,0.3400000035762787,1.0,0.03999999910593033,ramp_up_trot_robustness,ramp_up,1.0,trotting,1000,0.7117910981178284,0.7117910981178284,0.9190137386322021,0.17029345035552979,0.20980551838874817,0.20183049142360687,1.382842779159546,0.20980551838874817,0.06682708859443665,0.25199344754219055,0.20781496167182922,0.9560085535049438,1.5232884883880615,0.35992759466171265,0.2764716148376465,0.20183049142360687,0.13078655302524567,0.0026275119744241238,0.004189637023955584,0.3420822024345398,0.040795858949422836,166.0738525390625,116.64351654052734,34.61541748046875,65.88983154296875,485.6603698730469,0.09006156027317047,0.049916669726371765,0.5317851305007935,1.5551567077636719,0.972000002861023,0.01838027499616146,0.02000007964670658,2.5,0.5,0.11999969929456711,0.34113818407058716,0.03886067122220993,0.812615156173706,0.7224588394165039,0.8954488039016724,0.6549630165100098,0.3137727975845337,0.8395946025848389,0.2681909203529358,0.5663286447525024,0.603150486946106,0.5376555919647217,1.0,0.983571469783783,0.9741725921630859,0.2263912856578827,0.28271663188934326,1.0,0.018000001087784767,0.004000000189989805,0.014000000432133675,0.972,0.5471040074226787,1.2648934209933096,0.25850935881402176,0.45586726321576243,1.23421573818683,0.5258056816330977,0.36164423543759916,0.08256602811313929,0.0919013749808073,0.008099023252725601,180.70878111815344,0.8904757499694824,0.6654075980186462,0.8725433349609375,0.0659153014421463,0.44223353266716003,0.5045115947723389,0.6703275442123413,0.7791253328323364,0.9741725921630859,0.9859999995678663,0.8018254755208125
pacing,3,action_space,0.0,2.5,0.0,0.5,0.0,0.11999999731779099,0.0,0.3799999952316284,-1.0,-0.03999999910593033,ramp_up_trot_robustness,ramp_up,1.0,trotting,1000,0.741478443145752,0.741478443145752,0.896124541759491,0.1628827005624771,0.22351336479187012,0.21262334287166595,1.350066900253296,0.22351336479187012,0.07540641725063324,0.23966875672340393,0.20661798119544983,0.9487342238426208,1.4874498844146729,0.4072578549385071,0.3456338346004486,0.21262334287166595,0.12335129827260971,0.0071437847800552845,0.004360510967671871,0.34582486748695374,0.042015835642814636,162.7154083251953,109.070556640625,34.3833122253418,65.39189147949219,508.4914245605469,0.09463278949260712,0.040166668593883514,0.6972514390945435,2.1442770957946777,0.974000096321106,0.017922498285770416,0.02000007964670658,2.5,0.5,0.11999969929456711,0.3800007998943329,-0.03886784613132477,0.8148770332336426,0.7007161378860474,0.8158024549484253,0.6071484088897705,0.30784639716148376,0.8241980671882629,0.24508941173553467,0.6048095226287842,0.6141454577445984,0.5417029857635498,1.0,0.9835715293884277,0.9775383472442627,0.4701206684112549,0.5081925988197327,0.9998000264167786,0.01900000125169754,0.003000000026077032,0.01600000075995922,0.974,0.7158639269443019,1.4837507468289104,0.2746022892305038,0.4545525065330185,1.219610546205088,0.5879063144757408,0.3512140348457187,0.10725808010461102,0.08961249142885208,0.010387906804680824,181.57677950177842,0.8993139266967773,0.6362988948822021,0.7944653630256653,0.05737220495939255,0.4315738081932068,0.5007492899894714,0.5767311453819275,0.8180487751960754,0.9775383472442627,0.9839999992400408,0.7807894850579592
pacing,3,action_space,0.0,2.5,0.0,0.5,0.0,0.11999999731779099,0.0,0.3799999952316284,0.0,0.0,ramp_up_trot_robustness,ramp_up,1.0,trotting,1000,0.8363417387008667,0.8363417387008667,0.9166369438171387,0.1506880521774292,0.20736141502857208,0.1946844756603241,1.2177627086639404,0.20736141502857208,0.06351877003908157,0.23805773258209229,0.19191893935203552,0.9557046890258789,1.5334789752960205,0.380743145942688,0.30359333753585815,0.1946844756603241,0.13317948579788208,0.0037862244062125683,0.003677645232528448,0.33601218461990356,0.03739679232239723,156.5945587158203,105.74640655517578,34.556373596191406,65.42418670654297,224.34310913085938,0.09273351728916168,0.05783333629369736,0.6403977870941162,1.8956995010375977,0.9720000624656677,0.018332744017243385,0.02000007964670658,2.5,0.5,0.11999969929456711,0.3800007998943329,0.0,0.8285888433456421,0.7240654230117798,0.8829131126403809,0.6417447328567505,0.3189771771430969,0.8422133326530457,0.27690672874450684,0.575019359588623,0.6149601936340332,0.551673173904419,1.0,0.9844361543655396,0.9822114706039429,1.0,1.0,0.9998000264167786,0.018000001087784767,0.003000000026077032,0.015000000596046448,0.972,0.6588454383881495,1.3965343137186594,0.2520293039292883,0.43808553885289975,1.2383371815850561,0.5509930467218784,0.36493764645194127,0.08639368980857928,0.09166372008621693,0.008336678147315979,170.83596703370446,0.9131751656532288,0.6845316290855408,0.8613301515579224,0.0830644741654396,0.4733425974845886,0.5106737613677979,0.6141125559806824,0.7488873600959778,0.9822114706039429,0.9849999994039536,0.8069711747841958
pacing,3,action_space,0.0,2.5,0.0,0.5,0.0,0.11999999731779099,0.0,0.3799999952316284,1.0,0.03999999910593033,ramp_up_trot_robustness,ramp_up,1.0,trotting,1000,0.7446656227111816,0.7446656227111816,0.911935567855835,0.1640724539756775,0.22373175621032715,0.19573374092578888,1.3993980884552002,0.22373175621032715,0.07431720197200775,0.24123191833496094,0.19088664650917053,0.9550948143005371,1.50631582736969,0.3781697452068329,0.29445940256118774,0.19573374092578888,0.13346239924430847,0.0033806180581450462,0.004667473025619984,0.33579492568969727,0.039149899035692215,147.1627197265625,100.1603775024414,33.734954833984375,65.14768981933594,563.1897583007812,0.09551268815994263,0.021666666492819786,0.2979034185409546,0.792589545249939,0.972000002861023,0.01823870837688446,0.02000007964670658,2.5,0.5,0.11999969929456711,0.3800007998943329,0.03892003744840622,0.8125296831130981,0.7160773277282715,0.8781962394714355,0.6195918321609497,0.30839741230010986,0.8320578336715698,0.2312142550945282,0.5706194639205933,0.6033927202224731,0.5356531143188477,1.0,0.9844361543655396,0.9787117838859558,0.4691604673862457,0.5060045719146729,1.0,0.018000001087784767,0.0020000000949949026,0.01600000075995922,0.972,0.30648499163089954,0.9030068305288208,0.27261181553998676,0.43690576387725827,1.2273205886685394,0.542641136075388,0.36532505969931556,0.08971115361963099,0.0911935418844223,0.008806856349110603,161.37403223845635,0.8979157209396362,0.6817331314086914,0.8513245582580566,0.05581334978342056,0.45703378319740295,0.5108956694602966,0.8155803680419922,0.8973284363746643,0.9787117838859558,0.9839999992400408,0.8117393756715152
pacing,3,action_space,0.0,2.5,0.0,0.5,0.0,0.11999999731779099,1.0,0.3799999952316284,-1.0,-0.03999999910593033,ramp_up_trot_robustness,ramp_up,1.0,trotting,1000,0.7018114328384399,0.7018114328384399,0.9076522588729858,0.15516816079616547,0.2194136530160904,0.21228301525115967,1.5012935400009155,0.2194136530160904,0.07477336376905441,0.23127000033855438,0.19953441619873047,0.897179126739502,1.4816943407058716,0.4146001935005188,0.352516233921051,0.21228301525115967,0.11215486377477646,0.008119694888591766,0.004938251338899136,0.3385174572467804,0.044176846742630005,152.01956176757812,96.35826110839844,34.89048767089844,64.97679901123047,275.3008117675781,0.09220236539840698,0.07041667401790619,0.7907512187957764,2.3864123821258545,0.9690001010894775,0.018153052777051926,0.02000007964670658,2.5,0.5,0.11999969929456711,0.3800007998943329,-0.038862116634845734,0.8200101256370544,0.69420325756073,0.8037441968917847,0.6046178340911865,0.3148941397666931,0.8195430040359497,0.23817282915115356,0.6291651725769043,0.6138008832931519,0.5446595549583435,1.0,0.9835715293884277,0.9741733074188232,0.2263677567243576,0.2825489640235901,1.0,0.01900000125169754,0.006000000052154064,0.013000000268220901,0.969,0.8160486683879966,1.5693175570337068,0.2734471864347015,0.4466927536895248,1.2172486766087987,0.5937307756222941,0.334895302706348,0.11427137098806027,0.09076526388525963,0.009235134348273277,167.48656799062877,0.9081836938858032,0.6372196674346924,0.7701585292816162,0.04994859918951988,0.4133184552192688,0.5081213712692261,0.5402683019638062,0.7032214999198914,0.9741733074188232,0.9869999997317791,0.7753949560798132
pacing,3,action_space,0.0,2.5,0.0,0.5,0.0,0.11999999731779099,1.0,0.3799999952316284,0.0,0.0,ramp_up_trot_robustness,ramp_up,1.0,trotting,1000,0.73670893907547,0.73670893907547,0.8971205949783325,0.1690114140510559,0.23618704080581665,0.20112505555152893,1.7414815425872803,0.23618704080581665,0.08061898499727249,0.24360337853431702,0.20420372486114502,0.9714785814285278,1.5021958351135254,0.38699251413345337,0.33862072229385376,0.20112505555152893,0.10197319090366364,0.003975941799581051,0.004794670734554529,0.3409760296344757,0.041252948343753815,160.56808471679688,113.46446990966797,34.264774322509766,65.64623260498047,436.3940124511719,0.09462235867977142,0.03058333322405815,0.3802502155303955,0.9216908812522888,0.9700000286102295,0.017942415550351143,0.02000007964670658,2.5,0.5,0.11999969929456711,0.3800007998943329,0.0,0.8011555671691895,0.7021762132644653,0.8639366030693054,0.6310496926307678,0.2970176935195923,0.8288750648498535,0.17998236417770386,0.5824162364006042,0.6044631004333496,0.5289338827133179,1.0,0.9827068448066711,0.976588785648346,0.47021710872650146,0.5067105293273926,0.9996000528335571,0.020000001415610313,0.0020000000949949026,0.018000001087784767,0.97,0.392010498046875,0.9747803325890981,0.2839348252632503,0.451889062559767,1.225640989488164,0.5819112666840657,0.3193324144268221,0.09365154848765492,0.08971207775175571,0.010288320481777191,178.9816058349156,0.8920264840126038,0.6673017740249634,0.8391110301017761,0.03494914248585701,0.4382091760635376,0.5056290030479431,0.7885581254959106,0.8582012057304382,0.976588785648346,0.9819999989122152,0.8024185360051118
pacing,3,action_space,0.0,2.5,0.0,0.5,0.0,0.11999999731779099,1.0,0.3799999952316284,1.0,0.03999999910593033,ramp_up_trot_robustness,ramp_up,1.0,trotting,1000,0.7099236249923706,0.7099236249923706,0.8950090408325195,0.1476762592792511,0.2268870621919632,0.22832465171813965,1.4616637229919434,0.2268870621919632,0.07889895886182785,0.24610865116119385,0.20459750294685364,0.9698077440261841,1.6050019264221191,0.4001423716545105,0.37535399198532104,0.22832465171813965,0.17545925080776215,0.0030125807970762253,0.0051546115428209305,0.3285275101661682,0.03956432640552521,158.53604125976562,104.55296325683594,33.75820541381836,65.02438354492188,415.83544921875,0.09483157098293304,0.040166668593883514,0.4960729479789734,1.5658197402954102,0.9690000414848328,0.01790018193423748,0.02000007964670658,2.5,0.5,0.11999969929456711,0.3800007998943329,0.03882598131895065,0.8220993876457214,0.6949291229248047,0.8842957019805908,0.6329841613769531,0.3167189359664917,0.8139446377754211,0.23583178222179413,0.5816564559936523,0.6182885766029358,0.5512248277664185,1.0,0.9827068448066711,0.972915530204773,0.22723481059074402,0.2833150625228882,0.9998000264167786,0.020000001415610313,0.003000000026077032,0.017000000923871994,0.969,0.5119431754506901,1.2711856195448368,0.28088958482262716,0.452324554879407,1.2668867062299294,0.6126614007633588,0.4188785633184899,0.09037251982708658,0.0895009096711874,0.010499488562345505,177.13345231942972,0.9164634346961975,0.59373539686203,0.8492991328239441,0.04785197973251343,0.45326128602027893,0.5183756947517395,0.6676586866378784,0.8180487751960754,0.972915530204773,0.982999999076128,0.8031002972752619
pacing,3,action_space,0.0,2.5,0.0,0.5,1.0,0.11999999731779099,-1.0,0.3400000035762787,-1.0,-0.03999999910593033,ramp_up_trot_robustness,ramp_up,1.0,trotting,1000,0.6795884370803833,0.6795884370803833,0.8990868926048279,0.16950523853302002,0.23769259452819824,0.21257567405700684,1.4570181369781494,0.23769259452819824,0.08651595562696457,0.2483913004398346,0.21586468815803528,0.9296133518218994,1.4634698629379272,0.394877552986145,0.33309733867645264,0.21257567405700684,0.10951937735080719,0.007508688140660524,0.005658878944814205,0.35626643896102905,0.046860069036483765,174.9963836669922,120.59939575195312,33.84156036376953,65.07820129394531,263.7204895019531,0.09169283509254456,0.06533333659172058,0.6923755407333374,1.9657920598983765,0.9730000495910645,0.01798173598945141,0.02000007964670658,2.5,0.5,0.11999969929456711,0.34126198291778564,-0.03873678669333458,0.800211489200592,0.6965564489364624,0.8033359050750732,0.6346415281295776,0.3176615238189697,0.8192752599716187,0.22437524795532227,0.5984444618225098,0.6061631441116333,0.5389684438705444,1.0,0.9809775352478027,0.9671817421913147,0.11575338244438171,0.184556782245636,0.9996000528335571,0.02200000174343586,0.006000000052154064,0.01600000075995922,0.973,0.7115883743897738,1.4213870706865177,0.2941359475259095,0.4646124063755027,1.209739584761087,0.5771458556348236,0.3309371199349012,0.11475001998028031,0.08990867994725704,0.010091718286275864,194.63789885757757,0.8914302587509155,0.6364278793334961,0.7684718370437622,0.041281651705503464,0.39172258973121643,0.490400493144989,0.6034541130065918,0.7213241457939148,0.9671817421913147,0.9839999992400408,0.7699153068929148
pacing,3,action_space,0.0,2.5,0.0,0.5,1.0,0.11999999731779099,-1.0,0.3400000035762787,0.0,0.0,ramp_up_trot_robustness,ramp_up,1.0,trotting,1000,0.7129387259483337,0.7129387259483337,0.8775430917739868,0.16026781499385834,0.22249232232570648,0.1973324716091156,1.2047333717346191,0.22249232232570648,0.07687774300575256,0.23303332924842834,0.1920330822467804,0.8835525512695312,1.2776700258255005,0.4072912633419037,0.3718882203102112,0.1973324716091156,0.09884219616651535,0.004991560243070126,0.004584801383316517,0.32943522930145264,0.040895067155361176,150.69659423828125,96.9367446899414,34.620811462402344,65.56320190429688,410.2588806152344,0.09128120541572571,0.05583333596587181,0.6409201622009277,1.8287153244018555,0.9720000624656677,0.01755085587501526,0.02000007964670658,2.5,0.5,0.11999969929456711,0.34113097190856934,0.0,0.8253682851791382,0.719723105430603,0.8681574463844299,0.6221529245376587,0.3083481788635254,0.841597318649292,0.27480950951576233,0.6029043197631836,0.6162830591201782,0.5582225322723389,1.0,0.9835715293884277,0.9741910696029663,0.2262687385082245,0.2816896438598633,0.9998000264167786,0.01900000125169754,0.004000000189989805,0.015000000596046448,0.972,0.6593828868473508,1.3716392561205755,0.2772683591861007,0.43821579415486656,1.130340668040171,0.609826385383751,0.31439178768936593,0.0978588862923886,0.0877542793750763,0.012246118858456612,171.72557752536383,0.9023587703704834,0.6774625182151794,0.825697124004364,0.06442277133464813,0.44135692715644836,0.5174354910850525,0.6247844696044922,0.7564138174057007,0.9741910696029663,0.9849999994039536,0.7946336827217004
pacing,3,action_space,0.0,2.5,0.0,0.5,1.0,0.11999999731779099,-1.0,0.3400000035762787,1.0,0.03999999910593033,ramp_up_trot_robustness,ramp_up,1.0,trotting,1000,0.6881160140037537,0.6881160140037537,0.9049215316772461,0.17840304970741272,0.21377643942832947,0.20703423023223877,1.297750473022461,0.21377643942832947,0.06649264693260193,0.25460439920425415,0.2126142829656601,0.8809568881988525,1.3463289737701416,0.3762534260749817,0.36712366342544556,0.20703423023223877,0.13186754286289215,0.00410444475710392,0.00452932994812727,0.34116166830062866,0.044541604816913605,147.42019653320312,102.23523712158203,34.473854064941406,65.27384948730469,365.96771240234375,0.09086735546588898,0.02550000138580799,0.3220382332801819,0.8003230094909668,0.9740000367164612,0.01809842884540558,0.02000007964670658,2.5,0.5,0.11999969929456711,0.3411909341812134,0.038807906210422516,0.8010095357894897,0.7046763896942139,0.8756805062294006,0.6287375688552856,0.30575478076934814,0.8230735063552856,0.2618259787559509,0.5558159947395325,0.5922848582267761,0.5270611047744751,1.0,0.9827068448066711,0.9696217775344849,0.11415024101734161,0.18091389536857605,0.9998000264167786,0.020000001415610313,0.003000000026077032,0.017000000923871994,0.974,0.3306347104803003,0.9064694113132161,0.25786168178425023,0.46110116348330776,1.160314170287574,0.605907305968038,0.3631357086033982,0.09291810752071519,0.0904921442270279,0.009508254006505013,162.9093698985856,0.8804601430892944,0.6513997912406921,0.8414106369018555,0.07225140184164047,0.4103142023086548,0.5054413080215454,0.8143038749694824,0.8802934288978577,0.9696217775344849,0.982999999076128,0.7975700048682017
pacing,3,action_space,0.0,2.5,0.0,0.5,1.0,0.11999999731779099,0.0,0.3799999952316284,-1.0,-0.03999999910593033,ramp_up_trot_robustness,ramp_up,1.0,trotting,1000,0.6984909772872925,0.6984909772872925,0.9053978323936462,0.16263443231582642,0.23186662793159485,0.2354271113872528,1.4040976762771606,0.23186662793159485,0.08144094049930573,0.23427104949951172,0.19418594241142273,1.0263434648513794,1.80744206905365,0.39572376012802124,0.352083683013916,0.2354271113872528,0.1706364005804062,0.007439573295414448,0.004946480505168438,0.3429417014122009,0.03832150250673294,167.26519775390625,113.01422119140625,34.509735107421875,66.06393432617188,254.18922424316406,0.09376853704452515,0.05116666853427887,0.5813530087471008,1.7225186824798584,0.971000075340271,0.018107950687408447,0.02000007964670658,2.5,0.5,0.11999969929456711,0.3800007998943329,-0.038920044898986816,0.8098033666610718,0.6779810786247253,0.8086978197097778,0.6307620406150818,0.3001306653022766,0.8010791540145874,0.22526073455810547,0.6057652831077576,0.6101025342941284,0.5422629117965698,1.0,0.9844361543655396,0.975531816482544,0.22511135041713715,0.2785264551639557,1.0,0.018000001087784767,0.003000000026077032,0.015000000596046448,0.971,0.5987157222539585,1.3319022096511572,0.28537859152239453,0.4406653406060235,1.3444114210514764,0.5933663986222307,0.4130815907062504,0.11129264935557463,0.09053975343704224,0.00946064479649067,184.74221140081454,0.8996046781539917,0.574497640132904,0.7805776596069336,0.04817492887377739,0.46466895937919617,0.503645122051239,0.6417921185493469,0.7742710113525391,0.975531816482544,0.9849999994039536,0.7848871105756515
pacing,3,action_space,0.0,2.5,0.0,0.5,1.0,0.11999999731779099,0.0,0.3799999952316284,0.0,0.0,ramp_up_trot_robustness,ramp_up,1.0,trotting,1000,0.7426029443740845,0.7426029443740845,0.9200235605239868,0.16422799229621887,0.2192850410938263,0.22145843505859375,1.5319488048553467,0.2192850410938263,0.06998302042484283,0.23540019989013672,0.19062992930412292,0.9398999214172363,1.5646896362304688,0.3834511339664459,0.3522731065750122,0.22145843505859375,0.15399935841560364,0.003985139075666666,0.004449635278433561,0.3435405492782593,0.04553872346878052,171.53402709960938,118.72647094726562,34.0289306640625,65.66935729980469,420.8266296386719,0.09129000455141068,0.03616666793823242,0.5330770015716553,1.6080065965652466,0.9670000076293945,0.01840047538280487,0.02000007964670658,2.5,0.5,0.11999969929456711,0.3800007998943329,0.0,0.8111895322799683,0.6732310652732849,0.871170163154602,0.6373941898345947,0.3144277334213257,0.8057588338851929,0.2267095148563385,0.598635196685791,0.6081241369247437,0.5416195392608643,1.0,0.9844361543655396,0.9787118434906006,0.4691603183746338,0.5060045719146729,1.0,0.018000001087784767,0.004000000189989805,0.014000000432133675,0.967,0.5512688369514284,1.2895276993860356,0.2645430407794596,0.4366118749004921,1.2508755478585665,0.593525994860387,0.39242751995190606,0.09184102761892544,0.09200237691402435,0.007998021319508553,186.4452547301229,0.8977323174476624,0.6123579144477844,0.8447661399841309,0.05331118404865265,0.40221258997917175,0.5030422806739807,0.6598647236824036,0.8345744609832764,0.9787118434906006,0.9859999995678663,0.7907455031497356
pacing,3,action_space,0.0,2.5,0.0,0.5,1.0,0.11999999731779099,0.0,0.3799999952316284,1.0,0.03999999910593033,ramp_up_trot_robustness,ramp_up,1.0,trotting,1000,0.7111324071884155,0.7111324071884155,0.8988056182861328,0.16387023031711578,0.22962608933448792,0.19804289937019348,1.4712412357330322,0.22962608933448792,0.08159688115119934,0.25074198842048645,0.21650591492652893,0.9919416904449463,1.7071006298065186,0.4008268117904663,0.36935925483703613,0.19804289937019348,0.10589031875133514,0.002864592708647251,0.004939576610922813,0.3441554307937622,0.036933377385139465,169.7414093017578,118.83116912841797,33.66698455810547,65.09782409667969,395.9103698730469,0.09369153529405594,0.040416669100522995,0.6162248849868774,1.7519757747650146,0.9690000414848328,0.01797610893845558,0.02000007964670658,2.5,0.5,0.11999969929456711,0.3800007998943329,0.03873780742287636,0.8135291337966919,0.7075859308242798,0.8875802159309387,0.6182477474212646,0.3104538917541504,0.8298554420471191,0.24220041930675507,0.5739470720291138,0.6220173835754395,0.5423552989959717,1.0,0.9809775352478027,0.9705296754837036,0.22917604446411133,0.2890256941318512,0.9995999932289124,0.02199999988079071,0.004000000189989805,0.018000001087784767,0.969,0.6359389613164345,1.3446280030061588,0.2856516780122241,0.4653019610172828,1.3065606108430325,0.607749335529901,0.3254079266879268,0.08834120963384,0.08988054469227791,0.010119853541254997,188.85218989332242,0.8981539607048035,0.67556232213974,0.8554878234863281,0.044906217604875565,0.4777500629425049,0.5024240016937256,0.6363502740859985,0.8170268535614014,0.9705296754837036,0.9819999989122152,0.80231271407161
pacing,3,action_space,0.0,2.5,0.0,0.5,1.0,0.11999999731779099,1.0,0.3799999952316284,-1.0,-0.03999999910593033,ramp_up_trot_robustness,ramp_up,1.0,trotting,1000,0.679353654384613,0.679353654384613,0.912667989730835,0.16311794519424438,0.2481493502855301,0.23095843195915222,1.5039160251617432,0.2481493502855301,0.09636364132165909,0.2512589991092682,0.2100915163755417,0.9843660593032837,1.6503736972808838,0.44834062457084656,0.5527416467666626,0.23095843195915222,0.13477811217308044,0.006928656250238419,0.006110669579356909,0.3519359827041626,0.04701890051364899,179.40733337402344,122.25544738769531,34.895835876464844,66.23770904541016,444.942626953125,0.09153299033641815,0.07800000160932541,0.9255268573760986,2.7047438621520996,0.9810000658035278,0.018253356218338013,0.02000007964670658,2.5,0.5,0.11999969929456711,0.3800007998943329,-0.038800664246082306,0.7979694604873657,0.6693522930145264,0.8077886700630188,0.6030653715133667,0.29792320728302,0.8023282289505005,0.22759214043617249,0.5838226079940796,0.6079579591751099,0.5351922512054443,1.0,0.9827068448066711,0.9695940017700195,0.11423726379871368,0.18183806538581848,1.0,0.020000001415610313,0.007000000216066837,0.013000000268220901,0.981,0.9434524520578491,1.6604605100228405,0.31042493669429827,0.4583574111711751,1.2846687111006028,0.7434659688019772,0.36712138615596945,0.11418986745589702,0.09126678109169006,0.008733617141842842,196.57458724605257,0.8990381360054016,0.5865965485572815,0.7704454064369202,0.03234846144914627,0.3904801905155182,0.4946662485599518,0.5019361972808838,0.6770568490028381,0.9695940017700195,0.9869999997317791,0.7647342106852775
pacing,3,action_space,0.0,2.5,0.0,0.5,1.0,0.11999999731779099,1.0,0.3799999952316284,0.0,0.0,ramp_up_trot_robustness,ramp_up,1.0,trotting,1000,0.7125288248062134,0.7125288248062134,0.9114629030227661,0.1654362976551056,0.2158421277999878,0.20454394817352295,1.3637681007385254,0.2158421277999878,0.06930097937583923,0.2439350187778473,0.19414043426513672,0.8551594018936157,1.253900408744812,0.389255166053772,0.37548238039016724,0.20454394817352295,0.10107945650815964,0.004075893200933933,0.0043359119445085526,0.3446885943412781,0.03868047893047333,165.0377655029297,110.79948425292969,35.04513168334961,66.72254943847656,390.7989501953125,0.09198381006717682,0.05633333697915077,0.7192721366882324,2.131882667541504,0.9750000238418579,0.018229255452752113,0.02000007964670658,2.5,0.5,0.11999969929456711,0.3800007998943329,0.0,0.8225972652435303,0.7095091342926025,0.8737581968307495,0.6151552200317383,0.32034122943878174,0.8349609375,0.26222559809684753,0.5880032777786255,0.6239391565322876,0.546819806098938,1.0,0.9844361543655396,0.975499153137207,0.22520703077316284,0.27929526567459106,0.9998000264167786,0.018000001087784767,0.004000000189989805,0.014000000432133675,0.975,0.7377149689503205,1.4786974754689797,0.26325079178577837,0.4406137018581432,1.1197769459784443,0.6127661710556216,0.31792995534890955,0.09171589363595868,0.09114627726376057,0.008854120969772339,181.0690977719446,0.8963030576705933,0.6581106185913086,0.8451542854309082,0.06394142657518387,0.46134480834007263,0.5018885731697083,0.5788936018943787,0.7545251250267029,0.975499153137207,0.9859999995678663,0.7945102631854706
pacing,3,action_space,0.0,2.5,0.0,0.5,1.0,0.11999999731779099,1.0,0.3799999952316284,1.0,0.03999999910593033,ramp_up_trot_robustness,ramp_up,1.0,trotting,1000,0.6874361038208008,0.6874361038208008,0.9230345487594604,0.16574174165725708,0.21969884634017944,0.20275363326072693,1.6481797695159912,0.21969884634017944,0.07427099347114563,0.24003809690475464,0.19567245244979858,0.9689986109733582,1.5376942157745361,0.38629087805747986,0.34679949283599854,0.20275363326072693,0.0928625613451004,0.0027184030041098595,0.0046623470261693,0.36215782165527344,0.04336390644311905,173.17428588867188,123.1851806640625,34.26749801635742,65.03704833984375,216.77005004882812,0.09026996046304703,0.04733333736658096,0.6296613216400146,1.768957495689392,0.9780000448226929,0.018460698425769806,0.02000007964670658,2.5,0.5,0.11999969929456711,0.3800007998943329,0.038927868008613586,0.8147358894348145,0.7007691860198975,0.8908631205558777,0.6387925744056702,0.307600736618042,0.8255114555358887,0.21568052470684052,0.5867683291435242,0.6021592617034912,0.5288004875183105,1.0,0.9844361543655396,0.9726623296737671,0.11179845035076141,0.1718030869960785,1.0,0.01900000125169754,0.005000000353902578,0.014000000432133675,0.978,0.6438254139906058,1.3448977266522286,0.27252705089797163,0.44234879049207154,1.240037989649727,0.588896843968448,0.30473359077249823,0.0859112916343315,0.09230349212884903,0.007696906104683876,187.61408889993834,0.8959404826164246,0.6629270315170288,0.8627632260322571,0.04356071725487709,0.42009344696998596,0.48465612530708313,0.6362348794937134,0.7892543077468872,0.9726623296737671,0.9859999995678663,0.7948246348935825
pacing,3,action_space,1.0,2.9000000953674316,0.0,0.5,-1.0,0.08999999612569809,-1.0,0.3400000035762787,-1.0,-0.03999999910593033,ramp_up_trot_robustness,ramp_up,1.0,trotting,1000,0.6732599139213562,0.6732599139213562,0.8886269927024841,0.16282808780670166,0.19062696397304535,0.22400209307670593,1.64308500289917,0.19062696397304535,0.05601712688803673,0.22563228011131287,0.17268595099449158,0.9480880498886108,1.4616904258728027,0.3355313837528229,0.2717971205711365,0.22400209307670593,0.13530464470386505,0.010098954662680626,0.004243738017976284,0.3237498998641968,0.05035767704248428,148.8591766357422,103.28219604492188,34.48440170288086,66.70208740234375,508.38116455078125,0.08050720393657684,0.0507500022649765,0.6983208656311035,1.8766756057739258,1.124000072479248,0.017772531136870384,0.02000007964670658,2.8898096084594727,0.5,0.09076501429080963,0.3410187363624573,-0.038980066776275635,0.8349267244338989,0.6806517839431763,0.7838476896286011,0.6795982122421265,0.2811840772628784,0.8119325637817383,0.2319217175245285,0.6041752099990845,0.612330436706543,0.5553228855133057,0.6345623731613159,0.9853007793426514,0.9716543555259705,0.057630427181720734,0.11830241978168488,1.0,0.017000000923871994,0.0010000000474974513,0.01600000075995922,1.124,0.6212819055306106,1.292145563615268,0.23667937571329853,0.4155549915408207,1.2090038982041384,0.5213416543603019,0.3678377967309301,0.1197609814616468,0.08886265568435192,0.011137742549180984,167.51592947118684,0.8993779420852661,0.6054584383964539,0.7506214380264282,0.06307520717382431,0.365257203578949,0.5233526229858398,0.6587507724761963,0.7758857011795044,0.9716543555259705,0.9839999992400408,0.7702445629506539
pacing,3,action_space,1.0,2.9000000953674316,0.0,0.5,-1.0,0.08999999612569809,-1.0,0.3400000035762787,0.0,0.0,ramp_up_trot_robustness,ramp_up,1.0,trotting,1000,0.690950870513916,0.690950870513916,0.9013100862503052,0.1529160737991333,0.19164425134658813,0.202824667096138,1.4511051177978516,0.19164425134658813,0.05336759611964226,0.24666371941566467,0.18519552052021027,0.9817613959312439,1.4835290908813477,0.36700063943862915,0.42187774181365967,0.202824667096138,0.10621914267539978,0.005807697772979736,0.004269501194357872,0.34264642000198364,0.04409521818161011,153.1631317138672,106.01751708984375,34.44487762451172,66.11344909667969,229.38113403320312,0.08084160834550858,0.047583334147930145,0.602200984954834,1.6111891269683838,1.1180000305175781,0.0180261991918087,0.02000007964670658,2.889209747314453,0.5,0.09081000834703445,0.3410787284374237,0.0,0.8326646089553833,0.7010188102722168,0.8447374105453491,0.671403169631958,0.26178693771362305,0.826874852180481,0.2667512595653534,0.548729419708252,0.6083751320838928,0.5389738082885742,0.6351248621940613,0.9844361543655396,0.9726345539093018,0.11189129203557968,0.17276759445667267,1.0,0.018000001087784767,0.0020000000949949026,0.01600000075995922,1.118,0.5386413137473446,1.2004728819729629,0.23101427687405438,0.43034349131851674,1.2180020898509771,0.649521163484039,0.3259127838477647,0.1003852527383261,0.0901309959590435,0.009869402274489403,169.9338929524992,0.9107077121734619,0.6627360582351685,0.8174676299095154,0.080583855509758,0.413993775844574,0.503942608833313,0.6974783539772034,0.7882683873176575,0.9726345539093018,0.9839999992400408,0.7945883897825694
pacing,3,action_space,1.0,2.9000000953674316,0.0,0.5,-1.0,0.08999999612569809,-1.0,0.3400000035762787,1.0,0.03999999910593033,ramp_up_trot_robustness,ramp_up,1.0,trotting,1000,0.6861249208450317,0.6861249208450317,0.8809193968772888,0.1451726108789444,0.19632741808891296,0.21135550737380981,1.592246174812317,0.19632741808891296,0.057587701827287674,0.22914761304855347,0.1760065257549286,0.9151561260223389,1.4042489528656006,0.3677860498428345,0.29972895979881287,0.21135550737380981,0.11120077967643738,0.0025930877309292555,0.004220372531563044,0.2972313463687897,0.035277314484119415,143.6743621826172,96.31704711914062,33.99873733520508,66.82747650146484,479.0008239746094,0.08049319684505463,0.050166673958301544,0.6065870523452759,1.588987112045288,1.1150000095367432,0.017618387937545776,0.02000007964670658,2.88926362991333,0.5,0.09080596268177032,0.3410733938217163,0.03892545774579048,0.8446794748306274,0.6879515647888184,0.9012022018432617,0.6428197026252747,0.31045225262641907,0.8157070279121399,0.21791762113571167,0.5963447690010071,0.6243306398391724,0.5819913744926453,0.635074257850647,0.9844361543655396,0.9700512886047363,0.05857348442077637,0.12195202708244324,0.9998000264167786,0.018000001087784767,0.0010000000474974513,0.017000000923871994,1.115,0.5440242476527466,1.1937757338514732,0.23997437743910843,0.41953131677495614,1.1850101066512473,0.5474750768745669,0.33346780905574286,0.08254368699356904,0.08809193968772888,0.011908458545804024,163.09592306846534,0.9191551208496094,0.6397284269332886,0.8726077079772949,0.06431256979703903,0.49383872747421265,0.5518590211868286,0.700279951095581,0.7781520485877991,0.9700512886047363,0.982999999076128,0.8196120095940737
pacing,3,action_space,1.0,2.9000000953674316,0.0,0.5,-1.0,0.08999999612569809,0.0,0.3799999952316284,-1.0,-0.03999999910593033,ramp_up_trot_robustness,ramp_up,1.0,trotting,1000,0.677169144153595,0.677169144153595,0.9051992893218994,0.15000733733177185,0.20354866981506348,0.21603178977966309,1.7400816679000854,0.20354866981506348,0.06145251542329788,0.24434955418109894,0.1915993094444275,1.0459587574005127,1.6938974857330322,0.3626663386821747,0.2817637026309967,0.21603178977966309,0.10716788470745087,0.00983740109950304,0.004794225096702576,0.33472830057144165,0.04420138895511627,150.32656860351562,102.44173431396484,35.446800231933594,67.69559478759766,434.4920959472656,0.0800950676202774,0.05391667038202286,0.6665443181991577,1.7598254680633545,1.1290000677108765,0.01810399442911148,0.02000007964670658,2.8892154693603516,0.5,0.09080956131219864,0.3800007998943329,-0.03892067074775696,0.8342266082763672,0.6698412299156189,0.7692267894744873,0.6548596620559692,0.25592315196990967,0.8095393180847168,0.19761818647384644,0.5662854909896851,0.6125591993331909,0.5465772151947021,0.6351191997528076,0.9844361543655396,0.9726346731185913,0.11188465356826782,0.17272159457206726,1.0,0.018000001087784767,0.007000000216066837,0.010999999940395355,1.129,0.5903846869118136,1.248497924594815,0.24789617871862785,0.43772058375683853,1.3014981697002237,0.5308141884228386,0.327365063358097,0.12096125907167805,0.0905199721455574,0.009480426087975502,166.07013546832087,0.9139231443405151,0.6270698308944702,0.7462963461875916,0.05134786292910576,0.41311562061309814,0.5119867324829102,0.6772689819335938,0.763697624206543,0.9726346731185913,0.9890000000596046,0.7817595222821603
pacing,3,action_space,1.0,2.9000000953674316,0.0,0.5,-1.0,0.08999999612569809,0.0,0.3799999952316284,0.0,0.0,ramp_up_trot_robustness,ramp_up,1.0,trotting,1000,0.7050182819366455,0.7050182819366455,0.8982937335968018,0.14529848098754883,0.20352822542190552,0.22146780788898468,1.6808111667633057,0.20352822542190552,0.061848945915699005,0.23086363077163696,0.188798725605011,0.9904725551605225,1.5712132453918457,0.39214223623275757,0.36062192916870117,0.22146780788898468,0.10708978772163391,0.006367721129208803,0.0040553901344537735,0.3192552924156189,0.04205545410513878,148.53033447265625,101.63607788085938,34.54472732543945,65.93138122558594,366.6325988769531,0.08093657344579697,0.05750000476837158,0.6408931016921997,1.6555895805358887,1.1190000772476196,0.017965879291296005,0.02000007964670658,2.8892099857330322,0.5,0.09080997854471207,0.3800007998943329,0.0,0.8395988941192627,0.6677180528640747,0.8459054231643677,0.6456316113471985,0.28216952085494995,0.8044434785842896,0.21303793787956238,0.6091020107269287,0.6179651021957397,0.5618779063224792,0.6351244449615479,0.9844361543655396,0.9755317568778992,0.22511059045791626,0.2785211205482483,1.0,0.018000001087784767,0.003000000026077032,0.015000000596046448,1.119,0.5727373247598302,1.2163576348772163,0.24869448308255454,0.4345097531759339,1.2534804527362386,0.6005180506601789,0.32724576043339954,0.10209363968270783,0.08982939645648003,0.01017100177705288,165.34717867610544,0.9190207123756409,0.6123324632644653,0.8118317127227783,0.05405300483107567,0.4312319755554199,0.5280783772468567,0.6908162236213684,0.7501365542411804,0.9755317568778992,0.9849999994039536,0.7976657274441842
pacing,3,action_space,1.0,2.9000000953674316,0.0,0.5,-1.0,0.08999999612569809,0.0,0.3799999952316284,1.0,0.03999999910593033,ramp_up_trot_robustness,ramp_up,1.0,trotting,1000,0.6891651153564453,0.6891651153564453,0.8850505352020264,0.16412721574306488,0.20223775506019592,0.2345753014087677,1.6116451025009155,0.20223775506019592,0.061011333018541336,0.23569434881210327,0.1871311217546463,1.014338493347168,1.5939159393310547,0.3704717457294464,0.3269655704498291,0.2345753014087677,0.14239349961280823,0.003913053311407566,0.004609959200024605,0.3387413024902344,0.048520687967538834,153.3756103515625,105.08908081054688,34.47064208984375,66.47784423828125,211.5540771484375,0.08276098221540451,0.06491667032241821,0.6771473288536072,1.8884007930755615,1.1090000867843628,0.01770101487636566,0.02000007964670658,2.8892107009887695,0.5,0.09080994129180908,0.3800007998943329,0.03892017900943756,0.8196133375167847,0.6523701548576355,0.8847702741622925,0.6572014689445496,0.257389098405838,0.7931252717971802,0.23603494465351105,0.5897286534309387,0.6124111413955688,0.5451590418815613,0.6351239681243896,0.9844361543655396,0.972634494304657,0.11189012229442596,0.1727597713470459,1.0,0.018000001087784767,0.0020000000949949026,0.01600000075995922,1.109,0.6105926761334818,1.3049122129352806,0.24700472266444895,0.4325865482821285,1.2625038373530018,0.5718090332006212,0.37735063218816556,0.09232016308170264,0.08850507438182831,0.011495323851704597,173.29587888057958,0.8978511691093445,0.5768023133277893,0.8432766199111938,0.058902498334646225,0.37892621755599976,0.507893979549408,0.6533129811286926,0.7228284478187561,0.972634494304657,0.9839999992400408,0.7855960762080473
pacing,3,action_space,1.0,2.9000000953674316,0.0,0.5,-1.0,0.08999999612569809,1.0,0.3799999952316284,-1.0,-0.03999999910593033,ramp_up_trot_robustness,ramp_up,1.0,trotting,1000,0.6715156435966492,0.6715156435966492,0.8771425485610962,0.16371631622314453,0.1961270421743393,0.24363915622234344,1.5347427129745483,0.1961270421743393,0.05697876587510109,0.23125644028186798,0.19054198265075684,1.0353386402130127,1.6980022192001343,0.34743255376815796,0.26559942960739136,0.24363915622234344,0.13682641088962555,0.01063611265271902,0.0047692181542515755,0.32621699571609497,0.04013453796505928,153.24334716796875,104.48463439941406,34.04685974121094,65.60963439941406,350.5494384765625,0.08411946892738342,0.04400000348687172,0.5576010942459106,1.4579181671142578,1.1080000400543213,0.017542853951454163,0.02000007964670658,2.8892135620117188,0.5,0.09080974757671356,0.3800007998943329,-0.03892042115330696,0.8271733522415161,0.6414909958839417,0.7586777210235596,0.675930380821228,0.263624906539917,0.7851488590240479,0.25099804997444153,0.6076880693435669,0.6178838014602661,0.5525023937225342,0.6351214647293091,0.9844361543655396,0.9699870347976685,0.058620303869247437,0.12284715473651886,1.0,0.018000001087784767,0.0010000000474974513,0.017000000923871994,1.108,0.5032500669844314,1.1470878088054586,0.2387022536028956,0.43651114836938226,1.3030741418661236,0.5153633956805541,0.36990054188879684,0.12411821303487493,0.08771426975727081,0.012286128476262093,174.70746051409316,0.8983350992202759,0.5523350834846497,0.734836995601654,0.06895383447408676,0.4481215476989746,0.5207766890525818,0.7196770906448364,0.8025187849998474,0.9699870347976685,0.982999999076128,0.7791754643504436
pacing,3,action_space,1.0,2.9000000953674316,0.0,0.5,-1.0,0.08999999612569809,1.0,0.3799999952316284,0.0,0.0,ramp_up_trot_robustness,ramp_up,1.0,trotting,1000,0.687629759311676,0.687629759311676,0.8911066055297852,0.1617308408021927,0.2039283812046051,0.21622000634670258,1.5047252178192139,0.2039283812046051,0.06389302760362625,0.2402232587337494,0.1890190988779068,1.0412578582763672,1.6769835948944092,0.35330730676651,0.2900591790676117,0.21622000634670258,0.11033947020769119,0.005063890945166349,0.004729758482426405,0.3323415517807007,0.040332987904548645,151.166259765625,103.48583984375,34.45545196533203,66.48607635498047,366.8774108886719,0.08206938207149506,0.05033333599567413,0.6357988119125366,1.6772669553756714,1.124000072479248,0.017822135239839554,0.02000007964670658,2.8892107009887695,0.5,0.0908099114894867,0.3800007998943329,0.0,0.8298578858375549,0.6730620265007019,0.8513705134391785,0.6689200401306152,0.25660645961761475,0.8117812871932983,0.22653347253799438,0.5766931772232056,0.6162978410720825,0.5476534962654114,0.6351236701011658,0.9844361543655396,0.972634494304657,0.11188986152410507,0.1727580726146698,1.0,0.018000001087784767,0.004999999888241291,0.013000000268220901,1.124,0.5656573203959074,1.2215687822515209,0.25277070163218335,0.43476326762723044,1.2949840133740684,0.5385714242954334,0.33217385539456773,0.09896286893372057,0.08911067619919777,0.010889722034335136,169.63880508522647,0.90065997838974,0.6265599131584167,0.8221166133880615,0.06187829002737999,0.4463464915752411,0.5144365429878235,0.6886255741119385,0.7775038480758667,0.972634494304657,0.9869999997317791,0.7966118453022761
pacing,3,action_space,1.0,2.9000000953674316,0.0,0.5,-1.0,0.08999999612569809,1.0,0.3799999952316284,1.0,0.03999999910593033,ramp_up_trot_robustness,ramp_up,1.0,trotting,1000,0.683043360710144,0.683043360710144,0.8953720331192017,0.1535787731409073,0.19720476865768433,0.2210133969783783,1.6018447875976562,0.19720476865768433,0.05858221650123596,0.24205517768859863,0.19610953330993652,1.066584587097168,1.7906537055969238,0.346235454082489,0.29635828733444214,0.2210133969783783,0.12656022608280182,0.002529717981815338,0.004298517480492592,0.3344036340713501,0.04926000535488129,147.882080078125,100.75746154785156,34.54712677001953,66.13570404052734,495.5380554199219,0.07964582741260529,0.05341667681932449,0.6143429279327393,1.589356541633606,1.1200001239776611,0.017907433211803436,0.02000007964670658,2.889425754547119,0.5,0.09079381823539734,0.3800007998943329,0.03894166648387909,0.8390774130821228,0.6781049370765686,0.8942323923110962,0.6903883218765259,0.25535479187965393,0.8146263360977173,0.23866385221481323,0.5777705907821655,0.6009711027145386,0.5469847917556763,0.6349223852157593,0.9844361543655396,0.9702565670013428,0.05841781944036484,0.12022090703248978,1.0,0.018000001087784767,0.003000000026077032,0.015000000596046448,1.12,0.5485204424176897,1.1912465130036283,0.24203763447289756,0.4428425604093813,1.3381530949771494,0.5443879933782909,0.3557530408623401,0.08263313779778625,0.08953716605901718,0.010463232174515724,165.1627196383934,0.9099680781364441,0.6135649085044861,0.8723498582839966,0.06244375929236412,0.37336450815200806,0.5123192667961121,0.7013368010520935,0.7656092643737793,0.9702565670013428,0.9849999994039536,0.7982974228186485
pacing,3,action_space,1.0,2.9000000953674316,0.0,0.5,0.0,0.11999999731779099,-1.0,0.3400000035762787,-1.0,-0.03999999910593033,ramp_up_trot_robustness,ramp_up,1.0,trotting,1000,0.6871612668037415,0.6871612668037415,0.8741440773010254,0.1765705943107605,0.18702375888824463,0.21908453106880188,1.3926050662994385,0.18702375888824463,0.051843609660863876,0.24812930822372437,0.19382210075855255,1.0385833978652954,1.6453900337219238,0.35167819261550903,0.3075863718986511,0.21908453106880188,0.1205965131521225,0.008657915517687798,0.004570861347019672,0.3498537540435791,0.04328067973256111,166.39520263671875,119.77326965332031,34.06790542602539,66.28067016601562,447.01080322265625,0.09020164608955383,0.04583333432674408,0.6514562368392944,1.8823778629302979,1.1170001029968262,0.017482880502939224,0.02000007964670658,2.8892099857330322,0.5,0.11999969929456711,0.3410787284374237,-0.03892005607485771,0.8222575187683105,0.6831890344619751,0.7941880226135254,0.6775461435317993,0.23912565410137177,0.8114393949508667,0.2859903573989868,0.5534948110580444,0.6152191162109375,0.5319101810455322,1.0,0.9844361543655396,0.972634494304657,0.11189126968383789,0.1727675199508667,1.0,0.018000001087784767,0.0,0.018000001087784767,1.117,0.5832194957545322,1.298155777330947,0.227691918303799,0.4402523148815376,1.282727575801629,0.5546046987708012,0.3472700867511086,0.11501641997865987,0.08741440251469612,0.012585995718836784,190.35214784097647,0.8827540278434753,0.6187955737113953,0.76753169298172,0.08808287233114243,0.4207932949066162,0.4967305660247803,0.6561918258666992,0.795195996761322,0.972634494304657,0.9819999989122152,0.7739254670838515
pacing,3,action_space,1.0,2.9000000953674316,0.0,0.5,0.0,0.11999999731779099,-1.0,0.3400000035762787,0.0,0.0,ramp_up_trot_robustness,ramp_up,1.0,trotting,1000,0.7170150279998779,0.7170150279998779,0.8871816396713257,0.14955073595046997,0.19760504364967346,0.2087281346321106,1.2183585166931152,0.19760504364967346,0.060493528842926025,0.22311890125274658,0.1778152883052826,0.9363701343536377,1.4171686172485352,0.34448885917663574,0.25486910343170166,0.2087281346321106,0.10085545480251312,0.005197605118155479,0.003787139430642128,0.3102738857269287,0.03656824678182602,160.42977905273438,110.14370727539062,33.895416259765625,67.03457641601562,490.201416015625,0.09185492992401123,0.04200000315904617,0.7286431193351746,2.2162044048309326,1.1200001239776611,0.017743628472089767,0.02000007964670658,2.889209270477295,0.5,0.11999969929456711,0.34107881784439087,0.0,0.8405630588531494,0.6910843849182129,0.8611747026443481,0.672551155090332,0.290657639503479,0.8194847106933594,0.2852279543876648,0.6358590126037598,0.6389873027801514,0.5685719847679138,1.0,0.9844361543655396,0.9755317568778992,0.22511136531829834,0.27852654457092285,1.0,0.018000001087784767,0.004000000189989805,0.014000000432133675,1.12,0.6505741664341518,1.4066818688289389,0.24595432267582942,0.4216815010233228,1.1904489141700012,0.5048456233658976,0.31757747842457773,0.09478789241668795,0.08871814236044884,0.011282255873084068,180.83081511038577,0.9144232869148254,0.6468283534049988,0.8355250954627991,0.08819287270307541,0.48125165700912476,0.5376498699188232,0.6097608208656311,0.8105842471122742,0.9755317568778992,0.9859999995678663,0.8042759233369278
pacing,3,action_space,1.0,2.9000000953674316,0.0,0.5,0.0,0.11999999731779099,-1.0,0.3400000035762787,1.0,0.03999999910593033,ramp_up_trot_robustness,ramp_up,1.0,trotting,1000,0.7024424076080322,0.7024424076080322,0.8699833154678345,0.15457884967327118,0.18429791927337646,0.20259922742843628,1.3823432922363281,0.18429791927337646,0.0504491850733757,0.23729413747787476,0.1955118626356125,0.9243526458740234,1.3645474910736084,0.3519432544708252,0.3061385154724121,0.20259922742843628,0.09356743097305298,0.002739204792305827,0.0032323640771210194,0.31214192509651184,0.03603927418589592,159.32566833496094,110.70628356933594,34.02224349975586,65.90585327148438,392.71636962890625,0.08879775553941727,0.049250006675720215,0.6641665697097778,1.8750863075256348,1.1110000610351562,0.01739966869354248,0.02000007964670658,2.8886871337890625,0.5,0.11999969929456711,0.3411310315132141,0.03886784613132477,0.8424730896949768,0.6979998350143433,0.9059727191925049,0.668704628944397,0.28277134895324707,0.824313759803772,0.28784674406051636,0.585757851600647,0.6269770264625549,0.5699765682220459,1.0,0.9835715293884277,0.9711419939994812,0.11297465860843658,0.1763606071472168,0.9998000264167786,0.01900000125169754,0.0020000000949949026,0.017000000923871994,1.111,0.5978096344790729,1.2991329600870891,0.22460896035861014,0.44216723378786504,1.1681384725594857,0.5532978542091159,0.3058879385870796,0.07727592684288456,0.0869983434677124,0.013002054765820503,183.13646423125184,0.9088470339775085,0.6633420586585999,0.887424886226654,0.0915081799030304,0.4863700568675995,0.5356448888778687,0.6557756066322327,0.7817267179489136,0.9711419939994812,0.982999999076128,0.8154790151195649
pacing,3,action_space,1.0,2.9000000953674316,0.0,0.5,0.0,0.11999999731779099,0.0,0.3799999952316284,-1.0,-0.03999999910593033,ramp_up_trot_robustness,ramp_up,1.0,trotting,1000,0.7007154226303101,0.7007154226303101,0.8880940079689026,0.17175175249576569,0.1986146867275238,0.22011706233024597,1.4045000076293945,0.1986146867275238,0.058529794216156006,0.238730788230896,0.18688488006591797,1.0896333456039429,1.8254538774490356,0.36648666858673096,0.3176111876964569,0.22011706233024597,0.10807142406702042,0.01023586094379425,0.004987452644854784,0.3457295596599579,0.05030706524848938,170.78858947753906,121.24862670898438,34.23878479003906,66.56524658203125,188.6697998046875,0.09268590807914734,0.042083337903022766,0.7296657562255859,2.2016115188598633,1.1170001029968262,0.017761878669261932,0.02000007964670658,2.889209270477295,0.5,0.11999969929456711,0.3800007998943329,-0.038920044898986816,0.8219456672668457,0.6640208959579468,0.7797249555587769,0.663409948348999,0.24515491724014282,0.8025768995285034,0.25995779037475586,0.5792036056518555,0.6155990362167358,0.5379015803337097,1.0,0.9844361543655396,0.975531816482544,0.22511136531829834,0.2785264551639557,1.0,0.018000001087784767,0.005000000353902578,0.013000000268220901,1.117,0.6532369833923176,1.4039244547966911,0.24192931657026603,0.4323018390730231,1.3510935857478694,0.5635700379690681,0.3287421847999134,0.12338279291963299,0.08880939334630966,0.011191004887223244,192.3091338811503,0.8887007832527161,0.6159957647323608,0.7375168800354004,0.07614652067422867,0.36562711000442505,0.5008447170257568,0.6109433770179749,0.8102465271949768,0.975531816482544,0.9869999997317791,0.7615807123291187
pacing,3,action_space,1.0,2.9000000953674316,0.0,0.5,0.0,0.11999999731779099,0.0,0.3799999952316284,0.0,0.0,ramp_up_trot_robustness,ramp_up,1.0,trotting,1000,0.7433459758758545,0.7433459758758545,0.8908164501190186,0.1569366306066513,0.2077438235282898,0.22151724994182587,1.50811767578125,0.2077438235282898,0.06465360522270203,0.22948133945465088,0.18834450840950012,1.0131819248199463,1.604844570159912,0.3610839247703552,0.31968796253204346,0.22151724994182587,0.09422016143798828,0.0049388231709599495,0.004847432486712933,0.3444937765598297,0.03808850795030594,168.6864013671875,118.50636291503906,34.231788635253906,67.03123474121094,279.79632568359375,0.09373381733894348,0.03991667181253433,0.7648428082466125,2.3280205726623535,1.1160000562667847,0.01781632751226425,0.02000007964670658,2.889209747314453,0.5,0.11999969929456711,0.3800007998943329,0.0,0.8231867551803589,0.6438630223274231,0.8497666120529175,0.6596391201019287,0.26115357875823975,0.7912943363189697,0.23405864834785461,0.6076713800430298,0.6201621294021606,0.5364840626716614,1.0,0.9844361543655396,0.9787117838859558,0.4691603481769562,0.5060045719146729,1.0,0.018000001087784767,0.003000000026077032,0.015000000596046448,1.116,0.6853429869511649,1.4443129444661291,0.2542707321393912,0.43398676063850167,1.2668246011819917,0.5654095529189823,0.3069530280645367,0.09892550559725678,0.08908163756132126,0.010918760672211647,189.36156976518558,0.9061807990074158,0.6121983528137207,0.8222382068634033,0.06073774769902229,0.46683934330940247,0.5020841360092163,0.5936235189437866,0.8190719485282898,0.9787117838859558,0.9849999994039536,0.7925713047003136
pacing,3,action_space,1.0,2.9000000953674316,0.0,0.5,0.0,0.11999999731779099,0.0,0.3799999952316284,1.0,0.03999999910593033,ramp_up_trot_robustness,ramp_up,1.0,trotting,1000,0.707648754119873,0.707648754119873,0.8889621496200562,0.15331481397151947,0.20000191032886505,0.2322464883327484,1.7558238506317139,0.20000191032886505,0.05889369547367096,0.21706613898277283,0.1724826991558075,1.0331674814224243,1.6160378456115723,0.34655436873435974,0.315815806388855,0.2322464883327484,0.15861926972866058,0.002576660830527544,0.004402021877467632,0.34024155139923096,0.03981892019510269,165.33648681640625,115.651611328125,34.28596878051758,66.35545349121094,375.66961669921875,0.08998197317123413,0.042500004172325134,0.7046291828155518,2.000335693359375,1.11899995803833,0.017779240384697914,0.02000007964670658,2.8898098468780518,0.5,0.11999969929456711,0.3800007998943329,0.03898007795214653,0.834964394569397,0.6763343811035156,0.8900087475776672,0.6776722073554993,0.2564791142940521,0.8135828971862793,0.20507976412773132,0.6205946207046509,0.6168254613876343,0.5418121814727783,1.0,0.9853007793426514,0.9768911600112915,0.22382164001464844,0.27426907420158386,1.0,0.017000000923871994,0.004000000189989805,0.013000000268220901,1.119,0.6296953980255808,1.3370152856980078,0.2426802329685526,0.4153103648547764,1.2712347720274066,0.5619749161562774,0.39827034753878,0.08353851032904032,0.08889620192348957,0.011104196310043335,185.98821883144444,0.9102630019187927,0.5831071734428406,0.8697289824485779,0.05319995805621147,0.4509592056274414,0.506372332572937,0.6396062970161438,0.808560311794281,0.9768911600112915,0.9869999997317791,0.8027774980052924
pacing,3,action_space,1.0,2.9000000953674316,0.0,0.5,0.0,0.11999999731779099,1.0,0.3799999952316284,-1.0,-0.03999999910593033,ramp_up_trot_robustness,ramp_up,1.0,trotting,1000,0.682551920413971,0.682551920413971,0.8902015686035156,0.15470054745674133,0.20327702164649963,0.2156299650669098,1.5272417068481445,0.20327702164649963,0.06333471089601517,0.2275780886411667,0.18900883197784424,1.0322983264923096,1.706554651260376,0.3380233645439148,0.24961547553539276,0.2156299650669098,0.10995963215827942,0.01023116149008274,0.004489181563258171,0.33902573585510254,0.037681374698877335,164.19345092773438,113.384765625,34.479942321777344,66.51460266113281,572.0285034179688,0.09322008490562439,0.04258333519101143,0.6885737180709839,2.0092902183532715,1.121000051498413,0.017804037779569626,0.02000007964670658,2.8887338638305664,0.5,0.11999969929456711,0.3800007998943329,-0.03887251019477844,0.8320295810699463,0.685971736907959,0.7720935344696045,0.6760659217834473,0.27317628264427185,0.8168059587478638,0.2247426062822342,0.6182120442390442,0.6278023719787598,0.5439267158508301,1.0,0.9835715293884277,0.9711520075798035,0.1129210814833641,0.17587916553020477,0.9998000264167786,0.01900000125169754,0.0020000000949949026,0.017000000923871994,1.121,0.6142494820995484,1.3388086489967328,0.25166388476699464,0.43475146000657,1.3063516568138827,0.4996153275625086,0.33160161664002696,0.12132742086330242,0.08902018889784813,0.010980209335684776,184.4452500632068,0.9087101817131042,0.628158450126648,0.7449733018875122,0.061179935932159424,0.470656156539917,0.5076051354408264,0.6388394236564636,0.8082234859466553,0.9711520075798035,0.982999999076128,0.7832653165245668
pacing,3,action_space,1.0,2.9000000953674316,0.0,0.5,0.0,0.11999999731779099,1.0,0.3799999952316284,0.0,0.0,ramp_up_trot_robustness,ramp_up,1.0,trotting,1000,0.7039584517478943,0.7039584517478943,0.8793113827705383,0.16823036968708038,0.20183108747005463,0.23201337456703186,1.5565953254699707,0.20183108747005463,0.06187546253204346,0.23356935381889343,0.1900179386138916,1.0673961639404297,1.7378920316696167,0.346257746219635,0.30418846011161804,0.23201337456703186,0.11828535795211792,0.005056112073361874,0.005174797959625721,0.35000550746917725,0.03902145475149155,165.9517822265625,117.01020812988281,34.4926872253418,66.81170654296875,442.5723876953125,0.0933821052312851,0.03674999997019768,0.7115316390991211,2.1205945014953613,1.1160000562667847,0.017586231231689453,0.02000007964670658,2.889209508895874,0.5,0.11999969929456711,0.3800007998943329,0.0,0.8201233148574829,0.6496053338050842,0.8440359830856323,0.6877255439758301,0.24518197774887085,0.7937040328979492,0.2384834736585617,0.5972696542739868,0.6154060363769531,0.5332133769989014,1.0,0.9844361543655396,0.975531816482544,0.2251112014055252,0.27852529287338257,1.0,0.018000001087784767,0.004000000189989805,0.014000000432133675,1.116,0.6375731328054995,1.3784680078402665,0.24874778899930639,0.4359104708697551,1.3182913303475892,0.5515328277733049,0.3439263844954584,0.10114796109159885,0.08793115615844727,0.01206924207508564,188.7292550491964,0.8929668664932251,0.5837385654449463,0.814958393573761,0.06116962432861328,0.4582093358039856,0.4965798258781433,0.6218580007553101,0.8321437835693359,0.975531816482544,0.9859999995678663,0.7873183698035204
pacing,3,action_space,1.0,2.9000000953674316,0.0,0.5,0.0,0.11999999731779099,1.0,0.3799999952316284,1.0,0.03999999910593033,ramp_up_trot_robustness,ramp_up,1.0,trotting,1000,0.692166268825531,0.692166268825531,0.8975411653518677,0.15519863367080688,0.2034800797700882,0.21421445906162262,1.5876812934875488,0.2034800797700882,0.06253595650196075,0.23498165607452393,0.17813926935195923,1.0583932399749756,1.7911733388900757,0.334497332572937,0.25470656156539917,0.21421445906162262,0.10501693934202194,0.0027288259007036686,0.0044582299888134,0.3356196880340576,0.04312055930495262,163.0323486328125,113.80592346191406,34.40885925292969,66.97201538085938,326.3279724121094,0.09231430292129517,0.038083337247371674,0.6710002422332764,1.9223835468292236,1.121999979019165,0.01795082539319992,0.02000007964670658,2.889810085296631,0.5,0.11999969929456711,0.3800007998943329,0.03898005932569504,0.8373738527297974,0.672213077545166,0.8914559483528137,0.6806063652038574,0.25429660081863403,0.8104041814804077,0.22862142324447632,0.5772907733917236,0.6170878410339355,0.541766881942749,1.0,0.9853007793426514,0.9741548299789429,0.11071497201919556,0.1682092398405075,1.0,0.017000000923871994,0.0010000000474974513,0.01600000075995922,1.122,0.5980393788818794,1.3089515687431366,0.25007190266393536,0.42206547993404914,1.3383472415221978,0.5046846159389041,0.3240631718384888,0.08477650552787057,0.0897541269659996,0.010246271267533302,181.6433105537818,0.9081493020057678,0.6319921016693115,0.8661119341850281,0.05851919949054718,0.42214298248291016,0.5110747814178467,0.6515907645225525,0.8266146183013916,0.9741548299789429,0.9839999992400408,0.8001328428777366
pacing,3,action_space,1.0,2.9000000953674316,0.0,0.5,1.0,0.11999999731779099,-1.0,0.3400000035762787,-1.0,-0.03999999910593033,ramp_up_trot_robustness,ramp_up,1.0,trotting,1000,0.6785706877708435,0.6785706877708435,0.8777179718017578,0.18096771836280823,0.19229832291603088,0.22070351243019104,1.3528823852539062,0.19229832291603088,0.057420484721660614,0.23955875635147095,0.18436498939990997,1.0186889171600342,1.6695846319198608,0.37895724177360535,0.352966845035553,0.22070351243019104,0.12347330152988434,0.009008022956550121,0.004804475232958794,0.3415491580963135,0.04100169986486435,170.5450439453125,123.14376831054688,34.15968322753906,66.0653076171875,380.82830810546875,0.09114281833171844,0.04325000196695328,0.7276203036308289,2.169161081314087,1.1119999885559082,0.01755436137318611,0.02000007964670658,2.889209270477295,0.5,0.11999969929456711,0.34107881784439087,-0.03892003744840622,0.8211199045181274,0.6665193438529968,0.7856709361076355,0.6553696990013123,0.2633325159549713,0.8050246238708496,0.29362332820892334,0.570573627948761,0.6208065748214722,0.5391325950622559,1.0,0.9844361543655396,0.9699869155883789,0.058622680604457855,0.12286354601383209,1.0,0.018000001087784767,0.0020000000949949026,0.01600000075995922,1.112,0.654334747534004,1.3966689845495837,0.2396257179888265,0.42937744398129485,1.292124077602403,0.5941101287097814,0.3513876798208559,0.11752658503295718,0.08777180686593056,0.012228591367602348,194.30506087874883,0.8772201538085938,0.6144053339958191,0.7586232423782349,0.08197901397943497,0.4404166638851166,0.5050497651100159,0.614054799079895,0.8055338859558105,0.9699869155883789,0.9839999992400408,0.7717062010405921
pacing,3,action_space,1.0,2.9000000953674316,0.0,0.5,1.0,0.11999999731779099,-1.0,0.3400000035762787,0.0,0.0,ramp_up_trot_robustness,ramp_up,1.0,trotting,1000,0.6914364099502563,0.6914364099502563,0.907117486000061,0.14258331060409546,0.19092509150505066,0.19848677515983582,1.6139644384384155,0.19092509150505066,0.05538833141326904,0.2321140468120575,0.18518877029418945,0.9600456953048706,1.4584019184112549,0.352758526802063,0.34740588068962097,0.19848677515983582,0.1046951562166214,0.00559587636962533,0.003832045244053006,0.33303073048591614,0.03749091923236847,166.4776153564453,117.45558166503906,34.15562057495117,66.36182403564453,682.3653564453125,0.09021324664354324,0.03725000470876694,0.7524820566177368,2.3115553855895996,1.125,0.018142346292734146,0.02000007964670658,2.8892264366149902,0.5,0.11999969929456711,0.3410770893096924,0.0,0.847944974899292,0.7099059224128723,0.8554570078849792,0.6940621137619019,0.2944279909133911,0.8339898586273193,0.2232663333415985,0.5973899364471436,0.6188424825668335,0.5480687022209167,1.0,0.9844361543655396,0.972635805606842,0.11187264323234558,0.17262843251228333,1.0,0.018000001087784767,0.004999999888241291,0.013000000268220901,1.125,0.6688728298611111,1.433428034056626,0.23534725707615342,0.43033564841201505,1.2076431254353477,0.5894114697642225,0.32356630884043136,0.09709748510480762,0.09071173146367073,0.009288666769862175,183.52376392889212,0.9218986630439758,0.6743742823600769,0.8281521201133728,0.06576081365346909,0.4724523425102234,0.5137279629707336,0.5982904434204102,0.8300660252571106,0.972635805606842,0.9869999997317791,0.8024816564642466
pacing,3,action_space,1.0,2.9000000953674316,0.0,0.5,1.0,0.11999999731779099,-1.0,0.3400000035762787,1.0,0.03999999910593033,ramp_up_trot_robustness,ramp_up,1.0,trotting,1000,0.6834735870361328,0.6834735870361328,0.9020534753799438,0.15358705818653107,0.19593870639801025,0.2222295105457306,1.4654321670532227,0.19593870639801025,0.05790204182267189,0.22837001085281372,0.18455973267555237,1.0091253519058228,1.5770646333694458,0.35412803292274475,0.3084283173084259,0.2222295105457306,0.09939460456371307,0.0026724282652139664,0.0048407502472400665,0.34528350830078125,0.04530555009841919,171.73745727539062,123.24383544921875,34.02483367919922,66.61203002929688,454.08416748046875,0.09107598662376404,0.05100000649690628,0.704576313495636,2.0529870986938477,1.1200001239776611,0.01804107427597046,0.02000007964670658,2.889209270477295,0.5,0.11999969929456711,0.3410787582397461,0.038920074701309204,0.8328217267990112,0.6518376469612122,0.8828405141830444,0.6690733432769775,0.27240845561027527,0.8021421432495117,0.2461651861667633,0.6163880228996277,0.6167200207710266,0.5373654365539551,1.0,0.9844361543655396,0.9699869751930237,0.05862267315387726,0.12286362797021866,1.0,0.018000001087784767,0.0,0.018000001087784767,1.12,0.6290859767368862,1.3538922265832563,0.24062843103563614,0.4296041581218138,1.2558123400291326,0.5553632300651763,0.3152690986502056,0.08667859316148384,0.0902053713798523,0.00979502685368061,190.38500705632225,0.9099588394165039,0.6102665066719055,0.8604811429977417,0.0725504606962204,0.4040926992893219,0.5012917518615723,0.6323855519294739,0.7749164700508118,0.9699869751930237,0.9819999989122152,0.7939399686188271
pacing,3,action_space,1.0,2.9000000953674316,0.0,0.5,1.0,0.11999999731779099,0.0,0.3799999952316284,-1.0,-0.03999999910593033,ramp_up_trot_robustness,ramp_up,1.0,trotting,1000,0.6789608001708984,0.6789608001708984,0.8889971971511841,0.1573544144630432,0.20271727442741394,0.2163158357143402,1.746119737625122,0.20271727442741394,0.06246092915534973,0.22552390396595,0.17692355811595917,1.0707848072052002,1.8055057525634766,0.37590762972831726,0.35901451110839844,0.2163158357143402,0.11915087699890137,0.009316238574683666,0.004584210459142923,0.3437686562538147,0.0370636023581028,170.97683715820312,120.97438049316406,34.38669967651367,66.99308776855469,507.0002136230469,0.09022018313407898,0.041083335876464844,0.6700524091720581,1.8801562786102295,1.125,0.017779942601919174,0.02000007964670658,2.8898098468780518,0.5,0.11999969929456711,0.3800007998943329,-0.03898003697395325,0.8275957107543945,0.6887705326080322,0.7803754806518555,0.663650393486023,0.24220362305641174,0.8182249069213867,0.2023238241672516,0.608362078666687,0.6180416941642761,0.5384250283241272,1.0,0.9853007793426514,0.9741548299789429,0.11071500182151794,0.16820916533470154,1.0,0.017000000923871994,0.004000000189989805,0.013000000268220901,1.125,0.5956021050347222,1.2927682634509987,0.2499218460946336,0.42062282167752046,1.343691092685918,0.5991781964561114,0.3451823822255437,0.11790016553774041,0.08889971300959587,0.011100685223937035,192.32550755627025,0.9057049751281738,0.6263002157211304,0.7572900056838989,0.05001969635486603,0.47650739550590515,0.5028128027915955,0.6584857106208801,0.8143079280853271,0.9741548299789429,0.9869999997317791,0.7873005070365393
pacing,3,action_space,1.0,2.9000000953674316,0.0,0.5,1.0,0.11999999731779099,0.0,0.3799999952316284,0.0,0.0,ramp_up_trot_robustness,ramp_up,1.0,trotting,1000,0.707779049873352,0.707779049873352,0.8968793749809265,0.15871918201446533,0.197398379445076,0.22590452432632446,1.4970440864562988,0.197398379445076,0.05853646248579025,0.24047791957855225,0.19215631484985352,1.052717924118042,1.6835445165634155,0.3525431752204895,0.2979313135147095,0.22590452432632446,0.1366906762123108,0.004805219825357199,0.004593336954712868,0.3421332836151123,0.045273639261722565,171.99737548828125,120.30250549316406,34.284515380859375,66.13690185546875,362.8085632324219,0.09024831652641296,0.04008333384990692,0.7392887473106384,2.194016218185425,1.1150000095367432,0.017937585711479187,0.02000007964670658,2.889209747314453,0.5,0.11999969929456711,0.3800007998943329,0.0,0.8293131589889526,0.6634342074394226,0.853155255317688,0.668393075466156,0.25015878677368164,0.8016476631164551,0.2503816485404968,0.5832701921463013,0.6176626682281494,0.5422317385673523,1.0,0.9844361543655396,0.975531816482544,0.22511091828346252,0.27852341532707214,1.0,0.018000001087784767,0.0020000000949949026,0.01600000075995922,1.115,0.6630391894969171,1.402757090824218,0.24194309761964744,0.4383563788173425,1.2975147461834164,0.5458308469798216,0.369717021804935,0.09694615402412861,0.08968792855739594,0.01031246967613697,191.7731417248156,0.9041435718536377,0.6002983450889587,0.8286386132240295,0.06940660625696182,0.4043506681919098,0.5044600963592529,0.6114440560340881,0.8183897137641907,0.975531816482544,0.9839999992400408,0.7857973664425886
pacing,3,action_space,1.0,2.9000000953674316,0.0,0.5,1.0,0.11999999731779099,0.0,0.3799999952316284,1.0,0.03999999910593033,ramp_up_trot_robustness,ramp_up,1.0,trotting,1000,0.6908543109893799,0.6908543109893799,0.8872033357620239,0.17845264077186584,0.19776663184165955,0.21654224395751953,1.5836939811706543,0.19776663184165955,0.05779633671045303,0.25014185905456543,0.1963256299495697,1.0441960096359253,1.7210891246795654,0.37523382902145386,0.4013111889362335,0.21654224395751953,0.1506125032901764,0.0034875995479524136,0.005235468037426472,0.3584943413734436,0.0464559942483902,172.32818603515625,123.32532501220703,34.422332763671875,66.6087646484375,495.5778503417969,0.09215973317623138,0.045750007033348083,0.6966633796691895,2.0524086952209473,1.1080000400543213,0.017744071781635284,0.02000007964670658,2.888946771621704,0.5,0.11999969929456711,0.3800007998943329,0.03889378160238266,0.8160421252250671,0.6949312686920166,0.8928393125534058,0.6824997663497925,0.25151482224464417,0.8237805962562561,0.22507670521736145,0.5539900064468384,0.6198417544364929,0.5270438194274902,1.0,0.9835715293884277,0.9712947607040405,0.11264592409133911,0.1727004051208496,0.9998000264167786,0.01900000125169754,0.0020000000949949026,0.017000000923871994,1.108,0.6287575181210514,1.3610121947591267,0.2404086868448248,0.44308648134373235,1.3119028640412236,0.6334912698184826,0.3880882673956743,0.09339736391022439,0.08872035890817642,0.011280039325356483,194.237531678285,0.8803978562355042,0.625686764717102,0.8399093151092529,0.06459484249353409,0.3949011266231537,0.4882202446460724,0.6293368935585022,0.7955273389816284,0.9712947607040405,0.982999999076128,0.7811380129976151
pacing,3,action_space,1.0,2.9000000953674316,0.0,0.5,1.0,0.11999999731779099,1.0,0.3799999952316284,-1.0,-0.03999999910593033,ramp_up_trot_robustness,ramp_up,1.0,trotting,1000,0.6693611145019531,0.6693611145019531,0.9056417942047119,0.1688331514596939,0.2025335133075714,0.2151305377483368,1.576948881149292,0.2025335133075714,0.06306041777133942,0.25066834688186646,0.19390876591205597,1.0921504497528076,1.8681389093399048,0.365930438041687,0.36458611488342285,0.2151305377483368,0.11666470766067505,0.009598232805728912,0.005553685128688812,0.36506742238998413,0.04710309952497482,176.35723876953125,126.12019348144531,34.307884216308594,66.57588958740234,416.00469970703125,0.09161244332790375,0.05008333548903465,0.7412136793136597,2.3091588020324707,1.1140000820159912,0.018112841993570328,0.02000007964670658,2.8892133235931396,0.5,0.11999969929456711,0.3800007998943329,-0.038920436054468155,0.8147382736206055,0.6788673400878906,0.7770556807518005,0.6726356744766235,0.22421513497829437,0.8115551471710205,0.2184026837348938,0.5516281127929688,0.6129387617111206,0.5226898789405823,1.0,0.9844361543655396,0.9699870347976685,0.05862029641866684,0.12284722924232483,1.0,0.018000001087784767,0.006000000052154064,0.012000000104308128,1.114,0.6653623187135324,1.439740741736769,0.2511183341999134,0.4403507305683232,1.3667987815841456,0.6038096677624687,0.3415621578288131,0.12309312708034403,0.09056420996785164,0.009436188265681267,194.73178015641284,0.8922414183616638,0.629511296749115,0.7385707497596741,0.0585334338247776,0.38982316851615906,0.4818440079689026,0.5955837368965149,0.778476357460022,0.9699870347976685,0.9879999998956919,0.7641098355062497
pacing,3,action_space,1.0,2.9000000953674316,0.0,0.5,1.0,0.11999999731779099,1.0,0.3799999952316284,0.0,0.0,ramp_up_trot_robustness,ramp_up,1.0,trotting,1000,0.6931010484695435,0.6931010484695435,0.883095383644104,0.15329280495643616,0.20505985617637634,0.2155144065618515,1.2034897804260254,0.20505985617637634,0.06442178785800934,0.238475501537323,0.19932226836681366,1.1035223007202148,1.8814088106155396,0.3494613766670227,0.2913370132446289,0.2155144065618515,0.10059218108654022,0.005086276680231094,0.0048919180408120155,0.3443855047225952,0.04112523794174194,166.78628540039062,115.86981201171875,34.12621307373047,66.11119842529297,239.95394897460938,0.09128962457180023,0.044583335518836975,0.7533266544342041,2.2342774868011475,1.1160000562667847,0.01766189932823181,0.02000007964670658,2.8887388706207275,0.5,0.11999969929456711,0.3800007998943329,0.0,0.8274272680282593,0.6710606813430786,0.8435975909233093,0.6734374761581421,0.2590753436088562,0.8095207810401917,0.2891135811805725,0.5933703184127808,0.6206262111663818,0.5398445129394531,1.0,0.983571469783783,0.9711905717849731,0.11290320008993149,0.17549541592597961,0.9998000264167786,0.01900000125169754,0.0010000000474974513,0.018000001087784767,1.116,0.6750238890288979,1.4149348503024295,0.253814475272805,0.4464552254894254,1.371644564242333,0.5397564388172029,0.31716270443817984,0.0998909141065548,0.08830949664115906,0.011690901592373848,188.86553875091607,0.9102875590324402,0.6284714937210083,0.8190878629684448,0.08275047689676285,0.4393298625946045,0.5021928548812866,0.6062213182449341,0.80018150806427,0.9711905717849731,0.9819999989122152,0.7902045906163178
pacing,3,action_space,1.0,2.9000000953674316,0.0,0.5,1.0,0.11999999731779099,1.0,0.3799999952316284,1.0,0.03999999910593033,ramp_up_trot_robustness,ramp_up,1.0,trotting,1000,0.6795690059661865,0.6795690059661865,0.8918576240539551,0.16889744997024536,0.1959269642829895,0.21720445156097412,1.8105113506317139,0.1959269642829895,0.05798754841089249,0.23426130414009094,0.18865099549293518,1.0322459936141968,1.6794456243515015,0.3539920449256897,0.2921106815338135,0.21720445156097412,0.11235097050666809,0.0020277586299926043,0.004400437697768211,0.3446149230003357,0.045261092483997345,168.07611083984375,119.64346313476562,34.242340087890625,65.87663269042969,297.2826232910156,0.09030279517173767,0.04516667127609253,0.6835842132568359,2.0375561714172363,1.1059999465942383,0.017837155610322952,0.02000007964670658,2.8892195224761963,0.5,0.11999969929456711,0.3800007998943329,0.038921065628528595,0.8220169544219971,0.6777471899986267,0.8934401869773865,0.662060022354126,0.25964048504829407,0.8123117089271545,0.20269152522087097,0.5963964462280273,0.6132164597511292,0.5381877422332764,1.0,0.9844361543655396,0.9699876308441162,0.058615997433662415,0.12281443178653717,1.0,0.018000001087784767,0.003000000026077032,0.015000000596046448,1.106,0.6180689227085217,1.3573043144848258,0.2408060389834368,0.43433972359540773,1.295934266987142,0.5404726464251577,0.33518796295014547,0.08017603337507298,0.08918577805161476,0.010814620181918144,188.45621353310938,0.8921639323234558,0.6238921880722046,0.8793573379516602,0.05128985643386841,0.4044521450996399,0.5019624829292297,0.6309247016906738,0.797851026058197,0.9699876308441162,0.9849999994039536,0.7940625357322204
