iteration,reward,done_rate,edge_reset_rate,vx_err,weighted_metric_reward,selector_reference_penalty,orientation_penalty,slip_penalty,lateral_velocity_penalty,clearance_reward,action_boundary_penalty,policy_loss,value_loss,entropy,log_std_mean,score_progress,score_yaw_tracking,score_orientation,score_pitch_rate,score_roll_rate,score_yaw_rate,score_lateral_drift,score_vertical_bounce,score_slip,score_energy,score_clearance,score_action_smoothness,score_action_magnitude,score_action_boundary_margin,score_survival,gait_pronk_ratio,gait_trot_ratio,gait_bound_ratio,gait_pace_ratio,flat_trot_efficiency_trot_ratio,flat_trot_efficiency_count,flat_trot_efficiency_pronk_ratio,flat_trot_efficiency_bound_ratio,flat_trot_efficiency_pace_ratio,ramp_up_trot_robustness_trot_ratio,ramp_up_trot_robustness_count,ramp_up_trot_robustness_pronk_ratio,ramp_up_trot_robustness_bound_ratio,ramp_up_trot_robustness_pace_ratio,rough_slope_trot_robustness_trot_ratio,rough_slope_trot_robustness_count,rough_slope_trot_robustness_pronk_ratio,rough_slope_trot_robustness_bound_ratio,rough_slope_trot_robustness_pace_ratio,push_lateral_pace_recovery_pace_ratio,push_lateral_pace_recovery_count,push_lateral_pace_recovery_pronk_ratio,push_lateral_pace_recovery_trot_ratio,push_lateral_pace_recovery_bound_ratio,stepping_stones_easy_bound_highspeed_bound_ratio,stepping_stones_easy_bound_highspeed_count,stepping_stones_easy_bound_highspeed_pronk_ratio,stepping_stones_easy_bound_highspeed_trot_ratio,stepping_stones_easy_bound_highspeed_pace_ratio,frequency_mean,duration_mean,footswing_height_mean,stance_width_mean,body_pitch_mean,action_clip_rate,flat_trot_efficiency_action_clip_rate,flat_trot_efficiency_frequency_mean,flat_trot_efficiency_duration_mean,flat_trot_efficiency_footswing_height_mean,flat_trot_efficiency_stance_width_mean,flat_trot_efficiency_body_pitch_mean,ramp_up_trot_robustness_action_clip_rate,ramp_up_trot_robustness_frequency_mean,ramp_up_trot_robustness_duration_mean,ramp_up_trot_robustness_footswing_height_mean,ramp_up_trot_robustness_stance_width_mean,ramp_up_trot_robustness_body_pitch_mean,rough_slope_trot_robustness_action_clip_rate,rough_slope_trot_robustness_frequency_mean,rough_slope_trot_robustness_duration_mean,rough_slope_trot_robustness_footswing_height_mean,rough_slope_trot_robustness_stance_width_mean,rough_slope_trot_robustness_body_pitch_mean,push_lateral_pace_recovery_action_clip_rate,push_lateral_pace_recovery_frequency_mean,push_lateral_pace_recovery_duration_mean,push_lateral_pace_recovery_footswing_height_mean,push_lateral_pace_recovery_stance_width_mean,push_lateral_pace_recovery_body_pitch_mean,stepping_stones_easy_bound_highspeed_action_clip_rate,stepping_stones_easy_bound_highspeed_frequency_mean,stepping_stones_easy_bound_highspeed_duration_mean,stepping_stones_easy_bound_highspeed_footswing_height_mean,stepping_stones_easy_bound_highspeed_stance_width_mean,stepping_stones_easy_bound_highspeed_body_pitch_mean
0,0.6408036425709724,0.0009765625,4.882812572759576e-05,0.5526600778102875,0.6408036425709724,0.380859375,0.03404347808100283,0.15097105540917255,0.060255287447944283,0.7167418990284204,3.459652313608785e-05,-0.0250725902733393,26.912559807300568,4.979407966136932,-0.6909140944480896,0.4980111946351826,0.3954941565170884,0.661186046898365,0.2676977179944515,0.2744503105059266,0.5482623279094696,0.6076442124322057,0.4148926213165396,0.6679529026150703,0.41028528939932585,0.7167418990284204,0.14292908366769552,0.7254283297806978,0.9998701885342598,0.9998535178601742,0.2606201171875,0.2254638671875,0.2408447265625,0.2730712890625,0.23137019574642181,52,0.2710336744785309,0.23137019574642181,0.2662259638309479,0.21997550129890442,51,0.26776960492134094,0.2647058963775635,0.24754902720451355,0.22732843458652496,51,0.2604166865348816,0.24142158031463623,0.2708333432674408,0.2873774468898773,51,0.2512255012989044,0.21997550129890442,0.24142158031463623,0.22549019753932953,51,0.25245100259780884,0.22855393588542938,0.293504923582077,3.0085506439208984,0.4957520365715027,0.09297214448451996,0.3509705662727356,0.004220845177769661,0.09880371391773224,0.08810096234083176,2.9882450103759766,0.495892733335495,0.09499495476484299,0.3504387140274048,0.004257441498339176,0.0987745150923729,2.995058536529541,0.49957475066185,0.09578327089548111,0.3512064814567566,0.004523203242570162,0.09571079164743423,2.9646105766296387,0.49905773997306824,0.09538814425468445,0.3521973192691803,0.0044794268906116486,0.0991421639919281,2.9739794731140137,0.4988471567630768,0.09575017541646957,0.3520365059375763,0.0037951632402837276,0.11250000447034836,2.979322910308838,0.5014592409133911,0.09503002464771271,0.3529872000217438,0.004630491137504578
1,0.6568343620747328,0.023193359375,0.00449218762696546,0.49912410229444504,0.6568343620747328,0.3798828125,0.03341529262252152,0.13090693391859531,0.04463202622719109,0.7091298345476389,9.845234991667784e-05,-0.004371227521914989,18.238584280014038,4.982777953147888,-0.6891204714775085,0.5503452671691775,0.41757100634276867,0.6535539086908102,0.28085604310035706,0.29156870022416115,0.5746855083853006,0.6340494100004435,0.4345688419416547,0.6846573539078236,0.42895446717739105,0.7091298345476389,0.14504408766515553,0.7091289106756449,0.9996490981429815,0.9998535178601742,0.2716064453125,0.215087890625,0.260498046875,0.2528076171875,0.23497596383094788,52,0.24819712340831757,0.24519231915473938,0.27163463830947876,0.20465686917304993,51,0.2714460790157318,0.27879902720451355,0.2450980544090271,0.21139706671237946,51,0.2959558963775635,0.24632354080677032,0.24632354080677032,0.2665441334247589,51,0.2714460790157318,0.2132353037595749,0.24877451360225677,0.28370100259780884,51,0.2714460790157318,0.21078431606292725,0.2340686321258545,2.9832959175109863,0.5049885511398315,0.09417687356472015,0.3513564467430115,0.0041840230114758015,0.10654296725988388,0.10000000149011612,2.974764347076416,0.5002208948135376,0.09594468027353287,0.35047823190689087,0.0037159891799092293,0.09767157584428787,2.9916913509368896,0.5017179250717163,0.09528594464063644,0.35125166177749634,0.0045697130262851715,0.10539216548204422,3.0036699771881104,0.4994661211967468,0.09446001052856445,0.35046860575675964,0.004240814130753279,0.1150735393166542,3.0026330947875977,0.49891433119773865,0.09525454044342041,0.3507842421531677,0.005162031389772892,0.114705890417099,3.020786762237549,0.5022884011268616,0.09446857124567032,0.351541668176651,0.005599786527454853
2,0.6588480994105339,0.0142822265625,0.002734375051659299,0.48941848799586296,0.6588480994105339,0.37921142578125,0.03731299098581076,0.14123793574981391,0.055514781503006816,0.7040328327566385,0.00011547354053087489,-0.011880477715749294,26.608651161193848,4.989369481801987,-0.6876543164253235,0.5635986216366291,0.4163820752874017,0.6506539769470692,0.2809173474088311,0.283509171102196,0.5699939951300621,0.6239487193524837,0.4471623171120882,0.6822676137089729,0.4213177403435111,0.7040328327566385,0.146166845690459,0.6981355641037226,0.9995723553001881,0.9998779315501451,0.269775390625,0.220703125,0.25634765625,0.253173828125,0.25,52,0.2740384638309479,0.24338942766189575,0.23257212340831757,0.21139706671237946,51,0.27267158031463623,0.25735294818878174,0.25857844948768616,0.22303922474384308,51,0.2653186321258545,0.2604166865348816,0.2512255012989044,0.2598039209842682,51,0.2647058963775635,0.21813726425170898,0.25735294818878174,0.26348039507865906,51,0.2720588445663452,0.20036765933036804,0.26409316062927246,2.9799346923828125,0.5025449395179749,0.09530137479305267,0.35039547085762024,0.0071834358386695385,0.10915527492761612,0.09855769574642181,2.9981908798217773,0.49937304854393005,0.09412919729948044,0.34868359565734863,0.0046909465454518795,0.10539216548204422,2.9905617237091064,0.49795886874198914,0.09564216434955597,0.34939101338386536,0.005576376803219318,0.10784314572811127,3.002991199493408,0.4998392164707184,0.09463962912559509,0.35053348541259766,0.005432078614830971,0.11323530226945877,3.013040781021118,0.5013680458068848,0.09470447897911072,0.3504849076271057,0.0053390697576105595,0.12095589190721512,3.0268714427948,0.5026466846466064,0.09393081068992615,0.3505248427391052,0.006017711479216814
3,0.6600242983549833,0.017578125,0.0033447266432631295,0.4833694826811552,0.6600242983549833,0.37579345703125,0.03594506811350584,0.1344459606334567,0.04907571792136878,0.7015100475400686,0.0002644552124628774,-0.01443885697517544,32.25285792350769,4.994349241256714,-0.6862412095069885,0.5625493191182613,0.42666964791715145,0.6566253248602152,0.27486000768840313,0.2824897225946188,0.583370752632618,0.6314998473972082,0.4543148009106517,0.6776132974773645,0.42034858651459217,0.7015100475400686,0.14056697371415794,0.6930848564952612,0.9990562871098518,0.9998291041702032,0.2625732421875,0.2288818359375,0.253662109375,0.2548828125,0.23798078298568726,52,0.26682692766189575,0.23617789149284363,0.25901442766189575,0.23284314572811127,51,0.2604166865348816,0.2555147111415863,0.2512255012989044,0.24080882966518402,51,0.26409316062927246,0.24816177785396576,0.24693627655506134,0.25796568393707275,51,0.2708333432674408,0.21507354080677032,0.2561274468898773,0.27267158031463623,51,0.2506127655506134,0.21752451360225677,0.2591911852359772,3.013784170150757,0.4994015395641327,0.09397704154253006,0.3505091965198517,0.005704010836780071,0.11381836235523224,0.10625000298023224,2.9897713661193848,0.49602973461151123,0.09447544068098068,0.3480587899684906,0.004770697094500065,0.10723039507865906,2.9949288368225098,0.4971751570701599,0.09500125795602798,0.349276602268219,0.004993307404220104,0.11372549831867218,3.0028045177459717,0.5014346241950989,0.09385209530591965,0.3497750759124756,0.0052915881387889385,0.11654412746429443,3.014997959136963,0.49906986951828003,0.09394127875566483,0.35016536712646484,0.006145824212580919,0.125490203499794,3.028310537338257,0.5031535625457764,0.09429717063903809,0.3512471914291382,0.007241489365696907
4,0.6567638032138348,0.0179443359375,0.0033691406933940016,0.5009652562439442,0.6567638032138348,0.37359619140625,0.03470233851112425,0.14308675564825535,0.0486824968829751,0.697142943739891,0.0003143817057420506,-0.011186397809069604,37.78790020942688,4.997495144605637,-0.6852563619613647,0.5562832225114107,0.41251852735877037,0.6580556966364384,0.27612799778580666,0.27932885941118,0.5671401694417,0.63404456153512,0.4516644151881337,0.6763474531471729,0.42341407109051943,0.697142943739891,0.13877940527163446,0.6883557308465242,0.9988901279866695,0.9997802767902613,0.2548828125,0.2437744140625,0.2333984375,0.2679443359375,0.23377405107021332,52,0.25180289149284363,0.24338942766189575,0.2710336744785309,0.2542892098426819,51,0.25245100259780884,0.22120098769664764,0.2720588445663452,0.25245100259780884,51,0.262254923582077,0.2193627506494522,0.2659313678741455,0.26838237047195435,51,0.2671568691730499,0.23713235557079315,0.22732843458652496,0.2555147111415863,51,0.24080882966518402,0.24142158031463623,0.262254923582077,2.980292558670044,0.4963741898536682,0.09252169728279114,0.34828221797943115,0.005893774796277285,0.11835937947034836,0.11009615659713745,2.9900786876678467,0.4969879388809204,0.09480289369821548,0.3490593731403351,0.004768643528223038,0.11017157882452011,2.984074115753174,0.49494147300720215,0.09365804493427277,0.34800660610198975,0.0054763974621891975,0.11078432202339172,2.9871480464935303,0.4972377419471741,0.09380833059549332,0.34869101643562317,0.005354218650609255,0.12132353335618973,3.011420965194702,0.4973227083683014,0.09349696338176727,0.34906989336013794,0.005055874120444059,0.13958333432674408,3.033494710922241,0.5001824498176575,0.09423624724149704,0.3501245677471161,0.006702949292957783
5,0.6624042596668005,0.017333984375,0.0034423829056322575,0.4614963522180915,0.6624042596668005,0.37249755859375,0.031176575168501586,0.13302852888591588,0.047305429237894714,0.695947639644146,8.128466077472751e-05,-0.021607283706543967,42.11840486526489,5.000519752502441,-0.6839280128479004,0.5725576505064964,0.4236880885437131,0.6612756680697203,0.2784800473600626,0.28647097107023,0.578715356066823,0.6366640813648701,0.45541401859372854,0.6805380471050739,0.4293025964871049,0.695947639644146,0.1383819340262562,0.6975065153092146,0.9996991846710443,0.999975586310029,0.2593994140625,0.243408203125,0.24365234375,0.2535400390625,0.24819712340831757,52,0.262620210647583,0.24338942766189575,0.24579328298568726,0.2616421580314636,51,0.26776960492134094,0.2389705926179886,0.23161765933036804,0.2450980544090271,51,0.2665441334247589,0.240196093916893,0.24816177785396576,0.26899510622024536,51,0.2506127655506134,0.23590686917304993,0.2444853037595749,0.2512255012989044,51,0.24938726425170898,0.22610294818878174,0.27328431606292725,2.9822840690612793,0.49368995428085327,0.09403914213180542,0.3495672047138214,0.006651735864579678,0.11520995944738388,0.11201923340559006,2.996300220489502,0.49638503789901733,0.0938740000128746,0.3493504524230957,0.005550181958824396,0.10674019902944565,2.9982197284698486,0.49473297595977783,0.09342162311077118,0.3482489287853241,0.006778850685805082,0.10526961088180542,2.991323232650757,0.4971984922885895,0.09428110718727112,0.3499130606651306,0.005441415589302778,0.12647059559822083,3.0098469257354736,0.4989815354347229,0.09383061528205872,0.35079941153526306,0.0062956782057881355,0.1256127506494522,3.0068001747131348,0.4971478581428528,0.09443408995866776,0.3509396016597748,0.0055616749450564384
6,0.6615598760545254,0.017578125,0.0033691406933940016,0.4810450356453657,0.6615598760545254,0.38018798828125,0.030525158043019474,0.13420965382829309,0.04682471149135381,0.6998261474072933,0.00014524970023899186,-0.022550917958142236,43.726211071014404,5.002774477005005,-0.6828343868255615,0.565585270524025,0.4218270434066653,0.6684511061757803,0.28328734543174505,0.2919632066041231,0.5773763600736856,0.6295700836926699,0.4498933283612132,0.6829780377447605,0.42943567130714655,0.6998261474072933,0.13486611703410745,0.6929197050631046,0.9994618035852909,0.9998535178601742,0.26513671875,0.2371826171875,0.2388916015625,0.2587890625,0.2163461595773697,52,0.278245210647583,0.24879808723926544,0.25661057233810425,0.24754902720451355,51,0.2696078419685364,0.2291666716337204,0.25367647409439087,0.23345589637756348,51,0.2665441334247589,0.240196093916893,0.2598039209842682,0.26286765933036804,51,0.2549019753932953,0.2444853037595749,0.23774510622024536,0.23835785686969757,51,0.2561274468898773,0.2444853037595749,0.2610294222831726,3.014289140701294,0.4993402063846588,0.09277984499931335,0.3493342995643616,0.004567424766719341,0.11967773735523224,0.11141826957464218,2.9914040565490723,0.49681413173675537,0.09463653713464737,0.3503570258617401,0.006417681463062763,0.11360295116901398,2.98286509513855,0.4960918724536896,0.09432871639728546,0.3496842682361603,0.00532146031036973,0.11250000447034836,2.9932384490966797,0.4989735186100006,0.09487315267324448,0.3500334918498993,0.0056650880724191666,0.12169118225574493,3.0105035305023193,0.49627262353897095,0.09408297389745712,0.35106152296066284,0.005784612149000168,0.13933824002742767,3.0290515422821045,0.5002723336219788,0.09332101792097092,0.35043036937713623,0.006758386269211769
7,0.6593150366097689,0.0167236328125,0.0032226563253061613,0.48938056640326977,0.6593150366097689,0.37579345703125,0.033393976162187755,0.14037501229904592,0.04835809301584959,0.6906915474683046,0.0002212029399970561,-0.021481005009263754,42.13669157028198,5.004669934511185,-0.6812271475791931,0.5554932784289122,0.4193434761837125,0.6671973802149296,0.2863889243453741,0.29031111393123865,0.5749919191002846,0.6398078221827745,0.45657691825181246,0.6853642333298922,0.4267452312633395,0.6906915474683046,0.1370296929962933,0.6836972553282976,0.9991880729794502,0.9998779315501451,0.265625,0.2423095703125,0.231689453125,0.2603759765625,0.2578125,52,0.25120192766189575,0.21814905107021332,0.2728365361690521,0.2506127655506134,51,0.2708333432674408,0.23590686917304993,0.24264706671237946,0.240196093916893,51,0.27879902720451355,0.23161765933036804,0.24938726425170898,0.2604166865348816,51,0.2653186321258545,0.2340686321258545,0.240196093916893,0.23284314572811127,51,0.262254923582077,0.22855393588542938,0.2763480544090271,3.013148784637451,0.49545010924339294,0.09221222996711731,0.34915396571159363,0.00846688449382782,0.12448730319738388,0.11730769276618958,2.986546039581299,0.49767783284187317,0.09384402632713318,0.3502404987812042,0.007017872296273708,0.12218137830495834,2.9996273517608643,0.49545297026634216,0.09346026182174683,0.3492400646209717,0.00699612358585,0.114705890417099,2.989428997039795,0.4981573820114136,0.0935807004570961,0.34985658526420593,0.006410724483430386,0.12892158329486847,3.0151984691619873,0.4990420937538147,0.09367318451404572,0.35050076246261597,0.007279231678694487,0.13946078717708588,3.0139617919921875,0.500068187713623,0.09295488148927689,0.3517106771469116,0.007478444837033749
8,0.6638001017272472,0.017333984375,0.003393554758076789,0.47953727561980486,0.6638001017272472,0.38165283203125,0.03150181093951687,0.13220859924331307,0.04835753340739757,0.6978779695928097,0.00012864528064781416,-0.025841737806331366,43.1021785736084,5.004826843738556,-0.6802653670310974,0.5664597619324923,0.4262944869697094,0.673024695366621,0.28158555179834366,0.290014966391027,0.5826242435723543,0.6404228694736958,0.4508291771635413,0.6879270430654287,0.42841477133333683,0.6978779695928097,0.1374573742505163,0.6875564977526665,0.9995241742581129,0.9999267589300871,0.266845703125,0.23291015625,0.2359619140625,0.2642822265625,0.23257212340831757,52,0.2650240361690521,0.24699519574642181,0.2554086744785309,0.2352941334247589,51,0.28982844948768616,0.23100490868091583,0.24387255311012268,0.22855393588542938,51,0.2671568691730499,0.23713235557079315,0.2671568691730499,0.25796568393707275,51,0.27879902720451355,0.22794118523597717,0.2352941334247589,0.2291666716337204,51,0.23345589637756348,0.240196093916893,0.2971813976764679,2.997227430343628,0.4983784556388855,0.09307543188333511,0.34958499670028687,0.00752046424895525,0.12370605766773224,0.11370192468166351,2.9830541610717773,0.4984165132045746,0.09450320154428482,0.3498646914958954,0.005780121311545372,0.11776961386203766,2.9928436279296875,0.4969775676727295,0.09370977431535721,0.34870779514312744,0.006854369770735502,0.11887255311012268,2.9786689281463623,0.49807438254356384,0.09469668567180634,0.3498389422893524,0.00635145790874958,0.12757353484630585,3.0124025344848633,0.49875155091285706,0.09338120371103287,0.34921520948410034,0.0076393247582018375,0.1408088356256485,3.0018270015716553,0.5009398460388184,0.0935978814959526,0.3527969717979431,0.007537709549069405
9,0.6553989630192518,0.0179443359375,0.0033935547471628524,0.49663211591541767,0.6553989630192518,0.38165283203125,0.03689634054899216,0.1396357286721468,0.051692420383915305,0.6917030978947878,0.00013932949093131697,-0.025513881933875382,43.628759145736694,4.999720424413681,-0.6798627376556396,0.5543798301368952,0.4140965286642313,0.6598176676779985,0.2813296541571617,0.2838706849142909,0.5692118145525455,0.6320128068327904,0.4435553727671504,0.6799871139228344,0.4233608292415738,0.6917030978947878,0.13074980396777391,0.6846657861024141,0.9994938932359219,0.9998046904802322,0.2611083984375,0.239501953125,0.23046875,0.2689208984375,0.2319711595773697,52,0.26983174681663513,0.23317308723926544,0.2650240361690521,0.22610294818878174,51,0.2763480544090271,0.2291666716337204,0.26838237047195435,0.24142158031463623,51,0.24142158031463623,0.24387255311012268,0.27328431606292725,0.26838237047195435,51,0.25796568393707275,0.24325981736183167,0.23039215803146362,0.21568627655506134,51,0.2598039209842682,0.2549019753932953,0.2696078419685364,2.9398345947265625,0.503011167049408,0.09424491226673126,0.3506098985671997,0.007205811329185963,0.12360840290784836,0.11346153914928436,2.9810197353363037,0.4990476965904236,0.0938073918223381,0.3493354618549347,0.005923801567405462,0.11887255311012268,2.9808895587921143,0.49681422114372253,0.09396705031394958,0.34907788038253784,0.006583373993635178,0.114705890417099,2.971031427383423,0.4980396628379822,0.09461646527051926,0.3506918251514435,0.005701831541955471,0.12426470965147018,2.9958035945892334,0.500019907951355,0.09358445554971695,0.3501947224140167,0.007309793960303068,0.14693628251552582,3.017113208770752,0.5018398761749268,0.09166932106018066,0.3499987721443176,0.008351976983249187
10,0.6581980865448713,0.0172119140625,0.0032958985175355338,0.4876961838454008,0.6581980865448713,0.37420654296875,0.033565652556717396,0.14074559975415468,0.05122289340943098,0.7064415942877531,0.00011748631656161024,-0.022606263170018792,40.92560386657715,4.995294243097305,-0.6797300577163696,0.5577193964272738,0.4170166961848736,0.6649298761039972,0.28341508749872446,0.2857903940603137,0.5704936385154724,0.6258808467537165,0.4532369375228882,0.6795749440789223,0.4240197567269206,0.7064415942877531,0.138222269481048,0.6856278479099274,0.9995650518685579,0.9998535178601742,0.250732421875,0.2305908203125,0.2333984375,0.2852783203125,0.25961539149284363,52,0.24278846383094788,0.22295673191547394,0.27463942766189575,0.23774510622024536,51,0.2653186321258545,0.22794118523597717,0.26899510622024536,0.21446079015731812,51,0.25857844948768616,0.2444853037595749,0.2824755012989044,0.3008578419685364,51,0.24754902720451355,0.2248774617910385,0.22671569883823395,0.2450980544090271,51,0.2395833432674408,0.21568627655506134,0.29963237047195435,2.9624764919281006,0.5019130706787109,0.09260936081409454,0.35079944133758545,0.00683326693251729,0.12656250596046448,0.11502403765916824,2.9741969108581543,0.4991012215614319,0.09401220828294754,0.35038673877716064,0.006378168240189552,0.12352941930294037,2.9804821014404297,0.49629727005958557,0.09395691007375717,0.3492855727672577,0.008346972055733204,0.11678922176361084,2.960503101348877,0.49803590774536133,0.09525151550769806,0.3513132333755493,0.005600264295935631,0.13223040103912354,2.9832069873809814,0.5003292560577393,0.09459071606397629,0.35236144065856934,0.006932603195309639,0.1454657018184662,3.0029566287994385,0.5010598301887512,0.0948447659611702,0.35314393043518066,0.007518074940890074
11,0.6608667206019163,0.0181884765625,0.003540039120707661,0.48122389148920774,0.6608667206019163,0.37335205078125,0.031945955008268356,0.13089717156253755,0.050331721315160394,0.7050331495702267,0.0002346015869516549,-0.02458065186510794,45.14998149871826,4.999396711587906,-0.6790450215339661,0.5646360497921705,0.4236233392730355,0.6658842768520117,0.2919260039925575,0.28374412562698126,0.5806555543094873,0.6307216696441174,0.45672711730003357,0.6817598026245832,0.43041589204221964,0.7050331495702267,0.13543001213110983,0.681765653192997,0.9991656895726919,0.9999023452401161,0.24560546875,0.24267578125,0.232177734375,0.279541015625,0.24699519574642181,52,0.254807710647583,0.22235578298568726,0.2758413553237915,0.24387255311012268,51,0.24387255311012268,0.2352941334247589,0.2769607901573181,0.24203431606292725,51,0.24571079015731812,0.22671569883823395,0.2855392396450043,0.2928921580314636,51,0.24142158031463623,0.2297794222831726,0.23590686917304993,0.24080882966518402,51,0.24203431606292725,0.2506127655506134,0.2665441334247589,2.997690200805664,0.49422162771224976,0.09231159090995789,0.3483928442001343,0.006708042696118355,0.12761230766773224,0.11262018978595734,2.974705219268799,0.499144583940506,0.09462139755487442,0.34991633892059326,0.006803091615438461,0.13284315168857574,2.981041431427002,0.49682244658470154,0.09473256766796112,0.3503924012184143,0.007830344140529633,0.1196078509092331,2.970324993133545,0.4989822506904602,0.09474404901266098,0.3518085479736328,0.00593159394338727,0.13357843458652496,2.9978840351104736,0.500316858291626,0.09521766752004623,0.352744460105896,0.00854521244764328,0.13970589637756348,3.0048656463623047,0.501862645149231,0.09353958070278168,0.35154014825820923,0.008136988617479801
12,0.6604325659573078,0.01611328125,0.0031738281995785655,0.48884040489792824,0.6604325659573078,0.37542724609375,0.031255920126568526,0.13030978059396148,0.05152313981670886,0.7059560678899288,0.00012470947707754476,-0.024049051571637392,42.00845551490784,4.995375216007233,-0.6787252426147461,0.5577384438365698,0.4215228296816349,0.669486528262496,0.28157557360827923,0.2910221070051193,0.5763992201536894,0.632164491340518,0.4603256117552519,0.6844379678368568,0.4279486145824194,0.7059560678899288,0.13453723234124482,0.6851402036845684,0.9995437618345022,0.9999511726200581,0.2591552734375,0.234130859375,0.2333984375,0.2733154296875,0.23317308723926544,52,0.26742789149284363,0.22596155107021332,0.2734375,0.24938726425170898,51,0.24816177785396576,0.21997550129890442,0.2824755012989044,0.2297794222831726,51,0.2769607901573181,0.23835785686969757,0.2549019753932953,0.2824755012989044,51,0.2555147111415863,0.23039215803146362,0.23161765933036804,0.2512255012989044,51,0.24754902720451355,0.22794118523597717,0.27328431606292725,2.9920148849487305,0.4995276927947998,0.0961388647556305,0.3511558175086975,0.006862926296889782,0.12907715141773224,0.11249999701976776,2.9676713943481445,0.4977503716945648,0.09503630548715591,0.34874749183654785,0.006683775223791599,0.13406863808631897,2.9841856956481934,0.4957614839076996,0.09443160891532898,0.34965023398399353,0.007041050121188164,0.11605393141508102,2.9854063987731934,0.4981119632720947,0.0940956249833107,0.3497827649116516,0.006328334100544453,0.13676472008228302,2.9991981983184814,0.5012065172195435,0.09458738565444946,0.351592481136322,0.008113027550280094,0.1463235318660736,3.0155880451202393,0.5005814433097839,0.09470003843307495,0.3522902727127075,0.008980680257081985
13,0.6593133397400379,0.017822265625,0.0034667969648580765,0.47173644974827766,0.6593133397400379,0.3760986328125,0.033047483302652836,0.1356654348783195,0.05414020945318043,0.705004159361124,0.00012381738534816833,-0.022804422420449555,45.440311908721924,4.995840489864349,-0.679133415222168,0.5646260660141706,0.4141650088131428,0.6569726374000311,0.28230761643499136,0.2856280663982034,0.570234639570117,0.6240027043968439,0.45102126989513636,0.685355644673109,0.42958130594342947,0.705004159361124,0.13000596966594458,0.6742146573960781,0.9995385594666004,0.9999023452401161,0.2537841796875,0.22802734375,0.237060546875,0.2811279296875,0.23737981915473938,52,0.2602163553237915,0.23497596383094788,0.26742789149284363,0.2236519753932953,51,0.2444853037595749,0.2352941334247589,0.2965686321258545,0.24080882966518402,51,0.2610294222831726,0.23590686917304993,0.262254923582077,0.2965686321258545,51,0.25306373834609985,0.21200981736183167,0.23835785686969757,0.24080882966518402,51,0.25,0.22610294818878174,0.28308823704719543,2.978982925415039,0.49735027551651,0.09553994983434677,0.3505833148956299,0.00889229029417038,0.13393555581569672,0.11995192617177963,2.978940010070801,0.4954366385936737,0.09416603296995163,0.3481420874595642,0.00637905253097415,0.12438726425170898,2.974182605743408,0.495267778635025,0.0954577848315239,0.3516383171081543,0.007783697918057442,0.1303921639919281,2.9902195930480957,0.4990558922290802,0.09413493424654007,0.3496561348438263,0.006455837283283472,0.14240196347236633,2.9898359775543213,0.49727731943130493,0.09476874023675919,0.35135984420776367,0.008437984623014927,0.15281863510608673,3.018533945083618,0.4994876980781555,0.09373150765895844,0.3516833186149597,0.008741074241697788
14,0.6631269045174122,0.015869140625,0.0031005859782453626,0.4686011467128992,0.6631269045174122,0.37255859375,0.0319926900556311,0.1302344088908285,0.05040798895061016,0.7039975188672543,0.00022342772231453978,-0.02445897681172937,44.672354221343994,4.995595425367355,-0.6792370676994324,0.5731126312166452,0.41918765753507614,0.6658840794116259,0.28798888716846704,0.29137698467820883,0.5768654197454453,0.6374979615211487,0.4610008057206869,0.6875546630471945,0.4289808813482523,0.7039975188672543,0.12766891554929316,0.6689170394092798,0.99918232858181,0.9999267589300871,0.2431640625,0.2406005859375,0.2406005859375,0.275634765625,0.25901442766189575,52,0.24819712340831757,0.2265625149011612,0.2662259638309479,0.24264706671237946,51,0.25367647409439087,0.2236519753932953,0.28002452850341797,0.24754902720451355,51,0.23223039507865906,0.24571079015731812,0.27450981736183167,0.2659313678741455,51,0.26286765933036804,0.22303922474384308,0.24816177785396576,0.2591911852359772,51,0.2187500149011612,0.23039215803146362,0.2916666865348816,3.007312297821045,0.49957597255706787,0.09398625046014786,0.34860894083976746,0.003735356032848358,0.13259278237819672,0.11778846383094788,2.9856526851654053,0.49562615156173706,0.09390518069267273,0.34941360354423523,0.0056736404076218605,0.12156863510608673,2.9819533824920654,0.4956038296222687,0.09424211084842682,0.34995827078819275,0.007442787755280733,0.1307598054409027,2.9836153984069824,0.4969000220298767,0.0951799526810646,0.3512566387653351,0.006493964698165655,0.13946078717708588,3.0169458389282227,0.4974254071712494,0.09381216764450073,0.35042983293533325,0.006923974957317114,0.15367648005485535,3.023517608642578,0.5005104541778564,0.09471077471971512,0.3528629541397095,0.007957132533192635
15,0.6626316793262959,0.01806640625,0.0035644531726575224,0.47277715522795916,0.6626316793262959,0.37591552734375,0.030755920452065766,0.1352943645324558,0.047154350322671235,0.7043177299201488,0.00035191698538028504,-0.022418843815103173,44.8466362953186,4.994286507368088,-0.6788908839225769,0.5683743450790644,0.42036275286227465,0.6723084412515163,0.286171923391521,0.2903152508661151,0.5775130037218332,0.6337249148637056,0.45367862191051245,0.6823453456163406,0.4303011428564787,0.7043177299201488,0.1301795442122966,0.6740235891193151,0.9987467713654041,0.9999511726200581,0.2408447265625,0.236572265625,0.2337646484375,0.288818359375,0.2421875149011612,52,0.24579328298568726,0.2445913553237915,0.26742789149284363,0.22610294818878174,51,0.2395833432674408,0.24080882966518402,0.293504923582077,0.24142158031463623,51,0.24571079015731812,0.2236519753932953,0.28921568393707275,0.29534316062927246,51,0.2389705926179886,0.24203431606292725,0.2236519753932953,0.23590686917304993,51,0.2340686321258545,0.23100490868091583,0.29901960492134094,3.018855094909668,0.49422043561935425,0.09493735432624817,0.35102903842926025,0.008682211861014366,0.13337402045726776,0.12367788702249527,2.9781322479248047,0.49580755829811096,0.09449737519025803,0.34962698817253113,0.005958354100584984,0.12205883115530014,2.9777276515960693,0.4943879246711731,0.09534095972776413,0.35115665197372437,0.00664605014026165,0.1256127506494522,2.962367534637451,0.49747931957244873,0.09469734132289886,0.35079237818717957,0.005751083139330149,0.1453431397676468,3.0102038383483887,0.5004004240036011,0.09366150945425034,0.3514014780521393,0.007440900430083275,0.15036766231060028,3.022172689437866,0.5003381967544556,0.09410054236650467,0.3525218963623047,0.008693885058164597
16,0.6606268379837275,0.016845703125,0.0032714844219299266,0.46696529909968376,0.6606268379837275,0.375,0.03134522627806291,0.13339456473477185,0.04701844579540193,0.6972824484109879,0.00021393424842131026,-0.025410275149624795,43.66959095001221,4.992508679628372,-0.677880585193634,0.5690702721476555,0.4245448214933276,0.6651747301220894,0.2798084542155266,0.2880232585594058,0.5806318242102861,0.6404697168618441,0.46100164484232664,0.6791572701185942,0.43027277663350105,0.6972824484109879,0.1271952975075692,0.6742377690970898,0.9992218483239412,0.9999023452401161,0.2501220703125,0.2479248046875,0.228515625,0.2734375,0.24879808723926544,52,0.2602163553237915,0.21814905107021332,0.2728365361690521,0.2444853037595749,51,0.24571079015731812,0.2340686321258545,0.2757353186607361,0.25796568393707275,51,0.24325981736183167,0.240196093916893,0.25857844948768616,0.2720588445663452,51,0.25796568393707275,0.24632354080677032,0.2236519753932953,0.22671569883823395,51,0.24325981736183167,0.24203431606292725,0.2879902124404907,2.984046459197998,0.4965519309043884,0.09453773498535156,0.3489956259727478,0.006952883675694466,0.1328125,0.1274038404226303,2.98371958732605,0.494940847158432,0.09403195977210999,0.3484192490577698,0.006062760949134827,0.12438726425170898,2.9783217906951904,0.4970536530017853,0.09431372582912445,0.35020941495895386,0.0068718865513801575,0.11862745881080627,2.9891281127929688,0.4977467954158783,0.09453487396240234,0.3500629961490631,0.006108770612627268,0.1359068751335144,3.008652448654175,0.5004336833953857,0.0934259220957756,0.351071834564209,0.007290984969586134,0.15784314274787903,3.0256576538085938,0.49896639585494995,0.09373734146356583,0.3514912724494934,0.008605685085058212
17,0.6561059225350618,0.017578125,0.003442382912908215,0.4913449166342616,0.6561059225350618,0.37872314453125,0.03545509255491197,0.14041144610382617,0.04768712632358074,0.7098437547683716,0.00021651892864715805,-0.02385406571556814,45.044270515441895,4.988279432058334,-0.6771804690361023,0.5560774132609367,0.41792017221450806,0.6540050487965345,0.28402604069560766,0.28174599073827267,0.5736458245664835,0.6300977673381567,0.4530025590211153,0.679172633215785,0.42742762714624405,0.7098437547683716,0.12486213934607804,0.6776971016079187,0.999231344088912,0.9999267589300871,0.25244140625,0.2254638671875,0.236083984375,0.2860107421875,0.2343750149011612,52,0.23798078298568726,0.23497596383094788,0.29266828298568726,0.23345589637756348,51,0.2610294222831726,0.22794118523597717,0.27757352590560913,0.21813726425170898,51,0.2604166865348816,0.2340686321258545,0.2873774468898773,0.28982844948768616,51,0.2542892098426819,0.20955882966518402,0.24632354080677032,0.23713235557079315,51,0.24877451360225677,0.23161765933036804,0.2824755012989044,2.9794089794158936,0.4996870458126068,0.09499327838420868,0.3526104688644409,0.009230957366526127,0.14016114175319672,0.12812499701976776,2.969931125640869,0.49494120478630066,0.09537206590175629,0.35103437304496765,0.006839281413704157,0.13676472008228302,2.9775421619415283,0.4941015839576721,0.09447795897722244,0.3509201407432556,0.006958798039704561,0.1303921639919281,2.972728729248047,0.49509814381599426,0.09549818187952042,0.3519783020019531,0.00722259096801281,0.13933824002742767,3.0012598037719727,0.4966164827346802,0.0949002280831337,0.3525271415710449,0.007309780456125736,0.166421577334404,3.0226120948791504,0.4970790147781372,0.09391841292381287,0.35206732153892517,0.007765446323901415
18,0.6567102447152138,0.0179443359375,0.0034912109786091605,0.49164321552962065,0.6567102447152138,0.3751220703125,0.03033968264935538,0.13710681279189885,0.050307484227232635,0.7098693139851093,0.0003364439491519988,-0.025426037493161857,44.37904906272888,4.988333016633987,-0.6771611571311951,0.5494497828185558,0.41748917289078236,0.6712669730186462,0.2833742401562631,0.28830240573734045,0.5736718736588955,0.6299890875816345,0.4565837914124131,0.6810465585440397,0.4289143430069089,0.7098693139851093,0.12906859000213444,0.6694946885108948,0.9987873788923025,0.9999023452401161,0.2523193359375,0.2335205078125,0.23876953125,0.275390625,0.24158655107021332,52,0.25180289149284363,0.2289663553237915,0.27764424681663513,0.2450980544090271,51,0.24938726425170898,0.23345589637756348,0.2720588445663452,0.24080882966518402,51,0.23345589637756348,0.2444853037595749,0.28125,0.27757352590560913,51,0.26838237047195435,0.21078431606292725,0.24325981736183167,0.24387255311012268,51,0.25857844948768616,0.2291666716337204,0.26838237047195435,3.0124363899230957,0.4865063726902008,0.09698700159788132,0.3529319167137146,0.009389122948050499,0.13679198920726776,0.12776441872119904,2.9899110794067383,0.49369946122169495,0.09494451433420181,0.35102155804634094,0.00633116764947772,0.1352941244840622,2.990300416946411,0.4916090965270996,0.09524719417095184,0.3504854440689087,0.00701368972659111,0.12769608199596405,2.977268695831299,0.4947538375854492,0.09569258242845535,0.35240623354911804,0.007724234368652105,0.14705882966518402,3.00730299949646,0.49390658736228943,0.09454651921987534,0.35158446431159973,0.007387208286672831,0.1463235318660736,3.033461809158325,0.4954606890678406,0.09417099505662918,0.35193687677383423,0.00781334564089775
19,0.6580775324255228,0.017333984375,0.0033935547508008312,0.49106905423104763,0.6580775324255228,0.37689208984375,0.033667486102785915,0.13209137110970914,0.04923864500597119,0.7108185775578022,0.0004012585356452103,-0.025050170603208244,40.66961431503296,4.985869914293289,-0.6768807768821716,0.5539345927536488,0.41635008715093136,0.6682396531105042,0.27668574545532465,0.29282221384346485,0.5730800610035658,0.6306811589747667,0.4535291139036417,0.6829277742654085,0.4272290728986263,0.7108185775578022,0.12809078814461827,0.6709100790321827,0.998574648052454,0.9999267589300871,0.2562255859375,0.2230224609375,0.252197265625,0.2685546875,0.2241586595773697,52,0.26141828298568726,0.25961539149284363,0.254807710647583,0.2297794222831726,51,0.25,0.24264706671237946,0.27757352590560913,0.23039215803146362,51,0.2665441334247589,0.24693627655506134,0.2561274468898773,0.2861519753932953,51,0.2561274468898773,0.20710785686969757,0.2506127655506134,0.2610294222831726,51,0.24693627655506134,0.2236519753932953,0.26838237047195435,3.0040111541748047,0.48864808678627014,0.09274931252002716,0.3531997799873352,0.005635982844978571,0.13889160752296448,0.12704326212406158,3.0009679794311523,0.4924466907978058,0.09449603408575058,0.35118186473846436,0.006326944101601839,0.13198530673980713,2.9745216369628906,0.49164193868637085,0.09553726017475128,0.35038673877716064,0.006999364122748375,0.13700981438159943,2.997979164123535,0.49356234073638916,0.094448521733284,0.3510846197605133,0.006840749178081751,0.14803922176361084,2.9993114471435547,0.4953749179840088,0.09539134800434113,0.35274651646614075,0.007141582202166319,0.1506127566099167,3.0294301509857178,0.4928874671459198,0.09430165588855743,0.3526269495487213,0.007170004304498434
20,0.6555858589708805,0.0169677734375,0.003247070369980065,0.5048148650676012,0.6555858589708805,0.3834228515625,0.03527625242713839,0.1435403353534639,0.05089969397522509,0.7149172052741051,0.00027048468989043783,-0.025213381013600156,39.863332986831665,4.985156416893005,-0.6772403120994568,0.5494704432785511,0.4178732167929411,0.6578426696360111,0.27583234943449497,0.28767229430377483,0.5736264176666737,0.6304059028625488,0.4503310127183795,0.6802764311432838,0.42232289630919695,0.7149172052741051,0.12503682426176965,0.6707526296377182,0.9990344885736704,0.9998535178601742,0.25830078125,0.2156982421875,0.2559814453125,0.27001953125,0.21694712340831757,52,0.26923078298568726,0.23497596383094788,0.2788461744785309,0.21568627655506134,51,0.24632354080677032,0.2549019753932953,0.28308823704719543,0.2132353037595749,51,0.27328431606292725,0.2647058963775635,0.24877451360225677,0.26286765933036804,51,0.2591911852359772,0.20955882966518402,0.26838237047195435,0.25735294818878174,51,0.24325981736183167,0.22303922474384308,0.2763480544090271,2.96468186378479,0.490320086479187,0.09345109015703201,0.3548303544521332,0.007351011503487825,0.14277343451976776,0.1278846114873886,2.9744350910186768,0.4922761619091034,0.09563501179218292,0.35198792815208435,0.006007064133882523,0.13443627953529358,2.9786839485168457,0.4911486506462097,0.09560777246952057,0.3526606559753418,0.006549914833158255,0.1408088356256485,2.9963841438293457,0.49267932772636414,0.0947103351354599,0.35148540139198303,0.006452649831771851,0.14840687811374664,3.0116333961486816,0.49368801712989807,0.09471689909696579,0.35329943895339966,0.007292290683835745,0.16262255609035492,3.0322656631469727,0.4905262291431427,0.09484659880399704,0.3527078330516815,0.007365196477621794
21,0.6580173783004284,0.0169677734375,0.003247070388169959,0.49194205831736326,0.6580173783004284,0.38592529296875,0.03409426147118211,0.14181902562268078,0.049276191275566816,0.7127205245196819,0.00021533979986543272,-0.023899284991784953,42.864205837249756,4.985415577888489,-0.6763766407966614,0.5564621444791555,0.41518192924559116,0.6626074239611626,0.2787205623462796,0.2889851350337267,0.5711993183940649,0.6346109081059694,0.4460235796868801,0.6831780597567558,0.4256728123873472,0.7127205245196819,0.12669351510703564,0.6722163408994675,0.9992156326770782,0.9998535178601742,0.276611328125,0.21240234375,0.2451171875,0.265869140625,0.21574519574642181,52,0.2836538553237915,0.24399039149284363,0.25661057233810425,0.2187500149011612,51,0.27450981736183167,0.25367647409439087,0.25306373834609985,0.19546569883823395,51,0.2867647111415863,0.23590686917304993,0.2818627655506134,0.2653186321258545,51,0.27757352590560913,0.21078431606292725,0.24632354080677032,0.24571079015731812,51,0.2604166865348816,0.22120098769664764,0.27267158031463623,3.0134105682373047,0.4929799437522888,0.0940529853105545,0.35140860080718994,0.005978121422231197,0.14145508408546448,0.1294471174478531,2.996386766433716,0.4911183714866638,0.0952160507440567,0.35076338052749634,0.006004705093801022,0.1361519694328308,2.9915225505828857,0.4907582700252533,0.09515760093927383,0.35185298323631287,0.006178208626806736,0.13676472008228302,2.9735891819000244,0.4921269416809082,0.09619361907243729,0.3531848192214966,0.005556934978812933,0.14754903316497803,3.012092351913452,0.4920753240585327,0.09431774169206619,0.35253533720970154,0.006246969103813171,0.15759804844856262,3.034667491912842,0.48965442180633545,0.09444334357976913,0.3526361286640167,0.007625708822160959
22,0.6510820798575878,0.0167236328125,0.003173828201397555,0.5084376148879528,0.6510820798575878,0.38006591796875,0.034753826388623565,0.14684259332716465,0.0538336259778589,0.7118201106786728,0.00017196727467982953,-0.022669305762974545,40.538047075271606,4.981461882591248,-0.6756995916366577,0.5363872675225139,0.4115983247756958,0.6585959531366825,0.27988411765545607,0.2850971184670925,0.5664086826145649,0.6271598394960165,0.4525144621729851,0.6764768920838833,0.4216639334335923,0.7118201106786728,0.1259125890210271,0.6721161175519228,0.9993750937283039,0.9998291041702032,0.260986328125,0.2183837890625,0.24365234375,0.2769775390625,0.21514423191547394,52,0.2884615361690521,0.24519231915473938,0.25120192766189575,0.2248774617910385,51,0.25796568393707275,0.25,0.2671568691730499,0.2236519753932953,51,0.25306373834609985,0.24080882966518402,0.2824755012989044,0.28860294818878174,51,0.2616421580314636,0.21507354080677032,0.2346813827753067,0.24754902720451355,51,0.24325981736183167,0.2132353037595749,0.2959558963775635,3.001552104949951,0.49062269926071167,0.09474355727434158,0.3521531820297241,0.006502917036414146,0.14082030951976776,0.13064904510974884,2.9924135208129883,0.4903774857521057,0.0945889875292778,0.35130977630615234,0.006095567252486944,0.12892158329486847,2.9836008548736572,0.4900318384170532,0.09533226490020752,0.35235074162483215,0.006741255056113005,0.13639706373214722,2.9719884395599365,0.49200332164764404,0.09575548768043518,0.3529835641384125,0.006195778958499432,0.145955890417099,3.0061304569244385,0.4905420243740082,0.09412656724452972,0.35253435373306274,0.006824403535574675,0.1623774617910385,3.0150814056396484,0.48920637369155884,0.0948677808046341,0.35375842452049255,0.008005804382264614
23,0.6521523930132389,0.018798828125,0.003564453194485395,0.5045574167743325,0.6521523930132389,0.38134765625,0.03566738776862621,0.14667506283149123,0.05333358503412455,0.7150392550975084,0.00022126324766041927,-0.023414109178702347,45.874669551849365,4.976183146238327,-0.6758995652198792,0.5462801568210125,0.413373994641006,0.654504107311368,0.27947116270661354,0.2867736890912056,0.5679504983127117,0.6183296758681536,0.44551365822553635,0.677722966298461,0.4234226979315281,0.7150392550975084,0.12460215482860804,0.664785623550415,0.9991827700287104,0.9998046904802322,0.260498046875,0.2125244140625,0.2425537109375,0.284423828125,0.22596155107021332,52,0.25420674681663513,0.24639424681663513,0.2734375,0.20649510622024536,51,0.2659313678741455,0.2561274468898773,0.2714460790157318,0.21691177785396576,51,0.2591911852359772,0.25367647409439087,0.2702206075191498,0.3020833432674408,51,0.27267158031463623,0.20404411852359772,0.22120098769664764,0.2352941334247589,51,0.2506127655506134,0.2089460790157318,0.30514708161354065,2.983288288116455,0.48874467611312866,0.09633922576904297,0.3528957962989807,0.008217521011829376,0.14499512314796448,0.13341346383094788,2.9827771186828613,0.49122583866119385,0.09492368251085281,0.3519045114517212,0.005870510824024677,0.12855392694473267,2.9754388332366943,0.49062320590019226,0.09534542262554169,0.35217058658599854,0.007157661486417055,0.13946078717708588,2.9931745529174805,0.49094051122665405,0.09577551484107971,0.3529832363128662,0.0067029050551354885,0.1514706015586853,2.9982168674468994,0.4913633167743683,0.09510698914527893,0.35268324613571167,0.006818224675953388,0.1723039299249649,3.018313407897949,0.49013185501098633,0.09466201812028885,0.35320940613746643,0.00886719673871994
24,0.6538308653980494,0.0166015625,0.003222656319849193,0.48702942952513695,0.6538308653980494,0.38055419921875,0.03628584981197491,0.13558766269125044,0.055300898966379464,0.7172211576253176,0.00027237682505187877,-0.021624559129122645,44.89845657348633,4.972601771354675,-0.6765336394309998,0.5509961973875761,0.41172588150948286,0.6554834879934788,0.28043195558711886,0.2849463429301977,0.5659546982496977,0.6227779779583216,0.4479297809302807,0.6794081125408411,0.42685447819530964,0.7172211576253176,0.12578995479270816,0.661672068759799,0.9990114774554968,0.9999023452401161,0.256591796875,0.205810546875,0.239013671875,0.298583984375,0.20372596383094788,52,0.2764423191547394,0.23377405107021332,0.286057710647583,0.2132353037595749,51,0.2506127655506134,0.2389705926179886,0.2971813976764679,0.2138480395078659,51,0.26409316062927246,0.23835785686969757,0.28370100259780884,0.3180147111415863,51,0.25245100259780884,0.19178922474384308,0.23774510622024536,0.24632354080677032,51,0.2389705926179886,0.20649510622024536,0.3082107901573181,2.9556350708007812,0.4947335124015808,0.09459656476974487,0.3527674674987793,0.009637298062443733,0.14597168564796448,0.13305288553237915,2.989619731903076,0.4911130666732788,0.09469802677631378,0.351423054933548,0.006459865253418684,0.13357843458652496,2.971484661102295,0.48986294865608215,0.09559378027915955,0.3530310094356537,0.007791994605213404,0.14693628251552582,2.9944674968719482,0.4917053282260895,0.09501408785581589,0.35289886593818665,0.006658615544438362,0.1513480544090271,2.980448007583618,0.492265522480011,0.09569192677736282,0.3541583716869354,0.007055469788610935,0.16519609093666077,3.0115973949432373,0.4893134832382202,0.09516174346208572,0.35395950078964233,0.008590077981352806
25,0.6575552318245173,0.01953125,0.00361328132385097,0.48427493032068014,0.6575552318245173,0.38250732421875,0.03248955850722268,0.13768966775387526,0.050280203693546355,0.7309007160365582,0.00027719756126766415,-0.023002816800726578,45.427260398864746,4.961595952510834,-0.6769412755966187,0.5543437786400318,0.4109243005514145,0.6705770399421453,0.2868094574660063,0.28517753910273314,0.5681907925754786,0.6242359187453985,0.45703883562237024,0.6782316882163286,0.42747245356440544,0.7309007160365582,0.12570722633972764,0.6726393327116966,0.9989936072379351,0.9997070357203484,0.2381591796875,0.209716796875,0.23974609375,0.3123779296875,0.2241586595773697,52,0.23137019574642181,0.2397836595773697,0.3046875,0.21997550129890442,51,0.23100490868091583,0.24264706671237946,0.3063725531101227,0.2034313827753067,51,0.24203431606292725,0.2542892098426819,0.30024510622024536,0.3125,51,0.24877451360225677,0.19178922474384308,0.24693627655506134,0.21507354080677032,51,0.23774510622024536,0.2089460790157318,0.3382353186607361,2.954418182373047,0.4892445206642151,0.09835189580917358,0.35551780462265015,0.005997937172651291,0.142578125,0.12752403318881989,2.969020128250122,0.49217942357063293,0.09672171622514725,0.35361385345458984,0.006397867109626532,0.135171577334404,2.9537830352783203,0.49230247735977173,0.09644650667905807,0.35332611203193665,0.007299365010112524,0.1350490301847458,2.9691922664642334,0.49149444699287415,0.09665125608444214,0.3542110025882721,0.006901629269123077,0.14889706671237946,2.9825308322906494,0.4930434226989746,0.09635131061077118,0.35503000020980835,0.007174820639193058,0.1665441244840622,2.9963266849517822,0.4925669729709625,0.0955502986907959,0.3539848029613495,0.007167546544224024
26,0.6534077674150467,0.0184326171875,0.003515625076033757,0.49734965059906244,0.6534077674150467,0.3828125,0.03509524429682642,0.13977903174236417,0.05004092934541404,0.7279739696532488,0.00022713975116062102,-0.02709120993677061,38.770721197128296,4.9573787450790405,-0.677298367023468,0.5500359050929546,0.41225307527929544,0.6541766505688429,0.27961665019392967,0.28197525441646576,0.5675215851515532,0.618016766384244,0.4522467590868473,0.6790837310254574,0.4261678075417876,0.7279739696532488,0.12687873002141714,0.6639062482863665,0.9991631899029016,0.9998291041702032,0.238525390625,0.209228515625,0.244873046875,0.307373046875,0.21274039149284363,52,0.23076924681663513,0.2602163553237915,0.2962740361690521,0.2077205926179886,51,0.24203431606292725,0.24938726425170898,0.3008578419685364,0.21997550129890442,51,0.25367647409439087,0.2340686321258545,0.2922794222831726,0.31004902720451355,51,0.24325981736183167,0.1881127506494522,0.25857844948768616,0.22181373834609985,51,0.22303922474384308,0.21752451360225677,0.3376225531101227,3.0006027221679688,0.48883289098739624,0.09730307757854462,0.35355710983276367,0.006140140816569328,0.14743652939796448,0.13389423489570618,2.9859766960144043,0.4915197491645813,0.09629112482070923,0.35210028290748596,0.007228978909552097,0.13357843458652496,2.9716508388519287,0.4909031093120575,0.09630920737981796,0.3530654013156891,0.007588918786495924,0.13848039507865906,2.980177164077759,0.4920383095741272,0.09578325599431992,0.3529171049594879,0.0067994422279298306,0.157230406999588,2.997847080230713,0.4934047758579254,0.09621156752109528,0.35412874817848206,0.008133954368531704,0.17426471412181854,2.9977285861968994,0.49285149574279785,0.09577178955078125,0.354205459356308,0.007550987880676985
27,0.6583279706537724,0.014892578125,0.0029052734880679054,0.4796708356589079,0.6583279706537724,0.3758544921875,0.03177306446013972,0.1399918005336076,0.047780372435227036,0.7287948448210955,0.00011515955131358169,-0.01966075971722603,36.0313982963562,4.95549613237381,-0.6774393320083618,0.5559254810214043,0.4135142909362912,0.6682954281568527,0.28506261482834816,0.2862253151834011,0.5685304421931505,0.6282612588256598,0.46322579123079777,0.6790574807673693,0.42531900852918625,0.7287948448210955,0.1286629803944379,0.674904378131032,0.9995749648660421,0.9999267589300871,0.233154296875,0.22412109375,0.246337890625,0.29638671875,0.23317308723926544,52,0.2445913553237915,0.2554086744785309,0.26682692766189575,0.2193627506494522,51,0.24080882966518402,0.23774510622024536,0.3020833432674408,0.2248774617910385,51,0.24203431606292725,0.25,0.28308823704719543,0.3174019753932953,51,0.22120098769664764,0.21997550129890442,0.24142158031463623,0.24693627655506134,51,0.21691177785396576,0.22303922474384308,0.3131127655506134,2.9937591552734375,0.49082908034324646,0.09438611567020416,0.353413850069046,0.004952916409820318,0.14174805581569672,0.13557691872119904,2.992643117904663,0.4912659525871277,0.09606073796749115,0.35088908672332764,0.005948528181761503,0.13223040103912354,2.9641709327697754,0.49122950434684753,0.09615585207939148,0.35175997018814087,0.00583646260201931,0.12781862914562225,2.9781200885772705,0.49126136302948,0.09613913297653198,0.3530566096305847,0.005734242964535952,0.1518382430076599,2.9831109046936035,0.4944528043270111,0.0961361899971962,0.3538198471069336,0.006496470421552658,0.1613970696926117,3.005633592605591,0.49497514963150024,0.09607812762260437,0.35422345995903015,0.0071988836862146854
28,0.6577957794070244,0.017578125,0.0034423829019942787,0.4787394357845187,0.6577957794070244,0.37799072265625,0.029402405954897404,0.13317466899752617,0.04909042676445097,0.7280797176063061,0.00016475341161026336,-0.02560055087087676,45.70006060600281,4.9610403180122375,-0.6767765879631042,0.5503369681537151,0.4095920752733946,0.6712481994181871,0.2822231464087963,0.2878007395192981,0.5659541226923466,0.6279308181256056,0.4590580863878131,0.6844671778380871,0.43126739375293255,0.7280797176063061,0.12650155974552035,0.6685468312352896,0.9993943106383085,0.9999267589300871,0.2318115234375,0.2239990234375,0.2503662109375,0.2938232421875,0.2367788553237915,52,0.22836539149284363,0.24519231915473938,0.2896634638309479,0.2248774617910385,51,0.22671569883823395,0.25,0.2984068691730499,0.21691177785396576,51,0.2352941334247589,0.24754902720451355,0.30024510622024536,0.2867647111415863,51,0.23651961982250214,0.22242647409439087,0.2542892098426819,0.2549019753932953,51,0.23223039507865906,0.2187500149011612,0.29411765933036804,2.9709982872009277,0.49062860012054443,0.09767647832632065,0.3526594936847687,0.00749241141602397,0.14548340439796448,0.1337740421295166,2.980818033218384,0.49168661236763,0.09584502130746841,0.3514469861984253,0.006417388096451759,0.13492648303508759,2.9717800617218018,0.49184906482696533,0.09710339456796646,0.352222204208374,0.006366468966007233,0.13933824002742767,2.977316379547119,0.49400070309638977,0.0969134122133255,0.35392552614212036,0.006262104958295822,0.1561274528503418,3.0027849674224854,0.4924600124359131,0.09491787850856781,0.3526526987552643,0.006289611104875803,0.16348040103912354,3.0170834064483643,0.4944300353527069,0.09570127725601196,0.35312071442604065,0.00701940106227994
29,0.6569754872471094,0.0164794921875,0.0032958985248114914,0.4908016696572304,0.6569754872471094,0.37109375,0.031599415524397045,0.13913519214838743,0.04824453906621784,0.721879817545414,0.0001673399391037833,-0.024924170458689332,45.39347815513611,4.9551034569740295,-0.6761577725410461,0.5506611205637455,0.4187718378379941,0.6695948801934719,0.2831637104973197,0.2860904149711132,0.5752598121762276,0.6340563427656889,0.47092044074088335,0.678686236962676,0.4277097387239337,0.721879817545414,0.12589854234829545,0.6694081667810678,0.9993856120854616,1.0,0.221923828125,0.239501953125,0.25146484375,0.287109375,0.2506009638309479,52,0.21935096383094788,0.24939905107021332,0.2806490361690521,0.24203431606292725,51,0.22610294818878174,0.25735294818878174,0.27450981736183167,0.24080882966518402,51,0.23161765933036804,0.25367647409439087,0.27389708161354065,0.30575981736183167,51,0.21691177785396576,0.23039215803146362,0.24693627655506134,0.25,51,0.21568627655506134,0.23345589637756348,0.3008578419685364,2.9989445209503174,0.49324357509613037,0.09719448536634445,0.35134515166282654,0.00824642926454544,0.14577637612819672,0.13737981021404266,2.9887943267822266,0.4929507374763489,0.09513527899980545,0.3519793450832367,0.006296238396316767,0.1361519694328308,2.9779341220855713,0.49115028977394104,0.09579476714134216,0.35119810700416565,0.007515559438616037,0.13700981438159943,2.9824321269989014,0.49266090989112854,0.09591397643089294,0.35224905610084534,0.005666631739586592,0.15833334624767303,2.988208770751953,0.49336808919906616,0.09540814161300659,0.35290005803108215,0.006579795386642218,0.16017158329486847,3.015596866607666,0.4925524890422821,0.09540935605764389,0.35351040959358215,0.007452004589140415
30,0.6551844757050276,0.0162353515625,0.0031250000774889486,0.49975215550512075,0.6551844757050276,0.37542724609375,0.0325896255671978,0.14065168146044016,0.0493200805503875,0.7174436002969742,0.0002461820200814202,-0.02550004661316052,43.586307764053345,4.951640367507935,-0.6762194037437439,0.5443681739270687,0.4213245343416929,0.660639438778162,0.2799470513127744,0.28624236211180687,0.5745138190686703,0.6341170836240053,0.4646176304668188,0.680586701259017,0.42703558318316936,0.7174436002969742,0.12771961861290038,0.6627318374812603,0.9991236962378025,0.9998779315501451,0.233154296875,0.2374267578125,0.2418212890625,0.28759765625,0.24338942766189575,52,0.24939905107021332,0.2319711595773697,0.27524039149284363,0.24754902720451355,51,0.2395833432674408,0.2352941334247589,0.27757352590560913,0.22058823704719543,51,0.24325981736183167,0.24877451360225677,0.2873774468898773,0.28982844948768616,51,0.22794118523597717,0.23345589637756348,0.24877451360225677,0.2444853037595749,51,0.20526961982250214,0.24203431606292725,0.3082107901573181,2.9984874725341797,0.49121585488319397,0.09335995465517044,0.3505304157733917,0.007629780098795891,0.14914551377296448,0.1342548131942749,2.984056234359741,0.49308112263679504,0.09446897357702255,0.35022348165512085,0.006037426181137562,0.14460785686969757,3.000478506088257,0.4913087785243988,0.0953659936785698,0.35070285201072693,0.006505928933620453,0.1412990242242813,2.9804892539978027,0.49004215002059937,0.09586512297391891,0.352886438369751,0.005729456897825003,0.1561274528503418,3.0109660625457764,0.4923238456249237,0.09506507217884064,0.35235631465911865,0.007178270723670721,0.16973039507865906,3.011875629425049,0.48940324783325195,0.09538447111845016,0.35345691442489624,0.006815104279667139
31,0.6602571681141853,0.0172119140625,0.003247070382712991,0.482992977835238,0.6602571681141853,0.37750244140625,0.032743235235102475,0.13286127499304712,0.047764203511178493,0.7164840139448643,0.0003321439095387291,-0.02708651780267246,44.97836256027222,4.943588584661484,-0.6767570376396179,0.5605625323951244,0.42291695810854435,0.6678808145225048,0.2824806636199355,0.28796722181141376,0.5784799568355083,0.640293700620532,0.46177343651652336,0.6847801022231579,0.43010556790977716,0.7164840139448643,0.12118954258039594,0.6613829862326384,0.9988276213407516,0.9998046904802322,0.2320556640625,0.23388671875,0.24853515625,0.2855224609375,0.23858174681663513,52,0.2343750149011612,0.2608173191547394,0.2662259638309479,0.23345589637756348,51,0.23223039507865906,0.25245100259780884,0.2818627655506134,0.23284314572811127,51,0.2444853037595749,0.25367647409439087,0.26899510622024536,0.2922794222831726,51,0.2187500149011612,0.24142158031463623,0.24754902720451355,0.22794118523597717,51,0.23039215803146362,0.22303922474384308,0.3186274766921997,3.0012078285217285,0.49105358123779297,0.09678639471530914,0.3526342511177063,0.006117729470133781,0.15200196206569672,0.13581730425357819,2.986300468444824,0.49158260226249695,0.09517978876829147,0.3511219024658203,0.0065856510773301125,0.14865197241306305,2.9822628498077393,0.4898742437362671,0.09604977816343307,0.3513030707836151,0.007709978148341179,0.14276961982250214,2.989257335662842,0.4926243722438812,0.09579841792583466,0.35210636258125305,0.006214920897036791,0.15992647409439087,3.0053634643554688,0.4919188320636749,0.0951927974820137,0.3522781729698181,0.007601488847285509,0.17316177487373352,3.0165367126464844,0.4918670058250427,0.09419281780719757,0.35283133387565613,0.006794019136577845
32,0.6528116203844547,0.017822265625,0.0033935547562577995,0.5096589243039489,0.6528116203844547,0.37762451171875,0.03539098869077861,0.13615153264254332,0.04880289104767144,0.7194160744547844,0.0004218127204467237,-0.025003124814247712,44.26810646057129,4.937561601400375,-0.6772381663322449,0.5399409290403128,0.41298561822623014,0.6664108596742153,0.28081673476845026,0.28564578015357256,0.568219494074583,0.6267336364835501,0.45700084045529366,0.6805017814040184,0.42661529313772917,0.7194160744547844,0.12002674676477909,0.6620180252939463,0.9985287599265575,0.9998291041702032,0.2352294921875,0.2386474609375,0.249755859375,0.2763671875,0.23557692766189575,52,0.2445913553237915,0.26141828298568726,0.2584134638309479,0.24387255311012268,51,0.2444853037595749,0.24938726425170898,0.262254923582077,0.23590686917304993,51,0.23774510622024536,0.2549019753932953,0.2714460790157318,0.2861519753932953,51,0.23161765933036804,0.22181373834609985,0.2604166865348816,0.22242647409439087,51,0.21752451360225677,0.2561274468898773,0.30392158031463623,2.9792823791503906,0.4919298589229584,0.09535370022058487,0.35313504934310913,0.005657114554196596,0.14863280951976776,0.13581730425357819,2.993654251098633,0.49137821793556213,0.09578835964202881,0.3502219319343567,0.006024681963026524,0.1361519694328308,2.983856201171875,0.4891768991947174,0.09570784121751785,0.34991124272346497,0.006737342104315758,0.14448530972003937,2.999237537384033,0.49109184741973877,0.0951017215847969,0.35268813371658325,0.006088762544095516,0.1515931487083435,3.001075506210327,0.49197179079055786,0.09558650106191635,0.3527383506298065,0.007767786271870136,0.17536765336990356,3.023344039916992,0.4915299415588379,0.09471900761127472,0.35223695635795593,0.007326650898903608
33,0.6527196876704693,0.0177001953125,0.0034179688118456397,0.5083627263084054,0.6527196876704693,0.37158203125,0.03499884199118242,0.14104616804979742,0.049986305995844305,0.7129946816712618,0.00019330722602717287,-0.025401208898983896,45.08963942527771,4.928771108388901,-0.6782183051109314,0.5426468644291162,0.41199450846761465,0.6572970487177372,0.27677828446030617,0.28708296129480004,0.5681822560727596,0.6240635793656111,0.454835363663733,0.6805136408656836,0.4255843497812748,0.7129946816712618,0.12177882785908878,0.6702689602971077,0.9992904867976904,0.9998779315501451,0.242919921875,0.2425537109375,0.2442626953125,0.270263671875,0.23737981915473938,52,0.26201924681663513,0.24399039149284363,0.25661057233810425,0.24080882966518402,51,0.2506127655506134,0.2506127655506134,0.25796568393707275,0.25857844948768616,51,0.2512255012989044,0.22671569883823395,0.26348039507865906,0.2965686321258545,51,0.22120098769664764,0.23345589637756348,0.24877451360225677,0.2512255012989044,51,0.2291666716337204,0.24264706671237946,0.2769607901573181,3.004178047180176,0.4953816533088684,0.09362421929836273,0.350826621055603,0.006673633120954037,0.15061035752296448,0.13485576212406158,2.987250566482544,0.49165353178977966,0.09473257511854172,0.3498620092868805,0.005727972369641066,0.13860294222831726,2.9894332885742188,0.4909999966621399,0.09512729942798615,0.35020744800567627,0.007458708249032497,0.14803922176361084,2.990267276763916,0.4936745762825012,0.09433858841657639,0.3506814241409302,0.0061530666425824165,0.15563726425170898,2.9918956756591797,0.49266326427459717,0.09526225179433823,0.3527437448501587,0.006597742438316345,0.17622549831867218,3.025546073913574,0.4908359944820404,0.0950697734951973,0.3524535894393921,0.007633102126419544
34,0.658057052642107,0.015869140625,0.003076171948123374,0.4845860982313752,0.658057052642107,0.37628173828125,0.03475046489620581,0.14044592529535294,0.04987854487262666,0.7169175054877996,0.0003133277936626655,-0.02319320527021773,42.511337995529175,4.9214474856853485,-0.678566038608551,0.5588063187897205,0.4270044630393386,0.6537537984549999,0.28180532436817884,0.29077709186822176,0.5814799629151821,0.6335803885012865,0.4534049592912197,0.684952087700367,0.43096895702183247,0.7169175054877996,0.11964439461007714,0.6676778234541416,0.9988870192319155,0.9999023452401161,0.245849609375,0.230224609375,0.2515869140625,0.2723388671875,0.21995192766189575,52,0.265625,0.26442307233810425,0.25,0.23223039507865906,51,0.2659313678741455,0.23835785686969757,0.26348039507865906,0.24693627655506134,51,0.2236519753932953,0.25367647409439087,0.2757353186607361,0.28982844948768616,51,0.2506127655506134,0.20710785686969757,0.25245100259780884,0.24877451360225677,51,0.22303922474384308,0.2450980544090271,0.28308823704719543,2.9719743728637695,0.488739550113678,0.09563490748405457,0.35241106152534485,0.005869198590517044,0.151611328125,0.1337740421295166,2.9861955642700195,0.49171486496925354,0.09565015137195587,0.35029861330986023,0.006318800617009401,0.15000000596046448,2.989630937576294,0.4914132058620453,0.09506691247224808,0.3503839075565338,0.007686256431043148,0.14411765336990356,2.9747955799102783,0.4923614263534546,0.09621971845626831,0.35227760672569275,0.006402173079550266,0.1568627506494522,3.0028891563415527,0.4930577576160431,0.09491511434316635,0.35252994298934937,0.007290681358426809,0.17365197837352753,3.0316479206085205,0.4920571744441986,0.09448588639497757,0.3527316749095917,0.007876965217292309
35,0.6612157598137856,0.0169677734375,0.0032714844655856723,0.4741423949599266,0.6612157598137856,0.38226318359375,0.03162886918289587,0.1295543482992798,0.049325148575007915,0.7147357426583767,0.00018316213597972808,-0.02274033724097535,44.8534779548645,4.915930986404419,-0.6786245107650757,0.5738002005964518,0.42584677692502737,0.657136021181941,0.27850426733493805,0.2926262579858303,0.5813567750155926,0.6313500888645649,0.4493698962032795,0.688292607665062,0.4319835873320699,0.7147357426583767,0.12328024650923908,0.6635129414498806,0.9993201661854982,0.9998779315501451,0.262451171875,0.227294921875,0.25390625,0.25634765625,0.22596155107021332,52,0.26141828298568726,0.2662259638309479,0.24639424681663513,0.21139706671237946,51,0.2861519753932953,0.2604166865348816,0.24203431606292725,0.22855393588542938,51,0.27450981736183167,0.24877451360225677,0.24816177785396576,0.2653186321258545,51,0.25245100259780884,0.2346813827753067,0.24754902720451355,0.24632354080677032,51,0.23774510622024536,0.23590686917304993,0.28002452850341797,3.0036916732788086,0.48965755105018616,0.09515434503555298,0.35219937562942505,0.005782732740044594,0.1494140625,0.13124999403953552,2.990485191345215,0.49148237705230713,0.09609156847000122,0.35098254680633545,0.0065665338188409805,0.14509804546833038,3.0116589069366455,0.4903542995452881,0.09537985175848007,0.35022804141044617,0.009027868509292603,0.14325980842113495,2.9976422786712646,0.49242693185806274,0.09468679130077362,0.3509499132633209,0.0060775200836360455,0.1571078598499298,3.0194249153137207,0.49214765429496765,0.09497930854558945,0.3506529629230499,0.007295674178749323,0.17071078717708588,3.025460720062256,0.49113503098487854,0.0947178304195404,0.3524925410747528,0.008260766044259071
36,0.6583361439406872,0.0169677734375,0.003247070373618044,0.49371534679085016,0.6583361439406872,0.3787841796875,0.03240497695514932,0.1345408190973103,0.04710424493532628,0.709030544385314,0.00029240626024318317,-0.024631204491015524,42.739296674728394,4.905461400747299,-0.679343581199646,0.5615335516631603,0.4162964066490531,0.6657648142427206,0.2813398102298379,0.28831410594284534,0.5727535635232925,0.6391998156905174,0.45297952461987734,0.6823199596256018,0.4294307613745332,0.709030544385314,0.11835558316670358,0.655291274189949,0.9989257287234068,0.9998535178601742,0.2608642578125,0.227783203125,0.2420654296875,0.269287109375,0.22596155107021332,52,0.2896634638309479,0.24338942766189575,0.24098558723926544,0.2352941334247589,51,0.25796568393707275,0.24754902720451355,0.2591911852359772,0.22549019753932953,51,0.26838237047195435,0.23590686917304993,0.2702206075191498,0.28492647409439087,51,0.24877451360225677,0.2236519753932953,0.24264706671237946,0.24080882966518402,51,0.2389705926179886,0.22855393588542938,0.2916666865348816,2.987328290939331,0.4938831925392151,0.09579003602266312,0.35008493065834045,0.005352984182536602,0.15180663764476776,0.138701930642128,3.0131256580352783,0.4910357594490051,0.09398645907640457,0.3481202721595764,0.006803210359066725,0.146446093916893,2.9968512058258057,0.49078595638275146,0.09451567381620407,0.34964922070503235,0.008959908038377762,0.14178922772407532,2.997941017150879,0.4900937080383301,0.09473724663257599,0.35070762038230896,0.007913591340184212,0.1564951092004776,3.0103647708892822,0.4959407448768616,0.09490203112363815,0.35136833786964417,0.0093739815056324,0.17585785686969757,3.030465602874756,0.4927998185157776,0.09484861046075821,0.35141098499298096,0.008104809559881687
37,0.6473809760063887,0.0184326171875,0.0035888672591681825,0.5215445989742875,0.6473809760063887,0.3834228515625,0.03407921042526141,0.14293663669377565,0.0510305929929018,0.7098036427050829,0.00038191563004374984,-0.023307177441893145,44.339988470077515,4.893390387296677,-0.6794789433479309,0.5265434812754393,0.4178831893950701,0.6531753484159708,0.27855440881103277,0.28654925245791674,0.5718811582773924,0.6379503421485424,0.45051803160458803,0.6775417160242796,0.4275953210890293,0.7098036427050829,0.11590069904923439,0.6451987531036139,0.9986258633434772,0.9999023452401161,0.2567138671875,0.2291259765625,0.2421875,0.27197265625,0.21274039149284363,52,0.27704328298568726,0.24338942766189575,0.26682692766189575,0.2297794222831726,51,0.25183823704719543,0.2591911852359772,0.2591911852359772,0.23161765933036804,51,0.27267158031463623,0.23039215803146362,0.2653186321258545,0.26409316062927246,51,0.2555147111415863,0.23039215803146362,0.25,0.22794118523597717,51,0.22610294818878174,0.24142158031463623,0.30453431606292725,3.016031265258789,0.4937242269515991,0.09489047527313232,0.3497272729873657,0.009663084521889687,0.15644530951976776,0.14074519276618958,3.0026774406433105,0.49250131845474243,0.09436209499835968,0.34922081232070923,0.006909535266458988,0.14325980842113495,3.018018960952759,0.49065762758255005,0.09600424766540527,0.3506103456020355,0.009156719781458378,0.15049020946025848,2.9985368251800537,0.4912498891353607,0.09475336223840714,0.3496536314487457,0.008779089897871017,0.16348040103912354,3.027188777923584,0.4943854510784149,0.09418295323848724,0.35104215145111084,0.008396857418119907,0.18455883860588074,3.0327532291412354,0.49529674649238586,0.09448562562465668,0.35203254222869873,0.010016270913183689
38,0.652009230107069,0.015869140625,0.0031005859964352567,0.5066608395427465,0.652009230107069,0.38702392578125,0.03205085912486538,0.14195542712695897,0.0498979160329327,0.7165139224380255,0.0004214413530121419,-0.025525924924295396,39.141242265701294,4.886952370405197,-0.6798979043960571,0.5373048651963472,0.41708165127784014,0.6664724852889776,0.27975361328572035,0.2862290823832154,0.572827897965908,0.6238755267113447,0.4486561408266425,0.6793518047779799,0.42852733843028545,0.7165139224380255,0.11504908790811896,0.6481689773499966,0.9984752014279366,0.9999267589300871,0.2669677734375,0.2119140625,0.2359619140625,0.28515625,0.2163461595773697,52,0.27944713830947876,0.23317308723926544,0.2710336744785309,0.2028186321258545,51,0.28370100259780884,0.24325981736183167,0.2702206075191498,0.21139706671237946,51,0.24938726425170898,0.25796568393707275,0.28125,0.2861519753932953,51,0.27328431606292725,0.2083333432674408,0.23223039507865906,0.2132353037595749,51,0.24877451360225677,0.22058823704719543,0.3174019753932953,3.01482892036438,0.48786312341690063,0.09530650079250336,0.34924203157424927,0.009046891704201698,0.15317383408546448,0.14194712042808533,3.0023603439331055,0.49121469259262085,0.09437315911054611,0.3490661680698395,0.00821372028440237,0.14742648601531982,3.0073113441467285,0.49213874340057373,0.09501419216394424,0.3506962060928345,0.00833957176655531,0.14767158031463623,2.9969093799591064,0.49016833305358887,0.09649297595024109,0.3530743420124054,0.008457737974822521,0.15343138575553894,3.009044885635376,0.4933713376522064,0.09478580951690674,0.3510517179965973,0.008771630935370922,0.17561276257038116,3.0234782695770264,0.49148958921432495,0.09509976953268051,0.35243839025497437,0.010448534041643143
39,0.6512187905609608,0.0169677734375,0.0032226563362200977,0.5064578112214804,0.6512187905609608,0.38702392578125,0.03240674140397459,0.14159192284569144,0.048090063384734094,0.7212941478937864,0.0003705159560922766,-0.024958312889793888,39.53327465057373,4.881007522344589,-0.6801781058311462,0.5394235998392105,0.4109463719651103,0.6552307214587927,0.2809393620118499,0.286275215446949,0.5677019637078047,0.6348075326532125,0.4480980755761266,0.6768432259559631,0.4276662617921829,0.7212941478937864,0.11888935277238488,0.6470153369009495,0.9986604116857052,0.9998291041702032,0.265380859375,0.21044921875,0.236572265625,0.28759765625,0.21514423191547394,52,0.26442307233810425,0.25600963830947876,0.26442307233810425,0.2089460790157318,51,0.29473039507865906,0.22181373834609985,0.27450981736183167,0.2028186321258545,51,0.2549019753932953,0.23590686917304993,0.3063725531101227,0.28002452850341797,51,0.2708333432674408,0.2034313827753067,0.24571079015731812,0.22303922474384308,51,0.24203431606292725,0.22181373834609985,0.3131127655506134,2.998222827911377,0.48923730850219727,0.09524797648191452,0.35211336612701416,0.009575769305229187,0.15234375,0.13954326510429382,2.999854803085327,0.49080175161361694,0.0953935980796814,0.3503837585449219,0.008703462779521942,0.14178922772407532,2.99686336517334,0.49221739172935486,0.0947936624288559,0.35079917311668396,0.010167578235268593,0.15257354080677032,2.9914917945861816,0.4896402657032013,0.096443310379982,0.3534190058708191,0.008490883745253086,0.1560049057006836,3.0233311653137207,0.49139392375946045,0.09497592598199844,0.3524235785007477,0.008342983201146126,0.1720588356256485,3.0170085430145264,0.4929506480693817,0.09591060131788254,0.35396090149879456,0.009311237372457981
40,0.6503924373537302,0.0177001953125,0.003417968799112714,0.5164845008403063,0.6503924373537302,0.3809814453125,0.0331089110695757,0.13883912051096559,0.050647860392928123,0.7216298766434193,0.0003990343714690425,-0.02564261679071933,43.914642333984375,4.877213418483734,-0.6804641485214233,0.5328347869217396,0.41199638042598963,0.6614133361726999,0.27530102245509624,0.28746337816119194,0.5686250142753124,0.6371967941522598,0.4484489746391773,0.6788409370929003,0.4258674681186676,0.7216298766434193,0.11914990097284317,0.655425013974309,0.9985704440623522,0.9998779315501451,0.2672119140625,0.2109375,0.246337890625,0.2755126953125,0.2289663553237915,52,0.2734375,0.2572115361690521,0.24038462340831757,0.21629902720451355,51,0.2653186321258545,0.25,0.26838237047195435,0.2132353037595749,51,0.2665441334247589,0.2444853037595749,0.2757353186607361,0.29963237047195435,51,0.26776960492134094,0.18504902720451355,0.24754902720451355,0.23223039507865906,51,0.26286765933036804,0.21078431606292725,0.29411765933036804,3.0001776218414307,0.49428775906562805,0.09560778737068176,0.35341954231262207,0.005779529921710491,0.15141601860523224,0.1411057710647583,2.9976577758789062,0.4892176389694214,0.09515406936407089,0.3490007221698761,0.007183126639574766,0.13750000298023224,2.990575075149536,0.48957741260528564,0.09606615453958511,0.35124361515045166,0.00868647824972868,0.15208333730697632,3.003734588623047,0.49004825949668884,0.0961587056517601,0.35231849551200867,0.007331155706197023,0.1515931487083435,2.996424674987793,0.4924093782901764,0.09601730853319168,0.35236790776252747,0.008214461617171764,0.17500001192092896,3.02872633934021,0.49320918321609497,0.09451307356357574,0.3529307544231415,0.010882120579481125
41,0.6427781898528337,0.0159912109375,0.0030029297686269274,0.5310212783515453,0.6427781898528337,0.39141845703125,0.03834445681422949,0.14739117631688714,0.054094569524750113,0.7298041991889477,0.00043875833720719015,-0.02560011763125658,36.12778973579407,4.8640821278095245,-0.6804446578025818,0.5128203015774488,0.40327210910618305,0.6462146881967783,0.2733598528429866,0.2819960778579116,0.5554980356246233,0.6264829374849796,0.4414627579972148,0.6750060804188251,0.41873807925730944,0.7298041991889477,0.11636576359160244,0.6478114854544401,0.9984113052487373,0.9998046904802322,0.2587890625,0.200439453125,0.2607421875,0.280029296875,0.2007211595773697,52,0.2632211744785309,0.27524039149284363,0.2608173191547394,0.1825980395078659,51,0.28308823704719543,0.2696078419685364,0.2647058963775635,0.2034313827753067,51,0.24877451360225677,0.25735294818878174,0.2904411852359772,0.2665441334247589,51,0.26838237047195435,0.19669118523597717,0.26838237047195435,0.23284314572811127,51,0.23039215803146362,0.2187500149011612,0.3180147111415863,2.986891984939575,0.48809099197387695,0.09483571350574493,0.35195308923721313,0.01061165425926447,0.1578369140625,0.13834135234355927,2.999027729034424,0.49170973896980286,0.09613490104675293,0.350934773683548,0.006918562576174736,0.15232844650745392,3.003892660140991,0.4910321533679962,0.09607996046543121,0.35168880224227905,0.008797310292720795,0.14963236451148987,2.9859390258789062,0.49100130796432495,0.09697845578193665,0.3535979986190796,0.008727600798010826,0.16948530077934265,3.017211437225342,0.4930489957332611,0.09529060870409012,0.3525221049785614,0.008905197493731976,0.17977942526340485,3.0065865516662598,0.49486005306243896,0.09614083915948868,0.35337844491004944,0.010367709212005138
42,0.6523152943700552,0.0186767578125,0.0035156250778527465,0.4913224084302783,0.6523152943700552,0.38275146484375,0.036099729710258543,0.1360494769178331,0.047975622583180666,0.7276907972991467,0.00030271836516249095,-0.023134887975174934,44.15761184692383,4.857012838125229,-0.6806909441947937,0.5481060389429331,0.4146424662321806,0.6502543389797211,0.2747451043687761,0.28885624930262566,0.5694895423948765,0.6398865338414907,0.4467668831348419,0.6810682099312544,0.4258491722866893,0.7276907972991467,0.11392578925006092,0.6487713027745485,0.9988931305706501,0.9997802767902613,0.2589111328125,0.2069091796875,0.2581787109375,0.2760009765625,0.20673078298568726,52,0.2728365361690521,0.27163463830947876,0.24879808723926544,0.2034313827753067,51,0.2763480544090271,0.24877451360225677,0.2714460790157318,0.2248774617910385,51,0.24142158031463623,0.2659313678741455,0.26776960492134094,0.28860294818878174,51,0.25857844948768616,0.1979166716337204,0.2549019753932953,0.24938726425170898,51,0.2450980544090271,0.20159314572811127,0.30392158031463623,2.9972925186157227,0.4924841523170471,0.09434936940670013,0.3491535782814026,0.008047414012253284,0.15585938096046448,0.14050480723381042,2.994748830795288,0.4915952980518341,0.0955982580780983,0.350313276052475,0.007245277054607868,0.15796568989753723,3.00164794921875,0.4913153052330017,0.09544052183628082,0.35173460841178894,0.009197846986353397,0.13982844352722168,3.003072738647461,0.49013569951057434,0.09622810781002045,0.3532394468784332,0.00760230515152216,0.1571078598499298,3.005732536315918,0.49195146560668945,0.09580989927053452,0.3518204092979431,0.009279404766857624,0.18419118225574493,3.031841993331909,0.49619096517562866,0.09686468541622162,0.35409241914749146,0.010701223276555538
43,0.6500854548066854,0.0159912109375,0.0030517578834405867,0.5089735323563218,0.6500854548066854,0.38250732421875,0.036983751924708486,0.13831550860777497,0.052267287275753915,0.730565071105957,0.0004021282118973346,-0.02327998267719522,39.319350242614746,4.8546618819236755,-0.6816905736923218,0.5391833167523146,0.4092591283842921,0.6507856659591198,0.2743189404718578,0.28517028503119946,0.5645319744944572,0.6235244777053595,0.4434489654377103,0.6815295666456223,0.42455302737653255,0.730565071105957,0.11521644773893058,0.646867673844099,0.9985687751322985,0.9998535178601742,0.2548828125,0.21142578125,0.258056640625,0.275634765625,0.22295673191547394,52,0.2710336744785309,0.2554086744785309,0.2506009638309479,0.19546569883823395,51,0.2591911852359772,0.26899510622024536,0.2763480544090271,0.2248774617910385,51,0.2610294222831726,0.24632354080677032,0.26776960492134094,0.28370100259780884,51,0.24816177785396576,0.19669118523597717,0.2714460790157318,0.24816177785396576,51,0.2346813827753067,0.21691177785396576,0.30024510622024536,3.0464248657226562,0.49243175983428955,0.09504837542772293,0.3499584496021271,0.007254720199853182,0.15766601264476776,0.13906249403953552,3.006436347961426,0.4902288317680359,0.09562001377344131,0.34972846508026123,0.007037648465484381,0.15857844054698944,2.998450517654419,0.4906865358352661,0.09722894430160522,0.3526708781719208,0.008942722342908382,0.15220588445663452,3.0020620822906494,0.49189165234565735,0.09607023745775223,0.3518790602684021,0.007359197363257408,0.1613970696926117,3.0092108249664307,0.4939514100551605,0.09583750367164612,0.35243093967437744,0.009044029749929905,0.1774509847164154,3.0132884979248047,0.4955368936061859,0.09601157903671265,0.353342205286026,0.010426131077110767
44,0.6502224840223789,0.01708984375,0.0033447266032453626,0.5110885761678219,0.6502224840223789,0.3802490234375,0.03512256726389751,0.1377190318889916,0.05218911392148584,0.7244868893176317,0.00042135248575547735,-0.025446219835430384,37.41853046417236,4.843938082456589,-0.6824480891227722,0.5381795084103942,0.41321149934083223,0.6520937327295542,0.2809106493368745,0.2848607748746872,0.5686840284615755,0.6365280039608479,0.4549592938274145,0.681238317862153,0.42663453705608845,0.7244868893176317,0.11501515191048384,0.6472748145461082,0.9984925799071789,0.9999267589300871,0.25048828125,0.2181396484375,0.259765625,0.2716064453125,0.22716346383094788,52,0.25420674681663513,0.26141828298568726,0.2572115361690521,0.21997550129890442,51,0.26286765933036804,0.26776960492134094,0.24938726425170898,0.2089460790157318,51,0.25245100259780884,0.27328431606292725,0.2653186321258545,0.2904411852359772,51,0.24571079015731812,0.2187500149011612,0.2450980544090271,0.2512255012989044,51,0.23713235557079315,0.21568627655506134,0.2959558963775635,2.992429256439209,0.4891517758369446,0.0983070582151413,0.35378867387771606,0.00885559618473053,0.15529786050319672,0.14374999701976776,3.008471965789795,0.48942211270332336,0.0957430824637413,0.349583238363266,0.007454083766788244,0.14742648601531982,3.0109503269195557,0.49018749594688416,0.0951276496052742,0.3509383201599121,0.008615350350737572,0.14865197241306305,3.0014822483062744,0.49043628573417664,0.09654021263122559,0.35210877656936646,0.008178450167179108,0.15919119119644165,3.0088088512420654,0.4907946288585663,0.09515272080898285,0.3510437607765198,0.008492685854434967,0.177696093916893,3.0270063877105713,0.4943277835845947,0.09565048664808273,0.35211101174354553,0.010305573232471943
45,0.6541569009423256,0.017822265625,0.0034667969466681825,0.49456132110208273,0.6541569009423256,0.38470458984375,0.03416763624409214,0.13454020046629012,0.04833350132685155,0.7288773078471422,0.00039396008804715166,-0.0242653081077151,42.62299680709839,4.8468959629535675,-0.6834287047386169,0.5476957969367504,0.4230995336547494,0.6583178602159023,0.2735960897989571,0.2854511048644781,0.5791118610650301,0.6391210872679949,0.45225137285888195,0.6834078319370747,0.4297498296946287,0.7288773078471422,0.11922248755581677,0.6456012520939112,0.9985594060271978,0.9999023452401161,0.258056640625,0.2122802734375,0.2669677734375,0.2626953125,0.20673078298568726,52,0.2758413553237915,0.2890625,0.22836539149284363,0.21017158031463623,51,0.26286765933036804,0.27389708161354065,0.25306373834609985,0.21691177785396576,51,0.2389705926179886,0.2818627655506134,0.262254923582077,0.2720588445663452,51,0.28370100259780884,0.20220589637756348,0.24203431606292725,0.24754902720451355,51,0.22855393588542938,0.22549019753932953,0.2984068691730499,3.0591330528259277,0.4883139133453369,0.0967845544219017,0.35097038745880127,0.00830540806055069,0.15773926675319672,0.14266826212406158,3.0172975063323975,0.4908606708049774,0.09573006629943848,0.3493972420692444,0.00672886474058032,0.1513480544090271,3.019641399383545,0.4904560148715973,0.09632410109043121,0.35123100876808167,0.008025459945201874,0.14387255907058716,3.0111539363861084,0.4897526204586029,0.09689370542764664,0.3521549105644226,0.007081048563122749,0.16997550427913666,3.024151563644409,0.492035448551178,0.0953785628080368,0.35025858879089355,0.008890435099601746,0.18112745881080627,3.02629017829895,0.49607008695602417,0.09638373553752899,0.3530912399291992,0.00956682302057743
46,0.6497686076909304,0.0147705078125,0.0028564453932631295,0.5181011632084846,0.6497686076909304,0.38812255859375,0.037665567942894995,0.1416145379189402,0.049875173601321876,0.7220499757677317,0.0005253764205974676,-0.02569244519690983,40.669057846069336,4.830556154251099,-0.684377908706665,0.5419922191649675,0.40873346384614706,0.646150752902031,0.27408177219331264,0.28230253141373396,0.5644388105720282,0.6377297285944223,0.45236353669315577,0.6775944158434868,0.42443856969475746,0.7220499757677317,0.11440551071427763,0.6478664427995682,0.9981473982334137,0.9999023452401161,0.26806640625,0.216796875,0.2489013671875,0.2662353515625,0.21574519574642181,52,0.25420674681663513,0.2758413553237915,0.25420674681663513,0.21200981736183167,51,0.2861519753932953,0.23835785686969757,0.26348039507865906,0.22181373834609985,51,0.2763480544090271,0.2653186321258545,0.23651961982250214,0.2604166865348816,51,0.27267158031463623,0.21139706671237946,0.2555147111415863,0.2089460790157318,51,0.2512255012989044,0.22303922474384308,0.3167892396450043,3.0086207389831543,0.4896780848503113,0.09397796541452408,0.3519095182418823,0.0073089683428406715,0.16108398139476776,0.15264423191547394,3.0161304473876953,0.4891820251941681,0.09594232589006424,0.3501136004924774,0.006915848236531019,0.14754903316497803,2.994109630584717,0.49089986085891724,0.09552686661481857,0.3499884009361267,0.007727183401584625,0.1569852977991104,3.0257673263549805,0.48925453424453735,0.09524926543235779,0.35031309723854065,0.007007192820310593,0.1665441244840622,3.0324490070343018,0.49442392587661743,0.09518846869468689,0.34991171956062317,0.007751598488539457,0.1818627566099167,3.0096688270568848,0.4981958568096161,0.09581735730171204,0.352079302072525,0.01111611258238554
47,0.651411559432745,0.0184326171875,0.003515625045110937,0.5174636449664831,0.651411559432745,0.38323974609375,0.03370991628617048,0.1383356514852494,0.04685541056096554,0.7153902780264616,0.00042516674068338034,-0.02519900246988982,41.079683780670166,4.82457372546196,-0.6849544048309326,0.5328700374811888,0.42114270757883787,0.6648497823625803,0.2807733379304409,0.28473892994225025,0.5774767268449068,0.6448556091636419,0.45696103665977716,0.6788552924990654,0.4268018323928118,0.7153902780264616,0.1213166459929198,0.6421474572271109,0.9984479155391455,0.9998291041702032,0.2637939453125,0.2275390625,0.2540283203125,0.254638671875,0.2421875149011612,52,0.2728365361690521,0.2530048191547394,0.2319711595773697,0.22058823704719543,51,0.2659313678741455,0.25245100259780884,0.2610294222831726,0.21691177785396576,51,0.2763480544090271,0.26776960492134094,0.2389705926179886,0.25735294818878174,51,0.25,0.22610294818878174,0.2665441334247589,0.23039215803146362,51,0.25367647409439087,0.23161765933036804,0.28431373834609985,3.010591983795166,0.4938874840736389,0.09488070011138916,0.3533637523651123,0.008659735321998596,0.16098633408546448,0.14819711446762085,3.0183916091918945,0.49039599299430847,0.09417256712913513,0.3482874929904938,0.008080420084297657,0.1515931487083435,2.999758005142212,0.49057748913764954,0.09549117088317871,0.3511854410171509,0.00880535040050745,0.14681373536586761,3.024193048477173,0.48952046036720276,0.09561097621917725,0.35092344880104065,0.007728704251348972,0.17585785686969757,3.0287322998046875,0.4913238286972046,0.09467422962188721,0.3506602942943573,0.008883937261998653,0.1827206015586853,3.036834716796875,0.49470028281211853,0.09502986818552017,0.3510994613170624,0.011929880827665329
48,0.6549372188746929,0.0174560546875,0.0033691406897560228,0.5015268148854375,0.6549372188746929,0.3768310546875,0.03388951107626781,0.12724357284605503,0.047355977701954544,0.716756071895361,0.0005370385612195605,-0.025007144547998905,38.429368019104004,4.821341156959534,-0.6853267550468445,0.548954077064991,0.4268512977287173,0.6589976567775011,0.27807966712862253,0.2858749460428953,0.5820786822587252,0.6450094282627106,0.45815249904990196,0.6878698971122503,0.4300112808123231,0.716756071895361,0.11514765815809369,0.6465920899063349,0.998101394623518,0.9998779315501451,0.2578125,0.23876953125,0.2552490234375,0.2481689453125,0.2289663553237915,52,0.270432710647583,0.2788461744785309,0.22175481915473938,0.25857844948768616,51,0.2653186321258545,0.25,0.22610294818878174,0.23223039507865906,51,0.2696078419685364,0.2708333432674408,0.22732843458652496,0.2751225531101227,51,0.24816177785396576,0.23774510622024536,0.2389705926179886,0.23713235557079315,51,0.2352941334247589,0.23651961982250214,0.2910539209842682,3.034029483795166,0.49050039052963257,0.09282761067152023,0.3454412817955017,0.007701995316892862,0.15969239175319672,0.13858173787593842,3.013129949569702,0.491690456867218,0.09519015997648239,0.3492918908596039,0.006770409177988768,0.15796568989753723,3.028245687484741,0.4898044466972351,0.09446017444133759,0.34901154041290283,0.008880246430635452,0.1462009847164154,3.0263760089874268,0.4902009665966034,0.09535662829875946,0.3507549464702606,0.0074151442386209965,0.1726715862751007,3.022714138031006,0.49334216117858887,0.09544584155082703,0.35007455945014954,0.009551914408802986,0.18345589935779572,3.022181987762451,0.49500736594200134,0.09573472291231155,0.3515219986438751,0.011150802485644817
49,0.6537499483674765,0.015869140625,0.0030761719226575224,0.5007426021620631,0.6537499483674765,0.38189697265625,0.03445566777372733,0.1397083408664912,0.048184096929617226,0.7202668655663729,0.0003931458610395566,-0.02499545377213508,42.430346727371216,4.812568247318268,-0.6849587559700012,0.5478838831186295,0.4189475867897272,0.6551414653658867,0.2760187443345785,0.28653673455119133,0.5738022401928902,0.6397782396525145,0.4635096024721861,0.6820976007729769,0.4300168640911579,0.7202668655663729,0.11625579511746764,0.642892574891448,0.9985757786780596,0.9999023452401161,0.259765625,0.234619140625,0.2598876953125,0.2457275390625,0.23798078298568726,52,0.262620210647583,0.2584134638309479,0.24098558723926544,0.22855393588542938,51,0.2714460790157318,0.262254923582077,0.23774510622024536,0.23161765933036804,51,0.2671568691730499,0.27757352590560913,0.2236519753932953,0.24877451360225677,51,0.2616421580314636,0.22242647409439087,0.2671568691730499,0.2340686321258545,51,0.23590686917304993,0.25245100259780884,0.27757352590560913,2.9894165992736816,0.4922567903995514,0.09601087868213654,0.3491082787513733,0.010495487600564957,0.15952149033546448,0.14915865659713745,3.0202596187591553,0.4899836480617523,0.09491787105798721,0.34831082820892334,0.008526605553925037,0.1513480544090271,3.0149142742156982,0.4899894595146179,0.09481222927570343,0.34894928336143494,0.009188498370349407,0.14938727021217346,3.0276741981506348,0.4866292178630829,0.09608360379934311,0.34944701194763184,0.006799937691539526,0.1609068661928177,3.0288846492767334,0.4924176335334778,0.09604425728321075,0.35022008419036865,0.010363747365772724,0.1870098114013672,3.0246644020080566,0.49630236625671387,0.09574136883020401,0.35039517283439636,0.011944103054702282
50,0.6509004272520542,0.0166015625,0.0032958984702418093,0.5108342217281461,0.6509004272520542,0.382568359375,0.03665151062887162,0.13994158967398107,0.04848576185759157,0.7072054389864206,0.00035198147730852725,-0.025058978819288313,41.469656467437744,4.813012659549713,-0.6848474740982056,0.5412485376000404,0.41991453990340233,0.6532677784562111,0.2768711647950113,0.28441015910357237,0.5744304321706295,0.6469302196055651,0.4534380156546831,0.681731378659606,0.4313876675441861,0.7072054389864206,0.11290614563040435,0.6427766811102629,0.9987351167947054,0.999975586310029,0.271484375,0.2354736328125,0.2650146484375,0.22802734375,0.2319711595773697,52,0.2836538553237915,0.27223557233810425,0.21213942766189575,0.23651961982250214,51,0.28370100259780884,0.2714460790157318,0.2083333432674408,0.23100490868091583,51,0.2702206075191498,0.2720588445663452,0.22671569883823395,0.23039215803146362,51,0.2647058963775635,0.240196093916893,0.2647058963775635,0.2444853037595749,51,0.2549019753932953,0.23774510622024536,0.26286765933036804,3.038672924041748,0.49002695083618164,0.09505832940340042,0.35044974088668823,0.008340549655258656,0.16042481362819672,0.15024039149284363,3.024311065673828,0.4896661639213562,0.0939793810248375,0.34837472438812256,0.007398744113743305,0.15808825194835663,3.0312697887420654,0.48895174264907837,0.09413909912109375,0.3495526611804962,0.00918334349989891,0.14362746477127075,3.016068458557129,0.489241361618042,0.09540238231420517,0.3502791225910187,0.008143658749759197,0.15870098769664764,3.0344250202178955,0.4934961199760437,0.09443385899066925,0.3498462438583374,0.009459078311920166,0.19166667759418488,3.0335335731506348,0.496738076210022,0.09483010321855545,0.3514452278614044,0.013383886776864529
51,0.6468314211815596,0.0174560546875,0.0032470703663420863,0.5153107745572925,0.6468314211815596,0.37799072265625,0.03717389435041696,0.13761054654605687,0.04781001585070044,0.7123765293508768,0.0004044010224788508,-0.02465061767725274,40.793262004852295,4.811703234910965,-0.6851576566696167,0.5365163907408714,0.4095271723344922,0.643883952870965,0.2780209765769541,0.27962667355313897,0.5649070963263512,0.6421689204871655,0.4531234558671713,0.6799223572015762,0.4255545102059841,0.7123765293508768,0.11118511715903878,0.6334934309124947,0.9985449369996786,0.9997558631002903,0.258056640625,0.244384765625,0.26123046875,0.236328125,0.2319711595773697,52,0.27223557233810425,0.27944713830947876,0.2163461595773697,0.23590686917304993,51,0.2591911852359772,0.26348039507865906,0.24142158031463623,0.24264706671237946,51,0.26776960492134094,0.27389708161354065,0.21568627655506134,0.262254923582077,51,0.2395833432674408,0.2567402124404907,0.24142158031463623,0.24754902720451355,51,0.2512255012989044,0.2549019753932953,0.24632354080677032,3.0177509784698486,0.49309396743774414,0.09472714364528656,0.3487964868545532,0.010995825752615929,0.16560058295726776,0.14927884936332703,3.024839162826538,0.49099281430244446,0.09504248946905136,0.3481783866882324,0.009742391295731068,0.1518382430076599,3.0119686126708984,0.491594523191452,0.0950297936797142,0.3510330617427826,0.010478422045707703,0.1563725620508194,3.0257160663604736,0.4901699423789978,0.09480639547109604,0.3510122001171112,0.008876952342689037,0.18517157435417175,3.0247349739074707,0.4946812689304352,0.094904825091362,0.3503105342388153,0.011176287196576595,0.18566177785396576,3.0394556522369385,0.4975934624671936,0.094630166888237,0.35076168179512024,0.014163447543978691
52,0.6595808938145638,0.015625,0.0030761719317524694,0.4744752971455455,0.6595808938145638,0.37603759765625,0.03243825037498027,0.1341065822634846,0.04192926816176623,0.7162984572350979,0.00039668176600571314,-0.02535849326523021,38.452472448349,4.819718778133392,-0.6863005757331848,0.563494436442852,0.43132111988961697,0.6640762556344271,0.2782592363655567,0.29138399194926023,0.586566548794508,0.6576556954532862,0.4634350072592497,0.6837044563144445,0.43238044809550047,0.7162984572350979,0.11413986538536847,0.6397527921944857,0.9985751733183861,0.9999511726200581,0.2509765625,0.24462890625,0.260498046875,0.243896484375,0.24519231915473938,52,0.26682692766189575,0.2740384638309479,0.21394231915473938,0.24938726425170898,51,0.25183823704719543,0.26409316062927246,0.2346813827753067,0.25183823704719543,51,0.2395833432674408,0.2708333432674408,0.23774510622024536,0.25796568393707275,51,0.2647058963775635,0.2193627506494522,0.25796568393707275,0.2352941334247589,51,0.23161765933036804,0.25735294818878174,0.2757353186607361,3.0287814140319824,0.48979490995407104,0.09426980465650558,0.3492744266986847,0.009580874815583229,0.16230468451976776,0.1460336595773697,3.0203652381896973,0.489344984292984,0.0950666218996048,0.3494861423969269,0.008470820263028145,0.15392157435417175,3.015810489654541,0.4879925847053528,0.09463300555944443,0.35167598724365234,0.009872800670564175,0.16360294818878174,3.0201847553253174,0.48945021629333496,0.09570429474115372,0.3514512777328491,0.010052468627691269,0.16495099663734436,3.011150598526001,0.4912513792514801,0.09510887414216995,0.3511388599872589,0.011429508216679096,0.18333333730697632,3.017463445663452,0.49673083424568176,0.09551746398210526,0.35169878602027893,0.013474635779857635
53,0.6561511531472206,0.0172119140625,0.003320312582218321,0.4949793163686991,0.6561511531472206,0.3753662109375,0.03412330144783482,0.13448691787198186,0.0451938760234043,0.7086248360574245,0.00031809241147584544,-0.024382485629757866,43.35120940208435,4.817097544670105,-0.6868771910667419,0.5566399116069078,0.42450541723519564,0.6529295388609171,0.28411100152879953,0.29063382279127836,0.580091618001461,0.6452879924327135,0.45277008414268494,0.6852641403675079,0.43229893781244755,0.7086248360574245,0.1149359866976738,0.6450182180851698,0.9988329019397497,0.9998779315501451,0.2603759765625,0.24951171875,0.2470703125,0.2430419921875,0.26201924681663513,52,0.27163463830947876,0.2554086744785309,0.2109375149011612,0.24693627655506134,51,0.2647058963775635,0.25857844948768616,0.2297794222831726,0.26838237047195435,51,0.25245100259780884,0.25796568393707275,0.22120098769664764,0.2549019753932953,51,0.26409316062927246,0.23161765933036804,0.24938726425170898,0.2138480395078659,51,0.24877451360225677,0.23835785686969757,0.29901960492134094,3.018707752227783,0.4942169189453125,0.09445247799158096,0.35073864459991455,0.009692013263702393,0.16474609076976776,0.154326930642128,3.0186634063720703,0.48975852131843567,0.09387174248695374,0.34822899103164673,0.007771373260766268,0.15196079015731812,3.013634204864502,0.4902055263519287,0.09392816573381424,0.3502346873283386,0.009620134718716145,0.15441177785396576,3.0122766494750977,0.4911850690841675,0.09497927874326706,0.3510758876800537,0.009144159033894539,0.16813726723194122,3.0180885791778564,0.49396058917045593,0.09524782001972198,0.35102689266204834,0.01028660498559475,0.19509805738925934,3.0087549686431885,0.49580198526382446,0.0952838882803917,0.35115236043930054,0.013038537465035915
54,0.6533254384994507,0.0159912109375,0.0030517578634317033,0.5136463092640042,0.6533254384994507,0.3670654296875,0.035359722445718944,0.13652083347551525,0.04779297416098416,0.713552875444293,0.00040405681284028105,-0.02549554087454453,40.591962814331055,4.807979017496109,-0.6876476407051086,0.5474406257271767,0.41485263779759407,0.6514065563678741,0.28097391314804554,0.2841973630711436,0.570197019726038,0.6441229097545147,0.46987185068428516,0.6827565412968397,0.42784064915031195,0.713552875444293,0.11553100030869246,0.6433010138571262,0.9985879324376583,0.9998535178601742,0.239501953125,0.2647705078125,0.2537841796875,0.241943359375,0.28125,52,0.25420674681663513,0.2602163553237915,0.20432692766189575,0.27328431606292725,51,0.2598039209842682,0.25183823704719543,0.21507354080677032,0.25857844948768616,51,0.23223039507865906,0.262254923582077,0.24693627655506134,0.2702206075191498,51,0.2340686321258545,0.24693627655506134,0.24877451360225677,0.24571079015731812,51,0.21691177785396576,0.26348039507865906,0.27389708161354065,3.029146432876587,0.4908314347267151,0.09660747647285461,0.35290247201919556,0.009471865370869637,0.16257324814796448,0.1450721174478531,3.018320322036743,0.4915042221546173,0.09388314932584763,0.3490804433822632,0.007670157589018345,0.1514706015586853,3.0214576721191406,0.4900248944759369,0.09389060735702515,0.35005494952201843,0.009280066005885601,0.15453432500362396,3.0166358947753906,0.49164724349975586,0.09612545371055603,0.35179972648620605,0.008569575846195221,0.1719362884759903,3.0114173889160156,0.4938899576663971,0.09550108015537262,0.35196059942245483,0.011105832643806934,0.19019609689712524,3.0193114280700684,0.493360310792923,0.09581085294485092,0.35267192125320435,0.012794248759746552
55,0.6533137075603008,0.0177001953125,0.003466796930297278,0.5105434088036418,0.6533137075603008,0.37457275390625,0.03346717043314129,0.13439329084940255,0.045692611136473715,0.7036528140306473,0.00033680342298225696,-0.025018014654051512,42.71664524078369,4.801944315433502,-0.6880578398704529,0.542412368580699,0.42584669776260853,0.6596473846584558,0.2805725666694343,0.291487074457109,0.5809022430330515,0.6544980965554714,0.46202886290848255,0.6830842047929764,0.4285697480663657,0.7036528140306473,0.11151598207652569,0.6441094875335693,0.9987620767205954,0.9999267589300871,0.2442626953125,0.2734375,0.2530517578125,0.229248046875,0.26983174681663513,52,0.25180289149284363,0.26923078298568726,0.20913462340831757,0.2671568691730499,51,0.25367647409439087,0.25183823704719543,0.22732843458652496,0.27389708161354065,51,0.25796568393707275,0.2555147111415863,0.21262255311012268,0.2248774617910385,51,0.23835785686969757,0.2665441334247589,0.2702206075191498,0.21813726425170898,51,0.2193627506494522,0.28982844948768616,0.27267158031463623,3.0099353790283203,0.4915297329425812,0.09465715289115906,0.34931498765945435,0.009501876309514046,0.16437987983226776,0.14074519276618958,3.020637035369873,0.49035924673080444,0.09421614557504654,0.3492596447467804,0.008561569266021252,0.15943628549575806,3.0096042156219482,0.4917927384376526,0.09388541430234909,0.3501812815666199,0.009846377186477184,0.15465687215328217,3.025524139404297,0.49046802520751953,0.09426654875278473,0.3510309159755707,0.00911580491811037,0.17401961982250214,3.0407040119171143,0.4911750853061676,0.09396763145923615,0.35030612349510193,0.010527177713811398,0.1935049146413803,3.021129608154297,0.49624916911125183,0.09486698359251022,0.3516713082790375,0.01307378988713026
56,0.6542135067284107,0.0164794921875,0.003198242255166406,0.5000575026497245,0.6542135067284107,0.3690185546875,0.033147337613627315,0.13888670154847205,0.042231198283843696,0.7104860562831163,0.0004150439906425163,-0.024093226646073163,40.7401921749115,4.797851085662842,-0.6883743405342102,0.549202349036932,0.4201393313705921,0.6573887653648853,0.28155665285885334,0.28629221208393574,0.574406087398529,0.6551039926707745,0.4684194093570113,0.6837006770074368,0.42834998946636915,0.7104860562831163,0.11511969799175858,0.6403817776590586,0.9985159318894148,0.9999023452401161,0.234130859375,0.2730712890625,0.25341796875,0.2393798828125,0.2740384638309479,52,0.22776442766189575,0.26141828298568726,0.2367788553237915,0.27450981736183167,51,0.25183823704719543,0.25183823704719543,0.22181373834609985,0.27941176295280457,51,0.24080882966518402,0.2659313678741455,0.2138480395078659,0.25183823704719543,51,0.22120098769664764,0.26899510622024536,0.25796568393707275,0.2297794222831726,51,0.2291666716337204,0.26838237047195435,0.27267158031463623,3.010964870452881,0.4901711344718933,0.09505579620599747,0.3535992205142975,0.008910566568374634,0.16518555581569672,0.14687499403953552,2.9971184730529785,0.4916706681251526,0.09539972990751266,0.3502148389816284,0.007480920758098364,0.1557598114013672,3.0059375762939453,0.489230215549469,0.09376543015241623,0.3503498136997223,0.00960800051689148,0.15882353484630585,3.032634735107422,0.49010008573532104,0.09468211978673935,0.3509451150894165,0.008594486862421036,0.17524510622024536,3.031789541244507,0.49305301904678345,0.09476619213819504,0.35185378789901733,0.010593454353511333,0.18958334624767303,3.0338501930236816,0.49689680337905884,0.0952865406870842,0.35206338763237,0.013375855050981045
57,0.655147360637784,0.016357421875,0.0031494141130679054,0.5064041567966342,0.655147360637784,0.370849609375,0.03681853925809264,0.13548646681010723,0.04887869697995484,0.7028093636035919,0.0003336684891337427,-0.025701733102323487,43.57905125617981,4.793352633714676,-0.6892027854919434,0.5484310984611511,0.4157517356798053,0.6581657603383064,0.2806083094328642,0.2919368352741003,0.5704775992780924,0.6505216583609581,0.4672559080645442,0.6882931180298328,0.4296472081914544,0.7028093636035919,0.11408713599666953,0.643481332808733,0.998768163844943,0.9998779315501451,0.236328125,0.2900390625,0.2403564453125,0.2332763671875,0.293870210647583,52,0.25,0.25420674681663513,0.20192308723926544,0.2971813976764679,51,0.24387255311012268,0.23223039507865906,0.22671569883823395,0.28002452850341797,51,0.23161765933036804,0.25306373834609985,0.2352941334247589,0.22303922474384308,51,0.23284314572811127,0.27879902720451355,0.2653186321258545,0.19669118523597717,51,0.22303922474384308,0.30024510622024536,0.28002452850341797,3.0218148231506348,0.4943931996822357,0.0957917645573616,0.34975892305374146,0.010142836719751358,0.16362304985523224,0.138701930642128,3.0211002826690674,0.4907419681549072,0.09380514174699783,0.34884175658226013,0.006307564210146666,0.16274510324001312,3.014206886291504,0.49070194363594055,0.09337493032217026,0.3507801294326782,0.009636098518967628,0.1569852977991104,3.0165936946868896,0.490812212228775,0.09475549310445786,0.3520737886428833,0.008719057776033878,0.16507354378700256,3.0490825176239014,0.4924958050251007,0.094619981944561,0.3510664403438568,0.009234873577952385,0.19509805738925934,3.0214831829071045,0.49653834104537964,0.0945119857788086,0.3510872423648834,0.012837073765695095
58,0.6517160944640636,0.0179443359375,0.003344726608702331,0.5032293181866407,0.6517160944640636,0.366943359375,0.0341479514609091,0.13523155031725764,0.04859547025989741,0.6988799571990967,0.0003161711128960576,-0.024454432568745688,44.932098627090454,4.7872240245342255,-0.6904474496841431,0.5415327996015549,0.411115312948823,0.6537097245454788,0.28572768066078424,0.2869096975773573,0.5658190213143826,0.6361508965492249,0.47022436093539,0.6819898933172226,0.4280389389023185,0.6988799571990967,0.11338089825585485,0.6485103908926249,0.9988513588905334,0.9997558631002903,0.2354736328125,0.2978515625,0.23876953125,0.2279052734375,0.3118990361690521,52,0.24098558723926544,0.24699519574642181,0.20012019574642181,0.29534316062927246,51,0.2450980544090271,0.24693627655506134,0.21262255311012268,0.29411765933036804,51,0.2395833432674408,0.22855393588542938,0.23774510622024536,0.21200981736183167,51,0.22794118523597717,0.30514708161354065,0.2549019753932953,0.21629902720451355,51,0.2236519753932953,0.2824755012989044,0.27757352590560913,3.036520481109619,0.49191489815711975,0.09114331007003784,0.3468167781829834,0.008326785638928413,0.16740722954273224,0.15060095489025116,3.0283403396606445,0.4900946319103241,0.093142569065094,0.34919461607933044,0.006971840746700764,0.1612745225429535,3.021618604660034,0.48983946442604065,0.09330469369888306,0.35024482011795044,0.00953439436852932,0.16482843458652496,3.011721611022949,0.490037739276886,0.0942072793841362,0.35048049688339233,0.008805610239505768,0.1715686321258545,3.039224147796631,0.4905913174152374,0.09356874972581863,0.35025399923324585,0.008605289272964,0.18909314274787903,3.019923210144043,0.4950777590274811,0.09509191662073135,0.35204431414604187,0.011317665688693523
59,0.648315267637372,0.0174560546875,0.0034179688373114914,0.5199482813477516,0.648315267637372,0.36566162109375,0.0358911735820584,0.14256017678417265,0.050264960271306336,0.7026587538421154,0.0002919055968391149,-0.02715969050768763,40.97197771072388,4.7757488787174225,-0.6902381777763367,0.529496394097805,0.4119330467656255,0.6551073491573334,0.28603697288781404,0.2887585461139679,0.5678214132785797,0.6401293873786926,0.4616120820865035,0.6792837902903557,0.4266330562531948,0.7026587538421154,0.11319819441996515,0.6508569866418839,0.9989509377628565,0.9999267589300871,0.23974609375,0.292724609375,0.2249755859375,0.2425537109375,0.3149038553237915,52,0.24879808723926544,0.2265625149011612,0.20973558723926544,0.2702206075191498,51,0.25796568393707275,0.22671569883823395,0.2450980544090271,0.28982844948768616,51,0.24325981736183167,0.2389705926179886,0.22794118523597717,0.2567402124404907,51,0.22671569883823395,0.29473039507865906,0.22181373834609985,0.21078431606292725,51,0.22181373834609985,0.293504923582077,0.27389708161354065,2.979024648666382,0.494600772857666,0.09256459027528763,0.34811198711395264,0.010895958170294762,0.1673583984375,0.1508413404226303,3.014164447784424,0.4905829131603241,0.09288325905799866,0.347788542509079,0.0061596110463142395,0.1622549146413803,3.007493019104004,0.49153223633766174,0.0942469909787178,0.3501870632171631,0.009530475363135338,0.15857844054698944,3.0155718326568604,0.4876883327960968,0.09413555264472961,0.350603312253952,0.006795021705329418,0.1768382489681244,3.018569231033325,0.4913336932659149,0.09407607465982437,0.34996452927589417,0.008528766222298145,0.18860295414924622,3.0076608657836914,0.4952159523963928,0.09506740421056747,0.35200464725494385,0.011524324305355549
60,0.6548132188618183,0.0159912109375,0.0030761719463043846,0.5022589955478907,0.6548132188618183,0.36279296875,0.032733473752159625,0.13988000503741205,0.04977274651173502,0.711247842758894,0.00023727589114486136,-0.025847733195405453,41.29146409034729,4.773229390382767,-0.6905326247215271,0.5467944163829088,0.4152947347611189,0.666248757392168,0.2840700214728713,0.2884906595572829,0.5692030917853117,0.6392638180404902,0.4741264255717397,0.68024124763906,0.42970751132816076,0.711247842758894,0.11216488690115511,0.6565250754356384,0.9991299342364073,0.9998779315501451,0.228271484375,0.292236328125,0.231689453125,0.247802734375,0.3118990361690521,52,0.23076924681663513,0.23497596383094788,0.22235578298568726,0.28860294818878174,51,0.2291666716337204,0.2346813827753067,0.24754902720451355,0.28982844948768616,51,0.2395833432674408,0.23590686917304993,0.2346813827753067,0.25857844948768616,51,0.22794118523597717,0.28308823704719543,0.23039215803146362,0.22242647409439087,51,0.2138480395078659,0.2873774468898773,0.2763480544090271,3.016989231109619,0.4874805212020874,0.09467444568872452,0.3502740263938904,0.008205614984035492,0.16757813096046448,0.1460336595773697,2.990724563598633,0.4921976327896118,0.09405527263879776,0.3486478626728058,0.006772704888135195,0.15931373834609985,2.99068021774292,0.48887020349502563,0.09464386105537415,0.3508387804031372,0.00865245796740055,0.16433824598789215,3.000121831893921,0.4883613884449005,0.09466937929391861,0.35067257285118103,0.007449790835380554,0.17352941632270813,3.0133368968963623,0.4905872046947479,0.09447012096643448,0.34969422221183777,0.00862639769911766,0.19509805738925934,3.009615421295166,0.4964355230331421,0.09601013362407684,0.3525888919830322,0.012924516573548317
61,0.6530416365712881,0.0162353515625,0.0031738281941215973,0.5085900770500302,0.6530416365712881,0.3680419921875,0.03400644933572039,0.14278214401565492,0.049401325290091336,0.7081805132329464,0.0002757246158466842,-0.024729026248678565,43.34967494010925,4.765026092529297,-0.6905703544616699,0.5401317253708839,0.4153452878817916,0.661766454577446,0.287489365786314,0.2880676295608282,0.5706736613065004,0.6392188556492329,0.466697265394032,0.6802039947360754,0.4293538574129343,0.7081805132329464,0.11087647709064186,0.6557791493833065,0.9990185014903545,0.9999267589300871,0.236083984375,0.29345703125,0.2215576171875,0.2489013671875,0.2998798191547394,52,0.2421875149011612,0.23377405107021332,0.2241586595773697,0.2855392396450043,51,0.2340686321258545,0.23039215803146362,0.25,0.2916666865348816,51,0.25306373834609985,0.22549019753932953,0.2297794222831726,0.24754902720451355,51,0.2340686321258545,0.29473039507865906,0.2236519753932953,0.19424019753932953,51,0.21691177785396576,0.29534316062927246,0.293504923582077,3.017824411392212,0.49570149183273315,0.09423825144767761,0.34964847564697266,0.007854082621634007,0.17138671875,0.1567307710647583,3.019688844680786,0.4886532127857208,0.09398746490478516,0.3481128513813019,0.0064425356686115265,0.1666666716337204,2.9896411895751953,0.4916297495365143,0.09488248825073242,0.3501746356487274,0.008265451528131962,0.1611519753932953,3.015504837036133,0.49027952551841736,0.09386390447616577,0.35047730803489685,0.006216906011104584,0.17892158031463623,3.012312412261963,0.49415886402130127,0.09436536580324173,0.35008180141448975,0.008923129178583622,0.19375000894069672,2.9927093982696533,0.4962103068828583,0.09560465812683105,0.3522265553474426,0.010900254361331463
62,0.649284491315484,0.0179443359375,0.003491211004075012,0.5341386450454593,0.649284491315484,0.3690185546875,0.03440783271798864,0.13943689363077283,0.050091738579794765,0.7126827817410231,0.00026649401871026157,-0.02614076470490545,41.50048470497131,4.760645478963852,-0.6908273696899414,0.525435907766223,0.41577060893177986,0.6595220137387514,0.28275591414421797,0.2876651091501117,0.5708041861653328,0.6425624564290047,0.4669270869344473,0.678469005972147,0.42483809776604176,0.7126827817410231,0.10980753833428025,0.6471335999667645,0.9990499820560217,0.9999023452401161,0.2318115234375,0.294189453125,0.2255859375,0.2484130859375,0.3209134638309479,52,0.24699519574642181,0.2163461595773697,0.21574519574642181,0.2910539209842682,51,0.23223039507865906,0.22855393588542938,0.24816177785396576,0.2696078419685364,51,0.23651961982250214,0.2512255012989044,0.24264706671237946,0.2297794222831726,51,0.2450980544090271,0.2904411852359772,0.2346813827753067,0.19730393588542938,51,0.1979166716337204,0.2984068691730499,0.3063725531101227,2.9771382808685303,0.49140942096710205,0.09776467829942703,0.35391533374786377,0.008224899880588055,0.171142578125,0.15120191872119904,3.0102179050445557,0.4912802577018738,0.09346736967563629,0.3474005460739136,0.005997215397655964,0.16838236153125763,2.9909651279449463,0.49102678894996643,0.09492023289203644,0.35146409273147583,0.009139894507825375,0.17291668057441711,3.0104777812957764,0.48799335956573486,0.09577083587646484,0.35211077332496643,0.008623657748103142,0.17438726127147675,3.0265324115753174,0.4915136992931366,0.09380470216274261,0.3493126928806305,0.0088573032990098,0.18921570479869843,2.993626832962036,0.49562519788742065,0.09680680930614471,0.3537895381450653,0.010971997864544392
63,0.6492057479918003,0.0150146484375,0.0029296875563886715,0.5133911278098822,0.6492057479918003,0.361083984375,0.035875429515726864,0.14140029973350465,0.05175591562874615,0.7202047538012266,0.00034792482468759545,-0.023125603038351983,40.331849098205566,4.751071184873581,-0.6917010545730591,0.5309370364993811,0.41189099848270416,0.6548293307423592,0.2805831269361079,0.28622493986040354,0.5661543048918247,0.6409990023821592,0.47423709370195866,0.675601165741682,0.4241983536630869,0.7202047538012266,0.11378478561528027,0.6504778303205967,0.9987700395286083,0.9999267589300871,0.2198486328125,0.29052734375,0.22607421875,0.2635498046875,0.31370192766189575,52,0.22295673191547394,0.22355769574642181,0.2397836595773697,0.29473039507865906,51,0.23590686917304993,0.24264706671237946,0.22671569883823395,0.28860294818878174,51,0.2340686321258545,0.2291666716337204,0.24816177785396576,0.27941176295280457,51,0.21629902720451355,0.28125,0.22303922474384308,0.21200981736183167,51,0.18995098769664764,0.27389708161354065,0.3241421580314636,2.9946224689483643,0.49092423915863037,0.09585779905319214,0.351321280002594,0.00982807856053114,0.169921875,0.15372596681118011,2.9970955848693848,0.489848256111145,0.09415969997644424,0.34958672523498535,0.006190400570631027,0.15992647409439087,3.0017120838165283,0.4910181760787964,0.09440553188323975,0.3492415249347687,0.008585399948060513,0.16544118523597717,3.0075714588165283,0.4902140498161316,0.09540647268295288,0.35173797607421875,0.007686328142881393,0.1725490242242813,3.002782106399536,0.49304503202438354,0.09573521465063095,0.3507370352745056,0.009231319651007652,0.1982843279838562,2.989067554473877,0.4999072551727295,0.09733785688877106,0.35431402921676636,0.012182780541479588
64,0.6519562359899282,0.017333984375,0.0033447266250732355,0.5159985944628716,0.6519562359899282,0.36474609375,0.033094090002123266,0.13821158022619784,0.04606566729489714,0.7234650179743767,0.0002799390358685372,-0.02645750838564709,42.2401077747345,4.743045419454575,-0.6925390362739563,0.5318345222622156,0.411681548692286,0.6680198162794113,0.28658250626176596,0.2847202830016613,0.5666846465319395,0.6419465113431215,0.4706371845677495,0.6824214104562998,0.42342654801905155,0.7234650179743767,0.11551552871242166,0.6429361496120691,0.9989904668182135,0.9998779315501451,0.2237548828125,0.287353515625,0.218994140625,0.2698974609375,0.2998798191547394,52,0.22716346383094788,0.2265625149011612,0.24639424681663513,0.2769607901573181,51,0.23161765933036804,0.23161765933036804,0.2598039209842682,0.2928921580314636,51,0.23223039507865906,0.2242647111415863,0.2506127655506134,0.2824755012989044,51,0.2236519753932953,0.28125,0.21262255311012268,0.19975490868091583,51,0.20404411852359772,0.2855392396450043,0.31066176295280457,3.005413770675659,0.4928950369358063,0.09492462128400803,0.35035672783851624,0.011309185065329075,0.17807617783546448,0.1631009578704834,2.9879491329193115,0.49292227625846863,0.09504882246255875,0.35012030601501465,0.007577266078442335,0.1611519753932953,2.9891130924224854,0.4914413392543793,0.0956079289317131,0.35123488306999207,0.00988331064581871,0.17450980842113495,2.997802734375,0.4905504882335663,0.09554135054349899,0.35216036438941956,0.00863410159945488,0.19632354378700256,3.005180835723877,0.4916445314884186,0.09565744549036026,0.35145390033721924,0.010422072373330593,0.19558824598789215,2.996487855911255,0.4960772395133972,0.09662735462188721,0.3540169596672058,0.011700263246893883
65,0.6525967232882977,0.01806640625,0.00334472664144414,0.49279649183154106,0.6525967232882977,0.365234375,0.03269911359529942,0.13463878305628896,0.04895095876418054,0.7113940883427858,0.00046355704868972225,-0.023395947267999873,46.20779752731323,4.7466751635074615,-0.6930257678031921,0.5435560252517462,0.41242036409676075,0.662071542814374,0.2815267825499177,0.2869748780503869,0.5665535349398851,0.6411917172372341,0.4599984548985958,0.6789035927504301,0.4305140106007457,0.7113940883427858,0.1102552697993815,0.6405581161379814,0.9983371645212173,0.9997314494103193,0.230712890625,0.2919921875,0.22314453125,0.254150390625,0.2992788553237915,52,0.23617789149284363,0.22536058723926544,0.23918269574642181,0.27450981736183167,51,0.24571079015731812,0.2389705926179886,0.24080882966518402,0.3026960790157318,51,0.23713235557079315,0.2291666716337204,0.23100490868091583,0.2708333432674408,51,0.2242647111415863,0.2824755012989044,0.22242647409439087,0.19975490868091583,51,0.21017158031463623,0.3008578419685364,0.28921568393707275,2.991333484649658,0.49047720432281494,0.09509187936782837,0.35369327664375305,0.009388411417603493,0.17624512314796448,0.15588942170143127,2.997354745864868,0.49092334508895874,0.09413953125476837,0.3490440547466278,0.0068090432323515415,0.16960784792900085,3.0036356449127197,0.4912177622318268,0.0948093980550766,0.35079529881477356,0.009655828587710857,0.17450980842113495,3.0112311840057373,0.48846063017845154,0.09361602365970612,0.3509880304336548,0.008200929500162601,0.18370099365711212,3.0089809894561768,0.491436243057251,0.09474184364080429,0.3511926233768463,0.010187921114265919,0.1979166716337204,3.007744312286377,0.4959726333618164,0.09601888805627823,0.35334891080856323,0.012536265887320042
66,0.651418462395668,0.0167236328125,0.0032714844473957783,0.5040082111954689,0.651418462395668,0.37091064453125,0.033411644923035055,0.13874334888532758,0.04881219821982086,0.708603598177433,0.00027227623464654016,-0.023536164255347103,38.707473278045654,4.738320916891098,-0.6931256651878357,0.5360683836042881,0.4108283668756485,0.6634926032274961,0.28442953899502754,0.2855539545416832,0.5669728145003319,0.6398535780608654,0.46364513505250216,0.6768790688365698,0.4280327819287777,0.708603598177433,0.11173423752188683,0.6441588457673788,0.9990127477794886,0.9999267589300871,0.2451171875,0.279541015625,0.2188720703125,0.2564697265625,0.2896634638309479,52,0.2584134638309479,0.21935096383094788,0.23257212340831757,0.27818629145622253,51,0.23651961982250214,0.22120098769664764,0.26409316062927246,0.2763480544090271,51,0.2647058963775635,0.23835785686969757,0.22058823704719543,0.2549019753932953,51,0.24080882966518402,0.28002452850341797,0.2242647111415863,0.19117647409439087,51,0.2248774617910385,0.27328431606292725,0.31066176295280457,2.9968252182006836,0.48865222930908203,0.09649457037448883,0.3521340489387512,0.010022211819887161,0.1748046875,0.16658653318881989,3.004530906677246,0.49171698093414307,0.09359949082136154,0.3486897647380829,0.007589906919747591,0.16924020648002625,2.984287977218628,0.4912949204444885,0.09479434788227081,0.3505292534828186,0.010564416646957397,0.166911780834198,3.010051965713501,0.4884392321109772,0.09372900426387787,0.3501666188240051,0.008352391421794891,0.17573530972003937,3.0131185054779053,0.491394966840744,0.09414869546890259,0.3501916527748108,0.008624427951872349,0.19571079313755035,2.9895541667938232,0.4960150718688965,0.09630654007196426,0.35415545105934143,0.012800752185285091
67,0.6516096983104944,0.0177001953125,0.0034423828747094376,0.5137253366410732,0.6516096983104944,0.3653564453125,0.035963030240964144,0.13405522610992193,0.050596838467754424,0.7143307980149984,0.00025974834255038104,-0.027221285039559007,39.95382905006409,4.7364799082279205,-0.6938974857330322,0.54015520401299,0.412402568385005,0.6564702559262514,0.2854055976495147,0.28954832814633846,0.5661604832857847,0.6352865993976593,0.45708385948091745,0.6836234722286463,0.4307038960978389,0.7143307980149984,0.11614654609002173,0.6443632747977972,0.9990604668855667,0.9999023452401161,0.2308349609375,0.2891845703125,0.215087890625,0.264892578125,0.2974759638309479,52,0.25120192766189575,0.2133413553237915,0.23798078298568726,0.28431373834609985,51,0.240196093916893,0.24938726425170898,0.22610294818878174,0.30392158031463623,51,0.23039215803146362,0.20465686917304993,0.2610294222831726,0.262254923582077,51,0.2346813827753067,0.2928921580314636,0.21017158031463623,0.1979166716337204,51,0.19730393588542938,0.2671568691730499,0.3376225531101227,2.9849047660827637,0.4891808032989502,0.0959516391158104,0.3497617542743683,0.010840034112334251,0.1729736328125,0.15504807233810425,2.990497350692749,0.49148231744766235,0.09363546967506409,0.34871625900268555,0.007876112125813961,0.16004903614521027,2.994654655456543,0.48854342103004456,0.09437010437250137,0.3508175313472748,0.010298746638000011,0.17034314572811127,2.986576557159424,0.49016550183296204,0.09450315684080124,0.35194331407546997,0.008810088969767094,0.1770833432674408,3.003877639770508,0.4898384213447571,0.09464595466852188,0.3509480357170105,0.010163042694330215,0.2026960849761963,2.965502977371216,0.496713250875473,0.09776987135410309,0.35569673776626587,0.013330013491213322
68,0.6606377214193344,0.0155029296875,0.003051757861612714,0.47605874203145504,0.6606377214193344,0.36328125,0.030099869589321315,0.13397885393351316,0.04692553647328168,0.7062553651630878,0.0003326353157078188,-0.02416090975748375,41.222105264663696,4.730190724134445,-0.69405597448349,0.5560885202139616,0.42639030423015356,0.6759026665240526,0.2933281371369958,0.288579935207963,0.5826440751552582,0.6405145302414894,0.4679475165903568,0.6867179833352566,0.43433002568781376,0.7062553651630878,0.11530731758102775,0.6438386254012585,0.9988041184842587,0.9999511726200581,0.2381591796875,0.2919921875,0.208251953125,0.2615966796875,0.3125,52,0.24399039149284363,0.21394231915473938,0.22956731915473938,0.2873774468898773,51,0.25306373834609985,0.2089460790157318,0.2506127655506134,0.30392158031463623,51,0.24203431606292725,0.21446079015731812,0.2395833432674408,0.2696078419685364,51,0.2297794222831726,0.28982844948768616,0.21078431606292725,0.1930147111415863,51,0.22181373834609985,0.2659313678741455,0.3192402124404907,3.0128426551818848,0.4841145873069763,0.09477511048316956,0.35410434007644653,0.008932722732424736,0.16896973550319672,0.15889422595500946,3.0109124183654785,0.4873902499675751,0.09326166659593582,0.3489082157611847,0.007595349103212357,0.1561274528503418,2.989198684692383,0.4874332547187805,0.09426017850637436,0.35111483931541443,0.009325427003204823,0.15980392694473267,3.0027575492858887,0.48819875717163086,0.09345339238643646,0.3508314788341522,0.008020412176847458,0.17328432202339172,3.005352020263672,0.4910123646259308,0.09429379552602768,0.35190874338150024,0.009181253612041473,0.19693627953529358,2.985193967819214,0.4976120889186859,0.09675996005535126,0.35496169328689575,0.013118869625031948
69,0.6588646769523621,0.0155029296875,0.00307617192993348,0.48631368204951286,0.6588646769523621,0.36474609375,0.03213199641322717,0.14034870313480496,0.04945267178118229,0.7022170145064592,0.00022058877397057586,-0.025819056114414707,39.19907855987549,4.723104298114777,-0.694189190864563,0.5593929998576641,0.4185421010479331,0.6692564729601145,0.2951570665463805,0.2911524660885334,0.5740903671830893,0.6354005113244057,0.46466499101370573,0.6812122892588377,0.4369535678997636,0.7022170145064592,0.11542470566928387,0.6466719657182693,0.9991925377398729,0.999975586310029,0.24462890625,0.2939453125,0.2078857421875,0.2535400390625,0.3022836744785309,52,0.24699519574642181,0.21514423191547394,0.23557692766189575,0.29901960492134094,51,0.25735294818878174,0.19975490868091583,0.24387255311012268,0.29473039507865906,51,0.262254923582077,0.2138480395078659,0.2291666716337204,0.26286765933036804,51,0.23161765933036804,0.2879902124404907,0.21752451360225677,0.1930147111415863,51,0.2248774617910385,0.2855392396450043,0.2965686321258545,3.000312566757202,0.48751071095466614,0.09473927319049835,0.3523476719856262,0.007244036067277193,0.16860352456569672,0.15156249701976776,2.9893810749053955,0.487354576587677,0.0933879092335701,0.3489696979522705,0.006070034112781286,0.15808825194835663,2.982142925262451,0.4882754981517792,0.09378263354301453,0.3502444922924042,0.010204221121966839,0.16593138873577118,2.997288227081299,0.48462173342704773,0.0929872989654541,0.3507951498031616,0.008033099584281445,0.17806373536586761,3.000251054763794,0.4908713102340698,0.09431130439043045,0.35201314091682434,0.011021340265870094,0.18970589339733124,2.991621494293213,0.4953455924987793,0.0956607535481453,0.3540176749229431,0.013042268343269825
70,0.6555221248418093,0.016845703125,0.003222656338039087,0.5065881153568625,0.6555221248418093,0.36480712890625,0.03510914294747636,0.13064304110594094,0.04986895283218473,0.7076624967157841,0.00027258581094713463,-0.024333671666681767,42.045191049575806,4.712765961885452,-0.694320559501648,0.5481324065476656,0.41693910025060177,0.662507114931941,0.2942574881017208,0.2884214948862791,0.5723083075135946,0.6410798281431198,0.4643755638971925,0.688399801030755,0.43351574894040823,0.7076624967157841,0.11549742729403079,0.6365875881165266,0.9990136474370956,0.9998535178601742,0.246337890625,0.28759765625,0.1925048828125,0.2735595703125,0.31069713830947876,52,0.25961539149284363,0.19891828298568726,0.23076924681663513,0.2977941334247589,51,0.25183823704719543,0.19424019753932953,0.2561274468898773,0.2867647111415863,51,0.25367647409439087,0.20465686917304993,0.2549019753932953,0.28308823704719543,51,0.23713235557079315,0.2879902124404907,0.19178922474384308,0.17279411852359772,51,0.2291666716337204,0.2542892098426819,0.34375,2.964468002319336,0.4874175786972046,0.09479723870754242,0.3513600826263428,0.011654242873191833,0.1761474609375,0.15264423191547394,2.9876065254211426,0.48801982402801514,0.09304127842187881,0.3485567271709442,0.007236574776470661,0.1764705926179886,2.988703727722168,0.4867267310619354,0.09362318366765976,0.3496856093406677,0.011176833882927895,0.16862745583057404,2.9835238456726074,0.4863814115524292,0.09392780065536499,0.3513912856578827,0.010485806502401829,0.18688726425170898,2.9927093982696533,0.48812636733055115,0.0949348583817482,0.3506801128387451,0.010691910982131958,0.19656863808631897,2.9659221172332764,0.49277782440185547,0.09696126729249954,0.3551532030105591,0.013968098908662796
71,0.6527294926345348,0.017822265625,0.0034423828838043846,0.5029355101287365,0.6527294926345348,0.3609619140625,0.03132854955038056,0.1326986807398498,0.051412814180366695,0.7070297859609127,0.0002666705638638689,-0.02407993978704326,48.34557008743286,4.710208028554916,-0.6952369809150696,0.5389415118843317,0.41718574706465006,0.6719902027398348,0.29365542624145746,0.2870366694405675,0.5720366295427084,0.6292567029595375,0.46470261737704277,0.6812251526862383,0.4301538588479161,0.7070297859609127,0.1090978009160608,0.6427099630236626,0.9990449734032154,0.9998779315501451,0.2403564453125,0.291259765625,0.20556640625,0.2628173828125,0.31670674681663513,52,0.23137019574642181,0.2007211595773697,0.25120192766189575,0.2965686321258545,51,0.2591911852359772,0.20955882966518402,0.2346813827753067,0.2922794222831726,51,0.27879902720451355,0.19669118523597717,0.23223039507865906,0.2769607901573181,51,0.22181373834609985,0.2873774468898773,0.2138480395078659,0.20710785686969757,51,0.21078431606292725,0.26286765933036804,0.3192402124404907,2.9922099113464355,0.49204862117767334,0.09456682950258255,0.3518903851509094,0.009665285237133503,0.16901855170726776,0.15060095489025116,2.9774482250213623,0.4900622069835663,0.09400782734155655,0.34930717945098877,0.008889429271221161,0.15980392694473267,3.0004255771636963,0.48734191060066223,0.09320075064897537,0.349911093711853,0.009869341738522053,0.1714460849761963,3.002683639526367,0.4865579903125763,0.09314660727977753,0.34948113560676575,0.009366467595100403,0.1667892187833786,2.9961297512054443,0.4899906516075134,0.09464388340711594,0.351347416639328,0.010953300632536411,0.19681373238563538,2.9698541164398193,0.49456506967544556,0.09680861234664917,0.35505858063697815,0.012300669215619564
72,0.6567307785153389,0.0169677734375,0.00327148447286163,0.49996511545032263,0.6567307785153389,0.36541748046875,0.0314999048714526,0.13414171966724098,0.04617179080378264,0.7025986146181822,0.00028913711417999366,-0.02640378085197881,44.030925035476685,4.696762889623642,-0.6957018971443176,0.54362409748137,0.42402110900729895,0.671085761860013,0.2862531077116728,0.29009734746068716,0.5796934813261032,0.6502287369221449,0.46353542152792215,0.6835880316793919,0.430432328954339,0.7025986146181822,0.11152629763819277,0.6446693874895573,0.9989470038563013,0.9998779315501451,0.24755859375,0.2978515625,0.2088623046875,0.2457275390625,0.3022836744785309,52,0.26141828298568726,0.21514423191547394,0.2211538553237915,0.3223039209842682,51,0.2506127655506134,0.2028186321258545,0.2242647111415863,0.3033088445663452,51,0.24571079015731812,0.2193627506494522,0.23161765933036804,0.23223039507865906,51,0.25857844948768616,0.2873774468898773,0.22181373834609985,0.18504902720451355,51,0.22120098769664764,0.27389708161354065,0.31985294818878174,2.9697651863098145,0.48775508999824524,0.09516573697328568,0.3520142734050751,0.008056573569774628,0.17099609971046448,0.15733173489570618,2.9955930709838867,0.4862886369228363,0.09314607083797455,0.3483482599258423,0.008745384402573109,0.1618872582912445,2.990907669067383,0.4892181158065796,0.09320008754730225,0.34880778193473816,0.0105866314843297,0.16580882668495178,3.0030136108398438,0.4857026934623718,0.09410916268825531,0.3498637080192566,0.008864710107445717,0.17610295116901398,3.008488178253174,0.48828819394111633,0.09326544404029846,0.34947848320007324,0.01039149984717369,0.19411766529083252,2.971980571746826,0.49382707476615906,0.09697069227695465,0.35520854592323303,0.013345276936888695
73,0.6529240384697914,0.0166015625,0.0031738281777506927,0.5102183055132627,0.6529240384697914,0.36102294921875,0.03170236974256113,0.1459554007742554,0.04906875151209533,0.7063087429851294,0.00030380673979379935,-0.02733338126563467,39.87206506729126,4.688590884208679,-0.6969501376152039,0.5397152211517096,0.4133719112724066,0.6708878558129072,0.2919312547892332,0.2898733112961054,0.5671530663967133,0.645996980369091,0.46262271516025066,0.6760660987347364,0.42790718749165535,0.7063087429851294,0.11096743354573846,0.6398282963782549,0.9989059064537287,0.9998535178601742,0.244384765625,0.2989501953125,0.2108154296875,0.245849609375,0.3149038553237915,52,0.25901442766189575,0.21754808723926544,0.2085336595773697,0.3131127655506134,51,0.2555147111415863,0.21200981736183167,0.2193627506494522,0.30882352590560913,51,0.2512255012989044,0.2089460790157318,0.23100490868091583,0.2561274468898773,51,0.23223039507865906,0.2922794222831726,0.2193627506494522,0.19607843458652496,51,0.2236519753932953,0.2653186321258545,0.31495100259780884,2.974132537841797,0.49166393280029297,0.09363751858472824,0.3507748544216156,0.010139770805835724,0.17294922471046448,0.1445913463830948,3.0010857582092285,0.488416850566864,0.09310219436883926,0.34811094403266907,0.008000530302524567,0.16764706373214722,2.996872901916504,0.48634040355682373,0.09321609884500504,0.3504592180252075,0.011243937537074089,0.1719362884759903,3.0107080936431885,0.48589450120925903,0.0934237539768219,0.3502107560634613,0.009624689817428589,0.18075981736183167,3.005403757095337,0.4867531955242157,0.09508462250232697,0.35080674290657043,0.010655214078724384,0.20036765933036804,2.984832525253296,0.49112120270729065,0.097190260887146,0.35472601652145386,0.012867509387433529
74,0.6530064530670643,0.0174560546875,0.00344238283651066,0.5112783890217543,0.6530064530670643,0.36273193359375,0.033945269242394716,0.14244604902341962,0.050004588323645294,0.7047917619347572,0.00018011717946819772,-0.023883663612650707,42.87696170806885,4.686014711856842,-0.6970971822738647,0.5375520419329405,0.41233001835644245,0.6697170678526163,0.29412919003516436,0.2893842710182071,0.5674381330609322,0.6403513625264168,0.45844507962465286,0.6760505437850952,0.4288968285545707,0.7047917619347572,0.11704855156131089,0.6361781656742096,0.999326491728425,0.9999511726200581,0.2420654296875,0.3017578125,0.2073974609375,0.248779296875,0.3275240361690521,52,0.2445913553237915,0.2163461595773697,0.21153846383094788,0.3192402124404907,51,0.27757352590560913,0.20036765933036804,0.2028186321258545,0.29411765933036804,51,0.24877451360225677,0.22058823704719543,0.23651961982250214,0.25245100259780884,51,0.2340686321258545,0.2922794222831726,0.22120098769664764,0.17830882966518402,51,0.20526961982250214,0.2751225531101227,0.34129902720451355,3.0002224445343018,0.48874861001968384,0.09351035207509995,0.3505367040634155,0.010567699559032917,0.16962890326976776,0.15372596681118011,2.9945597648620605,0.4876447021961212,0.09318291395902634,0.3483191430568695,0.008592650294303894,0.1616421639919281,3.012403964996338,0.48529085516929626,0.0923885703086853,0.3486824929714203,0.011234910227358341,0.16335785388946533,3.0028367042541504,0.48632878065109253,0.09393316507339478,0.35075443983078003,0.010368376038968563,0.17463237047195435,3.0016112327575684,0.4877636134624481,0.09481750428676605,0.35008955001831055,0.010730919428169727,0.19509805738925934,2.9753670692443848,0.4943985342979431,0.09753283113241196,0.3551715612411499,0.013480798341333866
75,0.6562121212482452,0.0164794921875,0.003222656314392225,0.5021220939233899,0.6562121212482452,0.365478515625,0.03412985918112099,0.1381054911762476,0.04795454861596227,0.7099264822900295,0.00030158444786110294,-0.02519128331914544,41.233959913253784,4.68157696723938,-0.697030246257782,0.5434281658381224,0.418119003996253,0.6729263570159674,0.29124121461063623,0.29259436298161745,0.5731508154422045,0.6488272957503796,0.46889231260865927,0.6813078168779612,0.4286932600662112,0.7099264822900295,0.11333661200478673,0.6378027070313692,0.9989228807389736,0.9999267589300871,0.23828125,0.3011474609375,0.2108154296875,0.249755859375,0.3197115361690521,52,0.24278846383094788,0.21935096383094788,0.21814905107021332,0.3075980544090271,51,0.2555147111415863,0.21262255311012268,0.2242647111415863,0.2977941334247589,51,0.23651961982250214,0.23039215803146362,0.2352941334247589,0.24264706671237946,51,0.2444853037595749,0.2977941334247589,0.21507354080677032,0.1764705926179886,51,0.21200981736183167,0.2824755012989044,0.3290441334247589,3.0182504653930664,0.48467862606048584,0.09324748069047928,0.35056641697883606,0.011451959609985352,0.17380371689796448,0.16466346383094788,3.0002918243408203,0.4874567687511444,0.0940527617931366,0.34813445806503296,0.009063007310032845,0.16519609093666077,2.993513822555542,0.48618006706237793,0.09350231289863586,0.34865596890449524,0.011779761873185635,0.17500001192092896,2.9939324855804443,0.487388551235199,0.09488046169281006,0.35061025619506836,0.010336530394852161,0.17463237047195435,3.0105059146881104,0.48972171545028687,0.0940866470336914,0.3491945266723633,0.010859637521207333,0.18970589339733124,2.9720540046691895,0.4936510920524597,0.09718719869852066,0.3539908230304718,0.012338190339505672
76,0.665454002097249,0.015869140625,0.0030517578743456397,0.47208666801452637,0.665454002097249,0.36663818359375,0.029889782425016165,0.12665807479061186,0.045157331507653,0.7035288345068693,0.00032759015735450703,-0.025100202270550653,40.786932945251465,4.682759940624237,-0.6960962414741516,0.575446255505085,0.42992115300148726,0.6787982787936926,0.2942273421213031,0.29187185410410166,0.586347809061408,0.6525253560394049,0.46425923239439726,0.6916064769029617,0.43774568662047386,0.7035288345068693,0.11445270851254463,0.6349085438996553,0.9988015573471785,0.9998779315501451,0.253173828125,0.2958984375,0.2093505859375,0.2415771484375,0.31430289149284363,52,0.25901442766189575,0.21274039149284363,0.21394231915473938,0.29411765933036804,51,0.2720588445663452,0.2187500149011612,0.21507354080677032,0.30943629145622253,51,0.26348039507865906,0.20220589637756348,0.2248774617910385,0.23774510622024536,51,0.23590686917304993,0.2904411852359772,0.23590686917304993,0.1770833432674408,51,0.2352941334247589,0.2708333432674408,0.3167892396450043,2.99328351020813,0.4879574775695801,0.09565377235412598,0.3527323305606842,0.0100712850689888,0.17307129502296448,0.15937499701976776,2.9987096786499023,0.485212504863739,0.09331833571195602,0.347928524017334,0.008401329629123211,0.1620098203420639,3.000844955444336,0.48428598046302795,0.09392944723367691,0.3491237163543701,0.012070498429238796,0.16335785388946533,2.993945360183716,0.4850875437259674,0.09365814924240112,0.34931135177612305,0.010184032842516899,0.17622549831867218,3.012373447418213,0.48770052194595337,0.09440809488296509,0.34944677352905273,0.011175625026226044,0.20465686917304993,2.975908041000366,0.4939965307712555,0.09649542719125748,0.3538188636302948,0.013874753378331661
77,0.6594048701226711,0.0172119140625,0.003369140717040864,0.49722085893154144,0.6594048701226711,0.36334228515625,0.0315618728636764,0.13923082849942148,0.045419447822496295,0.7049576975405216,0.00021662195192106992,-0.025054587400518358,47.45655608177185,4.676374763250351,-0.6963561773300171,0.5546870399266481,0.4280021032318473,0.6727746184915304,0.2925701178610325,0.2958264444023371,0.5839406084269285,0.64739197678864,0.4677124070003629,0.6855650655925274,0.4357022251933813,0.7049576975405216,0.11281600967049599,0.6407612320035696,0.999211935326457,0.9999267589300871,0.25048828125,0.29833984375,0.2081298828125,0.2430419921875,0.317307710647583,52,0.26682692766189575,0.2133413553237915,0.20252405107021332,0.3235294222831726,51,0.2591911852359772,0.19914215803146362,0.21813726425170898,0.2916666865348816,51,0.24387255311012268,0.22671569883823395,0.23774510622024536,0.24938726425170898,51,0.24571079015731812,0.2873774468898773,0.21752451360225677,0.18382354080677032,51,0.23651961982250214,0.2714460790157318,0.3082107901573181,2.996548891067505,0.4843665659427643,0.09627550840377808,0.35045212507247925,0.010691480711102486,0.17194823920726776,0.15853364765644073,3.003375291824341,0.48400917649269104,0.09246283769607544,0.34623390436172485,0.00994892232120037,0.15906864404678345,2.9948480129241943,0.4862939119338989,0.09273935109376907,0.347493976354599,0.01096415240317583,0.16495099663734436,2.9947738647460938,0.4862508773803711,0.09479972720146179,0.35048142075538635,0.009271372109651566,0.18345589935779572,3.0079357624053955,0.4869283139705658,0.09494896233081818,0.34974798560142517,0.011934995651245117,0.19399510324001312,2.974423408508301,0.4903394877910614,0.09705128520727158,0.35349932312965393,0.01281004399061203
78,0.6549063473939896,0.015625,0.003027343835128704,0.5174065409228206,0.6549063473939896,0.3653564453125,0.03288597136270255,0.1366561793256551,0.04819782776758075,0.7034752145409584,0.00038033195824027644,-0.02530557051068172,38.722142934799194,4.6623367965221405,-0.696627676486969,0.5352625325322151,0.422628509812057,0.6759236939251423,0.29240904934704304,0.2918276973068714,0.5751623120158911,0.6506596375256777,0.4614098481833935,0.6853616181761026,0.42913710232824087,0.7034752145409584,0.1164787586312741,0.63102494366467,0.9986207317560911,0.9999023452401161,0.2584228515625,0.298095703125,0.199951171875,0.2435302734375,0.30588942766189575,52,0.2740384638309479,0.20192308723926544,0.21814905107021332,0.3014706075191498,51,0.2659313678741455,0.1979166716337204,0.2346813827753067,0.3026960790157318,51,0.27267158031463623,0.2077205926179886,0.21691177785396576,0.24877451360225677,51,0.25735294818878174,0.28860294818878174,0.20526961982250214,0.18688726425170898,51,0.22181373834609985,0.2916666865348816,0.29963237047195435,3.0065925121307373,0.49129778146743774,0.09433864057064056,0.3468325436115265,0.010813158005475998,0.17507325112819672,0.1631009578704834,3.009195327758789,0.485190749168396,0.09302524477243423,0.34648633003234863,0.011228707619011402,0.16531863808631897,2.9927196502685547,0.4856153130531311,0.0932597890496254,0.34800243377685547,0.01254758145660162,0.16617648303508759,3.0060222148895264,0.4869825541973114,0.09423468261957169,0.3492346405982971,0.010621469467878342,0.1818627566099167,3.001614809036255,0.48694366216659546,0.09414894133806229,0.3494345545768738,0.011668299324810505,0.19914217293262482,2.995793581008911,0.49426713585853577,0.09689836204051971,0.35282009840011597,0.012507555074989796
79,0.6588790789246559,0.0184326171875,0.0035400391407165444,0.4985433164983988,0.6588790789246559,0.3685302734375,0.03120624623261392,0.13880373374558985,0.04803173593245447,0.7187911067157984,0.00027526719691195467,-0.024790197261609137,44.99243402481079,4.660024553537369,-0.6970920562744141,0.5484427381306887,0.4214712157845497,0.6880932468920946,0.29019307997077703,0.28992423322051764,0.5769963804632425,0.6425070241093636,0.459508266299963,0.6871065273880959,0.4293440608307719,0.7187911067157984,0.11178842047229409,0.6240183282643557,0.998986978083849,0.9998535178601742,0.2564697265625,0.278076171875,0.210693359375,0.2547607421875,0.30048078298568726,52,0.26382213830947876,0.2187500149011612,0.21694712340831757,0.2959558963775635,51,0.2647058963775635,0.20710785686969757,0.23223039507865906,0.27757352590560913,51,0.2708333432674408,0.19914215803146362,0.25245100259780884,0.2444853037595749,51,0.2512255012989044,0.2714460790157318,0.23284314572811127,0.19546569883823395,51,0.23161765933036804,0.2444853037595749,0.3284313976764679,2.991185426712036,0.4842875897884369,0.09584908932447433,0.35202547907829285,0.013145087286829948,0.173828125,0.16153846681118011,2.9972970485687256,0.4852091073989868,0.09394481778144836,0.3473989963531494,0.011459553614258766,0.15857844054698944,2.9986650943756104,0.48557621240615845,0.09464465081691742,0.34994417428970337,0.012646953575313091,0.17438726127147675,3.0055959224700928,0.48466262221336365,0.09539932012557983,0.3502197265625,0.013031691312789917,0.18002451956272125,3.0227584838867188,0.48623794317245483,0.09496045857667923,0.3496055603027344,0.011673708446323872,0.19485294818878174,2.9698486328125,0.49039700627326965,0.09867557883262634,0.35474249720573425,0.013073639012873173
80,0.659015879034996,0.0159912109375,0.0031738281759317033,0.4889791114255786,0.659015879034996,0.3677978515625,0.03167559683788568,0.13438848010264337,0.0475901800673455,0.7135642822831869,0.00029872789036744507,-0.025213844259269536,43.54284644126892,4.6511973440647125,-0.6985374689102173,0.5532948970794678,0.42236174922436476,0.6779295280575752,0.29651373997330666,0.2953276839107275,0.5781113393604755,0.646954957395792,0.4574206471443176,0.6870602704584599,0.43345013447105885,0.7135642822831869,0.11215902445837855,0.627598075196147,0.9989180509001017,0.999975586310029,0.256591796875,0.28662109375,0.2088623046875,0.2479248046875,0.29567310214042664,52,0.25600963830947876,0.2187500149011612,0.22956731915473938,0.2861519753932953,51,0.28308823704719543,0.20649510622024536,0.2242647111415863,0.30392158031463623,51,0.2604166865348816,0.23223039507865906,0.2034313827753067,0.24754902720451355,51,0.25735294818878174,0.2965686321258545,0.1985294222831726,0.1881127506494522,51,0.22610294818878174,0.2506127655506134,0.33517158031463623,3.0139541625976562,0.484125018119812,0.09497564285993576,0.3492810130119324,0.010319724678993225,0.1705322265625,0.1586538404226303,3.0113041400909424,0.48618289828300476,0.09424757212400436,0.34810110926628113,0.010600987821817398,0.16531863808631897,3.0045723915100098,0.4860944449901581,0.09378061443567276,0.3482433259487152,0.013008254580199718,0.16973039507865906,3.0218563079833984,0.4816346764564514,0.09435629844665527,0.3491209149360657,0.011627564206719398,0.16985295712947845,3.0040650367736816,0.4860190749168396,0.09486265480518341,0.34859949350357056,0.010638955049216747,0.18933825194835663,2.971841335296631,0.48989906907081604,0.09877248108386993,0.3547133803367615,0.012954693287611008
81,0.6551653742790222,0.0172119140625,0.0033691407061269274,0.5075325053185225,0.6551653742790222,0.37042236328125,0.03469629306346178,0.1380744124762714,0.0489901703549549,0.7040674146264791,0.00027818295244053104,-0.027832557971123606,41.20315718650818,4.62468546628952,-0.6995345950126648,0.5459003001451492,0.41567489225417376,0.6725020427256823,0.2961239069700241,0.291634033434093,0.5703077260404825,0.6373605392873287,0.45036240946501493,0.6860894430428743,0.43066347017884254,0.7040674146264791,0.11302216886542737,0.6247597616165876,0.998986266553402,0.9999267589300871,0.2716064453125,0.2830810546875,0.2027587890625,0.2425537109375,0.29867789149284363,52,0.286057710647583,0.20252405107021332,0.21274039149284363,0.2769607901573181,51,0.27389708161354065,0.21813726425170898,0.23100490868091583,0.30024510622024536,51,0.27267158031463623,0.21446079015731812,0.21262255311012268,0.2389705926179886,51,0.2702206075191498,0.2922794222831726,0.1985294222831726,0.18014706671237946,51,0.2549019753932953,0.24693627655506134,0.3180147111415863,2.9825663566589355,0.4864917993545532,0.09579788148403168,0.34905630350112915,0.012509023770689964,0.17292480170726776,0.15925480425357819,3.005763053894043,0.483228474855423,0.09267713129520416,0.34662166237831116,0.011534657329320908,0.16825981438159943,3.003966808319092,0.4865161180496216,0.09412606805562973,0.3488255739212036,0.012785597704350948,0.16985295712947845,3.003281593322754,0.4859373867511749,0.09362999349832535,0.3502565622329712,0.01140565425157547,0.17977942526340485,3.015789747238159,0.48473426699638367,0.09402146190404892,0.3492756485939026,0.011656840331852436,0.1877451092004776,2.9778404235839844,0.49002158641815186,0.09712155908346176,0.3531888425350189,0.013560852035880089
82,0.6557867005467415,0.0184326171875,0.003588867288272013,0.5032572466880083,0.6557867005467415,0.3697509765625,0.031122080981731415,0.1295108594931662,0.05071817256975919,0.7023043222725391,0.0003364970439436732,-0.02404824609402567,37.82653617858887,4.6152399480342865,-0.7009428143501282,0.546609191223979,0.4232572950422764,0.6745477337390184,0.29442491196095943,0.2980800839141011,0.5784735344350338,0.641624616459012,0.4495982425287366,0.6883330084383488,0.43289703503251076,0.7023043222725391,0.10934073873795569,0.6220152731984854,0.9987731892615557,0.9999023452401161,0.279052734375,0.273193359375,0.195068359375,0.252685546875,0.2842548191547394,52,0.29507213830947876,0.21274039149284363,0.20793269574642181,0.26838237047195435,51,0.28431373834609985,0.1881127506494522,0.2591911852359772,0.3014706075191498,51,0.2769607901573181,0.19669118523597717,0.2248774617910385,0.2610294222831726,51,0.27328431606292725,0.2751225531101227,0.19056373834609985,0.18688726425170898,51,0.2653186321258545,0.23651961982250214,0.31127452850341797,2.9968042373657227,0.49257296323776245,0.09418584406375885,0.3504268527030945,0.011685425415635109,0.17617188394069672,0.16081731021404266,3.01778507232666,0.48671555519104004,0.0934014543890953,0.3470034599304199,0.01035640574991703,0.1779411882162094,2.9963550567626953,0.4856879413127899,0.09377682954072952,0.34972241520881653,0.013282140716910362,0.166421577334404,3.010410785675049,0.4849642515182495,0.09273631125688553,0.3485259413719177,0.011114491149783134,0.18860295414924622,3.0101022720336914,0.48734050989151,0.09423013031482697,0.3495982885360718,0.011847875081002712,0.187377467751503,2.9807169437408447,0.49041593074798584,0.09707459062337875,0.35282599925994873,0.013024592772126198
83,0.6615821216255426,0.0174560546875,0.0032958984938886715,0.48760506231337786,0.6615821216255426,0.37188720703125,0.030853832606226206,0.12930735223926604,0.04609593818895519,0.699663670733571,0.00029885334225809856,-0.024876747775124386,39.90934729576111,4.6100738644599915,-0.7016042470932007,0.5593198966234922,0.4302837969735265,0.6843965891748667,0.29801290202885866,0.29599001072347164,0.5863364581018686,0.648204829543829,0.4549145009368658,0.6932910121977329,0.4353877156972885,0.699663670733571,0.11279178434051573,0.6245227605104446,0.9989247396588326,0.9998046904802322,0.2882080078125,0.275146484375,0.2021484375,0.2344970703125,0.2866586744785309,52,0.3070913553237915,0.2109375149011612,0.1953125,0.2824755012989044,51,0.30514708161354065,0.20588235557079315,0.20649510622024536,0.2928921580314636,51,0.293504923582077,0.2034313827753067,0.21017158031463623,0.2444853037595749,51,0.2818627655506134,0.25735294818878174,0.21629902720451355,0.17401961982250214,51,0.25306373834609985,0.2561274468898773,0.3167892396450043,2.9975247383117676,0.49171921610832214,0.09358352422714233,0.3474559187889099,0.01276583131402731,0.17634277045726776,0.16346153616905212,3.0228073596954346,0.48572835326194763,0.0931483805179596,0.34615370631217957,0.010892561636865139,0.16556373238563538,3.0211684703826904,0.48517611622810364,0.09265190362930298,0.3488183319568634,0.012671931646764278,0.17071078717708588,3.0069658756256104,0.48482319712638855,0.09373614937067032,0.34894782304763794,0.012595689855515957,0.17965687811374664,3.0060980319976807,0.48835107684135437,0.09497225284576416,0.35056403279304504,0.01220035832375288,0.20257353782653809,2.9784834384918213,0.49042102694511414,0.0960439071059227,0.3532024621963501,0.01229806337505579
84,0.6601088438183069,0.01611328125,0.003027343802386895,0.4957595653831959,0.6601088438183069,0.3701171875,0.032834722951520234,0.13193727238103747,0.050385663053020835,0.700152238830924,0.000470026832658732,-0.02205756798502989,39.85813069343567,4.596791476011276,-0.7020134329795837,0.5559041555970907,0.4306552577763796,0.6770562436431646,0.29755769576877356,0.2971136076375842,0.5859295595437288,0.6496116369962692,0.4522747164592147,0.6931492742151022,0.43318734783679247,0.700152238830924,0.11962829087860882,0.6248209122568369,0.9983021933585405,0.9998046904802322,0.2864990234375,0.2783203125,0.197998046875,0.2371826171875,0.27463942766189575,52,0.30829328298568726,0.21033655107021332,0.20673078298568726,0.30024510622024536,51,0.2861519753932953,0.19424019753932953,0.2193627506494522,0.2965686321258545,51,0.2959558963775635,0.2138480395078659,0.1936274617910385,0.2549019753932953,51,0.28492647409439087,0.2610294222831726,0.19914215803146362,0.1721813827753067,51,0.2567402124404907,0.2591911852359772,0.311887264251709,3.0031867027282715,0.4930858314037323,0.09452176094055176,0.35095956921577454,0.011783309280872345,0.177490234375,0.16045673191547394,3.0107810497283936,0.4883282780647278,0.09317794442176819,0.34770628809928894,0.010818530805408955,0.17598040401935577,3.003338098526001,0.48739489912986755,0.09301289916038513,0.34858381748199463,0.013666991144418716,0.1674019694328308,3.0330493450164795,0.48510193824768066,0.0931749939918518,0.3492286205291748,0.01188693568110466,0.18394608795642853,3.01969838142395,0.48874104022979736,0.09481346607208252,0.3505754768848419,0.011963480152189732,0.20000001788139343,2.977790594100952,0.4911840260028839,0.09646739810705185,0.3533303737640381,0.012877270579338074
85,0.6625457759946585,0.01806640625,0.0034912109967990546,0.4840719699859619,0.6625457759946585,0.3731689453125,0.032340750098228455,0.12795772193931043,0.051115672453306615,0.69903146289289,0.0003243230668488195,-0.023053204728057608,45.998396158218384,4.601426839828491,-0.7027157545089722,0.5622672438621521,0.4355269381776452,0.6797225680202246,0.3025515554472804,0.29987336602061987,0.5900208484381437,0.651703966781497,0.4550350420176983,0.6969588436186314,0.4372513582929969,0.69903146289289,0.11530797858722508,0.6224850974977016,0.9988227374851704,0.9998779315501451,0.2952880859375,0.27099609375,0.1981201171875,0.235595703125,0.2974759638309479,52,0.32451924681663513,0.18569712340831757,0.19230769574642181,0.27389708161354065,51,0.30453431606292725,0.20098039507865906,0.22058823704719543,0.2696078419685364,51,0.311887264251709,0.2083333432674408,0.21017158031463623,0.24325981736183167,51,0.27941176295280457,0.2647058963775635,0.21262255311012268,0.18321079015731812,51,0.2555147111415863,0.24877451360225677,0.3125,3.033024311065674,0.4886864423751831,0.09348530322313309,0.34795379638671875,0.015441077761352062,0.17548827826976776,0.15937499701976776,3.023813247680664,0.4872770607471466,0.09177345037460327,0.3458608388900757,0.01095237024128437,0.1621323674917221,3.0064423084259033,0.4845806658267975,0.09337537735700607,0.3484826982021332,0.01235625334084034,0.17561276257038116,3.008633613586426,0.4848111569881439,0.0941188707947731,0.3495214283466339,0.012986916117370129,0.18860295414924622,3.018562078475952,0.48757830262184143,0.09423790127038956,0.3506428301334381,0.011902285739779472,0.19203431904315948,2.9831764698028564,0.4916428327560425,0.09682481735944748,0.3529168367385864,0.013507887721061707
86,0.6604211498051882,0.015625,0.003125000048385118,0.4911296209320426,0.6604211498051882,0.37603759765625,0.030074908398091793,0.13324715639464557,0.04638266656547785,0.696771040558815,0.0004604348755492538,-0.025312228390248492,41.974533796310425,4.59898167848587,-0.702979564666748,0.5521242246031761,0.4377397308126092,0.6849250849336386,0.2969952393323183,0.3041771911084652,0.5941593330353498,0.6495526731014252,0.45389999635517597,0.6915191411972046,0.43502027727663517,0.696771040558815,0.1174521897919476,0.6225368808954954,0.998347507789731,1.0,0.29443359375,0.26708984375,0.1978759765625,0.2406005859375,0.28725963830947876,52,0.3131009638309479,0.18810096383094788,0.21153846383094788,0.28492647409439087,51,0.2965686321258545,0.20955882966518402,0.2089460790157318,0.25306373834609985,51,0.3174019753932953,0.20098039507865906,0.22855393588542938,0.23835785686969757,51,0.2873774468898773,0.25857844948768616,0.21568627655506134,0.17524510622024536,51,0.25735294818878174,0.2512255012989044,0.31617647409439087,3.011953353881836,0.486708402633667,0.0913596972823143,0.3511916995048523,0.010739273391664028,0.17338867485523224,0.15264423191547394,3.005117416381836,0.48935920000076294,0.0929785743355751,0.34684181213378906,0.011523522436618805,0.1662990301847458,3.0162761211395264,0.4870853126049042,0.09194955229759216,0.34859442710876465,0.01272442564368248,0.16813726723194122,3.00495982170105,0.48563647270202637,0.09350292384624481,0.35051828622817993,0.01255666185170412,0.17953433096408844,3.019165515899658,0.4840085506439209,0.09383285790681839,0.35051214694976807,0.010429354384541512,0.20073530077934265,2.9793097972869873,0.4902048707008362,0.09641605615615845,0.3530255854129791,0.012128964997828007
87,0.6625158917158842,0.0174560546875,0.0033447266614530236,0.4903193498030305,0.6625158917158842,0.37310791015625,0.03143994527636096,0.13872604630887508,0.04899087082594633,0.6920401435345411,0.0004394282445616682,-0.024098025576677173,44.54767417907715,4.606563568115234,-0.7035903334617615,0.5623624492436647,0.42974882666021585,0.6853804755955935,0.2967474823817611,0.296276499517262,0.5834484696388245,0.6489286217838526,0.4482354773208499,0.6882440857589245,0.43300171848386526,0.6920401435345411,0.12125576660037041,0.6146614719182253,0.9984261523932219,0.9998535178601742,0.29443359375,0.268310546875,0.1856689453125,0.2515869140625,0.27704328298568726,52,0.3131009638309479,0.19591346383094788,0.21394231915473938,0.27757352590560913,51,0.31495100259780884,0.19546569883823395,0.21200981736183167,0.27941176295280457,51,0.3241421580314636,0.17953431606292725,0.21691177785396576,0.2653186321258545,51,0.27757352590560913,0.26899510622024536,0.1881127506494522,0.16911765933036804,51,0.24203431606292725,0.23835785686969757,0.3504902124404907,2.943053722381592,0.4879707992076874,0.0955808013677597,0.35293012857437134,0.013016683049499989,0.17995606362819672,0.16141827404499054,2.9968793392181396,0.48527079820632935,0.09184574335813522,0.34701913595199585,0.011260836385190487,0.1768382489681244,3.0133180618286133,0.48479053378105164,0.0921831876039505,0.3490757644176483,0.013742069713771343,0.17107844352722168,3.0130293369293213,0.486697793006897,0.09180581569671631,0.34843191504478455,0.013281434774398804,0.18897059559822083,3.003413200378418,0.48779425024986267,0.09355112165212631,0.3504723310470581,0.01184143777936697,0.20183824002742767,2.9566943645477295,0.4905143678188324,0.0976499542593956,0.3543529510498047,0.014375988394021988
88,0.6612085942178965,0.0172119140625,0.0032470703990838956,0.49100155755877495,0.6612085942178965,0.377197265625,0.030589060625061393,0.13845520606264472,0.04571068740915507,0.6923050824552774,0.0004208960890537128,-0.026834670119569637,44.21210026741028,4.597267270088196,-0.7033833861351013,0.5595146454870701,0.4319048598408699,0.6806988846510649,0.29623793344944715,0.29657403752207756,0.5862964205443859,0.6553322970867157,0.45013191644102335,0.6869463287293911,0.43074334040284157,0.6923050824552774,0.1116961466614157,0.6197602171450853,0.9984899386763573,0.9998046904802322,0.3033447265625,0.2642822265625,0.182373046875,0.25,0.2710336744785309,52,0.3149038553237915,0.19951923191547394,0.21454328298568726,0.27879902720451355,51,0.311887264251709,0.17524510622024536,0.2340686321258545,0.262254923582077,51,0.3186274766921997,0.19914215803146362,0.21997550129890442,0.26409316062927246,51,0.2910539209842682,0.25857844948768616,0.18627451360225677,0.1513480395078659,51,0.28002452850341797,0.2506127655506134,0.3180147111415863,2.9785914421081543,0.48660194873809814,0.09265990555286407,0.3527960777282715,0.011889034882187843,0.17668457329273224,0.15925480425357819,3.000303030014038,0.4852025806903839,0.09210419654846191,0.3478393256664276,0.011908678337931633,0.17487746477127075,2.997450351715088,0.48634952306747437,0.09263642877340317,0.3486665189266205,0.01337413303554058,0.15870098769664764,2.996807813644409,0.4820985794067383,0.09311096370220184,0.3485853970050812,0.012343378737568855,0.19227942824363708,3.010315418243408,0.48518043756484985,0.0932183563709259,0.35000336170196533,0.01245158165693283,0.1986519694328308,2.9698705673217773,0.4874822795391083,0.09569574147462845,0.35281533002853394,0.01388291921466589
89,0.6634175162762403,0.01708984375,0.0033447266432631295,0.46759164426475763,0.6634175162762403,0.376708984375,0.028707958466839045,0.1253978218883276,0.04794821888208389,0.6975429244339466,0.00039257331659214856,-0.027442454476840794,40.579147815704346,4.598398953676224,-0.7034689784049988,0.5664397552609444,0.4300371864810586,0.687098765745759,0.2933600014075637,0.2980878660455346,0.5837690029293299,0.649570906534791,0.4457466136664152,0.6893020402640104,0.43862874433398247,0.6975429244339466,0.11230280110612512,0.6323864124715328,0.9986192006617785,0.9999267589300871,0.2857666015625,0.26953125,0.1954345703125,0.249267578125,0.2734375,52,0.2974759638309479,0.21394231915473938,0.21514423191547394,0.2879902124404907,51,0.2867647111415863,0.19117647409439087,0.2340686321258545,0.262254923582077,51,0.3069853186607361,0.21139706671237946,0.2193627506494522,0.24693627655506134,51,0.27757352590560913,0.2769607901573181,0.1985294222831726,0.1617647111415863,51,0.2598039209842682,0.24693627655506134,0.33149510622024536,2.960301399230957,0.4868062436580658,0.09366437792778015,0.35290586948394775,0.012210322543978691,0.1761474609375,0.16129808127880096,2.9959936141967773,0.48527759313583374,0.09262583404779434,0.348877489566803,0.010883059352636337,0.16887256503105164,2.9719748497009277,0.4839532971382141,0.09299121797084808,0.3493247330188751,0.013534740544855595,0.16850490868091583,2.9838287830352783,0.48577964305877686,0.09346026182174683,0.35055893659591675,0.012988612055778503,0.1778186410665512,2.9927914142608643,0.4856051504611969,0.09396688640117645,0.34953638911247253,0.010908950120210648,0.20453432202339172,2.9630231857299805,0.49017757177352905,0.09642791748046875,0.3539779782295227,0.012962480075657368
90,0.6634017638862133,0.0164794921875,0.0031494141367147677,0.482526239939034,0.6634017638862133,0.37005615234375,0.029188773245550692,0.1317127742804587,0.04466065589804202,0.6893286034464836,0.0002775578895182207,-0.025652082447777502,42.66866207122803,4.599862307310104,-0.7039842009544373,0.5652899406850338,0.4317993298172951,0.6900238376110792,0.2990040984004736,0.29827281553298235,0.5881338007748127,0.6601472850888968,0.44651133194565773,0.688844358548522,0.4367931429296732,0.6893286034464836,0.11495097447186708,0.6249476950615644,0.9989966172724962,0.9998535178601742,0.2933349609375,0.27587890625,0.185546875,0.2452392578125,0.29086539149284363,52,0.3149038553237915,0.19951923191547394,0.19471155107021332,0.28492647409439087,51,0.31127452850341797,0.18933823704719543,0.21446079015731812,0.2763480544090271,51,0.3125,0.17463235557079315,0.23651961982250214,0.26838237047195435,51,0.2867647111415863,0.2591911852359772,0.18566177785396576,0.17830882966518402,51,0.24080882966518402,0.26776960492134094,0.3131127655506134,3.0092530250549316,0.48195770382881165,0.09288182854652405,0.3500896096229553,0.009990792721509933,0.17490234971046448,0.15540865063667297,3.0037026405334473,0.48645806312561035,0.09152227640151978,0.34717583656311035,0.011718465946614742,0.16323530673980713,3.008561849594116,0.48415064811706543,0.09193636476993561,0.3478776514530182,0.012934109196066856,0.167524516582489,2.984529972076416,0.4863942563533783,0.09278948605060577,0.3496001362800598,0.011919279582798481,0.1881127506494522,2.9912049770355225,0.48524969816207886,0.09370585530996323,0.3508038818836212,0.012258523143827915,0.20061275362968445,2.974565267562866,0.48750990629196167,0.0966261476278305,0.3547118008136749,0.012814846821129322
91,0.6649659965187311,0.016845703125,0.0032470703899889486,0.46929873153567314,0.6649659965187311,0.3726806640625,0.030186276650056243,0.1317328503355384,0.04674099152907729,0.6928579863160849,0.00034241471627183273,-0.024895328941056505,42.71144223213196,4.604087293148041,-0.70467609167099,0.5701110642403364,0.43018476851284504,0.6885268427431583,0.3023057747632265,0.30348236858844757,0.5853821113705635,0.6525469236075878,0.45702982041984797,0.6884073466062546,0.43680512346327305,0.6928579863160849,0.11537077091634274,0.6186452899128199,0.9987472463399172,0.9998779315501451,0.2930908203125,0.2755126953125,0.1875,0.243896484375,0.28245192766189575,52,0.3022836744785309,0.1953125,0.21995192766189575,0.280637264251709,51,0.3241421580314636,0.1715686321258545,0.2236519753932953,0.28370100259780884,51,0.30575981736183167,0.20036765933036804,0.21017158031463623,0.2542892098426819,51,0.2708333432674408,0.2763480544090271,0.1985294222831726,0.1715686321258545,51,0.262254923582077,0.2542892098426819,0.311887264251709,3.009640693664551,0.48756343126296997,0.09340672940015793,0.3483307361602783,0.010115014389157295,0.18015137314796448,0.16466346383094788,3.004845380783081,0.486744225025177,0.09197717159986496,0.3479432463645935,0.010806155391037464,0.166911780834198,2.9924957752227783,0.48825863003730774,0.09166958928108215,0.3483545780181885,0.012611056677997112,0.17475491762161255,3.003838062286377,0.4873581528663635,0.09330811351537704,0.3495882451534271,0.012235652655363083,0.19080883264541626,3.006589412689209,0.4858925938606262,0.093953438103199,0.3509063124656677,0.011878198944032192,0.2039215862751007,2.9839794635772705,0.49134281277656555,0.09675449132919312,0.35448965430259705,0.013457277789711952
92,0.6632745526731014,0.017578125,0.0034667969284782885,0.49046369548887014,0.6632745526731014,0.37255859375,0.03226310561876744,0.13487024907954037,0.046478272415697575,0.7049218975007534,0.0005256450303363636,-0.024041834753006697,44.732507944107056,4.5955944657325745,-0.7065650224685669,0.5681616719812155,0.4272188348695636,0.6832133941352367,0.29944759979844093,0.2964132456108928,0.582701051607728,0.6509719993919134,0.4428790183737874,0.6889735665172338,0.434100198559463,0.7049218975007534,0.1152383778244257,0.6208563111722469,0.9981558676809072,0.9999511726200581,0.2900390625,0.2667236328125,0.1854248046875,0.2578125,0.293870210647583,52,0.301682710647583,0.19651442766189575,0.20793269574642181,0.27818629145622253,51,0.3075980544090271,0.18504902720451355,0.2291666716337204,0.26348039507865906,51,0.30024510622024536,0.1936274617910385,0.24264706671237946,0.2714460790157318,51,0.2910539209842682,0.25245100259780884,0.18504902720451355,0.1666666716337204,51,0.24938726425170898,0.2450980544090271,0.3388480544090271,2.9736828804016113,0.4876847267150879,0.09451993554830551,0.3513733446598053,0.01217146497219801,0.18378905951976776,0.17163461446762085,2.9997456073760986,0.4864702522754669,0.09270261228084564,0.3471253514289856,0.011597393080592155,0.1727941334247589,2.9982528686523438,0.4860379695892334,0.09320229291915894,0.3490127921104431,0.012790865264832973,0.1727941334247589,2.9850034713745117,0.4865913987159729,0.09395470470190048,0.3510929346084595,0.013137693516910076,0.1925245225429535,2.9957897663116455,0.48723238706588745,0.09464210271835327,0.3517729938030243,0.012668262235820293,0.20943628251552582,2.952147960662842,0.49054157733917236,0.09727542847394943,0.35564664006233215,0.01318760309368372
93,0.6521414015442133,0.017333984375,0.0033447266650910024,0.5220511807128787,0.6521414015442133,0.3726806640625,0.033207269094418734,0.13813113770447671,0.048027795855887234,0.715898958966136,0.00048175767733482644,-0.026323641213821247,39.501938819885254,4.586951702833176,-0.7080914378166199,0.5350420959293842,0.4195030461996794,0.6710131391882896,0.29479096829891205,0.28530612308532,0.5727339070290327,0.6413020323961973,0.4457091838121414,0.6780576258897781,0.4274706905707717,0.715898958966136,0.11578560480847955,0.6145023908466101,0.9982592090964317,0.9998779315501451,0.277587890625,0.2662353515625,0.1925048828125,0.263671875,0.27764424681663513,52,0.309495210647583,0.19831731915473938,0.21454328298568726,0.27757352590560913,51,0.2959558963775635,0.1924019604921341,0.2340686321258545,0.2708333432674408,51,0.27879902720451355,0.18995098769664764,0.2604166865348816,0.2671568691730499,51,0.27267158031463623,0.25796568393707275,0.20220589637756348,0.17953431606292725,51,0.23039215803146362,0.24693627655506134,0.343137264251709,3.004033088684082,0.4872078597545624,0.09480501711368561,0.3506925404071808,0.013421744108200073,0.18435059487819672,0.17019230127334595,3.007678985595703,0.48747336864471436,0.0934436172246933,0.34793782234191895,0.011926300823688507,0.16041667759418488,2.996555805206299,0.4883754253387451,0.09427189081907272,0.34973904490470886,0.012847363017499447,0.18970589339733124,2.9951815605163574,0.48463621735572815,0.09484351426362991,0.351858913898468,0.012996521778404713,0.19056373834609985,3.0027289390563965,0.48677703738212585,0.09504793584346771,0.3512763977050781,0.012151380069553852,0.21115197241306305,2.9589600563049316,0.48646479845046997,0.09858690947294235,0.3549945056438446,0.012654620222747326
94,0.6568598449230194,0.017822265625,0.003442382876528427,0.5018942300230265,0.6568598449230194,0.37078857421875,0.03048162709455937,0.14004448684863746,0.04935599083546549,0.7137385681271553,0.0005120199100474565,-0.025256394350435585,39.500871658325195,4.579114586114883,-0.7089239954948425,0.5437906011939049,0.4200898427516222,0.6832746714353561,0.2935314178466797,0.28849765472114086,0.5751056727021933,0.6480947863310575,0.4489089883863926,0.6817772518843412,0.4285980621352792,0.7137385681271553,0.11623870092444122,0.6187778990715742,0.9981990698724985,0.9998779315501451,0.2763671875,0.2705078125,0.187744140625,0.265380859375,0.286057710647583,52,0.2944711744785309,0.19471155107021332,0.22475962340831757,0.2910539209842682,51,0.2861519753932953,0.1825980395078659,0.240196093916893,0.2653186321258545,51,0.2855392396450043,0.19546569883823395,0.25367647409439087,0.2671568691730499,51,0.2855392396450043,0.26348039507865906,0.18382354080677032,0.1819853037595749,51,0.2297794222831726,0.24632354080677032,0.34191176295280457,2.987213611602783,0.49109846353530884,0.09449763596057892,0.3505045473575592,0.015040681697428226,0.18452148139476776,0.16574519872665405,3.0008018016815186,0.48713400959968567,0.09322857856750488,0.34826257824897766,0.011581852100789547,0.17634804546833038,2.990292549133301,0.4885193109512329,0.09365158528089523,0.3502209484577179,0.014258511364459991,0.18639707565307617,2.9826302528381348,0.4869239032268524,0.09491221606731415,0.3519377112388611,0.012947733514010906,0.1876225620508194,2.9858691692352295,0.4882238209247589,0.09528440982103348,0.35076022148132324,0.01039813831448555,0.20686276257038116,2.969904899597168,0.491572767496109,0.09816396236419678,0.3550248444080353,0.013705385848879814
95,0.6559857334941626,0.0172119140625,0.0033935547598957783,0.49705514032393694,0.6559857334941626,0.3748779296875,0.031400091538671404,0.13736775144934654,0.048044459777884185,0.7273786477744579,0.0003417000194190223,-0.023275739687960595,44.467934370040894,4.579460710287094,-0.7089557647705078,0.5450290106236935,0.41596676129847765,0.6807658188045025,0.2947716563940048,0.2937017725780606,0.5720037259161472,0.6427233312278986,0.4440930709242821,0.6817794516682625,0.4296962143853307,0.7273786477744579,0.11771032609976828,0.6132206711918116,0.998758889734745,0.9999511726200581,0.2847900390625,0.2552490234375,0.18408203125,0.27587890625,0.27704328298568726,52,0.29807692766189575,0.18810096383094788,0.2367788553237915,0.26776960492134094,51,0.28492647409439087,0.19975490868091583,0.24754902720451355,0.2549019753932953,51,0.3131127655506134,0.1672794222831726,0.2647058963775635,0.2879902124404907,51,0.2659313678741455,0.24387255311012268,0.20220589637756348,0.16299019753932953,51,0.2616421580314636,0.23223039507865906,0.343137264251709,2.9679253101348877,0.48536449670791626,0.0966375470161438,0.35280948877334595,0.011216146871447563,0.17937012016773224,0.16105769574642181,2.9965176582336426,0.4874151945114136,0.09431590884923935,0.34874340891838074,0.011279240250587463,0.1724264770746231,2.9971158504486084,0.488168329000473,0.0957116112112999,0.35100090503692627,0.013361530378460884,0.17524510622024536,2.9697470664978027,0.4881698787212372,0.0950818806886673,0.3514412045478821,0.013144888915121555,0.1827206015586853,2.98421049118042,0.4865562617778778,0.09675027430057526,0.3529529273509979,0.011859939433634281,0.20575982332229614,2.964993476867676,0.49060195684432983,0.0989757552742958,0.35512107610702515,0.01278755720704794
96,0.6540526375174522,0.018798828125,0.0036376954121806193,0.5119227869436145,0.6540526375174522,0.3720703125,0.033751246926840395,0.1350537061225623,0.05061098653823137,0.7286069616675377,0.00042746126530346373,-0.025542050425428897,42.337374448776245,4.5789942145347595,-0.7093414664268494,0.5403986033052206,0.4198631076142192,0.6727054845541716,0.2909106966108084,0.28966336231678724,0.5745483618229628,0.6409991402179003,0.44870226364582777,0.6825378593057394,0.4297449328005314,0.7286069616675377,0.11823467072099447,0.6123938225209713,0.9984763208776712,0.9998779315501451,0.26708984375,0.26708984375,0.19482421875,0.27099609375,0.30048078298568726,52,0.29086539149284363,0.19471155107021332,0.21394231915473938,0.26899510622024536,51,0.2873774468898773,0.1979166716337204,0.24571079015731812,0.2616421580314636,51,0.29534316062927246,0.20526961982250214,0.23774510622024536,0.28921568393707275,51,0.24142158031463623,0.2512255012989044,0.21813726425170898,0.15808823704719543,51,0.21997550129890442,0.25245100259780884,0.3694853186607361,2.997464895248413,0.48756468296051025,0.0949871689081192,0.3492567539215088,0.01177902240306139,0.18474121391773224,0.16334134340286255,3.0099282264709473,0.48715445399284363,0.09391999244689941,0.349067360162735,0.011501583270728588,0.17965687811374664,3.004035711288452,0.48771700263023376,0.0947166383266449,0.35053950548171997,0.013974719680845737,0.18051472306251526,2.992567777633667,0.4873967170715332,0.09554766863584518,0.3511148691177368,0.012257161550223827,0.19497549533843994,2.9780211448669434,0.4879649579524994,0.09687992185354233,0.3544186055660248,0.012149333953857422,0.20563726127147675,2.939768075942993,0.4906351566314697,0.09959770739078522,0.35655543208122253,0.011752910912036896
97,0.6581530701369047,0.01513671875,0.0028564453659782885,0.49724249355494976,0.6581530701369047,0.371337890625,0.03120702097658068,0.13702898984774947,0.04605757619719952,0.7263793312013149,0.0004583340702311034,-0.02521171874832362,36.26210308074951,4.578858315944672,-0.7100713849067688,0.5508725084364414,0.4213933730497956,0.681084556505084,0.29270537849515676,0.2948335278779268,0.5753190834075212,0.652878763154149,0.45542618073523045,0.6842836830765009,0.42824316304177046,0.7263793312013149,0.11890705116093159,0.6156081333756447,0.9983996972441673,0.9998291041702032,0.26806640625,0.260986328125,0.1898193359375,0.2811279296875,0.27163463830947876,52,0.2890625,0.19350962340831757,0.24579328298568726,0.2763480544090271,51,0.28492647409439087,0.18688726425170898,0.25183823704719543,0.26348039507865906,51,0.28002452850341797,0.19546569883823395,0.2610294222831726,0.29473039507865906,51,0.2665441334247589,0.24571079015731812,0.1930147111415863,0.18014706671237946,51,0.2193627506494522,0.24754902720451355,0.3529411852359772,2.9688467979431152,0.4835363030433655,0.09647786617279053,0.35311174392700195,0.012579455971717834,0.1824951171875,0.1709134578704834,2.991398811340332,0.48774823546409607,0.0946650356054306,0.34952759742736816,0.011882088147103786,0.1622549146413803,2.9794363975524902,0.48937758803367615,0.09498516470193863,0.34985464811325073,0.012516619637608528,0.18504902720451355,2.9851644039154053,0.4856821894645691,0.09525788575410843,0.3521815538406372,0.012294979766011238,0.18541668355464935,2.9783730506896973,0.4873269200325012,0.09623211622238159,0.35356736183166504,0.011545184068381786,0.2090686410665512,2.955592155456543,0.48839840292930603,0.0989319458603859,0.3565027713775635,0.012667383067309856
98,0.6603630762547255,0.0185546875,0.0035644531963043846,0.4977818261831999,0.6603630762547255,0.374267578125,0.03207077755359933,0.13877158681862056,0.047299610800109804,0.7185829170048237,0.0002937729750556173,-0.02157820967840962,44.94065737724304,4.585776925086975,-0.7100018858909607,0.5528339240700006,0.4314012639224529,0.6863331105560064,0.30134950391948223,0.2942051747813821,0.5863315928727388,0.6502803657203913,0.4530757227912545,0.6882624123245478,0.43170361034572124,0.7185829170048237,0.11782212718389928,0.6170333586633205,0.998963950201869,0.9998535178601742,0.27978515625,0.2655029296875,0.189697265625,0.2650146484375,0.28245192766189575,52,0.29567310214042664,0.20012019574642181,0.22175481915473938,0.2714460790157318,51,0.31495100259780884,0.18688726425170898,0.22671569883823395,0.2512255012989044,51,0.2904411852359772,0.20526961982250214,0.25306373834609985,0.28860294818878174,51,0.2616421580314636,0.2567402124404907,0.1930147111415863,0.16299019753932953,51,0.23590686917304993,0.2653186321258545,0.33578431606292725,2.971353530883789,0.48177701234817505,0.09634232521057129,0.35515809059143066,0.014732709154486656,0.18071289360523224,0.17355769872665405,3.0025641918182373,0.4847154915332794,0.09425581991672516,0.34845614433288574,0.012270154431462288,0.167524516582489,2.9904706478118896,0.4868730306625366,0.09355397522449493,0.3492850661277771,0.01269637979567051,0.17022059857845306,2.9781546592712402,0.4847392141819,0.09548620134592056,0.3522436320781708,0.01330898329615593,0.18468138575553894,2.9776408672332764,0.4871821105480194,0.096329465508461,0.3530145585536957,0.011288278736174107,0.20772060751914978,2.9599452018737793,0.4869498014450073,0.09798271954059601,0.3553038239479065,0.012762187048792839
99,0.6613104268908501,0.015869140625,0.0029785157021251507,0.4822459854185581,0.6613104268908501,0.373046875,0.031707734742667526,0.13345985673367977,0.05224903242196888,0.7152228783816099,0.0004216903604969957,-0.025335534242913127,38.20696187019348,4.583761036396027,-0.7107172608375549,0.566900247707963,0.4286430412903428,0.6792361102998257,0.2982877539470792,0.2943324316293001,0.5839013904333115,0.6403260193765163,0.44426619354635477,0.6876720115542412,0.43273671716451645,0.7152228783816099,0.11847219057381153,0.6217884290963411,0.9984620902687311,0.9998046904802322,0.283203125,0.2598876953125,0.1785888671875,0.2783203125,0.2602163553237915,52,0.31850963830947876,0.1875,0.23377405107021332,0.28921568393707275,51,0.2922794222831726,0.18321079015731812,0.2352941334247589,0.2659313678741455,51,0.2910539209842682,0.18627451360225677,0.2567402124404907,0.2977941334247589,51,0.27267158031463623,0.25,0.17953431606292725,0.15625,51,0.24080882966518402,0.2340686321258545,0.3688725531101227,2.9498484134674072,0.48915916681289673,0.0960903912782669,0.353632390499115,0.013780137524008751,0.17751465737819672,0.16153846681118011,2.985330581665039,0.4867998957633972,0.09336096048355103,0.3481352627277374,0.011367449536919594,0.16801472008228302,2.9832286834716797,0.4873954951763153,0.09355537593364716,0.34942853450775146,0.011821920052170753,0.1770833432674408,2.990053176879883,0.48675474524497986,0.09485898911952972,0.35087302327156067,0.012773252092301846,0.1822303980588913,2.969029664993286,0.48525258898735046,0.09567674249410629,0.3523695170879364,0.012416552752256393,0.1990196257829666,2.9393150806427,0.48929476737976074,0.09834261983633041,0.3574775457382202,0.012887232005596161
