iteration,reward,done_rate,edge_reset_rate,vx_err,weighted_metric_reward,selector_reference_penalty,orientation_penalty,slip_penalty,lateral_velocity_penalty,clearance_reward,policy_loss,value_loss,entropy,log_std_mean,score_progress,score_yaw_tracking,score_orientation,score_pitch_rate,score_roll_rate,score_yaw_rate,score_lateral_drift,score_vertical_bounce,score_slip,score_energy,score_clearance,score_action_smoothness,score_action_magnitude,score_survival,gait_pronk_ratio,gait_trot_ratio,gait_bound_ratio,gait_pace_ratio,flat_trot_efficiency_trot_ratio,flat_trot_efficiency_count,flat_trot_efficiency_pronk_ratio,flat_trot_efficiency_bound_ratio,flat_trot_efficiency_pace_ratio,ramp_up_trot_robustness_trot_ratio,ramp_up_trot_robustness_count,ramp_up_trot_robustness_pronk_ratio,ramp_up_trot_robustness_bound_ratio,ramp_up_trot_robustness_pace_ratio,rough_slope_trot_robustness_trot_ratio,rough_slope_trot_robustness_count,rough_slope_trot_robustness_pronk_ratio,rough_slope_trot_robustness_bound_ratio,rough_slope_trot_robustness_pace_ratio,push_lateral_pace_recovery_pace_ratio,push_lateral_pace_recovery_count,push_lateral_pace_recovery_pronk_ratio,push_lateral_pace_recovery_trot_ratio,push_lateral_pace_recovery_bound_ratio,stepping_stones_easy_bound_highspeed_bound_ratio,stepping_stones_easy_bound_highspeed_count,stepping_stones_easy_bound_highspeed_pronk_ratio,stepping_stones_easy_bound_highspeed_trot_ratio,stepping_stones_easy_bound_highspeed_pace_ratio,frequency_mean,duration_mean,footswing_height_mean,stance_width_mean,body_pitch_mean,action_clip_rate
0,0.6378548117354512,0.001708984375,4.882812572759576e-05,0.571833343245089,0.6378548117354512,0.379638671875,0.03400297721964307,0.15798657966661267,0.05915569665376097,0.7061959877610207,-0.021799557012855075,27.79417645931244,4.981424540281296,-0.6898234486579895,0.47542099468410015,0.38702414371073246,0.6571384947746992,0.25925566954538226,0.2780262418091297,0.5403175661340356,0.6061352733522654,0.40548758170416477,0.661534309387207,0.40879489528015256,0.7061959877610207,0.14540310646407306,0.7636720035225153,0.9997070319950581,0.2706298828125,0.236328125,0.2615966796875,0.2314453125,0.23858174681663513,52,0.26141828298568726,0.2608173191547394,0.23918269574642181,0.23223039507865906,51,0.280637264251709,0.26348039507865906,0.2236519753932953,0.22671569883823395,51,0.25183823704719543,0.2714460790157318,0.25,0.2395833432674408,51,0.27450981736183167,0.240196093916893,0.24571079015731812,0.2665441334247589,51,0.28492647409439087,0.24387255311012268,0.20465686917304993,2.8871355056762695,0.5044047832489014,0.09147242456674576,0.34684133529663086,-0.0032160761766135693,0.08879394829273224
1,0.6482417769730091,0.0208740234375,0.004052734433571459,0.5352275464683771,0.6482417769730091,0.38250732421875,0.03682378097437322,0.14493917836807668,0.05780038237571716,0.6921341065317392,-0.009584902931237593,18.502495527267456,4.994853496551514,-0.6871079206466675,0.5212641544640064,0.4099015397951007,0.6317361183464527,0.27200067695230246,0.2809918629936874,0.5636135935783386,0.6212840396910906,0.4240595567971468,0.6735750287771225,0.4202032322064042,0.6921341065317392,0.13960371701978147,0.7542870528995991,0.9998779315501451,0.28173828125,0.2314453125,0.2518310546875,0.2349853515625,0.22355769574642181,52,0.2884615361690521,0.24639424681663513,0.24158655107021332,0.23223039507865906,51,0.2824755012989044,0.2542892098426819,0.23100490868091583,0.240196093916893,51,0.2720588445663452,0.2591911852359772,0.22855393588542938,0.24264706671237946,51,0.2714460790157318,0.22303922474384308,0.26286765933036804,0.23651961982250214,51,0.29411765933036804,0.23835785686969757,0.23100490868091583,2.8485617637634277,0.5109696984291077,0.0945369303226471,0.3509295582771301,0.0004425710649229586,0.09670410305261612
2,0.6665406636893749,0.0167236328125,0.0032714844674046617,0.4749835720285773,0.6665406636893749,0.38409423828125,0.03428299253573641,0.1314107272773981,0.0467254058457911,0.7004302199929953,-0.011923531856155023,27.05424726009369,5.006421625614166,-0.6857008337974548,0.5662032403051853,0.4231317015364766,0.6458349246531725,0.27308178739622235,0.2886747866868973,0.578923225402832,0.6463975887745619,0.42997546400874853,0.6858755331486464,0.4244317961856723,0.7004302199929953,0.1395482423249632,0.7559012919664383,0.9999267589300871,0.293212890625,0.219482421875,0.272705078125,0.214599609375,0.21153846383094788,52,0.29807692766189575,0.27223557233810425,0.21814905107021332,0.22610294818878174,51,0.28860294818878174,0.27389708161354065,0.21139706671237946,0.22058823704719543,51,0.29963237047195435,0.2757353186607361,0.20404411852359772,0.22120098769664764,51,0.2904411852359772,0.22671569883823395,0.2616421580314636,0.28002452850341797,51,0.28921568393707275,0.21262255311012268,0.21813726425170898,2.8595166206359863,0.5026227235794067,0.09285576641559601,0.3487142324447632,-0.0013292818330228329,0.09567870944738388
3,0.6601136960089207,0.017822265625,0.0034667969612200977,0.49343257304280996,0.6601136960089207,0.38262939453125,0.03475147491553798,0.1405703159980476,0.04614453192334622,0.6982140243053436,-0.016190187714528292,31.798131585121155,5.010755032300949,-0.6841474175453186,0.5491380207240582,0.4211879661306739,0.6422178875654936,0.26742320507764816,0.2898165928199887,0.5773547179996967,0.6416455954313278,0.4311514599248767,0.6755489856004715,0.4235836723819375,0.6982140243053436,0.14083659159950912,0.7587852515280247,0.9999023452401161,0.281494140625,0.2371826171875,0.260986328125,0.2203369140625,0.2475961595773697,52,0.26923078298568726,0.2764423191547394,0.20673078298568726,0.23590686917304993,51,0.2751225531101227,0.2653186321258545,0.2236519753932953,0.23284314572811127,51,0.28125,0.2549019753932953,0.23100490868091583,0.21017158031463623,51,0.28125,0.24754902720451355,0.2610294222831726,0.24693627655506134,51,0.3008578419685364,0.22181373834609985,0.23039215803146362,2.8833107948303223,0.5023503303527832,0.09234204143285751,0.35073554515838623,-0.004903457593172789,0.0958251953125
4,0.6596727445721626,0.0179443359375,0.0034912110022560228,0.49487097561359406,0.6596727445721626,0.38116455078125,0.03238148830132559,0.13379699713550508,0.04763756482861936,0.7033615335822105,-0.010961345047689974,36.47780990600586,5.01669305562973,-0.682330310344696,0.5445581711828709,0.41425856947898865,0.6471273340284824,0.27074077585712075,0.2859873939305544,0.5686774179339409,0.6363079734146595,0.4293265538290143,0.6764029785990715,0.4253920326009393,0.7033615335822105,0.1372230015695095,0.754238149151206,0.9999023452401161,0.2884521484375,0.2291259765625,0.2564697265625,0.2259521484375,0.23016828298568726,52,0.26382213830947876,0.25661057233810425,0.24939905107021332,0.22549019753932953,51,0.3008578419685364,0.2598039209842682,0.2138480395078659,0.24938726425170898,51,0.2757353186607361,0.26899510622024536,0.20588235557079315,0.22855393588542938,51,0.30882352590560913,0.22058823704719543,0.24203431606292725,0.2549019753932953,51,0.293504923582077,0.21997550129890442,0.23161765933036804,2.849604845046997,0.5028635263442993,0.09320652484893799,0.35216861963272095,-0.0021052376832813025,0.10065918415784836
5,0.6668085362762213,0.0179443359375,0.0035400391243456397,0.47899286542087793,0.6668085362762213,0.38018798828125,0.032839982013683766,0.13806362356990576,0.049297085497528315,0.7070018295198679,-0.014101247870712541,39.97716307640076,5.022383272647858,-0.6810934543609619,0.5586903020739555,0.4161345036700368,0.6562911737710238,0.2745707272551954,0.2924232902005315,0.5718238968402147,0.6443659123033285,0.43140456546097994,0.6816897392272949,0.4249965036287904,0.7070018295198679,0.13772813230752945,0.7476612217724323,0.9999511726200581,0.280517578125,0.22900390625,0.26220703125,0.228271484375,0.24519231915473938,52,0.28245192766189575,0.2602163553237915,0.21213942766189575,0.21629902720451355,51,0.293504923582077,0.2610294222831726,0.2291666716337204,0.22058823704719543,51,0.27328431606292725,0.27941176295280457,0.22671569883823395,0.24877451360225677,51,0.28308823704719543,0.2248774617910385,0.24325981736183167,0.2671568691730499,51,0.2702206075191498,0.23774510622024536,0.2248774617910385,2.837177276611328,0.5016649961471558,0.09336590766906738,0.3513764441013336,-0.002320430241525173,0.10478515923023224
6,0.660852387547493,0.01806640625,0.0035400391370785655,0.4903546357527375,0.660852387547493,0.3858642578125,0.03386947768740356,0.13245926215313375,0.05012190295383334,0.7044677734375,-0.01600826036883518,41.60636115074158,5.0259996354579926,-0.6796870231628418,0.5490919686853886,0.4189056046307087,0.6483206115663052,0.2682411973364651,0.2825063085183501,0.5740523934364319,0.633042337372899,0.4293540632352233,0.6824146527796984,0.4223620602861047,0.7044677734375,0.1364654852077365,0.7431447058916092,0.9999267589300871,0.2933349609375,0.2222900390625,0.257080078125,0.227294921875,0.2133413553237915,52,0.30048078298568726,0.26201924681663513,0.2241586595773697,0.22120098769664764,51,0.28492647409439087,0.2696078419685364,0.2242647111415863,0.2297794222831726,51,0.27818629145622253,0.2506127655506134,0.24142158031463623,0.22181373834609985,51,0.3026960790157318,0.22794118523597717,0.24754902720451355,0.2555147111415863,51,0.30024510622024536,0.2193627506494522,0.2248774617910385,2.8529648780822754,0.49710631370544434,0.09300132095813751,0.35023072361946106,-0.0035014906898140907,0.10710449516773224
7,0.6620837356895208,0.0181884765625,0.003540039175277343,0.4900526087731123,0.6620837356895208,0.3763427734375,0.03319163742708042,0.1355720495339483,0.04806991631630808,0.7005139086395502,-0.014862937823636457,42.06614327430725,5.034138858318329,-0.6774057745933533,0.5516296736896038,0.4129105256870389,0.6536823809146881,0.27103553526103497,0.2931458568200469,0.5698310490697622,0.6373301763087511,0.4402670720592141,0.6818772945553064,0.42224904894828796,0.7005139086395502,0.13627986889332533,0.7406116649508476,0.9999023452401161,0.279541015625,0.2357177734375,0.26416015625,0.2205810546875,0.23377405107021332,52,0.2914663553237915,0.25661057233810425,0.21814905107021332,0.2549019753932953,51,0.2818627655506134,0.24938726425170898,0.2138480395078659,0.22549019753932953,51,0.27941176295280457,0.2751225531101227,0.21997550129890442,0.24080882966518402,51,0.2659313678741455,0.2352941334247589,0.25796568393707275,0.2818627655506134,51,0.27879902720451355,0.2291666716337204,0.21017158031463623,2.8397769927978516,0.5052844882011414,0.09336250275373459,0.35457754135131836,-0.0033475509844720364,0.11044921725988388
8,0.6699929106980562,0.0179443359375,0.003344726659634034,0.466897944919765,0.6699929106980562,0.37652587890625,0.035510083311237395,0.1291863196529448,0.05075618054252118,0.7018418535590172,-0.023624583933269605,43.13903474807739,5.043048173189163,-0.6755499839782715,0.5730908922851086,0.42488235142081976,0.6513673570007086,0.2723699635826051,0.29310421645641327,0.579577224329114,0.6431609578430653,0.4290400976315141,0.6924550998955965,0.427991840057075,0.7018418535590172,0.13338177232071757,0.7401783466339111,0.9997558612376451,0.2816162109375,0.23828125,0.2540283203125,0.22607421875,0.2289663553237915,52,0.29326924681663513,0.2554086744785309,0.22235578298568726,0.24754902720451355,51,0.27879902720451355,0.24325981736183167,0.23039215803146362,0.23835785686969757,51,0.293504923582077,0.2555147111415863,0.21262255311012268,0.2512255012989044,51,0.2647058963775635,0.23713235557079315,0.24693627655506134,0.26899510622024536,51,0.27757352590560913,0.2395833432674408,0.2138480395078659,2.8613340854644775,0.49665510654449463,0.0916515439748764,0.3519287109375,-0.003414299339056015,0.11325683444738388
9,0.6756867300719023,0.0162353515625,0.0031738281813886715,0.45705229230225086,0.6756867300719023,0.3770751953125,0.03310280671576038,0.13138851802796125,0.04402528319042176,0.7097958028316498,-0.016215784300584346,41.39845585823059,5.054066210985184,-0.6734222769737244,0.5897080451250076,0.4339886996895075,0.6555167306214571,0.2726629162207246,0.2947118831798434,0.5901245214045048,0.6474467813968658,0.4447604035958648,0.6916233822703362,0.4290734510868788,0.7097958028316498,0.13056326564401388,0.7403864804655313,0.9999267589300871,0.2684326171875,0.23876953125,0.2655029296875,0.227294921875,0.24038462340831757,52,0.262620210647583,0.2734375,0.22355769574642181,0.24693627655506134,51,0.27389708161354065,0.24938726425170898,0.2297794222831726,0.24632354080677032,51,0.262254923582077,0.26838237047195435,0.22303922474384308,0.23161765933036804,51,0.2757353186607361,0.22058823704719543,0.2720588445663452,0.26409316062927246,51,0.26776960492134094,0.2395833432674408,0.22855393588542938,2.863292694091797,0.5028183460235596,0.09436699002981186,0.35113105177879333,-0.004078952595591545,0.11171875149011612
10,0.6643100269138813,0.0179443359375,0.003466796930297278,0.48690280970185995,0.6643100269138813,0.37493896484375,0.033478399098385125,0.1381962129380554,0.050487907021306455,0.7121282573789358,-0.02709643036359921,45.47053289413452,5.060614436864853,-0.6714159846305847,0.5593678783625364,0.415170406922698,0.6452235877513885,0.27179597644135356,0.28924606554210186,0.5710274484008551,0.633921779692173,0.4356490094214678,0.6802983786910772,0.42370369005948305,0.7121282573789358,0.1300237092655152,0.7407376356422901,0.9998779315501451,0.2674560546875,0.2325439453125,0.257568359375,0.242431640625,0.23076924681663513,52,0.2578125,0.2572115361690521,0.25420674681663513,0.2561274468898773,51,0.2665441334247589,0.24264706671237946,0.2346813827753067,0.23651961982250214,51,0.2708333432674408,0.2598039209842682,0.23284314572811127,0.25183823704719543,51,0.2671568691730499,0.22855393588542938,0.25245100259780884,0.2757353186607361,51,0.2751225531101227,0.21078431606292725,0.23835785686969757,2.8128223419189453,0.5063107013702393,0.09637321531772614,0.35388070344924927,-0.004310444928705692,0.11481934040784836
11,0.6591196823865175,0.017333984375,0.003271484451033757,0.5044486718252301,0.6591196823865175,0.378173828125,0.03375196689739823,0.13423132337629795,0.05402179714292288,0.715435890480876,-0.025112295639701188,44.5476188659668,5.070358008146286,-0.67002272605896,0.5358927417546511,0.41214105393737555,0.6519556846469641,0.2736521507613361,0.28848598431795835,0.567711690440774,0.6304135620594025,0.4362410781905055,0.6807504892349243,0.4238665858283639,0.715435890480876,0.12892877007834613,0.7326520569622517,0.9998046904802322,0.2635498046875,0.2340087890625,0.2659912109375,0.2364501953125,0.24338942766189575,52,0.2680288553237915,0.2602163553237915,0.22836539149284363,0.24571079015731812,51,0.2720588445663452,0.24325981736183167,0.2389705926179886,0.23223039507865906,51,0.2567402124404907,0.27328431606292725,0.23774510622024536,0.23161765933036804,51,0.25857844948768616,0.22181373834609985,0.2879902124404907,0.2653186321258545,51,0.262254923582077,0.22671569883823395,0.24571079015731812,2.8551299571990967,0.5046381950378418,0.09551785886287689,0.3530600666999817,-0.005573874339461327,0.11767578125
12,0.6627437938004732,0.0174560546875,0.003369140735230758,0.5111422641202807,0.6627437938004732,0.381103515625,0.0360132516361773,0.1387325234245509,0.049145217053592205,0.7169132139533758,-0.024727647134568542,45.91849184036255,5.076018989086151,-0.668125569820404,0.5404689572751522,0.4141065552830696,0.6515291333198547,0.27029509795829654,0.28828716836869717,0.5682948399335146,0.6424411032348871,0.4398678317666054,0.6812314577400684,0.4222457828000188,0.7169132139533758,0.13158618193119764,0.733826307579875,0.9998779315501451,0.2655029296875,0.23681640625,0.25927734375,0.2384033203125,0.24098558723926544,52,0.2584134638309479,0.2680288553237915,0.23257212340831757,0.2395833432674408,51,0.2708333432674408,0.2389705926179886,0.2506127655506134,0.23161765933036804,51,0.2549019753932953,0.26286765933036804,0.2506127655506134,0.2138480395078659,51,0.27450981736183167,0.24816177785396576,0.26348039507865906,0.26286765933036804,51,0.26899510622024536,0.2236519753932953,0.2444853037595749,2.8344717025756836,0.5028141736984253,0.0968407541513443,0.3541257977485657,-0.006484470330178738,0.1175537109375
13,0.6535570118576288,0.0159912109375,0.0030517578743456397,0.5191754046827555,0.6535570118576288,0.37811279296875,0.038214609026908875,0.14820005744695663,0.050602491246536374,0.7329289112240076,-0.025115011376328766,45.44434189796448,5.083234548568726,-0.6671730875968933,0.5302088027819991,0.39978708047419786,0.632068308070302,0.2638903413899243,0.279577131383121,0.553858608007431,0.6283427514135838,0.4443198973312974,0.6763540711253881,0.4183819033205509,0.7329289112240076,0.13015636103227735,0.7362520638853312,0.9998535178601742,0.24072265625,0.2347412109375,0.2716064453125,0.2529296875,0.24639424681663513,52,0.22475962340831757,0.27704328298568726,0.25180289149284363,0.22794118523597717,51,0.2512255012989044,0.26776960492134094,0.25306373834609985,0.2236519753932953,51,0.27267158031463623,0.2659313678741455,0.23774510622024536,0.2542892098426819,51,0.23774510622024536,0.22732843458652496,0.280637264251709,0.2665441334247589,51,0.21752451360225677,0.24816177785396576,0.26776960492134094,2.798818588256836,0.4957520663738251,0.09841141104698181,0.35813939571380615,-0.006489954423159361,0.11865234375
14,0.6629009451717138,0.0186767578125,0.0035888672719011083,0.49471027683466673,0.6629009451717138,0.374267578125,0.03407572390278801,0.13722613640129566,0.04912243294529617,0.7252761274576187,-0.025902096764184535,46.98237466812134,5.08682706952095,-0.6664475798606873,0.5516481474041939,0.41441031638532877,0.6486373692750931,0.26933526806533337,0.2861706716939807,0.5704556908458471,0.6320543736219406,0.4432401731610298,0.683076148852706,0.4225376369431615,0.7252761274576187,0.1350095416419208,0.7290353588759899,0.9998535178601742,0.235107421875,0.2470703125,0.2730712890625,0.2447509765625,0.23798078298568726,52,0.2421875149011612,0.26442307233810425,0.2554086744785309,0.24264706671237946,51,0.24754902720451355,0.27267158031463623,0.23713235557079315,0.2598039209842682,51,0.23223039507865906,0.26838237047195435,0.2395833432674408,0.2346813827753067,51,0.24632354080677032,0.24142158031463623,0.27757352590560913,0.2824755012989044,51,0.20710785686969757,0.25367647409439087,0.2567402124404907,2.808577299118042,0.5013614892959595,0.09820185601711273,0.3546398878097534,-0.0048047457821667194,0.12255859375
15,0.6662224922329187,0.0162353515625,0.003149414138533757,0.4835606198757887,0.6662224922329187,0.373046875,0.03777661046478897,0.13424901850521564,0.05162425234448165,0.7339102774858475,-0.025182201468851417,43.8553671836853,5.092404633760452,-0.6653198599815369,0.5639739520847797,0.41794005036354065,0.636563228443265,0.2749758097343147,0.28551945462822914,0.5735631864517927,0.6311121303588152,0.4540791418403387,0.6832576207816601,0.42572854552417994,0.7339102774858475,0.13248258247040212,0.727243110537529,0.9999023452401161,0.2342529296875,0.2320556640625,0.2752685546875,0.2584228515625,0.2506009638309479,52,0.24278846383094788,0.25661057233810425,0.25,0.22610294818878174,51,0.25735294818878174,0.262254923582077,0.2542892098426819,0.23284314572811127,51,0.21629902720451355,0.2879902124404907,0.26286765933036804,0.2653186321258545,51,0.22181373834609985,0.23774510622024536,0.2751225531101227,0.29473039507865906,51,0.23284314572811127,0.21262255311012268,0.2598039209842682,2.873502731323242,0.5059283375740051,0.09549417346715927,0.3530956506729126,-0.005020142532885075,0.121337890625
16,0.6628355644643307,0.0157470703125,0.0030273438151198206,0.48282803036272526,0.6628355644643307,0.37249755859375,0.030856292985845357,0.13718048413284123,0.04876999370753765,0.7241434510797262,-0.02404759032651782,42.474365234375,5.095960557460785,-0.6639692783355713,0.5517372265458107,0.40910965111106634,0.6550693791359663,0.27072071516886353,0.28342164773494005,0.5659827850759029,0.6306341979652643,0.4566097194328904,0.682194247841835,0.4258517250418663,0.7241434510797262,0.13433035905472934,0.7293704356998205,0.9998779315501451,0.22802734375,0.2503662109375,0.266357421875,0.2552490234375,0.25,52,0.23617789149284363,0.2530048191547394,0.2608173191547394,0.2444853037595749,51,0.22794118523597717,0.28125,0.24632354080677032,0.2567402124404907,51,0.23223039507865906,0.24632354080677032,0.2647058963775635,0.2555147111415863,51,0.2132353037595749,0.24816177785396576,0.28308823704719543,0.26838237047195435,51,0.23039215803146362,0.25245100259780884,0.24877451360225677,2.8451874256134033,0.5059519410133362,0.09501232206821442,0.35492849349975586,-0.004216894507408142,0.11970215290784836
17,0.6551749967038631,0.0191650390625,0.0037597656719299266,0.5199836743995547,0.6551749967038631,0.36871337890625,0.033886523626279086,0.1435594609938562,0.05016498488839716,0.7296211887151003,-0.020084380244952627,50.42706823348999,5.0964295566082,-0.6624777913093567,0.5248001795262098,0.4054898852482438,0.6432832572609186,0.2695536222308874,0.28245397470891476,0.5615357849746943,0.6251743193715811,0.4500274434685707,0.6736357547342777,0.42254167795181274,0.7296211887151003,0.13348216679878533,0.7260305266827345,0.9999267589300871,0.22705078125,0.2435302734375,0.2867431640625,0.24267578125,0.24038462340831757,52,0.23137019574642181,0.2884615361690521,0.2397836595773697,0.23590686917304993,51,0.24264706671237946,0.27389708161354065,0.24754902720451355,0.2506127655506134,51,0.23284314572811127,0.28921568393707275,0.22732843458652496,0.2696078419685364,51,0.21691177785396576,0.24816177785396576,0.2653186321258545,0.3167892396450043,51,0.21139706671237946,0.24264706671237946,0.2291666716337204,2.847986936569214,0.5020030736923218,0.0974731370806694,0.35489287972450256,-0.003393494989722967,0.1243896484375
18,0.6628274992108345,0.016357421875,0.0031005859946162673,0.47785365860909224,0.6628274992108345,0.36920166015625,0.03589654469396919,0.13718050927855074,0.04960699507500976,0.7301027476787567,-0.02386406848381739,39.21682143211365,5.099771112203598,-0.6607888340950012,0.5586540047079325,0.409280002117157,0.6376945525407791,0.2654343224130571,0.27882373705506325,0.5651925653219223,0.6259011775255203,0.4586264109238982,0.6798999309539795,0.42031104303896427,0.7301027476787567,0.1287171756848693,0.7285327855497599,0.9998291041702032,0.2176513671875,0.257568359375,0.2762451171875,0.24853515625,0.2608173191547394,52,0.22295673191547394,0.25,0.2662259638309479,0.2616421580314636,51,0.2132353037595749,0.2598039209842682,0.2653186321258545,0.2549019753932953,51,0.23100490868091583,0.28125,0.23284314572811127,0.23713235557079315,51,0.21507354080677032,0.2506127655506134,0.2971813976764679,0.293504923582077,51,0.20588235557079315,0.2598039209842682,0.24080882966518402,2.8878402709960938,0.5001310706138611,0.09569042176008224,0.3516732156276703,-0.0031683268025517464,0.12485351413488388
19,0.6628250926733017,0.018310546875,0.0036376953903527465,0.49242990277707577,0.6628250926733017,0.37078857421875,0.033807899337261915,0.14075412694364786,0.05067680182401091,0.7314105052500963,-0.022092102211900055,43.99503684043884,5.102798938751221,-0.6592075228691101,0.5526418630033731,0.40807947237044573,0.6424946952611208,0.26884050061926246,0.2829610137268901,0.5654665809124708,0.620152972638607,0.4535678308457136,0.680080084130168,0.4236607765778899,0.7314105052500963,0.12790642422623932,0.7253936547785997,0.999975586310029,0.215087890625,0.2515869140625,0.2799072265625,0.25341796875,0.2524038553237915,52,0.20673078298568726,0.27944713830947876,0.26141828298568726,0.25857844948768616,51,0.22058823704719543,0.27267158031463623,0.24816177785396576,0.24264706671237946,51,0.22855393588542938,0.2879902124404907,0.24080882966518402,0.25,51,0.21813726425170898,0.2610294222831726,0.2708333432674408,0.28860294818878174,51,0.20159314572811127,0.24325981736183167,0.2665441334247589,2.8242478370666504,0.5039834976196289,0.09744876623153687,0.3551194667816162,-0.00623181089758873,0.126220703125
20,0.659620713442564,0.017333984375,0.0032226563071162673,0.5064757028594613,0.659620713442564,0.36712646484375,0.03828366566449404,0.1387826707214117,0.05307994096074253,0.7360365968197584,-0.02253284107428044,42.425771713256836,5.104059934616089,-0.6576571464538574,0.5444761663675308,0.4058655072003603,0.6392259802669287,0.2671723086386919,0.28073005098849535,0.5622228011488914,0.621058713644743,0.44984562415629625,0.6818793024867773,0.41946420446038246,0.7360365968197584,0.12630100664682686,0.7272117473185062,0.9997558631002903,0.21435546875,0.25244140625,0.277587890625,0.255615234375,0.24819712340831757,52,0.2241586595773697,0.27223557233810425,0.2554086744785309,0.2616421580314636,51,0.21507354080677032,0.27818629145622253,0.2450980544090271,0.2591911852359772,51,0.21813726425170898,0.2702206075191498,0.25245100259780884,0.26286765933036804,51,0.21629902720451355,0.2506127655506134,0.2702206075191498,0.2971813976764679,51,0.1979166716337204,0.24264706671237946,0.262254923582077,2.8419108390808105,0.5076495409011841,0.09702169895172119,0.356361985206604,-0.008010869845747948,0.13349609076976776
21,0.6578927244991064,0.016845703125,0.003320312558571459,0.5153525620698929,0.6578927244991064,0.365966796875,0.03559800033690408,0.14259689068421721,0.04942245502024889,0.745413314551115,-0.024559304845752195,43.13175082206726,5.110330283641815,-0.6567770838737488,0.5298078013584018,0.3986841421574354,0.6448260750621557,0.26782391173765063,0.2827630704268813,0.5543570928275585,0.6232071351259947,0.46201869286596775,0.6756868772208691,0.42253016121685505,0.745413314551115,0.12944825063459575,0.7250512521713972,0.9999511726200581,0.2083740234375,0.2371826171875,0.291015625,0.263427734375,0.24098558723926544,52,0.21274039149284363,0.301682710647583,0.2445913553237915,0.25367647409439087,51,0.20465686917304993,0.27879902720451355,0.26286765933036804,0.24877451360225677,51,0.20955882966518402,0.27941176295280457,0.262254923582077,0.2763480544090271,51,0.21200981736183167,0.23774510622024536,0.27389708161354065,0.32107844948768616,51,0.2028186321258545,0.20465686917304993,0.2714460790157318,2.8703699111938477,0.5020548105239868,0.09845271706581116,0.3559609055519104,-0.008615631610155106,0.1314697265625
22,0.6636460889130831,0.0167236328125,0.003222656301659299,0.49248266499489546,0.6636460889130831,0.364501953125,0.03353743255138397,0.1338434547651559,0.04762203153222799,0.7445412389934063,-0.023651647265069187,39.419522285461426,5.112111955881119,-0.655452311038971,0.5499238334596157,0.40613070130348206,0.6500736065208912,0.27162302238866687,0.2829054417088628,0.5617575272917747,0.6343898959457874,0.4618728179484606,0.6799796968698502,0.4230976356193423,0.7445412389934063,0.12466628313995898,0.7208769824355841,0.9998779315501451,0.2078857421875,0.250244140625,0.2825927734375,0.25927734375,0.25120192766189575,52,0.2187500149011612,0.27463942766189575,0.2554086744785309,0.25245100259780884,51,0.20404411852359772,0.28921568393707275,0.2542892098426819,0.25857844948768616,51,0.22303922474384308,0.26409316062927246,0.2542892098426819,0.28308823704719543,51,0.19178922474384308,0.25,0.2751225531101227,0.31004902720451355,51,0.20159314572811127,0.2389705926179886,0.24938726425170898,2.8206658363342285,0.5016730427742004,0.09619159996509552,0.3560401201248169,-0.0038189992774277925,0.13525390625
23,0.6600920986384153,0.0181884765625,0.003588867257349193,0.5044684270396829,0.6600920986384153,0.37030029296875,0.03239535907050595,0.12846236932091415,0.04787986492738128,0.7464638669043779,-0.023545955424197018,46.13072967529297,5.118853777647018,-0.6544327139854431,0.539423156529665,0.40933505073189735,0.6509368382394314,0.2712493841536343,0.28329290729016066,0.5663531478494406,0.6252495069056749,0.454479044303298,0.6778349131345749,0.4253342766314745,0.7464638669043779,0.1273962112609297,0.7202952243387699,0.9999511726200581,0.211181640625,0.2467041015625,0.2830810546875,0.259033203125,0.2530048191547394,52,0.20973558723926544,0.2608173191547394,0.2764423191547394,0.24142158031463623,51,0.21813726425170898,0.293504923582077,0.24693627655506134,0.2567402124404907,51,0.21752451360225677,0.2696078419685364,0.2561274468898773,0.2542892098426819,51,0.20649510622024536,0.2389705926179886,0.30024510622024536,0.2916666865348816,51,0.20404411852359772,0.24325981736183167,0.2610294222831726,2.8346190452575684,0.503240704536438,0.098436638712883,0.356702983379364,-0.006378822959959507,0.13691405951976776
24,0.6648952551186085,0.0169677734375,0.0033203125713043846,0.49297306779772043,0.6648952551186085,0.3704833984375,0.03372495627263561,0.14086275221779943,0.053401146084070206,0.7501253634691238,-0.02205087139736861,42.35688519477844,5.116828411817551,-0.6531888246536255,0.5546174049377441,0.4149528509005904,0.6445708740502596,0.27159580728039145,0.28680243343114853,0.5716174133121967,0.6240713689476252,0.4532215464860201,0.6778077706694603,0.42568389791995287,0.7501253634691238,0.12544726277701557,0.7203872259706259,0.9999267589300871,0.2137451171875,0.2325439453125,0.2879638671875,0.2657470703125,0.24278846383094788,52,0.20132212340831757,0.28545674681663513,0.270432710647583,0.23835785686969757,51,0.24080882966518402,0.2653186321258545,0.2555147111415863,0.24325981736183167,51,0.21078431606292725,0.27941176295280457,0.2665441334247589,0.2653186321258545,51,0.21813726425170898,0.21262255311012268,0.30392158031463623,0.30575981736183167,51,0.1979166716337204,0.22549019753932953,0.2708333432674408,2.8043856620788574,0.5048984289169312,0.10062631964683533,0.3575863242149353,-0.005236122291535139,0.1390380859375
25,0.6601366195827723,0.0181884765625,0.0033935547708097147,0.513027966953814,0.6601366195827723,0.37371826171875,0.03825810842681676,0.138150820042938,0.05253587069455534,0.7458818312734365,-0.02089638143661432,44.2658166885376,5.118297815322876,-0.6524272561073303,0.5419673882424831,0.40603597834706306,0.6389472521841526,0.26467448519542813,0.2814550781622529,0.5624412465840578,0.6176646575331688,0.452283201739192,0.6815957389771938,0.42090289760380983,0.7458818312734365,0.1276776483282447,0.716090889647603,0.9997558631002903,0.2132568359375,0.2286376953125,0.296142578125,0.261962890625,0.22776442766189575,52,0.2109375149011612,0.29567310214042664,0.265625,0.20220589637756348,51,0.2248774617910385,0.29473039507865906,0.27818629145622253,0.2506127655506134,51,0.22058823704719543,0.2873774468898773,0.24142158031463623,0.2714460790157318,51,0.2077205926179886,0.2291666716337204,0.2916666865348816,0.31127452850341797,51,0.20220589637756348,0.23345589637756348,0.25306373834609985,2.8469347953796387,0.501732587814331,0.0992460697889328,0.35649487376213074,-0.006524252705276012,0.1419677734375
26,0.6569282505661249,0.01708984375,0.0032958984793367563,0.5177121879532933,0.6569282505661249,0.3699951171875,0.03756523213814944,0.14052190608344972,0.05516485054977238,0.7416469939053059,-0.023929506249260157,40.88401222229004,5.122701913118362,-0.6513637900352478,0.5355035327374935,0.39879243820905685,0.6405556779354811,0.2672013249248266,0.278310801833868,0.5522725824266672,0.6093729976564646,0.4550833273679018,0.6782179158180952,0.4201593240723014,0.7416469939053059,0.12060781009495258,0.7136304304003716,0.9998779315501451,0.2144775390625,0.2286376953125,0.2838134765625,0.2730712890625,0.23918269574642181,52,0.2241586595773697,0.28245192766189575,0.25420674681663513,0.22303922474384308,51,0.19975490868091583,0.2751225531101227,0.3020833432674408,0.2389705926179886,51,0.22549019753932953,0.2653186321258545,0.2702206075191498,0.2873774468898773,51,0.21752451360225677,0.21078431606292725,0.28431373834609985,0.311887264251709,51,0.20526961982250214,0.23100490868091583,0.25183823704719543,2.8357410430908203,0.5010976791381836,0.09808361530303955,0.35631439089775085,-0.005510266870260239,0.14545898139476776
27,0.6574948858469725,0.0159912109375,0.0029541016156144906,0.5102690123021603,0.6574948858469725,0.3720703125,0.03514068404911086,0.13847775547765195,0.05295610672328621,0.7445150781422853,-0.021114173519890755,39.62407922744751,5.128363341093063,-0.6506237387657166,0.5333692543208599,0.406314754858613,0.6415690686553717,0.2670957623049617,0.280134879052639,0.5622087325900793,0.6188016291707754,0.4521902361884713,0.6798752192407846,0.4228112129494548,0.7445150781422853,0.12062663142569363,0.7177808061242104,0.9997558612376451,0.2266845703125,0.2222900390625,0.286376953125,0.2646484375,0.22716346383094788,52,0.2241586595773697,0.2836538553237915,0.2650240361690521,0.2248774617910385,51,0.22855393588542938,0.27450981736183167,0.2720588445663452,0.2340686321258545,51,0.23345589637756348,0.2708333432674408,0.2616421580314636,0.2702206075191498,51,0.22671569883823395,0.2236519753932953,0.27941176295280457,0.3235294222831726,51,0.22058823704719543,0.20159314572811127,0.2542892098426819,2.846364974975586,0.5038294792175293,0.09567029029130936,0.3534870743751526,-0.002444002777338028,0.14387206733226776
28,0.6571531295776367,0.018310546875,0.0035400391807343112,0.52047149091959,0.6571531295776367,0.37750244140625,0.03474031196674332,0.14257306582294405,0.04936803714372218,0.7348655555397272,-0.022238391858991235,41.92963480949402,5.1317139863967896,-0.6494740843772888,0.5310570150613785,0.4054241916164756,0.6448905970901251,0.26924467273056507,0.2846500864252448,0.5614080559462309,0.6313309594988823,0.45155404787510633,0.6765222940593958,0.4229021407663822,0.7348655555397272,0.1185963146854192,0.7181069049984217,0.9998779315501451,0.2369384765625,0.221435546875,0.2889404296875,0.252685546875,0.2289663553237915,52,0.2397836595773697,0.2914663553237915,0.2397836595773697,0.21446079015731812,51,0.240196093916893,0.2861519753932953,0.2591911852359772,0.2248774617910385,51,0.2506127655506134,0.2751225531101227,0.24938726425170898,0.2512255012989044,51,0.23345589637756348,0.2291666716337204,0.2861519753932953,0.30575981736183167,51,0.22058823704719543,0.20955882966518402,0.26409316062927246,2.8407368659973145,0.5028345584869385,0.09684069454669952,0.3560712933540344,-0.005865481682121754,0.1439208984375
29,0.6581508815288544,0.0172119140625,0.003149414156723651,0.5045226579532027,0.6581508815288544,0.374267578125,0.03702106780838221,0.14169871504418552,0.053349755704402924,0.7370946332812309,-0.02574129813001491,39.4168176651001,5.1331194043159485,-0.648108184337616,0.5382353272289038,0.4008226040750742,0.6389202363789082,0.26924195047467947,0.28349093440920115,0.5549129489809275,0.6194797419011593,0.45038869697600603,0.6801579669117928,0.420989315956831,0.7370946332812309,0.12037072726525366,0.7248218562453985,0.9997070338577032,0.2315673828125,0.2259521484375,0.2852783203125,0.2572021484375,0.22235578298568726,52,0.22475962340831757,0.2806490361690521,0.27223557233810425,0.24325981736183167,51,0.2340686321258545,0.2763480544090271,0.24632354080677032,0.22855393588542938,51,0.24387255311012268,0.28002452850341797,0.24754902720451355,0.25796568393707275,51,0.23651961982250214,0.22181373834609985,0.28370100259780884,0.30575981736183167,51,0.2187500149011612,0.2138480395078659,0.2616421580314636,2.8559813499450684,0.5035622715950012,0.09632022678852081,0.35384634137153625,-0.003592096269130707,0.14396972954273224
30,0.6621328536421061,0.0185546875,0.003540039120707661,0.5086814612150192,0.6621328536421061,0.372802734375,0.03489700361387804,0.13745958171784878,0.048507893341593444,0.7407322991639376,-0.024810763163259253,43.68964862823486,5.136384457349777,-0.6467281579971313,0.5467667039483786,0.411561525426805,0.6442072223871946,0.26594753470271826,0.28507124073803425,0.5671488028019667,0.6278700362890959,0.443026271648705,0.6782112345099449,0.4234281312674284,0.7407322991639376,0.12270206562243402,0.7222596481442451,0.9998291041702032,0.2322998046875,0.22607421875,0.2890625,0.2525634765625,0.23497596383094788,52,0.25901442766189575,0.2734375,0.23257212340831757,0.21507354080677032,51,0.23223039507865906,0.293504923582077,0.2591911852359772,0.2389705926179886,51,0.24080882966518402,0.28002452850341797,0.240196093916893,0.26838237047195435,51,0.22549019753932953,0.22242647409439087,0.28370100259780884,0.31495100259780884,51,0.2034313827753067,0.2187500149011612,0.26286765933036804,2.8442230224609375,0.5032964944839478,0.0960119292140007,0.35557109117507935,-0.004255997482687235,0.14763183891773224
31,0.6611030697822571,0.0162353515625,0.0031494141585426405,0.5087336227297783,0.6611030697822571,0.37384033203125,0.03649833030067384,0.1400412570219487,0.04995448316913098,0.745164018124342,-0.024203916225815192,36.875420808792114,5.141334921121597,-0.646312952041626,0.5451841820031404,0.4079463481903076,0.6412468049675226,0.27501769503578544,0.2838259218260646,0.5627358891069889,0.6281016860157251,0.44881904497742653,0.6814213488250971,0.4227083306759596,0.745164018124342,0.11954053677618504,0.721996171399951,0.9999023452401161,0.2381591796875,0.2183837890625,0.280029296875,0.263427734375,0.2343750149011612,52,0.23737981915473938,0.26923078298568726,0.25901442766189575,0.22058823704719543,51,0.24264706671237946,0.26776960492134094,0.26899510622024536,0.22732843458652496,51,0.2616421580314636,0.2598039209842682,0.2512255012989044,0.26776960492134094,51,0.2450980544090271,0.19546569883823395,0.2916666865348816,0.311887264251709,51,0.20404411852359772,0.2138480395078659,0.2702206075191498,2.8124842643737793,0.5025221109390259,0.0981857106089592,0.35476821660995483,-0.00502843176946044,0.150390625
32,0.6627043765038252,0.0184326171875,0.003613281329307938,0.49611894227564335,0.6627043765038252,0.3817138671875,0.03608469938626513,0.13976316107437015,0.053910354734398425,0.7538358327001333,-0.022215281322132796,44.30984807014465,5.141691416501999,-0.6458713412284851,0.5482923872768879,0.41289456002414227,0.646837817505002,0.2675425447523594,0.2858635392040014,0.5683668963611126,0.6232809890061617,0.4407003866508603,0.6768200341612101,0.4215274387970567,0.7538358327001333,0.12551468331366777,0.7168237306177616,0.9999267589300871,0.236572265625,0.2025146484375,0.295166015625,0.2657470703125,0.21274039149284363,52,0.24819712340831757,0.2806490361690521,0.2584134638309479,0.19914215803146362,51,0.2340686321258545,0.2977941334247589,0.26899510622024536,0.2089460790157318,51,0.24754902720451355,0.27328431606292725,0.2702206075191498,0.25796568393707275,51,0.23713235557079315,0.18504902720451355,0.31985294818878174,0.30453431606292725,51,0.21568627655506134,0.20649510622024536,0.27328431606292725,2.8504536151885986,0.49537813663482666,0.09724701941013336,0.35646212100982666,-0.007122738752514124,0.14992676675319672
33,0.6671139653772116,0.01611328125,0.0030029297286091605,0.48583266977220774,0.6671139653772116,0.3763427734375,0.036958019714802504,0.1416134536266327,0.050729574053548276,0.7576119638979435,-0.021125144441612065,46.368844509124756,5.141911655664444,-0.6448907256126404,0.5630913339555264,0.4129161313176155,0.6392736863344908,0.26417475566267967,0.2852917145937681,0.5688608642667532,0.6284618247300386,0.4529950115829706,0.6829679626971483,0.42333017755299807,0.7576119638979435,0.11975044920109212,0.7207035571336746,0.9997802767902613,0.2279052734375,0.223388671875,0.2979736328125,0.250732421875,0.23137019574642181,52,0.22295673191547394,0.29507213830947876,0.2506009638309479,0.240196093916893,51,0.2242647111415863,0.2824755012989044,0.25306373834609985,0.21752451360225677,51,0.2542892098426819,0.28492647409439087,0.24325981736183167,0.24264706671237946,51,0.22794118523597717,0.20710785686969757,0.3223039209842682,0.30514708161354065,51,0.21017158031463623,0.22058823704719543,0.26409316062927246,2.8903629779815674,0.5003421902656555,0.09798070788383484,0.3532921075820923,-0.00496323686093092,0.15170899033546448
34,0.6694345008581877,0.0172119140625,0.0033691407061269274,0.4772076094523072,0.6694345008581877,0.3729248046875,0.034550942422356457,0.1350313276052475,0.044081900850869715,0.7600989006459713,-0.025198078015819192,42.44014596939087,5.142714262008667,-0.6431211233139038,0.5635713618248701,0.4181741625070572,0.6421355903148651,0.26312799472361803,0.29092684388160706,0.5761836394667625,0.6488574557006359,0.4560428848490119,0.6861204318702221,0.4279936561360955,0.7600989006459713,0.11905505484901369,0.7257038131356239,0.9999267589300871,0.2271728515625,0.22021484375,0.3134765625,0.2391357421875,0.22776442766189575,52,0.22836539149284363,0.3131009638309479,0.23076924681663513,0.22303922474384308,51,0.2450980544090271,0.30392158031463623,0.22794118523597717,0.22181373834609985,51,0.23100490868091583,0.29473039507865906,0.25245100259780884,0.25183823704719543,51,0.2193627506494522,0.21997550129890442,0.30882352590560913,0.34681373834609985,51,0.21200981736183167,0.2083333432674408,0.23284314572811127,2.8741936683654785,0.5064558982849121,0.09981071949005127,0.35406890511512756,-0.00436477642506361,0.14907227456569672
35,0.6623846665024757,0.01708984375,0.003320312604046194,0.49236958287656307,0.6623846665024757,0.377685546875,0.03559251467231661,0.13100283220410347,0.052524034632369876,0.7677947580814362,-0.02362233237363398,44.340949296951294,5.149635225534439,-0.6422906517982483,0.5510437358170748,0.41397127509117126,0.6379433888942003,0.2617699261754751,0.2829644912853837,0.56960160844028,0.6248783972114325,0.45110244397073984,0.6784257646650076,0.42286175955086946,0.7677947580814362,0.12422161363065243,0.7199619803577662,0.9999023452401161,0.2188720703125,0.2099609375,0.3284912109375,0.24267578125,0.20132212340831757,52,0.23737981915473938,0.32451924681663513,0.2367788553237915,0.21813726425170898,51,0.2248774617910385,0.3290441334247589,0.22794118523597717,0.2089460790157318,51,0.22549019753932953,0.3192402124404907,0.24632354080677032,0.25,51,0.21200981736183167,0.2138480395078659,0.3241421580314636,0.34558823704719543,51,0.19424019753932953,0.2077205926179886,0.25245100259780884,2.8714747428894043,0.5077532529830933,0.0982370525598526,0.3537939190864563,-0.004794788081198931,0.15151368081569672
36,0.6615038681775331,0.0184326171875,0.0034912110095319804,0.5074801361188293,0.6615038681775331,0.3818359375,0.037743892637081444,0.13560422812588513,0.04817190149333328,0.7610982973128557,-0.02671976710553281,40.43221688270569,5.146229386329651,-0.6412627100944519,0.546924538910389,0.4118575109168887,0.6317317150533199,0.25991288060322404,0.28484236169606447,0.5679964777082205,0.6326792165637016,0.451523688621819,0.68433135189116,0.4209120199084282,0.7610982973128557,0.11946663074195385,0.7158812917768955,0.9998046904802322,0.233642578125,0.2052001953125,0.3148193359375,0.246337890625,0.19471155107021332,52,0.23497596383094788,0.3149038553237915,0.2554086744785309,0.2132353037595749,51,0.24571079015731812,0.29534316062927246,0.24571079015731812,0.20710785686969757,51,0.24571079015731812,0.29963237047195435,0.24754902720451355,0.2395833432674408,51,0.21568627655506134,0.2083333432674408,0.33639708161354065,0.3278186321258545,51,0.22610294818878174,0.2028186321258545,0.24325981736183167,2.8503739833831787,0.5007203817367554,0.09849585592746735,0.35186976194381714,-0.003322809701785445,0.151123046875
37,0.6647060848772526,0.016845703125,0.0033203125658474164,0.5016246791929007,0.6647060848772526,0.3753662109375,0.03563853650121018,0.13148884591646492,0.045906027080491185,0.7636718265712261,-0.02480705334164668,44.63171911239624,5.148034244775772,-0.6408100724220276,0.5467366836965084,0.4132126960903406,0.6432140357792377,0.2608769959770143,0.28585894126445055,0.5676936060190201,0.6413760893046856,0.44842048920691013,0.6822401490062475,0.42339824978262186,0.7636718265712261,0.12311786040663719,0.7157632615417242,0.9999511726200581,0.2259521484375,0.2100830078125,0.32275390625,0.2412109375,0.19471155107021332,52,0.22475962340831757,0.3359375,0.2445913553237915,0.23284314572811127,51,0.21691177785396576,0.3131127655506134,0.23713235557079315,0.2248774617910385,51,0.23284314572811127,0.3026960790157318,0.2395833432674408,0.24571079015731812,51,0.240196093916893,0.20159314572811127,0.3125,0.3492647111415863,51,0.21507354080677032,0.19669118523597717,0.2389705926179886,2.8773021697998047,0.4974415898323059,0.09716857224702835,0.3534194231033325,-0.0065154144540429115,0.15236817300319672
38,0.6690499540418386,0.017822265625,0.0033935547598957783,0.47973975725471973,0.6690499540418386,0.3765869140625,0.03447477816371247,0.13179869437590241,0.04998011083807796,0.7665355298668146,-0.024968601850559935,39.566394567489624,5.156596273183823,-0.640112578868866,0.5623078979551792,0.42126548290252686,0.6494886390864849,0.2686830246821046,0.2902320986613631,0.5770569480955601,0.6318972669541836,0.44910203758627176,0.6852088868618011,0.4253532290458679,0.7665355298668146,0.12177745625376701,0.7135215867310762,0.9998291041702032,0.2279052734375,0.2061767578125,0.3114013671875,0.2545166015625,0.2085336595773697,52,0.23377405107021332,0.2974759638309479,0.2602163553237915,0.2089460790157318,51,0.22549019753932953,0.31433823704719543,0.2512255012989044,0.21262255311012268,51,0.22732843458652496,0.2861519753932953,0.27389708161354065,0.2567402124404907,51,0.23590686917304993,0.19607843458652496,0.31127452850341797,0.3480392396450043,51,0.21691177785396576,0.20465686917304993,0.23039215803146362,2.8395843505859375,0.49697622656822205,0.09798528254032135,0.3520655333995819,-0.005053202621638775,0.15144042670726776
39,0.6671916581690311,0.01611328125,0.0030517578925355338,0.4993095165118575,0.6671916581690311,0.374267578125,0.03898279956774786,0.1350791254080832,0.05050387338269502,0.7668537087738514,-0.023646413494134322,43.8924286365509,5.158630460500717,-0.6384479403495789,0.5554917845875025,0.40482011903077364,0.6401875521987677,0.26663109939545393,0.2891005091369152,0.5613333340734243,0.6296886373311281,0.45112619269639254,0.6845183838158846,0.42376086115837097,0.7668537087738514,0.12225008453242481,0.7121506184339523,0.9998291041702032,0.218017578125,0.2142333984375,0.31982421875,0.2479248046875,0.22235578298568726,52,0.21153846383094788,0.3287259638309479,0.23737981915473938,0.21752451360225677,51,0.22549019753932953,0.29901960492134094,0.25796568393707275,0.22058823704719543,51,0.2248774617910385,0.30882352590560913,0.24571079015731812,0.2549019753932953,51,0.2291666716337204,0.19607843458652496,0.31985294818878174,0.34252452850341797,51,0.19914215803146362,0.21446079015731812,0.24387255311012268,2.87345814704895,0.49280446767807007,0.09656102955341339,0.3532886207103729,-0.005249081179499626,0.15397949516773224
40,0.6614814903587103,0.017333984375,0.0032470703754370334,0.5083811450749636,0.6614814903587103,0.378173828125,0.03793685924028978,0.14530404470860958,0.050197803298942745,0.76640141941607,-0.02389690704876557,45.333409786224365,5.164047360420227,-0.6370759010314941,0.5406358260661364,0.4123463658615947,0.6399487350136042,0.2618944398127496,0.28178119380027056,0.5673801377415657,0.6354320403188467,0.44821320846676826,0.6794356368482113,0.42088728677481413,0.76640141941607,0.11932852445170283,0.7087329067289829,0.9997802767902613,0.23095703125,0.19970703125,0.326416015625,0.242919921875,0.19951923191547394,52,0.22596155107021332,0.3275240361690521,0.24699519574642181,0.2034313827753067,51,0.24938726425170898,0.30575981736183167,0.24142158031463623,0.21262255311012268,51,0.23161765933036804,0.3180147111415863,0.23774510622024536,0.2567402124404907,51,0.2297794222831726,0.17953431606292725,0.3339460790157318,0.34681373834609985,51,0.21813726425170898,0.2034313827753067,0.23161765933036804,2.895540475845337,0.4958459734916687,0.0990365669131279,0.35430699586868286,-0.004701928235590458,0.15910644829273224
41,0.6607154794037342,0.0181884765625,0.003442382922003162,0.5175024755299091,0.6607154794037342,0.3773193359375,0.03528656391426921,0.14248496014624834,0.05414308968465775,0.77302111312747,-0.021855267797946,46.77944612503052,5.169944882392883,-0.6362007260322571,0.5325958654284477,0.41191921290010214,0.6426077056676149,0.2567691639997065,0.28718447498977184,0.5666193775832653,0.628355760127306,0.4536410076543689,0.6813924107700586,0.4229019423946738,0.77302111312747,0.12309454823844135,0.7112162876874208,0.9998046904802322,0.2156982421875,0.211181640625,0.3292236328125,0.243896484375,0.20913462340831757,52,0.2211538553237915,0.332932710647583,0.2367788553237915,0.21691177785396576,51,0.21446079015731812,0.33517158031463623,0.23345589637756348,0.2236519753932953,51,0.21262255311012268,0.32107844948768616,0.24264706671237946,0.24571079015731812,51,0.2291666716337204,0.20036765933036804,0.324754923582077,0.3321078419685364,51,0.20098039507865906,0.20588235557079315,0.2610294222831726,2.892672061920166,0.49408772587776184,0.10000059008598328,0.35337257385253906,-0.005144880618900061,0.15727539360523224
42,0.6610415522009134,0.015625,0.0028808594070142135,0.5036895032972097,0.6610415522009134,0.3778076171875,0.03867718076799065,0.14097507041878998,0.05157862906344235,0.7764753475785255,-0.025690987007692456,40.10193753242493,5.173287630081177,-0.6354179978370667,0.5432092770934105,0.40952768083661795,0.6323808040469885,0.26180885545909405,0.2833100985735655,0.5641649812459946,0.6239525116980076,0.4519606791436672,0.6821730546653271,0.42256513331085443,0.7764753475785255,0.12272333214059472,0.7040404696017504,0.9997558631002903,0.2198486328125,0.2061767578125,0.3267822265625,0.2471923828125,0.20733173191547394,52,0.2289663553237915,0.31670674681663513,0.24699519574642181,0.21200981736183167,51,0.22671569883823395,0.3229166865348816,0.23835785686969757,0.20465686917304993,51,0.2242647111415863,0.31556373834609985,0.2555147111415863,0.24877451360225677,51,0.2132353037595749,0.2089460790157318,0.3290441334247589,0.3498774766921997,51,0.20588235557079315,0.1979166716337204,0.24632354080677032,2.874342918395996,0.4951123297214508,0.09804347157478333,0.3509790003299713,-0.0068965391255915165,0.16181640326976776
43,0.6657501738518476,0.0169677734375,0.0032958985066215973,0.5019717430695891,0.6657501738518476,0.376953125,0.036936526477802545,0.1311139282770455,0.04757503792643547,0.7778486888855696,-0.023310194839723408,43.50177216529846,5.180138647556305,-0.6352963447570801,0.5450013130903244,0.41644544526934624,0.6392587069422007,0.2602178636007011,0.2897715736180544,0.571392361074686,0.6402977276593447,0.4534793999046087,0.6872946694493294,0.4258681759238243,0.7778486888855696,0.12625989993102849,0.7083946745842695,0.9999023452401161,0.21826171875,0.2095947265625,0.328369140625,0.2437744140625,0.21574519574642181,52,0.21995192766189575,0.3203125,0.24399039149284363,0.22181373834609985,51,0.22549019753932953,0.30453431606292725,0.24816177785396576,0.20588235557079315,51,0.2346813827753067,0.31556373834609985,0.24387255311012268,0.22732843458652496,51,0.21017158031463623,0.22120098769664764,0.34129902720451355,0.3602941334247589,51,0.20098039507865906,0.18321079015731812,0.2555147111415863,2.8936169147491455,0.5026524066925049,0.09860637784004211,0.35068732500076294,-0.008735110983252525,0.15676270425319672
44,0.6642185337841511,0.0159912109375,0.0031005860364530236,0.5139718297868967,0.6642185337841511,0.374267578125,0.03593988798093051,0.13841239549219608,0.04799806501250714,0.7735671643167734,-0.02384522749343887,42.44950246810913,5.177928626537323,-0.6351420283317566,0.5398419089615345,0.41811401676386595,0.6431605648249388,0.2617909093387425,0.29019815754145384,0.5722583327442408,0.6433707680553198,0.4551993403583765,0.6844510603696108,0.42185767460614443,0.7735671643167734,0.11996563896536827,0.7067343387752771,0.9999023452401161,0.21044921875,0.2215576171875,0.33544921875,0.2325439453125,0.22596155107021332,52,0.21995192766189575,0.3275240361690521,0.2265625149011612,0.2138480395078659,51,0.2297794222831726,0.31617647409439087,0.240196093916893,0.2352941334247589,51,0.21997550129890442,0.3290441334247589,0.21568627655506134,0.22794118523597717,51,0.19117647409439087,0.23100490868091583,0.3498774766921997,0.3547794222831726,51,0.19117647409439087,0.20159314572811127,0.25245100259780884,2.8651814460754395,0.5016884803771973,0.09823469072580338,0.35335350036621094,-0.005371024366468191,0.15866699814796448
45,0.6614368911832571,0.0164794921875,0.003027343795110937,0.5075064608827233,0.6614368911832571,0.37164306640625,0.03793354460503906,0.13761045993305743,0.051012730342336,0.7737483866512775,-0.023656141012907028,45.37716603279114,5.182084769010544,-0.6344603896141052,0.5378678366541862,0.4119239551946521,0.6353978049010038,0.25623043114319444,0.2886114064604044,0.5680604390799999,0.6322244517505169,0.4570739194750786,0.6853675227612257,0.4236937118694186,0.7737483866512775,0.12294675037264824,0.704530943185091,0.9997314494103193,0.20654296875,0.2222900390625,0.3388671875,0.2322998046875,0.22776442766189575,52,0.21033655107021332,0.3209134638309479,0.24098558723926544,0.2291666716337204,51,0.21139706671237946,0.32536765933036804,0.2340686321258545,0.2297794222831726,51,0.2193627506494522,0.33088237047195435,0.21997550129890442,0.23039215803146362,51,0.19669118523597717,0.22242647409439087,0.3504902124404907,0.36703431606292725,51,0.19485294818878174,0.20220589637756348,0.23590686917304993,2.8630921840667725,0.4986765682697296,0.0985715314745903,0.3533998727798462,-0.005219067446887493,0.16582031548023224
46,0.6597330253571272,0.0179443359375,0.0033447266250732355,0.5150689044967294,0.6597330253571272,0.369384765625,0.03623641427839175,0.1355465657543391,0.04748715437017381,0.7758973278105259,-0.024138439766829833,46.420161724090576,5.18684309720993,-0.6329380869865417,0.5340170785784721,0.4084430579096079,0.635409327223897,0.2537343753501773,0.2796734869480133,0.564296618103981,0.6411431059241295,0.45863128267228603,0.6816044766455889,0.4234463991597295,0.7758973278105259,0.12242586445063353,0.7041255850344896,0.9997558631002903,0.19970703125,0.2274169921875,0.333740234375,0.2391357421875,0.22596155107021332,52,0.2055288553237915,0.3155048191547394,0.2530048191547394,0.23100490868091583,51,0.1979166716337204,0.33700981736183167,0.2340686321258545,0.2604166865348816,51,0.2077205926179886,0.31127452850341797,0.22058823704719543,0.23100490868091583,51,0.21446079015731812,0.2077205926179886,0.34681373834609985,0.3584558963775635,51,0.17279411852359772,0.21200981736183167,0.2567402124404907,2.8569273948669434,0.5018312931060791,0.10319066792726517,0.35544270277023315,-0.009438896551728249,0.16545410454273224
47,0.6559385824948549,0.016845703125,0.003173828174112714,0.5240895310416818,0.6559385824948549,0.37054443359375,0.038369539543055,0.14833608688786626,0.050695408950559795,0.7731224000453949,-0.026727368152933195,42.866377115249634,5.188066333532333,-0.6322990655899048,0.5279422253370285,0.4069535816088319,0.6266635600477457,0.25573154957965016,0.28299037646502256,0.561835428699851,0.6310804933309555,0.4643414616584778,0.672255439683795,0.4178278986364603,0.7731224000453949,0.12012446904554963,0.7069783098995686,0.9998046904802322,0.2125244140625,0.214599609375,0.3416748046875,0.231201171875,0.22235578298568726,52,0.22716346383094788,0.34375,0.20673078298568726,0.23100490868091583,51,0.21078431606292725,0.3339460790157318,0.2242647111415863,0.22549019753932953,51,0.22303922474384308,0.3235294222831726,0.22794118523597717,0.25183823704719543,51,0.2077205926179886,0.1979166716337204,0.34252452850341797,0.3645833432674408,51,0.1936274617910385,0.19607843458652496,0.24571079015731812,2.8549022674560547,0.4991218149662018,0.09979642927646637,0.35225507616996765,-0.0049227261915802956,0.16262207925319672
48,0.6560771372169256,0.0174560546875,0.003393554748981842,0.5260725887492299,0.6560771372169256,0.3717041015625,0.03642324870452285,0.1442068333271891,0.04984517418779433,0.7743215337395668,-0.02433601822122,42.25198411941528,5.193487763404846,-0.6312332153320312,0.5193163715302944,0.4068209510296583,0.6371930651366711,0.2557275085709989,0.28117470629513264,0.561683626845479,0.6336277741938829,0.46169122215360403,0.6725923493504524,0.42094983719289303,0.7743215337395668,0.12041513808071613,0.7060317546129227,0.9999023452401161,0.2076416015625,0.2196044921875,0.3377685546875,0.2349853515625,0.2211538553237915,52,0.22055289149284363,0.340745210647583,0.21754808723926544,0.23100490868091583,51,0.20588235557079315,0.324754923582077,0.23835785686969757,0.23161765933036804,51,0.21262255311012268,0.3137255012989044,0.24203431606292725,0.2297794222831726,51,0.2083333432674408,0.22242647409439087,0.3394607901573181,0.3700980544090271,51,0.19056373834609985,0.19178922474384308,0.24754902720451355,2.8295421600341797,0.5035610795021057,0.09761135280132294,0.3542380928993225,-0.008280179463326931,0.16433106362819672
49,0.6574226301163435,0.0159912109375,0.0031250000774889486,0.5219827415421605,0.6574226301163435,0.3702392578125,0.03978285542689264,0.14518065564334393,0.04910202044993639,0.7677749022841454,-0.026868114597164094,38.950502157211304,5.195908635854721,-0.630661129951477,0.5324056018143892,0.4099194509908557,0.6307993680238724,0.26020433520898223,0.2825211128219962,0.5656831432133913,0.632409293204546,0.4599550776183605,0.6713467743247747,0.4165106024593115,0.7677749022841454,0.11729333363473415,0.7097021285444498,0.9999267589300871,0.2120361328125,0.2261962890625,0.326904296875,0.23486328125,0.22776442766189575,52,0.23377405107021332,0.317307710647583,0.2211538553237915,0.24693627655506134,51,0.21813726425170898,0.31433823704719543,0.22058823704719543,0.2346813827753067,51,0.21139706671237946,0.311887264251709,0.24203431606292725,0.24754902720451355,51,0.1924019604921341,0.21017158031463623,0.3498774766921997,0.34129902720451355,51,0.20404411852359772,0.21139706671237946,0.24325981736183167,2.847933769226074,0.5011378526687622,0.0974060446023941,0.35180985927581787,-0.004119095858186483,0.16057129204273224
50,0.6569121517241001,0.0172119140625,0.003271484454671736,0.5175468977540731,0.6569121517241001,0.3746337890625,0.03456260805251077,0.13789846608415246,0.04933969082776457,0.7700315713882446,-0.02629077891469933,44.364084243774414,5.191222727298737,-0.6303889155387878,0.5254001263529062,0.41119267512112856,0.6403296962380409,0.25777387199923396,0.27815830428153276,0.5666660536080599,0.6324227415025234,0.461717844940722,0.6760106366127729,0.4207373121753335,0.7700315713882446,0.11647189175710082,0.7055407296866179,0.9998291041702032,0.2086181640625,0.22802734375,0.329345703125,0.2340087890625,0.2265625149011612,52,0.2133413553237915,0.3335336744785309,0.2265625149011612,0.2297794222831726,51,0.22732843458652496,0.3290441334247589,0.2138480395078659,0.22242647409439087,51,0.21507354080677032,0.324754923582077,0.23774510622024536,0.25,51,0.19485294818878174,0.22120098769664764,0.3339460790157318,0.32536765933036804,51,0.1924019604921341,0.240196093916893,0.24203431606292725,2.8333253860473633,0.5022495985031128,0.09949778020381927,0.3530861735343933,-0.007387740537524223,0.164306640625
51,0.6570764575153589,0.016357421875,0.0031005860091681825,0.5172344287857413,0.6570764575153589,0.36968994140625,0.041185828973539174,0.1441876320168376,0.052471153205260634,0.7655035108327866,-0.025837811350356787,42.49947547912598,5.187108069658279,-0.6301087737083435,0.5323108788579702,0.4046996720135212,0.6298865173012018,0.25423111440613866,0.27538532530888915,0.5584223736077547,0.6336671467870474,0.46173144318163395,0.674223504960537,0.41884937044233084,0.7655035108327866,0.11850188579410315,0.709023654460907,0.9998291041702032,0.2078857421875,0.230712890625,0.3409423828125,0.220458984375,0.23497596383094788,52,0.23076924681663513,0.328125,0.20612981915473938,0.24325981736183167,51,0.19975490868091583,0.3486519753932953,0.2083333432674408,0.2340686321258545,51,0.21139706671237946,0.3339460790157318,0.22058823704719543,0.24325981736183167,51,0.20465686917304993,0.20588235557079315,0.34620100259780884,0.3480392396450043,51,0.1924019604921341,0.2352941334247589,0.2242647111415863,2.8711771965026855,0.5014777183532715,0.10028200596570969,0.35296228528022766,-0.003821025835350156,0.16872559487819672
52,0.6638425178825855,0.017333984375,0.0033203125385625754,0.5053890496492386,0.6638425178825855,0.37109375,0.0340956246946007,0.1386306097265333,0.04769394069444388,0.7682488057762384,-0.023941272316733375,41.99952673912048,5.186587274074554,-0.6296753287315369,0.5423686765134335,0.4041759241372347,0.6448228787630796,0.2606898630037904,0.2827608664520085,0.5603882577270269,0.6412451379001141,0.46347778011113405,0.6831912025809288,0.42330260295420885,0.7682488057762384,0.12016129749827087,0.7057165130972862,0.9998535178601742,0.203857421875,0.234619140625,0.3355712890625,0.2259521484375,0.22475962340831757,52,0.21394231915473938,0.3359375,0.22536058723926544,0.2549019753932953,51,0.2028186321258545,0.3229166865348816,0.2193627506494522,0.24816177785396576,51,0.21262255311012268,0.3241421580314636,0.21507354080677032,0.22120098769664764,51,0.21200981736183167,0.21262255311012268,0.3541666865348816,0.34068629145622253,51,0.1776960790157318,0.23284314572811127,0.24877451360225677,2.875308036804199,0.4994847774505615,0.10091999173164368,0.3535505533218384,-0.004252064041793346,0.16435547173023224
53,0.667041840031743,0.01708984375,0.003247070379075012,0.4891857551410794,0.667041840031743,0.3665771484375,0.036343642976135015,0.134899283060804,0.04873217851854861,0.7717801965773106,-0.024279762525111437,44.0769248008728,5.18954262137413,-0.6290345191955566,0.5534111130982637,0.4157865261659026,0.6470346990972757,0.25557013414800167,0.28585281781852245,0.5734140854328871,0.6381761785596609,0.46492069493979216,0.6823773942887783,0.42268730141222477,0.7717801965773106,0.12087348778732121,0.7117034457623959,0.9998291041702032,0.188720703125,0.2376708984375,0.3389892578125,0.234619140625,0.23918269574642181,52,0.19230769574642181,0.3365384638309479,0.2319711595773697,0.2616421580314636,51,0.19730393588542938,0.32536765933036804,0.21568627655506134,0.23590686917304993,51,0.19607843458652496,0.33578431606292725,0.23223039507865906,0.24632354080677032,51,0.18382354080677032,0.2242647111415863,0.34558823704719543,0.35171568393707275,51,0.17401961982250214,0.22732843458652496,0.24693627655506134,2.872511863708496,0.49299442768096924,0.09814635664224625,0.35058242082595825,-0.0035890410654246807,0.1632080078125
54,0.669103741645813,0.0167236328125,0.0031494141130679054,0.4834714662283659,0.669103741645813,0.36767578125,0.03290735627524555,0.13753752782940865,0.04352947662118822,0.7736808471381664,-0.02514859026996419,42.010170698165894,5.1930340230464935,-0.6282110810279846,0.558522155508399,0.4144131178036332,0.6462994106113911,0.25565449288114905,0.28833646699786186,0.5690005905926228,0.6463316138833761,0.476260076276958,0.6790156085044146,0.4262047382071614,0.7736808471381664,0.11461062356829643,0.7105767298489809,0.9998046904802322,0.192626953125,0.2357177734375,0.33935546875,0.2322998046875,0.23918269574642181,52,0.21033655107021332,0.34194713830947876,0.2085336595773697,0.2616421580314636,51,0.18627451360225677,0.3284313976764679,0.2236519753932953,0.23100490868091583,51,0.2028186321258545,0.33088237047195435,0.2352941334247589,0.2395833432674408,51,0.1881127506494522,0.2291666716337204,0.343137264251709,0.35232844948768616,51,0.17524510622024536,0.21752451360225677,0.2549019753932953,2.8659827709198,0.5010498762130737,0.09978072345256805,0.3514705002307892,-0.004184999503195286,0.16142578423023224
55,0.6652611456811428,0.015625,0.0030517578561557457,0.4922772878780961,0.6652611456811428,0.3687744140625,0.033259892952628434,0.1376920696347952,0.044824178563430905,0.7743442021310329,-0.024883397622033954,42.72560667991638,5.193480968475342,-0.6268620491027832,0.5455243159085512,0.4165278486907482,0.6410786397755146,0.2570117749273777,0.28578210063278675,0.573194170370698,0.6493507139384747,0.47405251394957304,0.6755165793001652,0.42230137810111046,0.7743442021310329,0.11724731349386275,0.7084293402731419,0.9999267589300871,0.1983642578125,0.2325439453125,0.34326171875,0.225830078125,0.25,52,0.20973558723926544,0.3257211744785309,0.21454328298568726,0.23651961982250214,51,0.21078431606292725,0.34129902720451355,0.21139706671237946,0.2450980544090271,51,0.19117647409439087,0.34068629145622253,0.22303922474384308,0.23100490868091583,51,0.20526961982250214,0.20465686917304993,0.3590686321258545,0.3498774766921997,51,0.17463235557079315,0.22610294818878174,0.24938726425170898,2.852358341217041,0.49915120005607605,0.10039529204368591,0.35448986291885376,-0.005198565311729908,0.16777344048023224
56,0.6559446230530739,0.0191650390625,0.0036621094350266503,0.528104460798204,0.6559446230530739,0.3704833984375,0.037358428235165775,0.14553060848265886,0.05257912015076727,0.7888940926641226,-0.023650265240576118,47.57184910774231,5.19590300321579,-0.6252213716506958,0.5182455303147435,0.4045468755066395,0.6380212288349867,0.25255794171243906,0.28045945707708597,0.5599518604576588,0.6325855143368244,0.45841403119266033,0.6733571588993073,0.4170987391844392,0.7888940926641226,0.12315865070559084,0.7040519192814827,0.9998291041702032,0.1866455078125,0.2269287109375,0.3546142578125,0.2318115234375,0.22235578298568726,52,0.21394231915473938,0.3539663553237915,0.20973558723926544,0.2187500149011612,51,0.19117647409439087,0.3707107901573181,0.2193627506494522,0.2542892098426819,51,0.18075981736183167,0.32107844948768616,0.24387255311012268,0.24203431606292725,51,0.1764705926179886,0.21262255311012268,0.3688725531101227,0.3584558963775635,51,0.17034314572811127,0.22671569883823395,0.2444853037595749,2.888993740081787,0.4996056854724884,0.09963567554950714,0.3533860445022583,-0.0023343816865235567,0.16716308891773224
57,0.6593753807246685,0.015625,0.003027343811481842,0.501824134029448,0.6593753807246685,0.36883544921875,0.037300875468645245,0.1468207857105881,0.05317992751952261,0.7985926549881697,-0.024643161450512707,38.8422417640686,5.19508221745491,-0.6239249110221863,0.5371765159070492,0.40527211874723434,0.627639289945364,0.24783383402973413,0.28094791527837515,0.5603795684874058,0.6198976598680019,0.4763920409604907,0.6723576970398426,0.4156928909942508,0.7985926549881697,0.1238881847821176,0.7045806478708982,0.9999023452401161,0.17236328125,0.22607421875,0.3603515625,0.2412109375,0.23016828298568726,52,0.18629808723926544,0.3521634638309479,0.23137019574642181,0.22610294818878174,51,0.19178922474384308,0.3553921580314636,0.22671569883823395,0.24142158031463623,51,0.17279411852359772,0.3535539209842682,0.23223039507865906,0.25,51,0.1568627506494522,0.21691177785396576,0.3762255012989044,0.3645833432674408,51,0.15379902720451355,0.21568627655506134,0.2659313678741455,2.8691484928131104,0.4986482858657837,0.10133443772792816,0.3540688455104828,-0.004790911916643381,0.17219237983226776
58,0.6664560232311487,0.017333984375,0.003320312560390448,0.5074456203728914,0.6664560232311487,0.36871337890625,0.03554028400685638,0.14648076449520886,0.04732868284918368,0.8004721384495497,-0.025876195228192955,41.691059827804565,5.2031175792217255,-0.6230328679084778,0.5438697803765535,0.4098581047728658,0.6369010508060455,0.2512580347247422,0.2874279422685504,0.565671406686306,0.6338811106979847,0.48175047524273396,0.6777620147913694,0.4229970593005419,0.8004721384495497,0.1230999487452209,0.7028362471610308,0.9998535178601742,0.1768798828125,0.228271484375,0.3583984375,0.2364501953125,0.23257212340831757,52,0.18149039149284363,0.3545673191547394,0.23137019574642181,0.23774510622024536,51,0.20036765933036804,0.32536765933036804,0.23651961982250214,0.21629902720451355,51,0.17892158031463623,0.3590686321258545,0.24571079015731812,0.22610294818878174,51,0.17892158031463623,0.24264706671237946,0.35232844948768616,0.4007353186607361,51,0.14460784196853638,0.21200981736183167,0.24264706671237946,2.854717254638672,0.49829527735710144,0.09953785687685013,0.3535095453262329,0.00013278366532176733,0.17011718451976776
59,0.6578751169145107,0.015625,0.003051757857974735,0.5284497067332268,0.6578751169145107,0.368896484375,0.03618543315678835,0.15682155545800924,0.05189756874460727,0.8056321069598198,-0.024897370662074536,40.040149450302124,5.200912714004517,-0.6221054196357727,0.519476255401969,0.40966033563017845,0.6416808515787125,0.2503565205261111,0.2826657136902213,0.5644274055957794,0.6301430035382509,0.4710222939029336,0.6692931167781353,0.4147242521867156,0.8056321069598198,0.11506449617445469,0.7020052094012499,0.9999267589300871,0.1708984375,0.22607421875,0.369140625,0.23388671875,0.21574519574642181,52,0.20132212340831757,0.36899039149284363,0.21394231915473938,0.23713235557079315,51,0.1764705926179886,0.37867647409439087,0.2077205926179886,0.2297794222831726,51,0.16911765933036804,0.35723039507865906,0.24387255311012268,0.24693627655506134,51,0.16360294818878174,0.23100490868091583,0.3584558963775635,0.38235294818878174,51,0.14338235557079315,0.21691177785396576,0.25735294818878174,2.868398904800415,0.5046416521072388,0.10181939601898193,0.353360652923584,-0.004246601834893227,0.17294922471046448
60,0.6560663878917694,0.0194091796875,0.0036132813220319804,0.5267577189952135,0.6560663878917694,0.36993408203125,0.03659088973654434,0.1458936792332679,0.05174222378991544,0.8113480042666197,-0.02620264166034758,41.590815782547,5.199668377637863,-0.6202853918075562,0.519431471824646,0.40088743530213833,0.6344024557620287,0.24900926975533366,0.27552856784313917,0.5560765024274588,0.6183646228164434,0.473947168327868,0.6721362099051476,0.4147709393873811,0.8113480042666197,0.12479394255205989,0.7000890523195267,0.9997314494103193,0.163818359375,0.2213134765625,0.3690185546875,0.245849609375,0.23918269574642181,52,0.14903846383094788,0.36838942766189575,0.24338942766189575,0.22242647409439087,51,0.1770833432674408,0.36703431606292725,0.23345589637756348,0.2034313827753067,51,0.18321079015731812,0.3658088445663452,0.24754902720451355,0.25735294818878174,51,0.16299019753932953,0.21446079015731812,0.3651960790157318,0.37867647409439087,51,0.14705882966518402,0.22671569883823395,0.24754902720451355,2.8647429943084717,0.5014610886573792,0.10228516161441803,0.35598254203796387,-0.003146503586322069,0.16848145425319672
61,0.6598617974668741,0.0159912109375,0.003027343811481842,0.5255652647465467,0.6598617974668741,0.3699951171875,0.03784807014744729,0.14486265904270113,0.051679965923540294,0.8175183720886707,-0.023802996729500592,39.18722581863403,5.204741597175598,-0.6195115447044373,0.5269270837306976,0.40572159085422754,0.6350927017629147,0.2505129436030984,0.2792447255924344,0.5621327515691519,0.6229566484689713,0.47101258020848036,0.6756631527096033,0.41643922310322523,0.8175183720886707,0.11961044394411147,0.6960101574659348,0.9998291041702032,0.1605224609375,0.226318359375,0.3641357421875,0.2490234375,0.23497596383094788,52,0.17247596383094788,0.3515625,0.24098558723926544,0.2352941334247589,51,0.16850490868091583,0.34068629145622253,0.2555147111415863,0.2242647111415863,51,0.1617647111415863,0.3602941334247589,0.25367647409439087,0.23713235557079315,51,0.14950980246067047,0.2138480395078659,0.39950981736183167,0.3688725531101227,51,0.15012255311012268,0.22303922474384308,0.25796568393707275,2.8211326599121094,0.49984225630760193,0.10331287235021591,0.3568820655345917,-0.002053075935691595,0.17263184487819672
62,0.6570732481777668,0.018798828125,0.0035400391552684596,0.5365920094773173,0.6570732481777668,0.370849609375,0.03694119048304856,0.1403546193614602,0.05661585833877325,0.8289169948548079,-0.024569962231907994,44.93013143539429,5.200828105211258,-0.6185697913169861,0.5158783094957471,0.3973514698445797,0.6429597064852715,0.2468970874324441,0.2751378258690238,0.552476255223155,0.6173826921731234,0.4664710648357868,0.6789693012833595,0.4156867126002908,0.8289169948548079,0.11932096048258245,0.6956946179270744,0.9997802767902613,0.1578369140625,0.209716796875,0.3668212890625,0.265625,0.20913462340831757,52,0.16045673191547394,0.3515625,0.2788461744785309,0.22732843458652496,51,0.1623774617910385,0.3609068691730499,0.24938726425170898,0.2089460790157318,51,0.16789215803146362,0.3817402124404907,0.24142158031463623,0.2708333432674408,51,0.1617647111415863,0.2034313827753067,0.3639706075191498,0.3762255012989044,51,0.13664215803146362,0.19975490868091583,0.2873774468898773,2.8603506088256836,0.4944511651992798,0.10525193810462952,0.3575461208820343,-0.0018382819835096598,0.17131347954273224
63,0.6603735126554966,0.015869140625,0.0029541016010625754,0.515826566144824,0.6603735126554966,0.36590576171875,0.03717016737209633,0.1466298026498407,0.05494962865486741,0.8257982693612576,-0.023065539251547307,43.84417939186096,5.208079665899277,-0.617475152015686,0.5317520722746849,0.3976256139576435,0.6348040793091059,0.2505693254061043,0.2793382788076997,0.5527120549231768,0.6230079606175423,0.4841876868158579,0.6710554696619511,0.4152498338371515,0.8257982693612576,0.12029839912429452,0.6965316664427519,0.9997802767902613,0.157470703125,0.2164306640625,0.3609619140625,0.26513671875,0.24038462340831757,52,0.15925481915473938,0.34375,0.25661057233810425,0.22303922474384308,51,0.1721813827753067,0.34558823704719543,0.2591911852359772,0.22181373834609985,51,0.17463235557079315,0.3529411852359772,0.2506127655506134,0.2769607901573181,51,0.14950980246067047,0.18995098769664764,0.38357844948768616,0.3792892396450043,51,0.13174019753932953,0.20649510622024536,0.2824755012989044,2.85916805267334,0.49704745411872864,0.10488753020763397,0.3548566997051239,-0.0023234118707478046,0.17409668862819672
64,0.6564557980746031,0.0169677734375,0.0033203125658474164,0.5254438705742359,0.6564557980746031,0.37432861328125,0.035497808537911624,0.1467836839146912,0.05260918731801212,0.8298678249120712,-0.02435859860270284,44.20047402381897,5.20189306139946,-0.6163851618766785,0.5191146656870842,0.4003534773364663,0.6311195511370897,0.24570783646777272,0.2737557152286172,0.5537946205586195,0.6199393011629581,0.4827644741162658,0.6675096806138754,0.4146214183419943,0.8298678249120712,0.12652882956899703,0.6958787031471729,0.9999267589300871,0.1600341796875,0.2064208984375,0.3748779296875,0.2586669921875,0.20012019574642181,52,0.16526442766189575,0.36358174681663513,0.2710336744785309,0.21078431606292725,51,0.17034314572811127,0.36642158031463623,0.25245100259780884,0.22671569883823395,51,0.17585784196853638,0.356004923582077,0.24142158031463623,0.23590686917304993,51,0.15625,0.2034313827753067,0.40441179275512695,0.3841911852359772,51,0.13235294818878174,0.19117647409439087,0.2922794222831726,2.8355870246887207,0.4981496334075928,0.10299648344516754,0.3541429042816162,-0.0005321122007444501,0.17390136420726776
65,0.66139717400074,0.0164794921875,0.0032470703772560228,0.5162801127880812,0.66139717400074,0.3675537109375,0.03774530813097954,0.13883526995778084,0.051561335334554315,0.8390367235988379,-0.025948388822143897,40.57677459716797,5.208578288555145,-0.6162605285644531,0.5304217673838139,0.40493123326450586,0.6264110393822193,0.24890009313821793,0.2812669016420841,0.5581991877406836,0.6215257048606873,0.4813081407919526,0.6786797288805246,0.42044149339199066,0.8390367235988379,0.12666710303165019,0.6886495836079121,0.9999511726200581,0.1483154296875,0.2069091796875,0.3880615234375,0.2567138671875,0.21995192766189575,52,0.17127405107021332,0.371995210647583,0.2367788553237915,0.20710785686969757,51,0.1507353037595749,0.3970588445663452,0.2450980544090271,0.22610294818878174,51,0.13909314572811127,0.3700980544090271,0.2647058963775635,0.2647058963775635,51,0.14460784196853638,0.19669118523597717,0.39399510622024536,0.4074755012989044,51,0.1354166716337204,0.18443627655506134,0.27267158031463623,2.8859341144561768,0.49123603105545044,0.1060701459646225,0.3565792143344879,-0.0028060334734618664,0.1724853515625
66,0.6591746229678392,0.01708984375,0.00317382815592282,0.5199260618537664,0.6591746229678392,0.37042236328125,0.03964878956321627,0.14285072986967862,0.05262240779120475,0.8428965695202351,-0.0277209478081204,43.060123920440674,5.1988363564014435,-0.6152474284172058,0.5228867186233401,0.403401511721313,0.6289289630949497,0.24457324715331197,0.27913804445415735,0.5574959050863981,0.6223711427301168,0.48082022182643414,0.6758205965161324,0.4178475933149457,0.8428965695202351,0.1280361961107701,0.6856590285897255,0.9997558631002903,0.1448974609375,0.2081298828125,0.3944091796875,0.2525634765625,0.21454328298568726,52,0.14663462340831757,0.3858173191547394,0.2530048191547394,0.21691177785396576,51,0.14460784196853638,0.3952206075191498,0.24325981736183167,0.2089460790157318,51,0.15441176295280457,0.3952206075191498,0.24142158031463623,0.2512255012989044,51,0.1507353037595749,0.20710785686969757,0.3909313976764679,0.40502452850341797,51,0.12806372344493866,0.1930147111415863,0.27389708161354065,2.8401377201080322,0.5017579793930054,0.10255265235900879,0.3529307246208191,-0.002730862470343709,0.17441406846046448
67,0.6608709562569857,0.0181884765625,0.0035156250814907253,0.5156479934230447,0.6608709562569857,0.3651123046875,0.03548617253545672,0.14446087391115725,0.04819815652444959,0.8421809040009975,-0.025332008866826072,42.668484687805176,5.206482708454132,-0.6139694452285767,0.5282424949109554,0.40703178383409977,0.6350232772529125,0.24436384718865156,0.28223533090204,0.5604739561676979,0.6322605013847351,0.48248833045363426,0.6726927012205124,0.41611366253346205,0.8421809040009975,0.1261345180682838,0.6870644260197878,0.9998779315501451,0.1405029296875,0.2176513671875,0.3978271484375,0.2440185546875,0.21814905107021332,52,0.1508413553237915,0.3978365659713745,0.23317308723926544,0.2291666716337204,51,0.15441176295280457,0.3707107901573181,0.24571079015731812,0.23100490868091583,51,0.1409313827753067,0.387254923582077,0.24080882966518402,0.24754902720451355,51,0.13296568393707275,0.21017158031463623,0.40931373834609985,0.42401963472366333,51,0.12316177040338516,0.19975490868091583,0.25306373834609985,2.8165431022644043,0.49663102626800537,0.10614530742168427,0.356602281332016,0.0005530948401428759,0.17312012612819672
68,0.6571273542940617,0.0145263671875,0.0028564453696162673,0.5260455794632435,0.6571273542940617,0.37591552734375,0.03749169100774452,0.1497876273933798,0.052838803618215024,0.8472470119595528,-0.023532121791504323,37.2438428401947,5.208749324083328,-0.6128496527671814,0.5195454815402627,0.40253686998039484,0.6286368500441313,0.2458170000463724,0.27647453360259533,0.5579583123326302,0.6251021176576614,0.48536487203091383,0.6675681080669165,0.41650539357215166,0.8472470119595528,0.1281565511599183,0.6893815938383341,0.9999511726200581,0.148681640625,0.189208984375,0.39111328125,0.27099609375,0.17608173191547394,52,0.16105769574642181,0.38401442766189575,0.2788461744785309,0.19546569883823395,51,0.14705882966518402,0.387254923582077,0.2702206075191498,0.20220589637756348,51,0.15870098769664764,0.37254902720451355,0.2665441334247589,0.2598039209842682,51,0.1403186321258545,0.19669118523597717,0.40318629145622253,0.40870100259780884,51,0.1360294222831726,0.17585784196853638,0.27941176295280457,2.8338985443115234,0.4930384159088135,0.10574579238891602,0.35816532373428345,-0.0009764073183760047,0.17304687201976776
69,0.6573831476271152,0.018798828125,0.003686523510623374,0.5261649396270514,0.6573831476271152,0.37249755859375,0.034791442507412285,0.1428552120923996,0.05089004978071898,0.837653148919344,-0.02331566798966378,48.38613700866699,5.218975365161896,-0.6116097569465637,0.513766584917903,0.39162704069167376,0.640985855832696,0.2499153846874833,0.2791068712249398,0.548157436773181,0.6198684982955456,0.4745176387950778,0.6701371427625418,0.41694880090653896,0.837653148919344,0.12693147081881762,0.689238416031003,0.9999267589300871,0.16064453125,0.2091064453125,0.3675537109375,0.2626953125,0.22295673191547394,52,0.17127405107021332,0.3443509638309479,0.26141828298568726,0.20220589637756348,51,0.17463235557079315,0.3535539209842682,0.2696078419685364,0.21262255311012268,51,0.15808823704719543,0.36151963472366333,0.26776960492134094,0.24816177785396576,51,0.15196079015731812,0.21078431606292725,0.38909316062927246,0.3897058963775635,51,0.14705882966518402,0.19669118523597717,0.2665441334247589,2.824826717376709,0.49331557750701904,0.10521919280290604,0.3563329577445984,9.013798262458295e-05,0.16984863579273224
70,0.6567037552595139,0.0174560546875,0.0033203125658474164,0.5272913770750165,0.6567037552595139,0.36981201171875,0.03768315922934562,0.14300726517103612,0.04956464271526784,0.8337741196155548,-0.026743840076960623,40.10390639305115,5.226031512022018,-0.6100160479545593,0.5170736368745565,0.39530265517532825,0.6334992032498121,0.24954539071768522,0.2753289258107543,0.5505342110991478,0.6253830175846815,0.48080851044505835,0.6677960008382797,0.4134910171851516,0.8337741196155548,0.11516034021042287,0.688515942543745,0.9998291041702032,0.154052734375,0.219970703125,0.36279296875,0.26318359375,0.21814905107021332,52,0.16346155107021332,0.35336539149284363,0.2650240361690521,0.22671569883823395,51,0.16299019753932953,0.3645833432674408,0.24571079015731812,0.22242647409439087,51,0.14889706671237946,0.35110294818878174,0.27757352590560913,0.24938726425170898,51,0.16544118523597717,0.22610294818878174,0.3590686321258545,0.3860294222831726,51,0.12928922474384308,0.20649510622024536,0.27818629145622253,2.8353519439697266,0.4968833923339844,0.10382333397865295,0.3529043197631836,-0.00024689617566764355,0.17702637612819672
71,0.6643720045685768,0.0167236328125,0.003100586020082119,0.5031818514689803,0.6643720045685768,0.36907958984375,0.03739505336852744,0.1347258654423058,0.050397122162394226,0.8347959201782942,-0.0264219123928342,38.708977937698364,5.236271291971207,-0.6104405522346497,0.5440181735903025,0.4046571934595704,0.6297888476401567,0.24760355101898313,0.27671670354902744,0.5604852046817541,0.6323352660983801,0.47882512491196394,0.6777037344872952,0.42081094067543745,0.8347959201782942,0.12230502511374652,0.6901501640677452,0.9997558631002903,0.160888671875,0.2076416015625,0.3717041015625,0.259765625,0.2163461595773697,52,0.18149039149284363,0.3461538553237915,0.25600963830947876,0.21017158031463623,51,0.16973039507865906,0.35171568393707275,0.26838237047195435,0.20159314572811127,51,0.15870098769664764,0.38296571373939514,0.2567402124404907,0.26286765933036804,51,0.1623774617910385,0.21568627655506134,0.3590686321258545,0.41911765933036804,51,0.13174019753932953,0.19424019753932953,0.2549019753932953,2.857048988342285,0.49686142802238464,0.10374432802200317,0.35355937480926514,0.002642083913087845,0.17578125
72,0.6638601329177618,0.0174560546875,0.0033935547889996087,0.5147903244942427,0.6638601329177618,0.36370849609375,0.033863088057842106,0.1382022623438388,0.047904603532515466,0.8298857808113098,-0.0235797293134965,47.82364368438721,5.23537477850914,-0.6100812554359436,0.5356589248403907,0.4006493026390672,0.6421319749206305,0.2590331668034196,0.2768643540330231,0.5557479988783598,0.6346969995647669,0.47931647673249245,0.6722353398799896,0.4204679634422064,0.8298857808113098,0.11417596600949764,0.6871914658695459,0.9999023452401161,0.155029296875,0.226318359375,0.35400390625,0.2646484375,0.23557692766189575,52,0.16526442766189575,0.33473560214042664,0.26442307233810425,0.24203431606292725,51,0.16421569883823395,0.34252452850341797,0.2512255012989044,0.2346813827753067,51,0.1672794222831726,0.34681373834609985,0.2512255012989044,0.2714460790157318,51,0.1464460790157318,0.21568627655506134,0.36642158031463623,0.3799019753932953,51,0.13174019753932953,0.2034313827753067,0.28492647409439087,2.854865550994873,0.4990917444229126,0.10433737933635712,0.35375046730041504,0.00037425715709105134,0.17438964545726776
73,0.6598374135792255,0.015869140625,0.003002929757712991,0.5270979627966881,0.6598374135792255,0.36444091796875,0.03715376154286787,0.14232610096223652,0.056141016189940274,0.8320704679936171,-0.02625347490538843,42.302112102508545,5.231850624084473,-0.6101265549659729,0.5231051128357649,0.39814929850399494,0.6398479212075472,0.25295697385445237,0.2714224588125944,0.5539516378194094,0.6204901989549398,0.4835821008309722,0.6674747094511986,0.41518016532063484,0.8320704679936171,0.12190685048699379,0.6833807528018951,0.9998291041702032,0.14990234375,0.232421875,0.36279296875,0.2548828125,0.23858174681663513,52,0.13762019574642181,0.38701924681663513,0.2367788553237915,0.24571079015731812,51,0.1672794222831726,0.3376225531101227,0.24938726425170898,0.22549019753932953,51,0.16544118523597717,0.3449755012989044,0.26409316062927246,0.2647058963775635,51,0.1513480395078659,0.22181373834609985,0.36213237047195435,0.3817402124404907,51,0.12806372344493866,0.23039215803146362,0.2598039209842682,2.8322434425354004,0.49652254581451416,0.10400348901748657,0.35531020164489746,0.0010128648718819022,0.17563477158546448
74,0.6582901999354362,0.0177001953125,0.0033447266287112143,0.5239593647420406,0.6582901999354362,0.3634033203125,0.03670149634126574,0.13446656614542007,0.04897303821053356,0.827090684324503,-0.025837549328571185,43.76003074645996,5.231524795293808,-0.6098899841308594,0.5224133767187595,0.39600053802132607,0.6407890636473894,0.253795406781137,0.27380523551255465,0.5527675729244947,0.625980831682682,0.48281088285148144,0.6730766408145428,0.4180824812501669,0.827090684324503,0.11636741505935788,0.6829334385693073,0.9998046904802322,0.1553955078125,0.23779296875,0.34521484375,0.2615966796875,0.2445913553237915,52,0.17307692766189575,0.3365384638309479,0.24579328298568726,0.24816177785396576,51,0.15563726425170898,0.33639708161354065,0.2598039209842682,0.25367647409439087,51,0.1666666716337204,0.3278186321258545,0.25183823704719543,0.2647058963775635,51,0.14767158031463623,0.21752451360225677,0.3700980544090271,0.3553921580314636,51,0.13357843458652496,0.2248774617910385,0.2861519753932953,2.853640556335449,0.4962531328201294,0.10443247854709625,0.35487091541290283,0.0033335955813527107,0.17790527641773224
75,0.6552802883088589,0.0166015625,0.0032226563125732355,0.5419706664979458,0.6552802883088589,0.36358642578125,0.036970824643503875,0.14570959378033876,0.053599589853547513,0.8306609056890011,-0.026133886363822967,40.931126832962036,5.228058844804764,-0.6096855998039246,0.5123070469126105,0.39280060213059187,0.6349636800587177,0.2549931420944631,0.272011321503669,0.5466875731945038,0.6232391744852066,0.4743592096492648,0.669458270072937,0.4152269456535578,0.8306609056890011,0.12149671465158463,0.684324350208044,0.9999023452401161,0.1492919921875,0.2388916015625,0.35888671875,0.2529296875,0.2524038553237915,52,0.14663462340831757,0.35516828298568726,0.24579328298568726,0.24142158031463623,51,0.15379902720451355,0.36213237047195435,0.24264706671237946,0.24203431606292725,51,0.16482843458652496,0.3388480544090271,0.2542892098426819,0.2591911852359772,51,0.1458333432674408,0.22610294818878174,0.3688725531101227,0.3694853186607361,51,0.1354166716337204,0.23223039507865906,0.26286765933036804,2.848184585571289,0.5014164447784424,0.1030646562576294,0.3564383387565613,0.0028402190655469894,0.177001953125
76,0.6524706836789846,0.0169677734375,0.003295898504802608,0.5604081731289625,0.6524706836789846,0.36590576171875,0.03987990086898208,0.14876515045762062,0.05248466972261667,0.8384516797959805,-0.023178747564088553,43.118269205093384,5.226644426584244,-0.6092096567153931,0.49915235862135887,0.3970531616359949,0.6343241333961487,0.25026164250448346,0.27689651073887944,0.5504665039479733,0.6268515847623348,0.47972567565739155,0.6710474509745836,0.41322767455130816,0.8384516797959805,0.1173916612751782,0.6705749090760946,0.9999023452401161,0.1524658203125,0.2353515625,0.3548583984375,0.25732421875,0.23737981915473938,52,0.15985576808452606,0.35817310214042664,0.2445913553237915,0.23039215803146362,51,0.16850490868091583,0.3480392396450043,0.25306373834609985,0.2506127655506134,51,0.15625,0.3327206075191498,0.2604166865348816,0.2506127655506134,51,0.15502451360225677,0.23161765933036804,0.36274510622024536,0.37254902720451355,51,0.12254902720451355,0.22671569883823395,0.27818629145622253,2.870901107788086,0.4965006709098816,0.10539020597934723,0.3563350737094879,0.0002454371424391866,0.18337403237819672
77,0.659489318728447,0.0166015625,0.0031250000774889486,0.5193616049364209,0.659489318728447,0.36553955078125,0.03515834122663364,0.14471809077076614,0.044925338588654995,0.8281432967633009,-0.02439236301870551,42.267775774002075,5.224143445491791,-0.6095870733261108,0.5197091847658157,0.40638470835983753,0.6372105777263641,0.2528103869408369,0.278669822961092,0.5616806596517563,0.6352233774960041,0.4815935641527176,0.6716283075511456,0.4159001363441348,0.8281432967633009,0.11552992765791714,0.6851367130875587,0.9998046904802322,0.1585693359375,0.23974609375,0.3511962890625,0.25048828125,0.24158655107021332,52,0.16766826808452606,0.3545673191547394,0.23617789149284363,0.2604166865348816,51,0.15808823704719543,0.3449755012989044,0.23651961982250214,0.23223039507865906,51,0.17034314572811127,0.3345588445663452,0.26286765933036804,0.24693627655506134,51,0.15012255311012268,0.2450980544090271,0.35784316062927246,0.3639706075191498,51,0.1464460790157318,0.2193627506494522,0.2702206075191498,2.8574275970458984,0.49853047728538513,0.10282230377197266,0.35401588678359985,9.346811566501856e-06,0.17814941704273224
78,0.6581771075725555,0.015625,0.003002929779540864,0.5230048699304461,0.6581771075725555,0.3587646484375,0.03828322299523279,0.14512962428852916,0.05251372209750116,0.8242732807993889,-0.02338455553399399,40.49235010147095,5.224188446998596,-0.6091746091842651,0.5274816192686558,0.4040150847285986,0.6305659972131252,0.25183148263022304,0.27526154555380344,0.5579017624258995,0.6288379281759262,0.4829838713631034,0.6711682341992855,0.4158469382673502,0.8242732807993889,0.11817398178391159,0.6794323958456516,0.9998779315501451,0.15185546875,0.256591796875,0.3436279296875,0.2479248046875,0.2728365361690521,52,0.16286058723926544,0.31911060214042664,0.24519231915473938,0.2659313678741455,51,0.14215686917304993,0.356004923582077,0.23590686917304993,0.25,51,0.17034314572811127,0.34375,0.23590686917304993,0.26409316062927246,51,0.15257354080677032,0.24325981736183167,0.3400735557079315,0.3596813976764679,51,0.1311274617910385,0.2506127655506134,0.25857844948768616,2.8521881103515625,0.5031018853187561,0.10607320070266724,0.35563498735427856,-0.0005753606092184782,0.18315429985523224
79,0.6629900988191366,0.0166015625,0.0032714844255679054,0.5159711129963398,0.6629900988191366,0.359619140625,0.035901038674637675,0.1447551480960101,0.04799173097126186,0.8303262367844582,-0.022714188671670854,43.982829332351685,5.2283768355846405,-0.6087483763694763,0.5331667922437191,0.40723603777587414,0.637362889945507,0.25164665514603257,0.2801843360066414,0.5625857803970575,0.6366110816597939,0.48546572867780924,0.6762503478676081,0.4186954805627465,0.8303262367844582,0.117956951726228,0.6778355129063129,0.9999511726200581,0.152587890625,0.25537109375,0.353515625,0.238525390625,0.25420674681663513,52,0.16526442766189575,0.3431490659713745,0.23737981915473938,0.27450981736183167,51,0.16911765933036804,0.3137255012989044,0.24264706671237946,0.25367647409439087,51,0.1452205926179886,0.3590686321258545,0.24203431606292725,0.23651961982250214,51,0.15196079015731812,0.2450980544090271,0.36642158031463623,0.3854166865348816,51,0.1311274617910385,0.24938726425170898,0.2340686321258545,2.8626456260681152,0.5033116340637207,0.10419028997421265,0.3524678349494934,0.003852398134768009,0.18352051079273224
80,0.662150114774704,0.0186767578125,0.003564453198123374,0.5257751578465104,0.662150114774704,0.36053466796875,0.03831321489997208,0.13612964027561247,0.05304076964966953,0.8320904336869717,-0.023538491048384458,48.591620445251465,5.231076598167419,-0.6086099147796631,0.5264606475830078,0.4062433419749141,0.6423363648355007,0.259544909466058,0.2831148002296686,0.5607451926916838,0.6302463915199041,0.4768190933391452,0.6871532294899225,0.4224057961255312,0.8320904336869717,0.11632199888117611,0.6755827199667692,0.9998291041702032,0.1507568359375,0.2628173828125,0.343505859375,0.242919921875,0.2632211744785309,52,0.15805289149284363,0.3389423191547394,0.2397836595773697,0.280637264251709,51,0.1672794222831726,0.3216911852359772,0.23039215803146362,0.24571079015731812,51,0.14215686917304993,0.3633578419685364,0.24877451360225677,0.24877451360225677,51,0.13848039507865906,0.2757353186607361,0.33700981736183167,0.35661765933036804,51,0.14767158031463623,0.24877451360225677,0.24693627655506134,2.8444552421569824,0.49778106808662415,0.10298648476600647,0.352312833070755,4.7535941121168435e-05,0.17690430581569672
81,0.6616391260176897,0.0146484375,0.0025634766225266503,0.5245648827403784,0.6616391260176897,0.35614013671875,0.03782271849922836,0.1461375094950199,0.04993874882347882,0.8269952703267336,-0.02425796299939975,43.27005934715271,5.22578439116478,-0.6086035370826721,0.5314537044614553,0.39926985278725624,0.6325052306056023,0.2532936856150627,0.27865117136389017,0.553599838167429,0.6288656368851662,0.48705834336578846,0.6780752278864384,0.4159915456548333,0.8269952703267336,0.11406191415153444,0.6726637240499258,0.9996337946504354,0.1553955078125,0.260498046875,0.3447265625,0.2393798828125,0.278245210647583,52,0.15805289149284363,0.34495192766189575,0.2187500149011612,0.26838237047195435,51,0.16973039507865906,0.3272058963775635,0.2346813827753067,0.280637264251709,51,0.1452205926179886,0.33088237047195435,0.24325981736183167,0.24142158031463623,51,0.1623774617910385,0.24571079015731812,0.3504902124404907,0.3700980544090271,51,0.14154411852359772,0.2291666716337204,0.2591911852359772,2.8883466720581055,0.49586689472198486,0.10541126132011414,0.3543400466442108,0.0013228378957137465,0.18510742485523224
82,0.6609756220132113,0.019775390625,0.0037353516581788426,0.5225393762812018,0.6609756220132113,0.35809326171875,0.038062347390223294,0.13707360066473484,0.049705578363500535,0.826874477788806,-0.021937570301815867,53.70806932449341,5.220607042312622,-0.608837902545929,0.5257000997662544,0.404730461537838,0.6409530490636826,0.2614399818703532,0.2796660354360938,0.5606100503355265,0.6239033043384552,0.47563138976693153,0.6836807280778885,0.41925590578466654,0.826874477788806,0.1149496054276824,0.6712296847254038,0.9997802767902613,0.1583251953125,0.266357421875,0.34033203125,0.2349853515625,0.26983174681663513,52,0.1538461595773697,0.34495192766189575,0.23137019574642181,0.2763480544090271,51,0.1825980395078659,0.2984068691730499,0.24264706671237946,0.27267158031463623,51,0.1660539209842682,0.3388480544090271,0.22242647409439087,0.23345589637756348,51,0.15318627655506134,0.2610294222831726,0.35232844948768616,0.36703431606292725,51,0.1360294222831726,0.25183823704719543,0.2450980544090271,2.9069671630859375,0.5063146948814392,0.10333400219678879,0.3527817726135254,0.0014900839887559414,0.18208007514476776
83,0.6591619905084372,0.01416015625,0.002709961001528427,0.5259178942069411,0.6591619905084372,0.35479736328125,0.037981160334311426,0.14358216477558017,0.05283675401005894,0.8239125441759825,-0.02511164511088282,34.58997702598572,5.219579666852951,-0.6077834963798523,0.5244705127552152,0.4047428499907255,0.6311077401041985,0.25648974580690265,0.27791860047727823,0.5584013722836971,0.6347369477152824,0.4916715370491147,0.6800593920052052,0.41832737624645233,0.8239125441759825,0.1192185131367296,0.6723686195909977,0.9998779315501451,0.1561279296875,0.26953125,0.34228515625,0.2320556640625,0.28004810214042664,52,0.17367789149284363,0.32992789149284363,0.2163461595773697,0.2769607901573181,51,0.1721813827753067,0.32046568393707275,0.23039215803146362,0.28860294818878174,51,0.15808823704719543,0.33578431606292725,0.21752451360225677,0.23651961982250214,51,0.15196079015731812,0.2561274468898773,0.3553921580314636,0.3700980544090271,51,0.12438725680112839,0.24571079015731812,0.2598039209842682,2.8756723403930664,0.498197078704834,0.10412098467350006,0.35118621587753296,0.001386165269650519,0.18454590439796448
84,0.658635264262557,0.017822265625,0.0035400391407165444,0.5249488474801183,0.658635264262557,0.356689453125,0.035273180634249,0.13616104400716722,0.050068751676008105,0.8245805855840445,-0.02385711099486798,47.88826012611389,5.2248402535915375,-0.606208324432373,0.5185325406491756,0.40228592697530985,0.6392810791730881,0.2601251914165914,0.28113406570628285,0.557358218356967,0.6304074488580227,0.48576592840254307,0.6788070797920227,0.42038614209741354,0.8245805855840445,0.11671014246530831,0.6694986168295145,0.999975586310029,0.152099609375,0.2789306640625,0.3402099609375,0.228759765625,0.2806490361690521,52,0.14903846383094788,0.3335336744785309,0.2367788553237915,0.28860294818878174,51,0.15992647409439087,0.3296568691730499,0.22181373834609985,0.28860294818878174,51,0.16299019753932953,0.33517158031463623,0.2132353037595749,0.22120098769664764,51,0.16299019753932953,0.2671568691730499,0.3486519753932953,0.3541666865348816,51,0.1256127506494522,0.2696078419685364,0.2506127655506134,2.8739943504333496,0.5019816160202026,0.10270575433969498,0.35075289011001587,0.0020844144746661186,0.18576660752296448
85,0.6630028579384089,0.0169677734375,0.003271484454671736,0.5153469005599618,0.6630028579384089,0.35906982421875,0.03547563817119226,0.13575281645171344,0.045773944118991494,0.8292988277971745,-0.02501834067516029,40.74217867851257,5.230650305747986,-0.6052083373069763,0.5270153349265456,0.41087682731449604,0.6432765740901232,0.26181086944416165,0.28147033508867025,0.5652034655213356,0.6455979235470295,0.4839998157694936,0.6804425735026598,0.42376913130283356,0.8292988277971745,0.11615577293559909,0.6659924890846014,0.9998779315501451,0.158935546875,0.26904296875,0.3411865234375,0.2308349609375,0.27944713830947876,52,0.17668269574642181,0.3203125,0.22355769574642181,0.2714460790157318,51,0.17034314572811127,0.34191176295280457,0.21629902720451355,0.2708333432674408,51,0.15563726425170898,0.3345588445663452,0.2389705926179886,0.22732843458652496,51,0.15502451360225677,0.26838237047195435,0.3492647111415863,0.3602941334247589,51,0.13664215803146362,0.2549019753932953,0.24816177785396576,2.8633570671081543,0.49404990673065186,0.10423347353935242,0.3542368412017822,0.0019726334139704704,0.18435059487819672
86,0.6637456230819225,0.0157470703125,0.00312500007385097,0.5167047707363963,0.6637456230819225,0.35552978515625,0.037959901441354305,0.13611072674393654,0.048086820053867996,0.8273788373917341,-0.026192368648480624,42.33599877357483,5.2368491888046265,-0.6047173738479614,0.5330518083646894,0.40732012782245874,0.6375532913953066,0.2582965097390115,0.2815307751297951,0.5620100162923336,0.6415063422173262,0.48848290741443634,0.6813921201974154,0.42311206832528114,0.8273788373917341,0.1189178281929344,0.6687153149396181,0.999975586310029,0.15576171875,0.2774658203125,0.3416748046875,0.22509765625,0.28305289149284363,52,0.16826923191547394,0.32632213830947876,0.22235578298568726,0.3014706075191498,51,0.16973039507865906,0.3272058963775635,0.20159314572811127,0.28308823704719543,51,0.15625,0.33149510622024536,0.2291666716337204,0.2236519753932953,51,0.15563726425170898,0.2506127655506134,0.3700980544090271,0.3535539209842682,51,0.12867647409439087,0.26899510622024536,0.24877451360225677,2.907350778579712,0.49732068181037903,0.10565902292728424,0.3518022894859314,0.002260299865156412,0.18293456733226776
87,0.6689975019544363,0.0162353515625,0.0030517578998114914,0.5025776429101825,0.6689975019544363,0.3558349609375,0.037184917426202446,0.12896500527858734,0.04952794453129172,0.8282425217330456,-0.02419861505040899,38.87156653404236,5.246084421873093,-0.6033563017845154,0.5496507920324802,0.41750398464500904,0.6355730518698692,0.25126949278637767,0.28223934583365917,0.5736042503267527,0.6486314479261637,0.4901089798659086,0.691261786967516,0.4248539200052619,0.8282425217330456,0.12183423899114132,0.6626582704484463,0.9998046886175871,0.1597900390625,0.263916015625,0.35791015625,0.2183837890625,0.265625,52,0.18149039149284363,0.34795674681663513,0.20492789149284363,0.28125,51,0.17401961982250214,0.34129902720451355,0.2034313827753067,0.2751225531101227,51,0.1617647111415863,0.33639708161354065,0.22671569883823395,0.23039215803146362,51,0.13419118523597717,0.2610294222831726,0.374387264251709,0.3897058963775635,51,0.14705882966518402,0.23651961982250214,0.22671569883823395,2.8769919872283936,0.5026041269302368,0.10477156937122345,0.3520853817462921,0.0036288853734731674,0.18295899033546448
88,0.6664568968117237,0.0164794921875,0.003100585989159299,0.504240314476192,0.6664568968117237,0.356201171875,0.03543376439483836,0.1297743571922183,0.046857580658979714,0.8205648753792048,-0.022190058429259807,50.89999294281006,5.242322623729706,-0.6025111079216003,0.5455214157700539,0.41964507568627596,0.6351800598204136,0.2521315445192158,0.28377082478255033,0.5749257113784552,0.645183615386486,0.48901636991649866,0.6833531856536865,0.42466292902827263,0.8205648753792048,0.11871299264021218,0.6683009918779135,0.9998046904802322,0.1634521484375,0.2655029296875,0.3455810546875,0.2254638671875,0.26442307233810425,52,0.1742788553237915,0.34375,0.21754808723926544,0.293504923582077,51,0.1715686321258545,0.324754923582077,0.21017158031463623,0.2647058963775635,51,0.17585784196853638,0.3382353186607361,0.22120098769664764,0.24877451360225677,51,0.14767158031463623,0.24938726425170898,0.3541666865348816,0.36703431606292725,51,0.14767158031463623,0.2555147111415863,0.2297794222831726,2.8893918991088867,0.4956759214401245,0.10275523364543915,0.35157716274261475,0.002701696939766407,0.18215332925319672
89,0.6620763447135687,0.0167236328125,0.003247070369980065,0.524823852814734,0.6620763447135687,0.35955810546875,0.03657442482654005,0.13479615771211684,0.04760684526991099,0.8123903907835484,-0.024059586110524833,45.4976224899292,5.237389862537384,-0.6007880568504333,0.5277893599122763,0.40831632912158966,0.6438156887888908,0.25715579418465495,0.28076990228146315,0.5635051317512989,0.6437995545566082,0.4765336997807026,0.6781474258750677,0.41894672252237797,0.8123903907835484,0.11485869134776294,0.6715611945837736,0.9999023452401161,0.1715087890625,0.272705078125,0.338134765625,0.2176513671875,0.27524039149284363,52,0.19651442766189575,0.3227163553237915,0.2055288553237915,0.28370100259780884,51,0.17524510622024536,0.33149510622024536,0.20955882966518402,0.27450981736183167,51,0.17401961982250214,0.3376225531101227,0.2138480395078659,0.21629902720451355,51,0.16482843458652496,0.27450981736183167,0.3443627655506134,0.3547794222831726,51,0.1464460790157318,0.2555147111415863,0.24325981736183167,2.87743878364563,0.4941509962081909,0.10285372287034988,0.34732213616371155,0.003339072223752737,0.18483887612819672
90,0.6628250945359468,0.015869140625,0.0030517578725266503,0.5135318068787456,0.6628250945359468,0.35870361328125,0.036889369366690516,0.13038752460852265,0.04889306204859167,0.8081792332231998,-0.026053235516883433,39.74829840660095,5.248260855674744,-0.6003735661506653,0.5281100049614906,0.4159640120342374,0.6517480127513409,0.2564220977947116,0.28448219038546085,0.5715035740286112,0.6465439517050982,0.4763956796377897,0.6854045111685991,0.42237771954387426,0.8081792332231998,0.10848866286687553,0.6702711787074804,0.9998779315501451,0.186279296875,0.2681884765625,0.334716796875,0.2108154296875,0.27704328298568726,52,0.18870192766189575,0.32451924681663513,0.20973558723926544,0.26776960492134094,51,0.20159314572811127,0.3131127655506134,0.21752451360225677,0.27941176295280457,51,0.1936274617910385,0.33639708161354065,0.19056373834609985,0.2236519753932953,51,0.1819853037595749,0.2598039209842682,0.3345588445663452,0.3651960790157318,51,0.16544118523597717,0.2567402124404907,0.21262255311012268,2.915578842163086,0.5040739178657532,0.10266117751598358,0.3517845869064331,0.004845300689339638,0.18476562201976776
91,0.6679659429937601,0.016845703125,0.0032226563271251507,0.5018727639690042,0.6679659429937601,0.35809326171875,0.03513012209441513,0.13834067480638623,0.04383131384383887,0.8113516457378864,-0.026414116728119552,46.52340531349182,5.245074361562729,-0.6003824472427368,0.5447376240044832,0.4153647283092141,0.6480060182511806,0.26405493449419737,0.2865125201642513,0.5707301553338766,0.6498308349400759,0.47245413810014725,0.6856056936085224,0.42902220226824284,0.8113516457378864,0.1116000150796026,0.6712256446480751,0.9998535178601742,0.1766357421875,0.2666015625,0.3358154296875,0.220947265625,0.2680288553237915,52,0.1899038553237915,0.3209134638309479,0.2211538553237915,0.28002452850341797,51,0.1875,0.32046568393707275,0.21200981736183167,0.27757352590560913,51,0.18627451360225677,0.34375,0.1924019604921341,0.240196093916893,51,0.16360294818878174,0.2555147111415863,0.34068629145622253,0.3535539209842682,51,0.15563726425170898,0.25183823704719543,0.2389705926179886,2.880467653274536,0.49973464012145996,0.10522324591875076,0.35043495893478394,0.004951423965394497,0.18771973252296448
92,0.6657229866832495,0.014404296875,0.0026855469259317033,0.5144134778529406,0.6657229866832495,0.35687255859375,0.035811763373203576,0.13743031304329634,0.04466392192989588,0.8153535649180412,-0.024339327996131033,40.27292227745056,5.2466519474983215,-0.5991273522377014,0.5350658837705851,0.40970837883651257,0.6465603336691856,0.2661796580068767,0.2883737338706851,0.5646408218890429,0.6515939179807901,0.4860649388283491,0.6835556924343109,0.4242137260735035,0.8153535649180412,0.10986693203449249,0.6701025888323784,0.9998046886175871,0.1744384765625,0.266845703125,0.3409423828125,0.2177734375,0.27944713830947876,52,0.17908655107021332,0.3305288553237915,0.2109375149011612,0.2916666865348816,51,0.17034314572811127,0.32536765933036804,0.21262255311012268,0.2653186321258545,51,0.19178922474384308,0.3321078419685364,0.21078431606292725,0.22242647409439087,51,0.17524510622024536,0.25796568393707275,0.3443627655506134,0.37254902720451355,51,0.15563726425170898,0.2395833432674408,0.23223039507865906,2.8667593002319336,0.4950804114341736,0.10304728150367737,0.3522666096687317,0.0012876811670139432,0.18618164956569672
93,0.6586570199579,0.0174560546875,0.003369140682480065,0.5344969341531396,0.6586570199579,0.361083984375,0.03867260424885899,0.1399125950410962,0.05072394956368953,0.8108322005718946,-0.024142271489836276,47.69672513008118,5.24962854385376,-0.5987702012062073,0.5172380665317178,0.40570353623479605,0.638344207778573,0.25660513900220394,0.28557982854545116,0.5596990492194891,0.6463059019297361,0.46444212831556797,0.6797545216977596,0.4233875498175621,0.8108322005718946,0.11081101628951728,0.6741917356848717,0.9998779315501451,0.1904296875,0.25390625,0.347412109375,0.208251953125,0.254807710647583,52,0.2109375149011612,0.332932710647583,0.20132212340831757,0.26899510622024536,51,0.19424019753932953,0.33639708161354065,0.20036765933036804,0.2671568691730499,51,0.20649510622024536,0.33700981736183167,0.18933823704719543,0.21997550129890442,51,0.18627451360225677,0.24142158031463623,0.35232844948768616,0.37867647409439087,51,0.15379902720451355,0.23713235557079315,0.23039215803146362,2.8418526649475098,0.49464720487594604,0.10299104452133179,0.35363155603408813,0.0002593843964859843,0.18181152641773224
94,0.6596614550799131,0.01611328125,0.0030761719535803422,0.5333905909210443,0.6596614550799131,0.3604736328125,0.0393343698233366,0.13838699366897345,0.049493201076984406,0.8106451202183962,-0.026258028839947656,42.70782423019409,5.251340985298157,-0.5976734757423401,0.5217534052208066,0.41460771579295397,0.6385007705539465,0.25863757682964206,0.2789341523312032,0.5690697282552719,0.643901901319623,0.4624702222645283,0.6780671570450068,0.42081768345087767,0.8106451202183962,0.11327051813714206,0.6690320707857609,0.9998535178601742,0.1922607421875,0.2525634765625,0.33935546875,0.2158203125,0.2740384638309479,52,0.21274039149284363,0.31430289149284363,0.19891828298568726,0.2647058963775635,51,0.1979166716337204,0.3492647111415863,0.1881127506494522,0.25,51,0.1985294222831726,0.324754923582077,0.22671569883823395,0.2340686321258545,51,0.18382354080677032,0.24571079015731812,0.33639708161354065,0.37254902720451355,51,0.16789215803146362,0.22794118523597717,0.23161765933036804,2.915297031402588,0.49799996614456177,0.10302934795618057,0.350344717502594,0.0022645266726613045,0.18771973252296448
95,0.6633248180150986,0.0179443359375,0.0033203125876752893,0.5222594840452075,0.6633248180150986,0.3580322265625,0.03858234378276393,0.13766560447402298,0.04759512282907963,0.8089979775249958,-0.02646164916222915,46.36730718612671,5.252843260765076,-0.5968322157859802,0.5326688028872013,0.4104707548394799,0.639033580198884,0.2590084867551923,0.2832081699743867,0.5655660927295685,0.6407424807548523,0.4712452134117484,0.6821821574121714,0.4221833571791649,0.8089979775249958,0.11330699734389782,0.6690553147345781,0.9997314494103193,0.1898193359375,0.2620849609375,0.32861328125,0.219482421875,0.2788461744785309,52,0.20372596383094788,0.31670674681663513,0.2007211595773697,0.2916666865348816,51,0.20220589637756348,0.2971813976764679,0.2089460790157318,0.2604166865348816,51,0.1930147111415863,0.3223039209842682,0.2242647111415863,0.22303922474384308,51,0.18504902720451355,0.2506127655506134,0.34129902720451355,0.3658088445663452,51,0.16482843458652496,0.22855393588542938,0.24080882966518402,2.855314254760742,0.49586647748947144,0.10339835286140442,0.35057634115219116,0.0038110045716166496,0.18459473550319672
96,0.6540828216820955,0.015625,0.003027343811481842,0.5482863448560238,0.6540828216820955,0.35748291015625,0.038638995378278196,0.1428946244996041,0.05616943642962724,0.8083067368716002,-0.024436800100374967,44.45567297935486,5.256250560283661,-0.596432626247406,0.512112439610064,0.39762267377227545,0.635811310261488,0.2593936687335372,0.2789390394464135,0.5508786626160145,0.6321890335530043,0.4693756643682718,0.6741396747529507,0.4175233654677868,0.8083067368716002,0.10959960496984422,0.6663698330521584,0.9999023452401161,0.189697265625,0.2618408203125,0.32958984375,0.2188720703125,0.2686298191547394,52,0.2085336595773697,0.31069713830947876,0.21213942766189575,0.28308823704719543,51,0.19669118523597717,0.3321078419685364,0.1881127506494522,0.28125,51,0.20159314572811127,0.30882352590560913,0.2083333432674408,0.24080882966518402,51,0.18382354080677032,0.23039215803146362,0.3449755012989044,0.35171568393707275,51,0.15747550129890442,0.24571079015731812,0.2450980544090271,2.8902273178100586,0.4960955083370209,0.10353539884090424,0.35151880979537964,0.002345502842217684,0.18879394233226776
97,0.6574578899890184,0.017333984375,0.00336914069885097,0.5275890361517668,0.6574578899890184,0.367431640625,0.036872533441055566,0.13739515119232237,0.048840484814718366,0.8119327705353498,-0.024266851498396136,43.234041929244995,5.266972035169601,-0.5950062870979309,0.5173177467659116,0.40749898087233305,0.6416658256202936,0.2548031257465482,0.27958869840949774,0.5632169861346483,0.6393207032233477,0.46181059069931507,0.6720948182046413,0.41792043298482895,0.8119327705353498,0.10750966495834291,0.6656334139406681,0.9999023452401161,0.1942138671875,0.2481689453125,0.339111328125,0.218505859375,0.24939905107021332,52,0.20612981915473938,0.33233174681663513,0.21213942766189575,0.24571079015731812,51,0.22610294818878174,0.3186274766921997,0.20955882966518402,0.2542892098426819,51,0.19669118523597717,0.3449755012989044,0.20404411852359772,0.22671569883823395,51,0.17095588147640228,0.25245100259780884,0.3498774766921997,0.3498774766921997,51,0.17095588147640228,0.2389705926179886,0.240196093916893,2.943868398666382,0.5026776790618896,0.10246715694665909,0.34880805015563965,0.005048389546573162,0.1883544921875
98,0.6593104880303144,0.0166015625,0.003149414151266683,0.5307181403040886,0.6593104880303144,0.36077880859375,0.03997081227134913,0.1435440443456173,0.048968837363645434,0.8141766395419836,-0.023756498500006273,45.538949966430664,5.268668085336685,-0.5932796597480774,0.5250439904630184,0.4138401411473751,0.6312591899186373,0.2554006790742278,0.28018719982355833,0.5658334866166115,0.6446237545460463,0.4620353365316987,0.6761189810931683,0.41866900585591793,0.8141766395419836,0.10989363584667444,0.6641774643212557,0.9998291041702032,0.1864013671875,0.25244140625,0.328125,0.2330322265625,0.26201924681663513,52,0.19591346383094788,0.3125,0.22956731915473938,0.27267158031463623,51,0.2028186321258545,0.31495100259780884,0.20955882966518402,0.26409316062927246,51,0.18321079015731812,0.324754923582077,0.22794118523597717,0.24203431606292725,51,0.17830882966518402,0.24264706671237946,0.33700981736183167,0.35171568393707275,51,0.1715686321258545,0.22058823704719543,0.2561274468898773,2.862276077270508,0.5013942718505859,0.10191942751407623,0.34924566745758057,0.0056480481289327145,0.18833008408546448
99,0.6609815992414951,0.0167236328125,0.003125000057480065,0.528294644318521,0.6609815992414951,0.357177734375,0.0388267757371068,0.13844240666367114,0.047951777232810855,0.801173185929656,-0.02756719256285578,40.6255669593811,5.271052837371826,-0.5922048687934875,0.5281662037596107,0.4150082031264901,0.6362399701029062,0.2601417335681617,0.28289110492914915,0.5676645133644342,0.6400877889245749,0.4678588779643178,0.6826627943664789,0.42237346060574055,0.801173185929656,0.106713229091838,0.6693443730473518,0.9997802767902613,0.193359375,0.2587890625,0.3128662109375,0.2349853515625,0.2662259638309479,52,0.21213942766189575,0.3022836744785309,0.21935096383094788,0.2818627655506134,51,0.21446079015731812,0.29963237047195435,0.20404411852359772,0.28125,51,0.18933823704719543,0.2928921580314636,0.23651961982250214,0.25796568393707275,51,0.17892158031463623,0.2346813827753067,0.3284313976764679,0.34129902720451355,51,0.1715686321258545,0.2297794222831726,0.25735294818878174,2.8599350452423096,0.4968770742416382,0.10091009736061096,0.3479970097541809,0.0012428112095221877,0.19140625
